noseX,noseY,left_eyeX,left_eyeY,right_eyeX,right_eyeY,left_earX,left_earY,right_earX,right_earY,left_shoulderX,left_shoulderY,right_shoulderX,right_shoulderY,left_elbowX,left_elbowY,right_elbowX,right_elbowY,left_wristX,left_wristY,right_wristX,right_wristY,left_hipX,left_hipY,right_hipX,right_hipY,left_kneeX,left_kneeY,right_kneeX,right_kneeY,left_ankleX,left_ankleY,right_ankleX,right_ankleY,neckX,neckY
0.4715368747711181,0.2688113749027252,0.4908887445926666,0.2420116811990738,0.4488677382469177,0.2448403984308242,0.5220027565956116,0.2635058462619781,0.4195487201213836,0.2714028656482696,0.5704266428947449,0.4337896704673767,0.3722307384014129,0.4364030361175537,0.6604604721069336,0.6084295511245728,0.2874844968318939,0.6200494766235352,0.6966449618339539,0.5302396416664124,0.2756434381008148,0.5168809294700623,0.5371894240379333,0.8127993941307068,0.4081460833549499,0.8273621201515198,0.0,0.0,0.0,0.0,0.0,0.0,0.0,0.0,0.472538560628891,0.4334317743778229
0.4789292812347412,0.256353884935379,0.5000947117805481,0.2316284477710724,0.4568226337432861,0.2342002689838409,0.5302688479423523,0.2660197019577026,0.427730530500412,0.2723314166069031,0.5727745294570923,0.4353673458099365,0.378266304731369,0.4349164962768554,0.6609404683113098,0.5684753060340881,0.2981820702552795,0.5946861505508423,0.7205404043197632,0.538796067237854,0.2616672217845917,0.5328211188316345,0.5371137857437134,0.8151814341545105,0.4070319533348083,0.8184534907341003,0.0,0.0,0.0,0.0,0.0,0.0,0.0,0.0,0.4747268259525299,0.4337845146656036
0.4715383648872375,0.2523849606513977,0.4919851720333099,0.2286055982112884,0.4498874843120575,0.231989711523056,0.5242006778717041,0.2629901766777038,0.4228879809379577,0.2699614465236664,0.568906307220459,0.4353362917900085,0.3714300096035003,0.4383626282215118,0.6575862765312195,0.5826469659805298,0.2862185835838318,0.6113788485527039,0.7076500058174133,0.5350914001464844,0.2604901492595672,0.5233079195022583,0.5362452268600464,0.8175252676010132,0.404744803905487,0.8286238312721252,0.0,0.0,0.0,0.0,0.0,0.0,0.0,0.0,0.4702391326427459,0.4356488585472107
0.4656421244144439,0.2512103021144867,0.4859688282012939,0.2250587940216064,0.4433721601963043,0.2309413999319076,0.5197363495826721,0.2535082697868347,0.4168832004070282,0.2671850323677063,0.5717715620994568,0.4320757091045379,0.3707565367221832,0.4352752268314361,0.6583870649337769,0.6066282391548157,0.2806149125099182,0.6149573922157288,0.6783609390258789,0.5149699449539185,0.2677852213382721,0.5028475522994995,0.5356480479240417,0.8139122128486633,0.4059261381626129,0.8167723417282104,0.0,0.0,0.0,0.0,0.0,0.0,0.0,0.0,0.4715133607387543,0.4319235980510711
0.4661474823951721,0.2518940567970276,0.4864090979099273,0.2251421362161636,0.4435949623584747,0.2310002744197845,0.520778238773346,0.2552100121974945,0.4166438281536102,0.2661580145359039,0.5719537138938904,0.4317486584186554,0.3698794841766357,0.4342967867851257,0.6551955938339233,0.6213425397872925,0.2832569181919098,0.6267181634902954,0.6617397665977478,0.5184393525123596,0.2833134233951568,0.4906804859638214,0.534809947013855,0.8269548416137695,0.403880625963211,0.8302044868469238,0.0,0.0,0.0,0.0,0.0,0.0,0.0,0.0,0.4700426757335663,0.4315942823886871
0.4664437770843506,0.2503510415554046,0.4865725338459015,0.2234692424535751,0.4448772370815277,0.2294923514127731,0.5226110816001892,0.2523716986179352,0.4201615750789642,0.2650624513626098,0.5770882964134216,0.4262201189994812,0.3774349391460418,0.4358224272727966,0.6340276598930359,0.6546401977539062,0.2991113662719726,0.6493508219718933,0.6303930282592773,0.5544435977935791,0.3009274005889892,0.490593671798706,0.5421677231788635,0.843600332736969,0.4080281853675842,0.8490486145019531,0.0,0.0,0.0,0.0,0.0,0.0,0.0,0.0,0.4760774970054626,0.4304024577140808
0.4714450240135193,0.2448924928903579,0.4914421141147613,0.2213224470615387,0.4509350657463074,0.2244483679533004,0.5234734416007996,0.254671186208725,0.4240119457244873,0.2611950933933258,0.5770418047904968,0.4281955659389496,0.3727202117443084,0.4360394775867462,0.6323289275169373,0.6564659476280212,0.3075292408466339,0.6669737100601196,0.6238001585006714,0.5516323447227478,0.3171340525150299,0.5109316110610962,0.5429508090019226,0.8438009023666382,0.4108796119689941,0.8478987812995911,0.0,0.0,0.0,0.0,0.0,0.0,0.0,0.0,0.475401371717453,0.4306118488311767
0.4701871871948242,0.2416154146194458,0.4915756583213806,0.2197469025850296,0.4499939978122711,0.2216060906648636,0.5223602652549744,0.2543184459209442,0.4220499992370605,0.2581309378147125,0.5722890496253967,0.431509405374527,0.3721391558647156,0.4321726262569427,0.6558303236961365,0.6216220855712891,0.2904434204101562,0.6302476525306702,0.6768826246261597,0.5320597887039185,0.2905767560005188,0.4964997172355652,0.5383668541908264,0.8159424066543579,0.409644603729248,0.830670177936554,0.0,0.0,0.0,0.0,0.0,0.0,0.0,0.0,0.4728593230247497,0.4305846691131592
0.462404191493988,0.2356218546628952,0.4858175814151764,0.2124771028757095,0.4414071440696716,0.2153433412313461,0.5197077393531799,0.2468941658735275,0.4164321422576904,0.2528134286403656,0.5681785345077515,0.4304494857788086,0.3653841316699981,0.4335506856441498,0.6534537672996521,0.589347243309021,0.2877624332904815,0.6115291714668274,0.694669783115387,0.5606880784034729,0.2556349635124206,0.5428110957145691,0.5322604179382324,0.8279786109924316,0.4018288254737854,0.8291937112808228,0.0,0.0,0.0,0.0,0.0,0.0,0.0,0.0,0.4685598015785217,0.4306488037109375
0.457188218832016,0.2315286248922348,0.4787066876888275,0.2061099112033844,0.4349618554115295,0.2097697108983993,0.5133864879608154,0.2369739115238189,0.4097761213779449,0.247079849243164,0.5609946846961975,0.4242444634437561,0.3571632802486419,0.4323656857013702,0.6526598930358887,0.5751981735229492,0.2880888879299164,0.5986032485961914,0.7006838917732239,0.5780795812606812,0.2452050298452377,0.5752308964729309,0.5282264947891235,0.8340549468994141,0.3976253867149353,0.8327897787094116,0.0,0.0,0.0,0.0,0.0,0.0,0.0,0.0,0.4611473977565765,0.4264651238918304
0.4574163258075714,0.2305868566036224,0.4790167510509491,0.206211656332016,0.4350869357585907,0.2104983329772949,0.5139313340187073,0.2378007620573043,0.4100508987903595,0.2501418888568878,0.5631395578384399,0.4285962283611297,0.3559794425964355,0.4363829791545868,0.637387216091156,0.6013156771659851,0.2859708964824676,0.6341427564620972,0.6733571290969849,0.5778359174728394,0.2606036961078644,0.5610976219177246,0.5314165949821472,0.8159881234169006,0.4018791317939758,0.828665554523468,0.0,0.0,0.0,0.0,0.0,0.0,0.0,0.0,0.461368590593338,0.4307755529880523
0.4610614776611328,0.2361608892679214,0.4831259846687317,0.2120518535375595,0.4395063817501068,0.2162756770849228,0.5157079100608826,0.2440448105335235,0.4129885137081146,0.2542488873004913,0.5680857300758362,0.4302816987037658,0.3642002642154693,0.4359450340270996,0.6383742094039917,0.6302809119224548,0.2887684404850006,0.6410563588142395,0.6633681654930115,0.5610643029212952,0.2818134725093841,0.5284985899925232,0.5343881845474243,0.8164077401161194,0.4067204594612121,0.828912079334259,0.0,0.0,0.0,0.0,0.0,0.0,0.0,0.0,0.4677841067314148,0.4316900074481964
0.467555820941925,0.2375677973031997,0.4884893894195556,0.2143272012472152,0.4455474019050598,0.2179421633481979,0.5195815563201904,0.2478713244199752,0.4172760844230652,0.2568380534648895,0.5739368200302124,0.4309439659118652,0.3697137534618377,0.4333441257476806,0.643983006477356,0.6448259353637695,0.2918820977210998,0.6445153951644897,0.6580751538276672,0.5579618215560913,0.2907981276512146,0.5061063170433044,0.5367162227630615,0.8273911476135254,0.4096002876758575,0.831909716129303,0.0,0.0,0.0,0.0,0.0,0.0,0.0,0.0,0.4737689793109894,0.4307031333446502
0.4718644320964813,0.2408022582530975,0.4924667775630951,0.2183268815279007,0.4516046345233917,0.2204375118017196,0.5234416127204895,0.2518423497676849,0.4228617250919342,0.2572973668575287,0.574626624584198,0.4307774603366852,0.3731417953968048,0.4346639513969421,0.6458428502082825,0.6444664001464844,0.2949089705944061,0.6452673077583313,0.6615048050880432,0.5518501996994019,0.2929863929748535,0.5062335729598999,0.5389425158500671,0.8323870301246643,0.4118618071079254,0.8351477384567261,0.0,0.0,0.0,0.0,0.0,0.0,0.0,0.0,0.4750893712043762,0.4317096173763275
0.4781247973442077,0.2442501783370971,0.4976902902126312,0.2219967693090438,0.4579938054084778,0.2218372821807861,0.5256811380386353,0.2571806907653808,0.4260873794555664,0.2589112222194671,0.5783252716064453,0.4323969483375549,0.3776322305202484,0.4369207918643951,0.6356836557388306,0.6519814729690552,0.3129307925701141,0.6626078486442566,0.6371930837631226,0.552986204624176,0.3141989111900329,0.5265350937843323,0.5432621836662292,0.8422067761421204,0.4132204353809356,0.8359802961349487,0.0,0.0,0.0,0.0,0.0,0.0,0.0,0.0,0.4778135418891907,0.4332828223705292
0.4785067737102508,0.2457207888364792,0.4979445934295654,0.2239423990249633,0.4577704966068268,0.2237262278795242,0.5266036987304688,0.260258138179779,0.4271304607391357,0.2617110908031463,0.5792668461799622,0.4317205846309662,0.3794910907745361,0.4384320080280304,0.6364631056785583,0.6492409706115723,0.3124675154685974,0.6684488654136658,0.6350707411766052,0.5460778474807739,0.324124813079834,0.542110025882721,0.5422807931900024,0.8307814002037048,0.4123078286647796,0.8320860266685486,0.0,0.0,0.0,0.0,0.0,0.0,0.0,0.0,0.4783851206302643,0.4332871735095978
0.4785310924053192,0.2478036731481552,0.4975073337554931,0.225205197930336,0.4578469097614288,0.2246814221143722,0.524494469165802,0.2583580911159515,0.4256412386894226,0.2593980431556701,0.5768750309944153,0.4326036870479584,0.3796777427196502,0.4349358379840851,0.659083366394043,0.6354588866233826,0.2991062998771667,0.65509432554245,0.6634600758552551,0.5379011034965515,0.3189272582530975,0.5213664174079895,0.5419427752494812,0.8145944476127625,0.4144848883152008,0.828242301940918,0.0,0.0,0.0,0.0,0.0,0.0,0.0,0.0,0.477811723947525,0.4316997230052948
0.4771105349063873,0.2441711127758026,0.4972845017910003,0.2216953933238983,0.456620991230011,0.2215106338262558,0.5249796509742737,0.2553041279315948,0.4242973625659942,0.2569725811481476,0.5732669830322266,0.431415319442749,0.3720352947711944,0.4326688945293426,0.6584563851356506,0.590669572353363,0.3072161078453064,0.6045692563056946,0.6896544098854065,0.5612162947654724,0.308858722448349,0.5713838338851929,0.5384752750396729,0.8279761075973511,0.4064457714557647,0.8293943405151367,0.0,0.0,0.0,0.0,0.0,0.0,0.0,0.0,0.4722249209880829,0.4304955601692199
0.4743573367595672,0.244405910372734,0.4949694275856018,0.2211125046014785,0.4533275961875915,0.2216852605342865,0.5240223407745361,0.2543748319149017,0.421690434217453,0.2579680979251861,0.5729829668998718,0.4322924613952636,0.3662644028663635,0.4373400509357452,0.6477324366569519,0.5903640389442444,0.2974693775177002,0.6246350407600403,0.6798655390739441,0.5742125511169434,0.313647598028183,0.5630494356155396,0.5370832085609436,0.8172487020492554,0.4044964015483856,0.8293410539627075,0.0,0.0,0.0,0.0,0.0,0.0,0.0,0.0,0.4690369665622711,0.4333366453647613
0.4734614491462707,0.2446537911891937,0.4938198029994964,0.2214849442243576,0.4522614479064941,0.2228679209947586,0.523017942905426,0.2554033696651459,0.4204745888710022,0.259753406047821,0.5716747641563416,0.4330878257751465,0.3702175617218017,0.4347290098667145,0.644450306892395,0.618401825428009,0.2971726059913635,0.6442198157310486,0.6633439660072327,0.5629934072494507,0.3162547647953033,0.5568681955337524,0.5380521416664124,0.8137891888618469,0.4064810574054718,0.8270558714866638,0.0,0.0,0.0,0.0,0.0,0.0,0.0,0.0,0.4701412618160248,0.4319500029087066
0.4709396660327911,0.2450635582208633,0.4912000000476837,0.2214658260345459,0.4510157108306885,0.2241797000169754,0.5228903889656067,0.2534440457820892,0.4222171008586883,0.2610337436199188,0.5729101896286011,0.4326913058757782,0.3715028762817383,0.4382164776325226,0.6285325884819031,0.6449125409126282,0.3028580546379089,0.6669222116470337,0.6506298780441284,0.5942401885986328,0.3162789344787597,0.572656512260437,0.5383963584899902,0.8153977394104004,0.4081712067127228,0.8274325728416443,0.0,0.0,0.0,0.0,0.0,0.0,0.0,0.0,0.4728562831878662,0.4342362284660339
0.4709671437740326,0.2463123649358749,0.4907011091709137,0.2221719771623611,0.4505174160003662,0.2252451628446579,0.5226423144340515,0.2557552456855774,0.4219526946544647,0.263856440782547,0.5735107064247131,0.4356202781200409,0.3732828795909881,0.4419166147708893,0.6186122298240662,0.6565129160881042,0.307267278432846,0.6710343360900879,0.6353667974472046,0.5859112739562988,0.3156867325305938,0.5746928453445435,0.5385844707489014,0.8166425824165344,0.4086594879627228,0.8289017081260681,0.0,0.0,0.0,0.0,0.0,0.0,0.0,0.0,0.4741207063198089,0.4378922581672668
0.4786502718925476,0.2463528215885162,0.4981202185153961,0.2236505448818206,0.4575202763080597,0.223489910364151,0.5252935886383057,0.2563859820365906,0.4251797795295715,0.2582472562789917,0.5759413838386536,0.434563934803009,0.3797236979007721,0.4395116865634918,0.6115673780441284,0.6640615463256836,0.3180601596832275,0.6759719252586365,0.6182277798652649,0.5805569887161255,0.3314467072486877,0.5604383945465088,0.5419004559516907,0.8189216256141663,0.4119334518909454,0.83278888463974,0.0,0.0,0.0,0.0,0.0,0.0,0.0,0.0,0.4771853983402252,0.435173749923706
0.4856684505939483,0.2553566992282867,0.5028291940689087,0.2311897575855255,0.4635023772716522,0.2304966002702713,0.5258504748344421,0.2625161707401275,0.4304351806640625,0.2643002867698669,0.5762902498245239,0.4326217174530029,0.381248265504837,0.434244841337204,0.6569864153862,0.6319513320922852,0.3018561899662018,0.6502281427383423,0.6658422350883484,0.539573073387146,0.3268295228481293,0.5233150124549866,0.5407063961029053,0.8112314343452454,0.4167177975177765,0.8258259892463684,0.0,0.0,0.0,0.0,0.0,0.0,0.0,0.0,0.4780402779579162,0.4316744208335876
0.4858989417552948,0.2557930052280426,0.5031327605247498,0.2330730855464935,0.4643464088439941,0.2325415909290313,0.5264744758605957,0.2663768827915191,0.4309915900230407,0.2677826285362243,0.5726782083511353,0.4385061264038086,0.3764284551143646,0.4341005682945251,0.6578078866004944,0.5926344990730286,0.3050057291984558,0.6095544099807739,0.6962663531303406,0.5338694453239441,0.3184143900871277,0.5066864490509033,0.5394666194915771,0.8132873773574829,0.4098995625972748,0.8255887031555176,0.0,0.0,0.0,0.0,0.0,0.0,0.0,0.0,0.4746424853801727,0.4347477257251739
0.4798063933849334,0.2507545351982116,0.4990337789058685,0.2289405018091201,0.4585643708705902,0.2269564121961593,0.5238890051841736,0.2662859559059143,0.4239731729030609,0.2617623209953308,0.566977322101593,0.4324356615543365,0.3744940757751465,0.4323623180389404,0.6579133868217468,0.5453962683677673,0.3094747066497803,0.5730332136154175,0.7187176942825317,0.5264833569526672,0.3019384741783142,0.5019707083702087,0.5367056727409363,0.8179616332054138,0.4072231650352478,0.827639102935791,0.0,0.0,0.0,0.0,0.0,0.0,0.0,0.0,0.4709098935127258,0.4315862655639648
0.4783120453357696,0.2520923614501953,0.4962425231933594,0.2298047989606857,0.4567229449748993,0.2305470407009124,0.5231907963752747,0.267633706331253,0.4269001185894012,0.2700903117656708,0.5710858702659607,0.4333973526954651,0.3890738785266876,0.4359959065914154,0.6310625672340393,0.6578717827796936,0.2963563799858093,0.669378936290741,0.6292704343795776,0.5607500672340393,0.3282691538333893,0.5545969009399414,0.537293016910553,0.8131721615791321,0.4114217758178711,0.8261879682540894,0.0,0.0,0.0,0.0,0.0,0.0,0.0,0.0,0.4786741435527801,0.4338464736938476
0.5199068784713745,0.2892195284366607,0.5385237336158752,0.264644056558609,0.4984473884105682,0.2641346454620361,0.5633629560470581,0.2843539416790008,0.4670345783233642,0.2856076061725616,0.6098918318748474,0.450845867395401,0.4126369655132293,0.4465904831886291,0.6965482831001282,0.6293004751205444,0.3217910826206207,0.625363290309906,0.7675175666809082,0.5743808746337891,0.3070105016231537,0.4965181350708008,0.5697981119155884,0.8172906637191772,0.4451797008514404,0.8317127227783203,0.0,0.0,0.0,0.0,0.0,0.0,0.0,0.0,0.5092731714248657,0.4478839933872223
0.5198450088500977,0.2771818935871124,0.5382509827613831,0.2544461786746979,0.4972082674503326,0.2562446594238281,0.5641143321990967,0.2796560227870941,0.4670855700969696,0.2850963771343231,0.6118851900100708,0.4499802887439728,0.4142643511295318,0.4471377730369568,0.702304482460022,0.628512442111969,0.3215153813362121,0.6260924935340881,0.7633587121963501,0.5619592666625977,0.3094770908355713,0.4873999953269958,0.5717299580574036,0.8174211382865906,0.4482771456241607,0.831821084022522,0.0,0.0,0.0,0.0,0.0,0.0,0.0,0.0,0.5115026235580444,0.4480600953102112
0.5090659260749817,0.2608675360679626,0.5306409597396851,0.2381530553102493,0.4873798191547394,0.2410981357097625,0.5623722076416016,0.2731596827507019,0.4598529636859894,0.2806999981403351,0.6022974848747253,0.441937655210495,0.4127514660358429,0.441761165857315,0.6537824273109436,0.6593510508537292,0.3377525210380554,0.6521344780921936,0.6803632974624634,0.5506066083908081,0.3269116580486297,0.5245603322982788,0.5683215856552124,0.831335723400116,0.4386467039585113,0.8367890119552612,0.0,0.0,0.0,0.0,0.0,0.0,0.0,0.0,0.5067042708396912,0.4413293302059173
0.4931327700614929,0.2617492973804474,0.5129154920578003,0.2384812831878662,0.4693231880664825,0.2410163432359695,0.5446149110794067,0.2716480195522308,0.4417179524898529,0.2805112302303314,0.590168297290802,0.4372501075267792,0.3939799666404724,0.448880136013031,0.6721116304397583,0.6377590298652649,0.3233852088451385,0.6595169305801392,0.6836704611778259,0.5003455281257629,0.3145937919616699,0.5260090231895447,0.5601768493652344,0.8346351385116577,0.434140682220459,0.8378758430480957,0.0,0.0,0.0,0.0,0.0,0.0,0.0,0.0,0.4909339249134063,0.441507339477539
0.4833867251873016,0.2658653557300567,0.5031337738037109,0.2433547526597976,0.4610942006111145,0.2439418882131576,0.5306411981582642,0.276295006275177,0.4308202564716339,0.277243822813034,0.5780096650123596,0.442227691411972,0.387318879365921,0.4442391395568847,0.6878302693367004,0.5951830744743347,0.2958681881427765,0.6140847206115723,0.722055971622467,0.502295196056366,0.2888628542423248,0.494068294763565,0.5487584471702576,0.8172699213027954,0.4248401820659637,0.8311504125595093,0.0,0.0,0.0,0.0,0.0,0.0,0.0,0.0,0.4814056754112243,0.441445916891098
0.4844887256622314,0.2664940357208252,0.503644585609436,0.2456047385931015,0.4621203243732452,0.244104728102684,0.5277931094169617,0.2800695598125458,0.4290460646152496,0.2766832113265991,0.5699142217636108,0.4386374354362488,0.3821994662284851,0.4426537156105041,0.6703292727470398,0.5557147860527039,0.3004836738109588,0.5856462121009827,0.7333289980888367,0.523821234703064,0.275494784116745,0.5162608623504639,0.5427291989326477,0.8149236440658569,0.4188606142997741,0.8274556398391724,0.0,0.0,0.0,0.0,0.0,0.0,0.0,0.0,0.4748727679252624,0.4403371214866638
0.4836547672748565,0.265822559595108,0.503246009349823,0.2441142946481704,0.462485522031784,0.2434408962726593,0.5294598937034607,0.2777266800403595,0.4326721131801605,0.2760265171527862,0.5758160352706909,0.4426694810390472,0.3851303458213806,0.4418258965015411,0.6669224500656128,0.6039557456970215,0.2913623452186584,0.6087194085121155,0.7010263800621033,0.5220645666122437,0.2886454164981842,0.4728735983371734,0.5437600612640381,0.8164148926734924,0.4181986451148987,0.8294748067855835,0.0,0.0,0.0,0.0,0.0,0.0,0.0,0.0,0.4796774983406067,0.4414548575878143
0.4865331649780273,0.2701672911643982,0.5059302449226379,0.2461961209774017,0.4640161395072937,0.2509408593177795,0.538267970085144,0.2763436436653137,0.4378561377525329,0.2864956855773926,0.5847179293632507,0.4448510110378265,0.3904403746128082,0.4488641321659088,0.6668511629104614,0.6438246965408325,0.3049877285957336,0.6402373313903809,0.669143795967102,0.513403058052063,0.3075406849384308,0.4819960594177246,0.5534029603004456,0.8347557783126831,0.4265069365501404,0.8479443192481995,0.0,0.0,0.0,0.0,0.0,0.0,0.0,0.0,0.4882590174674988,0.4452077448368072
0.4915987849235534,0.2699697613716125,0.5106897950172424,0.2465365678071975,0.4687920212745666,0.2485510557889938,0.5411680936813354,0.2778924703598022,0.4401646554470062,0.287564605474472,0.5841488838195801,0.4457885324954986,0.3919136226177215,0.4513236880302429,0.6506972312927246,0.6524132490158081,0.3222952783107757,0.6654582619667053,0.6519128680229187,0.5199605226516724,0.3199526369571686,0.4885851740837097,0.5562040209770203,0.834845244884491,0.4313114583492279,0.8385792970657349,0.0,0.0,0.0,0.0,0.0,0.0,0.0,0.0,0.488894522190094,0.4476424753665924
0.4870409965515136,0.2684361636638641,0.506375253200531,0.2449326515197754,0.4644672572612762,0.2483908385038375,0.5386404991149902,0.2764745354652405,0.4378895163536072,0.2853070199489593,0.5832853317260742,0.4428246319293976,0.391986608505249,0.4489434063434601,0.6740745306015015,0.6316863298416138,0.3072028756141662,0.6365871429443359,0.6892951726913452,0.5127925276756287,0.304116815328598,0.4851864278316498,0.5545910596847534,0.8322290778160095,0.4305489361286163,0.83610999584198,0.0,0.0,0.0,0.0,0.0,0.0,0.0,0.0,0.4885530769824981,0.4447972476482391
0.4906664192676544,0.2614086270332336,0.5101000666618347,0.2410987913608551,0.467584878206253,0.2417269200086593,0.5378519892692566,0.2769284844398498,0.4379377961158752,0.2799980342388153,0.5787279009819031,0.4374143481254577,0.3940057456493377,0.4373901784420013,0.6821265816688538,0.5457891225814819,0.3084277808666229,0.5582551956176758,0.7187109589576721,0.4861274659633636,0.2822115123271942,0.4768020510673523,0.5478178858757019,0.8167873620986938,0.421713650226593,0.8271864652633667,0.0,0.0,0.0,0.0,0.0,0.0,0.0,0.0,0.4857794344425201,0.4358696341514587
0.4923511445522308,0.2622915804386139,0.5131829977035522,0.2410472184419632,0.4689879715442657,0.2414072006940841,0.5423561930656433,0.2773484289646148,0.4395228028297424,0.2805421948432922,0.5786571502685547,0.4384002983570099,0.3917741179466247,0.438992440700531,0.6703048348426819,0.544638991355896,0.3157267272472381,0.574584424495697,0.7252796292304993,0.5252240300178528,0.2818920612335205,0.5198931097984314,0.5462412238121033,0.8164907693862915,0.4206661581993103,0.8279600739479065,0.0,0.0,0.0,0.0,0.0,0.0,0.0,0.0,0.4844499230384826,0.436672031879425
0.4920600056648254,0.2617816925048828,0.5127662420272827,0.2403926402330398,0.4694179892539978,0.240532636642456,0.5408781170845032,0.27545827627182,0.4397035241127014,0.2777952849864959,0.5798412561416626,0.4417738914489746,0.391878217458725,0.4391640722751617,0.6675910353660583,0.578040599822998,0.3016064167022705,0.5976179242134094,0.7067198157310486,0.5239134430885315,0.2821488976478576,0.5051802396774292,0.5441966652870178,0.8106668591499329,0.4197840392589569,0.824351966381073,0.0,0.0,0.0,0.0,0.0,0.0,0.0,0.0,0.4844842851161957,0.4382663071155548
0.4804159104824066,0.2684563100337982,0.5005525350570679,0.2435155212879181,0.4588456451892853,0.2464307099580764,0.5311868190765381,0.2728988826274872,0.4332270622253418,0.2794968485832214,0.578903317451477,0.4449373781681061,0.3862174153327942,0.4445386826992035,0.6694244742393494,0.6366882920265198,0.2947323322296142,0.6385714411735535,0.6664926409721375,0.5012139678001404,0.3020813465118408,0.4719658195972442,0.5438810586929321,0.8336924910545349,0.4182967841625213,0.8440539240837097,0.0,0.0,0.0,0.0,0.0,0.0,0.0,0.0,0.4821504652500152,0.4435214102268219
0.4818678796291351,0.2709773480892181,0.5010144114494324,0.2464246600866317,0.4600793719291687,0.2495811134576797,0.5304237604141235,0.2743200659751892,0.4349183738231659,0.2842920124530792,0.5782934427261353,0.4467251002788543,0.3870711326599121,0.4534322619438171,0.6350291967391968,0.656581461429596,0.3234368860721588,0.6691790223121643,0.6411696076393127,0.5362374186515808,0.3168942630290985,0.5059666633605957,0.5485755205154419,0.8346616625785828,0.4220888018608093,0.8442916870117188,0.0,0.0,0.0,0.0,0.0,0.0,0.0,0.0,0.4825408160686493,0.4490908682346344
0.4902119934558868,0.2693503499031067,0.5100851655006409,0.2466457337141037,0.468411386013031,0.2479129135608673,0.5410648584365845,0.2793776094913482,0.4403720796108246,0.2843711674213409,0.5833792686462402,0.4467813074588775,0.3892512917518616,0.4496600031852722,0.6720505356788635,0.6364866495132446,0.3066543042659759,0.6396968960762024,0.6860116720199585,0.508282482624054,0.3074247539043426,0.4856577515602112,0.5502638220787048,0.8333986401557922,0.4244695603847503,0.8450862169265747,0.0,0.0,0.0,0.0,0.0,0.0,0.0,0.0,0.4868808686733246,0.4474211633205414
0.4929277598857879,0.2674373686313629,0.513725996017456,0.2460792809724807,0.4715778529644012,0.2458101063966751,0.54264897108078,0.2810314893722534,0.4422743916511535,0.2808660864830017,0.580723762512207,0.4439106285572052,0.3956047594547272,0.4422951340675354,0.6870342493057251,0.5891642570495605,0.3051216304302215,0.5930594801902771,0.7051790356636047,0.4838107526302337,0.3142182826995849,0.4481290876865387,0.5512834191322327,0.8164227604866028,0.4275314509868622,0.828785240650177,0.0,0.0,0.0,0.0,0.0,0.0,0.0,0.0,0.4874369502067566,0.4423019587993622
0.492203950881958,0.2692232728004455,0.5127187371253967,0.2456677854061126,0.4698463976383209,0.2465387731790542,0.5434213280677795,0.2781397104263305,0.4406626522541046,0.2816991508007049,0.5817900896072388,0.4394419491291046,0.3976963460445404,0.4385549426078796,0.6747151613235474,0.56386798620224,0.3173785805702209,0.5787025094032288,0.6960802674293518,0.4920808374881744,0.3319170773029327,0.4494599401950836,0.5519838929176331,0.8162211775779724,0.4248840808868408,0.8294811844825745,0.0,0.0,0.0,0.0,0.0,0.0,0.0,0.0,0.4894430041313171,0.4373499453067779
0.4933701157569885,0.2656019926071167,0.5129826068878174,0.2431721687316894,0.4695717990398407,0.2442935705184936,0.5435623526573181,0.2762551009654999,0.4393490254878998,0.2822863459587097,0.5813576579093933,0.4348161220550537,0.3917623460292816,0.4333216845989227,0.6610154509544373,0.5564716458320618,0.3304448127746582,0.5535896420478821,0.6918983459472656,0.5244144797325134,0.3376328647136688,0.502565324306488,0.548416018486023,0.8159847855567932,0.4192067682743072,0.8282232880592346,0.0,0.0,0.0,0.0,0.0,0.0,0.0,0.0,0.4875572025775909,0.4316647946834564
0.4921197295188904,0.2652051150798797,0.5120546221733093,0.2423570454120636,0.4694137275218963,0.2432794421911239,0.5432952642440796,0.2739435732364654,0.4407789409160614,0.2782178223133087,0.5810379385948181,0.4361177086830139,0.3882379531860351,0.4355587363243103,0.6579497456550598,0.5582242608070374,0.32365283370018,0.5695821642875671,0.6852491497993469,0.5101436376571655,0.3408007025718689,0.4941198527812958,0.5467477440834045,0.8163456320762634,0.4188190400600433,0.8286172151565552,0.0,0.0,0.0,0.0,0.0,0.0,0.0,0.0,0.4852240681648254,0.4336728453636169
0.4884911477565765,0.2675687968730926,0.5082586407661438,0.2438318878412246,0.4662237465381622,0.2471695840358734,0.5409862399101257,0.2717223465442657,0.4373690187931061,0.2802500128746032,0.5845083594322205,0.4397378861904144,0.3927772641181946,0.4394211173057556,0.6602649092674255,0.5916951298713684,0.3138708770275116,0.6104766130447388,0.6675592660903931,0.4935212731361389,0.3461664319038391,0.4884764850139618,0.5492334961891174,0.8156302571296692,0.4207586944103241,0.829984724521637,0.0,0.0,0.0,0.0,0.0,0.0,0.0,0.0,0.4894766211509704,0.4373771846294403
0.4883086085319519,0.2698744535446167,0.5074847936630249,0.2448967695236206,0.4655768871307373,0.2486387193202972,0.5398868918418884,0.2722556889057159,0.438913881778717,0.283683180809021,0.5881878137588501,0.4404115080833435,0.4011134207248688,0.4420647621154785,0.6668575406074524,0.6311410665512085,0.3108027875423431,0.637765109539032,0.6587815880775452,0.5050337910652161,0.3496160805225372,0.4927562773227691,0.5529966950416565,0.8162192702293396,0.4246826171875,0.829267680644989,0.0,0.0,0.0,0.0,0.0,0.0,0.0,0.0,0.4947264194488525,0.440166026353836
0.4908849596977234,0.269204705953598,0.5102797150611877,0.2455743849277496,0.4683396220207214,0.2476105690002441,0.5412846803665161,0.275427371263504,0.4415381848812103,0.2855018079280853,0.5902325510978699,0.4423113465309143,0.399958848953247,0.4470000267028808,0.6564615368843079,0.6588389277458191,0.3152128159999847,0.6545721292495728,0.6462386250495911,0.5324483513832092,0.3477225005626678,0.4959611296653747,0.5547754168510437,0.829963207244873,0.4305969178676605,0.8338251113891602,0.0,0.0,0.0,0.0,0.0,0.0,0.0,0.0,0.4946745336055755,0.4433446228504181
0.4905303418636322,0.2664792835712433,0.5103784203529358,0.2441872805356979,0.46692755818367,0.2467936724424362,0.541888415813446,0.276084154844284,0.4399042725563049,0.2887078821659088,0.5825844407081604,0.4439435005187988,0.4004185795783996,0.4530016779899597,0.6335634589195251,0.6576494574546814,0.3309620916843414,0.6735379099845886,0.6305528879165649,0.5488354563713074,0.3507871329784393,0.5323418974876404,0.553324818611145,0.8271344304084778,0.4267185032367706,0.8310354351997375,0.0,0.0,0.0,0.0,0.0,0.0,0.0,0.0,0.4922879636287689,0.446415364742279
0.4907380938529968,0.2650399208068847,0.5093945264816284,0.2437009811401367,0.4664056897163391,0.2461828142404556,0.5403271317481995,0.2767573893070221,0.4383184015750885,0.2859458923339844,0.5847864151000977,0.4425937533378601,0.3957685828208923,0.4443109333515167,0.6687248945236206,0.6437609791755676,0.3136437833309173,0.6500118970870972,0.667322039604187,0.5291563272476196,0.3397472202777862,0.4989185035228729,0.55250483751297,0.8276049494743347,0.4247285723686218,0.8321341872215271,0.0,0.0,0.0,0.0,0.0,0.0,0.0,0.0,0.4902697205543518,0.4416041672229767
0.4876425862312317,0.2699599862098694,0.5067816376686096,0.2476153522729873,0.4654784798622131,0.2484834492206573,0.5333378314971924,0.2786391377449035,0.4348940253257751,0.2829276621341705,0.5764040946960449,0.4447402060031891,0.3866477906703949,0.4443176388740539,0.681083619594574,0.582330584526062,0.3146012127399444,0.5908379554748535,0.7247417569160461,0.5336577296257019,0.3117337822914123,0.4894142150878906,0.5453290343284607,0.8139899969100952,0.4205889403820038,0.8265928626060486,0.0,0.0,0.0,0.0,0.0,0.0,0.0,0.0,0.4804933667182922,0.4444108605384826
0.4873563945293426,0.2683140635490417,0.5062410235404968,0.2460514158010482,0.4645278453826904,0.2470884174108505,0.5333471894264221,0.2782632112503052,0.4339589178562164,0.2830856144428253,0.5760802030563354,0.4401459693908691,0.3861801028251648,0.4420902132987976,0.6727384328842163,0.5502464175224304,0.3209781050682068,0.5787176489830017,0.7502908110618591,0.5558047294616699,0.3029742836952209,0.5189223885536194,0.5426173210144043,0.8144344687461853,0.4190295338630676,0.8273786306381226,0.0,0.0,0.0,0.0,0.0,0.0,0.0,0.0,0.4807558059692383,0.440498024225235
0.4887633919715881,0.2662335336208343,0.5079710483551025,0.2435639649629593,0.4656805098056793,0.2459353953599929,0.537734866142273,0.2748863399028778,0.4369795620441437,0.2831075489521026,0.5813217163085938,0.4444561004638672,0.3882611095905304,0.4462215900421142,0.6630667448043823,0.6372362971305847,0.3100782036781311,0.6340160369873047,0.7144957184791565,0.5435056090354919,0.2939330637454986,0.4838305115699768,0.5484161972999573,0.8265277743339539,0.422036737203598,0.8323959708213806,0.0,0.0,0.0,0.0,0.0,0.0,0.0,0.0,0.4844591617584228,0.4441919326782226
0.4945257306098938,0.265794962644577,0.5143004059791565,0.2420195043087005,0.4703546166419983,0.2442368417978286,0.5439887642860413,0.2721332907676697,0.4415344297885895,0.2819573581218719,0.5838914513587952,0.4444989562034607,0.3917213976383209,0.4492949545383453,0.643698513507843,0.6636894345283508,0.3203229010105133,0.6617919206619263,0.670807957649231,0.5418170690536499,0.3115141987800598,0.5201206803321838,0.5526301860809326,0.8342605829238892,0.4225050508975982,0.8450325131416321,0.0,0.0,0.0,0.0,0.0,0.0,0.0,0.0,0.4888114333152771,0.4452088475227356
0.4880229830741882,0.2611059844493866,0.5067667365074158,0.2373697310686111,0.4654091894626617,0.2402304857969284,0.5362906455993652,0.2688640356063843,0.4369752407073974,0.2774190008640289,0.5812152028083801,0.4417769014835357,0.3870514333248138,0.4407544136047363,0.6654266715049744,0.6402168869972229,0.3015776574611664,0.6318020820617676,0.7161221504211426,0.544523298740387,0.2899980545043945,0.4943654537200928,0.5447532534599304,0.8269075751304626,0.4207639098167419,0.8310528993606567,0.0,0.0,0.0,0.0,0.0,0.0,0.0,0.0,0.4830282032489776,0.4393754005432129
0.4793910682201385,0.2526183426380157,0.4987860023975372,0.2287080734968185,0.4583695232868194,0.2299051284790039,0.5265675783157349,0.2634602189064026,0.4277647137641907,0.2663579881191253,0.574661135673523,0.4372005462646484,0.3814684450626373,0.4358440041542053,0.6840839982032776,0.5848316550254822,0.2973047792911529,0.585516095161438,0.7770971655845642,0.5568031072616577,0.2539124190807342,0.5240208506584167,0.5400493741035461,0.8158631324768066,0.4181923568248749,0.8277155756950378,0.0,0.0,0.0,0.0,0.0,0.0,0.0,0.0,0.4759623110294342,0.4357306957244873
0.473867803812027,0.2499885559082031,0.4938894808292389,0.2265695482492447,0.4529754221439361,0.2284295856952667,0.5243160724639893,0.2616382539272308,0.4240534007549286,0.2651835978031158,0.5737308859825134,0.4359962940216064,0.3731147348880768,0.4383126199245453,0.6713277101516724,0.5794817209243774,0.3033641874790191,0.6109519600868225,0.7632343173027039,0.5787853002548218,0.271538108587265,0.5628880262374878,0.5388867259025574,0.8251948952674866,0.411743700504303,0.8312883377075195,0.0,0.0,0.0,0.0,0.0,0.0,0.0,0.0,0.4724829196929931,0.4369118213653564
0.4692608714103699,0.2546210885047912,0.4885933697223663,0.2299313992261886,0.4470665454864502,0.2350333780050277,0.5203448534011841,0.2616709768772125,0.4206579625606537,0.2726012468338012,0.5714561343193054,0.4381526112556457,0.3723306953907013,0.443478912115097,0.6677536964416504,0.6140131950378418,0.298741340637207,0.6351374387741089,0.7443572282791138,0.5643301010131836,0.2715169191360473,0.541167140007019,0.5410855412483215,0.8159911036491394,0.4167794585227966,0.8318930864334106,0.0,0.0,0.0,0.0,0.0,0.0,0.0,0.0,0.4717893600463867,0.4395058155059814
0.4738449454307556,0.267560064792633,0.492466539144516,0.2424572557210922,0.4518011510372162,0.2466317266225814,0.5235490202903748,0.2715747058391571,0.423370748758316,0.2815984189510345,0.5721184015274048,0.4446625113487243,0.3809514939785003,0.4515197575092315,0.6241801977157593,0.6569821238517761,0.3169267177581787,0.6645843386650085,0.668660044670105,0.5592150092124939,0.2925050556659698,0.5282056927680969,0.5478112697601318,0.8428236842155457,0.4187219738960266,0.8493438363075256,0.0,0.0,0.0,0.0,0.0,0.0,0.0,0.0,0.4764652848243713,0.4480909407138824
0.4787656962871551,0.2684713006019592,0.4980921149253845,0.2446233183145523,0.4574550688266754,0.2469524294137954,0.5276396870613098,0.2752618193626404,0.4291963875293731,0.2804184854030609,0.5742462873458862,0.4455739855766296,0.3830809593200683,0.4535130560398102,0.6083964705467224,0.670138418674469,0.3336313664913177,0.6736803650856018,0.6495070457458496,0.5624746680259705,0.3081414103507995,0.5560569763183594,0.5468780398368835,0.829345166683197,0.4179751276969909,0.8350818753242493,0.0,0.0,0.0,0.0,0.0,0.0,0.0,0.0,0.4779901206493377,0.449390560388565
0.4876680076122284,0.2688643336296081,0.5063301920890808,0.2448578625917434,0.4652179777622223,0.2463362216949463,0.5332852602005005,0.2742758691310882,0.435053288936615,0.2817015349864959,0.5770745873451233,0.4481735825538635,0.3853441178798675,0.4492137134075165,0.6314339637756348,0.6600092649459839,0.3184849321842193,0.6632634997367859,0.6795353889465332,0.5475572347640991,0.301125705242157,0.5261058211326599,0.5493457913398743,0.8339338302612305,0.4207299053668976,0.8459964990615845,0.0,0.0,0.0,0.0,0.0,0.0,0.0,0.0,0.4808201193809509,0.448245108127594
0.4921582639217376,0.2561382055282593,0.5106998682022095,0.2328782379627227,0.4694036841392517,0.2343055307865142,0.5365082621574402,0.2649438381195068,0.4374944567680359,0.272510677576065,0.5803002119064331,0.4401933252811432,0.3857376873493194,0.4371838569641113,0.6799935698509216,0.6117432713508606,0.304931640625,0.61297208070755,0.7498072981834412,0.553979754447937,0.280843049287796,0.5222672820091248,0.5465278029441833,0.8141818642616272,0.4234496653079986,0.828408420085907,0.0,0.0,0.0,0.0,0.0,0.0,0.0,0.0,0.4806094467639923,0.4367962479591369
0.4928662180900574,0.2537874281406402,0.5119515061378479,0.227903202176094,0.4690741002559662,0.2303812354803085,0.5398804545402527,0.2584123313426971,0.4382301867008209,0.265499085187912,0.5810882449150085,0.4361721575260162,0.3828231692314148,0.4325962364673614,0.6836299896240234,0.5785788893699646,0.3100256621837616,0.59449303150177,0.7832167744636536,0.6164481043815613,0.275175541639328,0.574126660823822,0.5448044538497925,0.828501284122467,0.4196307957172394,0.832466185092926,0.0,0.0,0.0,0.0,0.0,0.0,0.0,0.0,0.480189710855484,0.4333382546901703
0.4904237389564514,0.2553510367870331,0.5095311403274536,0.2300152629613876,0.467557281255722,0.2327414005994796,0.5377004742622375,0.2596121728420257,0.437138944864273,0.2701292335987091,0.5818172097206116,0.4408161342144012,0.3833227455615997,0.4391855299472809,0.6728984713554382,0.6229656934738159,0.3068609535694122,0.6311632394790649,0.7641896605491638,0.5966781377792358,0.270099401473999,0.5614163279533386,0.5471982955932617,0.8172268271446228,0.4232997000217438,0.8309468030929565,0.0,0.0,0.0,0.0,0.0,0.0,0.0,0.0,0.4805271029472351,0.4387633204460144
0.4907929599285126,0.259546160697937,0.5093289613723755,0.2367984801530838,0.4680308699607849,0.2388123273849487,0.536810040473938,0.2673158049583435,0.4391321837902069,0.277923971414566,0.5795417428016663,0.4418176114559173,0.3879051208496094,0.4478850662708282,0.6493878364562988,0.6552287936210632,0.307677686214447,0.6497974991798401,0.7221390008926392,0.5870770215988159,0.2745063900947571,0.5457831025123596,0.5506466627120972,0.8302890658378601,0.4247622191905975,0.8436201810836792,0.0,0.0,0.0,0.0,0.0,0.0,0.0,0.0,0.4827669560909271,0.4437483251094818
0.4935229420661926,0.2648358643054962,0.5127236843109131,0.2414414584636688,0.4690613150596618,0.2434422224760055,0.5418373942375183,0.2721200883388519,0.4396516680717468,0.282691091299057,0.5795965194702148,0.4438866078853607,0.3902322649955749,0.4502767026424408,0.6369355320930481,0.6566913723945618,0.3208630383014679,0.6581717729568481,0.6961552500724792,0.576253354549408,0.2849270701408386,0.5372224450111389,0.5563929677009583,0.8315266966819763,0.4322310090065002,0.8368762731552124,0.0,0.0,0.0,0.0,0.0,0.0,0.0,0.0,0.4847199618816376,0.4460959732532501
0.4970650672912597,0.2659630179405212,0.5167216062545776,0.2426379919052124,0.472427636384964,0.2446258962154388,0.5448753237724304,0.2732746303081512,0.4416626095771789,0.2850784659385681,0.5826614499092102,0.4468894600868225,0.3947770893573761,0.4494146406650543,0.6232993006706238,0.6632952094078064,0.337831050157547,0.6664738059043884,0.6799795031547546,0.5649155974388123,0.3054464757442474,0.5386777520179749,0.5583736300468445,0.8296528458595276,0.4323375523090362,0.8341223001480103,0.0,0.0,0.0,0.0,0.0,0.0,0.0,0.0,0.4889768958091736,0.4469658434391022
0.5010887980461121,0.2647772133350372,0.5224868059158325,0.240573763847351,0.4772834479808807,0.2421843260526657,0.5500651597976685,0.2707857489585876,0.4451934993267059,0.2813640236854553,0.585354208946228,0.447068303823471,0.3959904313087463,0.4481526911258697,0.6190477609634399,0.6649012565612793,0.3487735390663147,0.6651430726051331,0.6771312355995178,0.5649991631507874,0.3168361485004425,0.5448050498962402,0.5591921210289001,0.8282705545425415,0.4311287701129913,0.8331321477890015,0.0,0.0,0.0,0.0,0.0,0.0,0.0,0.0,0.4907031953334808,0.4458906650543213
0.5008484721183777,0.2616554200649261,0.5224471092224121,0.2379326969385147,0.4780727326869964,0.2376628816127777,0.5487725138664246,0.2690695822238922,0.4459417462348938,0.2736932635307312,0.5878311395645142,0.4430107176303863,0.3930406868457794,0.440324068069458,0.6705359220504761,0.6409854292869568,0.318397969007492,0.6348273158073425,0.7246715426445007,0.5485333204269409,0.3009319603443146,0.5023216605186462,0.5573131442070007,0.8254028558731079,0.4331247210502624,0.8301936388015747,0.0,0.0,0.0,0.0,0.0,0.0,0.0,0.0,0.4890258312225342,0.4404814541339874
0.4972102344036102,0.253156453371048,0.5180762410163879,0.230034664273262,0.4747237861156463,0.2293092459440231,0.5440033078193665,0.2652900218963623,0.4437664449214935,0.2663368582725525,0.5870847105979919,0.4398186206817627,0.3883865475654602,0.4345542788505554,0.6837396621704102,0.5896781086921692,0.319487601518631,0.6072214245796204,0.7720984816551208,0.5698689818382263,0.2841320931911468,0.540622353553772,0.5523248910903931,0.8247047662734985,0.4262482821941376,0.8316114544868469,0.0,0.0,0.0,0.0,0.0,0.0,0.0,0.0,0.4857366383075714,0.4359561502933502
0.4960377812385559,0.2510997354984283,0.516453206539154,0.2262818366289138,0.473540723323822,0.2266166061162948,0.5434252023696899,0.2606866955757141,0.4429715573787689,0.2620973587036133,0.5820225477218628,0.4366862177848816,0.3862841129302978,0.4330873787403106,0.6898358464241028,0.5655152797698975,0.3138930797576904,0.5823813676834106,0.7897183299064636,0.5987357497215271,0.2719899117946625,0.5784673094749451,0.550142228603363,0.8295680284500122,0.424535185098648,0.8347682356834412,0.0,0.0,0.0,0.0,0.0,0.0,0.0,0.0,0.4826670587062835,0.4339966475963592
0.4959522187709808,0.2554927766323089,0.5157247185707092,0.2303836792707443,0.4729016125202179,0.2306461781263351,0.5411590933799744,0.2616678178310394,0.4408489167690277,0.2648487985134125,0.5830363631248474,0.4396289885044098,0.3827023804187774,0.4391433894634247,0.6747269034385681,0.5852313041687012,0.3157521188259125,0.6371163725852966,0.7644708752632141,0.5879271626472473,0.2697165906429291,0.5899688601493835,0.5529004335403442,0.8249634504318237,0.429623931646347,0.8326546549797058,0.0,0.0,0.0,0.0,0.0,0.0,0.0,0.0,0.4813295304775238,0.438427060842514
0.4884863793849945,0.2615963816642761,0.5059415698051453,0.2366903871297836,0.4649846255779266,0.2396004199981689,0.5315564870834351,0.2650931775569916,0.4340582489967346,0.2751616537570953,0.5769615173339844,0.4401463866233825,0.3832123875617981,0.450530081987381,0.6547917723655701,0.6422767639160156,0.3204443752765655,0.6658600568771362,0.7122265696525574,0.558022141456604,0.2670831978321075,0.569286048412323,0.551975667476654,0.8298898935317993,0.4289140701293945,0.8366130590438843,0.0,0.0,0.0,0.0,0.0,0.0,0.0,0.0,0.4794838726520538,0.443812221288681
0.4786647856235504,0.2679598331451416,0.4983609020709991,0.2439889907836914,0.4560819268226623,0.2465275079011917,0.527478039264679,0.2747514843940735,0.4269538223743438,0.280732125043869,0.5731668472290039,0.443829745054245,0.38089719414711,0.4552037417888641,0.6219412088394165,0.6554884910583496,0.3374766707420349,0.6747115254402161,0.6773326992988586,0.5602256655693054,0.2864343523979187,0.5665033459663391,0.550346851348877,0.8308767676353455,0.4218449592590332,0.8440228700637817,0.0,0.0,0.0,0.0,0.0,0.0,0.0,0.0,0.4763219356536865,0.4491821825504303
0.4786436557769775,0.2666119635105133,0.4980427622795105,0.2433949410915374,0.456346333026886,0.2454508543014526,0.5266056656837463,0.2745416462421417,0.426633208990097,0.2796485126018524,0.5720238089561462,0.4444412589073181,0.3807051479816437,0.4519541263580322,0.6235441565513611,0.6566992998123169,0.3271321654319763,0.6679142713546753,0.6718713641166687,0.5567218661308289,0.2920149862766266,0.5447763204574585,0.5477582812309265,0.8293862342834473,0.4185307919979095,0.8351410031318665,0.0,0.0,0.0,0.0,0.0,0.0,0.0,0.0,0.4758337140083313,0.447918564081192
0.4772911965847015,0.2552259266376495,0.4965610206127167,0.2318962067365646,0.4553549885749817,0.2320984601974487,0.5229420065879822,0.2658550441265106,0.4230131804943084,0.2672046720981598,0.5702486634254456,0.4387426376342773,0.3742425143718719,0.4392713010311126,0.6612610220909119,0.6105998754501343,0.3010747134685516,0.630195677280426,0.7125883102416992,0.5350737571716309,0.2773906588554382,0.5300076603889465,0.5409469604492188,0.8118671774864197,0.4167973697185516,0.827089250087738,0.0,0.0,0.0,0.0,0.0,0.0,0.0,0.0,0.4715080857276916,0.4375685155391693
0.4685749113559723,0.2474394887685775,0.488752156496048,0.2200964391231537,0.4447257816791534,0.2254879027605056,0.5199349522590637,0.2460106462240219,0.4138393104076385,0.2594236731529236,0.5697298049926758,0.430095911026001,0.3659086227416992,0.4366414546966553,0.6558057069778442,0.5861018896102905,0.2997645437717438,0.6252819895744324,0.7163771986961365,0.5847379565238953,0.2682082951068878,0.576231837272644,0.5409644246101379,0.8425256609916687,0.4125201404094696,0.845526397228241,0.0,0.0,0.0,0.0,0.0,0.0,0.0,0.0,0.4682182371616363,0.4326327443122864
0.4731780588626861,0.2474192082881927,0.4933421611785888,0.2211997509002685,0.4508895874023437,0.2243308573961258,0.5238122940063477,0.2493647783994674,0.4202577471733093,0.2585624456405639,0.5724472999572754,0.4300320744514465,0.3723827004432678,0.4355534017086029,0.6618065237998962,0.58033287525177,0.3118081390857696,0.5856317281723022,0.7251552939414978,0.6306465864181519,0.2782840132713318,0.5951431393623352,0.5415775775909424,0.8438702821731567,0.414374828338623,0.8360756039619446,0.0,0.0,0.0,0.0,0.0,0.0,0.0,0.0,0.4725802540779114,0.4319165050983429
0.4882417321205139,0.2632368505001068,0.5074418783187866,0.2392073422670364,0.4650335311889648,0.2412751913070678,0.5356624126434326,0.2691927254199981,0.4344136416912079,0.2780405879020691,0.581342875957489,0.4427786469459533,0.3828324973583221,0.4468627274036407,0.6622018218040466,0.6160631775856018,0.3160395622253418,0.6454496383666992,0.7063671350479126,0.5717623829841614,0.2977670133113861,0.5400322675704956,0.5534860491752625,0.8289202451705933,0.4254741072654724,0.83534175157547,0.0,0.0,0.0,0.0,0.0,0.0,0.0,0.0,0.4809379577636719,0.4431926906108856
0.4846416115760803,0.2726123631000519,0.503936231136322,0.2474597245454788,0.4606911838054657,0.2530162632465362,0.5358098149299622,0.2766289412975311,0.4336540400981903,0.2901114821434021,0.5818213224411011,0.4488301873207092,0.3890268206596374,0.4551425874233246,0.6525734663009644,0.647221565246582,0.3195637762546539,0.6616555452346802,0.6924885511398315,0.5489335656166077,0.3010894358158111,0.5232874751091003,0.557625412940979,0.8326160311698914,0.433746188879013,0.8379430770874023,0.0,0.0,0.0,0.0,0.0,0.0,0.0,0.0,0.4855387806892395,0.4505211412906647
0.4885663688182831,0.2810306251049042,0.508005678653717,0.2567069232463836,0.4667004644870758,0.2604429423809051,0.5401788353919983,0.2837786972522735,0.4407260417938232,0.294541448354721,0.584680438041687,0.4530144035816192,0.3973678052425384,0.4633817374706268,0.6385714411735535,0.6621457934379578,0.3337462842464447,0.6744683384895325,0.659852147102356,0.5489063858985901,0.3136890232563019,0.530510663986206,0.5600963234901428,0.83417809009552,0.4358592629432678,0.8478409051895142,0.0,0.0,0.0,0.0,0.0,0.0,0.0,0.0,0.4908899366855621,0.4558271467685699
0.4936921298503876,0.2825401425361633,0.5138753652572632,0.2571784555912018,0.4721005856990814,0.2597542107105255,0.5444369912147522,0.287945419549942,0.4437313675880432,0.2963998019695282,0.5850687026977539,0.4559800922870636,0.3978098332881927,0.4624943137168884,0.6331388354301453,0.6639295220375061,0.3406509757041931,0.6724091172218323,0.6572218537330627,0.5500361919403076,0.319875568151474,0.5277864336967468,0.5589662790298462,0.8424317240715027,0.4356627166271209,0.8480982780456543,0.0,0.0,0.0,0.0,0.0,0.0,0.0,0.0,0.491224855184555,0.4571336209774017
0.4928951561450958,0.2788276970386505,0.5129462480545044,0.2548478245735168,0.4711461067199707,0.2571386396884918,0.5437936782836914,0.2859191298484802,0.4423610866069793,0.2939861118793487,0.5851837396621704,0.456382542848587,0.393916368484497,0.4607844948768616,0.6481603980064392,0.6582314372062683,0.3230621516704559,0.6633215546607971,0.6875171065330505,0.5586670637130737,0.3125876486301422,0.520715057849884,0.5572460889816284,0.8325009942054749,0.434908926486969,0.8380489945411682,0.0,0.0,0.0,0.0,0.0,0.0,0.0,0.0,0.4892425835132599,0.4567559659481048
0.4933467507362366,0.2610985934734344,0.5133877992630005,0.2378566414117813,0.4705464243888855,0.2384951412677765,0.5418774485588074,0.2708045840263366,0.4401808083057403,0.2776300609111786,0.5825173258781433,0.4437287151813507,0.3851410746574402,0.4450264871120453,0.6651511192321777,0.6288419365882874,0.322303295135498,0.6486100554466248,0.7113891839981079,0.5853573679924011,0.3078329265117645,0.5620989203453064,0.5528499484062195,0.824545681476593,0.4243570268154144,0.8312328457832336,0.0,0.0,0.0,0.0,0.0,0.0,0.0,0.0,0.4826374053955078,0.4433493614196777
0.491933524608612,0.2560921013355255,0.5115742683410645,0.231047585606575,0.4691015183925628,0.2336498498916626,0.5398023724555969,0.2632816135883331,0.4379414021968841,0.2735670506954193,0.582076370716095,0.4415702521800995,0.3831098675727844,0.4400297701358795,0.669176459312439,0.6131361722946167,0.3162750601768493,0.6370050311088562,0.7241272926330566,0.5946580767631531,0.2968836724758148,0.5776824951171875,0.5498818159103394,0.8303977847099304,0.4215978682041168,0.8345235586166382,0.0,0.0,0.0,0.0,0.0,0.0,0.0,0.0,0.4808668792247772,0.4399413466453552
0.4906412661075592,0.2527705729007721,0.5084693431854248,0.2242636978626251,0.4660945534706116,0.2280264049768448,0.5374076962471008,0.251964658498764,0.4358912110328674,0.2637084126472473,0.5820995569229126,0.4360342025756836,0.3841325938701629,0.4342328906059265,0.6730404496192932,0.6004906296730042,0.324183315038681,0.5718933939933777,0.7360103726387024,0.6156023144721985,0.0,0.0,0.5486072897911072,0.8425210118293762,0.4213085770606994,0.8456624150276184,0.0,0.0,0.0,0.0,0.0,0.0,0.0,0.0,0.4807991981506347,0.4345486164093017
0.48945352435112,0.2509679496288299,0.5092155337333679,0.2234527170658111,0.4643577635288238,0.2247525155544281,0.5379164218902588,0.2507922351360321,0.4323499798774719,0.256162166595459,0.5799990296363831,0.4304761588573456,0.380495935678482,0.4339425265789032,0.6587859988212585,0.5844734907150269,0.3191783130168915,0.629912257194519,0.7198060750961304,0.6371219754219055,0.2941692173480987,0.6113449931144714,0.5471919775009155,0.8333752751350403,0.4204335808753967,0.835536539554596,0.0,0.0,0.0,0.0,0.0,0.0,0.0,0.0,0.4783752858638763,0.4319795966148376
0.4896379113197326,0.2549428939819336,0.5083771347999573,0.2253037989139557,0.4650399386882782,0.2291579693555832,0.5384930372238159,0.2524548470973968,0.4344313740730285,0.2647862136363983,0.5822239518165588,0.4375797808170318,0.3831064701080322,0.438564270734787,0.6575945019721985,0.6248914003372192,0.3172333240509033,0.6449767351150513,0.7087150812149048,0.5965973734855652,0.3011632561683655,0.5634760856628418,0.5502952933311462,0.831078827381134,0.4212595820426941,0.8341487050056458,0.0,0.0,0.0,0.0,0.0,0.0,0.0,0.0,0.4809445440769195,0.4370134472846985
0.4894631803035736,0.26064532995224,0.5087191462516785,0.2366200685501098,0.4662052094936371,0.2397321909666061,0.539296567440033,0.2670181393623352,0.4377234280109405,0.2777803838253021,0.581520140171051,0.4426281750202179,0.3886830806732178,0.4444427192211151,0.6428312063217163,0.6558209657669067,0.3118191361427307,0.6474012136459351,0.6905142664909363,0.5657340288162231,0.2931566834449768,0.4739473760128021,0.5503191947937012,0.8308998942375183,0.4228199422359466,0.8436592817306519,0.0,0.0,0.0,0.0,0.0,0.0,0.0,0.0,0.4853033721446991,0.4419823586940765
0.492086797952652,0.2654338181018829,0.5118662714958191,0.2435429990291595,0.4679928123950958,0.2446400076150894,0.5406058430671692,0.2760875821113586,0.4373741447925567,0.2841870784759521,0.5813173055648804,0.4498133957386017,0.3901670575141907,0.4513495862483978,0.6217246055603027,0.6655527353286743,0.3304607570171356,0.6711481809616089,0.6646984219551086,0.5632427930831909,0.303665816783905,0.5298839807510376,0.5548828840255737,0.8346449136734009,0.4245981276035309,0.846739649772644,0.0,0.0,0.0,0.0,0.0,0.0,0.0,0.0,0.4851587414741516,0.449494332075119
0.4894930720329284,0.2653810381889343,0.5087708830833435,0.2437914758920669,0.4660005569458008,0.2458511739969253,0.5382744669914246,0.2774165570735931,0.436026006937027,0.2863157093524933,0.5809144377708435,0.4503178596496582,0.3870225250720978,0.4525319933891296,0.6290357708930969,0.6617375612258911,0.3266831338405609,0.6701306700706482,0.6663030385971069,0.5558122396469116,0.3050228655338287,0.5064217448234558,0.5545775294303894,0.8350943326950073,0.4252560436725616,0.8484001755714417,0.0,0.0,0.0,0.0,0.0,0.0,0.0,0.0,0.4835295379161834,0.4507764875888824
0.4897389709949493,0.2579004168510437,0.5083690881729126,0.2353628426790237,0.4671912789344787,0.2367040067911148,0.5359910726547241,0.2705560326576233,0.4360900819301605,0.2763014733791351,0.5810208916664124,0.4421044886112213,0.3858340680599212,0.4430078566074371,0.659189760684967,0.6331939101219177,0.3110258281230926,0.6353656053543091,0.703061580657959,0.5559202432632446,0.2955817580223083,0.5073782801628113,0.5492090582847595,0.8180614709854126,0.4245433807373047,0.8327932953834534,0.0,0.0,0.0,0.0,0.0,0.0,0.0,0.0,0.4825753569602966,0.440347820520401
0.4809359014034271,0.2450350075960159,0.5011430978775024,0.2200553119182586,0.458756536245346,0.2212826758623123,0.5300025939941406,0.2523847222328186,0.4274251461029053,0.2572967112064361,0.5784476399421692,0.4352273344993591,0.3774762153625488,0.4352068901062011,0.6608056426048279,0.607171356678009,0.3097550272941589,0.6294714212417603,0.706449568271637,0.6076605916023254,0.2988719940185547,0.5795512795448303,0.5443649888038635,0.8330685496330261,0.4167404472827911,0.83479243516922,0.0,0.0,0.0,0.0,0.0,0.0,0.0,0.0,0.4766499400138855,0.4338962733745575
0.478801429271698,0.2440297901630401,0.4993639290332794,0.2192050367593765,0.4581499695777893,0.2198270112276077,0.528799831867218,0.2484413683414459,0.4285743236541748,0.2529413402080536,0.5767627358436584,0.4329197406768799,0.3781405985355377,0.4338319897651672,0.6558043360710144,0.5967504382133484,0.3104665875434875,0.6313117146492004,0.7052724957466125,0.63713139295578,0.2933343350887298,0.6056155562400818,0.5424009561538696,0.8323397040367126,0.4168305397033691,0.8330949544906616,0.0,0.0,0.0,0.0,0.0,0.0,0.0,0.0,0.4760107696056366,0.43217334151268
0.4835406243801117,0.2571559548377991,0.5029519200325012,0.2331130802631378,0.4625362753868103,0.2347647994756698,0.5311976671218872,0.2688944935798645,0.4317051470279693,0.2742554545402527,0.5792421102523804,0.4435449242591858,0.3782082200050354,0.4514875710010528,0.6551367044448853,0.6210120320320129,0.3160870373249054,0.6553035974502563,0.701238214969635,0.602604866027832,0.2934800684452057,0.5814400315284729,0.5488447546958923,0.8276997804641724,0.4213211238384247,0.8327751755714417,0.0,0.0,0.0,0.0,0.0,0.0,0.0,0.0,0.4773159325122833,0.4470333158969879
0.478746622800827,0.2680577933788299,0.4987236857414245,0.2436819076538086,0.4568258821964264,0.2473165839910507,0.5295065641403198,0.2750292122364044,0.4305720031261444,0.282952070236206,0.5778721570968628,0.4466475546360016,0.3866298198699951,0.4552185237407684,0.6317602396011353,0.6531780958175659,0.3214145302772522,0.6662492156028748,0.6682273745536804,0.5607441663742065,0.2860619723796844,0.5315123796463013,0.5532351136207581,0.8325649499893188,0.4260843694210052,0.8474727272987366,0.0,0.0,0.0,0.0,0.0,0.0,0.0,0.0,0.4812125563621521,0.4502421915531158
0.4928165376186371,0.269840270280838,0.5127759575843811,0.2479647248983383,0.4705397188663482,0.248657613992691,0.5414107441902161,0.2814972698688507,0.4412800967693329,0.2873842716217041,0.5828448534011841,0.4542252421379089,0.3883848488330841,0.455204039812088,0.6429551243782043,0.6576071381568909,0.3217167556285858,0.6637118458747864,0.6677509546279907,0.5363653302192688,0.3129430115222931,0.493984967470169,0.5522568225860596,0.8428794741630554,0.4243647158145904,0.8482680320739746,0.0,0.0,0.0,0.0,0.0,0.0,0.0,0.0,0.4855379462242126,0.4532645046710968
0.4916283786296844,0.2730385363101959,0.5105080008506775,0.2489642202854156,0.4688504040241241,0.2500903606414795,0.5375015735626221,0.2758279740810394,0.437476634979248,0.2824673950672149,0.578144907951355,0.4467405974864959,0.3790627121925354,0.4482288658618927,0.6594963073730469,0.6033304333686829,0.316818505525589,0.62676602602005,0.6846809983253479,0.529009997844696,0.3386016190052032,0.5248996019363403,0.5478870272636414,0.8125880360603333,0.4216640889644623,0.828570544719696,0.0,0.0,0.0,0.0,0.0,0.0,0.0,0.0,0.4794469177722931,0.4468685090541839
0.3961218893527984,0.2351852357387542,0.420608252286911,0.2060317695140838,0.3701681494712829,0.2108984887599945,0.4595631062984466,0.2360050976276397,0.3417949378490448,0.2473742812871933,0.515787661075592,0.4044966697692871,0.2964866757392883,0.4334847629070282,0.5710752010345459,0.5671263933181763,0.2453097105026245,0.654420018196106,0.6325645446777344,0.6855162382125854,0.2024686783552169,0.7048565149307251,0.4857849776744842,0.8275904059410095,0.3507437407970428,0.8344249129295349,0.0,0.0,0.0,0.0,0.0,0.0,0.0,0.0,0.408038467168808,0.4174297451972961
0.424419105052948,0.2316317409276962,0.4455403983592987,0.2036847323179245,0.3987350761890411,0.2075216472148895,0.4772780835628509,0.2333445698022842,0.3655354976654053,0.2410893440246582,0.5308405160903931,0.4136731624603271,0.3132879734039306,0.4271779954433441,0.6191954016685486,0.5832276344299316,0.2524927258491516,0.6129978895187378,0.674690842628479,0.5779830813407898,0.1916203051805496,0.5609039664268494,0.5016666650772095,0.8319116830825806,0.3666426539421081,0.8463374376296997,0.0,0.0,0.0,0.0,0.0,0.0,0.0,0.0,0.4237526953220367,0.4188289940357208
0.4542083740234375,0.2354495376348495,0.4736339449882507,0.2121296674013137,0.4310756325721741,0.2147097885608673,0.5028713345527649,0.2406017631292343,0.4015732705593109,0.2484212219715118,0.5510206818580627,0.4103100001811981,0.3539779186248779,0.4178624153137207,0.6427831053733826,0.5378817319869995,0.2844099998474121,0.5524014830589294,0.703985333442688,0.4860751330852508,0.2398844212293625,0.4793451726436615,0.5284959077835083,0.8258480429649353,0.3965704143047333,0.8305632472038269,0.0,0.0,0.0,0.0,0.0,0.0,0.0,0.0,0.4528753459453583,0.4134639203548431
0.493895947933197,0.251094251871109,0.5145610570907593,0.2263394594192505,0.4704328179359436,0.2260909229516983,0.542068600654602,0.2597487568855285,0.439934641122818,0.2603809833526611,0.5814976096153259,0.4217920899391174,0.3927519917488098,0.4247362613677978,0.6784784197807312,0.5282626152038574,0.3183896243572235,0.5473145842552185,0.720265805721283,0.4371170699596405,0.295328825712204,0.4354495704174042,0.5500513911247253,0.8195284605026245,0.4227391183376312,0.8308433294296265,0.0,0.0,0.0,0.0,0.0,0.0,0.0,0.0,0.4856438338756561,0.4217695891857147
0.5070727467536926,0.2568933367729187,0.5301951766014099,0.2353900820016861,0.4854409694671631,0.2361316382884979,0.5600758790969849,0.2713879644870758,0.457200825214386,0.2728161215782165,0.5986021757125854,0.4334802031517029,0.4105930924415588,0.4320717453956604,0.6952589154243469,0.5730743408203125,0.3219135701656341,0.5965754389762878,0.6955298781394958,0.3858546912670135,0.3240001201629638,0.3864105343818664,0.5591621994972229,0.8325686454772949,0.4269489347934723,0.8342952728271484,0.0,0.0,0.0,0.0,0.0,0.0,0.0,0.0,0.5042861700057983,0.4319249987602234
0.4844383895397186,0.2580055296421051,0.5040927529335022,0.2372083961963653,0.4629855155944824,0.2360373437404632,0.5292016267776489,0.2762933373451233,0.4325549304485321,0.2732553780078888,0.5670751929283142,0.4355290830135345,0.3808266818523407,0.4366066753864288,0.6620750427246094,0.6188176274299622,0.3009838461875915,0.6287012696266174,0.635604202747345,0.4361493289470672,0.31805220246315,0.3840841650962829,0.5340697765350342,0.8348345756530762,0.3995560109615326,0.8464545607566833,0.0,0.0,0.0,0.0,0.0,0.0,0.0,0.0,0.4745815098285675,0.4347475171089172
0.439622551202774,0.2563301026821136,0.4620259404182434,0.2357097864151001,0.4179076850414276,0.2353873401880264,0.4906139969825744,0.2743078470230102,0.3873175680637359,0.2726690173149109,0.5208933353424072,0.4391746819019317,0.3348840773105621,0.4333046972751617,0.6231627464294434,0.5933911204338074,0.2510670125484466,0.6121051907539368,0.6322885155677795,0.4020790159702301,0.2659674882888794,0.4088323414325714,0.4895076751708984,0.8256015181541443,0.3558070957660675,0.8300827145576477,0.0,0.0,0.0,0.0,0.0,0.0,0.0,0.0,0.4275549948215484,0.4340140223503113
0.4980238974094391,0.2633304297924042,0.5184537768363953,0.2426779568195343,0.4753375649452209,0.2453862875699997,0.5487104058265686,0.2763002514839172,0.4493800103664398,0.2859508097171783,0.5902557969093323,0.4368270337581634,0.409703642129898,0.4416230320930481,0.6956156492233276,0.5203858017921448,0.338298350572586,0.5542450547218323,0.7816697359085083,0.5131283402442932,0.2840890288352966,0.5012244582176208,0.5681066513061523,0.8152869939804077,0.4419956803321838,0.843305766582489,0.0,0.0,0.0,0.0,0.0,0.0,0.0,0.0,0.5000826120376587,0.4392237067222595
0.5148323774337769,0.2654652297496795,0.5351706147193909,0.2457633018493652,0.4946019053459167,0.2487594187259674,0.5652576088905334,0.2782008051872253,0.4711082577705383,0.2846609950065613,0.6118526458740234,0.4377306997776031,0.4235960841178894,0.4399221837520599,0.7065410017967224,0.5169374942779541,0.3547256588935852,0.5528417229652405,0.8099726438522339,0.5147945284843445,0.2908878922462463,0.491664171218872,0.5783842206001282,0.8106581568717957,0.456318199634552,0.8280476927757263,0.0,0.0,0.0,0.0,0.0,0.0,0.0,0.0,0.5167350769042969,0.4377173483371734
0.5095650553703308,0.2672896385192871,0.5296332240104675,0.2488853633403778,0.4903534352779388,0.2507756054401397,0.5588613748550415,0.2820968925952911,0.4660417437553406,0.2872277796268463,0.6003687977790833,0.4398243427276611,0.4170824587345123,0.4420803189277649,0.700820803642273,0.514299750328064,0.3445479273796081,0.5526577234268188,0.7971342206001282,0.5005365610122681,0.2872971594333648,0.4963694214820862,0.5696885585784912,0.8174103498458862,0.4412509799003601,0.844927966594696,0.0,0.0,0.0,0.0,0.0,0.0,0.0,0.0,0.5078311562538147,0.4401121437549591
0.4966797530651092,0.270171195268631,0.5172535181045532,0.2475292235612869,0.4759950935840606,0.2499446123838424,0.5476785898208618,0.2788741886615753,0.449819266796112,0.2865070700645447,0.5853737592697144,0.4400271773338318,0.4026810824871063,0.4417180120944977,0.6862995028495789,0.5275071859359741,0.325430154800415,0.5661478042602539,0.7673296332359314,0.4814998209476471,0.2697075605392456,0.4804508686065674,0.5603970885276794,0.8260168433189392,0.4313246607780456,0.8340226411819458,0.0,0.0,0.0,0.0,0.0,0.0,0.0,0.0,0.4944134056568146,0.4405064880847931
0.4871715009212494,0.2687070965766907,0.507402241230011,0.2472873032093048,0.4651065170764923,0.2486993819475174,0.5372441411018372,0.279330313205719,0.4369683861732483,0.2854740917682647,0.5772589445114136,0.4421921074390411,0.3911404013633728,0.4432898163795471,0.682442307472229,0.551382303237915,0.3078450858592987,0.5814827680587769,0.7372459769248962,0.4480060040950775,0.2623581886291504,0.4425012767314911,0.5535856485366821,0.8270612955093384,0.4256927371025085,0.8330234289169312,0.0,0.0,0.0,0.0,0.0,0.0,0.0,0.0,0.4855118691921234,0.4414312839508056
0.4768024086952209,0.2701680064201355,0.4969572722911834,0.2473659962415695,0.4564781486988067,0.2488390058279037,0.5256369113922119,0.279985249042511,0.4295583069324493,0.2817476391792297,0.5732638239860535,0.4438543319702148,0.385164201259613,0.4474815726280212,0.6832232475280762,0.5792879462242126,0.297001838684082,0.5938294529914856,0.7061020731925964,0.4055557250976562,0.2799901366233825,0.4105797111988067,0.5528883934020996,0.8453396558761597,0.4222786128520965,0.8501335382461548,0.0,0.0,0.0,0.0,0.0,0.0,0.0,0.0,0.4792658686637878,0.4455524981021881
0.4796678423881531,0.2671360373497009,0.4993407130241394,0.2460089176893234,0.4589557647705078,0.2499960660934448,0.5295562148094177,0.2783281207084656,0.4346872866153717,0.2862593531608581,0.5781587958335876,0.4433746337890625,0.3862656652927398,0.4505523145198822,0.6801530122756958,0.6096760630607605,0.3087457716464996,0.6334477066993713,0.6525574326515198,0.4191562831401825,0.3182629942893982,0.4089750349521637,0.5538626909255981,0.8351137042045593,0.4217835366725921,0.8470219969749451,0.0,0.0,0.0,0.0,0.0,0.0,0.0,0.0,0.4820137619972229,0.4464107155799866
0.4800532162189483,0.2687048614025116,0.4995557963848114,0.2471152544021606,0.4595485329627991,0.2513964176177978,0.5296825766563416,0.2790129780769348,0.4355763792991638,0.2872545421123504,0.5772594213485718,0.4442354142665863,0.3871974945068359,0.4511741995811462,0.6797742247581482,0.6075950860977173,0.312960147857666,0.6437140107154846,0.6541247367858887,0.4199739396572113,0.3180521130561828,0.4208100438117981,0.5544632077217102,0.8457393646240234,0.4219885766506195,0.85020512342453,0.0,0.0,0.0,0.0,0.0,0.0,0.0,0.0,0.4817893803119659,0.4473888874053955
0.4810320734977722,0.2723974585533142,0.5010046362876892,0.2506430149078369,0.4605048298835754,0.2533296644687652,0.5287367701530457,0.281588613986969,0.4346552789211273,0.2857570648193359,0.5748289823532104,0.4471738338470459,0.3856968283653259,0.4520609080791473,0.6839171051979065,0.6008865237236023,0.3088894188404083,0.6303789019584656,0.6715945601463318,0.4103031754493713,0.3076254427433014,0.4190990328788757,0.5513514280319214,0.835425078868866,0.4207817018032074,0.84698885679245,0.0,0.0,0.0,0.0,0.0,0.0,0.0,0.0,0.4797739684581756,0.4493458569049835
0.4851493835449219,0.2694125771522522,0.5038641095161438,0.2489268630743026,0.4637553691864013,0.2497754245996475,0.5298705101013184,0.2820891141891479,0.4344757199287414,0.2845810353755951,0.5743790864944458,0.4457705318927765,0.3858116269111633,0.4518070220947265,0.6843534111976624,0.5891323089599609,0.3070449233055115,0.6221741437911987,0.6919740438461304,0.4145975410938263,0.2996571063995361,0.4343981742858886,0.5503774881362915,0.8347432017326355,0.4214905798435211,0.8461452722549438,0.0,0.0,0.0,0.0,0.0,0.0,0.0,0.0,0.4794239401817322,0.4484860002994537
0.495032787322998,0.2659206688404083,0.5150391459465027,0.245722696185112,0.4722922444343567,0.2459727227687835,0.5436722636222839,0.2828649878501892,0.442101776599884,0.2878018915653229,0.5827493071556091,0.4446471631526947,0.3985324203968048,0.4432742893695831,0.6915863752365112,0.5707359313964844,0.3156399428844452,0.5976905822753906,0.7337214350700378,0.4693079590797424,0.2897490859031677,0.4364657700061798,0.5598840713500977,0.8279091119766235,0.4315553307533264,0.8342451453208923,0.0,0.0,0.0,0.0,0.0,0.0,0.0,0.0,0.489670991897583,0.442777007818222
0.5079942345619202,0.2635417282581329,0.5282040238380432,0.2436284571886062,0.4870882034301758,0.2461512386798858,0.559267520904541,0.2767103612422943,0.4620294868946075,0.284031480550766,0.6064389944076538,0.4422968327999115,0.4168271720409393,0.4434369206428528,0.7020601034164429,0.5593609809875488,0.3346303105354309,0.5898033380508423,0.7747047543525696,0.5208039879798889,0.2935039401054382,0.4847566187381744,0.5775473713874817,0.8116341829299927,0.4538450539112091,0.8315829038619995,0.0,0.0,0.0,0.0,0.0,0.0,0.0,0.0,0.509972870349884,0.4423734247684479
0.5427256226539612,0.2635157704353332,0.5625377893447876,0.2419170290231704,0.5227531790733337,0.2463656514883041,0.5948746800422668,0.2767892777919769,0.4982414841651916,0.2839676737785339,0.6445493102073669,0.4419683814048767,0.4542810320854187,0.4439717233181,0.7413762807846069,0.564424455165863,0.3821861743927002,0.5857505798339844,0.82551109790802,0.575754702091217,0.3050367534160614,0.5443164706230164,0.60960453748703,0.8161891102790833,0.4865987598896026,0.8148981928825378,0.0,0.0,0.0,0.0,0.0,0.0,0.0,0.0,0.5484640002250671,0.441384494304657
0.5450430512428284,0.2684130072593689,0.5653876066207886,0.2478119879961013,0.5253072381019592,0.2498597353696823,0.5956371426582336,0.281791478395462,0.5008619427680969,0.284470647573471,0.6406288146972656,0.4442285001277923,0.4519579112529754,0.445174366235733,0.7403932213783264,0.5616669058799744,0.3789910674095154,0.5889126062393188,0.8290690183639526,0.5965898633003235,0.3038201928138733,0.5617074966430664,0.6074027419090271,0.814926266670227,0.4858565926551819,0.8159700632095337,0.0,0.0,0.0,0.0,0.0,0.0,0.0,0.0,0.5458536148071289,0.4435342848300934
0.5369991660118103,0.2682919502258301,0.5564121603965759,0.2481638938188552,0.5157070159912109,0.2487926483154297,0.5830941796302795,0.2828993797302246,0.4882631003856659,0.2848223149776459,0.6289885640144348,0.443922758102417,0.4416601955890655,0.4475758373737335,0.7251249551773071,0.5649433732032776,0.3691062331199646,0.5935943722724915,0.8171740174293518,0.5776063203811646,0.2998039126396179,0.5413814783096313,0.5990836024284363,0.8147164583206177,0.4811363816261291,0.8247197866439819,0.0,0.0,0.0,0.0,0.0,0.0,0.0,0.0,0.5352519154548645,0.444657564163208
0.5367403626441956,0.2729890644550323,0.554563045501709,0.2541564404964447,0.5154563784599304,0.2548503875732422,0.5806022882461548,0.288984090089798,0.4872458279132843,0.2909285426139831,0.625069797039032,0.4472340643405914,0.4456914365291595,0.4512518942356109,0.7212361693382263,0.5716794729232788,0.3685508668422699,0.5913563966751099,0.7933852076530457,0.5245836973190308,0.3173427879810333,0.4906612038612366,0.601227343082428,0.8120694756507874,0.4847795367240906,0.8175820112228394,0.0,0.0,0.0,0.0,0.0,0.0,0.0,0.0,0.5356828570365906,0.4476745724678039
0.5591810345649719,0.2803740799427032,0.577044665813446,0.2618915438652038,0.5384236574172974,0.2639317512512207,0.6027504801750183,0.2955991625785827,0.5113788843154907,0.2987231612205505,0.6470981240272522,0.4539306759834289,0.474236249923706,0.4581044316291809,0.761046290397644,0.5723103284835815,0.3903039395809173,0.5896602272987366,0.7959110140800476,0.4570607841014862,0.3743186295032501,0.427117109298706,0.634763777256012,0.8174481987953186,0.5116032361984253,0.8291909098625183,0.0,0.0,0.0,0.0,0.0,0.0,0.0,0.0,0.5585817694664001,0.4554207623004913
0.5963354110717773,0.290118932723999,0.6130514740943909,0.2694334387779236,0.574063241481781,0.273142397403717,0.640548586845398,0.3061865866184234,0.5476117730140686,0.3149260878562927,0.6810957789421082,0.4541383385658264,0.5106196999549866,0.4661273956298828,0.7958316802978516,0.5655595064163208,0.4223085343837738,0.5983619093894958,0.7906808853149414,0.3953481614589691,0.4269848167896271,0.3913774192333221,0.6714839935302734,0.8249868154525757,0.5478110909461975,0.832629382610321,0.0,0.0,0.0,0.0,0.0,0.0,0.0,0.0,0.5954130291938782,0.4611907303333282
0.6100760698318481,0.2990507781505584,0.6285518407821655,0.2773703634738922,0.5885087251663208,0.2796894609928131,0.6568922996520996,0.3116313517093658,0.5616735219955444,0.3175286948680877,0.6969793438911438,0.4586913287639618,0.5248166918754578,0.4699059426784515,0.8094244003295898,0.5723583102226257,0.4440805912017822,0.6246924996376038,0.7794181108474731,0.4212613105773926,0.464529424905777,0.4037904143333435,0.6833971738815308,0.8334394693374634,0.5637446045875549,0.8473886251449585,0.0,0.0,0.0,0.0,0.0,0.0,0.0,0.0,0.610366702079773,0.4637419879436493
0.6138173937797546,0.3007372319698334,0.632430374622345,0.2789449989795685,0.5932257771492004,0.2818148732185364,0.6615259051322937,0.3124396204948425,0.5686120390892029,0.3182205855846405,0.7014521956443787,0.4614013731479645,0.5298123955726624,0.4719442725181579,0.8178974390029907,0.5835947394371033,0.4536269605159759,0.6328762173652649,0.8047115206718445,0.4068971276283264,0.4543581008911133,0.4158170521259308,0.6909677386283875,0.8448033928871155,0.5719766020774841,0.8520259857177734,0.0,0.0,0.0,0.0,0.0,0.0,0.0,0.0,0.6154702305793762,0.4653050899505615
0.6314137578010559,0.2987729907035827,0.6479887962341309,0.2786042988300323,0.610415518283844,0.2800036370754242,0.6736779808998108,0.3094004988670349,0.5840266942977905,0.3156986236572265,0.7200796008110046,0.4632793068885803,0.5431342720985413,0.4721215665340423,0.8357450366020203,0.5904293060302734,0.4654718935489654,0.622836172580719,0.8845778703689575,0.4759056270122528,0.4370038211345672,0.4527944922447204,0.70118647813797,0.8341549634933472,0.5842708945274353,0.8500424027442932,0.0,0.0,0.0,0.0,0.0,0.0,0.0,0.0,0.6288667321205139,0.4668405652046203
0.6354303359985352,0.2867984771728515,0.6524962782859802,0.2653715312480926,0.6140424013137817,0.2665408551692962,0.6771141290664673,0.2934331893920898,0.5853411555290222,0.2977595329284668,0.7165265083312988,0.4502300918102264,0.5412024259567261,0.4561470150947571,0.814930260181427,0.5673515796661377,0.4669139981269836,0.604491114616394,0.917028546333313,0.592495858669281,0.3955008387565613,0.5529795289039612,0.6904359459877014,0.8087711334228516,0.577576756477356,0.8133941888809204,0.0,0.0,0.0,0.0,0.0,0.0,0.0,0.0,0.6275173425674438,0.4534588158130646
0.6239081025123596,0.2887666821479797,0.6413913369178772,0.2659083902835846,0.6035271883010864,0.2661211192607879,0.6672577261924744,0.2924534380435943,0.5747912526130676,0.2933635711669922,0.7105414271354675,0.4527720808982849,0.5305857062339783,0.45821213722229,0.80914705991745,0.5752062201499939,0.4671595394611358,0.6036548018455505,0.9001721143722534,0.6064873933792114,0.3963068425655365,0.5631067752838135,0.689548671245575,0.8139695525169373,0.5755735635757446,0.8182085156440735,0.0,0.0,0.0,0.0,0.0,0.0,0.0,0.0,0.6195265650749207,0.4554423987865448
0.6434723734855652,0.28652423620224,0.6595174074172974,0.2636131644248962,0.6216196417808533,0.2684178948402405,0.6867478489875793,0.2889687418937683,0.5948256254196167,0.3027134239673614,0.7333000302314758,0.446336030960083,0.5556696057319641,0.45807746052742,0.8255301713943481,0.5862849950790405,0.4861766993999481,0.6169496774673462,0.8982090950012207,0.5588802099227905,0.4330659508705139,0.5248018503189087,0.712508499622345,0.8097026944160461,0.5964813232421875,0.8260472416877747,0.0,0.0,0.0,0.0,0.0,0.0,0.0,0.0,0.64244544506073,0.4515442252159118
0.6632190942764282,0.2896924614906311,0.6794887781143188,0.2672983705997467,0.6413989067077637,0.2735085785388946,0.7064463496208191,0.2916837036609649,0.6154244542121887,0.3091199100017547,0.7568224668502808,0.4529590308666229,0.5765408277511597,0.4656086266040802,0.85872882604599,0.5810087323188782,0.504666268825531,0.6100355386734009,0.8886116147041321,0.454519659280777,0.4687387347221374,0.4668056964874267,0.7341331839561462,0.8122295141220093,0.6173990964889526,0.8152359127998352,0.0,0.0,0.0,0.0,0.0,0.0,0.0,0.0,0.6659630537033081,0.4571190476417541
0.6707732081413269,0.2901182770729065,0.6876697540283203,0.2693714797496795,0.6490030884742737,0.2731249034404754,0.7152304649353027,0.2996821701526642,0.6236715316772461,0.3083596229553222,0.7611438035964966,0.4535661339759826,0.5906625986099243,0.4629822075366974,0.8709967732429504,0.5616947412490845,0.5082636475563049,0.6010187864303589,0.8659847378730774,0.3872164189815521,0.4933105111122131,0.407823234796524,0.7428134083747864,0.8188404440879822,0.6229208111763,0.8270364999771118,0.0,0.0,0.0,0.0,0.0,0.0,0.0,0.0,0.6747094392776489,0.456764668226242
0.4609048068523407,0.4105370640754699,0.4830369055271148,0.377314805984497,0.4323280155658722,0.3860452473163605,0.5234828591346741,0.405520349740982,0.3994634747505188,0.4245912134647369,0.5894154906272888,0.6148685812950134,0.3375415205955505,0.6387362480163574,0.664162278175354,0.87659752368927,0.2759909331798553,0.9179731011390686,0.7563956379890442,0.8821617364883423,0.2111994475126266,0.8499496579170227,0.0,0.0,0.0,0.0,0.0,0.0,0.0,0.0,0.0,0.0,0.0,0.0,0.4622946679592132,0.6256483197212219
0.4614210128784179,0.4119560420513153,0.484402984380722,0.3799701631069183,0.4347057342529297,0.3875074088573456,0.5260991454124451,0.4112431108951568,0.4033641219139099,0.4261541664600372,0.5921535491943359,0.617699921131134,0.3423847258090973,0.6411181092262268,0.6688872575759888,0.8806082606315613,0.2784264981746673,0.9189063310623168,0.7624985575675964,0.8901234865188599,0.2120909839868545,0.8502690196037292,0.0,0.0,0.0,0.0,0.0,0.0,0.0,0.0,0.0,0.0,0.0,0.0,0.4653649926185608,0.6290024518966675
0.4661197364330292,0.4110465347766876,0.4887087345123291,0.3789601922035217,0.439199298620224,0.3865949511528015,0.5307844877243042,0.4111131727695465,0.4063871204853058,0.4267168045043945,0.5959792137145996,0.6155796647071838,0.3480734229087829,0.6391193270683289,0.6768372654914856,0.8728764653205872,0.2823413908481598,0.9197075963020324,0.762982964515686,0.8678827881813049,0.2168410271406173,0.8311169743537903,0.0,0.0,0.0,0.0,0.0,0.0,0.0,0.0,0.0,0.0,0.0,0.0,0.4714753925800323,0.6265278458595276
0.4677378237247467,0.4055688083171844,0.4904753863811493,0.3739084303379059,0.4407844245433807,0.3819411695003509,0.5331831574440002,0.4073057174682617,0.407623291015625,0.4244173467159271,0.600633442401886,0.6143411993980408,0.351355105638504,0.6359983086585999,0.6874407529830933,0.8747624158859253,0.2827408909797668,0.9173423051834106,0.7562339901924133,0.8114557862281799,0.2316329777240753,0.8049191236495972,0.0,0.0,0.0,0.0,0.0,0.0,0.0,0.0,0.0,0.0,0.0,0.0,0.4744272232055664,0.6248536705970764
0.4688543379306793,0.4064558148384094,0.4914582073688507,0.3733884394168854,0.4425066411495209,0.3809880912303924,0.5331571102142334,0.4043655097484588,0.408946692943573,0.4216327667236328,0.6033104062080383,0.6161025166511536,0.3546819984912872,0.6325835585594177,0.6939315795898438,0.8768568634986877,0.2786130607128143,0.9077158570289612,0.739714503288269,0.7460700273513794,0.2442599982023239,0.743934690952301,0.0,0.0,0.0,0.0,0.0,0.0,0.0,0.0,0.0,0.0,0.0,0.0,0.4790824949741363,0.6233874559402466
0.4689509272575378,0.4057013392448425,0.4920116364955902,0.3736729919910431,0.442131370306015,0.3816178441047668,0.5338628888130188,0.407963752746582,0.4088933169841766,0.4248990416526794,0.6008697152137756,0.6136172413825989,0.3531990349292755,0.6295968890190125,0.6951624751091003,0.8813669085502625,0.2659753262996673,0.9123764038085938,0.7120456695556641,0.686752438545227,0.2644959092140198,0.668174147605896,0.0,0.0,0.0,0.0,0.0,0.0,0.0,0.0,0.0,0.0,0.0,0.0,0.4765926897525787,0.6231082677841187
0.4682703912258148,0.4020045101642608,0.4921277463436126,0.3712567985057831,0.4417147934436798,0.3795216679573059,0.5330746173858643,0.4065528810024261,0.4106300771236419,0.4244712293148041,0.5992099642753601,0.6095925569534302,0.3606338798999786,0.6186848282814026,0.6971884965896606,0.8747583627700806,0.2637057602405548,0.9122148752212524,0.6928947567939758,0.6677654385566711,0.2706600725650787,0.6194773316383362,0.0,0.0,0.0,0.0,0.0,0.0,0.0,0.0,0.0,0.0,0.0,0.0,0.4798133969306946,0.6162626147270203
0.4681249260902405,0.4017042517662048,0.4921972155570984,0.3710037767887115,0.441307008266449,0.3795225620269775,0.5333175659179688,0.4067555963993072,0.4091643691062927,0.4254438579082489,0.5979642271995544,0.6141086220741272,0.3604815304279327,0.6217572093009949,0.7026254534721375,0.8797977566719055,0.2638253569602966,0.9130657315254213,0.6821783781051636,0.6472228765487671,0.2816771268844604,0.6174241900444031,0.0,0.0,0.0,0.0,0.0,0.0,0.0,0.0,0.0,0.0,0.0,0.0,0.4789814949035644,0.6209220290184021
0.469567596912384,0.4012153148651123,0.4927833676338196,0.3704719245433807,0.4429409801959991,0.3782867789268493,0.5338781476020813,0.4052776396274566,0.4101084768772125,0.4250121712684631,0.6032031774520874,0.6140394806861877,0.3580006659030914,0.6238589286804199,0.7073410749435425,0.8759247064590454,0.2603777945041656,0.9135859608650208,0.7087115049362183,0.6492270231246948,0.2640380561351776,0.6213820576667786,0.0,0.0,0.0,0.0,0.0,0.0,0.0,0.0,0.0,0.0,0.0,0.0,0.4795791506767273,0.6227935552597046
0.4744894802570343,0.4007483422756195,0.4980067610740661,0.36822110414505,0.4472893178462982,0.3757350742816925,0.5387476086616516,0.4017499983310699,0.4128718078136444,0.4198121726512909,0.6042696833610535,0.6158332228660583,0.3559357821941376,0.6297836303710938,0.7152681946754456,0.8656659722328186,0.2582105100154876,0.904056966304779,0.752123236656189,0.6628581881523132,0.2377648502588272,0.6490932703018188,0.0,0.0,0.0,0.0,0.0,0.0,0.0,0.0,0.0,0.0,0.0,0.0,0.4798525869846344,0.6247223019599915
0.4749930799007416,0.3990898728370666,0.4990026354789734,0.3669319450855255,0.4483468532562256,0.3734517097473144,0.5409733057022095,0.3986194729804992,0.4140022397041321,0.4150013029575348,0.6060592532157898,0.6130208969116211,0.3586130142211914,0.6299667954444885,0.714259684085846,0.8691561818122864,0.2600600123405456,0.900084376335144,0.786058247089386,0.6991388201713562,0.2125355303287506,0.6701326966285706,0.0,0.0,0.0,0.0,0.0,0.0,0.0,0.0,0.0,0.0,0.0,0.0,0.4816539585590362,0.622039258480072
0.4710363745689392,0.4016290605068207,0.4943168461322784,0.3703285753726959,0.4440776407718658,0.3777539730072021,0.5359720587730408,0.4042339920997619,0.4113289713859558,0.4208807945251465,0.6078089475631714,0.6177554130554199,0.3540088236331939,0.639565646648407,0.7114576101303101,0.8756909966468811,0.2609372437000274,0.9109150767326356,0.8191603422164917,0.738005518913269,0.193956583738327,0.7042602300643921,0.0,0.0,0.0,0.0,0.0,0.0,0.0,0.0,0.0,0.0,0.0,0.0,0.4807147085666656,0.6292733550071716
0.4715624451637268,0.4079421162605285,0.4936519563198089,0.375919371843338,0.443588525056839,0.3843242526054382,0.5354222059249878,0.4090648591518402,0.4091053903102875,0.4269740581512451,0.6077641844749451,0.6208401322364807,0.3498978912830353,0.6466397047042847,0.7157001495361328,0.8734913468360901,0.261635273694992,0.921247661113739,0.8525051474571228,0.8106443285942078,0.1731489151716232,0.7420020699501038,0.0,0.0,0.0,0.0,0.0,0.0,0.0,0.0,0.0,0.0,0.0,0.0,0.4788136482238769,0.6335663199424744
0.4724371135234833,0.4109505116939544,0.4948310256004333,0.3793246150016784,0.4440099596977234,0.3867427408695221,0.5380955934524536,0.4144055247306824,0.4094344079494476,0.4287727773189544,0.6052879691123962,0.6233343482017517,0.3484411537647247,0.6487537026405334,0.7220954895019531,0.870032012462616,0.2578539848327636,0.9158673882484436,0.8599866628646851,0.8523308634757996,0.1569546610116958,0.76133793592453,0.0,0.0,0.0,0.0,0.0,0.0,0.0,0.0,0.0,0.0,0.0,0.0,0.4775149226188659,0.6355041265487671
0.4718070924282074,0.41276416182518,0.4942291378974914,0.3819189369678497,0.4435632526874542,0.3877948224544525,0.5371177792549133,0.4186865985393524,0.408884584903717,0.4305651485919952,0.6039963364601135,0.6262820363044739,0.3478845953941345,0.6486466526985168,0.72015780210495,0.8653233647346497,0.2562857568264007,0.9144574999809264,0.8563303351402283,0.8592866659164429,0.1510711461305618,0.7732269167900085,0.0,0.0,0.0,0.0,0.0,0.0,0.0,0.0,0.0,0.0,0.0,0.0,0.4764041304588318,0.6361383199691772
0.4704195857048034,0.4126766324043274,0.4925995767116546,0.381374180316925,0.4420008361339569,0.3869426846504211,0.5329266786575317,0.4170691668987274,0.4065811336040497,0.4277596771717071,0.6007892489433289,0.6263322830200195,0.3462398946285248,0.6487284302711487,0.7202528119087219,0.8515854477882385,0.2521338760852813,0.9132882356643676,0.8622137904167175,0.8802074193954468,0.1457482427358627,0.7830580472946167,0.0,0.0,0.0,0.0,0.0,0.0,0.0,0.0,0.0,0.0,0.0,0.0,0.4730866551399231,0.6359021067619324
0.4688613712787628,0.4100256562232971,0.4912327229976654,0.3792074620723724,0.4407595098018646,0.3846316039562225,0.5309513211250305,0.4144005477428436,0.4053117632865906,0.4231264293193817,0.5971654057502747,0.6201351284980774,0.3455650508403778,0.6448594331741333,0.7159768342971802,0.8473488092422485,0.2543886005878448,0.9094766974449158,0.8550547957420349,0.8842105269432068,0.1482464373111724,0.7787026762962341,0.0,0.0,0.0,0.0,0.0,0.0,0.0,0.0,0.0,0.0,0.0,0.0,0.469549685716629,0.630726158618927
0.4667321145534515,0.4061300754547119,0.4882001876831054,0.3739301860332489,0.4376351237297058,0.3823214173316955,0.5276796221733093,0.4076570868492126,0.4039652645587921,0.4229087829589844,0.5986379384994507,0.6111119389533997,0.3460741937160492,0.6417213082313538,0.7028862237930298,0.8521144986152649,0.2625224888324737,0.912132740020752,0.8143068552017212,0.8163475394248962,0.1836006194353103,0.7723636031150818,0.0,0.0,0.0,0.0,0.0,0.0,0.0,0.0,0.0,0.0,0.0,0.0,0.4704670310020447,0.6259834170341492
0.4659211635589599,0.4055752754211426,0.4875670373439789,0.3714835941791534,0.4376971125602722,0.3804993033409118,0.5267837643623352,0.4028157293796539,0.4045300781726837,0.4195196032524109,0.6006692051887512,0.6115685105323792,0.3509113788604736,0.6387099623680115,0.6972697377204895,0.8608692288398743,0.2626601457595825,0.9056535959243774,0.7644385695457458,0.7502354383468628,0.2067234069108963,0.732441246509552,0.0,0.0,0.0,0.0,0.0,0.0,0.0,0.0,0.0,0.0,0.0,0.0,0.4742867946624756,0.6241036057472229
0.4686210453510284,0.4026299118995666,0.4912648797035217,0.3716674745082855,0.4410642683506012,0.3792015016078949,0.5289242267608643,0.4063332974910736,0.4069443047046661,0.4226493537425995,0.6019808650016785,0.6089015603065491,0.3543210625648498,0.6296132206916809,0.7022229433059692,0.8694378137588501,0.2609518468379974,0.9175847768783568,0.7002069354057312,0.6625509858131409,0.2583686709403991,0.6534901857376099,0.0,0.0,0.0,0.0,0.0,0.0,0.0,0.0,0.0,0.0,0.0,0.0,0.4784502387046814,0.6205808520317078
0.469403475522995,0.403759241104126,0.4917080700397491,0.3721490800380707,0.44146329164505,0.3807137310504913,0.5300281047821045,0.4080502688884735,0.4078447222709656,0.4252045452594757,0.6032533049583435,0.6101616024971008,0.3550136089324951,0.6233223080635071,0.7084294557571411,0.8712490200996399,0.2688081562519073,0.9233938455581664,0.6856454014778137,0.6440579295158386,0.2658968865871429,0.6191889643669128,0.0,0.0,0.0,0.0,0.0,0.0,0.0,0.0,0.0,0.0,0.0,0.0,0.4802224338054657,0.6189085841178894
0.4690027236938476,0.4008220732212066,0.4919875562191009,0.3712494075298309,0.4411265254020691,0.3789486289024353,0.5310224294662476,0.4112856984138489,0.4082944393157959,0.426385223865509,0.6011086702346802,0.6082273125648499,0.3588666617870331,0.6211443543434143,0.7111682295799255,0.8673107028007507,0.2702928483486175,0.9236668944358826,0.6767277717590332,0.6382217407226562,0.2772476077079773,0.6145471334457397,0.0,0.0,0.0,0.0,0.0,0.0,0.0,0.0,0.0,0.0,0.0,0.0,0.4790337681770324,0.6170936822891235
0.467321902513504,0.4011988639831543,0.4904473125934601,0.3703670799732208,0.438997209072113,0.3781838119029999,0.5300437808036804,0.40870001912117,0.4067365825176239,0.4236192107200622,0.6002362370491028,0.6083742380142212,0.3596273362636566,0.6216039657592773,0.7093935608863831,0.8652904629707336,0.2750765681266784,0.924296259880066,0.6714213490486145,0.6371375918388367,0.2819389998912811,0.6055932641029358,0.0,0.0,0.0,0.0,0.0,0.0,0.0,0.0,0.0,0.0,0.0,0.0,0.4786619246006012,0.61784428358078
0.467393547296524,0.3989735543727875,0.4911806881427765,0.3695611357688904,0.4397256076335907,0.377097338438034,0.5305023193359375,0.4062019288539886,0.4072278141975403,0.4223668873310089,0.6019740104675293,0.6039682030677795,0.3580341637134552,0.6198936700820923,0.7059076428413391,0.8657911419868469,0.2712742984294891,0.9212263822555542,0.6828080415725708,0.6385490298271179,0.2708467841148376,0.6144222021102905,0.0,0.0,0.0,0.0,0.0,0.0,0.0,0.0,0.0,0.0,0.0,0.0,0.4796390235424042,0.6139196753501892
0.4727607071399688,0.4065312445163727,0.4952368140220642,0.3763965666294098,0.4455322623252868,0.3826029300689697,0.5331612825393677,0.4133170545101166,0.4108913242816925,0.4263849258422851,0.6037694811820984,0.6106898188591003,0.3530945479869842,0.6238117218017578,0.7050237655639648,0.8703742027282715,0.2716438174247741,0.9238093495368958,0.7080444097518921,0.6724792718887329,0.2629046142101288,0.6353116035461426,0.0,0.0,0.0,0.0,0.0,0.0,0.0,0.0,0.0,0.0,0.0,0.0,0.4803986847400665,0.619583249092102
0.473803848028183,0.4067398905754089,0.4954586923122406,0.376115471124649,0.4463217854499817,0.3832000195980072,0.53331059217453,0.409535676240921,0.4097677767276764,0.4270355999469757,0.6052351593971252,0.6056516766548157,0.3557306826114654,0.6279354095458984,0.7065740823745728,0.8627550005912781,0.2704572379589081,0.9163495302200316,0.7227873206138611,0.7019681930541992,0.26167693734169,0.6783842444419861,0.0,0.0,0.0,0.0,0.0,0.0,0.0,0.0,0.0,0.0,0.0,0.0,0.4807919859886169,0.6172524690628052
0.4752177596092224,0.4069453775882721,0.4971490800380707,0.3755415081977844,0.4476535022258758,0.3820585906505584,0.5343843698501587,0.4083930552005768,0.4099245071411133,0.4259620010852813,0.6059279441833496,0.6087669730186462,0.3523793816566467,0.6300907135009766,0.7108508944511414,0.8609775304794312,0.2807340621948242,0.917068600654602,0.745943546295166,0.7467942833900452,0.257859319448471,0.7184821367263794,0.0,0.0,0.0,0.0,0.0,0.0,0.0,0.0,0.0,0.0,0.0,0.0,0.4794608652591705,0.618830680847168
0.4741075336933136,0.4065520763397217,0.4955830872058868,0.375851958990097,0.4461862444877624,0.3824911713600158,0.5327597856521606,0.4095701873302459,0.4085412919521332,0.4245513081550598,0.6009913086891174,0.6107062101364136,0.3442271053791046,0.6378189921379089,0.6914440989494324,0.8419370651245117,0.2924153804779053,0.923086643218994,0.7531924247741699,0.8320432305335999,0.2607426941394806,0.7991036772727966,0.0,0.0,0.0,0.0,0.0,0.0,0.0,0.0,0.0,0.0,0.0,0.0,0.4716213345527649,0.6239020228385925
0.4721411168575287,0.4084502756595611,0.4936927258968353,0.3771547973155975,0.4442286491394043,0.3844771087169647,0.533159077167511,0.4128979742527008,0.4085687696933746,0.4275002479553222,0.5999028086662292,0.6107468605041504,0.3446493148803711,0.6391873955726624,0.6884517073631287,0.8340418934822083,0.2995467483997345,0.923709750175476,0.7603369951248169,0.8864549994468689,0.2448570281267166,0.8705746531486511,0.0,0.0,0.0,0.0,0.0,0.0,0.0,0.0,0.0,0.0,0.0,0.0,0.4720471203327179,0.6253289580345154
0.4734146893024444,0.4101157486438751,0.4950714409351349,0.378840833902359,0.4453926980495453,0.3856668472290039,0.5343877077102661,0.4151942729949951,0.4091762602329254,0.4298216700553894,0.5987361073493958,0.6102986335754395,0.3491153419017792,0.6407197117805481,0.6767712831497192,0.8197330236434937,0.3047755360603332,0.8796507120132446,0.7500242590904236,0.9395938515663148,0.2501368224620819,0.8935354351997375,0.0,0.0,0.0,0.0,0.0,0.0,0.0,0.0,0.0,0.0,0.0,0.0,0.4728583693504333,0.6254412531852722
0.4748556315898895,0.4097347557544708,0.496883362531662,0.3790641725063324,0.4471068382263183,0.3856039941310882,0.5364605784416199,0.4142162501811981,0.410818338394165,0.4279505908489227,0.600398600101471,0.6067308783531189,0.3514062762260437,0.6379289627075195,0.6802548170089722,0.8218521475791931,0.3080414831638336,0.8664730191230774,0.7583652138710022,0.956793487071991,0.2536604106426239,0.9506508111953736,0.0,0.0,0.0,0.0,0.0,0.0,0.0,0.0,0.0,0.0,0.0,0.0,0.4747177064418793,0.6224006414413452
0.4754174053668976,0.4070032238960266,0.4971426129341125,0.3757864534854889,0.4477364122867584,0.3836961090564728,0.5368940234184265,0.4102403223514557,0.411192238330841,0.427006721496582,0.6015356183052063,0.6050998568534851,0.3508929908275604,0.6363258957862854,0.6808364987373352,0.8202720880508423,0.3085588812828064,0.8981778025627136,0.7603165507316589,0.9391410946846008,0.2726611196994781,0.9294638633728028,0.0,0.0,0.0,0.0,0.0,0.0,0.0,0.0,0.0,0.0,0.0,0.0,0.4756388962268829,0.6204980611801147
0.4761742055416107,0.4050257205963135,0.4981873631477356,0.374186098575592,0.4482379853725433,0.3812875151634216,0.5378929376602173,0.4091125428676605,0.4112538993358612,0.4259204864501953,0.6044894456863403,0.6086694002151489,0.349203497171402,0.6371472477912903,0.6934624314308167,0.8450908660888672,0.3060928285121918,0.924854338169098,0.7596362829208374,0.8783832788467407,0.2586557269096374,0.8635942339897156,0.0,0.0,0.0,0.0,0.0,0.0,0.0,0.0,0.0,0.0,0.0,0.0,0.4760014116764068,0.6230111718177795
0.4758132994174957,0.4077604413032532,0.4976062476634979,0.3761202991008758,0.4478892982006073,0.3838556408882141,0.5377994179725647,0.4082984328269958,0.4112794101238251,0.4268284738063812,0.6072292327880859,0.6094590425491333,0.3530206978321075,0.6384416222572327,0.694078266620636,0.8638057112693787,0.3034867346286773,0.923778235912323,0.7438003420829773,0.8101549744606018,0.2806147038936615,0.7826308012008667,0.0,0.0,0.0,0.0,0.0,0.0,0.0,0.0,0.0,0.0,0.0,0.0,0.4788855612277984,0.6231549978256226
0.4786198139190674,0.4105091989040375,0.5014219880104065,0.3786725401878357,0.4493682980537414,0.3863637745380401,0.542601466178894,0.41305011510849,0.4132338166236877,0.4341025948524475,0.6115875244140625,0.6125531196594238,0.3588831722736358,0.6349151730537415,0.7013428807258606,0.8706724047660828,0.3016223311424255,0.9228309988975524,0.7163779139518738,0.726723313331604,0.2861837744712829,0.7220463156700134,0.0,0.0,0.0,0.0,0.0,0.0,0.0,0.0,0.0,0.0,0.0,0.0,0.4847669899463653,0.623246967792511
0.4791562557220459,0.4096415638923645,0.5017527937889099,0.3774239718914032,0.4507797360420227,0.3852027058601379,0.5419911742210388,0.4112743437290191,0.415354311466217,0.4311780929565429,0.6100296378135681,0.6021820902824402,0.3596538007259369,0.6293453574180603,0.6953415870666504,0.8726709485054016,0.2973744571208954,0.924771785736084,0.6971938014030457,0.6923689842224121,0.2971407473087311,0.6875686645507812,0.0,0.0,0.0,0.0,0.0,0.0,0.0,0.0,0.0,0.0,0.0,0.0,0.4843130707740783,0.6155006289482117
0.4774025976657867,0.4078455567359924,0.5015249848365784,0.3764404356479645,0.4493174254894256,0.3839552104473114,0.5422260165214539,0.4117257595062256,0.4142198264598846,0.4307699501514435,0.6098981499671936,0.600834310054779,0.3639062345027923,0.6229633092880249,0.7066055536270142,0.8794101476669312,0.2939666211605072,0.920814573764801,0.6848519444465637,0.6635934710502625,0.3021623790264129,0.6200050115585327,0.0,0.0,0.0,0.0,0.0,0.0,0.0,0.0,0.0,0.0,0.0,0.0,0.4866062700748443,0.6136892437934875
0.4762167036533355,0.4041962027549743,0.5014516711235046,0.3740804195404053,0.4485690891742706,0.3811888098716736,0.5433767437934875,0.4154314398765564,0.413517415523529,0.4308923184871673,0.6097665429115295,0.6113366484642029,0.3672518730163574,0.6178297400474548,0.7071542143821716,0.8785210251808167,0.2898413240909576,0.9309435486793518,0.6694613099098206,0.633072555065155,0.316669225692749,0.6132213473320007,0.0,0.0,0.0,0.0,0.0,0.0,0.0,0.0,0.0,0.0,0.0,0.0,0.4865803122520447,0.615481972694397
0.4716624617576599,0.402322769165039,0.4965806305408478,0.3712559044361114,0.4436710476875305,0.3794577717781067,0.5395251512527466,0.4122363924980163,0.4102743566036224,0.4298125207424164,0.608822226524353,0.6100344657897949,0.3690098822116852,0.6180998086929321,0.7036274671554565,0.8714708685874939,0.2879137992858886,0.9245201945304872,0.656406581401825,0.6217742562294006,0.3149228394031524,0.6149875521659851,0.0,0.0,0.0,0.0,0.0,0.0,0.0,0.0,0.0,0.0,0.0,0.0,0.4860493242740631,0.6133905053138733
0.4675231575965881,0.4044042229652405,0.4924995303153991,0.3730962574481964,0.438321977853775,0.3826914429664612,0.5364761352539062,0.4136329591274261,0.4065064489841461,0.4335526525974273,0.6075254082679749,0.6116362810134888,0.3659441471099853,0.6192702651023865,0.7017751932144165,0.8733567595481873,0.2866009175777435,0.9297877550125122,0.6552590727806091,0.6219677329063416,0.3114475309848785,0.6130991578102112,0.0,0.0,0.0,0.0,0.0,0.0,0.0,0.0,0.0,0.0,0.0,0.0,0.4846174418926239,0.6153998970985413
0.4668002128601074,0.4088701605796814,0.4901297092437744,0.3754673898220062,0.4370873570442199,0.385568767786026,0.5333577394485474,0.4130712449550628,0.4063025414943695,0.4333685338497162,0.6043020486831665,0.6105460524559021,0.3627267479896545,0.6242958903312683,0.7003642320632935,0.8762236833572388,0.2842988967895508,0.93367737531662,0.6710599660873413,0.640306293964386,0.2969855666160583,0.6064966320991516,0.0,0.0,0.0,0.0,0.0,0.0,0.0,0.0,0.0,0.0,0.0,0.0,0.48378586769104,0.6182683110237122
0.4669003486633301,0.4140470325946808,0.4897801578044891,0.3806715607643127,0.4388240277767181,0.3892083466053009,0.5332158207893372,0.4145807325839996,0.4068308174610138,0.4340637326240539,0.6050838232040405,0.6095828413963318,0.353003054857254,0.6328652501106262,0.6967667937278748,0.8863740563392639,0.2820311188697815,0.9336883425712584,0.7023860812187195,0.6841726899147034,0.2717460095882416,0.6469764113426208,0.0,0.0,0.0,0.0,0.0,0.0,0.0,0.0,0.0,0.0,0.0,0.0,0.480598896741867,0.6220166087150574
0.4685456752777099,0.4205732941627502,0.491696834564209,0.3899815380573272,0.4405734837055206,0.3958558738231659,0.5341736674308777,0.4213481247425079,0.407723993062973,0.4401700496673584,0.6097344160079956,0.6158169507980347,0.352550745010376,0.643707811832428,0.697838306427002,0.8935231566429138,0.2830666899681091,0.9212842583656312,0.730789065361023,0.7426846623420715,0.2534654438495636,0.7184147834777832,0.0,0.0,0.0,0.0,0.0,0.0,0.0,0.0,0.0,0.0,0.0,0.0,0.4838588237762451,0.629329264163971
0.4710344672203064,0.4216942191123962,0.4949845969676971,0.3909725248813629,0.443397581577301,0.3960653841495514,0.5383865833282471,0.4234444200992584,0.4098748564720154,0.438736617565155,0.6123614311218262,0.6201581358909607,0.350822776556015,0.6478256583213806,0.7016440629959106,0.8874568939208984,0.2861979603767395,0.9244365096092224,0.7535175085067749,0.7923411130905151,0.2428547143936157,0.7610888481140137,0.0,0.0,0.0,0.0,0.0,0.0,0.0,0.0,0.0,0.0,0.0,0.0,0.483154296875,0.6330183744430542
0.4723588824272156,0.4208864569664001,0.4962480366230011,0.3899278342723846,0.4449043869972229,0.3965656757354736,0.5399382710456848,0.4219945967197418,0.4121745526790619,0.4408584237098694,0.6114679574966431,0.6187208890914917,0.348345011472702,0.6518954634666443,0.6965800523757935,0.8753685355186462,0.2870875000953674,0.923279106616974,0.7674942016601562,0.8601368069648743,0.2177430093288421,0.8008009195327759,0.0,0.0,0.0,0.0,0.0,0.0,0.0,0.0,0.0,0.0,0.0,0.0,0.4809530675411224,0.6338854432106018
0.4699063897132873,0.4233339130878448,0.4933478534221649,0.3920527398586273,0.4425020217895508,0.3993743360042572,0.5379055738449097,0.4235067367553711,0.4113876819610595,0.4432505071163177,0.6089520454406738,0.6185360550880432,0.350751131772995,0.6531310081481934,0.6949902772903442,0.8648348450660706,0.285684734582901,0.9202426075935364,0.7832843661308289,0.8878954648971558,0.1875104904174804,0.8189603090286255,0.0,0.0,0.0,0.0,0.0,0.0,0.0,0.0,0.0,0.0,0.0,0.0,0.4808936417102813,0.6348407864570618
0.4710023999214172,0.425034612417221,0.4946497976779938,0.3942450582981109,0.4441879093647003,0.3999415040016174,0.5387154221534729,0.4253256320953369,0.4124045968055725,0.4423272013664245,0.6080741286277771,0.6226310133934021,0.35162153840065,0.652504563331604,0.6945592164993286,0.8645195960998535,0.2868851721286773,0.9147016406059264,0.7889240980148315,0.9581165909767152,0.1654145866632461,0.8554043769836426,0.0,0.0,0.0,0.0,0.0,0.0,0.0,0.0,0.0,0.0,0.0,0.0,0.4806888699531555,0.6382537484169006
0.4711437821388244,0.4203948974609375,0.4949471950531006,0.3905480206012726,0.4443616867065429,0.3966744542121887,0.5390620827674866,0.4257017076015472,0.4128585457801819,0.442383348941803,0.6052770018577576,0.6163594126701355,0.3537164032459259,0.6479626297950745,0.6902826428413391,0.8498674035072327,0.2854134142398834,0.9125191569328308,0.7841902375221252,0.9795602560043336,0.1633916199207306,0.8713892102241516,0.0,0.0,0.0,0.0,0.0,0.0,0.0,0.0,0.0,0.0,0.0,0.0,0.480972558259964,0.6328126788139343
0.4669501781463623,0.4173513352870941,0.4903989732265472,0.3877200186252594,0.4394848048686981,0.3954968452453613,0.5369523763656616,0.4207530617713928,0.4102419316768646,0.4416196644306183,0.605773389339447,0.6133227348327637,0.3523055911064148,0.6468120217323303,0.6974602937698364,0.8592777252197266,0.2887305915355682,0.9132835268974304,0.7880783081054688,0.923916220664978,0.1667517125606537,0.8636960387229919,0.0,0.0,0.0,0.0,0.0,0.0,0.0,0.0,0.0,0.0,0.0,0.0,0.4804615676403045,0.6299867630004883
0.4676458835601806,0.4108996391296386,0.489600658416748,0.3791054189205169,0.4404003322124481,0.3879527151584625,0.534582257270813,0.4090872704982757,0.4086761176586151,0.4330353438854217,0.6091024279594421,0.6085649728775024,0.3525579571723938,0.6480385065078735,0.6971288323402405,0.8592519760131836,0.2890884280204773,0.912822127342224,0.7625083327293396,0.7931777238845825,0.2109161168336868,0.7749128341674805,0.0,0.0,0.0,0.0,0.0,0.0,0.0,0.0,0.0,0.0,0.0,0.0,0.4805027842521667,0.6270061731338501
0.4670980870723724,0.4089439213275909,0.4882340133190155,0.3776762783527374,0.4394614994525909,0.3871104419231415,0.5319414734840393,0.407376766204834,0.4072849154472351,0.4326466917991638,0.6094605326652527,0.6092602014541626,0.3578413128852844,0.6400169730186462,0.7027406096458435,0.8540722131729126,0.2899939119815826,0.8959274888038635,0.7386034727096558,0.7254056334495544,0.2241057604551315,0.7196899056434631,0.0,0.0,0.0,0.0,0.0,0.0,0.0,0.0,0.0,0.0,0.0,0.0,0.4843421280384063,0.6234769225120544
0.4664972126483917,0.4087428450584411,0.4887246489524841,0.3770546019077301,0.4390518367290497,0.3872032463550567,0.533375084400177,0.4074051976203918,0.407852828502655,0.4340970516204834,0.6129307150840759,0.6052007675170898,0.3605726659297943,0.6323813199996948,0.7017014622688293,0.8620505928993225,0.2843659520149231,0.898896336555481,0.7109817862510681,0.6715620756149292,0.2503701150417328,0.6727830767631531,0.0,0.0,0.0,0.0,0.0,0.0,0.0,0.0,0.0,0.0,0.0,0.0,0.4855809211730957,0.6180801391601562
0.4669015109539032,0.4061512649059295,0.4894139170646667,0.3741894364356994,0.4399187266826629,0.3836001753807068,0.5328454375267029,0.4068589806556701,0.4094359278678894,0.4309105575084686,0.6136022210121155,0.6075977087020874,0.364509254693985,0.6271299123764038,0.7089374661445618,0.8599831461906433,0.2837269604206085,0.9081589579582214,0.6988010406494141,0.6486523747444153,0.264864057302475,0.632177472114563,0.0,0.0,0.0,0.0,0.0,0.0,0.0,0.0,0.0,0.0,0.0,0.0,0.4900670647621155,0.617668628692627
0.4668774902820587,0.4037074148654938,0.4919819831848144,0.373185247182846,0.43951416015625,0.3830426633358001,0.5398807525634766,0.4106976985931396,0.4108059406280517,0.4316242337226867,0.6122573018074036,0.6063047051429749,0.3611554205417633,0.6226393580436707,0.7110764384269714,0.8609390258789062,0.2815402746200561,0.9171091318130492,0.6841029524803162,0.6157979965209961,0.2785362303256988,0.6139874458312988,0.0,0.0,0.0,0.0,0.0,0.0,0.0,0.0,0.0,0.0,0.0,0.0,0.4875756800174713,0.6162725687026978
0.4666082859039306,0.4021282196044922,0.4902306497097015,0.3717188835144043,0.4394440650939941,0.3816703259944916,0.534342885017395,0.4073998928070068,0.4100192189216614,0.4276660084724426,0.6100805997848511,0.6040269136428833,0.3628686964511871,0.6178244352340698,0.7105379700660706,0.8615497350692749,0.2768804132938385,0.9171668887138368,0.6781553030014038,0.6157082319259644,0.2829320430755615,0.6201061010360718,0.0,0.0,0.0,0.0,0.0,0.0,0.0,0.0,0.0,0.0,0.0,0.0,0.4859098494052887,0.6126723885536194
0.4660121500492096,0.4036879241466522,0.4898464977741241,0.3722205758094787,0.438557356595993,0.3829869329929352,0.5347142815589905,0.4093818962574005,0.4086453914642334,0.4309965670108795,0.604464054107666,0.6056725382804871,0.3632681667804718,0.6189644932746887,0.7100326418876648,0.8585222363471985,0.2789768874645233,0.9175554513931274,0.6721594929695129,0.6180305480957031,0.2874075472354889,0.6196916699409485,0.0,0.0,0.0,0.0,0.0,0.0,0.0,0.0,0.0,0.0,0.0,0.0,0.4830367267131805,0.6149397492408752
0.4668580889701843,0.4059208929538727,0.4897886216640472,0.3755583167076111,0.4390435516834259,0.3843790590763092,0.5333720445632935,0.4115329682826996,0.4084019660949707,0.4339236915111542,0.6080853343009949,0.6086753606796265,0.3596232533454895,0.6273394227027893,0.7071928977966309,0.8694090843200684,0.2837191224098205,0.9222465753555298,0.6994295120239258,0.6219134330749512,0.2708649635314941,0.6301271319389343,0.0,0.0,0.0,0.0,0.0,0.0,0.0,0.0,0.0,0.0,0.0,0.0,0.484510987997055,0.6197007298469543
0.4666884243488312,0.4032686352729797,0.4888063371181488,0.3715621531009674,0.4393412172794342,0.3810732364654541,0.5295634269714355,0.4042869508266449,0.4064791202545166,0.428070068359375,0.6037136316299438,0.6064606308937073,0.3586114346981048,0.6274747252464294,0.7033523321151733,0.8686121106147766,0.2831614911556244,0.9153257608413696,0.7138271927833557,0.6470711827278137,0.2678614556789398,0.6479694247245789,0.0,0.0,0.0,0.0,0.0,0.0,0.0,0.0,0.0,0.0,0.0,0.0,0.4815783202648163,0.617457389831543
0.4650010168552398,0.4016156792640686,0.488294392824173,0.3698450028896332,0.4376833140850067,0.3786693215370178,0.530960738658905,0.4040083289146423,0.4055879414081573,0.4268431663513183,0.6037617325782776,0.6008966565132141,0.3547523915767669,0.6266923546791077,0.7004862427711487,0.866142213344574,0.2794477641582489,0.899740993976593,0.7308615446090698,0.6760416030883789,0.2474180608987808,0.6514331698417664,0.0,0.0,0.0,0.0,0.0,0.0,0.0,0.0,0.0,0.0,0.0,0.0,0.4789705574512481,0.6134322881698608
0.4637661278247833,0.4001630842685699,0.4863181710243225,0.3690244853496551,0.4367005825042724,0.3773320019245147,0.5295103192329407,0.4017023742198944,0.4043517410755157,0.4220562875270843,0.605012834072113,0.6000670790672302,0.3543960154056549,0.6271014213562012,0.6957416534423828,0.8653809428215027,0.2801258862018585,0.8848240971565247,0.7519606947898865,0.7410818934440613,0.2309777289628982,0.6920698881149292,0.0,0.0,0.0,0.0,0.0,0.0,0.0,0.0,0.0,0.0,0.0,0.0,0.4783283174037933,0.6113109588623047
0.4623338878154754,0.3957298099994659,0.4849918186664581,0.3653625845909118,0.4361029267311096,0.3729797899723053,0.5278605222702026,0.3980398774147033,0.404367059469223,0.4159389436244964,0.6025567054748535,0.5955988764762878,0.3481623530387878,0.6337711215019226,0.6967052817344666,0.8534767031669617,0.2786681652069092,0.9066862463951112,0.7768387794494629,0.8305383920669556,0.2062751352787017,0.7611134648323059,0.0,0.0,0.0,0.0,0.0,0.0,0.0,0.0,0.0,0.0,0.0,0.0,0.4742575287818908,0.612919270992279
0.4605880677700043,0.4010827541351318,0.4819624423980713,0.3690960109233856,0.4328332543373108,0.3789642751216888,0.523091733455658,0.4005046486854553,0.4010772407054901,0.4227184653282165,0.5986571311950684,0.6010259985923767,0.3456155359745025,0.6370927691459656,0.6947242021560669,0.8446757197380066,0.2819077670574188,0.9131808876991272,0.7987869381904602,0.908575475215912,0.1700622588396072,0.8284574747085571,0.0,0.0,0.0,0.0,0.0,0.0,0.0,0.0,0.0,0.0,0.0,0.0,0.4711907804012298,0.6181122660636902
0.4599538445472717,0.4061610996723175,0.481232076883316,0.3731326460838318,0.4320736229419708,0.3836919963359833,0.5230124592781067,0.4046885967254638,0.401134729385376,0.4289478957653045,0.5969668030738831,0.6026526689529419,0.3482422828674316,0.6378684043884277,0.6855060458183289,0.8331522345542908,0.276465505361557,0.9060593247413636,0.7928158044815063,0.9566094279289246,0.149550199508667,0.868911862373352,0.0,0.0,0.0,0.0,0.0,0.0,0.0,0.0,0.0,0.0,0.0,0.0,0.4722638726234436,0.6200376152992249
0.4601892530918121,0.4064356386661529,0.4810501039028168,0.374614804983139,0.4321485161781311,0.3844586014747619,0.5223604440689087,0.4062203764915466,0.4010636210441589,0.4309413433074951,0.5957186818122864,0.6016793251037598,0.3473977446556091,0.6406343579292297,0.685339629650116,0.8296171426773071,0.282274454832077,0.8999105095863342,0.7846732139587402,0.985467255115509,0.1378392577171325,0.9175056219100952,0.0,0.0,0.0,0.0,0.0,0.0,0.0,0.0,0.0,0.0,0.0,0.0,0.4713661968708038,0.6212866902351379
0.4602799415588379,0.4076803028583526,0.4813987612724304,0.3762941360473633,0.4323584139347076,0.3850398063659668,0.5228734612464905,0.4077827930450439,0.4012607634067535,0.4304977357387543,0.5961021184921265,0.6015961766242981,0.3478699028491974,0.640935480594635,0.68719083070755,0.8300999402999878,0.2851755023002624,0.9002488851547241,0.7798680067062378,0.9910715222358704,0.1566091924905777,0.9393171668052672,0.0,0.0,0.0,0.0,0.0,0.0,0.0,0.0,0.0,0.0,0.0,0.0,0.4717618525028229,0.6213463544845581
0.4617665410041809,0.4070666134357452,0.4839094281196594,0.3741075694561004,0.434295654296875,0.3847346305847168,0.526715099811554,0.4061810970306396,0.4037975370883941,0.4303662478923797,0.5998939275741577,0.6037525534629822,0.3495693206787109,0.6387147307395935,0.6893414258956909,0.8360325694084167,0.2847505211830139,0.9070886373519896,0.7889167070388794,0.911177694797516,0.1631828248500824,0.8503596186637878,0.0,0.0,0.0,0.0,0.0,0.0,0.0,0.0,0.0,0.0,0.0,0.0,0.4739982485771179,0.6207071542739868
0.4652545154094696,0.4015910029411316,0.4868746697902679,0.3704951703548431,0.437594324350357,0.3801722228527069,0.5285577178001404,0.4028542935848236,0.4047929942607879,0.4262056350708008,0.6032775044441223,0.6031002998352051,0.3516217172145843,0.6404216885566711,0.6940140128135681,0.8487432599067688,0.2834704220294952,0.9094128608703612,0.7749914526939392,0.8425593376159668,0.1959588974714279,0.7834457755088806,0.0,0.0,0.0,0.0,0.0,0.0,0.0,0.0,0.0,0.0,0.0,0.0,0.4760549068450928,0.6205576658248901
0.4673357009887695,0.3998315632343292,0.4891341626644134,0.3689740002155304,0.4395720660686493,0.3785175383090973,0.5303295850753784,0.4003397822380066,0.4063785374164581,0.4256663620471954,0.6057916879653931,0.5992347598075867,0.3535782694816589,0.634105384349823,0.7033329606056213,0.8571844696998596,0.2880283892154693,0.8988155126571655,0.7702378034591675,0.7755836844444275,0.2251093089580536,0.7440758943557739,0.0,0.0,0.0,0.0,0.0,0.0,0.0,0.0,0.0,0.0,0.0,0.0,0.4783274829387665,0.6157180070877075
0.4688196778297424,0.3979432582855224,0.4913051724433899,0.365423709154129,0.4410298764705658,0.3741323351860046,0.5331997871398926,0.394595593214035,0.4067897200584411,0.4184657633304596,0.6085671782493591,0.5941944122314453,0.358879417181015,0.6213382482528687,0.7032853364944458,0.8468223810195923,0.2871792018413543,0.8821283578872681,0.7430518865585327,0.6990364789962769,0.2383102029561996,0.688456118106842,0.0,0.0,0.0,0.0,0.0,0.0,0.0,0.0,0.0,0.0,0.0,0.0,0.482106477022171,0.606329619884491
0.4689633250236511,0.3781786561012268,0.4909510910511017,0.3494099080562591,0.4424939751625061,0.3544578850269317,0.5299097895622253,0.3855673372745514,0.4104060530662536,0.4033577740192413,0.6031100153923035,0.5799503326416016,0.3616852760314941,0.6000679731369019,0.7005602121353149,0.8282293677330017,0.2829071879386902,0.86646568775177,0.7165995836257935,0.6332054138183594,0.2525136172771454,0.6289244294166565,0.0,0.0,0.0,0.0,0.0,0.0,0.0,0.0,0.0,0.0,0.0,0.0,0.4832175374031067,0.587969958782196
0.4685053527355194,0.3511036932468414,0.490776926279068,0.3241104483604431,0.4415947794914245,0.3276205360889435,0.5262830853462219,0.362698346376419,0.4096080362796783,0.3715233206748962,0.5988028645515442,0.5496504306793213,0.3650844991207123,0.5645416975021362,0.6960678696632385,0.7879151105880737,0.2843123376369476,0.8333531022071838,0.7039955258369446,0.5859430432319641,0.2598758637905121,0.5785272717475891,0.0,0.0,0.0,0.0,0.0,0.0,0.0,0.0,0.0,0.0,0.0,0.0,0.4830631911754608,0.5566607713699341
0.4630834758281708,0.3207657933235168,0.4850273728370666,0.2915784418582916,0.4367744326591491,0.299822062253952,0.5254495143890381,0.3278012871742248,0.4084682464599609,0.3442737162113189,0.5934670567512512,0.5138798952102661,0.3609777987003326,0.5387395024299622,0.6908903121948242,0.7541674971580505,0.2875086367130279,0.799641489982605,0.6880000829696655,0.5352774262428284,0.2617150843143463,0.5407119393348694,0.5636098980903625,0.9910714030265808,0.0,0.0,0.0,0.0,0.0,0.0,0.0,0.0,0.0,0.0,0.4770308434963226,0.5247141122817993
0.4650394022464752,0.2653437554836273,0.485005646944046,0.2370597869157791,0.4396823942661285,0.2450250834226608,0.5236698985099792,0.2706228792667389,0.412018358707428,0.2890750765800476,0.5948169827461243,0.4532432556152344,0.3687979876995086,0.4776789546012878,0.6896743178367615,0.6862292289733887,0.2967226505279541,0.7259268760681152,0.681876003742218,0.470795214176178,0.2779259979724884,0.455522358417511,0.5746766328811646,0.9566402435302734,0.4127731323242187,0.9759493470191956,0.0,0.0,0.0,0.0,0.0,0.0,0.0,0.0,0.4816114604473114,0.4648900330066681
0.4717338979244232,0.2281690090894699,0.4928411543369293,0.2034370154142379,0.448831170797348,0.2101474851369857,0.5286839008331299,0.2411612123250961,0.4217983782291412,0.2561880052089691,0.6012360453605652,0.4225264489650726,0.3810954689979553,0.4485087096691131,0.697610080242157,0.636172354221344,0.3141681849956512,0.6879883408546448,0.6819077134132385,0.4229776263236999,0.2929338812828064,0.4332886338233948,0.5799041986465454,0.9199889302253724,0.4201596677303314,0.9397045373916626,0.0,0.0,0.0,0.0,0.0,0.0,0.0,0.0,0.4891669750213623,0.435864508152008
0.4941608905792236,0.2040319591760635,0.5167477130889893,0.1822123229503631,0.4721631705760956,0.1873321235179901,0.5548270344734192,0.2230827063322067,0.4465181231498718,0.231718897819519,0.6220530867576599,0.3976130485534668,0.4002589881420135,0.4179453551769256,0.7112810015678406,0.596412718296051,0.3355511724948883,0.656867504119873,0.7148824334144592,0.3791322112083435,0.2993418872356415,0.404043436050415,0.5904566049575806,0.8504923582077026,0.4424183964729309,0.8853817582130432,0.0,0.0,0.0,0.0,0.0,0.0,0.0,0.0,0.5115007758140564,0.4073933959007263
0.5524853467941284,0.2251865863800048,0.5736153721809387,0.2014011442661285,0.531169056892395,0.2067029923200607,0.6084379553794861,0.2360203564167022,0.5045152306556702,0.248317003250122,0.6689236760139465,0.420721560716629,0.4539861977100372,0.4365005791187286,0.7533194422721863,0.6075683832168579,0.3863671123981476,0.6395559310913086,0.81800776720047,0.5098274350166321,0.3063676655292511,0.5158337950706482,0.62570720911026,0.8471493124961853,0.4869261682033539,0.8480057120323181,0.0,0.0,0.0,0.0,0.0,0.0,0.0,0.0,0.5612024664878845,0.4269403517246246
0.5301598310470581,0.2410686314105987,0.550659716129303,0.2179588824510574,0.5092679262161255,0.22552190721035,0.5886561274528503,0.2524313628673553,0.486586332321167,0.2679302990436554,0.6490889191627502,0.4328908026218414,0.4421763122081756,0.4447984397411346,0.7327131032943726,0.5999712347984314,0.3659712672233581,0.6386963129043579,0.8194552659988403,0.5762673020362854,0.266292542219162,0.5464497804641724,0.6052353978157043,0.8309640288352966,0.4778392314910888,0.8344970345497131,0.0,0.0,0.0,0.0,0.0,0.0,0.0,0.0,0.5461758375167847,0.4381447732448578
0.4986523687839508,0.2616195976734161,0.5193961262702942,0.2383082211017608,0.4766811430454254,0.2444531023502349,0.553636372089386,0.2708315849304199,0.4536630809307098,0.2882852554321289,0.6062064170837402,0.4434043765068054,0.4120824933052063,0.45496466755867,0.6973864436149597,0.5949038863182068,0.3401648700237274,0.6365479826927185,0.7911157608032227,0.6210631132125854,0.231378749012947,0.5912448167800903,0.568766713142395,0.8183080554008484,0.4479708671569824,0.8341469764709473,0.0,0.0,0.0,0.0,0.0,0.0,0.0,0.0,0.5063418745994568,0.4489399492740631
0.4855333268642425,0.2681745290756225,0.5043895840644836,0.2459366768598556,0.4630503952503204,0.2520574927330017,0.5374243855476379,0.2780863344669342,0.4394257068634033,0.2939102351665497,0.5871320962905884,0.4430657923221588,0.3973639607429504,0.4593043625354767,0.6781110167503357,0.5866708755493164,0.3272784054279327,0.633897602558136,0.7698488831520081,0.636138379573822,0.2234270274639129,0.6061267256736755,0.5625399947166443,0.8160609006881714,0.4431898295879364,0.8323765993118286,0.0,0.0,0.0,0.0,0.0,0.0,0.0,0.0,0.4910612106323242,0.4494415819644928
0.4771798551082611,0.2741056978702545,0.4951997399330139,0.2516942024230957,0.456933319568634,0.2564769387245178,0.5253341794013977,0.2808052599430084,0.4341239035129547,0.2904131710529327,0.5791665315628052,0.4423155784606933,0.3930571377277374,0.4615184366703033,0.6614777445793152,0.5996847748756409,0.3255283236503601,0.6363533139228821,0.7400318384170532,0.5609143376350403,0.2527562975883484,0.5468283891677856,0.5593457818031311,0.8150325417518616,0.4442510306835174,0.8292520642280579,0.0,0.0,0.0,0.0,0.0,0.0,0.0,0.0,0.4854328632354736,0.4509283900260925
0.4885332286357879,0.2772454023361206,0.5065378546714783,0.2561039328575134,0.4672585427761078,0.2607562839984894,0.5386728048324585,0.2876428067684173,0.4427215456962585,0.298965185880661,0.5856347680091858,0.4480867683887481,0.4024171233177185,0.4573324024677276,0.6765686273574829,0.600291907787323,0.3322482407093048,0.6235532164573669,0.7166562080383301,0.4651821553707123,0.2858200073242187,0.4546981453895569,0.5666030049324036,0.8187322616577148,0.4487749636173248,0.8330089449882507,0.0,0.0,0.0,0.0,0.0,0.0,0.0,0.0,0.493013471364975,0.4517400562763214
0.5129347443580627,0.2887177765369415,0.5316764116287231,0.2674105763435364,0.4935892522335052,0.2727676331996918,0.5611833930015564,0.2973859906196594,0.4720593094825744,0.3109168708324432,0.6065834164619446,0.4514147937297821,0.4355354905128479,0.4630993008613586,0.70163494348526,0.5936084985733032,0.3556463122367859,0.6144317984580994,0.6981199979782104,0.4177303612232208,0.3365585803985595,0.4355085790157318,0.5897256135940552,0.8105085492134094,0.4747176766395569,0.8176919221878052,0.0,0.0,0.0,0.0,0.0,0.0,0.0,0.0,0.5201675295829773,0.4559738934040069
0.5410543084144592,0.2975841164588928,0.5617793798446655,0.278060644865036,0.5213547348976135,0.2823801338672638,0.593054473400116,0.3130818903446197,0.499131292104721,0.3201383650302887,0.6348385214805603,0.4622005522251129,0.4629565179347992,0.4661712646484375,0.7252349257469177,0.5863214731216431,0.3914335668087005,0.6222529411315918,0.7038297653198242,0.4210979342460632,0.3886868357658386,0.4350129067897796,0.6087488532066345,0.815301775932312,0.4921357333660126,0.8175826668739319,0.0,0.0,0.0,0.0,0.0,0.0,0.0,0.0,0.5461360216140747,0.4636459648609161
0.5422543287277222,0.3018367886543274,0.5637276768684387,0.2799486815929413,0.5226046442985535,0.2866717278957367,0.598347544670105,0.3127798438072204,0.5032578706741333,0.3247346878051758,0.6392067670822144,0.4625768959522247,0.4684281051158905,0.469145804643631,0.7241159677505493,0.5904359817504883,0.4002527296543121,0.6330533027648926,0.699364185333252,0.4308726787567138,0.3931582570075989,0.4496349692344665,0.6110206842422485,0.8143681287765503,0.4907301962375641,0.8170537948608398,0.0,0.0,0.0,0.0,0.0,0.0,0.0,0.0,0.5510551333427429,0.4649885296821594
0.5071631073951721,0.29691943526268,0.5273061990737915,0.2756181359291076,0.4882446825504303,0.2825268805027008,0.5605776906013489,0.3047745525836944,0.4679707586765289,0.3206703662872314,0.6043572425842285,0.457705408334732,0.4326193928718567,0.477435827255249,0.6901549696922302,0.6016592979431152,0.3588307201862335,0.6366357803344727,0.6833660006523132,0.4364341199398041,0.3316050171852112,0.4577896893024444,0.5821917653083801,0.826758861541748,0.4663498699665069,0.8336806893348694,0.0,0.0,0.0,0.0,0.0,0.0,0.0,0.0,0.5174129605293274,0.4660066068172455
0.4175736010074615,0.2753778994083404,0.4362860321998596,0.2549233138561249,0.3977833688259125,0.2603798508644104,0.4685129821300506,0.2872096598148346,0.3771485686302185,0.3013406693935394,0.5151205062866211,0.4528741538524627,0.3361232578754425,0.4630115032196045,0.5947901010513306,0.6182884573936462,0.2602296471595764,0.6435419321060181,0.6360588073730469,0.5090975761413574,0.2096575051546096,0.4858357310295105,0.4778253734111786,0.8191317319869995,0.355836421251297,0.8234561085700989,0.0,0.0,0.0,0.0,0.0,0.0,0.0,0.0,0.4253637194633484,0.4570538103580475
0.3479080200195312,0.2555747628211975,0.3667652904987335,0.23207688331604,0.3263139128684997,0.2387590706348419,0.401822566986084,0.2664642930030823,0.3049029409885406,0.2844441831111908,0.4597620964050293,0.4345144629478454,0.264104962348938,0.4607638716697693,0.5281094312667847,0.6289685964584351,0.1873295307159423,0.6551530957221985,0.5828841328620911,0.5790734887123108,0.1167484372854232,0.5435165762901306,0.4302768111228943,0.8309853672981262,0.3029520809650421,0.8350124359130859,0.0,0.0,0.0,0.0,0.0,0.0,0.0,0.0,0.3600718975067138,0.4483126997947693
0.3312215209007263,0.2421541064977646,0.3518950343132019,0.2203364372253418,0.311055988073349,0.2237528413534164,0.3865091800689697,0.2550390958786011,0.2851100265979767,0.2660886645317077,0.4427487552165985,0.4311762154102325,0.2397407293319702,0.4532806575298309,0.4999708533287048,0.6572770476341248,0.1675006002187729,0.6642880439758301,0.5587309002876282,0.6377714276313782,0.0748012885451316,0.5705564618110657,0.403339684009552,0.8346921801567078,0.2732740044593811,0.8357917070388794,0.0,0.0,0.0,0.0,0.0,0.0,0.0,0.0,0.3402959704399109,0.4408144056797027
0.2697923183441162,0.1437554061412811,0.2979374229907989,0.1197879463434219,0.2466801702976226,0.1257970631122589,0.3438883125782013,0.1672700494527816,0.2220931947231292,0.1756563633680343,0.4142563641071319,0.3726257383823395,0.1636634171009063,0.3859723508358001,0.4753002524375915,0.6304411292076111,0.0774299949407577,0.6477234959602356,0.4840793907642364,0.4774374365806579,0.0089285718277096,0.4758675992488861,0.3501014411449432,0.879010796546936,0.1761997789144516,0.8663070797920227,0.0,0.0,0.0,0.0,0.0,0.0,0.0,0.0,0.2889161705970764,0.3770071864128113
0.2156232744455337,0.1089554205536842,0.2454328089952469,0.0825811773538589,0.190687671303749,0.0859364196658134,0.2932603657245636,0.1274402439594268,0.1611530482769012,0.1335625350475311,0.3623621165752411,0.3493407666683197,0.0980395674705505,0.3655901849269867,0.4543343186378479,0.5864604711532593,0.0128197371959686,0.5949936509132385,0.4470121562480926,0.3359105587005615,0.0,0.0,0.3003185391426086,0.8830131888389587,0.1159884184598922,0.8674670457839966,0.0,0.0,0.0,0.0,0.0,0.0,0.0,0.0,0.2287874221801757,0.3582355976104736
0.1845701783895492,0.0922404900193214,0.2156439870595932,0.0628221780061721,0.1592666208744049,0.0619747936725616,0.2625934481620788,0.1105271577835083,0.122806467115879,0.1139942035079002,0.3306117653846741,0.330107182264328,0.0610541813075542,0.3533887267112732,0.4399360120296478,0.5714356303215027,0.0,0.0,0.4130745232105255,0.3130683898925781,0.0,0.0,0.284212201833725,0.8851445317268372,0.0944974794983863,0.8803057670593262,0.0,0.0,0.0,0.0,0.0,0.0,0.0,0.0,0.1973897069692611,0.3438768684864044
0.2038962692022323,0.0880715176463127,0.2349354475736618,0.0583009608089923,0.1783827245235443,0.0589943416416645,0.2825438976287842,0.1072304844856262,0.1426087766885757,0.10422333329916,0.3486242592334747,0.3353586792945862,0.0784990116953849,0.3536838591098785,0.4575421810150146,0.5737003684043884,0.0089285718277096,0.5990239977836609,0.4323847591876983,0.3160883486270904,0.0,0.0,0.2999975383281708,0.8835209608078003,0.1110650822520256,0.8807206749916077,0.0,0.0,0.0,0.0,0.0,0.0,0.0,0.0,0.2153261601924896,0.346619576215744
0.2846061289310455,0.0915314182639122,0.3140457272529602,0.0644865334033966,0.2594774961471557,0.0635746568441391,0.3601398766040802,0.1097319796681404,0.2252196818590164,0.1084717661142349,0.4231465458869934,0.3437647223472595,0.1589446365833282,0.3507969081401825,0.5265297293663025,0.5838815569877625,0.0380051843822002,0.616726815700531,0.5324154496192932,0.3428123891353607,0.0089285718277096,0.3618147075176239,0.3756977021694183,0.8847852945327759,0.1862121969461441,0.8822705149650574,0.0,0.0,0.0,0.0,0.0,0.0,0.0,0.0,0.2918929159641266,0.3453241288661957
0.3326897919178009,0.0967106893658638,0.3612850606441498,0.0710412785410881,0.3071885108947754,0.0678897053003311,0.4045243561267853,0.1219200566411018,0.2653677761554718,0.1156620308756828,0.4655612409114837,0.3481382429599762,0.1988663375377655,0.3524552285671234,0.5690059065818787,0.5619007349014282,0.0658715963363647,0.5964592695236206,0.6245614886283875,0.3967399597167969,0.0106418179348111,0.3684444725513458,0.4070279896259308,0.8722838759422302,0.2207839041948318,0.8794273734092712,0.0,0.0,0.0,0.0,0.0,0.0,0.0,0.0,0.3326679170131683,0.3501968383789062
0.3876828551292419,0.103065513074398,0.4192554950714111,0.0767255872488021,0.3597997725009918,0.0754405111074447,0.4600345492362976,0.1302231103181839,0.3208048641681671,0.1272496730089187,0.510158896446228,0.3494643568992615,0.2459172904491424,0.3505260348320007,0.6198863387107849,0.5305705070495605,0.1327794045209884,0.5586839318275452,0.6965596079826355,0.4900082051753998,0.0457860715687274,0.4331253468990326,0.4339838624000549,0.8665983080863953,0.2568390071392059,0.8645048141479492,0.0,0.0,0.0,0.0,0.0,0.0,0.0,0.0,0.3773874938488006,0.3494503796100616
0.4064728319644928,0.1035382822155952,0.4380578398704529,0.0758457630872726,0.3811154365539551,0.0755366459488868,0.4806868433952331,0.1237319111824035,0.3426630198955536,0.1172331050038337,0.5241490602493286,0.3507069945335388,0.265044629573822,0.3431801497936249,0.6234577894210815,0.5145720839500427,0.1580124199390411,0.5403870344161987,0.7086267471313477,0.4981477558612823,0.063709445297718,0.4315758049488067,0.4374838769435882,0.8644413352012634,0.2644633054733276,0.8476063013076782,0.0,0.0,0.0,0.0,0.0,0.0,0.0,0.0,0.393251895904541,0.3466245830059051
0.3975067734718323,0.1026355996727943,0.4283851981163025,0.0736151561141014,0.3705480098724365,0.0749794393777847,0.4736628532409668,0.1178959384560585,0.3332550227642059,0.1213872954249382,0.5192289352416992,0.3530320823192596,0.2607236504554748,0.3451626598834991,0.6214843988418579,0.5456792712211609,0.1435108482837677,0.5602407455444336,0.6833248734474182,0.4151673316955566,0.0732129290699958,0.3826383948326111,0.4402387142181396,0.866555392742157,0.2662334740161896,0.8513437509536743,0.0,0.0,0.0,0.0,0.0,0.0,0.0,0.0,0.3858606219291687,0.3491879999637604
0.3833746016025543,0.1010153144598007,0.4153086245059967,0.0730805248022079,0.3561500608921051,0.0741964653134346,0.4599821269512176,0.1184970214962959,0.3213333487510681,0.1279241889715194,0.5091617703437805,0.3515195846557617,0.2513909041881561,0.3482607901096344,0.6137406229972839,0.5491417646408081,0.1239496991038322,0.572698175907135,0.6452797055244446,0.3337820470333099,0.0797452107071876,0.3342443406581878,0.4400512874126434,0.8715701699256897,0.2627713084220886,0.8686051368713379,0.0,0.0,0.0,0.0,0.0,0.0,0.0,0.0,0.3781169354915619,0.3500556647777557
0.3515167534351349,0.0956553965806961,0.3830116689205169,0.0671083852648735,0.3254156410694122,0.0682525783777237,0.4291841089725494,0.1135365590453147,0.2930498719215393,0.1209417432546615,0.4962701201438904,0.3484314382076263,0.2300587147474289,0.3489357531070709,0.597383439540863,0.5498175024986267,0.0858818739652633,0.5766422152519226,0.5858139991760254,0.2623296082019806,0.0912017226219177,0.2600894272327423,0.4223435223102569,0.8890044093132019,0.2383377850055694,0.8864213228225708,0.0,0.0,0.0,0.0,0.0,0.0,0.0,0.0,0.3659422993659973,0.3489636480808258
0.3322245180606842,0.0922881141304969,0.3644803166389465,0.0624457374215126,0.3069708049297333,0.0652700290083885,0.4118710160255432,0.1131769940257072,0.2746171355247497,0.1215832903981208,0.4732825756072998,0.3412606418132782,0.2100305259227752,0.3465423285961151,0.5853500366210938,0.5579754710197449,0.0631015375256538,0.5820013284683228,0.5530170798301697,0.2472247332334518,0.0927266255021095,0.2450955361127853,0.4147357940673828,0.8881988525390625,0.2214147597551345,0.8866909146308899,0.0,0.0,0.0,0.0,0.0,0.0,0.0,0.0,0.3442475199699402,0.3462397158145904
0.3099656701087951,0.0902732387185096,0.3408058583736419,0.0622930489480495,0.2846508920192718,0.0635900273919105,0.3877845108509063,0.1100645288825035,0.2511698603630066,0.1177082434296608,0.4448497891426086,0.3385579884052276,0.1849898993968963,0.3420620560646057,0.5612322092056274,0.557218074798584,0.0405106879770755,0.5936217308044434,0.5251867771148682,0.2675591111183166,0.0850721448659896,0.2737777233123779,0.3969042599201202,0.9150643944740297,0.2022630870342254,0.9032097458839417,0.0,0.0,0.0,0.0,0.0,0.0,0.0,0.0,0.3154864013195038,0.3409285545349121
0.3064671158790588,0.0946550592780113,0.3372027575969696,0.0635851994156837,0.2806682884693146,0.0651049613952636,0.382887452840805,0.1076963692903518,0.2448003441095352,0.1121455281972885,0.4405065476894378,0.3406996130943298,0.1746519953012466,0.3404277265071869,0.5586041808128357,0.5580906271934509,0.0205648504197597,0.6010082960128784,0.5293452143669128,0.2747482657432556,0.0731147676706314,0.2744362652301788,0.3938126266002655,0.9155372381210328,0.1953998655080795,0.9023882746696472,0.0,0.0,0.0,0.0,0.0,0.0,0.0,0.0,0.3086559474468231,0.3413274884223938
0.3187994360923767,0.0926177501678466,0.348113089799881,0.0621175430715084,0.29274383187294,0.0641534253954887,0.3945140838623047,0.1059920713305473,0.2576843202114105,0.1160140037536621,0.4533803462982178,0.3450627326965332,0.1877000629901886,0.3395044505596161,0.5771157145500183,0.5564865469932556,0.0475194081664085,0.5966309309005737,0.5711261034011841,0.2879605293273926,0.0659990981221199,0.2683171927928924,0.411397635936737,0.8847326040267944,0.2099318951368332,0.8835469484329224,0.0,0.0,0.0,0.0,0.0,0.0,0.0,0.0,0.319898784160614,0.3421549797058105
0.3758415281772613,0.0909482836723327,0.404208242893219,0.059632234275341,0.3496035933494568,0.0672567337751388,0.4528771042823791,0.0963605418801307,0.3185313045978546,0.1151349917054176,0.5139558911323547,0.3446497321128845,0.2519524097442627,0.3525740206241607,0.6373118758201599,0.5507202744483948,0.1164145693182945,0.5831419825553894,0.6793389320373535,0.3835349082946777,0.0759384781122207,0.3521155416965484,0.4617902636528015,0.8718368411064148,0.2729345560073852,0.8678680062294006,0.0,0.0,0.0,0.0,0.0,0.0,0.0,0.0,0.381299763917923,0.3500673174858093
0.4245555400848388,0.0824218466877937,0.4513491988182068,0.0525702498853206,0.3983995020389557,0.0604511313140392,0.5026810169219971,0.0870249643921852,0.3701284825801849,0.1083581671118736,0.5735298991203308,0.337771862745285,0.3020886778831482,0.3545915782451629,0.6909292936325073,0.5503949522972107,0.1842942386865615,0.5790761113166809,0.76040118932724,0.4502560198307037,0.1028124168515205,0.3937268555164337,0.5299197435379028,0.8849025368690491,0.3380597531795501,0.886668860912323,0.0,0.0,0.0,0.0,0.0,0.0,0.0,0.0,0.4350734055042267,0.3453886210918426
0.5005078315734863,0.0813936442136764,0.5297597050666809,0.0503816828131675,0.4730638861656189,0.0581258945167064,0.5829216241836548,0.0920503214001655,0.4423474967479706,0.1120949015021324,0.652906060218811,0.3318654596805572,0.3826864361763,0.353204995393753,0.7655853033065796,0.52892005443573,0.2607484757900238,0.5604774951934814,0.8635689616203308,0.5109544992446899,0.1529365628957748,0.4412983059883117,0.5993795990943909,0.8820766806602478,0.4081791937351227,0.885140061378479,0.0,0.0,0.0,0.0,0.0,0.0,0.0,0.0,0.5184975266456604,0.3437416553497314
0.5309939384460449,0.0790422782301902,0.5577822327613831,0.0435871556401252,0.5036264657974243,0.0551206655800342,0.6112118363380432,0.0831580162048339,0.4713281989097595,0.1138121336698532,0.6788350343704224,0.3301429152488708,0.4079448878765106,0.3551662862300873,0.795134961605072,0.5262588858604431,0.2908545434474945,0.5425989031791687,0.9021605849266052,0.536640465259552,0.153991013765335,0.4762554764747619,0.6271383166313171,0.8819770812988281,0.4296209514141083,0.8806341290473938,0.0,0.0,0.0,0.0,0.0,0.0,0.0,0.0,0.5412355661392212,0.3450715839862823
0.5362643003463745,0.0765185356140136,0.5635344386100769,0.041611909866333,0.5091452598571777,0.053217340260744,0.620705783367157,0.0807066038250923,0.478220522403717,0.1098767295479774,0.686248242855072,0.3236152529716491,0.4209633469581604,0.3535820841789245,0.8000568151473999,0.5129258036613464,0.2979907691478729,0.5335636734962463,0.9074800610542296,0.5611798763275146,0.1135730594396591,0.465215653181076,0.6246147155761719,0.8814409375190735,0.4322394430637359,0.8673281669616699,0.0,0.0,0.0,0.0,0.0,0.0,0.0,0.0,0.5521888136863708,0.3409834802150726
0.5287294983863831,0.0749832019209861,0.5559940934181213,0.041094709187746,0.5015124678611755,0.0539980232715606,0.6106444001197815,0.0798904821276664,0.46966552734375,0.1132934838533401,0.6786919832229614,0.3209969699382782,0.4034025967121124,0.3561755716800689,0.786448061466217,0.524014949798584,0.2783567011356354,0.5592548251152039,0.8727814555168152,0.49180868268013,0.1441143602132797,0.435682862997055,0.6200662851333618,0.8835269808769226,0.4255273044109344,0.8818598389625549,0.0,0.0,0.0,0.0,0.0,0.0,0.0,0.0,0.5393973588943481,0.3406941890716553
0.4799255430698395,0.0698165819048881,0.5076683759689331,0.0385767295956611,0.455157607793808,0.0468876957893371,0.5659303069114685,0.0909570679068565,0.4290675818920135,0.1031538620591163,0.6366156339645386,0.3274572193622589,0.3663544952869415,0.3546360433101654,0.7637104392051697,0.5277740359306335,0.2274527698755264,0.5755010843276978,0.7990485429763794,0.3072817921638489,0.1553241163492202,0.3181843161582947,0.59256511926651,0.9023480415344238,0.3988862335681915,0.8892736434936523,0.0,0.0,0.0,0.0,0.0,0.0,0.0,0.0,0.5017815828323364,0.3414154350757599
0.4426063001155853,0.0669096037745475,0.4721286594867706,0.0190581250935792,0.4190186560153961,0.0408082567155361,0.5285247564315796,0.0739024057984352,0.3932628631591797,0.0976732894778251,0.603739857673645,0.3183619976043701,0.3356827199459076,0.3437542617321014,0.7351037859916687,0.5206025838851929,0.1813787370920181,0.576626181602478,0.7178710699081421,0.2241255491971969,0.1665540486574173,0.2554121315479278,0.5583747029304504,0.9166615605354308,0.3592529296875,0.9029253125190736,0.0,0.0,0.0,0.0,0.0,0.0,0.0,0.0,0.4686994850635528,0.3323288559913635
0.4400128424167633,0.0392126962542533,0.4716005325317383,0.0089285718277096,0.4124823212623596,0.0089285718277096,0.5290177464485168,0.0447321273386478,0.3862151801586151,0.0680461078882217,0.6089692711830139,0.2992031872272491,0.3370243906974792,0.326815664768219,0.7458016276359558,0.5231391787528992,0.1862263232469558,0.5957427620887756,0.6870481371879578,0.1723731905221939,0.2041184604167938,0.2463725060224533,0.5650849342346191,0.9231115579605104,0.3603871464729309,0.9223523139953612,0.0,0.0,0.0,0.0,0.0,0.0,0.0,0.0,0.47062748670578,0.310710608959198
0.460021436214447,0.0164369605481624,0.4886901080608368,0.0089285718277096,0.428499311208725,0.0089285718277096,0.5456597208976746,0.0469265542924404,0.402940571308136,0.0668825209140777,0.6355052590370178,0.2911082804203033,0.3508491218090057,0.3248536586761474,0.7726190686225891,0.5256918668746948,0.199631780385971,0.5990422368049622,0.7304471731185913,0.1732158213853836,0.1894169896841049,0.2623322606086731,0.5801509022712708,0.9370779991149902,0.3767426609992981,0.9354440569877625,0.0,0.0,0.0,0.0,0.0,0.0,0.0,0.0,0.490222305059433,0.3052257597446441
0.4747523665428161,0.0089285718277096,0.0,0.0,0.4421935677528381,0.0089285718277096,0.5657690763473511,0.0393583849072456,0.4182278215885162,0.0572219714522361,0.652775228023529,0.2888842225074768,0.3636795878410339,0.3259942233562469,0.7993836402893066,0.5248947739601135,0.2155280113220214,0.5958529114723206,0.8081741333007812,0.2185211479663849,0.1699752509593963,0.2710831463336944,0.603220522403717,0.92489892244339,0.391157329082489,0.9228953123092652,0.0,0.0,0.0,0.0,0.0,0.0,0.0,0.0,0.5070334076881409,0.3069396317005157
0.4967286884784698,0.0089285718277096,0.0,0.0,0.0,0.0,0.5961433053016663,0.0089285718277096,0.4340346753597259,0.0243132449686527,0.6752590537071228,0.276712566614151,0.3709384799003601,0.3129632472991943,0.8139401078224182,0.5104984045028687,0.2217798978090286,0.5819874405860901,0.8867388963699341,0.3223775029182434,0.1107465103268623,0.3369738459587097,0.6164454221725464,0.9198370575904846,0.4056426584720611,0.9057213068008424,0.0,0.0,0.0,0.0,0.0,0.0,0.0,0.0,0.5227251648902893,0.2938060164451599
0.4828743636608124,0.0089285718277096,0.0,0.0,0.0,0.0,0.5936152338981628,0.0089285718277096,0.4268544614315033,0.0089285718277096,0.6702986359596252,0.2714900374412536,0.3635662198066711,0.3153505027294159,0.802092969417572,0.514045774936676,0.2215427905321121,0.5837590098381042,0.883752703666687,0.3915640711784363,0.0836220309138298,0.3919081687927246,0.6111462712287903,0.9165624976158142,0.4026548564434051,0.9019362330436708,0.0,0.0,0.0,0.0,0.0,0.0,0.0,0.0,0.5166283249855042,0.2918151915073395
0.4606783986091614,0.0089285718277096,0.0,0.0,0.0,0.0,0.5621045827865601,0.0089285718277096,0.4056475758552551,0.0363825969398021,0.6430667042732239,0.2665418684482574,0.3478271663188934,0.3167300820350647,0.7828787565231323,0.5096198916435242,0.2042782306671142,0.5917049646377563,0.8694714307785034,0.3815328180789947,0.0337005481123924,0.4620493948459625,0.5922579765319824,0.9028837084770204,0.3799532055854797,0.8986304998397827,0.0,0.0,0.0,0.0,0.0,0.0,0.0,0.0,0.4922676384449005,0.2884884476661682
0.4085761606693268,0.0089285718277096,0.0,0.0,0.0,0.0,0.5148935914039612,0.0089285718277096,0.3584706485271454,0.0200733840465545,0.6000865697860718,0.2669914066791534,0.2986399829387665,0.318981260061264,0.7637630105018616,0.515850305557251,0.1670946627855301,0.5947937369346619,0.8445616364479065,0.579482913017273,0.0,0.0,0.5563825964927673,0.900431215763092,0.3464421331882477,0.8851647973060608,0.0,0.0,0.0,0.0,0.0,0.0,0.0,0.0,0.4495112895965576,0.2897204458713531
0.3913981914520263,0.0089285718277096,0.0,0.0,0.360692411661148,0.0089285718277096,0.493771344423294,0.0089285718277096,0.3354078233242035,0.0355698205530643,0.5768061876296997,0.2691333889961242,0.2803581058979034,0.3216980993747711,0.7417477369308472,0.5135493874549866,0.1492113023996353,0.594542920589447,0.793872058391571,0.5005868673324585,0.0,0.0,0.5325804352760315,0.889864981174469,0.3265288174152374,0.8850709795951843,0.0,0.0,0.0,0.0,0.0,0.0,0.0,0.0,0.4278763234615326,0.2931974232196808
0.3722748756408691,0.0089285718277096,0.4043791592121124,0.0089285718277096,0.3427154421806335,0.0089285718277096,0.4687690734863281,0.0168847646564245,0.3202707469463348,0.0467750541865825,0.5568948984146118,0.2829577326774597,0.2595223784446716,0.3283010423183441,0.6721684336662292,0.5262306332588196,0.1274023205041885,0.6095934510231018,0.730171799659729,0.4004760682582855,0.0,0.0,0.5056318640708923,0.8887885212898254,0.295369416475296,0.8861355185508728,0.0,0.0,0.0,0.0,0.0,0.0,0.0,0.0,0.4087457358837127,0.3049787580966949
0.3612319827079773,0.0135649675503373,0.3951783776283264,0.0089285718277096,0.3293916285037994,0.0089285718277096,0.4574576020240783,0.0190698709338903,0.3008367419242859,0.0489522516727447,0.5354052782058716,0.2945279777050018,0.2451612055301666,0.332403689622879,0.6544771194458008,0.5521785020828247,0.1079201027750969,0.6115850210189819,0.6799570322036743,0.3654208779335022,0.0144014749675989,0.3926829993724823,0.4905217587947845,0.9019868969917296,0.2841420173645019,0.9004904627799988,0.0,0.0,0.0,0.0,0.0,0.0,0.0,0.0,0.3936933875083923,0.3127501904964447
0.365921676158905,0.0210518930107355,0.3984971940517425,0.0089285718277096,0.3358957469463348,0.0089285718277096,0.4570828378200531,0.0401456020772457,0.3071868419647217,0.0591163709759712,0.5371319055557251,0.2938236594200134,0.252314805984497,0.3338295519351959,0.6547571420669556,0.5559810996055603,0.1127710714936256,0.6076894402503967,0.6582732796669006,0.3097369372844696,0.0549637116491794,0.3123380839824676,0.4967662692070007,0.9048188924789428,0.2881975471973419,0.9059914350509644,0.0,0.0,0.0,0.0,0.0,0.0,0.0,0.0,0.3959143161773681,0.3146105110645294
0.3943474888801574,0.0364537499845027,0.4243225157260895,0.0089285718277096,0.362880676984787,0.0089285718277096,0.4824183881282806,0.0508781857788562,0.335081547498703,0.0837254524230957,0.5646067261695862,0.3063166737556457,0.2765227854251861,0.3344345390796661,0.6858758330345154,0.5591801404953003,0.1456583887338638,0.6112713813781738,0.6545061469078064,0.263829231262207,0.1219478994607925,0.3131367266178131,0.5142547488212585,0.905563473701477,0.3090786337852478,0.9044370651245116,0.0,0.0,0.0,0.0,0.0,0.0,0.0,0.0,0.4213743805885315,0.3202868998050689
0.4173413813114166,0.0432400777935981,0.4475721418857574,0.0089285718277096,0.3898583054542541,0.0128079028800129,0.501338541507721,0.0610451735556125,0.3634335398674011,0.0903449654579162,0.5830214619636536,0.3106096386909485,0.3061422705650329,0.3329353630542755,0.7013202905654907,0.55999356508255,0.1728464514017105,0.6148405075073242,0.6626058220863342,0.2618686258792877,0.167105033993721,0.2921312749385834,0.529002845287323,0.9197217226028442,0.3287839889526367,0.9038212895393372,0.0,0.0,0.0,0.0,0.0,0.0,0.0,0.0,0.4438648521900177,0.3219043910503387
0.4373636245727539,0.0521236769855022,0.4683316349983215,0.0089285718277096,0.4138059616088867,0.0160505343228578,0.5273305177688599,0.0648211613297462,0.3901109993457794,0.0936109498143196,0.5998419523239136,0.3088904023170471,0.3331682682037353,0.3371666967868805,0.726646363735199,0.5715745091438293,0.2076560258865356,0.625780463218689,0.6673324704170227,0.2538022398948669,0.2111256271600723,0.2977295517921448,0.5504770874977112,0.9072675108909608,0.3505334258079529,0.9046688675880432,0.0,0.0,0.0,0.0,0.0,0.0,0.0,0.0,0.4662816822528839,0.3222462236881256
0.452875554561615,0.05704141035676,0.4815386235713959,0.0134436804801225,0.4277185797691345,0.0213768016546964,0.5378370881080627,0.0738287940621376,0.4018495678901672,0.1000795140862464,0.6129139065742493,0.3091658651828766,0.3443008065223694,0.3400423228740692,0.730694591999054,0.5729001760482788,0.2218161076307296,0.6194921731948853,0.6811156272888184,0.2602469325065613,0.2151485681533813,0.3010222017765045,0.5601943731307983,0.9196301102638244,0.3627537786960602,0.9047697186470032,0.0,0.0,0.0,0.0,0.0,0.0,0.0,0.0,0.4759534895420074,0.3227820098400116
0.4656617343425751,0.0638240948319435,0.4958045184612274,0.0191909540444612,0.4398718774318695,0.0392610542476177,0.5507274866104126,0.0823104754090309,0.4112381637096405,0.0965866446495056,0.6274095177650452,0.3150856792926788,0.3523044884204864,0.3480457663536072,0.7498220801353455,0.557222306728363,0.2258560508489608,0.6104331612586975,0.7456760406494141,0.2950541377067566,0.1854611188173294,0.3221879005432129,0.5737374424934387,0.9213996529579164,0.3708705604076385,0.9200466871261596,0.0,0.0,0.0,0.0,0.0,0.0,0.0,0.0,0.4872090220451355,0.3313529789447784
0.4734404683113098,0.065431885421276,0.5036775469779968,0.0193596594035625,0.4485508799552917,0.0405558012425899,0.5632197856903076,0.0797479376196861,0.4223435819149017,0.094543881714344,0.6365839242935181,0.3176866471767425,0.3583943247795105,0.3500535786151886,0.7642607092857361,0.5411897897720337,0.2261551469564438,0.5914885401725769,0.8130345940589905,0.3881985545158386,0.1386854350566864,0.3934615552425384,0.5828854441642761,0.8888993859291077,0.3864869773387909,0.89759761095047,0.0,0.0,0.0,0.0,0.0,0.0,0.0,0.0,0.498250663280487,0.3353781700134277
0.4824307560920715,0.0645394474267959,0.513239324092865,0.0357680059969425,0.4578568339347839,0.0414224341511726,0.5713539719581604,0.0832827910780906,0.4323394298553467,0.0990257486701011,0.6428505778312683,0.3148612082004547,0.3616781830787658,0.3473013341426849,0.7681034207344055,0.5370802283287048,0.2310395240783691,0.5803799033164978,0.8489848971366882,0.4724159240722656,0.1140436977148056,0.4305548667907715,0.5822346806526184,0.8862332105636597,0.3898177742958069,0.8857781291007996,0.0,0.0,0.0,0.0,0.0,0.0,0.0,0.0,0.5039546489715576,0.3316509127616882
0.500684916973114,0.0625843927264213,0.5323978066444397,0.0196310877799987,0.4770658612251282,0.036074910312891,0.5861130356788635,0.0823667719960212,0.4439974427223205,0.0971803441643714,0.6558088660240173,0.3149214386940002,0.3732272684574127,0.3411195576190948,0.7762469053268433,0.5225769281387329,0.2338269650936126,0.5602270364761353,0.8658102750778198,0.5497682690620422,0.063203677535057,0.5022424459457397,0.5812176465988159,0.8829350471496582,0.3897075355052948,0.8698901534080505,0.0,0.0,0.0,0.0,0.0,0.0,0.0,0.0,0.5154872536659241,0.3269706666469574
0.5072091817855835,0.0617455914616584,0.537503182888031,0.0170104131102561,0.4835109412670135,0.0208794735372066,0.591457188129425,0.0747653394937515,0.4502142965793609,0.0884009823203086,0.6582933664321899,0.3135502934455871,0.3790545761585235,0.336069792509079,0.7581823468208313,0.51139897108078,0.2396841347217559,0.5524739623069763,0.8535710573196411,0.6040409207344055,0.0596420057117939,0.5435061454772949,0.5786889791488647,0.8853424191474915,0.3834642469882965,0.8688983917236328,0.0,0.0,0.0,0.0,0.0,0.0,0.0,0.0,0.5196652412414551,0.3232018053531647
0.5025396347045898,0.0582413859665393,0.5348754525184631,0.0151406778022646,0.4782561361789703,0.0174780394881963,0.5892328023910522,0.069346472620964,0.4462433755397796,0.0857772901654243,0.6612018942832947,0.3101067841053009,0.3792709708213806,0.3343038558959961,0.7742646336555481,0.5356298685073853,0.238844633102417,0.5635600090026855,0.8492603898048401,0.5460496544837952,0.0696840360760688,0.526887834072113,0.5781993865966797,0.8875247240066528,0.38373464345932,0.8703360557556152,0.0,0.0,0.0,0.0,0.0,0.0,0.0,0.0,0.5205019116401672,0.3207239508628845
0.4815645813941955,0.0552444234490394,0.5117152333259583,0.015410472638905,0.4559693336486816,0.0211224537342786,0.5700730681419373,0.073947288095951,0.4302989840507507,0.0957432240247726,0.6474176049232483,0.3106537163257599,0.3603539168834686,0.3385041058063507,0.7532722353935242,0.5457379221916199,0.2233298122882843,0.5774904489517212,0.7963054776191711,0.4495356380939483,0.0830269306898117,0.4230602383613586,0.5692178606987,0.9023515582084656,0.3730066120624542,0.8873369097709656,0.0,0.0,0.0,0.0,0.0,0.0,0.0,0.0,0.5038325190544128,0.3242934644222259
0.458958089351654,0.056662131100893,0.4866917133331299,0.0139444600790739,0.4331985414028168,0.0366893447935581,0.5433796048164368,0.0697917342185974,0.40459805727005,0.0993590503931045,0.6156306862831116,0.3096669614315033,0.3344784677028656,0.3382711708545685,0.726564347743988,0.5435090661048889,0.2005404233932495,0.5903770327568054,0.7472732663154602,0.3697149157524109,0.0917319059371948,0.3806470930576324,0.5559963583946228,0.8865798115730286,0.3546796441078186,0.8712677955627441,0.0,0.0,0.0,0.0,0.0,0.0,0.0,0.0,0.4749232232570648,0.3237678706645965
0.4267899394035339,0.0545362569391727,0.4578187465667724,0.0164279751479625,0.4016342163085937,0.0359980203211307,0.51217120885849,0.0742769390344619,0.3758104145526886,0.099465511739254,0.5831332802772522,0.3115802705287933,0.308205783367157,0.3443073332309723,0.692375659942627,0.5414944291114807,0.168028712272644,0.5892602801322937,0.711423933506012,0.3099373281002044,0.0940617993474006,0.3359327316284179,0.5248323082923889,0.9050192832946776,0.3279206156730652,0.8870030045509338,0.0,0.0,0.0,0.0,0.0,0.0,0.0,0.0,0.4441036283969879,0.3296704888343811
0.3827998340129852,0.0670701563358306,0.4119758009910583,0.0203196983784437,0.3575739860534668,0.0422294214367866,0.4675504565238952,0.0720355957746505,0.3298610746860504,0.0973995700478553,0.5394943952560425,0.31777024269104,0.2618403434753418,0.3426132202148437,0.6529331207275391,0.5661101937294006,0.1203552111983299,0.5990288853645325,0.6325794458389282,0.285065621137619,0.0995461121201515,0.3089368641376495,0.4794252216815948,0.9054650664329528,0.2799791693687439,0.9022690057754515,0.0,0.0,0.0,0.0,0.0,0.0,0.0,0.0,0.4010323584079742,0.3318024575710296
0.3662144243717193,0.0669999122619628,0.3961330354213714,0.0224446319043636,0.342642605304718,0.0405057072639465,0.4502003490924835,0.0760901644825935,0.3147626221179962,0.09418236464262,0.5247964262962341,0.3278377056121826,0.2521215081214905,0.3452773690223694,0.6346615552902222,0.5721732974052429,0.1145477294921875,0.609735906124115,0.6024379134178162,0.2673216462135315,0.106674738228321,0.3021741211414337,0.4664296805858612,0.8998450040817261,0.2720674574375152,0.8974886536598206,0.0,0.0,0.0,0.0,0.0,0.0,0.0,0.0,0.386991947889328,0.3399378359317779
0.3709554374217987,0.0754469782114029,0.4007963240146637,0.0425950065255165,0.346187561750412,0.0509557351469993,0.4550042748451233,0.0788367316126823,0.3194136023521423,0.0993634909391403,0.5241051316261292,0.3392324447631836,0.2600433230400085,0.3465814590454101,0.6308545470237732,0.5860557556152344,0.142500564455986,0.6300168633460999,0.6019997000694275,0.2970750629901886,0.1385646313428878,0.3227035105228424,0.4688891768455505,0.9019683599472046,0.2787454128265381,0.8996239304542542,0.0,0.0,0.0,0.0,0.0,0.0,0.0,0.0,0.3942184746265411,0.3460147976875305
0.4055478572845459,0.0914917141199112,0.4351960122585296,0.0590507984161376,0.3804300427436828,0.0686443597078323,0.4875637590885162,0.0971232131123542,0.353913277387619,0.116123117506504,0.5514399409294128,0.3377489745616913,0.2962443232536316,0.3550037443637848,0.6556513905525208,0.5826296210289001,0.1761337667703628,0.6126865744590759,0.6531843543052673,0.3359158039093017,0.1513668745756149,0.3438216745853424,0.502778947353363,0.8878215551376343,0.3167715668678283,0.884774386882782,0.0,0.0,0.0,0.0,0.0,0.0,0.0,0.0,0.4246975481510162,0.3461298048496246
0.442152738571167,0.1112533882260322,0.4702503681182861,0.079406514763832,0.4191078841686249,0.085987664759159,0.5201875567436218,0.1168949827551841,0.3931480944156647,0.1336457431316375,0.5839101672172546,0.3539295494556427,0.3304056525230407,0.3656825423240661,0.7004887461662292,0.5725516676902771,0.2122975885868072,0.5981757044792175,0.733588695526123,0.3990824222564697,0.1456265449523925,0.3999180495738983,0.5371307730674744,0.8883839845657349,0.354080468416214,0.8859571814537048,0.0,0.0,0.0,0.0,0.0,0.0,0.0,0.0,0.4563790261745453,0.358477383852005
0.4750625491142273,0.1077214628458023,0.5022415518760681,0.0812506452202797,0.4499579966068268,0.087764672935009,0.5488072633743286,0.1223395094275474,0.4163362681865692,0.1402346044778823,0.6162371039390564,0.3581216037273407,0.3527631163597107,0.3710855841636657,0.7249054908752441,0.574951171875,0.2350458204746246,0.5846139788627625,0.7912683486938477,0.4592723250389099,0.1503455936908722,0.4334643483161926,0.5529959797859192,0.8655377626419067,0.3694390654563904,0.8658427596092224,0.0,0.0,0.0,0.0,0.0,0.0,0.0,0.0,0.4812974333763122,0.364372044801712
0.4990213811397552,0.1099784299731254,0.5292444229125977,0.0822014883160591,0.4756845533847809,0.0881703943014144,0.5785378217697144,0.1216612085700035,0.4486697018146515,0.1359633058309555,0.6428263783454895,0.3598376810550689,0.3778665959835052,0.363469660282135,0.7409368753433228,0.554253339767456,0.25612273812294,0.5761252641677856,0.8355398774147034,0.5761839747428894,0.129468098282814,0.4768746197223663,0.559005856513977,0.8657066226005554,0.3848905563354492,0.8511368632316589,0.0,0.0,0.0,0.0,0.0,0.0,0.0,0.0,0.5101930499076843,0.359445184469223
0.5013787150382996,0.1088140830397605,0.5314871668815613,0.0813441276550293,0.4774065315723419,0.0875147432088851,0.5826320052146912,0.122261106967926,0.4502892792224884,0.1339309066534042,0.6416007280349731,0.3574952185153961,0.3795802593231201,0.3618140518665313,0.7481252551078796,0.5582355856895447,0.2492835223674774,0.5737423300743103,0.8474744558334351,0.6149211525917053,0.0987583026289939,0.4954409599304199,0.555759608745575,0.8650326728820801,0.3810267746448517,0.8494368195533752,0.0,0.0,0.0,0.0,0.0,0.0,0.0,0.0,0.5105588436126709,0.3582617938518524
0.48004812002182,0.1074381992220878,0.5088575482368469,0.0773385241627693,0.4553554058074951,0.0838214010000228,0.5607799291610718,0.1161988154053688,0.4252366423606872,0.1308069974184036,0.6274246573448181,0.3471244871616363,0.356878787279129,0.3624558746814728,0.7248640060424805,0.5678022503852844,0.2389527559280395,0.5904237627983093,0.7966858744621277,0.536085307598114,0.1202446371316909,0.4774513244628906,0.5475332736968994,0.868949294090271,0.3652856051921844,0.8674205541610718,0.0,0.0,0.0,0.0,0.0,0.0,0.0,0.0,0.4928517937660217,0.3549924492835998
0.4543197751045227,0.1009142622351646,0.4828931391239166,0.0754561275243759,0.4304009974002838,0.0794034749269485,0.5302955508232117,0.1190456971526146,0.3992982506752014,0.1319043189287185,0.5955764055252075,0.3505354821681976,0.3277555406093597,0.3618276417255401,0.7041252255439758,0.5688099265098572,0.2101491242647171,0.5931462645530701,0.7599337697029114,0.4405412077903747,0.1140319928526878,0.4279328882694244,0.5314984917640686,0.8824670910835266,0.3479305803775787,0.8698762059211731,0.0,0.0,0.0,0.0,0.0,0.0,0.0,0.0,0.4588648974895477,0.3544563949108124
0.3858217298984527,0.088926188647747,0.4150538742542267,0.0615604110062122,0.3606212735176086,0.0683406218886375,0.4657056629657745,0.1067257598042488,0.3317148685455322,0.1220578923821449,0.5279797911643982,0.3388308882713318,0.2646602094173431,0.3551016747951507,0.6389456391334534,0.5712989568710327,0.12998928129673,0.599511981010437,0.6580310463905334,0.3309260308742523,0.083912082016468,0.3574869632720947,0.4676592350006103,0.8859454989433289,0.2719630599021911,0.8831351399421692,0.0,0.0,0.0,0.0,0.0,0.0,0.0,0.0,0.3950790464878082,0.3498247563838959
0.3384342193603515,0.0847468748688697,0.3699224889278412,0.0537698194384574,0.3149667680263519,0.0605828054249286,0.4243172705173492,0.0959780067205429,0.2914067804813385,0.1066299229860305,0.4933705031871795,0.3396452367305755,0.2263745963573455,0.3529539406299591,0.5917168855667114,0.5739401578903198,0.08103609085083,0.6074767112731934,0.6005012392997742,0.3098187446594238,0.06450717151165,0.3059181869029999,0.4242268204689026,0.8872677087783813,0.2338456958532333,0.8888864517211914,0.0,0.0,0.0,0.0,0.0,0.0,0.0,0.0,0.3623884618282318,0.3495295941829681
0.2963248789310455,0.0814719125628471,0.3286846280097961,0.0458315126597881,0.2741531133651733,0.0522699430584907,0.3859838545322418,0.0831575170159339,0.2487423717975616,0.0991246178746223,0.4495477974414825,0.3365602791309356,0.1740759760141372,0.3414287567138672,0.5499247312545776,0.598763108253479,0.047236431390047,0.6246780157089233,0.538411021232605,0.3113496005535126,0.0574152059853076,0.2946860492229461,0.3879510760307312,0.9059391617774964,0.1912000179290771,0.9014473557472228,0.0,0.0,0.0,0.0,0.0,0.0,0.0,0.0,0.3124903738498688,0.3402939736843109
0.287220686674118,0.0749629363417625,0.3182797431945801,0.0423776768147945,0.2646671235561371,0.0454555340111255,0.3792747855186462,0.0795777887105941,0.23941071331501,0.0918706208467483,0.4399859309196472,0.3347159326076507,0.169981762766838,0.3372842967510223,0.5392454266548157,0.5994516611099243,0.0448472201824188,0.6282557249069214,0.5228930115699768,0.3104403614997864,0.0583319328725338,0.2964160740375519,0.3871647417545318,0.9181389212608336,0.1899421513080597,0.9054560661315918,0.0,0.0,0.0,0.0,0.0,0.0,0.0,0.0,0.3055087625980377,0.3362331986427307
0.295331209897995,0.0740542784333229,0.3266520798206329,0.0418001525104045,0.2733895480632782,0.0446393676102161,0.3853550553321838,0.0804789736866951,0.2467443645000457,0.0884093567728996,0.4484973549842834,0.3373258411884308,0.1715671867132187,0.3416488170623779,0.5521264672279358,0.5926811099052429,0.0491608306765556,0.6288720965385437,0.5409179329872131,0.309064120054245,0.057543147355318,0.2973681986331939,0.397720605134964,0.9168692827224731,0.199168398976326,0.9033678770065308,0.0,0.0,0.0,0.0,0.0,0.0,0.0,0.0,0.3111408054828644,0.3405515849590301
0.3648760318756103,0.0879047140479087,0.3934185802936554,0.0575158298015594,0.3385365903377533,0.0591440014541149,0.4396698772907257,0.102123774588108,0.3033287227153778,0.1035401821136474,0.5043988823890686,0.343911349773407,0.2388413697481155,0.3536820113658905,0.6101046204566956,0.5661231875419617,0.1004865616559982,0.6013286709785461,0.6440885663032532,0.3990872502326965,0.0625575333833694,0.3792003691196441,0.4520367681980133,0.8804112672805786,0.2615293264389038,0.8851242065429688,0.0,0.0,0.0,0.0,0.0,0.0,0.0,0.0,0.3720234036445617,0.3505063951015472
0.4449633061885834,0.100447379052639,0.4721719324588775,0.0754133388400077,0.4186845123767853,0.0768370106816291,0.5119100213050842,0.117868885397911,0.3803412616252899,0.1224697455763816,0.5707203149795532,0.3421689569950104,0.3120120465755462,0.3555198013782501,0.6748861074447632,0.4881143867969513,0.2025418430566787,0.54609614610672,0.7283458709716797,0.464637815952301,0.09694354981184,0.4660498201847076,0.532478392124176,0.879382312297821,0.3455406129360199,0.8687766790390015,0.0,0.0,0.0,0.0,0.0,0.0,0.0,0.0,0.4407191872596741,0.3469626605510711
0.4983574450016022,0.1076958924531936,0.5272894501686096,0.0804279446601867,0.471931904554367,0.0822123363614082,0.5674018263816833,0.1233691424131393,0.4323038756847381,0.1289428025484085,0.6279417276382446,0.3445920050144195,0.3658034205436706,0.3640436828136444,0.7297722101211548,0.5033107399940491,0.2755378484725952,0.5524517893791199,0.7759493589401245,0.4436855018138885,0.1777078211307525,0.4811713099479675,0.5821441411972046,0.8511326909065247,0.4070887565612793,0.8670231699943542,0.0,0.0,0.0,0.0,0.0,0.0,0.0,0.0,0.4959995150566101,0.3533492982387543
0.5311974287033081,0.1197249963879585,0.5591674447059631,0.0902494937181472,0.502407431602478,0.0954077839851379,0.6012654304504395,0.1346126496791839,0.467616319656372,0.1435529440641403,0.6643239259719849,0.3561776578426361,0.4013709723949432,0.3696002662181854,0.7412551045417786,0.5898726582527161,0.3132567107677459,0.5988643765449524,0.7633655667304993,0.4164245724678039,0.2770071923732757,0.4231957793235779,0.6170549392700195,0.8859798312187195,0.4282848834991455,0.9027339220046996,0.0,0.0,0.0,0.0,0.0,0.0,0.0,0.0,0.5325571298599243,0.3632249534130096
0.5234557390213013,0.1230412721633911,0.5525721907615662,0.0945417955517768,0.4952947199344635,0.1023108288645744,0.5994165539741516,0.1406892389059066,0.4683840572834015,0.1540557891130447,0.6645175218582153,0.3592704236507416,0.4029544293880462,0.3736359477043152,0.7312461137771606,0.633294403553009,0.3270851969718933,0.6539888381958008,0.6940277218818665,0.3613193035125732,0.3423669338226318,0.3491174876689911,0.6231302618980408,0.9013521075248718,0.4357485175132751,0.9063931703567504,0.0,0.0,0.0,0.0,0.0,0.0,0.0,0.0,0.5382336378097534,0.3664271533489227
0.5139626860618591,0.122951291501522,0.5433967113494873,0.0926522612571716,0.4886327385902405,0.0998663380742073,0.5909034013748169,0.1315711289644241,0.4635822474956512,0.1487521380186081,0.657470166683197,0.3547250926494598,0.4015519320964813,0.3681011795997619,0.7291242480278015,0.6284890174865723,0.3214081823825836,0.653282642364502,0.6855159997940063,0.3596164286136627,0.3363397419452667,0.3462211489677429,0.6165914535522461,0.9003476500511169,0.4305105209350586,0.9062287211418152,0.0,0.0,0.0,0.0,0.0,0.0,0.0,0.0,0.5319191813468933,0.3608501255512237
0.4955749809741974,0.1088768020272255,0.5244290232658386,0.0811584666371345,0.4705395698547363,0.0883454009890556,0.5733867287635803,0.1259595900774002,0.4427056312561035,0.1363263428211212,0.6455620527267456,0.3482639193534851,0.3835195899009704,0.3629094064235687,0.7159579396247864,0.6160014271736145,0.2911818027496338,0.6385046243667603,0.685256838798523,0.3631056249141693,0.3045455515384674,0.3353137969970703,0.5845760107040405,0.8839444518089294,0.4053731858730316,0.8989860415458679,0.0,0.0,0.0,0.0,0.0,0.0,0.0,0.0,0.5151073336601257,0.3531967103481293
0.4697896838188171,0.1060293465852737,0.4981243014335632,0.0771537870168685,0.4436578750610351,0.0854063406586647,0.5472676157951355,0.1213823035359382,0.4144382178783417,0.136858657002449,0.6099876165390015,0.3462768495082855,0.3507278263568878,0.3623092174530029,0.6973270773887634,0.5916042327880859,0.2553216516971588,0.6225056648254395,0.6818265318870544,0.3695057928562164,0.2557477355003357,0.3793341219425201,0.5671836733818054,0.886668860912323,0.3813306987285614,0.8888711333274841,0.0,0.0,0.0,0.0,0.0,0.0,0.0,0.0,0.4815522134304046,0.3545498847961426
0.4293119609355926,0.0990758165717125,0.4574912488460541,0.073351040482521,0.4032997786998749,0.0749430730938911,0.5044388175010681,0.1156258359551429,0.3698386251926422,0.1196455433964729,0.5735441446304321,0.3420495986938476,0.299283355474472,0.3505089879035949,0.6555805206298828,0.565474808216095,0.2035782784223556,0.5982412695884705,0.6740338206291199,0.4460344016551971,0.173968568444252,0.4361795485019684,0.5149060487747192,0.8821473717689514,0.3306521475315094,0.8837235569953918,0.0,0.0,0.0,0.0,0.0,0.0,0.0,0.0,0.4354586601257324,0.3447683155536651
0.3700808882713318,0.0916937664151191,0.399461954832077,0.0596910193562507,0.3436895310878753,0.0669140443205833,0.4481864273548126,0.0977450162172317,0.3120499551296234,0.1197780147194862,0.5179739594459534,0.3315455913543701,0.2395891100168228,0.3503317832946777,0.6489482522010803,0.5470527410507202,0.1499631851911544,0.5838984847068787,0.6586767435073853,0.5003544092178345,0.0587142519652843,0.5468481183052063,0.4622140526771545,0.8645922541618347,0.2783083021640777,0.8510366678237915,0.0,0.0,0.0,0.0,0.0,0.0,0.0,0.0,0.3801459968090057,0.3420990407466888
0.3330495357513428,0.0899547860026359,0.3613593578338623,0.0527113005518913,0.306930273771286,0.0603438057005405,0.4135575890541076,0.0912007763981819,0.2748029828071594,0.1108949333429336,0.4849041402339935,0.3257572650909424,0.2071052342653274,0.3502303957939148,0.6264626383781433,0.5479351878166199,0.1266964077949524,0.5843016505241394,0.6442258954048157,0.5457529425621033,0.0089285718277096,0.5869728326797485,0.4499202370643616,0.8669641613960266,0.2602673172950744,0.8832836151123047,0.0,0.0,0.0,0.0,0.0,0.0,0.0,0.0,0.3484085500240326,0.3383291363716125
0.3639294803142547,0.0926299467682838,0.393894225358963,0.0650615021586418,0.3370735049247741,0.0712234750390052,0.4412945806980133,0.1134916990995407,0.3049360811710357,0.1237840428948402,0.5170784592628479,0.3351686000823974,0.2415382713079452,0.3538203835487366,0.6107673645019531,0.5543097257614136,0.1510850191116333,0.5901123285293579,0.6507733464241028,0.4740139842033386,0.099370501935482,0.450791984796524,0.4663553833961487,0.884901225566864,0.2787331044673919,0.8824254274368286,0.0,0.0,0.0,0.0,0.0,0.0,0.0,0.0,0.3796590864658355,0.3445187211036682
0.412393718957901,0.0993536934256553,0.4418290555477142,0.0749231800436973,0.3868942260742187,0.0809676721692085,0.4909228384494781,0.1223908886313438,0.3582825064659118,0.129261165857315,0.5596837401390076,0.3439338505268097,0.29258593916893,0.3519703447818756,0.6545321345329285,0.5824511647224426,0.1909782737493515,0.5957125425338745,0.6813445091247559,0.416494756937027,0.1758203208446502,0.3518691062927246,0.5266566276550293,0.9009164571762084,0.3419969379901886,0.9031022787094116,0.0,0.0,0.0,0.0,0.0,0.0,0.0,0.0,0.4282130897045135,0.3474361598491668
0.4803954660892486,0.1156666651368141,0.5089001655578613,0.0873115286231041,0.4553187489509582,0.0932361111044883,0.5568927526473999,0.1330525577068328,0.4238042831420898,0.1425062119960785,0.6272844076156616,0.3389613330364227,0.3655491173267364,0.3591595292091369,0.7292229533195496,0.5771409273147583,0.2540425658226013,0.5931545495986938,0.7071035504341125,0.3091523647308349,0.267939418554306,0.29935023188591,0.5823417901992798,0.9012719988822936,0.4031743705272674,0.9019151329994202,0.0,0.0,0.0,0.0,0.0,0.0,0.0,0.0,0.497257798910141,0.3505869507789612
0.5080903172492981,0.1218800023198127,0.5369014143943787,0.0945054292678833,0.4814280867576599,0.1012012138962745,0.5826824903488159,0.1406297087669372,0.4548693597316742,0.1515791416168213,0.6516423225402832,0.3519791960716247,0.3923273980617523,0.3685856759548187,0.7595052719116211,0.5753382444381714,0.2869085669517517,0.6021460294723511,0.7169541716575623,0.3051085770130157,0.3163029849529266,0.306024819612503,0.6089659929275513,0.9174364805221558,0.4261855185031891,0.9160270690917968,0.0,0.0,0.0,0.0,0.0,0.0,0.0,0.0,0.5239494442939758,0.3608770966529846
0.5319754481315613,0.1270808428525924,0.5596486330032349,0.1004868522286415,0.5055027008056641,0.1044571325182914,0.6022607088088989,0.1478245556354522,0.4742483496665954,0.1539061963558197,0.6645542979240417,0.3594500720500946,0.4085748791694641,0.3728435337543487,0.7774977684020996,0.5738382339477539,0.319650262594223,0.6211796402931213,0.7209002375602722,0.3283597826957702,0.3563738763332367,0.3144529163837433,0.6208550333976746,0.9017915725708008,0.4365761876106262,0.9025758504867554,0.0,0.0,0.0,0.0,0.0,0.0,0.0,0.0,0.540192723274231,0.367177814245224
0.5165281891822815,0.1299724727869033,0.5456449389457703,0.102563701570034,0.4906195104122162,0.110791802406311,0.5918992161750793,0.1482670754194259,0.4676018357276916,0.1647006720304489,0.6560715436935425,0.3561148047447204,0.3982741236686706,0.3709561824798584,0.76651531457901,0.5819834470748901,0.2969750463962555,0.6167831420898438,0.7239631414413452,0.3074860274791717,0.3204112946987152,0.3073138892650604,0.6110019683837891,0.916553795337677,0.4245811104774475,0.9052382111549376,0.0,0.0,0.0,0.0,0.0,0.0,0.0,0.0,0.5298069715499878,0.3654707968235016
0.4901296198368072,0.1233232617378234,0.5180414915084839,0.099748358130455,0.4645617604255676,0.1047803536057472,0.5610848069190979,0.1459546089172363,0.435761958360672,0.1581180542707443,0.6274970173835754,0.3609457314014435,0.3692508041858673,0.3667639791965484,0.729284942150116,0.5440337061882019,0.2533927261829376,0.5926156044006348,0.7520879507064819,0.3508062958717346,0.2398158758878708,0.3438112735748291,0.574955403804779,0.8846439123153687,0.3914976716041565,0.8853699564933777,0.0,0.0,0.0,0.0,0.0,0.0,0.0,0.0,0.4961837232112884,0.3664376735687256
0.4563917517662048,0.1171100810170173,0.4817595183849334,0.0906374901533126,0.4276625514030456,0.0929730460047721,0.5172929763793945,0.1340861171483993,0.3863720595836639,0.1406244784593582,0.5729613900184631,0.3534944653511047,0.3099045753479004,0.3564331233501434,0.693437397480011,0.4942779839038849,0.2015173733234405,0.5576924085617065,0.7643963694572449,0.404948890209198,0.1483803689479828,0.4151062071323395,0.5231342315673828,0.8835262060165405,0.3356576859951019,0.8687707185745239,0.0,0.0,0.0,0.0,0.0,0.0,0.0,0.0,0.4405076801776886,0.3532895743846893
0.425728976726532,0.1095655411481857,0.4541734158992767,0.0771531835198402,0.3967909812927246,0.0746240764856338,0.4859106540679931,0.1153705790638923,0.3489361703395843,0.1056175380945205,0.5307242274284363,0.347716361284256,0.2650274038314819,0.349635899066925,0.6424531936645508,0.4780058860778808,0.1670665442943573,0.5485742688179016,0.7397382855415344,0.4846802651882171,0.0853525027632713,0.4478475451469421,0.488749235868454,0.8690851330757141,0.3052516281604767,0.8693175315856934,0.0,0.0,0.0,0.0,0.0,0.0,0.0,0.0,0.3985785841941833,0.3487699925899505
0.4214630424976349,0.1132084056735038,0.4478767514228821,0.0770427957177162,0.3898976445198059,0.0815172269940376,0.4853141009807586,0.1143018826842308,0.3478150367736816,0.11830385774374,0.5482074022293091,0.3499897420406341,0.2724904119968414,0.363591581583023,0.6496085524559021,0.5708082914352417,0.1813120990991592,0.596603274345398,0.7169337272644043,0.456251710653305,0.138579860329628,0.4329193234443664,0.5050269961357117,0.8809148669242859,0.3239918351173401,0.8855971693992615,0.0,0.0,0.0,0.0,0.0,0.0,0.0,0.0,0.4100019633769989,0.3554536402225494
0.4743843376636505,0.116842046380043,0.5013618469238281,0.0859270691871643,0.4469599425792694,0.0927065536379814,0.5451129078865051,0.1294478178024292,0.4139233231544494,0.1425981968641281,0.6116572618484497,0.3525131046772003,0.3529793620109558,0.3638074100017547,0.6798168420791626,0.6363182663917542,0.2623385488986969,0.6288198232650757,0.6943343281745911,0.3877215683460235,0.2586390078067779,0.3642224967479706,0.5705930590629578,0.8688880801200867,0.3948518335819244,0.8834421038627625,0.0,0.0,0.0,0.0,0.0,0.0,0.0,0.0,0.4838602244853973,0.3608699142932892
0.516088604927063,0.130809023976326,0.5429324507713318,0.0972445532679557,0.488523781299591,0.1044708639383316,0.5891004800796509,0.1326474696397781,0.4596331119537353,0.1480813771486282,0.6513060927391052,0.3628718256950378,0.4027898609638214,0.3678136467933655,0.7076480984687805,0.654314398765564,0.3294936120510101,0.6651526689529419,0.6914292573928833,0.3870218694210052,0.3391320407390594,0.3535900413990021,0.6003791093826294,0.885153591632843,0.4264352023601532,0.9052733778953552,0.0,0.0,0.0,0.0,0.0,0.0,0.0,0.0,0.5257883667945862,0.3629882335662842
0.5353432297706604,0.137722760438919,0.5615955591201782,0.1089818105101585,0.5071187019348145,0.1126160621643066,0.6023612022399902,0.1546680033206939,0.4738368690013885,0.1582586765289306,0.6584361791610718,0.3678789436817169,0.4138329029083252,0.3738178312778473,0.715715765953064,0.6528258323669434,0.3449366390705108,0.6588999032974243,0.7021788358688354,0.4332907199859619,0.3506467938423157,0.3822766840457916,0.609683096408844,0.881889820098877,0.4338213503360748,0.9028428792953492,0.0,0.0,0.0,0.0,0.0,0.0,0.0,0.0,0.5358428955078125,0.37156942486763
0.5263878703117371,0.1413324028253555,0.5502620935440063,0.1121382564306259,0.4961352348327636,0.116789624094963,0.5865655541419983,0.1613198667764663,0.4607751965522766,0.1643998771905899,0.6517581939697266,0.3744841516017914,0.3969219326972961,0.380187839269638,0.7123270630836487,0.6317195892333984,0.3263323307037353,0.6498419046401978,0.7140313386917114,0.4790269732475281,0.3251273334026336,0.4338965117931366,0.5858154892921448,0.8653956055641174,0.4175033867359161,0.8699222207069397,0.0,0.0,0.0,0.0,0.0,0.0,0.0,0.0,0.520623505115509,0.3763978183269501
0.5006526708602905,0.1451392173767089,0.5249525904655457,0.1182635426521301,0.4750216901302337,0.1192245259881019,0.5578606724739075,0.1624702662229538,0.4386849403381347,0.1640674173831939,0.6196973919868469,0.3717438280582428,0.3684621155261993,0.3838538825511932,0.7010181546211243,0.578032910823822,0.3009363114833832,0.6152423620223999,0.7492685914039612,0.5113198161125183,0.2758656442165375,0.4801018834114074,0.5658479332923889,0.8614765405654907,0.4017189145088196,0.8662185668945312,0.0,0.0,0.0,0.0,0.0,0.0,0.0,0.0,0.491527646780014,0.3763837218284607
0.4807290434837341,0.1460280567407608,0.505622148513794,0.1195132136344909,0.4523732960224151,0.1207744255661964,0.538247287273407,0.1616246402263641,0.410495787858963,0.1657832115888595,0.593392014503479,0.3721264004707336,0.3454802930355072,0.383019357919693,0.6927483677864075,0.5332925915718079,0.2813676595687866,0.6089515686035156,0.7649741172790527,0.5082038640975952,0.2356792390346527,0.5228551626205444,0.5446568131446838,0.8690471649169922,0.3735405802726745,0.8700037002563477,0.0,0.0,0.0,0.0,0.0,0.0,0.0,0.0,0.4686915576457977,0.3759025931358337
0.4436796009540558,0.1453674286603927,0.4675008952617645,0.1210178136825561,0.4161300361156463,0.1212365552783012,0.4996380805969238,0.1715924739837646,0.3771628439426422,0.1692084372043609,0.551776111125946,0.3660491108894348,0.3095899522304535,0.3786820769309997,0.6750345230102539,0.4947705268859863,0.2435085922479629,0.5861937403678894,0.777590811252594,0.5306684374809265,0.174088716506958,0.5415081977844238,0.5013507008552551,0.8493033647537231,0.338551789522171,0.8491554856300354,0.0,0.0,0.0,0.0,0.0,0.0,0.0,0.0,0.429922878742218,0.3714985847473144
0.391465812921524,0.1609084904193878,0.416221410036087,0.1303353756666183,0.3658502697944641,0.1315174400806427,0.4540086090564728,0.1706728488206863,0.3309535980224609,0.1710329949855804,0.5111705660820007,0.3773825168609619,0.2689979672431946,0.3794863522052765,0.6320916414260864,0.5634918808937073,0.1762316673994064,0.6090710759162903,0.6659641861915588,0.3666581213474273,0.163334771990776,0.3692148327827453,0.478481262922287,0.8827731013298035,0.3016895949840545,0.8864945769309998,0.0,0.0,0.0,0.0,0.0,0.0,0.0,0.0,0.3869273662567138,0.3788601458072662
0.4155259132385254,0.1626007705926895,0.4412238001823425,0.131240114569664,0.3890403807163238,0.1348278075456619,0.4838859438896179,0.1705131977796554,0.3580062687397003,0.1749385595321655,0.5442665219306946,0.3763728737831116,0.3059362471103668,0.3830178380012512,0.6592463850975037,0.5956665873527527,0.2056926190853119,0.6252910494804382,0.6584382057189941,0.347542941570282,0.2150023877620697,0.3417886197566986,0.505395233631134,0.8673900365829468,0.3372440040111542,0.8784480690956116,0.0,0.0,0.0,0.0,0.0,0.0,0.0,0.0,0.4248768389225006,0.3788703978061676
0.4371991753578186,0.1609203815460205,0.4644582271575928,0.1317518800497055,0.4140263497829437,0.1372223198413849,0.5072275996208191,0.1749602407217025,0.3863129615783691,0.1805516630411148,0.5690363645553589,0.3721971809864044,0.3361382484436035,0.3852251172065735,0.6833192110061646,0.609180748462677,0.2325247079133987,0.6307129859924316,0.6614587903022766,0.3577692210674286,0.2511250078678131,0.367753803730011,0.5274510979652405,0.8786277770996094,0.3550445437431335,0.8822940587997437,0.0,0.0,0.0,0.0,0.0,0.0,0.0,0.0,0.4522558748722076,0.3796237409114837
0.4736963808536529,0.1602735221385955,0.5014141201972961,0.1301815807819366,0.4511826634407043,0.1339885890483856,0.546603798866272,0.1688434928655624,0.4253104627132416,0.1749473065137863,0.6026210784912109,0.3727958798408508,0.3715753853321075,0.379450649023056,0.7146442532539368,0.6090318560600281,0.2646733224391937,0.6198540925979614,0.7090356945991516,0.3529791235923767,0.2809869647026062,0.3357241451740265,0.5592154264450073,0.8687403798103333,0.3905600607395172,0.8837059736251831,0.0,0.0,0.0,0.0,0.0,0.0,0.0,0.0,0.4870574474334717,0.3776815533638
0.4848887622356415,0.1618793457746505,0.5116192698478699,0.1290328800678253,0.460570752620697,0.1330662816762924,0.5556860566139221,0.1651093065738678,0.4343116879463196,0.1721581369638443,0.6168384552001953,0.3788277506828308,0.3776469528675079,0.3853157162666321,0.7249994277954102,0.6033610105514526,0.2687334716320038,0.6158472299575806,0.7341739535331726,0.3510722517967224,0.2752256095409393,0.3443542122840881,0.5678774118423462,0.8846220374107361,0.3989954590797424,0.8991006016731262,0.0,0.0,0.0,0.0,0.0,0.0,0.0,0.0,0.4957373142242431,0.3813838064670563
0.4797729551792145,0.1576206386089325,0.506622314453125,0.1273451000452041,0.456627756357193,0.1290602833032608,0.5494202971458435,0.1654308140277862,0.428266316652298,0.1692122370004654,0.6133771538734436,0.3814516365528106,0.3701112270355224,0.3850945830345154,0.7248759865760803,0.5928536653518677,0.2579503357410431,0.6079391241073608,0.7580128908157349,0.3884514272212982,0.2431630343198776,0.3618704378604889,0.5629833340644836,0.8796817064285278,0.3947039544582367,0.8844038844108582,0.0,0.0,0.0,0.0,0.0,0.0,0.0,0.0,0.4892903864383697,0.3821749091148376
0.4698691666126251,0.1517882645130157,0.4957198798656463,0.1234358102083206,0.4472508430480957,0.1279114335775375,0.5409464836120605,0.1596045196056366,0.4194607734680176,0.1704423725605011,0.601761519908905,0.3839117586612701,0.3593211770057678,0.3866861462593078,0.7245187163352966,0.5802626013755798,0.2497477084398269,0.5996553301811218,0.7762262225151062,0.4177333414554596,0.2100559473037719,0.3894937038421631,0.5595951676368713,0.8798946142196655,0.3882971704006195,0.8858770132064819,0.0,0.0,0.0,0.0,0.0,0.0,0.0,0.0,0.4779340922832489,0.3843959271907806
0.4624413549900055,0.1494425982236862,0.4872908294200897,0.1217076778411865,0.43784961104393,0.1255728900432586,0.5309359431266785,0.1639153063297271,0.4072150886058807,0.1728029549121856,0.5958928465843201,0.3797884285449981,0.3464420437812805,0.3913215696811676,0.7213153839111328,0.5444225668907166,0.2375217974185943,0.5827028155326843,0.8083780407905579,0.4510935842990875,0.1658883243799209,0.4131476283073425,0.55498206615448,0.8663076162338257,0.3788641989231109,0.8834325075149536,0.0,0.0,0.0,0.0,0.0,0.0,0.0,0.0,0.4677844643592834,0.3849509060382843
0.4611006081104278,0.1463416665792465,0.4858980178833008,0.1193767115473747,0.4361923635005951,0.124753899872303,0.5301346182823181,0.1672302037477493,0.4049913883209228,0.1754035949707031,0.5896340608596802,0.3715682029724121,0.3446386456489563,0.3901464939117431,0.7093958258628845,0.5060201287269592,0.2327406406402588,0.5630215406417847,0.8168198466300964,0.4795449674129486,0.1392499655485153,0.4304084181785583,0.5535842180252075,0.8659176230430603,0.3751685619354248,0.8811556100845337,0.0,0.0,0.0,0.0,0.0,0.0,0.0,0.0,0.4650027453899383,0.3799165189266205
0.4588117897510528,0.1446138620376587,0.4838082492351532,0.1187271624803543,0.4340663552284241,0.1238150000572204,0.5280418395996094,0.1674015522003173,0.4036754071712494,0.1751213073730468,0.5874343514442444,0.3688533902168274,0.3449744880199432,0.3878930509090423,0.7185267806053162,0.502003014087677,0.2332532256841659,0.5482261776924133,0.840795636177063,0.5395280718803406,0.0777754932641983,0.4747894704341888,0.5475739240646362,0.853911280632019,0.3692027628421783,0.8685253858566284,0.0,0.0,0.0,0.0,0.0,0.0,0.0,0.0,0.4642407298088074,0.3783825933933258
0.4625246226787567,0.146527424454689,0.4868395030498504,0.117396593093872,0.4368556141853332,0.1231649369001388,0.5310654640197754,0.1616353988647461,0.4055932462215423,0.172917440533638,0.5929347276687622,0.3688085973262787,0.3457580506801605,0.3874750435352325,0.7229804992675781,0.5206096768379211,0.2291551083326339,0.5467866063117981,0.8511968851089478,0.5966066122055054,0.0622257329523563,0.4628885686397552,0.5489010214805603,0.8647739291191101,0.3728706240653991,0.8790484070777893,0.0,0.0,0.0,0.0,0.0,0.0,0.0,0.0,0.4669529497623443,0.3787977993488312
0.4669409692287445,0.1469674408435821,0.4928306639194488,0.1183414012193679,0.441459596157074,0.1240720078349113,0.5395174622535706,0.1591368168592453,0.4117546379566192,0.1729054898023605,0.6008111238479614,0.3741941452026367,0.352455586194992,0.3874789178371429,0.7305470705032349,0.5217313170433044,0.2409206181764602,0.5566864609718323,0.8524144291877747,0.5364234447479248,0.1079796105623245,0.4493723213672638,0.5580949783325195,0.8617441058158875,0.3874469101428985,0.8700699210166931,0.0,0.0,0.0,0.0,0.0,0.0,0.0,0.0,0.4735805988311767,0.3811074197292328
0.4914408326148987,0.1574340015649795,0.5176782011985779,0.1305298507213592,0.4670599400997162,0.1335578709840774,0.5614622235298157,0.1715008169412613,0.4405038952827453,0.1755224913358688,0.627370297908783,0.3784413337707519,0.3799188435077667,0.3895027935504913,0.7636286616325378,0.5544270277023315,0.2552720010280609,0.5790570974349976,0.8229655623435974,0.3983460962772369,0.195049449801445,0.3870995044708252,0.5752848386764526,0.8644418120384216,0.4067165553569793,0.8816036581993103,0.0,0.0,0.0,0.0,0.0,0.0,0.0,0.0,0.4993216097354889,0.3820838630199432
0.5030481815338135,0.1626509130001068,0.5293611288070679,0.132525235414505,0.4777480959892273,0.1413288861513137,0.5758676528930664,0.1713792979717254,0.4546143412590027,0.1889920234680175,0.6409311890602112,0.3834719955921173,0.4024224579334259,0.3864979147911072,0.7737160921096802,0.561654269695282,0.2748460471630096,0.5787966847419739,0.793292224407196,0.3361063301563263,0.237489104270935,0.343932569026947,0.5854588150978088,0.8702055811882019,0.4192327857017517,0.8823267221450806,0.0,0.0,0.0,0.0,0.0,0.0,0.0,0.0,0.5194401144981384,0.3844052851200104
0.5113672018051147,0.1722129136323928,0.5381189584732056,0.1423576772212982,0.4876472353935241,0.1485625803470611,0.5831642150878906,0.1766484230756759,0.4644683003425598,0.191800981760025,0.6481921076774597,0.3822389543056488,0.4135814309120178,0.3881473839282989,0.7801306843757629,0.5647878050804138,0.289858877658844,0.5829609036445618,0.7635663151741028,0.3176691234111786,0.2829158008098602,0.3417119979858398,0.5832988619804382,0.8672210574150085,0.4230933785438537,0.8666534423828125,0.0,0.0,0.0,0.0,0.0,0.0,0.0,0.0,0.5255443453788757,0.3847124278545379
0.4962239861488342,0.1792864501476287,0.5214371085166931,0.1543894857168197,0.473865807056427,0.1602515876293182,0.5626531839370728,0.1921388655900955,0.4507060348987579,0.2033281624317169,0.6225834488868713,0.3861791789531708,0.4001301229000091,0.4008937180042267,0.7445506453514099,0.5700567364692688,0.2858360111713409,0.6085128784179688,0.717952311038971,0.3428610861301422,0.2976023554801941,0.3520461022853851,0.5661361813545227,0.8479741811752319,0.4197671711444855,0.852600634098053,0.0,0.0,0.0,0.0,0.0,0.0,0.0,0.0,0.5101705193519592,0.3922746479511261
0.4738781154155731,0.1940910667181015,0.4988512098789215,0.165701612830162,0.4510509371757507,0.1715915948152542,0.5419432520866394,0.2053810805082321,0.4282179474830627,0.2159607708454132,0.5955689549446106,0.3984940648078918,0.3822340369224548,0.4084815979003906,0.7176576256752014,0.5827366709709167,0.2768350541591644,0.6127262115478516,0.6994028091430664,0.36070317029953,0.282214343547821,0.3642233908176422,0.5606242418289185,0.849306583404541,0.4139333665370941,0.8650059700012207,0.0,0.0,0.0,0.0,0.0,0.0,0.0,0.0,0.4869983792304992,0.4017853140830993
0.4741362035274505,0.2059897035360336,0.4956388771533966,0.1803189218044281,0.4519033133983612,0.1869030743837356,0.5333954095840454,0.2140428125858307,0.4281613528728485,0.2286345958709716,0.5953356027603149,0.4027941524982452,0.3820790946483612,0.4188011288642883,0.7137881517410278,0.5770598649978638,0.2890423238277435,0.6107707023620605,0.7306292653083801,0.4045414328575134,0.2552716434001922,0.3987719714641571,0.5630372166633606,0.8338547348976135,0.4210919737815857,0.8520932793617249,0.0,0.0,0.0,0.0,0.0,0.0,0.0,0.0,0.4862849414348602,0.4098816812038421
0.505072832107544,0.2129926234483719,0.5279930233955383,0.1896904408931732,0.4849960505962372,0.1940084248781204,0.5684200525283813,0.2257490158081054,0.4614397585391998,0.2363405227661132,0.6339526772499084,0.4120557904243469,0.4143247604370117,0.4216689765453338,0.738865852355957,0.5754390358924866,0.3206060826778412,0.6070939302444458,0.7792755961418152,0.4710157811641693,0.2733016312122345,0.4502654671669006,0.5986147522926331,0.8436551690101624,0.4561560153961181,0.8631824254989624,0.0,0.0,0.0,0.0,0.0,0.0,0.0,0.0,0.5230032801628113,0.4153840541839599
0.5722745060920715,0.217174157500267,0.593152642250061,0.1922072917222976,0.5494450330734253,0.1995058357715606,0.6306707262992859,0.226209357380867,0.5264871716499329,0.2433690726757049,0.6913157105445862,0.40965136885643,0.4788863062858581,0.4280053973197937,0.7884413003921509,0.5729162096977234,0.3974425494670868,0.6004299521446228,0.850409209728241,0.5443685054779053,0.3183290064334869,0.5050840973854065,0.6616817116737366,0.8324455618858337,0.5196934938430786,0.8480042815208435,0.0,0.0,0.0,0.0,0.0,0.0,0.0,0.0,0.5852651596069336,0.4170440137386322
0.6208422780036926,0.2225115746259689,0.643142819404602,0.1971299797296524,0.6012274622917175,0.2002408504486084,0.6812306642532349,0.2276937067508697,0.5767702460289001,0.2346929758787155,0.735110878944397,0.4076029360294342,0.5258795619010925,0.4216386377811432,0.8294767737388611,0.5662403702735901,0.4425182044506073,0.5985575914382935,0.8988743424415588,0.5771814584732056,0.3629976212978363,0.523836612701416,0.69584721326828,0.8286564946174622,0.5561714172363281,0.8339104652404785,0.0,0.0,0.0,0.0,0.0,0.0,0.0,0.0,0.6279209852218628,0.4155289232730865
0.6389412879943848,0.2152962386608123,0.6613688468933105,0.1904581636190414,0.6171373128890991,0.194354310631752,0.6990926861763,0.2284125983715057,0.5918574929237366,0.2362335622310638,0.758040726184845,0.4138248264789581,0.5412002205848694,0.4193134009838104,0.8525019884109497,0.5934972763061523,0.4437327980995178,0.6028220057487488,0.879612386226654,0.4314344525337219,0.4031813740730285,0.4356934428215027,0.7042110562324524,0.8479558825492859,0.5611408948898315,0.8649301528930664,0.0,0.0,0.0,0.0,0.0,0.0,0.0,0.0,0.6481786966323853,0.4171825051307678
0.6198375821113586,0.2145876884460449,0.6424834132194519,0.1861659735441208,0.5980587601661682,0.1931747198104858,0.681887686252594,0.2217390090227127,0.5756193399429321,0.2337424010038375,0.732854962348938,0.4051399827003479,0.5260327458381653,0.4185257256031036,0.837838351726532,0.5949800610542297,0.4316079020500183,0.6132174730300903,0.8358012437820435,0.3859382569789886,0.4055336415767669,0.3979891836643219,0.6986342668533325,0.8478657007217407,0.5486100316047668,0.86788409948349,0.0,0.0,0.0,0.0,0.0,0.0,0.0,0.0,0.6289275288581848,0.4112713038921356
0.564904510974884,0.2031760662794113,0.5896176695823669,0.1795792281627655,0.5436086058616638,0.1820865720510482,0.6298384666442871,0.2163612395524978,0.5186482667922974,0.2245884239673614,0.6909173727035522,0.3978370130062103,0.4706721603870392,0.4123434126377105,0.7882178425788879,0.5976760983467102,0.3796172142028808,0.6276963353157043,0.7623165845870972,0.3729991018772125,0.3810825645923614,0.3962171673774719,0.6485092043876648,0.8656638264656067,0.4910032451152801,0.8658946752548218,0.0,0.0,0.0,0.0,0.0,0.0,0.0,0.0,0.5800293684005737,0.4047999083995819
0.4530224800109863,0.1799227148294448,0.4762941002845764,0.1492916792631149,0.4285079538822174,0.160105898976326,0.5219163298606873,0.1819508969783783,0.4062376022338867,0.2057462185621261,0.5907431244850159,0.3793925344944,0.3591786921024322,0.4080074727535248,0.7073726654052734,0.5769124031066895,0.266823261976242,0.6198874711990356,0.7671087980270386,0.4761227667331695,0.2122011631727218,0.4540691673755646,0.5614725351333618,0.847078800201416,0.4087973535060882,0.868537962436676,0.0,0.0,0.0,0.0,0.0,0.0,0.0,0.0,0.4712480008602142,0.3910278379917145
0.481667011976242,0.1747028827667236,0.5077996253967285,0.1423128247261047,0.458575427532196,0.1525386422872543,0.5568311810493469,0.1743086576461792,0.4380705952644348,0.1937866955995559,0.6287693977355957,0.380370944738388,0.38532155752182,0.4057477414608001,0.7286452651023865,0.5650352239608765,0.297095239162445,0.6165128946304321,0.8164929151535034,0.5474650263786316,0.2049522697925567,0.5044527053833008,0.5842081308364868,0.8467168807983398,0.4271337687969208,0.8641127347946167,0.0,0.0,0.0,0.0,0.0,0.0,0.0,0.0,0.5060983300209045,0.3895955085754394
0.5276084542274475,0.1637972593307495,0.5540403723716736,0.1366181373596191,0.5028772950172424,0.1439506858587265,0.6009170413017273,0.17412830889225,0.4762971401214599,0.1936324387788772,0.6646921038627625,0.3779729902744293,0.4241555035114288,0.3952335715293884,0.7711718678474426,0.5540726780891418,0.3313965201377868,0.6042128205299377,0.8674212098121643,0.5820997357368469,0.2024150043725967,0.5395039916038513,0.617479145526886,0.8533519506454468,0.4610022008419037,0.8620538711547852,0.0,0.0,0.0,0.0,0.0,0.0,0.0,0.0,0.5426496863365173,0.3866197764873504
0.529577374458313,0.1612900495529174,0.5551396608352661,0.1318056434392929,0.5044854283332825,0.1396940350532531,0.6050442457199097,0.163790613412857,0.4780929982662201,0.186697632074356,0.6709129214286804,0.3707845211029053,0.4254830479621887,0.3950446546077728,0.7754129767417908,0.5794690251350403,0.3340992033481598,0.6126211285591125,0.8377066254615784,0.5399781465530396,0.2338657081127166,0.5184885263442993,0.6218118071556091,0.8532299995422363,0.4598028659820556,0.8637242317199707,0.0,0.0,0.0,0.0,0.0,0.0,0.0,0.0,0.5458655953407288,0.3833623826503753
0.4939809739589691,0.156165674328804,0.5206137299537659,0.123910404741764,0.4705027639865875,0.1315944045782089,0.5685878396034241,0.1574178636074066,0.4489332139492035,0.1718216240406036,0.6472073793411255,0.3704808056354522,0.3920040428638458,0.3903382122516632,0.7424899339675903,0.6040902137756348,0.296830952167511,0.629848062992096,0.7799353003501892,0.4564628005027771,0.2430384308099746,0.4616709649562835,0.5906057953834534,0.8688902854919434,0.4174158871173858,0.8989572525024414,0.0,0.0,0.0,0.0,0.0,0.0,0.0,0.0,0.516700804233551,0.3785591423511505
0.4325664043426513,0.1466413885354995,0.4584263265132904,0.1142866984009742,0.408962994813919,0.1232529729604721,0.5101080536842346,0.1490838527679443,0.3862028419971466,0.1675712168216705,0.5798277258872986,0.3660098016262054,0.3421246707439422,0.3866872191429138,0.6887232661247253,0.599949300289154,0.2432291954755783,0.6436724066734314,0.6944268941879272,0.3808565735816955,0.2121108621358871,0.4016311466693878,0.5420535206794739,0.887347400188446,0.3680213093757629,0.8897666335105896,0.0,0.0,0.0,0.0,0.0,0.0,0.0,0.0,0.4589208662509918,0.3775603175163269
0.399078369140625,0.1429128795862198,0.4273590743541717,0.1102901026606559,0.3755691945552826,0.1217413321137428,0.4811809659004211,0.1468823999166488,0.3554041683673858,0.1709267199039459,0.5468358397483826,0.3603995740413666,0.3080098628997803,0.3802184164524078,0.6532766222953796,0.6011837124824524,0.2160477191209793,0.6480814814567566,0.633256733417511,0.3603827953338623,0.1956620514392852,0.3835372030735016,0.5047329664230347,0.8784772753715515,0.3344536125659942,0.8805747032165527,0.0,0.0,0.0,0.0,0.0,0.0,0.0,0.0,0.4277305901050567,0.371604710817337
0.3545308411121368,0.1545637995004654,0.3814489841461181,0.1235938072204589,0.3305886387825012,0.1299625635147094,0.4279296994209289,0.1650619059801101,0.3065292835235595,0.1719227880239486,0.5033274292945862,0.37582728266716,0.2522362172603607,0.3930891454219818,0.617982029914856,0.5597925782203674,0.1522787809371948,0.6179590225219727,0.6580207943916321,0.4588299095630646,0.0757536068558693,0.4474342465400696,0.4606768488883972,0.8649539351463318,0.2929359972476959,0.8675049543380737,0.0,0.0,0.0,0.0,0.0,0.0,0.0,0.0,0.3748842775821686,0.3821875751018524
0.3872110247611999,0.1612995564937591,0.4122844338417053,0.133089542388916,0.3629100620746612,0.1396626383066177,0.460424929857254,0.1699261367321014,0.3361059725284576,0.1838256418704986,0.5269187688827515,0.3759214580059051,0.2841117084026336,0.3962157666683197,0.6396196484565735,0.5507076382637024,0.1892993152141571,0.6099993586540222,0.6897158026695251,0.5234465003013611,0.0718486309051513,0.5075642466545105,0.486195296049118,0.8492850661277771,0.3281108736991882,0.8630866408348083,0.0,0.0,0.0,0.0,0.0,0.0,0.0,0.0,0.404276043176651,0.3853185772895813
0.4263814091682434,0.1691500693559646,0.451772391796112,0.1426349729299545,0.4030608534812927,0.1469809263944625,0.4948946535587311,0.1829691231250763,0.3763688206672668,0.1890500485897064,0.5562626719474792,0.382167637348175,0.3242421448230743,0.4024582207202911,0.6634293794631958,0.5401760339736938,0.223404660820961,0.5955198407173157,0.7285836935043335,0.5748763680458069,0.0751992836594581,0.5440329909324646,0.5151901245117188,0.8621598482131958,0.3547578155994415,0.8621360063552856,0.0,0.0,0.0,0.0,0.0,0.0,0.0,0.0,0.4395710825920105,0.391764223575592
0.4611599743366241,0.1801048815250396,0.4851160943508148,0.1519560813903808,0.4379580616950989,0.1589809209108352,0.5302777886390686,0.1910469084978103,0.4104402065277099,0.2051303833723068,0.5874323844909668,0.394391268491745,0.3529414534568786,0.4071261286735534,0.691383421421051,0.5672022104263306,0.2614755034446716,0.6056652069091797,0.7255266308784485,0.4947446286678314,0.178021639585495,0.490295797586441,0.5524357557296753,0.8507276177406311,0.3958077728748321,0.8661132454872131,0.0,0.0,0.0,0.0,0.0,0.0,0.0,0.0,0.4676552414894104,0.3982588946819305
0.4665218293666839,0.1814663410186767,0.4888288974761963,0.1513002961874008,0.4427541196346283,0.160073772072792,0.5344838500022888,0.1885665655136108,0.4166818559169769,0.2057588845491409,0.5964869260787964,0.3879506289958954,0.3592105507850647,0.4072261154651642,0.6950109601020813,0.5846148729324341,0.2630294263362884,0.6150293350219727,0.7177121043205261,0.4407978057861328,0.1970504075288772,0.450796514749527,0.555561900138855,0.8627983331680298,0.3968143761157989,0.8697912096977234,0.0,0.0,0.0,0.0,0.0,0.0,0.0,0.0,0.4744605422019958,0.3953461945056915
0.4660900235176086,0.1787606924772262,0.4902756810188293,0.1499761790037155,0.4422455132007599,0.1599965840578079,0.5382623076438904,0.1893672198057174,0.4204348623752594,0.2079817354679107,0.5883461833000183,0.3834292590618133,0.3673580586910248,0.3991954028606415,0.7018869519233704,0.6038324236869812,0.270586222410202,0.6318918466567993,0.6673315763473511,0.3669081330299377,0.2748529016971588,0.3695056438446045,0.5485712885856628,0.8691980242729187,0.3869958817958832,0.882120668888092,0.0,0.0,0.0,0.0,0.0,0.0,0.0,0.0,0.4788928627967834,0.389443427324295
0.4670028388500213,0.1793145984411239,0.490952581167221,0.1512887924909591,0.4436039328575134,0.1608896702528,0.5385624170303345,0.1926499754190445,0.4220021069049835,0.2090681940317154,0.5870403051376343,0.3869869410991668,0.3675344884395599,0.4001049399375915,0.7078002095222473,0.5931979417800903,0.2714168131351471,0.6305359601974487,0.6666975021362305,0.3511345982551574,0.2814950048923492,0.3650771081447601,0.5501566529273987,0.8668136596679688,0.3877015709877014,0.8702219128608704,0.0,0.0,0.0,0.0,0.0,0.0,0.0,0.0,0.478233277797699,0.3913922309875488
0.4666501879692077,0.177289143204689,0.4907082915306091,0.1498019397258758,0.4435198605060577,0.1590326577425003,0.5388107895851135,0.1903577893972396,0.4217479526996612,0.2060019522905349,0.5911722183227539,0.3872772753238678,0.3684965074062347,0.3984449207782745,0.7083154320716858,0.5899946093559265,0.2640771567821502,0.6197362542152405,0.6806859374046326,0.3412874341011047,0.2682226896286011,0.3547902703285217,0.5511994957923889,0.8711779713630676,0.3879826664924621,0.8843329548835754,0.0,0.0,0.0,0.0,0.0,0.0,0.0,0.0,0.4791369140148163,0.3915785849094391
0.4598488509654999,0.171428769826889,0.4848552048206329,0.1429263800382614,0.4373911023139953,0.1478854566812515,0.5276769399642944,0.1835426390171051,0.4114599525928497,0.1925245523452758,0.5848193764686584,0.387452632188797,0.3567810356616974,0.3923792243003845,0.6986285448074341,0.5823387503623962,0.2539759278297424,0.6191033720970154,0.7104724049568176,0.3831849098205566,0.2340198308229446,0.3719707131385803,0.5449745655059814,0.8806479573249817,0.379269927740097,0.8855482935905457,0.0,0.0,0.0,0.0,0.0,0.0,0.0,0.0,0.469563215970993,0.3891211450099945
0.6598061323165894,0.3861406147480011,0.6713277101516724,0.3677889406681061,0.6411855816841125,0.3655915856361389,0.6829076409339905,0.3853023052215576,0.6056419610977173,0.3840218186378479,0.7163532972335815,0.5220500230789185,0.563531756401062,0.5269815325737,0.7348986268043518,0.6924301385879517,0.529238760471344,0.689726710319519,0.7730506658554077,0.8255017399787903,0.4964668452739715,0.8573918342590332,0.6845507621765137,0.8149711489677429,0.5789097547531128,0.8267609477043152,0.0,0.0,0.0,0.0,0.0,0.0,0.0,0.0,0.6381894946098328,0.524667501449585
0.6173074841499329,0.3819212019443512,0.6326085925102234,0.3613207936286926,0.6013053059577942,0.3633241653442383,0.654621422290802,0.3837935626506805,0.5797917246818542,0.3900130689144134,0.6966985464096069,0.5313001275062561,0.5512385964393616,0.5373846888542175,0.7211165428161621,0.7029481530189514,0.5213452577590942,0.6988469958305359,0.7629748582839966,0.7242969870567322,0.4771957397460937,0.7514270544052124,0.6691539883613586,0.850228488445282,0.5631734728813171,0.8480790853500366,0.0,0.0,0.0,0.0,0.0,0.0,0.0,0.0,0.6233469843864441,0.5332751274108887
0.6111983060836792,0.3795534670352936,0.6274142265319824,0.3586179614067077,0.5975066423416138,0.361314058303833,0.653078019618988,0.3825052082538605,0.5819305777549744,0.3867141902446747,0.6997798085212708,0.5242909789085388,0.5605751872062683,0.5329264402389526,0.739105761051178,0.6992260217666626,0.5190296769142151,0.6991544961929321,0.7436985373497009,0.5709109902381897,0.5037707686424255,0.585996687412262,0.6723774671554565,0.8473306894302368,0.5660601258277893,0.8506332635879517,0.0,0.0,0.0,0.0,0.0,0.0,0.0,0.0,0.6288741827011108,0.52731853723526
0.6230589151382446,0.37712162733078,0.6392586827278137,0.3562849462032318,0.6081593632698059,0.3597165644168854,0.6676052808761597,0.3765647411346435,0.5931259989738464,0.3831802010536194,0.7130774259567261,0.5173660516738892,0.5692080855369568,0.5215436220169067,0.7588759660720825,0.6913524866104126,0.5219593644142151,0.6910187005996704,0.7603445053100586,0.5520367622375488,0.512191653251648,0.5616530179977417,0.6807971596717834,0.8423234820365906,0.5744751691818237,0.8348746299743652,0.0,0.0,0.0,0.0,0.0,0.0,0.0,0.0,0.640458881855011,0.5177229046821594
0.6403098702430725,0.3802480399608612,0.6558502912521362,0.3589580357074737,0.6254620552062988,0.361470490694046,0.6839388608932495,0.3748956620693207,0.6097115278244019,0.3816637992858886,0.7342017292976379,0.5128727555274963,0.5827217698097229,0.5214090943336487,0.7999439835548401,0.6766441464424133,0.5292467474937439,0.682624876499176,0.79367595911026,0.5561698079109192,0.5000529885292053,0.5828465223312378,0.6930893659591675,0.8291285634040833,0.5886909365653992,0.8260502815246582,0.0,0.0,0.0,0.0,0.0,0.0,0.0,0.0,0.6558717489242554,0.5145701169967651
0.6371262669563293,0.3804287612438202,0.6527446508407593,0.3578729033470154,0.6205950975418091,0.3609996736049652,0.6801534295082092,0.3749417960643768,0.6037738919258118,0.3817260265350342,0.7262209057807922,0.5117592215538025,0.5752589106559753,0.5194557905197144,0.8073764443397522,0.6510642170906067,0.509762167930603,0.6662188768386841,0.7966121435165405,0.5060840249061584,0.4921909868717193,0.5248573422431946,0.6853786110877991,0.8457958102226257,0.5825873613357544,0.8331711888313293,0.0,0.0,0.0,0.0,0.0,0.0,0.0,0.0,0.6498104929924011,0.5141913294792175
0.5903779864311218,0.3662152588367462,0.6062861680984497,0.3435521721839905,0.5729044675827026,0.3466106057167053,0.6326261758804321,0.3651159703731537,0.5522721409797668,0.3716461658477783,0.6721071004867554,0.5080031752586365,0.5196991562843323,0.5216047167778015,0.7737182378768921,0.6424102783203125,0.4443545639514923,0.6641442179679871,0.7761696577072144,0.5049837827682495,0.4393266141414642,0.5278841257095337,0.6363233327865601,0.8296602964401245,0.5288488268852234,0.8271583914756775,0.0,0.0,0.0,0.0,0.0,0.0,0.0,0.0,0.5957030057907104,0.5133873224258423
0.5507259368896484,0.3586473762989044,0.569023609161377,0.3396957218647003,0.534301221370697,0.3375232219696045,0.5928915143013,0.3715198636054992,0.5108329653739929,0.366582840681076,0.6338225603103638,0.5095463395118713,0.4710732102394104,0.513148844242096,0.7339181303977966,0.6453021764755249,0.3900746703147888,0.6664547920227051,0.7769050598144531,0.5401933193206787,0.3422253727912903,0.5691817998886108,0.6009716391563416,0.8324170112609863,0.4903373718261719,0.8316367864608765,0.0,0.0,0.0,0.0,0.0,0.0,0.0,0.0,0.5518147349357605,0.510438859462738
0.5388039946556091,0.3470190167427063,0.5561157464981079,0.3275694251060486,0.5221582055091858,0.3255627155303955,0.5785124897956848,0.3554504513740539,0.497984915971756,0.3511816561222076,0.6217289566993713,0.5028348565101624,0.4560069739818573,0.5100425481796265,0.724470317363739,0.636815071105957,0.361225426197052,0.6567254066467285,0.7582831382751465,0.5054857134819031,0.3213497102260589,0.5547962784767151,0.596703052520752,0.8356875777244568,0.485930472612381,0.8488551378250122,0.0,0.0,0.0,0.0,0.0,0.0,0.0,0.0,0.5381093621253967,0.5055721998214722
0.5498651266098022,0.3295395076274872,0.5695260167121887,0.310351550579071,0.5323980450630188,0.3084562718868255,0.5946654677391052,0.3458255231380462,0.5078127980232239,0.3384701609611511,0.6334363222122192,0.494767814874649,0.4643514454364776,0.4962096810340881,0.7440323829650879,0.6334353685379028,0.3695755302906036,0.6459747552871704,0.753379225730896,0.4433011412620544,0.3575300276279449,0.4711992442607879,0.5999345779418945,0.8484230637550354,0.4864606559276581,0.8515381813049316,0.0,0.0,0.0,0.0,0.0,0.0,0.0,0.0,0.5471464991569519,0.4943084120750427
0.556027352809906,0.3093072474002838,0.5758447051048279,0.2897465527057647,0.5361771583557129,0.2871148288249969,0.6004172563552856,0.3238971829414367,0.5089024901390076,0.3190159201622009,0.6499037146568298,0.4786477088928222,0.4700789749622345,0.4841286838054657,0.7653823494911194,0.6293752789497375,0.3719622492790222,0.6396111249923706,0.7750068306922913,0.4200012981891632,0.3462773263454437,0.4785565733909607,0.6130238175392151,0.8527694344520569,0.494051456451416,0.8673337697982788,0.0,0.0,0.0,0.0,0.0,0.0,0.0,0.0,0.5587452054023743,0.4808735847473144
0.5602649450302124,0.3000190556049347,0.580702006816864,0.2753153145313263,0.5427745580673218,0.2771515250205993,0.6139882802963257,0.3058589100837707,0.5229174494743347,0.3085747361183166,0.6708779335021973,0.473916083574295,0.4819587767124176,0.4875628054141998,0.7877688407897949,0.6421381235122681,0.3821364045143127,0.6504725217819214,0.7993007302284241,0.4927845001220703,0.3366388380527496,0.5377458930015564,0.6305820345878601,0.8484639525413513,0.5044922828674316,0.8381022214889526,0.0,0.0,0.0,0.0,0.0,0.0,0.0,0.0,0.5766217112541199,0.4826029241085052
0.5500529408454895,0.2987647354602813,0.5722820162773132,0.2744866907596588,0.5317721366882324,0.2718845009803772,0.6026487946510315,0.3073934912681579,0.5084495544433594,0.2998491823673248,0.654832661151886,0.470356285572052,0.4683187305927276,0.4724147319793701,0.7479599714279175,0.6473698019981384,0.3660361170768738,0.6436650156974792,0.7468357682228088,0.4531071782112121,0.3528142273426056,0.4676863849163055,0.6154871582984924,0.8665177226066589,0.4850266873836517,0.8702202439308167,0.0,0.0,0.0,0.0,0.0,0.0,0.0,0.0,0.5594900846481323,0.4711256027221679
0.5176197290420532,0.2932522594928741,0.5390185713768005,0.2723577320575714,0.497801125049591,0.2686056792736053,0.5651774406433105,0.3073931038379669,0.469165176153183,0.2968259453773498,0.616700291633606,0.4732475280761719,0.4223896861076355,0.4733409583568573,0.7071932554244995,0.6437273621559143,0.3262393474578857,0.6322810053825378,0.6797903180122375,0.4359695315361023,0.3520500659942627,0.4378451704978943,0.5698069334030151,0.8817749619483948,0.4384943842887878,0.8814731240272522,0.0,0.0,0.0,0.0,0.0,0.0,0.0,0.0,0.5139958262443542,0.4712235033512115
0.4714522957801819,0.2962619960308075,0.4940205216407776,0.271085262298584,0.4517448842525482,0.2671582996845245,0.5257115960121155,0.3061653673648834,0.4261727929115295,0.2971629202365875,0.5624015927314758,0.4704554975032806,0.3825705647468567,0.4692576229572296,0.6567674279212952,0.6455381512641907,0.2855477929115295,0.6400085687637329,0.6461687088012695,0.4437918663024902,0.3096270859241485,0.4407478868961334,0.513529360294342,0.8493040800094604,0.3853360116481781,0.8474360108375549,0.0,0.0,0.0,0.0,0.0,0.0,0.0,0.0,0.4728978276252746,0.4691736698150635
0.4385301172733307,0.2931093275547027,0.4592294692993164,0.2696759700775146,0.4181382656097412,0.2672070562839508,0.4852056205272674,0.3019657135009765,0.3871846199035644,0.2965172827243805,0.5234713554382324,0.467796266078949,0.3419455885887146,0.4691125750541687,0.6108174324035645,0.6419366002082825,0.2435431331396103,0.6442303657531738,0.6254948973655701,0.4870272576808929,0.2756542265415191,0.4791618883609772,0.4869556427001953,0.8325241208076477,0.359790563583374,0.8320273756980896,0.0,0.0,0.0,0.0,0.0,0.0,0.0,0.0,0.4324719309806824,0.4687175452709198
0.4200802147388458,0.2900237441062927,0.4411816596984863,0.2642901539802551,0.3965321481227875,0.2622278034687042,0.4663945734500885,0.299927681684494,0.3638743758201599,0.2918034195899963,0.5098802447319031,0.4612033665180206,0.3237715661525726,0.455511063337326,0.6130903959274292,0.6277597546577454,0.2136665880680084,0.6374130845069885,0.6187664270401001,0.4163680970668793,0.2600712478160858,0.4376721382141113,0.4739513993263244,0.8495202660560608,0.3459804356098175,0.8667641282081604,0.0,0.0,0.0,0.0,0.0,0.0,0.0,0.0,0.4154267311096191,0.4571827948093414
0.4394203722476959,0.2611344158649444,0.4554898738861084,0.2366276085376739,0.4156976044178009,0.2349246591329574,0.4741953909397125,0.273668497800827,0.3747180104255676,0.2730958163738251,0.5200111269950867,0.4458331167697906,0.3362168371677398,0.4537253081798553,0.646137535572052,0.5932213664054871,0.2048817873001098,0.6162616610527039,0.619691014289856,0.3724774718284607,0.2424888163805008,0.3970734775066376,0.4799196720123291,0.8568626046180725,0.3486508727073669,0.8809844851493835,0.0,0.0,0.0,0.0,0.0,0.0,0.0,0.0,0.4275894165039062,0.4488705098628998
0.4433137476444244,0.2447408586740493,0.461862713098526,0.2215057611465454,0.4180498719215393,0.2212342172861099,0.487343817949295,0.259593516588211,0.3800943195819855,0.2634744942188263,0.5402340292930603,0.4398277103900909,0.3314533233642578,0.458232581615448,0.6978446841239929,0.5786824822425842,0.1598120629787445,0.5936995148658752,0.7229346036911011,0.3519319593906402,0.1416855752468109,0.4060545265674591,0.4928636252880096,0.8842043876647949,0.3443033397197723,0.8833421468734741,0.0,0.0,0.0,0.0,0.0,0.0,0.0,0.0,0.4351925849914551,0.4482086598873138
0.4113633334636688,0.2405109405517578,0.4338958859443664,0.2184919267892837,0.3859849870204925,0.2166772782802581,0.4600069224834442,0.2589546740055084,0.35130175948143,0.2557178735733032,0.508441686630249,0.4396920204162597,0.3006868064403534,0.4505209922790527,0.6626761555671692,0.5736138224601746,0.1161692664027214,0.5751275420188904,0.6673588752746582,0.349949836730957,0.1302024573087692,0.352652370929718,0.456498384475708,0.8854904174804688,0.3093770146369934,0.9032294154167176,0.0,0.0,0.0,0.0,0.0,0.0,0.0,0.0,0.4068774282932281,0.444705069065094
0.3862111270427704,0.2374907582998275,0.4050587117671966,0.2142012417316436,0.3607773184776306,0.2128897160291671,0.4313085377216339,0.2535575330257416,0.3260439336299896,0.2547921240329742,0.481685072183609,0.4379426538944244,0.2714163661003113,0.4534585475921631,0.6398823857307434,0.5744652152061462,0.0957722514867782,0.5854703187942505,0.6116929054260254,0.3281087875366211,0.1298602074384689,0.3504612147808075,0.424322098493576,0.8825235366821289,0.280547022819519,0.9006640315055847,0.0,0.0,0.0,0.0,0.0,0.0,0.0,0.0,0.376159518957138,0.4414065480232239
0.3695515692234039,0.2395149767398834,0.3902678191661834,0.2175007164478302,0.3473676741123199,0.2134386301040649,0.4186188280582428,0.2561702728271484,0.3139664828777313,0.2500660121440887,0.4746007025241852,0.4403138160705566,0.2595983445644378,0.4494821429252624,0.6305261850357056,0.5784924626350403,0.0735058560967445,0.5785974860191345,0.6361113786697388,0.3483878076076507,0.0730712041258812,0.3491444587707519,0.4135985374450683,0.8812189698219299,0.2686766684055328,0.8834255337715149,0.0,0.0,0.0,0.0,0.0,0.0,0.0,0.0,0.3659111559391022,0.4417223334312439
0.359186589717865,0.2413919419050216,0.3814687728881836,0.2210683524608612,0.3363859951496124,0.2175028324127197,0.4116454422473907,0.2614351212978363,0.305276483297348,0.258707582950592,0.4657726883888244,0.4434437453746795,0.2550998330116272,0.4497560560703277,0.6247556805610657,0.5801057815551758,0.0692677274346351,0.5736563801765442,0.6314183473587036,0.3625248372554779,0.0602323301136493,0.362830102443695,0.4079761505126953,0.8820024728775024,0.2631250023841858,0.8678526282310486,0.0,0.0,0.0,0.0,0.0,0.0,0.0,0.0,0.359593391418457,0.4448038637638092
0.3564048409461975,0.2418363541364669,0.3783517777919769,0.2211462557315826,0.3322928249835968,0.2186027914285659,0.4076023697853088,0.266782134771347,0.3017681539058685,0.2623068392276764,0.4597127735614776,0.4429287910461426,0.2576965987682342,0.4510351121425628,0.6116645932197571,0.5726292729377747,0.0656905248761177,0.5752315521240234,0.5956017374992371,0.334663838148117,0.0976304486393928,0.3407727777957916,0.4026706516742706,0.8806668519973755,0.2573379576206207,0.8688874244689941,0.0,0.0,0.0,0.0,0.0,0.0,0.0,0.0,0.3582232594490051,0.4451844990253448
0.3485426008701324,0.2410430461168289,0.368591696023941,0.2156573086977005,0.3259768784046173,0.2151002436876297,0.3994023501873016,0.2588704228401184,0.2959256768226623,0.255937397480011,0.4524945318698883,0.4434115886688232,0.2445630729198455,0.4552138149738312,0.6076784729957581,0.5739931464195251,0.0604888834059238,0.5803248286247253,0.5809181928634644,0.3375563025474548,0.1006283983588218,0.3441968262195587,0.3946080803871155,0.8858036398887634,0.2457611858844757,0.8821434378623962,0.0,0.0,0.0,0.0,0.0,0.0,0.0,0.0,0.3472455143928528,0.4475254118442535
0.3354837298393249,0.2372059077024459,0.3583613932132721,0.2110603153705597,0.3129040598869324,0.2107972204685211,0.3919839262962341,0.2495890855789184,0.2844911217689514,0.2494450509548187,0.4444313645362854,0.4444714188575744,0.2353822439908981,0.4445350170135498,0.5979422926902771,0.5834361910820007,0.0488661751151084,0.5767607092857361,0.5923237204551697,0.3586712777614593,0.0673743262887001,0.3445844650268554,0.3847954869270324,0.8864219784736633,0.2342088520526886,0.8844001889228821,0.0,0.0,0.0,0.0,0.0,0.0,0.0,0.0,0.3375669121742248,0.4436601102352142
0.3238103091716766,0.2339447885751724,0.3483506739139557,0.2099029272794723,0.2990306913852691,0.2070683985948562,0.3806502521038055,0.2529229819774627,0.268112301826477,0.2467717975378036,0.4348387122154236,0.4445670247077942,0.2059877216815948,0.4434192776679992,0.5888537168502808,0.6029173731803894,0.0214274264872074,0.5742574334144592,0.5926405787467957,0.3870397210121155,0.0359729118645191,0.3643130958080292,0.3756201565265655,0.8688053488731384,0.2185214608907699,0.868091881275177,0.0,0.0,0.0,0.0,0.0,0.0,0.0,0.0,0.3207157254219055,0.4408662319183349
0.3058787882328033,0.2244936525821685,0.3295859694480896,0.2002620995044708,0.2828973829746246,0.1985485106706619,0.3630746304988861,0.2432556301355362,0.2542290985584259,0.2344640046358108,0.4117754399776459,0.4337755739688873,0.1879110336303711,0.4358209669589996,0.5579673647880554,0.5972314476966858,0.0089285718277096,0.5571815371513367,0.549742579460144,0.3627706468105316,0.0466597788035869,0.3173707127571106,0.3533210158348083,0.8612443208694458,0.2037138789892196,0.8541119694709778,0.0,0.0,0.0,0.0,0.0,0.0,0.0,0.0,0.3020947277545929,0.4299514591693878
0.2980914115905761,0.2221993058919906,0.3221820890903473,0.197980597615242,0.2757085859775543,0.1968434751033783,0.3585948646068573,0.2449642121791839,0.2484654188156128,0.23772893846035,0.4036002159118652,0.4403624832630157,0.1824252307415008,0.4357925951480865,0.5408066511154175,0.6105889081954956,0.0089285718277096,0.5657997727394104,0.5353428721427917,0.3708434700965881,0.061190016567707,0.329977422952652,0.3482572734355926,0.8683677911758423,0.1904569417238235,0.8838247656822205,0.0,0.0,0.0,0.0,0.0,0.0,0.0,0.0,0.2971371710300445,0.4331184029579162
0.3229523003101349,0.2257397472858429,0.3478929102420807,0.2015384137630462,0.2958036959171295,0.2017760574817657,0.3804603517055511,0.2487907111644745,0.2615751326084137,0.2455553561449051,0.4292791187763214,0.4519619941711426,0.1943823248147964,0.4452418684959411,0.5665875673294067,0.6237720847129822,0.0166644472628831,0.5967673063278198,0.5795906782150269,0.3961589634418487,0.0587014518678188,0.3553567230701446,0.3846435546875,0.8628467321395874,0.2243160456418991,0.8798214793205261,0.0,0.0,0.0,0.0,0.0,0.0,0.0,0.0,0.3158985078334808,0.4436596930027008
0.4020352661609649,0.2191325277090072,0.4245501458644867,0.1942033022642135,0.3750662803649902,0.1960294395685196,0.4538679718971252,0.2412680834531784,0.341634452342987,0.24711275100708,0.515491247177124,0.4454188346862793,0.287982165813446,0.4464447796344757,0.6620621085166931,0.6357280015945435,0.0957385748624801,0.6146849393844604,0.6619332432746887,0.4255970120429992,0.1316564381122589,0.4086232185363769,0.4899371564388275,0.8968087434768677,0.3181530833244324,0.9031630158424376,0.0,0.0,0.0,0.0,0.0,0.0,0.0,0.0,0.4043990671634674,0.4459042251110077
0.5070073008537292,0.1969934999942779,0.5292355418205261,0.1688307225704193,0.4815110564231872,0.1728531867265701,0.5663695931434631,0.2091693133115768,0.4545645415782928,0.2228595912456512,0.6386398077011108,0.421951949596405,0.4067651629447937,0.4454182982444763,0.8113981485366821,0.5622051954269409,0.2301295846700668,0.5997810363769531,0.7825489044189453,0.3194669783115387,0.2668363153934479,0.3612585067749023,0.6129540801048279,0.922077178955078,0.4392517507076263,0.9376135468482972,0.0,0.0,0.0,0.0,0.0,0.0,0.0,0.0,0.5222365856170654,0.431214839220047
0.5474724769592285,0.1968339532613754,0.5707279443740845,0.1687940806150436,0.5223331451416016,0.172840341925621,0.6085143685340881,0.2106920927762985,0.495262861251831,0.2201748639345169,0.6771239638328552,0.4224527180194855,0.4485810697078705,0.4443300366401672,0.8613986968994141,0.5747601389884949,0.2736266255378723,0.5960008502006531,0.8256898522377014,0.3281050622463226,0.3127520978450775,0.3684281408786773,0.6321499943733215,0.9520267844200134,0.4683757126331329,0.939189314842224,0.0,0.0,0.0,0.0,0.0,0.0,0.0,0.0,0.5615767240524292,0.4350516200065613
0.5544466972351074,0.2086138576269149,0.5792399644851685,0.1825350821018219,0.5297465324401855,0.1866889894008636,0.6182212233543396,0.2268627882003784,0.503304660320282,0.236047625541687,0.6921495199203491,0.4190200865268707,0.4546162784099579,0.4445863366127014,0.8951430320739746,0.525835394859314,0.2639753818511963,0.5609313249588013,0.8704162240028381,0.2998798489570617,0.2673020958900451,0.3837950527667999,0.6360220909118652,0.9196577668190002,0.4772143363952636,0.9247577786445618,0.0,0.0,0.0,0.0,0.0,0.0,0.0,0.0,0.5740575790405273,0.4335100650787353
0.5509920716285706,0.204123854637146,0.5769643783569336,0.1778288334608078,0.5272718071937561,0.1814385503530502,0.6157203316688538,0.2245668172836303,0.5004886984825134,0.2337791621685028,0.6872357130050659,0.4177552759647369,0.4501388370990753,0.4411923587322235,0.8886170983314514,0.5240963697433472,0.2595171630382538,0.5421343445777893,0.8547922968864441,0.2916748225688934,0.2698350548744201,0.358614057302475,0.6285699605941772,0.9240932464599608,0.4716489017009735,0.9271858930587769,0.0,0.0,0.0,0.0,0.0,0.0,0.0,0.0,0.5667434334754944,0.429289311170578
0.5346395373344421,0.2091927826404571,0.5589674711227417,0.1847181320190429,0.513350784778595,0.1885261535644531,0.5972698926925659,0.2253989726305008,0.4897869527339935,0.2322986423969268,0.6650623083114624,0.4233474433422088,0.4358339309692383,0.4473613202571869,0.84878009557724,0.5392724871635437,0.2483190298080444,0.5632231831550598,0.8039675354957581,0.2978750765323639,0.3099733293056488,0.3459705710411072,0.6157582998275757,0.9161986112594604,0.4555897712707519,0.9036822319030762,0.0,0.0,0.0,0.0,0.0,0.0,0.0,0.0,0.5520303845405579,0.434642881155014
0.5381404757499695,0.2016914188861847,0.5633313655853271,0.1758111417293548,0.5157347321510315,0.1802543550729751,0.6055635809898376,0.2191706150770187,0.4934057891368866,0.2280031144618988,0.674929141998291,0.416523665189743,0.4424600005149841,0.4452067911624908,0.86042720079422,0.5471401214599609,0.2625759541988373,0.5628208518028259,0.8092229962348938,0.3022614419460296,0.3088444173336029,0.3529268205165863,0.6221674084663391,0.9040235877037048,0.4590949118137359,0.9036100506782532,0.0,0.0,0.0,0.0,0.0,0.0,0.0,0.0,0.5599107146263123,0.4308454990386963
0.5669495463371277,0.181979700922966,0.5933952331542969,0.1551949977874755,0.5454303026199341,0.1621133834123611,0.6408547759056091,0.2034575045108795,0.5254281163215637,0.2173888683319091,0.711755633354187,0.4114087522029876,0.4738170504570007,0.4393117129802704,0.9172065854072572,0.5444642305374146,0.2919066548347473,0.5694196820259094,0.8754649758338928,0.3008255362510681,0.2930299937725067,0.3836729824542999,0.6549402475357056,0.8855159878730774,0.4893315136432647,0.9039800763130188,0.0,0.0,0.0,0.0,0.0,0.0,0.0,0.0,0.5956469178199768,0.4215129017829895
0.6106218099594116,0.1616336554288864,0.6394453048706055,0.128176748752594,0.5863498449325562,0.1353489458560943,0.6908022165298462,0.1752199977636337,0.5639644265174866,0.1873046606779098,0.7652281522750854,0.3833150565624237,0.514825165271759,0.4240680336952209,0.9800071716308594,0.5238860845565796,0.3300758898258209,0.5679603815078735,0.923656404018402,0.2442567050457,0.3428670763969421,0.3553630411624908,0.7257502675056458,0.97586190700531,0.5399683117866516,0.958691656589508,0.0,0.0,0.0,0.0,0.0,0.0,0.0,0.0,0.6361498832702637,0.4018368124961853
0.636832594871521,0.1382015794515609,0.6665997505187988,0.1100125089287757,0.6114791035652161,0.12383933365345,0.722875714302063,0.1587200462818145,0.5906528830528259,0.1930199861526489,0.8077534437179565,0.3701967298984527,0.5477958917617798,0.4337517619132995,0.9910715222358704,0.518560528755188,0.367036372423172,0.5861244201660156,0.9372691512107848,0.2171269208192825,0.4090672135353088,0.3473443388938904,0.7730074524879456,0.952987551689148,0.5864301919937134,0.9402419924736024,0.0,0.0,0.0,0.0,0.0,0.0,0.0,0.0,0.6723874807357788,0.3983655273914337
0.6639512777328491,0.1352674514055252,0.6938523650169373,0.0999720320105552,0.6376631855964661,0.1139569655060768,0.756665050983429,0.1492704004049301,0.619811475276947,0.1690191775560379,0.8435479998588562,0.3609702885150909,0.5779889225959778,0.4180181622505188,0.0,0.0,0.3907725214958191,0.5832338929176331,0.0,0.0,0.3968788683414459,0.3735256195068359,0.7945533990859985,0.923362672328949,0.6060183644294739,0.9408268928527832,0.0,0.0,0.0,0.0,0.0,0.0,0.0,0.0,0.7066590189933777,0.3877676427364349
0.4589370191097259,0.1619874686002731,0.4900364577770233,0.1279990375041961,0.4343366026878357,0.1316415667533874,0.5389862656593323,0.1822104156017303,0.4076568782329559,0.1841318309307098,0.6001200079917908,0.4025367200374603,0.3510257303714752,0.4257520735263824,0.7736557722091675,0.5744835734367371,0.1413733661174774,0.5738704800605774,0.7230578064918518,0.264561653137207,0.2163162231445312,0.319537490606308,0.5228003859519958,0.9554444551467896,0.3445111215114593,0.9256882667541504,0.0,0.0,0.0,0.0,0.0,0.0,0.0,0.0,0.475191980600357,0.4115605354309082
0.3439231812953949,0.1518820524215698,0.3718211650848388,0.1215832009911537,0.3145527839660644,0.122303657233715,0.4148605167865753,0.1743522584438324,0.2824796736240387,0.1721271425485611,0.4780609011650085,0.4006705582141876,0.2224229723215103,0.4030859768390655,0.6535868644714355,0.591270387172699,0.0157976187765598,0.5739585161209106,0.6276374459266663,0.311829000711441,0.0537312403321266,0.3138560354709625,0.4300846457481384,0.9231774210929872,0.2430197298526764,0.9229464530944824,0.0,0.0,0.0,0.0,0.0,0.0,0.0,0.0,0.3481935858726501,0.3964225649833679
0.3414298892021179,0.1299505680799484,0.3715186417102813,0.0956730619072914,0.3171022832393646,0.0963974148035049,0.4192070066928863,0.1494834721088409,0.2886441349983215,0.1373976916074752,0.4857383072376251,0.3865560889244079,0.2263120710849762,0.3991104066371918,0.6558119654655457,0.5851932168006897,0.0089285718277096,0.6044209599494934,0.6063699126243591,0.2843748033046722,0.0903189331293106,0.3123054504394531,0.433675080537796,0.9748101234436036,0.238267496228218,0.9411244988441468,0.0,0.0,0.0,0.0,0.0,0.0,0.0,0.0,0.3539033234119415,0.3878662288188934
0.3183062076568603,0.1117045953869819,0.3501603901386261,0.0785680636763572,0.2911194264888763,0.0770995244383812,0.3974458277225494,0.1333561688661575,0.2544321715831756,0.1295460015535354,0.4646530151367187,0.3816380500793457,0.1843170374631881,0.384402334690094,0.6412865519523621,0.5830197930335999,0.0089285718277096,0.5357526540756226,0.6306543350219727,0.2982507050037384,0.0,0.0,0.0,0.0,0.191564604640007,0.9188150763511658,0.0,0.0,0.0,0.0,0.0,0.0,0.0,0.0,0.3237812221050262,0.3761750161647796
0.2903980314731598,0.0786049515008926,0.3237121999263763,0.0528976246714592,0.2623308300971985,0.0489482171833515,0.3636450469493866,0.1213355809450149,0.2197646796703338,0.1123720929026603,0.4244523048400879,0.3742334246635437,0.1539331823587417,0.364342451095581,0.6143669486045837,0.5939767956733704,0.0,0.0,0.6211733222007751,0.2920677363872528,0.0,0.0,0.3525231182575226,0.952981412410736,0.149400845170021,0.9193624258041382,0.0,0.0,0.0,0.0,0.0,0.0,0.0,0.0,0.2871030271053314,0.3666654527187347
0.3884755969047546,0.0140189751982688,0.4204285144805908,0.0089285718277096,0.3581302464008331,0.0089285718277096,0.4804238677024841,0.0454892851412296,0.3298352062702179,0.0468990132212638,0.5638298392295837,0.3288729786872864,0.2483844310045242,0.360733300447464,0.7898925542831421,0.5559345483779907,0.0162972565740346,0.5921240448951721,0.7030925154685974,0.189890518784523,0.1121506839990615,0.230143666267395,0.0,0.0,0.3006199896335602,0.9225394129753112,0.0,0.0,0.0,0.0,0.0,0.0,0.0,0.0,0.4088281095027923,0.3406080305576324
0.4536635279655456,0.0089285718277096,0.0,0.0,0.0,0.0,0.5545349717140198,0.0351563468575477,0.4048061966896057,0.0450659953057765,0.6399534344673157,0.3049791157245636,0.3466053605079651,0.3389189839363098,0.884440004825592,0.5655310153961182,0.1212395802140235,0.5963039398193359,0.8122566938400269,0.1805988103151321,0.1214408278465271,0.2780046761035919,0.5808354616165161,0.9369382858276368,0.3801418840885162,0.920585572719574,0.0,0.0,0.0,0.0,0.0,0.0,0.0,0.0,0.4925553202629089,0.3228238523006439
0.4854990541934967,0.0374183915555477,0.5228054523468018,0.0089285718277096,0.4601923525333404,0.0089285718277096,0.5866140127182007,0.0484983809292316,0.4326780438423157,0.0581627860665321,0.667971670627594,0.3199082016944885,0.3720235526561737,0.3541769385337829,0.878788948059082,0.5929819941520691,0.1661445945501327,0.5847774744033813,0.8297761082649231,0.2150854617357254,0.1346756517887115,0.3170132637023926,0.5942869782447815,0.9756588935852052,0.3959625363349914,0.9530991911888124,0.0,0.0,0.0,0.0,0.0,0.0,0.0,0.0,0.5226089954376221,0.3382236957550049
0.4971867501735687,0.0901632234454155,0.5327285528182983,0.0582338459789752,0.4702019989490509,0.0596164874732494,0.58250492811203,0.1121012717485427,0.437336266040802,0.1156625747680664,0.6552380919456482,0.3656705021858215,0.3820932507514953,0.3832837045192718,0.8348553776741028,0.617744505405426,0.1903408318758011,0.5982376337051392,0.7724068760871887,0.2843875288963318,0.2127382904291153,0.3217995166778564,0.6009588241577148,0.9588639140129088,0.4113043844699859,0.9499779939651488,0.0,0.0,0.0,0.0,0.0,0.0,0.0,0.0,0.516865611076355,0.3723303973674774
0.5021213889122009,0.1329513192176818,0.5333709120750427,0.0942932963371276,0.4773542284965515,0.0975197404623031,0.5841745734214783,0.1425115764141082,0.4506916105747223,0.1425278335809707,0.6554966568946838,0.3787460029125213,0.3979004025459289,0.3954129815101623,0.8089281320571899,0.6256121397018433,0.2271111160516739,0.6242707371711731,0.7384718656539917,0.3008598387241363,0.2827872931957245,0.3399804234504699,0.6045803427696228,0.9771286845207214,0.4171388447284698,0.9571605920791626,0.0,0.0,0.0,0.0,0.0,0.0,0.0,0.0,0.5245329141616821,0.3853233158588409
0.5272641777992249,0.1166817620396614,0.5560038685798645,0.0814693942666053,0.4970543682575226,0.0899832472205162,0.6045830845832825,0.136615514755249,0.4676506221294403,0.1502153575420379,0.67302006483078,0.3784234225749969,0.4143223464488983,0.3956217765808105,0.8301705121994019,0.6327477097511292,0.2587036788463592,0.6120534539222717,0.7771913409233093,0.3336102068424225,0.2638960778713226,0.3556096851825714,0.6335156559944153,0.9780235886573792,0.4394295215606689,0.9547519683837892,0.0,0.0,0.0,0.0,0.0,0.0,0.0,0.0,0.5415233373641968,0.3868951499462127
0.5318107008934021,0.1237669065594673,0.5597659945487976,0.0910983681678772,0.5035980939865112,0.0985365957021713,0.6060407757759094,0.1455082595348358,0.4748906791210174,0.156721755862236,0.6800821423530579,0.384421557188034,0.424809843301773,0.4015709459781647,0.8239632248878479,0.6512613296508789,0.2754577696323395,0.6207225918769836,0.766437828540802,0.3863246142864227,0.2661721706390381,0.3998932838439941,0.6324707269668579,0.9585036635398864,0.4511542320251465,0.9508744478225708,0.0,0.0,0.0,0.0,0.0,0.0,0.0,0.0,0.5503333210945129,0.3918138146400451
0.5342420339584351,0.12631656229496,0.5642104744911194,0.096871443092823,0.5069786906242371,0.1024351194500923,0.6123499274253845,0.1617589741945266,0.4773500561714172,0.160245344042778,0.6795598864555359,0.4001076221466064,0.4168753325939178,0.4154418408870697,0.828157901763916,0.7132219672203064,0.2830096781253814,0.6909919381141663,0.758285641670227,0.4188039004802704,0.3169887959957123,0.4529666304588318,0.6313522458076477,0.9784547090530396,0.4554597735404968,0.9598196744918824,0.0,0.0,0.0,0.0,0.0,0.0,0.0,0.0,0.5469067692756653,0.4055171906948089
0.5136069059371948,0.2422574460506439,0.5505960583686829,0.2090903967618942,0.4840719103813171,0.2179735749959945,0.6130762100219727,0.2864566445350647,0.4552920460700989,0.293123722076416,0.6993309855461121,0.5528156161308289,0.3914056718349457,0.5780373811721802,0.8546366095542908,0.9787201285362244,0.2197211235761642,0.8945335745811462,0.8066900372505188,0.6771634817123413,0.2247391045093536,0.6486819982528687,0.0,0.0,0.0,0.0,0.0,0.0,0.0,0.0,0.0,0.0,0.0,0.0,0.5440265536308289,0.5643336176872253
0.496088832616806,0.2364081591367721,0.5413965582847595,0.1987692564725875,0.4658608436584472,0.204807162284851,0.611757755279541,0.2790457308292389,0.4396612346172333,0.2876749634742737,0.7102615237236023,0.5816118121147156,0.3677235245704651,0.5986136794090271,0.8888100385665894,0.9910714030265808,0.1445076763629913,0.9515377283096312,0.8748583197593689,0.6698386073112488,0.1309441477060318,0.6660955548286438,0.0,0.0,0.0,0.0,0.0,0.0,0.0,0.0,0.0,0.0,0.0,0.0,0.5384362936019897,0.589847207069397
0.4811546802520752,0.2380011826753616,0.5304009318351746,0.1892124414443969,0.4508564472198486,0.1999532133340835,0.6097568273544312,0.2652837038040161,0.0,0.0,0.7118989825248718,0.5847812294960022,0.3600800335407257,0.6070335507392883,0.9809651970863342,0.937202513217926,0.0849443301558494,0.9175378680229188,0.9093493223190308,0.5262534618377686,0.1633262187242508,0.5512678027153015,0.0,0.0,0.0,0.0,0.0,0.0,0.0,0.0,0.0,0.0,0.0,0.0,0.5357445478439331,0.5990859270095825
0.4891939461231231,0.223473310470581,0.5385407209396362,0.1778804361820221,0.4556498229503631,0.1847978383302688,0.6132655739784241,0.2563020884990692,0.4295490682125091,0.2474980801343917,0.7110591530799866,0.5685194730758667,0.3606913387775421,0.5997439622879028,0.991071343421936,0.8945162892341614,0.0732285976409912,0.8848856687545776,0.9606593251228333,0.4717222154140472,0.0929636508226394,0.5467591285705566,0.0,0.0,0.0,0.0,0.0,0.0,0.0,0.0,0.0,0.0,0.0,0.0,0.5386115312576294,0.5812403559684753
0.494924932718277,0.2395516782999038,0.5416603088378906,0.1960556209087371,0.4631908535957336,0.2024134695529937,0.6106642484664917,0.2678712606430053,0.432875394821167,0.2623004615306854,0.7040997743606567,0.5680248141288757,0.3687798678874969,0.5922590494155884,0.0,0.0,0.1067059263586998,0.8802332282066345,0.0,0.0,0.1329232603311538,0.5455352663993835,0.0,0.0,0.0,0.0,0.0,0.0,0.0,0.0,0.0,0.0,0.0,0.0,0.5374042391777039,0.5804827809333801
0.4960944652557373,0.2529937028884887,0.532739520072937,0.2115515321493148,0.4685613214969635,0.2187904119491577,0.5944437980651855,0.2689458727836609,0.4418266117572784,0.2712238132953644,0.6722363829612732,0.5399800539016724,0.3792037665843963,0.5488136410713196,0.8939523100852966,0.862257182598114,0.1736386865377426,0.8404889106750488,0.7910245656967163,0.4901168048381805,0.2546620666980743,0.5158831477165222,0.0,0.0,0.0,0.0,0.0,0.0,0.0,0.0,0.0,0.0,0.0,0.0,0.5234848260879517,0.5455805063247681
0.5021485686302185,0.2526040971279144,0.5339788794517517,0.2220294177532196,0.475458949804306,0.2236379086971283,0.580093264579773,0.2709142565727234,0.4435315728187561,0.2760834693908691,0.6551641821861267,0.5086032152175903,0.3916973769664764,0.5266491174697876,0.8355603218078613,0.769476056098938,0.2090381681919098,0.7602298855781555,0.8020893335342407,0.4952373504638672,0.2132370620965957,0.5448278188705444,0.0,0.0,0.0,0.0,0.0,0.0,0.0,0.0,0.0,0.0,0.0,0.0,0.5245007872581482,0.5163627862930298
0.5125442147254944,0.2362101078033447,0.5374383330345154,0.2084113806486129,0.4866176247596741,0.2127339988946914,0.5752679109573364,0.2453991919755935,0.4571947455406189,0.2632247507572174,0.6500615477561951,0.4718005359172821,0.4130867123603821,0.4921415150165558,0.801664412021637,0.6994513273239136,0.2465448081493377,0.6928690075874329,0.7766289710998535,0.4659862220287323,0.2467913329601287,0.5110262036323547,0.0,0.0,0.0,0.0,0.0,0.0,0.0,0.0,0.0,0.0,0.0,0.0,0.5323347449302673,0.4810188114643097
0.5204216837882996,0.2813670337200165,0.5437251925468445,0.2545473575592041,0.5012707114219666,0.2560473382472992,0.5826614499092102,0.2968388199806213,0.4798603653907776,0.2963483333587646,0.6487039923667908,0.4922059178352356,0.4455495476722717,0.5024781227111816,0.7768257856369019,0.7013565301895142,0.3015294671058655,0.6891306042671204,0.7266507744789124,0.4592440724372864,0.3311525285243988,0.4807024300098419,0.6126722097396851,0.9910714030265808,0.4558384418487549,0.9796472191810608,0.0,0.0,0.0,0.0,0.0,0.0,0.0,0.0,0.5467161536216736,0.4972464144229889
0.5362257361412048,0.3048693835735321,0.5605779886245728,0.2771954238414764,0.5164621472358704,0.2782634794712066,0.5949656367301941,0.3167761862277984,0.4934967458248138,0.3163378536701202,0.6487511396408081,0.4899656176567077,0.461855411529541,0.4902927875518799,0.75131756067276,0.6865068078041077,0.3517100811004638,0.6638647317886353,0.7080302834510803,0.4829308688640594,0.3864311873912811,0.4760859906673431,0.6061493158340454,0.9004143476486206,0.4772408604621887,0.9025408029556274,0.0,0.0,0.0,0.0,0.0,0.0,0.0,0.0,0.5563483238220215,0.4900439381599426
0.5388105511665344,0.3109867870807647,0.5601323843002319,0.2887593805789947,0.51935875415802,0.2890470623970032,0.5910669565200806,0.3255874812602997,0.4956816136837005,0.3235411047935486,0.6472832560539246,0.4828148186206817,0.4620794951915741,0.4935095310211181,0.7379356026649475,0.6561071276664734,0.3570517003536224,0.6380337476730347,0.7172943949699402,0.485537976026535,0.3458954691886902,0.4870927035808563,0.5995650291442871,0.8483254313468933,0.4793793857097626,0.8500809669494629,0.0,0.0,0.0,0.0,0.0,0.0,0.0,0.0,0.5532642602920532,0.4876549839973449
0.5274778604507446,0.3318503499031067,0.5464084148406982,0.3127945959568023,0.5125366449356079,0.3116626143455505,0.5740805864334106,0.3455109894275665,0.4924997389316559,0.3395938277244568,0.6188033819198608,0.4935789406299591,0.4529306590557098,0.5011795163154602,0.7027098536491394,0.6568998098373413,0.3489501178264618,0.6421364545822144,0.6771931648254395,0.5055787563323975,0.3558499217033386,0.4806677401065826,0.5838642716407776,0.8449215888977051,0.470420628786087,0.8479003310203552,0.0,0.0,0.0,0.0,0.0,0.0,0.0,0.0,0.5343261361122131,0.4962308406829834
0.5082919001579285,0.3416690826416015,0.526498019695282,0.3260478079319,0.4930542111396789,0.3226183950901031,0.5509732365608215,0.3579551875591278,0.4703512489795685,0.3504528403282165,0.5922614336013794,0.50129634141922,0.436782032251358,0.4993909001350403,0.6589227318763733,0.6695125699043274,0.3543969988822937,0.654417097568512,0.6395427584648132,0.5134066939353943,0.3856094777584076,0.5057203769683838,0.5687146782875061,0.8295941948890686,0.4611406326293945,0.8299738168716431,0.0,0.0,0.0,0.0,0.0,0.0,0.0,0.0,0.5125693678855896,0.4984543025493622
0.513615608215332,0.3608443140983581,0.5294963121414185,0.3407008945941925,0.4997573792934418,0.3423851430416107,0.5548344850540161,0.3657175600528717,0.482523500919342,0.3690065741539001,0.5984048247337341,0.5056993365287781,0.4517669379711151,0.5104901194572449,0.6776261329650879,0.6437886357307434,0.3744734227657318,0.6335405111312866,0.6609143018722534,0.5034587979316711,0.3877328336238861,0.4978619217872619,0.5797327756881714,0.8104315996170044,0.473993569612503,0.8098646402359009,0.0,0.0,0.0,0.0,0.0,0.0,0.0,0.0,0.5245153307914734,0.5065821409225464
0.5366174578666687,0.371513694524765,0.5531368851661682,0.3489196002483368,0.5209232568740845,0.3532011806964874,0.5832472443580627,0.3719113767147064,0.5033929944038391,0.3796016871929168,0.6302228569984436,0.5083491206169128,0.4794769585132599,0.5102905631065369,0.704069197177887,0.641374409198761,0.3994957506656647,0.6370511651039124,0.6983270645141602,0.5231576561927795,0.4662472903728485,0.5101245045661926,0.597351610660553,0.8168697953224182,0.4925489127635956,0.8119717240333557,0.0,0.0,0.0,0.0,0.0,0.0,0.0,0.0,0.5544325709342957,0.5077534317970276
0.5935044884681702,0.3899689316749573,0.6076542735099792,0.367277443408966,0.5774859189987183,0.3713519871234894,0.6340174078941345,0.3845131695270538,0.5621323585510254,0.3935785293579101,0.6766164898872375,0.519466757774353,0.5366382002830505,0.526226818561554,0.775340735912323,0.6380974054336548,0.453406423330307,0.6444119215011597,0.7526814341545105,0.5037899017333984,0.455288827419281,0.5179744362831116,0.656524658203125,0.8132122755050659,0.5571709871292114,0.8165879249572754,0.0,0.0,0.0,0.0,0.0,0.0,0.0,0.0,0.60737544298172,0.5231972932815552
0.6224201321601868,0.3934811949729919,0.6366156339645386,0.3705644905567169,0.6048656702041626,0.3752281367778778,0.6605305671691895,0.3876632750034332,0.5860677361488342,0.397047609090805,0.7063623666763306,0.5171993970870972,0.5605823397636414,0.5255095958709717,0.8036038279533386,0.6380223631858826,0.4805043637752533,0.6503576636314392,0.7839675545692444,0.5046950578689575,0.4806846678256988,0.5183035135269165,0.6811820268630981,0.8339301347732544,0.5803200602531433,0.8302258849143982,0.0,0.0,0.0,0.0,0.0,0.0,0.0,0.0,0.6341624855995178,0.5201524496078491
0.6404422521591187,0.3985427320003509,0.6560757756233215,0.37646484375,0.6241535544395447,0.3793590366840362,0.6822980046272278,0.3929303288459778,0.6089025139808655,0.3989551663398742,0.7249341011047363,0.5196071267127991,0.5838571786880493,0.5301027894020081,0.8240781426429749,0.640505850315094,0.4963627457618713,0.6464197039604187,0.8077446222305298,0.4942120015621185,0.4761063456535339,0.5206244587898254,0.6930332183837891,0.8331030607223511,0.595051646232605,0.8273170590400696,0.0,0.0,0.0,0.0,0.0,0.0,0.0,0.0,0.6530513763427734,0.5246065855026245
0.6349768042564392,0.4050617218017578,0.6506193280220032,0.3830260634422302,0.6190824508666992,0.3857830166816711,0.6759673357009888,0.4004539847373962,0.6025511622428894,0.4061087071895599,0.7165535092353821,0.527138888835907,0.5776939392089844,0.5307891368865967,0.8139320611953735,0.6423830389976501,0.4887593388557434,0.6456660032272339,0.7941939234733582,0.4961108565330505,0.4761996567249298,0.5216506719589233,0.6862983703613281,0.8419243097305298,0.5910869240760803,0.8317634463310242,0.0,0.0,0.0,0.0,0.0,0.0,0.0,0.0,0.6459581255912781,0.528684675693512
0.6199203729629517,0.407322883605957,0.6353415846824646,0.3879556059837341,0.6043882369995117,0.3886923789978027,0.6555787324905396,0.4056224226951599,0.5836313962936401,0.4078056514263153,0.6889544129371643,0.5212330222129822,0.5586976408958435,0.5321477055549622,0.7829834222793579,0.636384129524231,0.481191486120224,0.6481857895851135,0.7559769749641418,0.5075255036354065,0.5188594460487366,0.5224128365516663,0.6701111197471619,0.8294983506202698,0.5751123428344727,0.8292035460472107,0.0,0.0,0.0,0.0,0.0,0.0,0.0,0.0,0.6243262887001038,0.5265691876411438
0.5988179445266724,0.4152510166168213,0.6130185723304749,0.3952045738697052,0.5844436883926392,0.3953909575939178,0.6351426243782043,0.4114653766155243,0.5674833059310913,0.4136280417442322,0.6682925820350647,0.5298028588294983,0.5391260981559753,0.5318366289138794,0.7580150365829468,0.6384859085083008,0.4704701602458954,0.6577879786491394,0.7407758831977844,0.5168506503105164,0.4813840389251709,0.5292130708694458,0.6526513695716858,0.830618679523468,0.5623813271522522,0.8333756327629089,0.0,0.0,0.0,0.0,0.0,0.0,0.0,0.0,0.6035957932472229,0.5304229855537415
0.5966636538505554,0.4201471507549286,0.6104909777641296,0.4004378914833069,0.5815201997756958,0.4012367129325866,0.630392849445343,0.4162812232971191,0.5642269253730774,0.4192546904087066,0.6637601256370544,0.53455650806427,0.5356587171554565,0.5386800169944763,0.7555411458015442,0.633526623249054,0.4663756191730499,0.6578679084777832,0.7532774209976196,0.5215786695480347,0.4610180556774139,0.5470823645591736,0.6495593190193176,0.8179565072059631,0.5616944432258606,0.8279231786727905,0.0,0.0,0.0,0.0,0.0,0.0,0.0,0.0,0.5994234681129456,0.5352197885513306
0.6120542287826538,0.4264810681343078,0.6242496371269226,0.4081116020679474,0.5958036184310913,0.408612996339798,0.6412820219993591,0.4246181845664978,0.5739027857780457,0.4277798235416412,0.6684560775756836,0.538395881652832,0.543107807636261,0.5425823926925659,0.7696390748023987,0.6130215525627136,0.4760318696498871,0.6387165784835815,0.7571061849594116,0.477206289768219,0.4750263392925262,0.5246315598487854,0.6596188545227051,0.8110349774360657,0.5689119100570679,0.8249044418334961,0.0,0.0,0.0,0.0,0.0,0.0,0.0,0.0,0.6081023812294006,0.5407150983810425
0.6351479291915894,0.4339706897735595,0.6484465599060059,0.4158173501491546,0.6205381155014038,0.4184835851192474,0.6687661409378052,0.4334598481655121,0.6045017242431641,0.43939870595932,0.6990414261817932,0.5413834452629089,0.5816876292228699,0.547185480594635,0.7982453107833862,0.5960305333137512,0.5057073831558228,0.621468186378479,0.7767168879508972,0.4694979190826416,0.5276654958724976,0.4964986145496368,0.6834394335746765,0.8082479238510132,0.5953491926193237,0.8105098009109497,0.699221670627594,0.9910715818405152,0.5959368348121643,0.991071343421936,0.0,0.0,0.0,0.0,0.6420365571975708,0.5438688397407532
0.6634817123413086,0.4382329285144806,0.6767422556877136,0.4216307699680328,0.6502928137779236,0.4230830669403076,0.7004410624504089,0.4415876269340515,0.6363458037376404,0.4430908560752868,0.7305801510810852,0.5439867377281189,0.6207658052444458,0.5472027659416199,0.830644428730011,0.5875924825668335,0.5393308997154236,0.6127000451087952,0.8143735527992249,0.4572798311710357,0.5310183763504028,0.4999314844608307,0.7156292796134949,0.8105735778808594,0.6309472322463989,0.8085471391677856,0.7201387286186218,0.9910714030265808,0.6210166811943054,0.9910715222358704,0.0,0.0,0.0,0.0,0.6755284070968628,0.5448352098464966
0.6787928938865662,0.4424759447574615,0.6925373077392578,0.4257752597332001,0.6664267182350159,0.4259223043918609,0.7149692177772522,0.4496957659721374,0.65198814868927,0.4455531537532806,0.7420044541358948,0.5505359172821045,0.6335811614990234,0.5557971596717834,0.8397642970085144,0.5784797668457031,0.5502766966819763,0.6060879826545715,0.8264814615249634,0.4363754391670227,0.526990532875061,0.5064212679862976,0.7272878885269165,0.8160414099693298,0.6422216296195984,0.8150286674499512,0.7222458124160767,0.991071343421936,0.6239842176437378,0.991071343421936,0.0,0.0,0.0,0.0,0.68788081407547,0.5519264936447144
0.6794953346252441,0.4465636610984802,0.6927812695503235,0.4304424822330475,0.6668607592582703,0.430136889219284,0.7128646969795227,0.4525187909603119,0.6499924063682556,0.4487588405609131,0.7379879355430603,0.5559738874435425,0.6291961669921875,0.5589281916618347,0.8248830437660217,0.5976303815841675,0.5523722767829895,0.6133459210395813,0.8077178001403809,0.4604679048061371,0.5622543096542358,0.4947149157524109,0.7254260182380676,0.8364696502685547,0.6456966996192932,0.8352685570716858,0.0,0.0,0.0,0.0,0.0,0.0,0.0,0.0,0.6830094456672668,0.5572487711906433
0.670372486114502,0.4486728310585022,0.6837067604064941,0.4332663416862488,0.6583717465400696,0.4329133629798889,0.7028316855430603,0.454498827457428,0.6420823335647583,0.452165275812149,0.7299803495407104,0.5560079216957092,0.618786633014679,0.5559428334236145,0.8141838908195496,0.593104362487793,0.5452743172645569,0.6158629059791565,0.7982636094093323,0.4697186648845672,0.5535030364990234,0.4950859546661377,0.714695930480957,0.8302968144416809,0.6375578045845032,0.8290995359420776,0.0,0.0,0.0,0.0,0.0,0.0,0.0,0.0,0.6732236742973328,0.5552979111671448
0.6675735712051392,0.4522814452648163,0.6809040904045105,0.4379269480705261,0.6542934775352478,0.4373210966587066,0.6983802914619446,0.456487089395523,0.6368581652641296,0.4549506306648254,0.7242313027381897,0.5562745928764343,0.6142140626907349,0.5568155646324158,0.8092541098594666,0.595470130443573,0.5476475358009338,0.6177067160606384,0.8050874471664429,0.4795308411121368,0.5370228290557861,0.5234915614128113,0.7130242586135864,0.829898476600647,0.6351718306541443,0.8289421200752258,0.0,0.0,0.0,0.0,0.0,0.0,0.0,0.0,0.6683819890022278,0.5559642314910889
0.6675400733947754,0.4542209208011627,0.6796197295188904,0.4395697712898254,0.6534390449523926,0.4396924078464508,0.6948069930076599,0.4561171233654022,0.635202944278717,0.4568608105182647,0.7199211120605469,0.5529683828353882,0.6088309288024902,0.5556975603103638,0.8098945021629333,0.598766028881073,0.5424851179122925,0.6161141395568848,0.7936021089553833,0.5103492736816406,0.5531889796257019,0.5036865472793579,0.7146676778793335,0.8092705607414246,0.6327049136161804,0.8148332238197327,0.7345777153968811,0.9910714030265808,0.0,0.0,0.0,0.0,0.0,0.0,0.664107620716095,0.5541334748268127
0.6914573311805725,0.4495744109153747,0.7060573697090149,0.4340853095054626,0.6797019243240356,0.434810608625412,0.7242515683174133,0.458503782749176,0.663425862789154,0.4576377272605896,0.7456458210945129,0.5629361867904663,0.6413554549217224,0.5643409490585327,0.835232138633728,0.5922771096229553,0.5667380094528198,0.6155206561088562,0.8119034171104431,0.4682097434997558,0.5635278820991516,0.5074500441551208,0.7418165802955627,0.811449408531189,0.6615948677062988,0.8142901062965393,0.0,0.0,0.6681603789329529,0.991071343421936,0.0,0.0,0.0,0.0,0.6927831768989563,0.5639983415603638
0.7040347456932068,0.4449957013130188,0.7182918787002563,0.4285392761230469,0.6922670602798462,0.4290384352207184,0.7383795380592346,0.4531969428062439,0.6767327189445496,0.4526081383228302,0.7671786546707153,0.5552445650100708,0.6557625532150269,0.5606978535652161,0.8594902753829956,0.5893072485923767,0.5767089128494263,0.6199448704719543,0.8390974402427673,0.4572103917598724,0.5593498349189758,0.5120266079902649,0.7547451257705688,0.8093499541282654,0.6698941588401794,0.811118483543396,0.7590511441230774,0.9910715222358704,0.6588293313980103,0.9910714030265808,0.0,0.0,0.0,0.0,0.7101577520370483,0.5582493543624878
0.698353111743927,0.4418446719646454,0.7122353911399841,0.426580935716629,0.6869475245475769,0.4262439310550689,0.7308011651039124,0.4502155482769012,0.6709863543510437,0.4491869509220123,0.7593631744384766,0.5528969764709473,0.6461056470870972,0.558992326259613,0.8494070768356323,0.5901917815208435,0.5650367140769958,0.6195017099380493,0.8205243945121765,0.4585041403770447,0.5643482804298401,0.5090968608856201,0.7463356256484985,0.806403636932373,0.6596278548240662,0.8085087537765503,0.7530855536460876,0.9910714030265808,0.6377624869346619,0.9910715222358704,0.0,0.0,0.0,0.0,0.7018718719482422,0.556252658367157
0.6641525626182556,0.44267338514328,0.6774400472640991,0.4287323653697967,0.6514982581138611,0.4266793429851532,0.6946283578872681,0.4503385424613952,0.6336079239845276,0.4450052082538605,0.7180670499801636,0.5494160056114197,0.6047970056533813,0.551473081111908,0.8054276704788208,0.6089996099472046,0.5283118486404419,0.6160866618156433,0.7932826280593872,0.5056807994842529,0.5504550337791443,0.4940414130687713,0.6979886889457703,0.7949414253234863,0.6149798631668091,0.79643315076828,0.7166837453842163,0.9910715222358704,0.6055622696876526,0.9910714030265808,0.0,0.0,0.0,0.0,0.6618409752845764,0.5499327778816223
0.6273416876792908,0.4400070309638977,0.6412257552146912,0.4252784550189972,0.6154680252075195,0.4228560626506805,0.6578119397163391,0.4459592700004577,0.5964308977127075,0.4424384236335754,0.6770160794258118,0.5505068302154541,0.5658129453659058,0.5517742037773132,0.7629656791687012,0.6181687712669373,0.4947808384895324,0.6166563630104065,0.7569165229797363,0.4904539585113525,0.4805673956871032,0.504858672618866,0.6595832705497742,0.8156500458717346,0.5764589905738831,0.8172901272773743,0.0,0.0,0.0,0.0,0.0,0.0,0.0,0.0,0.6231191754341125,0.5527746081352234
0.6057875752449036,0.4317923188209533,0.6182026863098145,0.4149170815944671,0.5911270380020142,0.4138973653316498,0.6336331367492676,0.4374381601810455,0.5697538256645203,0.4364294707775116,0.6559048891067505,0.5459601283073425,0.5380488634109497,0.5480271577835083,0.7453895211219788,0.6155301928520203,0.468924343585968,0.6276363134384155,0.7301048040390015,0.5131367444992065,0.4792242050170898,0.5122107863426208,0.6397609114646912,0.8162345290184021,0.5588722229003906,0.8187325596809387,0.0,0.0,0.0,0.0,0.0,0.0,0.0,0.0,0.5984458327293396,0.5476568937301636
0.5936638712882996,0.4234363436698913,0.6080405116081238,0.404843658208847,0.5799641013145447,0.4053122103214264,0.6277366876602173,0.4271791577339172,0.562465488910675,0.4298124015331268,0.6514838337898254,0.5417348146438599,0.5342637300491333,0.5480607151985168,0.7406578660011292,0.61609947681427,0.4565085470676422,0.6288384795188904,0.7184794545173645,0.5140267014503479,0.4737902581691742,0.504635751247406,0.6319106221199036,0.8168814778327942,0.550048291683197,0.8157057166099548,0.0,0.0,0.0,0.0,0.0,0.0,0.0,0.0,0.5937018394470215,0.5440285801887512
0.5879087448120117,0.415555328130722,0.6023963689804077,0.398964375257492,0.5748254656791687,0.3994276821613312,0.620854914188385,0.4210119247436523,0.5577579140663147,0.423746645450592,0.64761883020401,0.5331045389175415,0.5308879613876343,0.5428872108459473,0.7360252141952515,0.61384516954422,0.450998306274414,0.6287638545036316,0.7161086797714233,0.5227444171905518,0.43668994307518,0.5215021371841431,0.6261591911315918,0.8158494234085083,0.5372215509414673,0.8099489808082581,0.0,0.0,0.0,0.0,0.0,0.0,0.0,0.0,0.5896734595298767,0.5368057489395142
0.577010989189148,0.4125259220600128,0.5922337174415588,0.3947547376155853,0.5627742409706116,0.3939447700977325,0.6100789904594421,0.4180551171302795,0.5439748167991638,0.4155483543872833,0.6359701156616211,0.5339838266372681,0.5144952535629272,0.536054253578186,0.7262698411941528,0.6152745485305786,0.4359450936317444,0.6285923719406128,0.7061850428581238,0.5129855871200562,0.4214231669902801,0.5093337893486023,0.6145067811012268,0.8114639520645142,0.52337247133255,0.8072443604469299,0.0,0.0,0.4946320950984955,0.991071343421936,0.0,0.0,0.0,0.0,0.5756496787071228,0.533413290977478
0.5379114747047424,0.4124723076820373,0.5520814657211304,0.3958071768283844,0.523825466632843,0.3925216794013977,0.5690678954124451,0.4173423945903778,0.5020069479942322,0.4102218151092529,0.5957836508750916,0.5331763029098511,0.4653585255146026,0.531908392906189,0.6913844347000122,0.6216861009597778,0.3801124691963196,0.621772825717926,0.6780115962028503,0.4873495399951935,0.4044022858142853,0.4898386001586914,0.5706526041030884,0.8176581263542175,0.4778743088245392,0.8170639276504517,0.0,0.0,0.0,0.0,0.0,0.0,0.0,0.0,0.5308160185813904,0.5302475690841675
0.5111404657363892,0.4011341631412506,0.5265126824378967,0.3846586048603058,0.4955759942531585,0.3815235197544098,0.5438915491104126,0.4084281921386719,0.472267597913742,0.4016280174255371,0.5646006464958191,0.5285115838050842,0.4296300113201141,0.5269191861152649,0.6582267880439758,0.6198495030403137,0.3422085344791412,0.618135392665863,0.6530793309211731,0.4786868691444397,0.3636129200458526,0.4774252772331238,0.5366255640983582,0.8090893626213074,0.4423393905162811,0.8128352761268616,0.0,0.0,0.0,0.0,0.0,0.0,0.0,0.0,0.4986311793327331,0.5269575715065002
0.4788995087146759,0.3959320187568664,0.4927321970462799,0.3783204257488251,0.4624209105968475,0.376537024974823,0.5092955231666565,0.4017642438411712,0.4365676939487457,0.402683824300766,0.5335124135017395,0.5221304297447205,0.3987369835376739,0.5246652960777283,0.638171374797821,0.6139448881149292,0.2908423840999603,0.6145263314247131,0.6546862721443176,0.4729929566383362,0.2900941073894501,0.4404042363166809,0.5145881175994873,0.8236199021339417,0.4205540120601654,0.8293115496635437,0.0,0.0,0.0,0.0,0.0,0.0,0.0,0.0,0.4681749641895294,0.5238500237464905
0.4703534543514251,0.3913473486900329,0.4849166870117187,0.3729911148548126,0.4537020325660705,0.3736114501953125,0.5040512681007385,0.3968454897403717,0.4307450354099273,0.3979207873344421,0.5315262675285339,0.521758496761322,0.3965698182582855,0.5233773589134216,0.6449347734451294,0.6061552166938782,0.2851594090461731,0.6136999726295471,0.6540898084640503,0.4544978141784668,0.279594749212265,0.4527188241481781,0.508957028388977,0.8325949907302856,0.4144270122051239,0.8338046073913574,0.0,0.0,0.0,0.0,0.0,0.0,0.0,0.0,0.4658285081386566,0.5229810476303101
0.4727077484130859,0.3869962990283966,0.4886512160301208,0.3671302199363708,0.4556189477443695,0.3672809600830078,0.5087829828262329,0.3929797708988189,0.4310987293720245,0.3940922617912292,0.5331729054450989,0.5175122618675232,0.3968786597251892,0.5247365832328796,0.652743935585022,0.6021169424057007,0.2835980355739593,0.6112703680992126,0.641244113445282,0.4554522037506103,0.301920473575592,0.4485471248626709,0.5112587809562683,0.8315385580062866,0.4136615693569183,0.8336144685745239,0.0,0.0,0.0,0.0,0.0,0.0,0.0,0.0,0.4667425155639648,0.5206117033958435
0.4734355509281158,0.3799492418766022,0.4901110827922821,0.36075159907341,0.4575975835323334,0.3593435883522033,0.5106112957000732,0.3841921389102936,0.4332949221134186,0.3840286433696747,0.5411125421524048,0.5123542547225952,0.3993831574916839,0.5205302834510803,0.6542630195617676,0.6076601147651672,0.2839149534702301,0.6115887761116028,0.6418238282203674,0.4604755342006683,0.3182743191719055,0.4515798389911651,0.5124677419662476,0.8282979726791382,0.4153815805912018,0.8293220400810242,0.0,0.0,0.0,0.0,0.0,0.0,0.0,0.0,0.4709675014019012,0.51551353931427
0.4693330824375152,0.3773718476295471,0.485585868358612,0.3582714200019836,0.4541682302951813,0.355728805065155,0.5064504146575928,0.3826740384101867,0.4307762682437897,0.3816447854042053,0.5366988182067871,0.5085940957069397,0.3942485153675079,0.5198227763175964,0.6542038917541504,0.6101765632629395,0.2780326604843139,0.6120343208312988,0.6470986008644104,0.4654914736747741,0.3031469285488128,0.4512486755847931,0.5118135213851929,0.8168443441390991,0.4110706448554992,0.8189425468444824,0.0,0.0,0.0,0.0,0.0,0.0,0.0,0.0,0.4663158059120178,0.5133125185966492
0.4565727710723877,0.3707811832427978,0.4722356498241424,0.3510636985301971,0.4374364912509918,0.350399911403656,0.4911072552204132,0.3786885440349579,0.4074399173259735,0.3786506354808807,0.5177927613258362,0.5128424167633057,0.3686924874782562,0.515220582485199,0.6342620849609375,0.6096974611282349,0.2524038255214691,0.6138275265693665,0.645207941532135,0.4474771320819855,0.2482998073101043,0.454112559556961,0.4816776216030121,0.8294334411621094,0.3794454038143158,0.8190882802009583,0.0,0.0,0.0,0.0,0.0,0.0,0.0,0.0,0.4431101977825165,0.5137493014335632
0.4357745051383972,0.3678889870643616,0.450436919927597,0.3501127660274505,0.417864978313446,0.3452052772045135,0.4632259905338287,0.3769754767417907,0.3852588236331939,0.3717101216316223,0.4895049035549164,0.5147829651832581,0.341583788394928,0.5131833553314209,0.6049361824989319,0.6088742613792419,0.2082157582044601,0.6080271005630493,0.6113339066505432,0.4429247677326202,0.2243173122406005,0.4379492700099945,0.4539235234260559,0.8327732086181641,0.3459358215332031,0.8315411806106567,0.0,0.0,0.0,0.0,0.0,0.0,0.0,0.0,0.4164695739746094,0.5127322673797607
0.3934706747531891,0.3565751016139984,0.4080054461956024,0.3420858085155487,0.374417781829834,0.3365468978881836,0.4200902581214905,0.3718453049659729,0.3401245474815368,0.3613095581531524,0.4421055316925049,0.5076606273651123,0.2911003530025482,0.4959921240806579,0.5653489828109741,0.6106024980545044,0.1685339510440826,0.5907052159309387,0.5559640526771545,0.4399023950099945,0.2033689469099044,0.4259451925754547,0.4010933339595794,0.8263850212097168,0.296199232339859,0.8174788355827332,0.0,0.0,0.0,0.0,0.0,0.0,0.0,0.0,0.3664399981498718,0.4990281164646148
0.3579767346382141,0.3530442118644714,0.373494803905487,0.3349647521972656,0.3394193947315216,0.3299075067043304,0.3881756961345672,0.3644566535949707,0.3053310215473175,0.3527543246746063,0.4136541485786438,0.4994768798351288,0.2545332610607147,0.5017758011817932,0.5265352725982666,0.6022213101387024,0.117643617093563,0.5903796553611755,0.5323076248168945,0.4396710693836212,0.1639933288097381,0.4097376465797424,0.3774468898773193,0.8314551711082458,0.2710470855236053,0.8310915231704712,0.0,0.0,0.0,0.0,0.0,0.0,0.0,0.0,0.3330093920230865,0.4977934062480926
0.3381943702697754,0.3461719453334808,0.3557753562927246,0.3249256908893585,0.319752961397171,0.3230308890342712,0.3751561343669891,0.3569207489490509,0.2920853197574615,0.3513534367084503,0.4063398540019989,0.4962494969367981,0.2465416193008422,0.5027326345443726,0.5274399518966675,0.6000795960426331,0.1038009971380233,0.5968169569969177,0.533875048160553,0.4263982474803924,0.1204709187150001,0.4293802082538605,0.3675341606140136,0.8426576852798462,0.2581002116203308,0.8448553085327148,0.0,0.0,0.0,0.0,0.0,0.0,0.0,0.0,0.3268676102161407,0.4970511496067047
0.3375608026981354,0.3390572667121887,0.3563749194145202,0.3202190399169922,0.3198478519916534,0.3154438138008117,0.3756898939609527,0.35518479347229,0.2926166355609894,0.3438732624053955,0.4044624865055084,0.4925024509429931,0.2436908036470413,0.4978327751159668,0.531084418296814,0.5892733931541443,0.0994668677449226,0.5900619626045227,0.5269051194190979,0.4099456965923309,0.1259744316339492,0.4239837527275085,0.3662374019622803,0.8271270394325256,0.2571073174476623,0.83152836561203,0.0,0.0,0.0,0.0,0.0,0.0,0.0,0.0,0.3255369067192077,0.4929156899452209
0.3326042294502258,0.326557457447052,0.3496584296226501,0.3068840503692627,0.3128910958766937,0.3025802969932556,0.3684191703796386,0.3428028523921966,0.2807255685329437,0.3349141478538513,0.3985142409801483,0.4814276993274688,0.2407834231853485,0.4936743080615997,0.5302115678787231,0.577600359916687,0.0926920548081398,0.593318521976471,0.5088831186294556,0.4069916903972626,0.1363404840230941,0.4176853001117706,0.3648565709590912,0.8327633738517761,0.2514277398586273,0.8367368578910828,0.0,0.0,0.0,0.0,0.0,0.0,0.0,0.0,0.3204746842384338,0.4857813417911529
0.3177691996097564,0.3223199546337127,0.3362878262996673,0.3019279837608337,0.2986812889575958,0.2981086075305938,0.3565093576908111,0.3363825678825378,0.2678101658821106,0.3261995613574981,0.3876929879188537,0.481582909822464,0.2207187414169311,0.492847591638565,0.5231577157974243,0.572223961353302,0.0725067183375358,0.5850840210914612,0.5160306096076965,0.3991074562072754,0.1037317439913749,0.4028928875923157,0.350981742143631,0.8266143798828125,0.2352283000946045,0.8195792436599731,0.0,0.0,0.0,0.0,0.0,0.0,0.0,0.0,0.306591272354126,0.4848354756832123
0.286655992269516,0.3126218616962433,0.3062334060668945,0.2942913472652435,0.2662641406059265,0.2892807126045227,0.328230082988739,0.3302250504493713,0.2351522892713546,0.3195031583309173,0.3646015524864197,0.4775689244270324,0.1864989697933197,0.4771924018859863,0.5025875568389893,0.5863248705863953,0.0182491578161716,0.5787490606307983,0.5221956968307495,0.4007902443408966,0.0359629653394222,0.3948140144348144,0.3183393776416778,0.8312707543373108,0.1980317533016204,0.8199073672294617,0.0,0.0,0.0,0.0,0.0,0.0,0.0,0.0,0.2754809558391571,0.4738374054431915
0.3197534680366516,0.3149302303791046,0.3391529619693756,0.2943821549415588,0.3006686568260193,0.2915413677692413,0.364060491323471,0.3306385576725006,0.2736365795135498,0.3228216469287872,0.3995154201984405,0.4836387634277344,0.2273799479007721,0.4903848767280578,0.5315845608711243,0.6038896441459656,0.0878998413681984,0.5890011787414551,0.5139864683151245,0.4082858562469482,0.1324235498905182,0.4133775532245636,0.362454205751419,0.8302479386329651,0.2437943965196609,0.8294827342033386,0.0,0.0,0.0,0.0,0.0,0.0,0.0,0.0,0.3149452209472656,0.4856064319610595
0.3980447947978973,0.3223060667514801,0.4166102409362793,0.3059149384498596,0.3789794147014618,0.2998867332935333,0.436396837234497,0.3443301022052765,0.3495859205722809,0.3305450975894928,0.4752481579780578,0.486943632364273,0.3067960739135742,0.4939244091510772,0.5820680260658264,0.6333884596824646,0.2004211843013763,0.6306229829788208,0.5587719678878784,0.4597149491310119,0.191671535372734,0.4742592871189117,0.455243855714798,0.8280339241027832,0.3358051478862762,0.8301433324813843,0.0,0.0,0.0,0.0,0.0,0.0,0.0,0.0,0.391636312007904,0.4880656599998474
0.424556016921997,0.324198305606842,0.4432345330715179,0.302051693201065,0.4051578342914581,0.2992997467517853,0.4664255082607269,0.3374914824962616,0.3778603672981262,0.330163300037384,0.5094203948974609,0.4880348145961761,0.3376719653606415,0.4933989942073822,0.5917235612869263,0.6517974138259888,0.249701514840126,0.646064281463623,0.5783646702766418,0.4937150478363037,0.23443403840065,0.5029909014701843,0.4687035381793976,0.8275920152664185,0.349842756986618,0.8291260004043579,0.0,0.0,0.0,0.0,0.0,0.0,0.0,0.0,0.4232760071754455,0.4883575439453125
0.4434759318828583,0.3283890783786773,0.4651145040988922,0.3089113235473633,0.4263583719730377,0.3038785755634308,0.4871808588504791,0.3509029448032379,0.3986744582653045,0.3345689475536346,0.5149842500686646,0.4920360445976257,0.3565024435520172,0.4868052899837494,0.5877781510353088,0.6698852181434631,0.2697578370571136,0.6509719491004944,0.5693337917327881,0.4989936649799347,0.2841895818710327,0.4900414943695068,0.4768315851688385,0.8289891481399536,0.3671392500400543,0.8271151781082153,0.0,0.0,0.0,0.0,0.0,0.0,0.0,0.0,0.4368460774421692,0.488180011510849
0.4361326396465301,0.3348152339458465,0.456329733133316,0.3123202919960022,0.41883584856987,0.3109335899353027,0.4800758361816406,0.3456931710243225,0.3935737013816833,0.3411760926246643,0.5153552889823914,0.4900223314762115,0.3597748875617981,0.4943045973777771,0.5852998495101929,0.667810320854187,0.2748847305774688,0.6523362398147583,0.5730540156364441,0.5119084119796753,0.2760760188102722,0.5185884237289429,0.4869438707828522,0.8269764184951782,0.3770013451576233,0.8287394642829895,0.0,0.0,0.0,0.0,0.0,0.0,0.0,0.0,0.4383725821971893,0.4906938970088959
0.4477029740810394,0.3315366208553314,0.4658586382865906,0.3102335929870605,0.4276911318302154,0.3116705417633056,0.4898634850978851,0.3434627950191498,0.401383638381958,0.3449531495571136,0.5300031900405884,0.4879532158374786,0.3695279657840729,0.4918577075004577,0.5861068964004517,0.6686738133430481,0.2954772412776947,0.6568251848220825,0.5782632231712341,0.5349107384681702,0.2947749495506286,0.5306908488273621,0.5067233443260193,0.8072242736816406,0.3977815210819244,0.8126792311668396,0.0,0.0,0.0,0.0,0.0,0.0,0.0,0.0,0.4503321647644043,0.4887093901634216
0.4822383522987366,0.3422956764698028,0.5007302761077881,0.3180279433727264,0.4648323953151703,0.3200404942035675,0.5286627411842346,0.345646321773529,0.4456115663051605,0.3514756858348846,0.5612828731536865,0.4864108860492706,0.4205904006958008,0.4929480254650116,0.6238139867782593,0.6669195890426636,0.340124100446701,0.6463556885719299,0.6113390326499939,0.4966194331645965,0.3470214009284973,0.4851095974445343,0.5332823395729065,0.8065689206123352,0.4286496043205261,0.8081879019737244,0.0,0.0,0.0,0.0,0.0,0.0,0.0,0.0,0.4910062849521637,0.4872133433818817
0.5350778102874756,0.3415030837059021,0.5529004335403442,0.3196834623813629,0.5185664296150208,0.3203964233398437,0.5789912343025208,0.3458634316921234,0.4982149600982666,0.3472690880298614,0.6252384781837463,0.4892663359642029,0.4695687890052795,0.5034665465354919,0.6996393799781799,0.6638849377632141,0.3996887803077698,0.6659563183784485,0.6644967794418335,0.4981991648674011,0.4011390507221222,0.5118350386619568,0.6070359349250793,0.8288276791572571,0.4913286864757538,0.828799843788147,0.0,0.0,0.0,0.0,0.0,0.0,0.0,0.0,0.5463042855262756,0.4952053427696228
0.5624382495880127,0.3375395238399505,0.5821464657783508,0.3139461576938629,0.5442582964897156,0.3173479735851288,0.613604724407196,0.3414227962493896,0.5274718403816223,0.3454736769199371,0.6650318503379822,0.4909408390522003,0.5025604367256165,0.5024826526641846,0.7534138560295105,0.6589731574058533,0.4200277328491211,0.6603084802627563,0.7230903506278992,0.5023959279060364,0.4070266783237457,0.5282101035118103,0.6355217695236206,0.8307765126228333,0.5198224186897278,0.8303130269050598,0.0,0.0,0.0,0.0,0.0,0.0,0.0,0.0,0.5834070444107056,0.4960222244262695
0.599588930606842,0.3375162780284881,0.6177452206611633,0.3120405375957489,0.5830479264259338,0.3129531741142273,0.6490298509597778,0.341763824224472,0.5634046792984009,0.3426701724529266,0.6958804726600647,0.4946012794971466,0.5306830406188965,0.5029491782188416,0.7979812026023865,0.6389287114143372,0.4334213435649872,0.6378005146980286,0.7870988249778748,0.4799646735191345,0.4083630442619324,0.512321949005127,0.6598584055900574,0.8159914016723633,0.547957718372345,0.8260905146598816,0.0,0.0,0.0,0.0,0.0,0.0,0.0,0.0,0.613551676273346,0.4973072409629822
0.5977451205253601,0.3410446345806122,0.6164116263389587,0.3166118264198303,0.5809996724128723,0.3169982135295868,0.6449417471885681,0.3465566039085388,0.5602011680603027,0.3456045985221863,0.6861631274223328,0.4949969351291656,0.5239970088005066,0.5045415163040161,0.7964536547660828,0.6262572407722473,0.429952472448349,0.6323631405830383,0.7829920053482056,0.4362154006958008,0.439676970243454,0.4475119709968567,0.6570832133293152,0.8320217728614807,0.5456365346908569,0.8451822996139526,0.0,0.0,0.0,0.0,0.0,0.0,0.0,0.0,0.6056457757949829,0.4982737600803375
0.5866891145706177,0.3449389934539795,0.6062923073768616,0.3201658427715301,0.5690133571624756,0.3221078217029571,0.6370244026184082,0.3474144637584686,0.549151599407196,0.3506106734275818,0.6777814030647278,0.4961138069629669,0.5169516205787659,0.5028694868087769,0.7726315855979919,0.6447936296463013,0.4324299991130829,0.6487277150154114,0.7626439332962036,0.4982332289218902,0.409855842590332,0.5251008868217468,0.6493844985961914,0.8307562470436096,0.5411805510520935,0.8325329422950745,0.0,0.0,0.0,0.0,0.0,0.0,0.0,0.0,0.5985875129699707,0.4976740479469299
0.5818133354187012,0.3454413712024688,0.600923478603363,0.3220057189464569,0.5637328624725342,0.3241379261016845,0.6323970556259155,0.3464679718017578,0.5430106520652771,0.3508855998516083,0.6799827814102173,0.4993583261966705,0.5079064965248108,0.5101842880249023,0.7530471086502075,0.6709237694740295,0.4362089931964874,0.6705042123794556,0.745244562625885,0.5897401571273804,0.4024897217750549,0.6007820963859558,0.6508835554122925,0.8432549238204956,0.5392554998397827,0.8467172980308533,0.0,0.0,0.0,0.0,0.0,0.0,0.0,0.0,0.5942489504814148,0.502552330493927
0.5797196626663208,0.3406389057636261,0.5988183617591858,0.3187052309513092,0.5610055327415466,0.3215276598930359,0.6293943524360657,0.3445943295955658,0.5401503443717957,0.3518590033054352,0.6774460077285767,0.4974302947521209,0.506858766078949,0.5102518200874329,0.7377920150756836,0.6860073804855347,0.4492692649364471,0.6925978064537048,0.7488875985145569,0.6496794819831848,0.422660619020462,0.6469710469245911,0.6534124612808228,0.8341600298881531,0.5398862361907959,0.8443658947944641,0.0,0.0,0.0,0.0,0.0,0.0,0.0,0.0,0.5923105478286743,0.5021281242370605
0.5956457257270813,0.3380006849765777,0.6121269464492798,0.3148238062858581,0.5769256949424744,0.3202322423458099,0.6442033052444458,0.3384457528591156,0.560547411441803,0.3509309291839599,0.6953016519546509,0.4937228858470917,0.5349122881889343,0.5107016563415527,0.7401842474937439,0.7021469473838806,0.499144971370697,0.6953297853469849,0.7437631487846375,0.6035558581352234,0.4619290828704834,0.6304816603660583,0.6672181487083435,0.8318222761154175,0.5555005669593811,0.8322089910507202,0.0,0.0,0.0,0.0,0.0,0.0,0.0,0.0,0.6153737902641296,0.4991503059864044
0.6246999502182007,0.3300113379955292,0.6425656080245972,0.3044090867042541,0.6062391996383667,0.3111337721347809,0.6740912795066833,0.3314740061759949,0.5872939825057983,0.3466235697269439,0.7323087453842163,0.4939324259757995,0.5551184415817261,0.5069697499275208,0.7704254984855652,0.7009822130203247,0.509392261505127,0.6971446871757507,0.8094600439071655,0.7385233044624329,0.4624037742614746,0.7518107295036316,0.701931357383728,0.8344639539718628,0.5840470194816589,0.8450823426246643,0.0,0.0,0.0,0.0,0.0,0.0,0.0,0.0,0.6390489339828491,0.4987944066524505
0.636358916759491,0.3244406282901764,0.6543567776679993,0.3022237122058868,0.6183966994285583,0.305468887090683,0.685719907283783,0.3297260701656341,0.5991869568824768,0.337118536233902,0.7399579286575317,0.4908153414726257,0.5657760500907898,0.5030792355537415,0.7753697037696838,0.6772991418838501,0.5294304490089417,0.6791573166847229,0.8144665360450745,0.8075871467590332,0.4854327142238617,0.8308234810829163,0.7048478126525879,0.8145571351051331,0.5912570357322693,0.8169108629226685,0.0,0.0,0.0,0.0,0.0,0.0,0.0,0.0,0.6490182280540466,0.4959635734558105
0.6472217440605164,0.3181849420070648,0.665858268737793,0.2978408932685852,0.6292052865028381,0.3003124892711639,0.7000652551651001,0.3286945819854736,0.6102242469787598,0.3330676853656769,0.7582092881202698,0.4877890646457672,0.5777311325073242,0.5068395733833313,0.7996190786361694,0.6920885443687439,0.5364070534706116,0.6932035088539124,0.844011127948761,0.7420447468757629,0.4804987013339996,0.7587694525718689,0.727205216884613,0.8346530199050903,0.6046947240829468,0.8483514785766602,0.0,0.0,0.0,0.0,0.0,0.0,0.0,0.0,0.6670278906822205,0.4966155588626861
0.6587216258049011,0.3159917294979095,0.6780527830123901,0.292935848236084,0.6414101719856262,0.2986598610877991,0.7174021005630493,0.319159984588623,0.6263261437416077,0.3322348296642303,0.7773712873458862,0.4885784089565277,0.5984435677528381,0.5025649666786194,0.8273400664329529,0.7053948044776917,0.5488959550857544,0.6900167465209961,0.8303974866867065,0.5784586668014526,0.5108524560928345,0.5979061722755432,0.7378409504890442,0.8431620597839355,0.6189446449279785,0.8339623808860779,0.0,0.0,0.0,0.0,0.0,0.0,0.0,0.0,0.6872304081916809,0.4933943748474121
0.6693453788757324,0.3199211657047272,0.6883425116539001,0.295996218919754,0.6513664126396179,0.3005538880825043,0.7266119122505188,0.3226435780525207,0.6330224871635437,0.3297565877437591,0.7882838845252991,0.4876873195171356,0.6045874357223511,0.5061073899269104,0.8471677899360657,0.694588303565979,0.5563818216323853,0.6862980723381042,0.8411456346511841,0.5315858721733093,0.5460447072982788,0.5587831735610962,0.7462385892868042,0.8498268723487854,0.6271341443061829,0.8520789742469788,0.0,0.0,0.0,0.0,0.0,0.0,0.0,0.0,0.6970552802085876,0.4957521557807922
0.6888980269432068,0.3360954821109772,0.7070812582969666,0.3087399899959564,0.6702944040298462,0.3180630207061767,0.7435613870620728,0.3285697996616363,0.6571832299232483,0.3457558751106262,0.7984074950218201,0.4803345799446106,0.6363049149513245,0.5070297718048096,0.8659671545028687,0.6947966814041138,0.5870949029922485,0.6873186230659485,0.8414219617843628,0.5321354269981384,0.5651677846908569,0.5572272539138794,0.768109142780304,0.8443466424942017,0.6505212187767029,0.8337869048118591,0.0,0.0,0.0,0.0,0.0,0.0,0.0,0.0,0.7174252271652222,0.4907706677913666
0.6752635836601257,0.3395397961139679,0.6921800971031189,0.3170521557331085,0.6582092046737671,0.3190911710262298,0.7248080968856812,0.3417087495326996,0.6396085023880005,0.3458405137062073,0.7750306129455566,0.4959445297718048,0.6090849041938782,0.5139480233192444,0.8308967351913452,0.7087898850440979,0.5643489360809326,0.6931332349777222,0.8351526856422424,0.6668768525123596,0.5285277962684631,0.6499686241149902,0.7459850907325745,0.8344021439552307,0.6360636949539185,0.8339800238609314,0.0,0.0,0.0,0.0,0.0,0.0,0.0,0.0,0.690947413444519,0.5045621395111084
0.6505371928215027,0.3464397490024566,0.6679579019546509,0.3254606425762176,0.634135901927948,0.3284913003444671,0.7010297179222107,0.347753494977951,0.6178675889968872,0.3565369248390198,0.7563808560371399,0.5012947916984558,0.5867220163345337,0.5177871584892273,0.791702389717102,0.7009363174438477,0.545024037361145,0.6917161345481873,0.8036954998970032,0.6975831985473633,0.4969400763511657,0.6890389323234558,0.7186427116394043,0.827917218208313,0.6068293452262878,0.8275852799415588,0.0,0.0,0.0,0.0,0.0,0.0,0.0,0.0,0.6708399057388306,0.5089040994644165
0.6279381513595581,0.3673531115055084,0.6451465487480164,0.3433118760585785,0.6118979454040527,0.347174197435379,0.6763470768928528,0.364335685968399,0.5969858765602112,0.3727463781833648,0.7240171432495117,0.5098381638526917,0.5741905570030212,0.5184679627418518,0.7674704790115356,0.6964540481567383,0.517898440361023,0.6836549639701843,0.7653855085372925,0.570643424987793,0.4899545013904571,0.5902167558670044,0.6876019835472107,0.8296738266944885,0.584936261177063,0.8274359107017517,0.0,0.0,0.0,0.0,0.0,0.0,0.0,0.0,0.6487849950790405,0.5113069415092468
0.6197372078895569,0.3830793797969818,0.6362596750259399,0.361023336648941,0.6034140586853027,0.3644263446331024,0.6633543968200684,0.378837913274765,0.586575984954834,0.3853850066661834,0.7013794183731079,0.5089405179023743,0.5656980276107788,0.5199431777000427,0.7633195519447327,0.6687992811203003,0.5043750405311584,0.6642979979515076,0.7498782873153687,0.4999076724052429,0.50587397813797,0.5248950719833374,0.675550103187561,0.8311244249343872,0.5731293559074402,0.8310352563858032,0.0,0.0,0.0,0.0,0.0,0.0,0.0,0.0,0.6332657933235168,0.512673020362854
0.6191380620002747,0.3919247090816498,0.6348951458930969,0.368583470582962,0.6018251776695251,0.3731695115566253,0.6608259081840515,0.3851327300071716,0.5825362801551819,0.3948051035404205,0.6994961500167847,0.5136511325836182,0.5606366395950317,0.5245394110679626,0.7606843113899231,0.670253336429596,0.4975078403949737,0.6637805700302124,0.7490447163581848,0.5144575834274292,0.5140458941459656,0.5122848749160767,0.6756707429885864,0.8322089910507202,0.5740679502487183,0.8329209685325623,0.0,0.0,0.0,0.0,0.0,0.0,0.0,0.0,0.629460871219635,0.5169761776924133
0.6388422250747681,0.3945474028587341,0.6536783576011658,0.3701623976230621,0.6210832595825195,0.3749662935733795,0.6798415184020996,0.3795217871665954,0.6038675904273987,0.3935062289237976,0.7242976427078247,0.5156317949295044,0.5764225721359253,0.5247451066970825,0.7670992612838745,0.6995748281478882,0.5255237817764282,0.6936576962471008,0.7710281610488892,0.6422867178916931,0.4904690682888031,0.6184157133102417,0.6936048269271851,0.8330197930335999,0.5941368937492371,0.8325332403182983,0.0,0.0,0.0,0.0,0.0,0.0,0.0,0.0,0.6485652327537537,0.5186735391616821
0.6568399667739868,0.3879187703132629,0.6715462803840637,0.3640812933444977,0.640065610408783,0.3686547875404358,0.699489951133728,0.3755044937133789,0.6231651902198792,0.3865210115909576,0.7460113763809204,0.5207566022872925,0.5914617776870728,0.5283790230751038,0.7740510106086731,0.6709713339805603,0.5556517839431763,0.6703963279724121,0.7956739664077759,0.7235615849494934,0.5215471982955933,0.729094922542572,0.7142512202262878,0.8314657807350159,0.6125528216362,0.8334978818893433,0.0,0.0,0.0,0.0,0.0,0.0,0.0,0.0,0.6683693528175354,0.5239630341529846
0.6635342240333557,0.3910844326019287,0.6780758500099182,0.3659884333610534,0.6468912363052368,0.3713302314281463,0.710030198097229,0.3789446353912353,0.6311649084091187,0.3900339305400848,0.7533169984817505,0.5211065411567688,0.6012483239173889,0.5275028944015503,0.7936105132102966,0.7086808085441589,0.5550869107246399,0.6856908202171326,0.8044524788856506,0.6609395146369934,0.4997980296611786,0.6297460198402405,0.7223153114318848,0.8321901559829712,0.6190909743309021,0.8290404677391052,0.0,0.0,0.0,0.0,0.0,0.0,0.0,0.0,0.6781584024429321,0.5229753851890564
0.6649003624916077,0.3930566608905792,0.6803156733512878,0.3689343631267547,0.6490958333015442,0.374624103307724,0.7118759155273438,0.3841991126537323,0.634856641292572,0.3950288593769073,0.7552637457847595,0.5227064490318298,0.6118396520614624,0.5229087471961975,0.7973777651786804,0.692123532295227,0.5541093945503235,0.6679955720901489,0.7903772592544556,0.5593177080154419,0.5419572591781616,0.5639664530754089,0.7204262018203735,0.8280211091041565,0.617865264415741,0.8182763457298279,0.0,0.0,0.0,0.0,0.0,0.0,0.0,0.0,0.6833791732788086,0.5216506123542786
0.6547654867172241,0.3977027237415313,0.6705625653266907,0.3767150938510895,0.6403200030326843,0.3804866373538971,0.6987338066101074,0.3944795429706573,0.6236523389816284,0.399515688419342,0.7376818656921387,0.516754150390625,0.603756308555603,0.5261068940162659,0.7915944457054138,0.6621542572975159,0.5391166806221008,0.6541683077812195,0.7791240811347961,0.5161541104316711,0.5462345480918884,0.5131800770759583,0.7070946097373962,0.8247353434562683,0.6096989512443542,0.8139228820800781,0.0,0.0,0.0,0.0,0.0,0.0,0.0,0.0,0.6711696982383728,0.5210660099983215
0.6319023370742798,0.4050984382629394,0.6477155685424805,0.3834733963012695,0.6171001195907593,0.3866514563560486,0.672964870929718,0.3992170989513397,0.6003144979476929,0.4071348309516907,0.7051602005958557,0.5183057188987732,0.5802357792854309,0.5247918963432312,0.755362331867218,0.6630765795707703,0.5190563797950745,0.6537207365036011,0.7439512014389038,0.507910966873169,0.5373474359512329,0.5131239295005798,0.6838802695274353,0.8143748044967651,0.5863161087036133,0.814083456993103,0.0,0.0,0.0,0.0,0.0,0.0,0.0,0.0,0.642815113067627,0.5202671885490417
0.6125549674034119,0.4026839733123779,0.627799928188324,0.3828981220722198,0.5986801981925964,0.3850568234920501,0.6518106460571289,0.4018299579620361,0.5840640664100647,0.4066538214683532,0.6890835762023926,0.5227927565574646,0.5629500150680542,0.5308235287666321,0.737614095211029,0.6798628568649292,0.5077452063560486,0.6665301322937012,0.730316162109375,0.5383209586143494,0.5068057775497437,0.5422130227088928,0.6679650545120239,0.8271681070327759,0.5701171159744263,0.8287882208824158,0.0,0.0,0.0,0.0,0.0,0.0,0.0,0.0,0.6248120069503784,0.5256360173225403
0.5984832048416138,0.4050309062004089,0.6134432554244995,0.3832261562347412,0.5820631384849548,0.387296587228775,0.6392096877098083,0.4021032750606537,0.5665045380592346,0.4121558666229248,0.6793096661567688,0.5368301272392273,0.5408046245574951,0.5404381155967712,0.7269922494888306,0.6864122152328491,0.4916551113128662,0.6727250218391418,0.7171955108642578,0.5798781514167786,0.4712352454662323,0.5780709981918335,0.6595544219017029,0.8180125951766968,0.5630558133125305,0.8280404806137085,0.0,0.0,0.0,0.0,0.0,0.0,0.0,0.0,0.6109940409660339,0.5365315079689026
0.5908446907997131,0.4080823063850403,0.6057718396186829,0.3897788822650909,0.575692355632782,0.391556829214096,0.6293577551841736,0.4096195101737976,0.5595219731330872,0.4153103828430176,0.6718626022338867,0.5343317985534668,0.5307676792144775,0.54892897605896,0.7183799147605896,0.6797508597373962,0.4982030093669891,0.6754508018493652,0.7184337377548218,0.7014363408088684,0.4522957801818847,0.6855276823043823,0.6502825021743774,0.8170726895332336,0.5576268434524536,0.8156376481056213,0.0,0.0,0.5620230436325073,0.9910715222358704,0.0,0.0,0.0,0.0,0.6004452705383301,0.5415927767753601
0.5839027166366577,0.4086244106292724,0.599077045917511,0.3909937441349029,0.569926917552948,0.3936215341091156,0.6228028535842896,0.4108673930168152,0.5557172298431396,0.4184685349464416,0.6645868420600891,0.5341391563415527,0.5282658934593201,0.5523344874382019,0.7017611861228943,0.6558093428611755,0.4962973594665527,0.6846632361412048,0.7117655873298645,0.710479199886322,0.4571335613727569,0.7337468862533569,0.6439257860183716,0.8246824145317078,0.5506853461265564,0.8179592490196228,0.0,0.0,0.5589568614959717,0.9910715222358704,0.0,0.0,0.0,0.0,0.5960114598274231,0.5432864427566528
0.5844302773475647,0.4160904884338379,0.5995617508888245,0.3958613872528076,0.5697153806686401,0.4000516235828399,0.6242882609367371,0.4131025671958923,0.555860698223114,0.4241332709789276,0.6614152193069458,0.5379732251167297,0.5323158502578735,0.5543952584266663,0.7082112431526184,0.6834098696708679,0.4898978769779205,0.6874111294746399,0.7093614339828491,0.612098753452301,0.455864667892456,0.6197642683982849,0.6441771388053894,0.8254051804542542,0.5543655157089233,0.8265829682350159,0.0,0.0,0.0,0.0,0.0,0.0,0.0,0.0,0.5974687933921814,0.5453254580497742
0.6044373512268066,0.4308354556560516,0.6180785298347473,0.409446507692337,0.5897315740585327,0.4137058556079864,0.6434921026229858,0.4226948320865631,0.5761503577232361,0.4330398738384247,0.6730851531028748,0.5370239615440369,0.5567808151245117,0.5475412011146545,0.7230515480041504,0.6469026207923889,0.4959101676940918,0.6441699266433716,0.7149681448936462,0.5002122521400452,0.4847748875617981,0.5283707976341248,0.657875657081604,0.8134559392929077,0.567395806312561,0.8170207738876343,0.0,0.0,0.0,0.0,0.0,0.0,0.0,0.0,0.6153287887573242,0.5417768955230713
0.621495246887207,0.4345083236694336,0.635428249835968,0.4124355614185333,0.6064931750297546,0.4189072549343109,0.6592368483543396,0.4201034009456634,0.5930233001708984,0.4352557063102722,0.6934489607810974,0.5264760851860046,0.5791611671447754,0.5368496775627136,0.7390236854553223,0.6353747248649597,0.5136376023292542,0.6313906311988831,0.7295995950698853,0.5099506974220276,0.5379602313041687,0.4963463842868805,0.6777058839797974,0.801030695438385,0.5879184603691101,0.8076246976852417,0.0,0.0,0.0,0.0,0.0,0.0,0.0,0.0,0.6360607147216797,0.5317464470863342
0.6617587208747864,0.4465477764606476,0.6749699711799622,0.4245811402797699,0.6462060213088989,0.4282579720020294,0.7020436525344849,0.4309301972389221,0.6318836808204651,0.4374230206012726,0.7433686256408691,0.5373988151550293,0.6154366135597229,0.5445135235786438,0.7962379455566406,0.649313747882843,0.5549950003623962,0.6447716355323792,0.7796745300292969,0.5399609208106995,0.5494813323020935,0.5476804375648499,0.7250509262084961,0.814541757106781,0.6336603760719299,0.8161227107048035,0.0,0.0,0.0,0.0,0.0,0.0,0.0,0.0,0.6797448396682739,0.5395044684410095
0.6758836507797241,0.4546531736850738,0.6889180541038513,0.4327128231525421,0.6606483459472656,0.4371568858623504,0.7135750651359558,0.43697589635849,0.6455727219581604,0.4468225836753845,0.7542843222618103,0.543576180934906,0.6301910281181335,0.5519231557846069,0.8057461380958557,0.6506729125976562,0.5623262524604797,0.6403716802597046,0.788926899433136,0.5581456422805786,0.5545583367347717,0.5618166327476501,0.7330503463745117,0.8129125237464905,0.643910825252533,0.8109530210494995,0.0,0.0,0.0,0.0,0.0,0.0,0.0,0.0,0.6917624473571777,0.5458019375801086
0.6866201162338257,0.455108642578125,0.69974285364151,0.4339695274829864,0.6722820997238159,0.4399333000183105,0.7229270339012146,0.4388895630836487,0.6588598489761353,0.4517679810523987,0.759089469909668,0.5365133881568909,0.6454156041145325,0.5485984086990356,0.8065592646598816,0.6253123879432678,0.5691226720809937,0.6253829002380371,0.7834795117378235,0.4956978261470794,0.564236581325531,0.5207539796829224,0.738681435585022,0.8144734501838684,0.6508660316467285,0.8106021881103516,0.0,0.0,0.0,0.0,0.0,0.0,0.0,0.0,0.7020201683044434,0.5413454174995422
0.6868895292282104,0.4523496925830841,0.7002590894699097,0.4315783083438873,0.6742764711380005,0.4357590973377228,0.7228465676307678,0.4373016357421875,0.6602295637130737,0.4454627335071563,0.7597730755805969,0.5293287038803101,0.6462511420249939,0.5393754243850708,0.7963939905166626,0.6263635754585266,0.5737687349319458,0.6192930340766907,0.7778064012527466,0.4891305863857269,0.5960292220115662,0.4975263476371765,0.7370017766952515,0.812255322933197,0.6492417454719543,0.8079891204833984,0.0,0.0,0.0,0.0,0.0,0.0,0.0,0.0,0.7024587988853455,0.5329356789588928
0.6752203106880188,0.4410711824893951,0.6884589791297913,0.4212530553340912,0.6613333821296692,0.4258948266506195,0.7170020937919617,0.4368164539337158,0.6485376954078674,0.4459749162197113,0.7469872832298279,0.5410301089286804,0.6376744508743286,0.5504344701766968,0.7923755049705505,0.6334556937217712,0.5640047192573547,0.6300126314163208,0.7618399858474731,0.4827167987823486,0.5605697631835938,0.5260263681411743,0.7277527451515198,0.811343252658844,0.6402097940444946,0.8091050386428833,0.0,0.0,0.0,0.0,0.0,0.0,0.0,0.0,0.6924524903297424,0.5443841814994812
0.6553369760513306,0.4299463927745819,0.6700272560119629,0.4107294082641601,0.6432441473007202,0.413546621799469,0.6954581141471863,0.4244549572467804,0.6319119334220886,0.4302856028079986,0.7309755682945251,0.5299650430679321,0.6179124116897583,0.5422760248184204,0.7757357954978943,0.65053790807724,0.5465145111083984,0.6387947797775269,0.747179388999939,0.5436862111091614,0.5231630802154541,0.5434702038764954,0.7071272730827332,0.8107851147651672,0.621760904788971,0.8063278198242188,0.0,0.0,0.0,0.0,0.0,0.0,0.0,0.0,0.6758993864059448,0.5357198119163513
0.6333318948745728,0.4222360551357269,0.6494569182395935,0.4044667780399322,0.6216845512390137,0.4056787490844726,0.6761534810066223,0.4258546233177185,0.609541118144989,0.425239622592926,0.7024752497673035,0.5302805304527283,0.5898122787475586,0.5420458316802979,0.7407317757606506,0.6325840950012207,0.5161367058753967,0.6254745125770569,0.7238693237304688,0.5216163992881775,0.496248722076416,0.5071820020675659,0.6790542006492615,0.8099814057350159,0.5893189311027527,0.8092520833015442,0.0,0.0,0.0,0.0,0.0,0.0,0.0,0.0,0.6456004977226257,0.5359296202659607
0.6153132319450378,0.4149175584316253,0.6331761479377747,0.3980409204959869,0.6035689115524292,0.3977255523204803,0.6600494384765625,0.4208851158618927,0.5861647725105286,0.418498545885086,0.68458491563797,0.525734543800354,0.5638351440429688,0.5401683449745178,0.7328265309333801,0.6144217848777771,0.4863504469394684,0.6078158020973206,0.7103766202926636,0.4626511633396148,0.5190349221229553,0.484062910079956,0.6600663065910339,0.8114160299301147,0.569732129573822,0.814397931098938,0.0,0.0,0.0,0.0,0.0,0.0,0.0,0.0,0.625645101070404,0.5320371985435486
0.5961857438087463,0.4168605506420135,0.6115948557853699,0.401141345500946,0.5831027030944824,0.3990040421485901,0.6292484998703003,0.4276533722877502,0.5643991827964783,0.4245457649230957,0.6495633125305176,0.5425222516059875,0.5351473689079285,0.5453315377235413,0.7309306859970093,0.610906720161438,0.4589799046516418,0.6141963005065918,0.7188964486122131,0.4786999821662903,0.4704660773277282,0.4738391041755676,0.634276807308197,0.8103830218315125,0.5494932532310486,0.8114354014396667,0.0,0.0,0.0,0.0,0.0,0.0,0.0,0.0,0.5933043360710144,0.5429801344871521
0.5890260934829712,0.4143314957618713,0.6027076840400696,0.3999320864677429,0.5748209357261658,0.3979398310184479,0.6159056425094604,0.4276400506496429,0.5524543523788452,0.4238874614238739,0.6388227343559265,0.5428621172904968,0.5236324667930603,0.5425285696983337,0.7348618507385254,0.6218070983886719,0.4459545612335205,0.6226789355278015,0.7488113045692444,0.5281104445457458,0.441614955663681,0.5234425067901611,0.629740834236145,0.813202977180481,0.541602611541748,0.8103610277175903,0.6485401391983032,0.991071343421936,0.5475860238075256,0.991071343421936,0.0,0.0,0.0,0.0,0.57978355884552,0.540887713432312
0.5829073190689087,0.4040563106536865,0.5979589223861694,0.3901073932647705,0.5672799944877625,0.3882230818271637,0.6143026947975159,0.4198203682899475,0.5427616238594055,0.4160453677177429,0.6377367973327637,0.5371077060699463,0.5153876543045044,0.5391494035720825,0.736913800239563,0.616955578327179,0.442289650440216,0.6204801201820374,0.724510669708252,0.4768475890159607,0.4536387324333191,0.4790899455547333,0.626509964466095,0.8307601809501648,0.5346636772155762,0.8295120596885681,0.0,0.0,0.0,0.0,0.0,0.0,0.0,0.0,0.575792133808136,0.536455512046814
0.5877479910850525,0.4005110561847687,0.6031769514083862,0.3861163556575775,0.5723339915275574,0.3844836354255676,0.6185796856880188,0.4171217381954193,0.545119047164917,0.4141993522644043,0.6397154927253723,0.5366250276565552,0.518143355846405,0.5383930206298828,0.7368367314338684,0.6182215809822083,0.4369514882564544,0.6072234511375427,0.7134853601455688,0.4937679171562195,0.4754461348056793,0.4580222070217132,0.6265302300453186,0.8288387060165405,0.5349127054214478,0.8282598257064819,0.0,0.0,0.0,0.0,0.0,0.0,0.0,0.0,0.578212320804596,0.5356639623641968
0.5919415354728699,0.3897609710693359,0.6090203523635864,0.3751998245716095,0.5785835981369019,0.3716245293617248,0.6268939971923828,0.4070813953876495,0.5541785955429077,0.3991263508796692,0.6489448547363281,0.5281116366386414,0.5184889435768127,0.5308295488357544,0.7466068267822266,0.6174464821815491,0.4333401024341583,0.606220543384552,0.7232877612113953,0.458394706249237,0.4623704850673675,0.4576467871665954,0.6364679336547852,0.8264186978340149,0.5435975193977356,0.8298438191413879,0.0,0.0,0.0,0.0,0.0,0.0,0.0,0.0,0.5836563110351562,0.5282323956489563
0.5981332659721375,0.3865846991539001,0.616764485836029,0.3734317123889923,0.5856373906135559,0.3659685254096985,0.6354312300682068,0.4077099859714508,0.5623994469642639,0.3887622952461242,0.6585461497306824,0.5286878347396851,0.5249906182289124,0.5288804769515991,0.7652310132980347,0.616817831993103,0.4332596361637115,0.6035692095756531,0.7626771926879883,0.4599626660346985,0.4446871876716614,0.450050801038742,0.6462966799736023,0.831287682056427,0.5471782088279724,0.8347856402397156,0.0,0.0,0.0,0.0,0.0,0.0,0.0,0.0,0.5920531153678894,0.5276985764503479
0.6048864126205444,0.3788932263851166,0.622039258480072,0.3634708225727081,0.5924625396728516,0.3592797815799713,0.6428176760673523,0.3954034149646759,0.5729293823242188,0.3858087360858917,0.6766213178634644,0.5224745273590088,0.5381428599357605,0.5272684693336487,0.776166558265686,0.6233404278755188,0.4433631300926208,0.6095200181007385,0.7676727175712585,0.4756845831871032,0.4452271163463592,0.4694153964519501,0.6578980088233948,0.8246760964393616,0.5576466917991638,0.8206979036331177,0.0,0.0,0.0,0.0,0.0,0.0,0.0,0.0,0.6084305047988892,0.5245830416679382
0.6056241393089294,0.367563396692276,0.6235175728797913,0.3503785133361816,0.5914881825447083,0.3462890684604645,0.6463610529899597,0.3808126151561737,0.5691390633583069,0.3726803362369537,0.6751266121864319,0.5063557028770447,0.5362850427627563,0.5098063349723816,0.7786666750907898,0.6086224317550659,0.4424176514148712,0.5987028479576111,0.7452034950256348,0.4446081817150116,0.4744201600551605,0.4426096081733703,0.6599947214126587,0.8138052821159363,0.5571061968803406,0.8173812627792358,0.0,0.0,0.0,0.0,0.0,0.0,0.0,0.0,0.6065043210983276,0.506396472454071
0.5964451432228088,0.3627339005470276,0.6150594353675842,0.3453199565410614,0.5814529061317444,0.3422781527042389,0.6360764503479004,0.3816446959972381,0.5568057894706726,0.3743559420108795,0.6586422324180603,0.5074816942214966,0.5218197107315063,0.5097225904464722,0.7666133046150208,0.6096586585044861,0.4317719042301178,0.5972768068313599,0.7301177382469177,0.4392308890819549,0.4693419933319092,0.4389667212963104,0.6465210318565369,0.8167583346366882,0.5413064360618591,0.8248839378356934,0.0,0.0,0.0,0.0,0.0,0.0,0.0,0.0,0.5906473994255066,0.5074408054351807
0.5636802315711975,0.3681583702564239,0.5817772746086121,0.3499237895011902,0.5483204126358032,0.347044974565506,0.6016193628311157,0.3825142383575439,0.5241519808769226,0.3746697902679443,0.6297034621238708,0.5169106125831604,0.4870591163635254,0.512100875377655,0.7273042798042297,0.6218553781509399,0.3919693827629089,0.6020897030830383,0.7232556939125061,0.4567520320415497,0.4136914610862732,0.4384817779064178,0.6046066880226135,0.8315020799636841,0.4982211887836456,0.8162698149681091,0.0,0.0,0.0,0.0,0.0,0.0,0.0,0.0,0.5595598816871643,0.513877272605896
0.5302088856697083,0.3637501299381256,0.546260416507721,0.3469974398612976,0.5136343836784363,0.3442781269550323,0.5627102255821228,0.3780443370342254,0.4865414500236511,0.3731231987476349,0.5921941995620728,0.5139594674110413,0.4470858871936798,0.5110003352165222,0.6894928216934204,0.6381968855857849,0.3461241126060486,0.6088205575942993,0.6913390755653381,0.4886480271816253,0.3624459207057953,0.4543948769569397,0.5619392395019531,0.8152108788490295,0.4580923020839691,0.8100859522819519,0.0,0.0,0.0,0.0,0.0,0.0,0.0,0.0,0.5184745192527771,0.5112087726593018
0.5106332898139954,0.3610331416130066,0.5257692337036133,0.3438813686370849,0.4941266477108001,0.3401158154010772,0.5424872636795044,0.3722231686115265,0.4660880863666534,0.3665685951709747,0.5717326402664185,0.5098242163658142,0.4235182702541351,0.5031927824020386,0.6638936400413513,0.6354369521141052,0.3270460665225982,0.6082856059074402,0.6555336117744446,0.470570832490921,0.3511421382427215,0.4363972842693329,0.5400917530059814,0.8162364959716797,0.4373984634876251,0.8132809996604919,0.0,0.0,0.0,0.0,0.0,0.0,0.0,0.0,0.4978339076042175,0.505480170249939
0.4926962554454803,0.355672687292099,0.5067964196205139,0.3382281959056854,0.4741880297660827,0.3337089419364929,0.52019202709198,0.3690710961818695,0.4367230236530304,0.3592821955680847,0.5388580560684204,0.4970110952854156,0.3996146321296692,0.4969325959682464,0.6368036270141602,0.6374378204345703,0.2984780371189117,0.6184617877006531,0.6190028786659241,0.4625844359397888,0.3494031727313995,0.4481984674930572,0.5211917757987976,0.8293852210044861,0.4193034768104553,0.8294008374214172,0.0,0.0,0.0,0.0,0.0,0.0,0.0,0.0,0.4707802832126617,0.4956807792186737
0.4998307526111603,0.3472425639629364,0.5139729380607605,0.3290154039859772,0.478113979101181,0.3229470551013946,0.529050886631012,0.3625295758247375,0.4379058480262756,0.3546077609062195,0.5553757548332214,0.505946695804596,0.4013075232505798,0.4965775310993194,0.6485499143600464,0.648617148399353,0.3050067722797394,0.6277580261230469,0.6670147776603699,0.4870269298553467,0.3346144258975982,0.4589220583438873,0.5248728394508362,0.8329350352287292,0.4215709269046783,0.8336803317070007,0.0,0.0,0.0,0.0,0.0,0.0,0.0,0.0,0.4780054986476898,0.5007399916648865
0.5071645379066467,0.3364128768444061,0.5198867917060852,0.3164397180080414,0.4853653609752655,0.3140832781791687,0.5335326194763184,0.3484851419925689,0.4448817074298858,0.3488418161869049,0.574091374874115,0.5066720843315125,0.4073324203491211,0.4951803088188171,0.6565985679626465,0.6661525368690491,0.3082556426525116,0.6259554028511047,0.6896732449531555,0.5220785737037659,0.3325217068195343,0.4714696109294891,0.5380826592445374,0.8347805738449097,0.4300498068332672,0.833875298500061,0.0,0.0,0.0,0.0,0.0,0.0,0.0,0.0,0.4891979694366455,0.4979711472988128
0.5108227729797363,0.3236805498600006,0.5251453518867493,0.3053858280181885,0.4918864071369171,0.3043927550315857,0.5418680906295776,0.3389816582202911,0.4617802500724792,0.3431890308856964,0.5816330909729004,0.4981754720211029,0.4187313616275787,0.4925735890865326,0.6691576242446899,0.6586422920227051,0.3215121626853943,0.6203010678291321,0.6880239844322205,0.4904462695121765,0.3331510722637176,0.4522500932216644,0.55091792345047,0.8340296745300293,0.4448100626468658,0.8328853845596313,0.0,0.0,0.0,0.0,0.0,0.0,0.0,0.0,0.4991036355495453,0.4928023517131805
0.510728657245636,0.312387079000473,0.5292029976844788,0.293332040309906,0.4915489852428436,0.2954897284507751,0.5566768050193787,0.3279965221881866,0.4677737355232239,0.3327656388282776,0.6038151979446411,0.4913061559200287,0.4297676980495453,0.4887203872203827,0.6882022023200989,0.6564979553222656,0.3312251269817352,0.6173968315124512,0.673679769039154,0.4928577840328216,0.3561562001705169,0.4334467947483063,0.5676779747009277,0.8487728238105774,0.4539676308631897,0.8486653566360474,0.0,0.0,0.0,0.0,0.0,0.0,0.0,0.0,0.5142272710800171,0.4877316057682037
0.5127893090248108,0.3066709339618683,0.5318521857261658,0.2871811389923095,0.4959839284420013,0.2883465886116028,0.5631594061851501,0.3223634660243988,0.4758303463459015,0.3236540257930755,0.6121257543563843,0.4897117614746094,0.4355091750621795,0.4856416583061218,0.6944008469581604,0.660531222820282,0.3328437209129333,0.6222447156906128,0.6820827126502991,0.4912870228290558,0.3737734258174896,0.4378249943256378,0.5782896876335144,0.8493933081626892,0.4584200382232666,0.8505969047546387,0.0,0.0,0.0,0.0,0.0,0.0,0.0,0.0,0.5229031443595886,0.4850793480873108
0.5133189558982849,0.2975105345249176,0.5333662629127502,0.2758824825286865,0.4932491183280945,0.2775331437587738,0.5640398263931274,0.315561294555664,0.4685051441192627,0.3174511790275574,0.6112014651298523,0.4858015179634094,0.4271105825901031,0.4749616980552673,0.698132336139679,0.6667566299438477,0.3233206570148468,0.617526113986969,0.7161605954170227,0.4930460453033447,0.3397813439369201,0.4397367835044861,0.5737646818161011,0.850188136100769,0.4509426057338714,0.849186897277832,0.0,0.0,0.0,0.0,0.0,0.0,0.0,0.0,0.5156280398368835,0.4778822362422943
0.502257227897644,0.293684720993042,0.5224292874336243,0.2728095948696136,0.4803570806980133,0.2707637846469879,0.5454117655754089,0.316154271364212,0.4500573575496673,0.3152814507484436,0.5858649015426636,0.4861224293708801,0.400374561548233,0.4780831336975097,0.678412139415741,0.6646372079849243,0.2897835373878479,0.6277948617935181,0.7094027400016785,0.4955552220344543,0.3129786849021911,0.4446774125099182,0.5461641550064087,0.8541409373283386,0.420579195022583,0.883212149143219,0.0,0.0,0.0,0.0,0.0,0.0,0.0,0.0,0.4925011992454529,0.4825558066368103
0.4867644011974334,0.288260668516159,0.5058435797691345,0.2651202380657196,0.4626927673816681,0.2625250220298767,0.5311246514320374,0.3110083937644958,0.4321158528327942,0.3015320003032684,0.5683749318122864,0.4812115132808685,0.3849227726459503,0.4706711769104004,0.6724991202354431,0.6433902382850647,0.2708733975887298,0.6184007525444031,0.6887754797935486,0.4489347636699676,0.3043217360973358,0.4190507531166076,0.5284183621406555,0.8652068972587585,0.4001512825489044,0.8698335886001587,0.0,0.0,0.0,0.0,0.0,0.0,0.0,0.0,0.4772777855396271,0.4756325781345367
0.4720299541950226,0.2825419902801513,0.4906448423862457,0.2609871029853821,0.4473965466022491,0.257686048746109,0.5154038071632385,0.3091586530208587,0.4148063063621521,0.3030179440975189,0.5488210320472717,0.4826114773750305,0.3719598948955536,0.4706982970237732,0.6541261672973633,0.6449975967407227,0.2455203384160995,0.607636570930481,0.6532724499702454,0.4505302906036377,0.3035377562046051,0.3989752233028412,0.5050751566886902,0.8492549061775208,0.3808651268482208,0.8491535782814026,0.0,0.0,0.0,0.0,0.0,0.0,0.0,0.0,0.4619298875331878,0.475358098745346
0.4557028412818908,0.273193210363388,0.474381148815155,0.2518553137779236,0.4328902661800384,0.2496571987867355,0.4948139190673828,0.2924455106258392,0.3957008719444275,0.2929541766643524,0.5244627594947815,0.4749421179294586,0.3425630927085876,0.4563641548156738,0.6304375529289246,0.6461629867553711,0.2182628065347671,0.6036919951438904,0.6380235552787781,0.43345707654953,0.2839778959751129,0.3828794658184051,0.4840926229953766,0.8642259240150452,0.3557678759098053,0.8655102849006653,0.0,0.0,0.0,0.0,0.0,0.0,0.0,0.0,0.4360948503017425,0.4646909832954407
0.4485869109630584,0.267033964395523,0.4673604667186737,0.247747465968132,0.4232468605041504,0.2401132434606552,0.4789137244224548,0.2933684885501861,0.3771994113922119,0.2772024571895599,0.5025275349617004,0.4755512177944183,0.3239701390266418,0.4361796975135803,0.6101189851760864,0.6569644212722778,0.1958372741937637,0.6151958703994751,0.6470808982849121,0.4706037044525146,0.2632733285427093,0.3990769982337951,0.4671520888805389,0.8533726930618286,0.3370647132396698,0.8657621145248413,0.0,0.0,0.0,0.0,0.0,0.0,0.0,0.0,0.4132513403892517,0.4531649947166443
0.4423147141933441,0.2669922113418579,0.4578758776187897,0.2468268126249313,0.4177015125751495,0.2387710511684417,0.0,0.0,0.3653619289398193,0.2706509232521057,0.4912568628787994,0.4763869941234588,0.3122920393943786,0.4502372145652771,0.5900816917419434,0.6555525660514832,0.1858640760183334,0.6347428560256958,0.6419857144355774,0.4882001876831054,0.2520002424716949,0.436127096414566,0.4670166075229645,0.899181067943573,0.3278230726718902,0.9052184224128724,0.0,0.0,0.0,0.0,0.0,0.0,0.0,0.0,0.399634301662445,0.4597575664520263
0.4606316983699798,0.2652116119861603,0.4728849530220032,0.2443411499261856,0.4337765574455261,0.237044408917427,0.0,0.0,0.3742334246635437,0.2735765874385834,0.5007224678993225,0.47129687666893,0.3273208141326904,0.445089042186737,0.6111584901809692,0.6468919515609741,0.2093870937824249,0.6297196745872498,0.6362292170524597,0.4361723065376282,0.2807236611843109,0.4031696319580078,0.4794863760471344,0.899198591709137,0.3428695499897003,0.9066610336303712,0.0,0.0,0.0,0.0,0.0,0.0,0.0,0.0,0.412306398153305,0.4548752307891845
0.5007510781288147,0.2840691208839416,0.5114839673042297,0.2613407075405121,0.474574863910675,0.2539081573486328,0.0,0.0,0.412997305393219,0.2918135821819305,0.5357440710067749,0.4749818444252014,0.372442215681076,0.4571386873722076,0.6535030007362366,0.6503558158874512,0.2753177881240845,0.6362614631652832,0.6487432718276978,0.4371602237224579,0.3314933180809021,0.409913569688797,0.5185905694961548,0.9046198129653932,0.3954740464687347,0.9211859703063964,0.0,0.0,0.0,0.0,0.0,0.0,0.0,0.0,0.4541091918945312,0.4632842540740967
0.5251780152320862,0.2821837067604065,0.5337468385696411,0.2612636387348175,0.4991546273231506,0.2582069039344787,0.0,0.0,0.443975418806076,0.2947615683078766,0.5683181881904602,0.4785665869712829,0.4080836772918701,0.4631645977497101,0.6733309030532837,0.6407187581062317,0.3171741664409637,0.6467052698135376,0.7037820816040039,0.47416752576828,0.3819897174835205,0.4321428835391998,0.5528254508972168,0.8526612520217896,0.438138872385025,0.8672164678573608,0.0,0.0,0.0,0.0,0.0,0.0,0.0,0.0,0.4878291189670563,0.46901735663414
0.5455988049507141,0.2896807491779327,0.5551839470863342,0.2659216821193695,0.5192474722862244,0.2661198079586029,0.0,0.0,0.4681881964206695,0.3001318871974945,0.5987924933433533,0.4812904298305511,0.433995634317398,0.479948341846466,0.7009363174438477,0.6463290452957153,0.3478256165981293,0.6508480906486511,0.7407549619674683,0.510837972164154,0.402203768491745,0.4714700281620025,0.5945577025413513,0.8689366579055786,0.4700486660003662,0.8701024055480957,0.0,0.0,0.0,0.0,0.0,0.0,0.0,0.0,0.5131973624229431,0.4775394797325134
0.565652072429657,0.2962069809436798,0.5787431001663208,0.2714554965496063,0.5361900329589844,0.2767437100410461,0.5982338190078735,0.3009845912456512,0.4956057667732239,0.3202846050262451,0.6281748414039612,0.4854878485202789,0.4655679762363434,0.4714162647724151,0.7270222902297974,0.6607850193977356,0.3767823576927185,0.651764988899231,0.7564968466758728,0.5051628947257996,0.4162349700927734,0.4733145833015442,0.6151226758956909,0.8685001134872437,0.4956810176372528,0.8842536211013794,0.0,0.0,0.0,0.0,0.0,0.0,0.0,0.0,0.5451792478561401,0.4753161072731018
0.5865952372550964,0.3023390471935272,0.6010658144950867,0.2751491665840149,0.5610161423683167,0.2820980846881866,0.6256548762321472,0.3129088878631592,0.5258191823959351,0.3276466727256775,0.6626185178756714,0.4830546677112579,0.4848816394805908,0.4787416458129883,0.7617618441581726,0.6549585461616516,0.3984673619270324,0.6545876860618591,0.755168080329895,0.4730206429958343,0.434283971786499,0.4566231667995453,0.637418270111084,0.8523390889167786,0.5227592587471008,0.8543707728385925,0.0,0.0,0.0,0.0,0.0,0.0,0.0,0.0,0.5751832127571106,0.4800594449043274
0.6085742115974426,0.2991026937961578,0.6233231425285339,0.2729723751544952,0.5824270844459534,0.2765604257583618,0.6457713842391968,0.3110711574554443,0.5497341156005859,0.3196226954460144,0.6805273294448853,0.488557368516922,0.5065673589706421,0.483183890581131,0.7878845930099487,0.6631329655647278,0.4091036021709442,0.638583779335022,0.7549079060554504,0.4645934700965881,0.4509848952293396,0.4365276396274566,0.6662172675132751,0.8828898072242737,0.5491748452186584,0.8885423541069031,0.0,0.0,0.0,0.0,0.0,0.0,0.0,0.0,0.5958063006401062,0.4847111999988556
0.6163029074668884,0.2947129309177398,0.6317916512489319,0.2670826613903045,0.5904179215431213,0.2723187804222107,0.6579779982566833,0.3100697994232178,0.5580286979675293,0.3188889622688293,0.7037099599838257,0.4909582436084747,0.5159792304039001,0.4828522503376007,0.8016723394393921,0.6567216515541077,0.4179367125034332,0.6474865674972534,0.7916601896286011,0.4735341668128967,0.4465398490428924,0.4423088431358337,0.6832759976387024,0.8826320767402649,0.5637344121932983,0.8878588676452637,0.0,0.0,0.0,0.0,0.0,0.0,0.0,0.0,0.6104835867881775,0.4862656891345978
0.6243950128555298,0.2789832651615143,0.640611469745636,0.2541046738624573,0.598202645778656,0.260225385427475,0.6707326769828796,0.2954576313495636,0.5683943629264832,0.3105362057685852,0.7230124473571777,0.4756986200809479,0.5297347903251648,0.4785626828670501,0.8298619985580444,0.6520247459411621,0.4169649183750152,0.6350175738334656,0.8368461728096008,0.4751625657081604,0.4244962036609649,0.4597404301166534,0.7010636329650879,0.9035495519638062,0.5784555077552795,0.9055057764053344,0.0,0.0,0.0,0.0,0.0,0.0,0.0,0.0,0.6257478594779968,0.4779157936573028
0.6277066469192505,0.2645839154720306,0.6464189291000366,0.2394890487194061,0.6040295362472534,0.2458151578903198,0.6801108121871948,0.2825812399387359,0.5778560638427734,0.2952110171318054,0.7437310218811035,0.4716174900531769,0.5383179783821106,0.4777213633060455,0.8477305769920349,0.6593092679977417,0.4165093004703522,0.6317657828330994,0.8579686880111694,0.4654038846492767,0.4055688381195068,0.484833687543869,0.7169365286827087,0.9204522967338562,0.5753601789474487,0.9358020424842834,0.0,0.0,0.0,0.0,0.0,0.0,0.0,0.0,0.6379544138908386,0.4751644730567932
0.6381697058677673,0.2551077008247375,0.6605018973350525,0.2299772650003433,0.6185728907585144,0.2366560697555542,0.6998811960220337,0.2717701196670532,0.6026269197463989,0.283314436674118,0.7621304392814636,0.4554613530635834,0.5593592524528503,0.4693166315555572,0.8698410391807556,0.6491792798042297,0.4326915740966797,0.630533754825592,0.8459968566894531,0.4203714430332184,0.4431475102901459,0.4205827116966247,0.7254201769828796,0.8809399604797363,0.5849888920783997,0.886608898639679,0.0,0.0,0.0,0.0,0.0,0.0,0.0,0.0,0.6577574610710144,0.4592089056968689
0.6616039276123047,0.2530805468559265,0.6845185160636902,0.2215193510055542,0.6417649388313293,0.231131762266159,0.7294008135795593,0.2580636143684387,0.6248927712440491,0.2745216786861419,0.7917137742042542,0.4524125158786773,0.5924426317214966,0.460327684879303,0.907152533531189,0.6346743702888489,0.4770759642124176,0.6361399292945862,0.8606093525886536,0.4009015262126922,0.4978775084018707,0.4325187504291534,0.7542134523391724,0.9018840789794922,0.6086010932922363,0.900911271572113,0.0,0.0,0.0,0.0,0.0,0.0,0.0,0.0,0.6911962628364563,0.4544768929481506
0.6797250509262085,0.2426235526800155,0.7031351327896118,0.2138804495334625,0.6584606170654297,0.2235057502985,0.7482770085334778,0.2482693046331405,0.6393752098083496,0.2642361223697662,0.8148115277290344,0.429370641708374,0.6084032654762268,0.4535693526268005,0.9343321919441224,0.6424074769020081,0.4897283911705017,0.6328009963035583,0.889089047908783,0.4061912894248962,0.4912460744380951,0.4363603293895721,0.7807947397232056,0.901910960674286,0.6297640204429626,0.9195650815963744,0.0,0.0,0.0,0.0,0.0,0.0,0.0,0.0,0.7116838693618774,0.4420965015888214
0.6947548985481262,0.237974539399147,0.7218335270881653,0.2084913402795791,0.6720185875892639,0.2172968685626983,0.7700679898262024,0.2466500699520111,0.6528271436691284,0.2557812631130218,0.8387909531593323,0.4326011538505554,0.6207528710365295,0.4609468877315521,0.9519993662834167,0.6476621031761169,0.5037053823471069,0.6368460655212402,0.9088764190673828,0.4229204654693603,0.4708815217018127,0.4742148220539093,0.8077419400215149,0.9528698921203612,0.6477088928222656,0.937794864177704,0.0,0.0,0.0,0.0,0.0,0.0,0.0,0.0,0.7317442893981934,0.4478347599506378
0.7122792601585388,0.2293865531682968,0.7347775101661682,0.1952071040868759,0.6931475400924683,0.2104832977056503,0.793082594871521,0.2218467146158218,0.6829447746276855,0.248272106051445,0.8700180649757385,0.424922376871109,0.650146484375,0.4572635293006897,0.98581463098526,0.65672767162323,0.5327276587486267,0.6478222012519836,0.9455286860466005,0.4059763848781585,0.4926428496837616,0.4858778417110443,0.8346209526062012,0.9568588137626648,0.6708258986473083,0.9518731832504272,0.0,0.0,0.0,0.0,0.0,0.0,0.0,0.0,0.7604406476020813,0.4413154721260071
0.717638373374939,0.2132000029087066,0.7417463064193726,0.181914135813713,0.6979547142982483,0.1973887681961059,0.7999090552330017,0.2146871536970138,0.6867327094078064,0.2410481423139572,0.8764495253562927,0.40533047914505,0.6564936637878418,0.4509125351905823,0.9854384064674376,0.650850772857666,0.5538063049316406,0.6373725533485413,0.9377588033676147,0.3655450642108917,0.5377154350280762,0.453567773103714,0.8362215161323547,0.9527509808540344,0.6733907461166382,0.936543881893158,0.0,0.0,0.0,0.0,0.0,0.0,0.0,0.0,0.7670564651489258,0.4274734854698181
0.6936758160591125,0.2093066871166229,0.7210049629211426,0.1771589070558548,0.6726542711257935,0.1914800256490707,0.7789576649665833,0.2168266922235489,0.6584740877151489,0.2373497784137725,0.8491397500038147,0.4081330597400665,0.6307670474052429,0.4517722427845001,0.9617742300033568,0.6567988991737366,0.5155507326126099,0.6492320895195007,0.8994650840759277,0.3720950782299042,0.5137869119644165,0.4318296015262604,0.8007341027259827,0.9520606994628906,0.639000415802002,0.9363675117492676,0.0,0.0,0.0,0.0,0.0,0.0,0.0,0.0,0.7439925074577332,0.4310342371463775
0.6741320490837097,0.2027257233858108,0.7021361589431763,0.1741131991147995,0.6538671255111694,0.1830466836690902,0.7592155337333679,0.2122252434492111,0.6416905522346497,0.2260311394929886,0.8285396695137024,0.4064339697360992,0.6053839325904846,0.4448752999305725,0.9438223838806152,0.6562677621841431,0.4859617054462433,0.6378898620605469,0.8892744183540344,0.3962434828281402,0.4521270394325256,0.4635630548000335,0.7824202179908752,0.925151526927948,0.6169203519821167,0.920028030872345,0.0,0.0,0.0,0.0,0.0,0.0,0.0,0.0,0.7179750800132751,0.4275790154933929
0.6521278023719788,0.1887807846069336,0.6821522116661072,0.1609648615121841,0.6318539381027222,0.173756405711174,0.7368125319480896,0.2030636519193649,0.6194391250610352,0.2228813916444778,0.8070310950279236,0.4058167934417724,0.5762394666671753,0.4410464167594909,0.927704393863678,0.6542115807533264,0.4522256851196289,0.6400474309921265,0.8793429136276245,0.4107379913330078,0.4111660420894623,0.4927590787410736,0.7698039412498474,0.9544958472251892,0.5971480011940002,0.9513878226280212,0.0,0.0,0.0,0.0,0.0,0.0,0.0,0.0,0.6916446685791016,0.4237992167472839
0.6242955923080444,0.1876102983951568,0.6518816351890564,0.1568298637866974,0.6019681096076965,0.1710467189550399,0.7076159715652466,0.1977151930332183,0.5917162895202637,0.2267285585403442,0.7783671021461487,0.3977900147438049,0.5515426993370056,0.4417359828948974,0.9005045294761658,0.6401707530021667,0.4188777506351471,0.6325746178627014,0.8384765982627869,0.3534882366657257,0.3999083042144775,0.4321519434452057,0.7402103543281555,0.9910714030265808,0.5645303130149841,0.9767495393753052,0.0,0.0,0.0,0.0,0.0,0.0,0.0,0.0,0.6617518663406372,0.4198974668979645
0.5924677848815918,0.1945408284664154,0.62004554271698,0.1608760505914688,0.5741686224937439,0.1758676022291183,0.6788801550865173,0.1985908895730972,0.0,0.0,0.7408441305160522,0.4052299559116363,0.5197736024856567,0.4422242343425751,0.8592702746391296,0.6436129212379456,0.3897860944271087,0.6251817345619202,0.7941063046455383,0.3463679254055023,0.4000472128391266,0.4114057719707489,0.7002164721488953,0.9775384068489076,0.5228815674781799,0.956440806388855,0.0,0.0,0.0,0.0,0.0,0.0,0.0,0.0,0.6311165690422058,0.4237906038761139
0.5736047625541687,0.1940872818231582,0.6050974130630493,0.1651215404272079,0.5555026531219482,0.1725908815860748,0.660680890083313,0.2152732163667678,0.0,0.0,0.7245397567749023,0.4227491319179535,0.4968769252300262,0.4446816146373749,0.8402613401412964,0.6505550742149353,0.365052729845047,0.6221647262573242,0.7910861372947693,0.3696367740631103,0.3478675484657287,0.4324042499065399,0.6841625571250916,0.9635065793991088,0.5071375966072083,0.9589564204216005,0.0,0.0,0.0,0.0,0.0,0.0,0.0,0.0,0.6141080856323242,0.4341005384922027
0.5592342019081116,0.1870134770870208,0.58762127161026,0.1579791158437729,0.5404328107833862,0.1691342443227768,0.6405051350593567,0.2011245489120483,0.5250385999679565,0.2217226475477218,0.7253226041793823,0.416035383939743,0.4765322208404541,0.4435323178768158,0.8232778310775757,0.6649248003959656,0.3305180668830871,0.6516168713569641,0.7823039293289185,0.4352867901325226,0.3057017922401428,0.4730313122272491,0.0,0.0,0.4934445321559906,0.9910714030265808,0.0,0.0,0.0,0.0,0.0,0.0,0.0,0.0,0.6008032560348511,0.4260222017765045
0.5498822331428528,0.1986238211393356,0.5786310434341431,0.1738018095493316,0.5269834399223328,0.1798728853464126,0.6248216032981873,0.2272186428308487,0.5075045228004456,0.2372552454471588,0.6999613642692566,0.4258458018302917,0.4675625264644623,0.4569059014320373,0.8117555975914001,0.6481744050979614,0.3257697224617004,0.6518877744674683,0.7631601095199585,0.4042551517486572,0.3137951791286468,0.4462356567382812,0.6608082056045532,0.9910714030265808,0.4875079095363617,0.9910714030265808,0.0,0.0,0.0,0.0,0.0,0.0,0.0,0.0,0.5831920504570007,0.4430795013904571
0.5443557500839233,0.2246235162019729,0.5698994994163513,0.1961625963449478,0.5233474969863892,0.2047128826379776,0.619456946849823,0.2399332225322723,0.5032420754432678,0.2538744509220123,0.6780352592468262,0.4318598210811615,0.4670130312442779,0.4563322365283966,0.7923457026481628,0.6464897394180298,0.3236739039421081,0.6363581418991089,0.7411726713180542,0.3825940787792206,0.3474917113780975,0.4175004363059997,0.6378296613693237,0.9564492106437684,0.4798443615436554,0.9539619088172911,0.0,0.0,0.0,0.0,0.0,0.0,0.0,0.0,0.575218141078949,0.4446813762187958
0.5397999882698059,0.2314458191394806,0.56341952085495,0.2030237168073654,0.5198091268539429,0.2112269550561905,0.6104073524475098,0.2478819787502288,0.497230052947998,0.2606203258037567,0.6699796915054321,0.4507121443748474,0.4603065550327301,0.4511777460575104,0.769961953163147,0.6740775108337402,0.3280231058597564,0.6392914652824402,0.7376721501350403,0.4230698645114898,0.3502115905284881,0.4212783873081207,0.6123229265213013,0.9910714030265808,0.4607924818992615,0.9555614590644836,0.0,0.0,0.0,0.0,0.0,0.0,0.0,0.0,0.5649994611740112,0.4519368708133697
0.5084092020988464,0.238202765583992,0.5326220393180847,0.2171224057674408,0.4875620007514953,0.213462233543396,0.5634450316429138,0.2582098543643951,0.4579383730888366,0.2533121705055237,0.6213918924331665,0.445181131362915,0.4109551608562469,0.4485567510128021,0.7299154996871948,0.6512290239334106,0.2804393470287323,0.613503098487854,0.7370192408561707,0.450061023235321,0.263903260231018,0.4629770815372467,0.5743128061294556,0.8800806403160095,0.4305238127708435,0.869432806968689,0.0,0.0,0.0,0.0,0.0,0.0,0.0,0.0,0.5172106027603149,0.4463680684566498
0.4678544998168945,0.2512519955635071,0.4895427525043487,0.2295437306165695,0.4462688565254211,0.2246717512607574,0.5147906541824341,0.2762995660305023,0.4136805236339569,0.2645716965198517,0.5601207613945007,0.4535653293132782,0.3638656735420227,0.4573328197002411,0.6684002876281738,0.6542714834213257,0.219386413693428,0.6300235986709595,0.700016438961029,0.4773249924182892,0.1992444992065429,0.4729774296283722,0.5150951743125916,0.8640295267105103,0.3806453645229339,0.8550669550895691,0.0,0.0,0.0,0.0,0.0,0.0,0.0,0.0,0.4627988934516907,0.454719215631485
0.3634903728961944,0.2579628825187683,0.3889849781990051,0.2362334728240966,0.3448664546012878,0.2343693971633911,0.4184172451496124,0.2866884768009186,0.3185230791568756,0.2800861597061157,0.4570309519767761,0.476464182138443,0.2657319903373718,0.4630839228630066,0.5471305251121521,0.660411536693573,0.093306764960289,0.6171912550926208,0.5781322121620178,0.4632697701454162,0.1551048457622528,0.386256068944931,0.3992745876312256,0.8693424463272095,0.2629492878913879,0.8675046563148499,0.0,0.0,0.0,0.0,0.0,0.0,0.0,0.0,0.3612227141857147,0.4695356786251068
0.3344882428646087,0.2608072757720947,0.3569533228874206,0.2401366531848907,0.3144780099391937,0.2346091270446777,0.3806321918964386,0.2920582592487335,0.2817449867725372,0.274675577878952,0.4136746823787689,0.469101220369339,0.2331151515245437,0.4624136090278625,0.5097336173057556,0.652399480342865,0.0645096749067306,0.6167616844177246,0.5264226198196411,0.4518443942070007,0.1389400362968444,0.3986141681671142,0.3788303434848785,0.862759530544281,0.2399063557386398,0.8652039170265198,0.0,0.0,0.0,0.0,0.0,0.0,0.0,0.0,0.3237178921699524,0.4652376174926758
0.3125308454036712,0.2591632306575775,0.3327117264270782,0.2340058535337448,0.2886524200439453,0.2335390001535415,0.3564729988574981,0.2778932452201843,0.2534850239753723,0.273526132106781,0.3914960026741028,0.4671722948551178,0.1951056569814682,0.4542827308177948,0.4976000487804413,0.6592882871627808,0.0512261167168617,0.6295393705368042,0.5342845320701599,0.4831223487854004,0.0976148843765258,0.4294058680534363,0.3648456633090973,0.8517359495162964,0.2266023457050323,0.8827109932899475,0.0,0.0,0.0,0.0,0.0,0.0,0.0,0.0,0.2950987517833709,0.4589070379734039
0.3154748082160949,0.2531608939170837,0.334057480096817,0.2259406298398971,0.290770947933197,0.2292530983686447,0.3608830571174621,0.2689389288425445,0.2580635249614715,0.2715678215026855,0.402324229478836,0.4642110168933868,0.1997462511062622,0.4544437229633331,0.5084418058395386,0.658622145652771,0.0499746575951576,0.6315408945083618,0.5601767897605896,0.487068623304367,0.0839971080422401,0.4522412121295929,0.3738012313842773,0.8795052766799927,0.2255134731531143,0.8863144516944885,0.0,0.0,0.0,0.0,0.0,0.0,0.0,0.0,0.3041909337043762,0.4572205245494842
0.3303289115428924,0.2469391375780105,0.3529916107654571,0.2257085293531417,0.3068971931934356,0.2189190536737442,0.3789288699626922,0.2810525596141815,0.2746626734733581,0.2642302513122558,0.4217528998851776,0.4669299125671386,0.223586305975914,0.4588752388954162,0.5349748730659485,0.6401996612548828,0.0565407536923885,0.6049026846885681,0.5593291521072388,0.4281408190727234,0.1135493069887161,0.3663585186004638,0.3858385682106018,0.885496973991394,0.2357155233621597,0.9053235054016112,0.0,0.0,0.0,0.0,0.0,0.0,0.0,0.0,0.3230815231800079,0.4603953957557678
0.3341036736965179,0.256538450717926,0.3555684089660644,0.2310424596071243,0.3113242983818054,0.2286862283945083,0.3824717104434967,0.2774092257022857,0.2774708867073059,0.2674785256385803,0.419387012720108,0.4647154510021209,0.2320009171962738,0.4566121995449066,0.529094934463501,0.6526808142662048,0.0629747062921524,0.6102734804153442,0.5302177667617798,0.4356321990489959,0.1439132690429687,0.3803171515464782,0.3833627104759216,0.8521314859390259,0.2405306845903396,0.8644212484359741,0.0,0.0,0.0,0.0,0.0,0.0,0.0,0.0,0.3250335156917572,0.4579199254512787
0.32790407538414,0.2640369236469269,0.3501991927623749,0.2383766174316406,0.3053898811340332,0.2353488355875015,0.3762009441852569,0.2824146151542663,0.2729463279247284,0.2712595760822296,0.4166064858436584,0.4694338142871856,0.2139642238616943,0.4509830772876739,0.5072847604751587,0.6685214042663574,0.0564514212310314,0.6205025315284729,0.53659987449646,0.4638502597808838,0.1219597682356834,0.3967539370059967,0.3737887740135193,0.8513554334640503,0.2311979681253433,0.8630537986755371,0.0,0.0,0.0,0.0,0.0,0.0,0.0,0.0,0.3168766796588897,0.4576115310192108
0.3198197185993194,0.2744332253932953,0.3415042757987976,0.2497461289167404,0.2983588576316833,0.2442779093980789,0.3634079098701477,0.2853427529335022,0.2605298459529876,0.2718128561973572,0.4023384153842926,0.4712416231632232,0.1977208852767944,0.4537104070186615,0.4939522743225097,0.6871265172958374,0.057946752756834,0.6388980746269226,0.5288329124450684,0.5193535089492798,0.0971555039286613,0.4640931189060211,0.3607177734375,0.8616930246353149,0.2182774990797042,0.8529595732688904,0.0,0.0,0.0,0.0,0.0,0.0,0.0,0.0,0.3016884624958038,0.4606912732124328
0.3158552050590515,0.2727180421352386,0.336764246225357,0.2462257891893386,0.2937292456626892,0.2427468746900558,0.3603636622428894,0.2833066284656524,0.2566231787204742,0.2734975516796112,0.4009152054786682,0.4820872247219085,0.2018731981515884,0.4690792858600616,0.4883091747760772,0.7109107971191406,0.0573014356195926,0.690844714641571,0.5174209475517273,0.49056476354599,0.1349666714668274,0.4599936306476593,0.3586984574794769,0.9366036653518676,0.2064851373434066,0.9552803635597228,0.0,0.0,0.0,0.0,0.0,0.0,0.0,0.0,0.3022426664829254,0.4721729457378387
0.3402721583843231,0.2992262542247772,0.3650390803813934,0.2745085656642914,0.3139814734458923,0.2705236077308655,0.397786408662796,0.3328793346881866,0.2815698683261871,0.3210491836071014,0.4612464606761932,0.5541835427284241,0.2212734371423721,0.5421135425567627,0.5683304071426392,0.816500723361969,0.0433193482458591,0.8165695071220398,0.589863657951355,0.5749845504760742,0.1240795403718948,0.5621542930603027,0.0,0.0,0.0,0.0,0.0,0.0,0.0,0.0,0.0,0.0,0.0,0.0,0.3402684032917022,0.5467771887779236
0.358113944530487,0.2944524586200714,0.3885169327259063,0.2743173241615295,0.3322320878505707,0.2719673216342926,0.431217759847641,0.3480234444141388,0.2983838617801666,0.3417772650718689,0.4971583187580108,0.5871289968490601,0.2390675544738769,0.577107846736908,0.6134249567985535,0.9061469435691832,0.0499525293707847,0.911536991596222,0.652428150177002,0.682161271572113,0.1222417801618576,0.6648662686347961,0.0,0.0,0.0,0.0,0.0,0.0,0.0,0.0,0.0,0.0,0.0,0.0,0.3693988919258117,0.5829145312309265
0.372013121843338,0.3165784478187561,0.4069285690784454,0.2960225641727447,0.3450504839420318,0.2883284986019134,0.4505560398101806,0.367859274148941,0.310567557811737,0.3485923409461975,0.514828085899353,0.6109404563903809,0.2382279634475708,0.6047354340553284,0.639670729637146,0.9264878034591676,0.0480763837695121,0.936975598335266,0.6321373581886292,0.6353933215141296,0.1528711467981338,0.6144086718559265,0.0,0.0,0.0,0.0,0.0,0.0,0.0,0.0,0.0,0.0,0.0,0.0,0.374979704618454,0.6116650700569153
0.3854218125343323,0.3376712799072265,0.4176272451877594,0.3099600374698639,0.3546952605247497,0.3073766529560089,0.4630971252918243,0.3776660561561584,0.318321943283081,0.371710866689682,0.5328429937362671,0.6319068074226379,0.2453391700983047,0.6295363306999207,0.6550046801567078,0.9765483736991882,0.052534781396389,0.991071343421936,0.6541458368301392,0.6546079516410828,0.1679619252681732,0.6975172758102417,0.0,0.0,0.0,0.0,0.0,0.0,0.0,0.0,0.0,0.0,0.0,0.0,0.3861599862575531,0.6334648132324219
0.3901561200618744,0.3405784666538238,0.426179438829422,0.3108434379100799,0.3606404662132263,0.3078555166721344,0.4700134396553039,0.3742719292640686,0.3218223452568054,0.3674993515014648,0.5383369326591492,0.6432945132255554,0.2424821108579635,0.6390257477760315,0.667972981929779,0.9754428863525392,0.024308905005455,0.979330599308014,0.6904452443122864,0.708715558052063,0.0971789732575416,0.7278305888175964,0.0,0.0,0.0,0.0,0.0,0.0,0.0,0.0,0.0,0.0,0.0,0.0,0.3903421461582184,0.6432988047599792
0.404803991317749,0.3253582417964935,0.4423802495002746,0.2922932207584381,0.3772143423557281,0.288332462310791,0.4863156974315643,0.350593090057373,0.3381962776184082,0.3319549262523651,0.5578879117965698,0.6234878897666931,0.2573621273040771,0.6047587394714355,0.7016573548316956,0.9559836983680724,0.0226893182843923,0.9504188299179076,0.6695908308029175,0.6378322243690491,0.133758470416069,0.6031004786491394,0.0,0.0,0.0,0.0,0.0,0.0,0.0,0.0,0.0,0.0,0.0,0.0,0.4068639576435089,0.6188033819198608
0.4056544005870819,0.3294233381748199,0.4425620138645172,0.2916335165500641,0.3790357112884521,0.2923154830932617,0.4916153252124786,0.3487792313098907,0.3432797789573669,0.3334010541439056,0.5635033845901489,0.6298785209655762,0.2608234584331512,0.6230718493461609,0.7149490714073181,0.958445370197296,0.0448777787387371,0.9242762923240662,0.709182858467102,0.6476424932479858,0.0831499844789505,0.6143569946289062,0.0,0.0,0.0,0.0,0.0,0.0,0.0,0.0,0.0,0.0,0.0,0.0,0.4124300181865692,0.6263054013252258
0.4095808863639831,0.2871264815330505,0.4471470415592193,0.2523603141307831,0.3837362229824066,0.2532474398612976,0.5030122399330139,0.313785970211029,0.3549290299415588,0.3066998422145843,0.5797860026359558,0.5821123123168945,0.2750333249568939,0.5889831781387329,0.7413962483406067,0.9142316579818726,0.0554187409579753,0.8593114018440247,0.811322808265686,0.6613743901252747,0.0,0.0,0.0,0.0,0.0,0.0,0.0,0.0,0.0,0.0,0.0,0.0,0.0,0.0,0.4303793311119079,0.5866388082504272
0.4207600653171539,0.235181376338005,0.456156313419342,0.2000834494829177,0.3957339227199554,0.2038859874010086,0.5127447843551636,0.2547360956668854,0.369118183851242,0.2531839311122894,0.5893628001213074,0.5253469347953796,0.2964260876178741,0.5379545092582703,0.7414097785949707,0.8746136426925659,0.0823301076889038,0.8101958632469177,0.765444278717041,0.596510112285614,0.0399012751877307,0.5632092356681824,0.0,0.0,0.0,0.0,0.0,0.0,0.0,0.0,0.0,0.0,0.0,0.0,0.4433809220790863,0.5257020592689514
0.4388028085231781,0.1623216867446899,0.473459392786026,0.1245234012603759,0.4147539734840393,0.1329731792211532,0.5352929830551147,0.1878833770751953,0.3938196003437042,0.191094771027565,0.6118206977844238,0.4586571156978607,0.3333601355552673,0.4650339782238006,0.7315967679023743,0.7864208817481995,0.1464264690876007,0.7445211410522461,0.7071256637573242,0.4865575730800628,0.1828365325927734,0.4527265429496765,0.0,0.0,0.0,0.0,0.0,0.0,0.0,0.0,0.0,0.0,0.0,0.0,0.4705703854560852,0.4603533446788788
0.4496906697750091,0.1998216807842254,0.4822036325931549,0.1671281605958938,0.4250201880931854,0.1703296154737472,0.5299134254455566,0.2192095071077346,0.3989076018333435,0.2199578434228897,0.5936474204063416,0.4605148136615753,0.3399385809898376,0.4612538814544678,0.6883477568626404,0.7644144296646118,0.176789715886116,0.7049940228462219,0.6922261118888855,0.5182123184204102,0.1830605566501617,0.49060919880867,0.0,0.0,0.0,0.0,0.0,0.0,0.0,0.0,0.0,0.0,0.0,0.0,0.4635922610759735,0.4588914513587951
0.4491028785705566,0.2522431313991546,0.4763819873332977,0.2290353626012802,0.4276963770389557,0.2260290384292602,0.5128158926963806,0.2791462242603302,0.3989831507205963,0.2719011902809143,0.579261839389801,0.4852152168750763,0.3506458103656769,0.4839487671852112,0.645033061504364,0.7596913576126099,0.2207520753145218,0.7018436193466187,0.6400030851364136,0.5777116417884827,0.2113391309976577,0.572862982749939,0.5170004963874817,0.991071343421936,0.3643977642059326,0.976776957511902,0.0,0.0,0.0,0.0,0.0,0.0,0.0,0.0,0.4624306559562683,0.4813238680362701
0.4726049304008484,0.248771458864212,0.4933685660362243,0.2266118377447128,0.4501132369041443,0.2233527451753616,0.5229974389076233,0.2740109264850616,0.4182952046394348,0.2636356651782989,0.5813307762145996,0.4536380171775818,0.3897330164909363,0.4596304595470428,0.6294798254966736,0.7094616889953613,0.3046920299530029,0.6926277279853821,0.6297526359558105,0.4751437604427337,0.3242335617542267,0.4892469048500061,0.5346572399139404,0.8668703436851501,0.3955592513084411,0.8687179684638977,0.0,0.0,0.0,0.0,0.0,0.0,0.0,0.0,0.4845439791679382,0.4568020701408386
0.5044569373130798,0.2990269064903259,0.5227414965629578,0.2712844014167785,0.4818442463874817,0.2778826951980591,0.5548987984657288,0.2954797744750976,0.4568869173526764,0.3133033215999603,0.6232959628105164,0.4713137745857239,0.42337566614151,0.481468141078949,0.6634350419044495,0.7186796069145203,0.3640603721141815,0.7074184417724609,0.6448596715927124,0.5379058122634888,0.3735222220420837,0.5326737761497498,0.5705466866493225,0.8661164045333862,0.4412031173706054,0.8630375862121582,0.0,0.0,0.0,0.0,0.0,0.0,0.0,0.0,0.5220431089401245,0.4751485884189605
0.5396862030029297,0.3339020609855652,0.5562980771064758,0.310372918844223,0.5206227898597717,0.3130260407924652,0.5823941230773926,0.3324247002601623,0.495922327041626,0.3390764892101288,0.6337075233459473,0.4956719875335693,0.4655961394309997,0.5054668188095093,0.6653932929039001,0.718157947063446,0.4141294658184051,0.6966327428817749,0.6642975807189941,0.5829343199729919,0.4079506695270538,0.5791711807250977,0.5963853001594543,0.8498967885971069,0.4779005050659179,0.8602813482284546,0.0,0.0,0.0,0.0,0.0,0.0,0.0,0.0,0.5488523244857788,0.499254435300827
0.5420519709587097,0.3491697013378143,0.5589174032211304,0.3255626261234283,0.5231789946556091,0.3286773562431335,0.584010124206543,0.344624787569046,0.5017053484916687,0.3520852029323578,0.6332797408103943,0.48687943816185,0.4721961915493011,0.4978415668010711,0.6679471731185913,0.7091751098632812,0.4188087880611419,0.6884146928787231,0.6563597321510315,0.5449502468109131,0.4173963963985443,0.5531002283096313,0.5923548340797424,0.8365486860275269,0.4807858765125274,0.8432813286781311,0.0,0.0,0.0,0.0,0.0,0.0,0.0,0.0,0.5529485940933228,0.4928090572357178
0.5128472447395325,0.3793691992759704,0.5291014313697815,0.3583903312683105,0.4967778027057647,0.3581252098083496,0.5513511896133423,0.3777558505535126,0.4742268025875091,0.3756105601787567,0.5847078561782837,0.5179811120033264,0.4406495094299316,0.5226784348487854,0.6289921402931213,0.7097340226173401,0.3962940871715545,0.709865152835846,0.6176925897598267,0.617613673210144,0.4005906283855438,0.6019396781921387,0.5549764037132263,0.8260837197303772,0.45530766248703,0.8287362456321716,0.0,0.0,0.0,0.0,0.0,0.0,0.0,0.0,0.5120071768760681,0.5168736577033997
0.5060645341873169,0.3952561914920807,0.5216103792190552,0.3735478818416595,0.4894567430019378,0.3730013072490692,0.5424284934997559,0.3844106197357178,0.4672572910785675,0.3852836787700653,0.5802745819091797,0.5116028189659119,0.43967404961586,0.5193812251091003,0.6202732920646667,0.7034452557563782,0.3949064314365387,0.7063547968864441,0.6120535731315613,0.5728562474250793,0.4051245748996734,0.588411808013916,0.5499966144561768,0.8168562054634094,0.4515799582004547,0.8259515166282654,0.0,0.0,0.0,0.0,0.0,0.0,0.0,0.0,0.509254515171051,0.5122619271278381
0.5066458582878113,0.3945837914943695,0.5220245718955994,0.3740566372871399,0.4892873764038086,0.373643547296524,0.5426492094993591,0.3904778957366943,0.4665334224700928,0.3918535709381103,0.57797771692276,0.5161719918251038,0.4384579360485077,0.5238915085792542,0.6276996731758118,0.6944445371627808,0.3898311257362366,0.6987472772598267,0.6259576678276062,0.5422608256340027,0.395300954580307,0.551937997341156,0.5575577616691589,0.8165706396102905,0.4579692184925079,0.828024685382843,0.0,0.0,0.0,0.0,0.0,0.0,0.0,0.0,0.5065909624099731,0.5168623328208923
0.529379665851593,0.3929897844791412,0.5448923110961914,0.3719782829284668,0.513332724571228,0.3745797276496887,0.5694929957389832,0.3901465237140655,0.4954966604709625,0.3940851390361786,0.6136434674263,0.5254313349723816,0.4726582467556,0.5263444781303406,0.6579675078392029,0.6974416375160217,0.4267983138561249,0.6848778128623962,0.6493851542472839,0.5833045840263367,0.4275110065937042,0.5799435377120972,0.5870949625968933,0.8122315406799316,0.4849362671375274,0.8120401501655579,0.0,0.0,0.0,0.0,0.0,0.0,0.0,0.0,0.5418485999107361,0.5251754522323608
0.5553415417671204,0.3835268020629883,0.5706608891487122,0.3613225519657135,0.5394471883773804,0.3655063807964325,0.597211480140686,0.3791328072547912,0.5245574116706848,0.3888885080814361,0.647022545337677,0.5158120393753052,0.503818929195404,0.5253316164016724,0.6765459179878235,0.6957029700279236,0.4470096230506897,0.6873098611831665,0.6701855063438416,0.5820106863975525,0.4555034637451172,0.5745709538459778,0.6167277097702026,0.8130873441696167,0.5126960873603821,0.8107863664627075,0.6402571797370911,0.9910715222358704,0.0,0.0,0.0,0.0,0.0,0.0,0.5743623971939087,0.5194453597068787
0.5937104821205139,0.3797493577003479,0.6089696288108826,0.3607003390789032,0.5788503289222717,0.363057792186737,0.6337843537330627,0.3819466233253479,0.5629050135612488,0.3876867890357971,0.6766853928565979,0.5146442651748657,0.5384065508842468,0.5211324691772461,0.7314156889915466,0.6834070086479187,0.4859128296375274,0.6737424731254578,0.7212231755256653,0.538352370262146,0.4972144961357116,0.5398261547088623,0.6581628918647766,0.8106171488761902,0.5553743243217468,0.8123847842216492,0.0,0.0,0.0,0.0,0.0,0.0,0.0,0.0,0.607574462890625,0.5179137587547302
0.634495735168457,0.3829011619091034,0.6505535244941711,0.3625148236751556,0.6187858581542969,0.3640174865722656,0.6779050230979919,0.3828969299793243,0.6010093092918396,0.3856515884399414,0.7227169275283813,0.5080222487449646,0.5791443586349487,0.5140960812568665,0.789893627166748,0.6767110228538513,0.5168829560279846,0.66732257604599,0.7708980441093445,0.5260007381439209,0.5287962555885315,0.5127283334732056,0.7002645134925842,0.8301841616630554,0.5990015268325806,0.8296238780021667,0.0,0.0,0.0,0.0,0.0,0.0,0.0,0.0,0.6493203043937683,0.5095157027244568
0.656319260597229,0.3945184648036957,0.6729481816291809,0.3727037012577057,0.6424581408500671,0.3778802752494812,0.7031977772712708,0.3963324129581451,0.6291921734809875,0.4026392996311188,0.7510946989059448,0.5273625254631042,0.6080164313316345,0.5331531763076782,0.8236021995544434,0.6669315695762634,0.5308701395988464,0.6483110785484314,0.8106203079223633,0.5476504564285278,0.4968976974487304,0.5532077550888062,0.7284528613090515,0.8278964161872864,0.6239250302314758,0.8246698379516602,0.0,0.0,0.0,0.0,0.0,0.0,0.0,0.0,0.6775684356689453,0.528743326663971
0.6670787930488586,0.3983467221260071,0.6849592328071594,0.3784873187541961,0.6536612510681152,0.3802059292793274,0.7157624363899231,0.4019063115119934,0.6398411393165588,0.4022102355957031,0.7578724026679993,0.5298632979393005,0.6194057464599609,0.5333432555198669,0.8344805836677551,0.6638103127479553,0.5327051877975464,0.6444679498672485,0.8145195841789246,0.5341927409172058,0.4952643811702728,0.5461539626121521,0.7336912751197815,0.8272998929023743,0.6322740316390991,0.8179331421852112,0.0,0.0,0.0,0.0,0.0,0.0,0.0,0.0,0.688751757144928,0.5297524333000183
0.6693477034568787,0.4008260369300842,0.6865882873535156,0.3812718987464905,0.6569346785545349,0.383080780506134,0.7172664403915405,0.4034445285797119,0.6433963179588318,0.4053674638271332,0.7560673356056213,0.5288854837417603,0.6251420378684998,0.5338550806045532,0.8371397852897644,0.6526824235916138,0.5301498174667358,0.6330314874649048,0.8115988969802856,0.5071881413459778,0.5258091688156128,0.4992366731166839,0.7341175675392151,0.8265652060508728,0.6344442367553711,0.8171330094337463,0.0,0.0,0.0,0.0,0.0,0.0,0.0,0.0,0.6902937889099121,0.5293067693710327
0.6712212562561035,0.3974977433681488,0.6880068182945251,0.3781816363334656,0.6585946679115295,0.3794970214366913,0.7171840071678162,0.4003088176250458,0.6447685956954956,0.4003749787807464,0.7531731724739075,0.5258489847183228,0.6233304142951965,0.5314843058586121,0.8342407941818237,0.6526923775672913,0.5343712568283081,0.6462998986244202,0.8060737252235413,0.5152809619903564,0.543110728263855,0.5000441670417786,0.7304273843765259,0.8191391229629517,0.6324406862258911,0.8157572150230408,0.0,0.0,0.0,0.0,0.0,0.0,0.0,0.0,0.6886394619941711,0.5263652205467224
0.6664729118347168,0.4001606106758117,0.6840759515762329,0.3804008662700653,0.6531769633293152,0.3819710910320282,0.7140335440635681,0.4050385653972626,0.6384406685829163,0.4045669138431549,0.7521101236343384,0.5301159620285034,0.6154231429100037,0.5338732004165649,0.829804539680481,0.6638418436050415,0.5312787294387817,0.6412925720214844,0.8092832565307617,0.5136855840682983,0.5163705348968506,0.5183066129684448,0.7256392240524292,0.8281370401382446,0.6256029009819031,0.8182416558265686,0.0,0.0,0.0,0.0,0.0,0.0,0.0,0.0,0.6837272047996521,0.5302976965904236
0.649762749671936,0.3956551849842071,0.6670103073120117,0.3767280578613281,0.6354494690895081,0.3773472011089325,0.6939062476158142,0.4013339877128601,0.6185289621353149,0.4003819823265075,0.733609139919281,0.5254166126251221,0.592553973197937,0.5352672338485718,0.8174314498901367,0.6705146431922913,0.5019120573997498,0.6438152194023132,0.7941967248916626,0.5302432179450989,0.4756839871406555,0.5305317044258118,0.7039615511894226,0.8335925340652466,0.6042094826698303,0.8291200399398804,0.0,0.0,0.0,0.0,0.0,0.0,0.0,0.0,0.6607164144515991,0.5298039317131042
0.6303417086601257,0.390721708536148,0.6458288431167603,0.3694998323917389,0.6147158741950989,0.3730051815509796,0.6718297600746155,0.3905789852142334,0.5976153612136841,0.3962946534156799,0.716368556022644,0.5221539735794067,0.5753344893455505,0.5286262631416321,0.8007596731185913,0.6494221687316895,0.4826998114585876,0.642742931842804,0.7839820981025696,0.5003637671470642,0.4806382358074188,0.503025233745575,0.684468686580658,0.8343943357467651,0.5848897695541382,0.82951420545578,0.0,0.0,0.0,0.0,0.0,0.0,0.0,0.0,0.644802987575531,0.5247830152511597
0.595274806022644,0.3809928894042969,0.6122451424598694,0.361025720834732,0.5814844965934753,0.362143725156784,0.6397995948791504,0.3847332000732422,0.5651383399963379,0.3861871361732483,0.6741544008255005,0.5194932818412781,0.5377805829048157,0.5243690609931946,0.7681825757026672,0.6448856592178345,0.446683406829834,0.6296629309654236,0.7481504678726196,0.5103152990341187,0.4630064964294433,0.4907880127429962,0.65224689245224,0.8135380148887634,0.5545128583908081,0.813995897769928,0.0,0.0,0.0,0.0,0.0,0.0,0.0,0.0,0.6076996922492981,0.5213072299957275
0.5744512677192688,0.3804323673248291,0.5886904001235962,0.359190970659256,0.560288667678833,0.3630123436450958,0.6135722398757935,0.3806776106357574,0.5442771315574646,0.3864650130271911,0.65403813123703,0.5156179070472717,0.512222170829773,0.5222378373146057,0.746586263179779,0.6551273465156555,0.4180215001106262,0.6251736879348755,0.7430366277694702,0.5238052010536194,0.4172554314136505,0.5225203633308411,0.6239409446716309,0.8251312375068665,0.5221294164657593,0.8161649107933044,0.0,0.0,0.0,0.0,0.0,0.0,0.0,0.0,0.5839214324951172,0.5171624422073364
0.5425720810890198,0.3829381763935089,0.5588623285293579,0.362129658460617,0.5265144109725952,0.365969181060791,0.5830931067466736,0.3872338235378265,0.5080512762069702,0.3908827006816864,0.6213697195053101,0.523777425289154,0.4797347486019134,0.5250006318092346,0.7004796266555786,0.6673836708068848,0.3893076777458191,0.6443060636520386,0.6959361433982849,0.543217658996582,0.3957311809062958,0.5072014331817627,0.5962668061256409,0.8453807830810547,0.4957418143749237,0.8496875762939453,0.0,0.0,0.0,0.0,0.0,0.0,0.0,0.0,0.5495943427085876,0.5227932333946228
0.5261306762695312,0.3808488845825195,0.5429509878158569,0.3610747456550598,0.5098650455474854,0.3617149889469147,0.5678442716598511,0.3864524364471435,0.4906795024871826,0.3851041495800018,0.6053757071495056,0.5191696286201477,0.463184505701065,0.5230284333229065,0.6909984350204468,0.6565737724304199,0.3764247298240661,0.6393662691116333,0.6764055490493774,0.5141319632530212,0.39656463265419,0.496297687292099,0.5833920240402222,0.831318736076355,0.4864258170127868,0.8307779431343079,0.0,0.0,0.0,0.0,0.0,0.0,0.0,0.0,0.5350777506828308,0.5196220278739929
0.5131128430366516,0.3789058625698089,0.530510663986206,0.3590081632137298,0.4979478716850281,0.3604664802551269,0.5580169558525085,0.3832480013370514,0.4791879653930664,0.3844031989574432,0.5949050784111023,0.5211597084999084,0.4452712535858154,0.5236116051673889,0.6798363924026489,0.6770771145820618,0.350299596786499,0.643074631690979,0.6883655786514282,0.5261183381080627,0.3645044267177582,0.4994147717952728,0.5594774484634399,0.8344387412071228,0.4591545760631561,0.8350067138671875,0.0,0.0,0.0,0.0,0.0,0.0,0.0,0.0,0.5188830494880676,0.5207375288009644
0.5026603937149048,0.3445226550102234,0.5212384462356567,0.3291525244712829,0.4893476068973541,0.325568825006485,0.5441626310348511,0.3647815287113189,0.4676858782768249,0.3550257980823517,0.5827890038490295,0.5134997963905334,0.4261630475521087,0.5031208992004395,0.6497715711593628,0.7029125094413757,0.32236048579216,0.6271971464157104,0.6768413186073303,0.5471775531768799,0.3274385035037994,0.5144044756889343,0.5349920392036438,0.8272175192832947,0.4337077140808105,0.8202446699142456,0.0,0.0,0.0,0.0,0.0,0.0,0.0,0.0,0.5034986734390259,0.5055996775627136
0.486105740070343,0.3345111906528473,0.5072537064552307,0.3173210918903351,0.4728138148784637,0.3131984174251556,0.5316312909126282,0.3591530919075012,0.4523560404777527,0.3460630774497986,0.562745988368988,0.5045540928840637,0.4089285433292389,0.4976009428501129,0.635572075843811,0.6794723868370056,0.2990944981575012,0.6264160871505737,0.6447240114212036,0.521167516708374,0.3197599351406097,0.4709095656871795,0.5192880034446716,0.8296810984611511,0.4138967990875244,0.8332249522209167,0.0,0.0,0.0,0.0,0.0,0.0,0.0,0.0,0.4861146807670593,0.5004736185073853
0.4458611309528351,0.3209795951843261,0.4684205949306488,0.3041284382343292,0.4301754534244537,0.3009043037891388,0.4921250343322754,0.3509926497936249,0.4047939479351043,0.3373126089572906,0.5136339068412781,0.4961218535900116,0.3622064292430877,0.4842302203178406,0.5877214074134827,0.6706609129905701,0.2583239376544952,0.6405035853385925,0.5710564851760864,0.5286090970039368,0.295072466135025,0.4621501266956329,0.4779635369777679,0.8285602927207947,0.3675959706306457,0.8250435590744019,0.0,0.0,0.0,0.0,0.0,0.0,0.0,0.0,0.4398547112941742,0.4888507723808288
0.4072538912296295,0.32852903008461,0.4273999035358429,0.3122291266918182,0.3921009600162506,0.3083288669586181,0.4500479400157928,0.3539927899837494,0.3684263229370117,0.3404769599437713,0.4721451103687286,0.5122022032737732,0.3126039505004883,0.495845764875412,0.540147066116333,0.6965184211730957,0.2014858871698379,0.6326690912246704,0.576280951499939,0.5586225986480713,0.2383190095424652,0.4753775596618652,0.4258563816547394,0.8372154235839844,0.3124571144580841,0.8343544006347656,0.0,0.0,0.0,0.0,0.0,0.0,0.0,0.0,0.3944901823997497,0.501210629940033
0.3548831045627594,0.3148498833179474,0.3756439685821533,0.3013990521430969,0.3367772102355957,0.2936871349811554,0.3919192850589752,0.3458826243877411,0.3049642741680145,0.3326222896575928,0.4264536201953888,0.510670006275177,0.2437139749526977,0.4900434911251068,0.4899779260158539,0.690792441368103,0.1357398629188537,0.6436043381690979,0.5537434220314026,0.5696583390235901,0.1368012279272079,0.5188044309616089,0.3692247867584228,0.8474205136299133,0.2473932653665542,0.8343554735183716,0.0,0.0,0.0,0.0,0.0,0.0,0.0,0.0,0.3338379859924316,0.4977474510669708
0.3030180633068084,0.3107509613037109,0.3215972483158111,0.2914481163024902,0.2825607359409332,0.2898295819759369,0.3436265289783478,0.3332331478595733,0.2522696554660797,0.3279798328876495,0.3672859370708465,0.4999108910560608,0.1969178020954132,0.4852282702922821,0.4447539746761322,0.6646093726158142,0.065991960465908,0.6284958720207214,0.4716877043247223,0.5501879453659058,0.1017744541168212,0.4571418166160583,0.320707768201828,0.847871720790863,0.2012864202260971,0.8370804190635681,0.0,0.0,0.0,0.0,0.0,0.0,0.0,0.0,0.2838464975357055,0.4891867339611053
0.2849039733409881,0.320109874010086,0.3035455346107483,0.2998587191104889,0.2645433247089386,0.2944835126399994,0.3214215338230133,0.3425686061382293,0.2292913198471069,0.3303556740283966,0.3508490920066833,0.5049871206283569,0.1819464117288589,0.4894503057003021,0.4305594861507416,0.670733630657196,0.0471026264131069,0.6290230751037598,0.4345037937164306,0.5149901509284973,0.0996913164854049,0.451004683971405,0.3110435009002685,0.8523703813552856,0.1866519600152969,0.8523841500282288,0.0,0.0,0.0,0.0,0.0,0.0,0.0,0.0,0.2674529552459717,0.493580162525177
0.2649604678153991,0.3145214021205902,0.2823914885520935,0.2958223819732666,0.2414111196994781,0.2950926125049591,0.3048756420612335,0.3356318771839142,0.2085337340831756,0.3334339559078216,0.3439514636993408,0.4949545562267303,0.1578355133533477,0.4892187714576721,0.4230193197727203,0.6748160719871521,0.0165564455091953,0.651011049747467,0.4754874110221863,0.5498294234275818,0.0566807202994823,0.478612333536148,0.3097348511219024,0.8794282078742981,0.1757757514715194,0.8975905776023865,0.0,0.0,0.0,0.0,0.0,0.0,0.0,0.0,0.2523306012153625,0.4895054697990417
0.256443440914154,0.3072337508201599,0.2746894061565399,0.2887298762798309,0.2353737652301788,0.284128189086914,0.2975946962833404,0.3281328678131103,0.2026807963848114,0.3183670043945312,0.338573545217514,0.4952762424945831,0.1474897861480713,0.4811208248138428,0.4103123843669891,0.6844490766525269,0.017199071124196,0.6369232535362244,0.4642561078071594,0.5516847372055054,0.0441027209162712,0.4823351800441742,0.2964953780174255,0.8541287779808044,0.1701955944299698,0.8649296164512634,0.0,0.0,0.0,0.0,0.0,0.0,0.0,0.0,0.2433422803878784,0.4846642315387726
0.2398902475833892,0.2927835285663605,0.2581638991832733,0.2749946415424347,0.2194757163524627,0.2725217044353485,0.2820786833763122,0.3209451735019684,0.1883188188076019,0.3130571842193603,0.3148289620876312,0.4910476505756378,0.1344616562128067,0.479812890291214,0.3945803642272949,0.6728433966636658,0.0089285718277096,0.6301583051681519,0.4298634231090545,0.5118507146835327,0.0461177006363868,0.425371378660202,0.2822909653186798,0.8655356168746948,0.1565415114164352,0.8798170685768127,0.0,0.0,0.0,0.0,0.0,0.0,0.0,0.0,0.2243288457393646,0.482687383890152
0.2319973260164261,0.2903675436973572,0.2505214810371399,0.2671643793582916,0.2115878015756607,0.2686909139156341,0.2786809802055359,0.3082734644412994,0.1838060468435287,0.3076471388339996,0.3232755661010742,0.4904157817363739,0.132539764046669,0.4862881004810333,0.4089395403861999,0.674235999584198,0.0126617681235075,0.6553699374198914,0.4495089948177337,0.5169314742088318,0.040750503540039,0.4481441974639892,0.2906729280948639,0.8856075406074524,0.1582466214895248,0.9007616639137268,0.0,0.0,0.0,0.0,0.0,0.0,0.0,0.0,0.2255289554595947,0.4847579896450043
0.2505077421665191,0.2614528238773346,0.2707904875278473,0.2382424771785736,0.2281519025564193,0.2411258071660995,0.2981359362602234,0.2816911041736603,0.1999420076608657,0.2891011238098144,0.3483250737190246,0.475237101316452,0.1466006934642791,0.4687469005584717,0.4319991767406463,0.6822841763496399,0.0144101083278656,0.6324747800827026,0.4840210378170013,0.5423818230628967,0.0187293551862239,0.4419440925121307,0.3089960217475891,0.8827752470970154,0.1687908917665481,0.8849257230758667,0.0,0.0,0.0,0.0,0.0,0.0,0.0,0.0,0.2471289187669754,0.4683027267456054
0.2630392909049988,0.2501980662345886,0.2831822335720062,0.2246701419353485,0.24140465259552,0.2284316271543502,0.3159303665161133,0.2698754966259002,0.2132437080144882,0.2741533815860748,0.3628256022930145,0.4697460532188415,0.1620517522096634,0.4613678455352783,0.458793967962265,0.6531495451927185,0.0169152207672595,0.6322938799858093,0.493911474943161,0.4631721675395965,0.0435173325240612,0.4197807013988495,0.3179099559783935,0.9056373834609984,0.1695636063814163,0.9187861680984496,0.0,0.0,0.0,0.0,0.0,0.0,0.0,0.0,0.2604938447475433,0.4633369743824005
0.2646865546703338,0.2295390218496322,0.2886542677879333,0.2060191184282302,0.2429924756288528,0.205706387758255,0.3188343048095703,0.2543648779392242,0.2126390039920807,0.2483707666397094,0.3652492165565491,0.4616446495056152,0.1587848216295242,0.4428640007972717,0.4515182375907898,0.6590677499771118,0.0164276324212551,0.635227620601654,0.4864307940006256,0.4606695175170898,0.0508952997624874,0.4164368212223053,0.3133523464202881,0.9155586361885072,0.1564921885728836,0.9155229330062866,0.0,0.0,0.0,0.0,0.0,0.0,0.0,0.0,0.2625797986984253,0.4521823525428772
0.2258472442626953,0.2062300592660904,0.2499520480632782,0.1890370994806289,0.2022232711315155,0.184892252087593,0.2785416543483734,0.2398650348186493,0.1703962236642837,0.2329632937908172,0.3269880414009094,0.4537059664726257,0.101025678217411,0.4270515739917755,0.4165377020835876,0.6834846138954163,0.0,0.0,0.4776926338672638,0.5080233812332153,0.0,0.0,0.2745136022567749,0.918138027191162,0.1140604615211486,0.9039201140403748,0.0,0.0,0.0,0.0,0.0,0.0,0.0,0.0,0.2169232666492462,0.4363793432712555
0.1827012598514557,0.1818071156740188,0.2080431133508682,0.1540707796812057,0.1564904302358627,0.1540711224079132,0.2439541518688202,0.2069112062454223,0.1210642680525779,0.2039187401533126,0.2877436280250549,0.4408555328845978,0.0564016215503215,0.4070092737674713,0.3835441470146179,0.6659673452377319,0.0,0.0,0.4077203273773193,0.4366391003131866,0.0,0.0,0.2348213642835617,0.9617646932601928,0.0582181476056575,0.9538697004318236,0.0,0.0,0.0,0.0,0.0,0.0,0.0,0.0,0.1719989478588104,0.4186542630195617
0.344275563955307,0.2213732153177261,0.3660123944282532,0.1979622989892959,0.3182691931724548,0.1981980800628662,0.3978405892848968,0.2534601986408233,0.2863627076148987,0.2493585646152496,0.4521050751209259,0.4581423103809356,0.2453269213438034,0.4533166587352752,0.5508199334144592,0.6593395471572876,0.0940762013196945,0.6405145525932312,0.5750711560249329,0.440569669008255,0.1577156782150268,0.3995874524116516,0.4058612287044525,0.921859860420227,0.2425134629011154,0.9397817254066468,0.0,0.0,0.0,0.0,0.0,0.0,0.0,0.0,0.3475777506828308,0.4536355435848236
0.3757063448429107,0.2414609044790268,0.3967393934726715,0.220437079668045,0.3541017472743988,0.2211282402276992,0.4294293820858001,0.2626481652259826,0.3277765810489654,0.2627111375331878,0.4858214259147644,0.4645097255706787,0.2735972702503204,0.455112487077713,0.5799338221549988,0.6736117601394653,0.148067757487297,0.6608390212059021,0.6220706105232239,0.4763123095035553,0.195513978600502,0.4492329657077789,0.4479158818721771,0.900801956653595,0.2938399910926819,0.9180303812026978,0.0,0.0,0.0,0.0,0.0,0.0,0.0,0.0,0.3779114782810211,0.4571032524108886
0.4138858020305633,0.2623902857303619,0.4381406605243683,0.2423938810825348,0.3951249718666076,0.2406033128499984,0.4679238498210907,0.2903867363929748,0.3681396842002868,0.2827744781970978,0.5204271674156189,0.4746768772602081,0.3209896385669708,0.4775331914424896,0.6107771992683411,0.6933353543281555,0.2173895686864853,0.6697174906730652,0.6480536460876465,0.5099620223045349,0.247145190834999,0.5258795022964478,0.4664216637611389,0.9009482264518738,0.3270421922206878,0.9044337272644044,0.0,0.0,0.0,0.0,0.0,0.0,0.0,0.0,0.4194445013999939,0.4761696457862854
0.4358295798301697,0.291251003742218,0.460334450006485,0.2660161256790161,0.4195013642311096,0.2635630667209625,0.4926734864711761,0.3059596419334411,0.3969917297363281,0.2949726283550262,0.5257845520973206,0.4782915413379669,0.3573803007602691,0.4844704270362854,0.6014947295188904,0.700709879398346,0.287982314825058,0.6751247644424438,0.6170673370361328,0.4622199237346649,0.3094727098941803,0.4816794395446777,0.4883143007755279,0.8839870691299438,0.3643879294395447,0.9030359387397766,0.0,0.0,0.0,0.0,0.0,0.0,0.0,0.0,0.4437462389469147,0.4805942177772522
0.4670023322105407,0.2892809808254242,0.4864227473735809,0.2668441832065582,0.44720059633255,0.2630779445171356,0.5104672312736511,0.3063661754131317,0.4196653962135315,0.2987886071205139,0.5561181306838989,0.4770884811878204,0.3859696686267853,0.4803718626499176,0.6136603951454163,0.6935167908668518,0.3313803374767303,0.6861116290092468,0.6312037110328674,0.4968562126159668,0.3350510001182556,0.5053271651268005,0.5284469723701477,0.844876766204834,0.4092669188976288,0.8624510765075684,0.0,0.0,0.0,0.0,0.0,0.0,0.0,0.0,0.4693350493907928,0.4793096482753753
0.4867110252380371,0.3024854958057403,0.5051801204681396,0.2790699303150177,0.466298371553421,0.2771296203136444,0.5327863097190857,0.3119570612907409,0.4388198256492615,0.3088096976280212,0.5847447514533997,0.4772515296936035,0.4069092571735382,0.478961706161499,0.6365393996238708,0.6869469881057739,0.3505955040454864,0.6729487180709839,0.6603174805641174,0.5334492921829224,0.3462097942829132,0.526881754398346,0.5498177409172058,0.8154929280281067,0.4308652579784393,0.8192577958106995,0.0,0.0,0.0,0.0,0.0,0.0,0.0,0.0,0.4938713014125824,0.4767362177371979
0.5434293150901794,0.2863894402980804,0.5624698400497437,0.2635301649570465,0.5210058093070984,0.2654574811458587,0.5897144079208374,0.3072037696838379,0.4926023483276367,0.307677298784256,0.6421114206314087,0.4764005541801452,0.445381224155426,0.4805817008018493,0.6954606175422668,0.6935557126998901,0.4020927548408508,0.6738940477371216,0.7150688171386719,0.5275502800941467,0.3952610194683075,0.5091253519058228,0.609908938407898,0.8507713675498962,0.4758076965808868,0.8620942234992981,0.0,0.0,0.0,0.0,0.0,0.0,0.0,0.0,0.5440370440483093,0.4770196378231048
0.568203866481781,0.2665300965309143,0.5899897813796997,0.2401776611804962,0.5476852059364319,0.2443518489599228,0.6230558753013611,0.2725986242294311,0.5273075103759766,0.2787975668907165,0.6765057444572449,0.461190402507782,0.4941213130950928,0.4597196280956268,0.7417935132980347,0.6766812205314636,0.4343684315681457,0.6682482957839966,0.7386237978935242,0.4606246054172516,0.4395762085914612,0.4598006904125213,0.6423148512840271,0.865325391292572,0.507926881313324,0.8685365915298462,0.0,0.0,0.0,0.0,0.0,0.0,0.0,0.0,0.5877215266227722,0.4602704048156738
0.6053810715675354,0.2623614370822906,0.6252307295799255,0.2343887090682983,0.5827011466026306,0.2392232418060302,0.6579049229621887,0.2743987739086151,0.5566490292549133,0.2839526236057281,0.7106803059577942,0.4490309059619903,0.5255261063575745,0.4641101062297821,0.78676837682724,0.6721860766410828,0.4588017761707306,0.664313793182373,0.7617691159248352,0.4425152242183685,0.467671662569046,0.4579876065254211,0.6769319772720337,0.881803572177887,0.5448681116104126,0.888708233833313,0.0,0.0,0.0,0.0,0.0,0.0,0.0,0.0,0.6182928085327148,0.4571673274040222
0.6140890121459961,0.2647000551223755,0.635240375995636,0.2344825118780136,0.5928568243980408,0.2408715933561325,0.6719568967819214,0.2726212441921234,0.5669381022453308,0.2812971174716949,0.7369733452796936,0.4571819007396698,0.5232492685317993,0.4707055687904358,0.7960939407348633,0.6890266537666321,0.45951908826828,0.6738677620887756,0.7868881225585938,0.4940612912178039,0.4424623847007751,0.5211347937583923,0.6839466691017151,0.91487056016922,0.5456638932228088,0.9191642999649048,0.0,0.0,0.0,0.0,0.0,0.0,0.0,0.0,0.6292101144790649,0.4619183242321014
0.6085246801376343,0.2681642174720764,0.6311102509498596,0.2424869537353515,0.588431715965271,0.2434386312961578,0.6632024645805359,0.2849376499652862,0.559857964515686,0.2837925851345062,0.7171596884727478,0.4628354907035827,0.5146980881690979,0.4680886566638946,0.7848210334777832,0.6835400462150574,0.4376714527606964,0.6632682681083679,0.778961181640625,0.4609526693820953,0.4400204718112945,0.4529037177562713,0.6710754632949829,0.9195416569709778,0.5305359959602356,0.9331098794937134,0.0,0.0,0.0,0.0,0.0,0.0,0.0,0.0,0.6161244511604309,0.4640515744686126
0.5779855847358704,0.2656939327716827,0.6017628312110901,0.2364010661840438,0.5579744577407837,0.2399225085973739,0.6391203999519348,0.2675857841968536,0.5355116724967957,0.2728036046028137,0.6883262991905212,0.4514034390449524,0.496580421924591,0.4599755704402923,0.7774516344070435,0.6608183979988098,0.4145340323448181,0.6448169946670532,0.7518125176429749,0.4223446846008301,0.4450543224811554,0.4369350075721741,0.649541974067688,0.8843894600868225,0.5140305757522583,0.887437641620636,0.0,0.0,0.0,0.0,0.0,0.0,0.0,0.0,0.5947003364562988,0.4557215273380279
0.5634468197822571,0.2636858522891998,0.585781455039978,0.2350247949361801,0.5446814298629761,0.239300400018692,0.6230034232139587,0.2668308615684509,0.5245077013969421,0.2729701697826385,0.6777739524841309,0.4552356600761413,0.4906356334686279,0.4666433334350586,0.7652674317359924,0.6664756536483765,0.3974086344242096,0.6448366045951843,0.7452017068862915,0.4347442090511322,0.4063467681407928,0.4387633204460144,0.6358809471130371,0.9009833335876464,0.5012170076370239,0.9015899300575256,0.0,0.0,0.0,0.0,0.0,0.0,0.0,0.0,0.5851482152938843,0.4595193266868591
0.5406262874603271,0.2670182287693023,0.5641146302223206,0.240026444196701,0.5198591351509094,0.2434127032756805,0.6011987924575806,0.2728593051433563,0.4945328533649444,0.2799695134162903,0.6600634455680847,0.4576539993286133,0.4600818753242492,0.4747280478477478,0.7389787435531616,0.6826835870742798,0.3571743965148926,0.6480394005775452,0.7517396807670593,0.4831957519054413,0.3190610706806183,0.5060385465621948,0.6216908097267151,0.8866998553276062,0.4840724170207977,0.9018890261650084,0.0,0.0,0.0,0.0,0.0,0.0,0.0,0.0,0.5591188669204712,0.4653880596160888
0.519493579864502,0.2682290971279144,0.5428516268730164,0.2438034266233444,0.4996024072170257,0.2446355819702148,0.5781475305557251,0.2840448915958404,0.4800956845283508,0.2822071313858032,0.6405206918716431,0.4560189843177795,0.4546164870262146,0.4749516546726227,0.7216852903366089,0.6788561940193176,0.3408887088298797,0.6496277451515198,0.7184666991233826,0.4631617069244385,0.3182592391967773,0.4738174974918365,0.5993833541870117,0.8701342344284058,0.4707094132900238,0.8842015266418457,0.0,0.0,0.0,0.0,0.0,0.0,0.0,0.0,0.5458816885948181,0.4623965919017792
0.4996936917304992,0.2759573757648468,0.5253071784973145,0.2517459094524383,0.4816768765449524,0.2527426779270172,0.5661196708679199,0.2884228229522705,0.4598712623119354,0.2904557287693023,0.6229649186134338,0.4582255780696869,0.4343578219413757,0.4770644009113312,0.712135910987854,0.6629731059074402,0.3339715898036957,0.6468013525009155,0.6832556128501892,0.4227228462696075,0.3477960526943207,0.4194319546222687,0.5822429060935974,0.8674537539482117,0.4574380815029144,0.8679665923118591,0.0,0.0,0.0,0.0,0.0,0.0,0.0,0.0,0.526983916759491,0.4656001627445221
0.4846282005310058,0.281262457370758,0.5081757307052612,0.2542064785957336,0.4670002460479736,0.2585517466068268,0.5536510944366455,0.2856535315513611,0.4521600604057312,0.2943633496761322,0.6178425550460815,0.4580902457237243,0.4310505092144012,0.4844656586647033,0.6929360628128052,0.6794443726539612,0.3209428191184997,0.6689947247505188,0.6882556676864624,0.4623138606548309,0.2877778112888336,0.4997362792491913,0.5742060542106628,0.866861879825592,0.4520741999149322,0.8724116683006287,0.0,0.0,0.0,0.0,0.0,0.0,0.0,0.0,0.5210455060005188,0.4679198563098907
0.5460802316665649,0.282153844833374,0.5677162408828735,0.2629067301750183,0.5242372155189514,0.2613836526870727,0.5940995812416077,0.3056635856628418,0.4934377670288086,0.301144927740097,0.6429881453514099,0.4786804616451263,0.45656219124794,0.4943037629127502,0.6746193170547485,0.6938896179199219,0.4209017753601074,0.6902584433555603,0.7272691130638123,0.7310343980789185,0.3633820712566376,0.7388378381729126,0.604708731174469,0.879395604133606,0.4720530807971954,0.8696509003639221,0.0,0.0,0.0,0.0,0.0,0.0,0.0,0.0,0.5494659543037415,0.4844136238098144
0.5458319783210754,0.2790886759757995,0.5669696927070618,0.2599912285804748,0.5245859622955322,0.2586818933486938,0.5927396416664124,0.3058975040912628,0.4941180646419525,0.3003973364830017,0.638769268989563,0.4742713272571563,0.4661295711994171,0.4845487177371979,0.6770266890525818,0.7043914198875427,0.4123635590076446,0.7015789747238159,0.7120345234870911,0.5833864808082581,0.3755685687065124,0.597598135471344,0.6055313348770142,0.868485152721405,0.475667655467987,0.8684867024421692,0.0,0.0,0.0,0.0,0.0,0.0,0.0,0.0,0.5515655279159546,0.4776910245418548
0.5437845587730408,0.2817802131175995,0.5629194974899292,0.261762410402298,0.522282063961029,0.2628196477890014,0.5901385545730591,0.3044032752513885,0.495047390460968,0.3048535287380218,0.6395258903503418,0.4721667468547821,0.4673966765403747,0.4836362302303314,0.6774433851242065,0.7056357264518738,0.4107902348041534,0.7025127410888672,0.6842070817947388,0.5485896468162537,0.3906843662261963,0.5646682977676392,0.6038554310798645,0.8692643046379089,0.473967581987381,0.8700359463691711,0.0,0.0,0.0,0.0,0.0,0.0,0.0,0.0,0.5524360537528992,0.475504606962204
0.542428195476532,0.2825108468532562,0.562407910823822,0.2614340186119079,0.5212339758872986,0.2626036703586578,0.591611385345459,0.3012767732143402,0.495062917470932,0.3035498559474945,0.6420892477035522,0.4739833176136017,0.4712125360965729,0.4796478450298309,0.6752333641052246,0.7085481286048889,0.4140802323818207,0.7014638781547546,0.6845703125,0.5532035827636719,0.3955016136169433,0.5757052302360535,0.6032739877700806,0.8688006401062012,0.4738560020923614,0.8687459230422974,0.0,0.0,0.0,0.0,0.0,0.0,0.0,0.0,0.5557712912559509,0.4757812917232513
0.542957067489624,0.2834194004535675,0.5622111558914185,0.2610606849193573,0.5206507444381714,0.26307412981987,0.5917013883590698,0.29973965883255,0.4915289282798767,0.3042997717857361,0.6449402570724487,0.4768500626087188,0.4593806862831116,0.4933876991271972,0.6759756803512573,0.7105037569999695,0.4187954068183899,0.708292543888092,0.722192645072937,0.6306667327880859,0.3696768879890442,0.6463202834129333,0.6049218773841858,0.8699423670768738,0.4742778241634369,0.8679994940757751,0.0,0.0,0.0,0.0,0.0,0.0,0.0,0.0,0.5536895990371704,0.4836682677268982
0.5443504452705383,0.2821211218833923,0.5637400150299072,0.2602972686290741,0.5218660235404968,0.262220948934555,0.5925599932670593,0.3003779053688049,0.4922794699668884,0.3040326535701751,0.6452965140342712,0.4787734150886535,0.4593603014945984,0.4972873032093048,0.6787903904914856,0.6967595815658569,0.4207638204097748,0.705913245677948,0.7380744218826294,0.6773076057434082,0.3667880594730377,0.6705470681190491,0.6089844703674316,0.8658885955810547,0.4792539179325104,0.8656408190727234,0.0,0.0,0.0,0.0,0.0,0.0,0.0,0.0,0.5516519546508789,0.4879810512065887
0.5439339876174927,0.2814595997333526,0.5645689368247986,0.2604131400585174,0.5218476057052612,0.2626397907733917,0.5937433838844299,0.3006201684474945,0.4940700829029083,0.3043339550495147,0.645246148109436,0.4796083867549896,0.4600751399993896,0.4961845576763153,0.6756733059883118,0.689747154712677,0.4257102906703949,0.6882264018058777,0.7258712649345398,0.7352702021598816,0.3700402379035949,0.7275232672691345,0.6057687997817993,0.8792006373405457,0.4754478633403778,0.8701357245445251,0.0,0.0,0.0,0.0,0.0,0.0,0.0,0.0,0.5522289872169495,0.4861505627632141
0.543662428855896,0.2802061140537262,0.5651437640190125,0.2598251700401306,0.5216557383537292,0.2611234486103058,0.5950995087623596,0.3013700544834137,0.4941473305225372,0.3033063411712646,0.6457971334457397,0.4797312915325165,0.4593404233455658,0.4958684742450714,0.6764518022537231,0.6923389434814453,0.4239794313907623,0.6883243322372437,0.7281581163406372,0.7307723164558411,0.3699519336223602,0.7343429923057556,0.6078672409057617,0.8801130056381226,0.4750971496105194,0.8688675165176392,0.0,0.0,0.0,0.0,0.0,0.0,0.0,0.0,0.552284836769104,0.4858292639255523
0.5437513589859009,0.2794600427150726,0.565681517124176,0.2589200437068939,0.5222415328025818,0.260280966758728,0.5956817269325256,0.3005585372447967,0.4944499135017395,0.3019839227199554,0.6444324851036072,0.4727321267127991,0.456423670053482,0.4901865422725677,0.6791357398033142,0.7069427371025085,0.4207806587219238,0.7054592967033386,0.7281407117843628,0.6206774711608887,0.3772220909595489,0.6459411978721619,0.6058803796768188,0.8664974570274353,0.4751701056957245,0.8660919070243835,0.0,0.0,0.0,0.0,0.0,0.0,0.0,0.0,0.5515016913414001,0.4772232472896576
0.5453596711158752,0.2833983600139618,0.5664361715316772,0.2612935900688171,0.5237775444984436,0.2624572515487671,0.5943629145622253,0.301641047000885,0.4965328872203827,0.3048789799213409,0.6421957612037659,0.4737344086170196,0.47410649061203,0.4855592250823974,0.6799338459968567,0.7084969282150269,0.4183360934257507,0.7027016878128052,0.6839803457260132,0.5406161546707153,0.4065459370613098,0.5610471367835999,0.6046935319900513,0.8837949633598328,0.4746971726417541,0.8854637742042542,0.0,0.0,0.0,0.0,0.0,0.0,0.0,0.0,0.5580082535743713,0.4779939651489258
0.5444947481155396,0.2827157378196716,0.5658212900161743,0.2616879343986511,0.5226536989212036,0.2638066411018371,0.595553994178772,0.3013189136981964,0.4956260025501251,0.3050878345966339,0.6471606492996216,0.4804771244525909,0.4601339697837829,0.4967785179615021,0.680706799030304,0.7030338048934937,0.4275743067264557,0.7008042335510254,0.731446385383606,0.7187895178794861,0.3660647869110107,0.7095547914505005,0.6097535490989685,0.8689450025558472,0.4768942892551422,0.8696631789207458,0.0,0.0,0.0,0.0,0.0,0.0,0.0,0.0,0.5538992285728455,0.4871448874473572
0.5463939905166626,0.2838417887687683,0.5675618052482605,0.2621816098690033,0.5238091349601746,0.264297604560852,0.5963355898857117,0.3013660609722137,0.4959959387779236,0.3069257438182831,0.6448051333427429,0.4766725599765777,0.459855854511261,0.4957908987998962,0.6776419281959534,0.6879943013191223,0.4245256781578064,0.6899949312210083,0.7243537306785583,0.7394318580627441,0.364308625459671,0.7381827235221863,0.6084994077682495,0.8794549107551575,0.4766103327274322,0.8692919015884399,0.0,0.0,0.0,0.0,0.0,0.0,0.0,0.0,0.551954448223114,0.4845259189605713
0.5497189164161682,0.2871644794940948,0.5689418911933899,0.2638691663742065,0.5262882113456726,0.2653461992740631,0.5964885354042053,0.3004513680934906,0.4958376884460449,0.303039401769638,0.6446942090988159,0.4764434695243835,0.4581460356712341,0.4918675720691681,0.6765640377998352,0.7040515542030334,0.4193375706672668,0.7048618197441101,0.7242099046707153,0.6560239791870117,0.3707338273525238,0.6633716225624084,0.6071253418922424,0.8830437660217285,0.4761934578418731,0.8817937970161438,0.0,0.0,0.0,0.0,0.0,0.0,0.0,0.0,0.5515467524528503,0.4815873205661773
0.550857424736023,0.291296899318695,0.5691527128219604,0.2658900320529938,0.5273212194442749,0.2679489552974701,0.5955885648727417,0.300562709569931,0.4954349994659424,0.3073973655700683,0.6389085054397583,0.4752016961574554,0.4634882509708404,0.4883498251438141,0.6799721717834473,0.7066525220870972,0.4130044281482696,0.7059697508811951,0.6841925978660583,0.5416248440742493,0.4113416969776153,0.5581530332565308,0.6051612496376038,0.8830996751785278,0.475083589553833,0.8860443830490112,0.0,0.0,0.0,0.0,0.0,0.0,0.0,0.0,0.5504680275917053,0.4795005917549133
0.5648971199989319,0.2862865328788757,0.5822693109512329,0.2633803784847259,0.5378978252410889,0.2613579928874969,0.6012682318687439,0.3000073134899139,0.4937147200107574,0.2987885475158691,0.6427024006843567,0.4744911193847656,0.4628376960754394,0.4904696643352508,0.6747646331787109,0.7085438370704651,0.4202365577220917,0.7069106698036194,0.714702308177948,0.6137765049934387,0.3812071979045868,0.6123892664909363,0.6087397336959839,0.8828915953636169,0.4767341315746307,0.8828635215759277,0.0,0.0,0.0,0.0,0.0,0.0,0.0,0.0,0.5529329180717468,0.4819183051586151
0.6311996579170227,0.2795291543006897,0.6493952870368958,0.2544253170490265,0.6078187823295593,0.2559707164764404,0.6775005459785461,0.2727455198764801,0.5759386420249939,0.2816230654716491,0.71919184923172,0.4144918620586395,0.5306063890457153,0.4162729382514953,0.8070303201675415,0.5340178608894348,0.4610368311405182,0.5200698971748352,0.7724782228469849,0.3834126889705658,0.5107669234275818,0.3844050467014313,0.6936179995536804,0.8461160063743591,0.5522876977920532,0.8450325131416321,0.0,0.0,0.0,0.0,0.0,0.0,0.0,0.0,0.6249450445175171,0.4097769856452942
0.6310669779777527,0.2813420295715332,0.6476870775222778,0.2574944794178009,0.605627715587616,0.2585770785808563,0.6703712344169617,0.2806993722915649,0.5635370016098022,0.2880900502204895,0.7065232992172241,0.4322337806224823,0.5247470736503601,0.4227311611175537,0.8126243352890015,0.5159710049629211,0.4776223301887512,0.4861140251159668,0.7936038374900818,0.3493547737598419,0.5386093854904175,0.3159223198890686,0.6885928511619568,0.8456266522407532,0.5493568778038025,0.8339558839797974,0.0,0.0,0.0,0.0,0.0,0.0,0.0,0.0,0.613947331905365,0.4257969558238983
0.6274651288986206,0.2821236252784729,0.6456995606422424,0.2620333135128021,0.6097100973129272,0.2528144419193268,0.6611186861991882,0.2961531579494476,0.5727457404136658,0.276675134897232,0.7004157304763794,0.4297983348369598,0.5255957245826721,0.4247744977474212,0.811380922794342,0.4787502586841583,0.5039862394332886,0.4786429703235626,0.8288418650627136,0.3319394886493683,0.5529516339302063,0.3768547177314758,0.6875993013381958,0.8452011942863464,0.5444313287734985,0.8335479497909546,0.0,0.0,0.0,0.0,0.0,0.0,0.0,0.0,0.6094810366630554,0.4293930232524872
0.6325453519821167,0.3025251924991607,0.6478862166404724,0.2752194702625274,0.6128839254379272,0.2690050005912781,0.6649914383888245,0.2989339530467987,0.5695828199386597,0.2915210723876953,0.7010611295700073,0.4314707219600677,0.5155904293060303,0.4411490857601166,0.7985390424728394,0.5108810663223267,0.513437807559967,0.4777353405952453,0.8177776336669922,0.4528495669364929,0.5658538341522217,0.426988810300827,0.6846532225608826,0.8289470672607422,0.5397974848747253,0.8152137398719788,0.0,0.0,0.0,0.0,0.0,0.0,0.0,0.0,0.609283447265625,0.4349772930145263
0.6312689185142517,0.285077303647995,0.6468406319618225,0.2669328451156616,0.6140776872634888,0.2590351104736328,0.6612599492073059,0.3036542534828186,0.576644778251648,0.2937855124473572,0.7016199827194214,0.4316774010658264,0.5263272523880005,0.4337120652198791,0.8101394772529602,0.487271100282669,0.509674072265625,0.4761236310005188,0.8199037313461304,0.4099926352500915,0.5652597546577454,0.3783285617828369,0.6840370893478394,0.8290438055992126,0.5421540141105652,0.8162031173706055,0.0,0.0,0.0,0.0,0.0,0.0,0.0,0.0,0.6111235618591309,0.4324376285076141
0.6245380640029907,0.278455913066864,0.6424606442451477,0.2588127553462982,0.6056731939315796,0.2540083825588226,0.6626778841018677,0.2870679199695587,0.568805992603302,0.2795876860618591,0.6998459696769714,0.4279675185680389,0.5283249020576477,0.4320496022701263,0.8085759878158569,0.4952722489833832,0.4909114837646484,0.456881046295166,0.8002411127090454,0.3617043495178222,0.5433556437492371,0.3181445598602295,0.688875675201416,0.8325486183166504,0.5490246415138245,0.8294729590415955,0.0,0.0,0.0,0.0,0.0,0.0,0.0,0.0,0.6131615042686462,0.4276789724826813
0.6280355453491211,0.2748453021049499,0.6437830924987793,0.2529560029506683,0.6035094261169434,0.2535909712314605,0.666667103767395,0.2805423140525818,0.5625383257865906,0.2898735404014587,0.7063609957695007,0.4203913807868957,0.520774245262146,0.4238145053386688,0.8122625350952148,0.4997966289520263,0.463327020406723,0.4501488804817199,0.7558322548866272,0.3462812304496765,0.5229157209396362,0.3325175344944,0.6895602941513062,0.8291760683059692,0.5503638386726379,0.8264421224594116,0.0,0.0,0.0,0.0,0.0,0.0,0.0,0.0,0.6124277710914612,0.4181545674800873
0.6269295811653137,0.2750307917594909,0.644803524017334,0.2557808458805084,0.6031724810600281,0.2547019422054291,0.671380341053009,0.2902152240276336,0.5651347041130066,0.2936639785766601,0.7116914987564087,0.4263515174388885,0.5231547355651855,0.4267165958881378,0.8078961968421936,0.5008848309516907,0.459873229265213,0.4504739940166473,0.756585955619812,0.3462854325771332,0.5199456214904785,0.3421638906002044,0.688980221748352,0.829630970954895,0.5560654997825623,0.8276662826538086,0.0,0.0,0.0,0.0,0.0,0.0,0.0,0.0,0.6163387298583984,0.4229230582714081
0.6257194876670837,0.278532475233078,0.642036497592926,0.260373592376709,0.6054326891899109,0.2578206360340118,0.6607836484909058,0.2989336550235748,0.5674046277999878,0.2942437529563904,0.7011422514915466,0.4347797036170959,0.5188524127006531,0.4303072988986969,0.8047569394111633,0.4655872285366058,0.48691526055336,0.3801274299621582,0.7795249223709106,0.2681940793991089,0.5508876442909241,0.2783100605010986,0.6861590147018433,0.8346099257469177,0.5464078783988953,0.8306959271430969,0.0,0.0,0.0,0.0,0.0,0.0,0.0,0.0,0.609157919883728,0.4311201572418213
0.618073582649231,0.2965700328350067,0.6368009448051453,0.2742208540439605,0.6018787026405334,0.2734440267086029,0.6543778777122498,0.3072447180747986,0.5696341395378113,0.3019677102565765,0.6987190246582031,0.4349792003631592,0.5296714901924133,0.434885025024414,0.8117356896400452,0.4222201704978943,0.5041121244430542,0.3795494437217712,0.8445960879325867,0.341008722782135,0.5652485489845276,0.293237954378128,0.6860733032226562,0.8448126912117004,0.5428676009178162,0.8295950293540955,0.0,0.0,0.0,0.0,0.0,0.0,0.0,0.0,0.6139916181564331,0.4318993985652923
0.6339729428291321,0.2785262763500213,0.6464242339134216,0.2654379308223724,0.6169747710227966,0.2577914297580719,0.6543002724647522,0.3005528450012207,0.5753458142280579,0.2822936475276947,0.6921693682670593,0.4259010255336761,0.5285528898239136,0.4193741679191589,0.8041035532951355,0.449553906917572,0.5078438520431519,0.3967693150043487,0.8497433662414551,0.3661082684993744,0.567566990852356,0.3111443519592285,0.6860786080360413,0.8429902195930481,0.5424280166625977,0.8151248097419739,0.0,0.0,0.0,0.0,0.0,0.0,0.0,0.0,0.6090885996818542,0.4229362308979034
0.6206369400024414,0.2766924202442169,0.6371567845344543,0.2520680129528045,0.5968303680419922,0.2520717680454254,0.6593271493911743,0.2877718806266784,0.5606575608253479,0.290235310792923,0.6967190504074097,0.4283890128135681,0.5253753662109375,0.4286282658576965,0.8110993504524231,0.4316847622394562,0.4942368566989898,0.3614310324192047,0.828578770160675,0.2932396531105041,0.5504502058029175,0.2760060131549835,0.6854468584060669,0.8501117825508118,0.5411489605903625,0.8331883549690247,0.0,0.0,0.0,0.0,0.0,0.0,0.0,0.0,0.6115330457687378,0.4249488711357116
0.6257491111755371,0.2777963578701019,0.6429457068443298,0.26010861992836,0.6048884391784668,0.2571624219417572,0.661684513092041,0.3057628273963928,0.567240297794342,0.2937380373477936,0.7009391188621521,0.4319196045398712,0.5153937935829163,0.4150686860084533,0.8085123300552368,0.4378460347652435,0.496587336063385,0.3101158142089844,0.7949019074440002,0.2561444938182831,0.5638952851295471,0.1633785665035247,0.6874133944511414,0.8508267402648926,0.5390301942825317,0.8329858779907227,0.0,0.0,0.0,0.0,0.0,0.0,0.0,0.0,0.6093724966049194,0.42282834649086
0.627295196056366,0.2771773636341095,0.6464348435401917,0.2584208846092224,0.6040412187576294,0.2537432014942169,0.6700876355171204,0.2965277135372162,0.5638031959533691,0.2901999354362488,0.7066593170166016,0.4229955971240997,0.5206095576286316,0.4196894764900207,0.8090359568595886,0.4596630930900574,0.4667905867099762,0.4052925109863281,0.7466029524803162,0.3144459724426269,0.5293625593185425,0.3048294186592102,0.6897072196006775,0.8151983618736267,0.5493747591972351,0.8114727735519409,0.0,0.0,0.0,0.0,0.0,0.0,0.0,0.0,0.6128492951393127,0.4177581369876861
0.626492977142334,0.276558369398117,0.6415055394172668,0.2575627863407135,0.6029415130615234,0.2556329071521759,0.6663004159927368,0.2918658852577209,0.5628876090049744,0.2929653823375702,0.7035595178604126,0.4129130244255066,0.5236626863479614,0.4189303517341614,0.8074156641960144,0.4768923819065094,0.4670446515083313,0.4206988215446472,0.7588431239128113,0.3505778014659881,0.5229575037956238,0.3284538090229034,0.6879207491874695,0.8117313981056213,0.5494431853294373,0.8083214163780212,0.7026206851005554,0.9910714030265808,0.0,0.0,0.0,0.0,0.0,0.0,0.6125254034996033,0.4122361242771148
0.6231833696365356,0.2805456817150116,0.6424311399459839,0.2586821615695953,0.6023648977279663,0.2571123242378235,0.6676347851753235,0.2914983928203583,0.5649634599685669,0.2898243963718414,0.7044382691383362,0.428318977355957,0.5205109715461731,0.4215545058250427,0.8032935261726379,0.478928804397583,0.4676541686058044,0.419450968503952,0.754692554473877,0.3084738254547119,0.5291860699653625,0.3074604868888855,0.6866945028305054,0.8258690237998962,0.5495458245277405,0.814198911190033,0.0,0.0,0.0,0.0,0.0,0.0,0.0,0.0,0.612002968788147,0.4217152893543243
0.6229552626609802,0.2775675356388092,0.6388353705406189,0.2575925886631012,0.6013005971908569,0.2570277452468872,0.6601752042770386,0.2934550642967224,0.5643672347068787,0.2937450706958771,0.7028870582580566,0.4295330941677093,0.5181176066398621,0.4243315160274505,0.8014897704124451,0.4688901901245117,0.4783697724342346,0.3835217952728271,0.7765566110610962,0.2682139873504638,0.5455746650695801,0.2857496440410614,0.6872370839118958,0.8320575952529907,0.5478159189224243,0.8280396461486816,0.0,0.0,0.0,0.0,0.0,0.0,0.0,0.0,0.6099532842636108,0.4261990487575531
0.6207264065742493,0.280943363904953,0.6374365091323853,0.2594853043556213,0.5995482206344604,0.2590858340263366,0.6594058275222778,0.2939743399620056,0.5651931166648865,0.2951640188694,0.7014670968055725,0.434976726770401,0.515002429485321,0.4306662678718567,0.8084778189659119,0.448961079120636,0.4937696456909179,0.3611479103565216,0.8130869269371033,0.2935569584369659,0.5695193409919739,0.1885284185409546,0.6892682909965515,0.8649405241012573,0.5423413515090942,0.8472858667373657,0.0,0.0,0.0,0.0,0.0,0.0,0.0,0.0,0.6089707612991333,0.4309451282024383
0.6220163106918335,0.2768067121505737,0.6401957869529724,0.2525287270545959,0.6010376811027527,0.2531450092792511,0.6634899973869324,0.2837150990962982,0.5658854842185974,0.2865823209285736,0.7032150030136108,0.4268434345722198,0.5268833041191101,0.4330268800258636,0.8140971064567566,0.4556808769702911,0.4891336858272552,0.3946984708309173,0.827495276927948,0.3316426277160644,0.545512855052948,0.2942016720771789,0.6896848678588867,0.8508795499801636,0.5442418456077576,0.8333104252815247,0.0,0.0,0.0,0.0,0.0,0.0,0.0,0.0,0.615844190120697,0.4266701340675354
0.6194218993186951,0.2691836953163147,0.6383381485939026,0.2469250708818435,0.5973028540611267,0.2473593652248382,0.664555549621582,0.2792626023292541,0.5608511567115784,0.2791100144386291,0.708381712436676,0.4268558919429779,0.5198686122894287,0.4314658343791961,0.8127056956291199,0.4774276912212372,0.4652734398841858,0.4353557229042053,0.7838616967201233,0.3134739696979522,0.5284613370895386,0.2949852347373962,0.6932098269462585,0.8467658758163452,0.5490867495536804,0.8320847153663635,0.0,0.0,0.0,0.0,0.0,0.0,0.0,0.0,0.6134014129638672,0.4260778129100799
0.617657482624054,0.2724063992500305,0.6367325782775879,0.2479485124349594,0.59513920545578,0.2490233182907104,0.662995457649231,0.2758974134922027,0.5576310753822327,0.2784293591976166,0.7048110961914062,0.4170376360416412,0.5137692093849182,0.4257301390171051,0.8011226058006287,0.4993115961551666,0.4487527012825012,0.4617712497711181,0.7582436203956604,0.3309640288352966,0.5176007151603699,0.3318369686603546,0.6939466595649719,0.8530552983283997,0.5500766634941101,0.8491150736808777,0.0,0.0,0.0,0.0,0.0,0.0,0.0,0.0,0.6097607016563416,0.4176642000675201
0.6170156598091125,0.2718289494514465,0.6370803117752075,0.2450607866048813,0.5941924452781677,0.2483092695474624,0.6716628670692444,0.2645775079727173,0.5610237717628479,0.277589738368988,0.7145279049873352,0.3993138670921325,0.5197635889053345,0.4168200492858886,0.7995544672012329,0.505419135093689,0.4489279091358185,0.4786057770252228,0.743203341960907,0.3311355710029602,0.5217204689979553,0.3352448940277099,0.7052037119865417,0.847869336605072,0.5528929829597473,0.8487457633018494,0.0,0.0,0.0,0.0,0.0,0.0,0.0,0.0,0.6155733466148376,0.4011620581150055
0.6175786852836609,0.2721555233001709,0.6376775503158569,0.2444790750741958,0.5946822166442871,0.2493381202220916,0.6726517081260681,0.2611128389835357,0.562923789024353,0.2760130167007446,0.7233301401138306,0.3887994885444641,0.5231814980506897,0.4075621664524078,0.8033132553100586,0.5023738145828247,0.4436727464199066,0.4896525740623474,0.7452356219291687,0.3127995431423187,0.520270049571991,0.3323272168636322,0.7094168663024902,0.8344947695732117,0.5619667172431946,0.8353481292724609,0.0,0.0,0.0,0.0,0.0,0.0,0.0,0.0,0.6207708120346069,0.3943385779857635
0.6122828125953674,0.2736179828643799,0.6319167017936707,0.2458086311817169,0.5907211899757385,0.2524159848690033,0.6653002500534058,0.2686728835105896,0.5638960003852844,0.2842077612876892,0.7194350361824036,0.4130750596523285,0.5202355980873108,0.4242734313011169,0.8051704168319702,0.4826403558254242,0.4331406652927398,0.4843054413795471,0.7549934983253479,0.2926197052001953,0.476829320192337,0.3601796925067901,0.6917077898979187,0.8498703241348267,0.5478135347366333,0.8435196876525879,0.0,0.0,0.0,0.0,0.0,0.0,0.0,0.0,0.6199904084205627,0.4147505462169647
0.5933256149291992,0.2728578746318817,0.6133512854576111,0.2472124844789505,0.5750166773796082,0.2514492273330688,0.645952045917511,0.2750208079814911,0.5526071786880493,0.2836752831935882,0.6915464997291565,0.414141446352005,0.5092447400093079,0.4314775764942169,0.7847332954406738,0.4536688029766083,0.4072478413581848,0.4567574560642242,0.7574029564857483,0.2804720103740692,0.4483123421669006,0.3199176788330078,0.6628511548042297,0.8458970785140991,0.5234264135360718,0.831660270690918,0.0,0.0,0.0,0.0,0.0,0.0,0.0,0.0,0.5995825529098511,0.4209386706352234
0.5674479603767395,0.2660810649394989,0.588496744632721,0.2431719601154327,0.5469475984573364,0.2466059476137161,0.616860032081604,0.2778187394142151,0.5230618715286255,0.2829639315605163,0.6561796069145203,0.4063946902751922,0.4846023917198181,0.4115966856479645,0.750069797039032,0.4520700573921203,0.3969981372356415,0.447110503911972,0.7386564612388611,0.3430368900299072,0.4053777754306793,0.3295464515686035,0.6276692152023315,0.8420652151107788,0.4903733432292938,0.8299155235290527,0.0,0.0,0.0,0.0,0.0,0.0,0.0,0.0,0.5704543590545654,0.4088695049285888
0.5399592518806458,0.2658762633800506,0.5616394877433777,0.2432319670915603,0.5217283368110657,0.2438726723194122,0.5880786776542664,0.2763317227363586,0.4962398707866668,0.2775300145149231,0.6237339973449707,0.4075693190097809,0.4534284472465515,0.4055449366569519,0.7182968258857727,0.4834522604942322,0.3613446056842804,0.4687550663948059,0.7057152986526489,0.3608536422252655,0.3875146508216858,0.3217589557170868,0.5996621251106262,0.8268218636512756,0.4636632800102234,0.8260838389396667,0.0,0.0,0.0,0.0,0.0,0.0,0.0,0.0,0.5376307368278503,0.4067098200321197
0.5187545418739319,0.2619148194789886,0.5389495491981506,0.2387451231479644,0.4976471066474914,0.2393498420715332,0.56751948595047,0.2736373543739319,0.4668965637683868,0.2689246535301208,0.6061294674873352,0.4022596776485443,0.4251174330711365,0.400518923997879,0.7014459371566772,0.4758784174919128,0.3405668139457702,0.4633958041667938,0.6612448692321777,0.3085475862026214,0.3889177441596985,0.2943862378597259,0.5937343835830688,0.8153122067451477,0.4536478221416473,0.8177935481071472,0.0,0.0,0.0,0.0,0.0,0.0,0.0,0.0,0.5148400664329529,0.400696188211441
0.5169817805290222,0.2584839165210724,0.5382185578346252,0.2355665862560272,0.4959515631198883,0.2363335341215133,0.5675660371780396,0.2655681073665619,0.4655219912528991,0.2691694796085357,0.6080350279808044,0.3962173163890838,0.4252472519874573,0.3997266590595245,0.7011595964431763,0.4804876744747162,0.3322842419147491,0.45094034075737,0.6521035432815552,0.3150128722190857,0.3999404311180115,0.2986080646514892,0.5929706692695618,0.8282161355018616,0.4521387219429016,0.8272572159767151,0.0,0.0,0.0,0.0,0.0,0.0,0.0,0.0,0.5170578360557556,0.3955450654029846
0.5264996886253357,0.2580402195453644,0.5475813150405884,0.2328962087631225,0.5068780183792114,0.2382517904043197,0.5829281806945801,0.2617438733577728,0.4826194941997528,0.2750080525875091,0.6314616799354553,0.3875544667243957,0.4448505342006683,0.4031733870506286,0.7076009511947632,0.4767952561378479,0.3483714163303375,0.4501894116401672,0.6648135185241699,0.3456775546073913,0.4039584100246429,0.345792680978775,0.602242112159729,0.8294139504432678,0.4661935865879059,0.8289638161659241,0.0,0.0,0.0,0.0,0.0,0.0,0.0,0.0,0.5377230644226074,0.3920209407806396
0.5455159544944763,0.2563273906707763,0.5650696158409119,0.2324462980031967,0.526081383228302,0.2373134940862655,0.5940703749656677,0.2642593383789062,0.4987960159778595,0.2732727229595184,0.6407798528671265,0.3895071446895599,0.4623251855373382,0.4037576019763946,0.7178291082382202,0.4664173722267151,0.3662350475788116,0.4426229894161224,0.6708357930183411,0.3187169432640075,0.4295736253261566,0.3146215379238128,0.6177816987037659,0.826298713684082,0.4801441133022308,0.825425922870636,0.0,0.0,0.0,0.0,0.0,0.0,0.0,0.0,0.5516117215156555,0.3930959105491638
0.5616041421890259,0.261109858751297,0.5844312906265259,0.2358986288309097,0.5426045060157776,0.2386896759271621,0.619049608707428,0.2720595598220825,0.5175889134407043,0.2752349376678467,0.6593162417411804,0.4056560099124908,0.4777820706367492,0.4119996130466461,0.745205819606781,0.4495209753513336,0.3888851106166839,0.4364541172981262,0.6792530417442322,0.2529755532741546,0.4406919479370117,0.2927682101726532,0.6273669004440308,0.832643449306488,0.4922015964984894,0.8282707929611206,0.0,0.0,0.0,0.0,0.0,0.0,0.0,0.0,0.5686975717544556,0.4058738350868225
0.5773715972900391,0.2668140828609466,0.5999754667282104,0.2421267926692962,0.5580081343650818,0.2440472394227981,0.6321629285812378,0.2767547965049743,0.5317385196685791,0.2773036658763885,0.6674706339836121,0.4067609906196594,0.4946595728397369,0.4160258173942566,0.7480353116989136,0.393367201089859,0.4043366312980652,0.4003832936286926,0.7241036295890808,0.241759181022644,0.4578990638256073,0.2349565923213958,0.6333295106887817,0.8339334726333618,0.4994134604930877,0.8267576098442078,0.0,0.0,0.0,0.0,0.0,0.0,0.0,0.0,0.5798953175544739,0.4097158014774322
0.5792256593704224,0.2679490745067596,0.6014834642410278,0.2432037889957428,0.5589537024497986,0.2458715289831161,0.6303791999816895,0.2806702554225921,0.5326113104820251,0.2812592089176178,0.6627666354179382,0.4099807739257812,0.4983241260051727,0.4110121726989746,0.7334845662117004,0.3828244209289551,0.4142099320888519,0.3803128898143768,0.7394316792488098,0.27175173163414,0.4552716314792633,0.2552979588508606,0.632080078125,0.84763103723526,0.4977261424064636,0.8326014876365662,0.0,0.0,0.0,0.0,0.0,0.0,0.0,0.0,0.5786181688308716,0.4095763862133026
0.5758222937583923,0.2609655261039734,0.598515510559082,0.2385328263044357,0.5555524826049805,0.2423085719347,0.6239039301872253,0.2774994075298309,0.5294555425643921,0.2810225784778595,0.6562537550926208,0.407127171754837,0.4976308047771454,0.4034093916416168,0.7208986282348633,0.3430310189723968,0.4423643052577972,0.3680886328220367,0.7447798848152161,0.2080864906311035,0.4428224563598633,0.2795830070972442,0.6216834187507629,0.8440403938293457,0.4922983348369598,0.8307668566703796,0.0,0.0,0.0,0.0,0.0,0.0,0.0,0.0,0.574576199054718,0.4020655155181885
0.5685544610023499,0.2599448561668396,0.5918825268745422,0.2352681308984756,0.5493001341819763,0.2376196533441543,0.620093047618866,0.2749551832675934,0.5249632000923157,0.2750630676746368,0.6528003811836243,0.4028313159942627,0.4875700175762176,0.403031438589096,0.72708660364151,0.4168229699134826,0.4087385833263397,0.3788280189037323,0.7180861830711365,0.256859689950943,0.449016809463501,0.2462471723556518,0.6183494925498962,0.8444980978965759,0.4868862926959991,0.8303471207618713,0.0,0.0,0.0,0.0,0.0,0.0,0.0,0.0,0.568392813205719,0.401969164609909
0.5652027130126953,0.2521038651466369,0.5866207480430603,0.2272004932165146,0.5447055101394653,0.2281776219606399,0.6157035827636719,0.2649573683738708,0.5149407982826233,0.2647373974323272,0.6533433198928833,0.3983390927314758,0.4738688170909881,0.4046953320503235,0.7355756759643555,0.4770708680152893,0.391470193862915,0.441457599401474,0.7006011605262756,0.2872433364391327,0.4456935524940491,0.2748009264469147,0.6219996809959412,0.8294070363044739,0.4856526851654053,0.817423403263092,0.0,0.0,0.0,0.0,0.0,0.0,0.0,0.0,0.5635706782341003,0.4004802107810974
0.5600752234458923,0.2505070865154266,0.5798640847206116,0.2270056903362274,0.5396093130111694,0.2299918234348297,0.609603226184845,0.2648122012615204,0.5109958648681641,0.2682257890701294,0.6536732912063599,0.3961900174617767,0.4718401134014129,0.4008209705352783,0.736493706703186,0.499888926744461,0.3755857050418854,0.4649653732776642,0.6843128800392151,0.3243637979030609,0.4198432564735412,0.3441839516162872,0.6200999021530151,0.832469642162323,0.4817928969860077,0.8273699879646301,0.0,0.0,0.0,0.0,0.0,0.0,0.0,0.0,0.5628482103347778,0.3950008749961853
0.5556158423423767,0.2528541684150696,0.5744730830192566,0.2277305573225021,0.534697413444519,0.233052372932434,0.6037405729293823,0.2555558383464813,0.5074678063392639,0.2676158547401428,0.6520068049430847,0.3783203065395355,0.4716059565544128,0.396566092967987,0.7328952550888062,0.4934248924255371,0.3787711560726166,0.460153192281723,0.6835660934448242,0.3479546010494232,0.4333037436008453,0.3338489830493927,0.6205596923828125,0.8162211179733276,0.4798524081707001,0.8137031197547913,0.0,0.0,0.0,0.0,0.0,0.0,0.0,0.0,0.5619974136352539,0.3825294077396393
0.5563507676124573,0.2540037333965301,0.5772330164909363,0.2302682101726532,0.536084771156311,0.232369065284729,0.6058841943740845,0.2705546021461487,0.5080750584602356,0.2713603079319,0.6484214663505554,0.3934507369995117,0.4706892669200897,0.4026057124137878,0.729217529296875,0.4823581874370575,0.3784117400646209,0.4494550824165344,0.6681459546089172,0.2963135838508606,0.4307759702205658,0.3028340339660644,0.6161847114562988,0.8313527703285217,0.4799370467662811,0.8282924294471741,0.0,0.0,0.0,0.0,0.0,0.0,0.0,0.0,0.5585689544677734,0.3951975703239441
0.5539998412132263,0.256248265504837,0.5740564465522766,0.2332301586866378,0.5348600745201111,0.2334593683481216,0.6008304953575134,0.2748107314109802,0.507748007774353,0.270845353603363,0.6397997736930847,0.4009948670864105,0.471086323261261,0.404337078332901,0.7204561233520508,0.4439344108104706,0.3829664885997772,0.4153521358966827,0.6740134954452515,0.2059078067541122,0.4423395991325378,0.2514671981334686,0.6131873726844788,0.83001708984375,0.4790734946727752,0.8274563550949097,0.0,0.0,0.0,0.0,0.0,0.0,0.0,0.0,0.5543419122695923,0.4014721810817718
0.5544701814651489,0.258788526058197,0.5751791596412659,0.2368817180395126,0.5358020663261414,0.2356445789337158,0.6014845967292786,0.2807590067386627,0.510499119758606,0.2731183469295501,0.6346638798713684,0.402466356754303,0.4745047092437744,0.4054555296897888,0.7063353657722473,0.3767421841621399,0.3967094421386719,0.3641479313373565,0.6923429369926453,0.2173520624637603,0.4498206675052643,0.2081898301839828,0.6105815768241882,0.8456087112426758,0.4788723289966583,0.8315135836601257,0.0,0.0,0.0,0.0,0.0,0.0,0.0,0.0,0.5527166128158569,0.402918666601181
0.5565880537033081,0.2586096227169037,0.577876091003418,0.2371397018432617,0.5353320837020874,0.2371692210435867,0.603334903717041,0.2827925980091095,0.5050261616706848,0.2749105989933014,0.641658365726471,0.4075969755649566,0.470512330532074,0.3971929252147674,0.6872069239616394,0.3170825541019439,0.4207943975925445,0.3473708927631378,0.6976733207702637,0.2535028159618377,0.4478279650211334,0.2571099400520324,0.6068338751792908,0.8312777876853943,0.4788042604923248,0.8265790343284607,0.0,0.0,0.0,0.0,0.0,0.0,0.0,0.0,0.5537359118461609,0.4001930058002472
0.5574902892112732,0.2579730451107025,0.5792807340621948,0.2378752678632736,0.5361709594726562,0.2364617437124252,0.6034454703330994,0.2863501012325287,0.5068017244338989,0.2748149335384369,0.6404749155044556,0.4191012978553772,0.4725697040557861,0.3997966647148132,0.6850619316101074,0.3552466928958893,0.4228885173797607,0.3467279076576233,0.6894490122795105,0.2753250002861023,0.4528107345104217,0.249042347073555,0.6065360307693481,0.8338630795478821,0.4793439209461212,0.8286047577857971,0.0,0.0,0.0,0.0,0.0,0.0,0.0,0.0,0.55483078956604,0.4050636291503906
0.5557447075843811,0.2582100629806518,0.576923668384552,0.2370453178882599,0.5368085503578186,0.2352619916200637,0.602931559085846,0.2771493792533874,0.5096864104270935,0.2686587870121002,0.6379607915878296,0.3992386758327484,0.4710098803043365,0.4003121554851532,0.7132178544998169,0.3794835209846496,0.397686243057251,0.3625296950340271,0.6819525361061096,0.1983774453401565,0.4518821239471435,0.1676385700702667,0.6121818423271179,0.8341388702392578,0.479591816663742,0.8291835188865662,0.0,0.0,0.0,0.0,0.0,0.0,0.0,0.0,0.5525850653648376,0.3992490470409393
0.5588613748550415,0.2575350105762481,0.5796974897384644,0.2337987422943115,0.5373008847236633,0.2334638386964798,0.6058675050735474,0.2720772624015808,0.5087315440177917,0.2680088877677917,0.6437410712242126,0.4004468023777008,0.4717060029506683,0.399655282497406,0.7258344888687134,0.4334619641304016,0.3781191408634186,0.3912282288074493,0.6689983606338501,0.2005840837955474,0.449060708284378,0.195403978228569,0.6139604449272156,0.83150714635849,0.4806444346904754,0.8280339241027832,0.0,0.0,0.0,0.0,0.0,0.0,0.0,0.0,0.5567633509635925,0.3986645042896271
0.5594887137413025,0.2542236745357513,0.5795121788978577,0.2311960756778717,0.5385543704032898,0.2341525256633758,0.6064623594284058,0.2692327499389648,0.5093185305595398,0.2724016904830932,0.6479765176773071,0.3971017897129059,0.4714139401912689,0.3989501893520355,0.7345843315124512,0.4653116166591644,0.3792028725147247,0.4350461661815643,0.6782461404800415,0.3088245093822479,0.4333633780479431,0.3130700886249542,0.6183337569236755,0.8294612765312195,0.4818534255027771,0.8264368176460266,0.0,0.0,0.0,0.0,0.0,0.0,0.0,0.0,0.5584813356399536,0.393826276063919
0.5564996004104614,0.2574748694896698,0.5756748914718628,0.2338941097259521,0.5360378623008728,0.2376655340194702,0.6040729284286499,0.2640926241874695,0.5062577128410339,0.2736870944499969,0.6464852690696716,0.3853242993354797,0.4719661772251129,0.3973646461963653,0.7258629202842712,0.4603602588176727,0.3834827542304992,0.4426982402801513,0.6846205592155457,0.3427346646785736,0.4451935887336731,0.3110041618347168,0.6198959946632385,0.8155107498168945,0.4825044274330139,0.814369261264801,0.0,0.0,0.0,0.0,0.0,0.0,0.0,0.0,0.5584673285484314,0.3859876692295074
0.5580335855484009,0.2617363929748535,0.5788436532020569,0.2392556369304657,0.5389279723167419,0.2391692250967025,0.6052016019821167,0.2786390483379364,0.5105488300323486,0.2770301699638366,0.6426668167114258,0.4017770886421203,0.4718096256256103,0.4100541472434997,0.721964955329895,0.4650795459747314,0.38226979970932,0.4455508887767792,0.67151939868927,0.2584291994571686,0.4354779422283172,0.2986997067928314,0.6195514798164368,0.8275530934333801,0.4864846765995025,0.826718270778656,0.0,0.0,0.0,0.0,0.0,0.0,0.0,0.0,0.5573998689651489,0.4052610397338867
0.5594425797462463,0.2618660926818847,0.579742968082428,0.2391471564769745,0.5390306115150452,0.2412730455398559,0.6063002943992615,0.2755440473556518,0.5128198862075806,0.2783982753753662,0.640515923500061,0.4027615487575531,0.4744363725185394,0.4146313667297363,0.7183684706687927,0.4631798863410949,0.3973261713981628,0.4387865960597992,0.7102280855178833,0.2776342034339905,0.4398714005947113,0.2910444140434265,0.6161723136901855,0.8309575915336609,0.4851556420326233,0.8288288712501526,0.0,0.0,0.0,0.0,0.0,0.0,0.0,0.0,0.5567317605018616,0.4087567031383514
0.5587590932846069,0.262715220451355,0.5778881907463074,0.24248568713665,0.5372576117515564,0.2441562414169311,0.6006856560707092,0.2745088040828705,0.507855236530304,0.2798649072647095,0.6343460083007812,0.3966858088970184,0.4746021926403045,0.4018372595310211,0.7092095017433167,0.4413530230522156,0.431338220834732,0.4343388080596924,0.7211896777153015,0.3966216146945953,0.4680488109588623,0.3493175208568573,0.6133908033370972,0.8126777410507202,0.4818213880062103,0.812350332736969,0.0,0.0,0.0,0.0,0.0,0.0,0.0,0.0,0.5535946488380432,0.3979319036006927
0.5595478415489197,0.262378841638565,0.5793203711509705,0.2419330775737762,0.5385433435440063,0.2431178838014602,0.6024790406227112,0.2726644575595855,0.5110620260238647,0.2786741852760315,0.63424152135849,0.3937887549400329,0.4705677032470703,0.4138617813587188,0.7051900029182434,0.4599087536334991,0.4022896587848663,0.5615641474723816,0.7064195275306702,0.4767186939716339,0.4182852208614349,0.5224622488021851,0.6125127673149109,0.7976879477500916,0.4796549379825592,0.8089473843574524,0.0,0.0,0.0,0.0,0.0,0.0,0.0,0.0,0.5538282990455627,0.4026417136192322
0.5587869882583618,0.2625042498111725,0.57905113697052,0.2413925230503082,0.5377591252326965,0.2429417818784713,0.6028213500976562,0.2730726599693298,0.5105847716331482,0.2781602442264557,0.633754551410675,0.3970027863979339,0.4703226685523987,0.4055009484291076,0.7040191888809204,0.4878643453121185,0.4091336727142334,0.4900090098381042,0.0,0.0,0.4238718152046203,0.4374091923236847,0.6145576238632202,0.79911869764328,0.4824696481227875,0.8098467588424683,0.0,0.0,0.0,0.0,0.0,0.0,0.0,0.0,0.5532921552658081,0.4017420709133148
0.5610862970352173,0.2618690431118011,0.5813916325569153,0.2397686094045639,0.5408344864845276,0.2399157434701919,0.6057273745536804,0.2764986753463745,0.5122845768928528,0.276049792766571,0.6400625109672546,0.4046712219715118,0.4744509756565094,0.4142672419548034,0.714189887046814,0.4712701439857483,0.4005653262138366,0.4344604909420013,0.7017616033554077,0.3315047323703766,0.4473473727703094,0.2864899337291717,0.6158586740493774,0.8308873176574707,0.4850924611091614,0.827231764793396,0.0,0.0,0.0,0.0,0.0,0.0,0.0,0.0,0.5570560097694397,0.4077932834625244
0.5598002672195435,0.2608523964881897,0.581011950969696,0.2389025539159774,0.5396673679351807,0.2376093864440918,0.6052502989768982,0.2763677537441253,0.5111451745033264,0.2723670899868011,0.6427465081214905,0.3981286883354187,0.4725691676139831,0.4055514335632324,0.7178807854652405,0.4664450585842132,0.3880114257335663,0.4200654327869415,0.6858593225479126,0.263988733291626,0.4390073418617248,0.2777555584907532,0.6188990473747253,0.8315595984458923,0.4849105775356293,0.8276052474975586,0.0,0.0,0.0,0.0,0.0,0.0,0.0,0.0,0.557616114616394,0.4006542265415191
0.5589815974235535,0.2594358325004577,0.5797906517982483,0.2365784347057342,0.5384150147438049,0.2386161088943481,0.6051888465881348,0.2718508541584015,0.5081401467323303,0.2779139578342438,0.6443686485290527,0.3929176032543182,0.4730374813079834,0.4051675498485565,0.7125669717788696,0.4722270667552948,0.3931742310523987,0.4434805810451507,0.6684560179710388,0.3142311573028564,0.4346397817134857,0.3312695622444153,0.6190869212150574,0.8172286748886108,0.4861122965812683,0.8158251047134399,0.0,0.0,0.0,0.0,0.0,0.0,0.0,0.0,0.5581026673316956,0.3959302604198456
0.5564689040184021,0.2597499191761017,0.5757384896278381,0.236720934510231,0.5364905595779419,0.2399008721113205,0.6023536920547485,0.2646039128303528,0.5074264407157898,0.2732517719268799,0.6462477445602417,0.3829790651798248,0.4709315001964569,0.4001471400260925,0.7122384309768677,0.4945660531520843,0.3962069153785705,0.4705938994884491,0.6665595173835754,0.3432430326938629,0.4468904435634613,0.3522879481315613,0.6212353706359863,0.8119034171104431,0.4852175414562225,0.8116401433944702,0.0,0.0,0.0,0.0,0.0,0.0,0.0,0.0,0.5578753352165222,0.3866429924964905
0.5579102635383606,0.2627734243869781,0.5791429877281189,0.2408125400543213,0.537478506565094,0.2406251281499862,0.6043453812599182,0.2791602909564972,0.5061115622520447,0.2787015438079834,0.6408272981643677,0.3984389901161194,0.4713261723518371,0.4158272743225097,0.7139902710914612,0.4892489314079284,0.3985136151313782,0.4700245857238769,0.6667938828468323,0.3025069534778595,0.4515462517738342,0.3123447895050049,0.6198738217353821,0.8169180750846863,0.4879786968231201,0.8161295056343079,0.0,0.0,0.0,0.0,0.0,0.0,0.0,0.0,0.5554493069648743,0.4033307731151581
0.5576215386390686,0.2646304368972778,0.5774565935134888,0.2431093901395797,0.5364260077476501,0.2455220222473144,0.6023457646369934,0.2781110107898712,0.5102822184562683,0.2839697003364563,0.6387718319892883,0.4094803035259247,0.4716010987758636,0.422074407339096,0.7123367190361023,0.4854010045528412,0.4161317348480224,0.4692930281162262,0.7109586596488953,0.3287036418914795,0.431021511554718,0.3825731873512268,0.6142252087593079,0.8262816071510315,0.4853912889957428,0.8168423771858215,0.0,0.0,0.0,0.0,0.0,0.0,0.0,0.0,0.5541414618492126,0.4144938886165619
0.5584409832954407,0.2651220858097076,0.5781135559082031,0.2442842721939087,0.5373221039772034,0.246431827545166,0.6027131676673889,0.274368405342102,0.5106633305549622,0.2827925980091095,0.6399465799331665,0.4027057588100433,0.4729318916797638,0.4128973484039306,0.7097924947738647,0.5144394636154175,0.4028865396976471,0.4986763298511505,0.7177887558937073,0.5507838129997253,0.407790869474411,0.5478931665420532,0.614722728729248,0.8117011189460754,0.4853293001651764,0.8123169541358948,0.0,0.0,0.0,0.0,0.0,0.0,0.0,0.0,0.5556864738464355,0.408447802066803
0.5582124590873718,0.2625717222690582,0.5789698362350464,0.2412768602371215,0.538349986076355,0.2429981380701065,0.6048126816749573,0.271226704120636,0.5135063529014587,0.2764078080654144,0.649688184261322,0.4132461547851562,0.471226155757904,0.4138152599334717,0.691323459148407,0.5646238923072815,0.4282367825508117,0.5485363602638245,0.7066362500190735,0.6568148732185364,0.4314235150814056,0.6319395303726196,0.6041775941848755,0.8269242644309998,0.4818043112754822,0.8138576745986938,0.0,0.0,0.0,0.0,0.0,0.0,0.0,0.0,0.5590013861656189,0.4139820635318756
0.5602590441703796,0.2624870538711548,0.5809594392776489,0.2413938492536544,0.5399748682975769,0.2425283640623092,0.6059648394584656,0.271201878786087,0.5142077207565308,0.2751785516738891,0.6466850638389587,0.4085239768028259,0.4719058573246002,0.411975622177124,0.703877329826355,0.5318124294281006,0.4031281173229217,0.5112093091011047,0.7111491560935974,0.5862885117530823,0.4194860756397247,0.5631634593009949,0.6126384139060974,0.8281650543212891,0.4828692078590393,0.8164191246032715,0.0,0.0,0.0,0.0,0.0,0.0,0.0,0.0,0.5589612126350403,0.4097886085510254
0.5623611807823181,0.2635673284530639,0.5826230645179749,0.2429293841123581,0.5422235727310181,0.242867574095726,0.6057034134864807,0.2754442095756531,0.5155298113822937,0.2769530415534973,0.641433835029602,0.403530865907669,0.4764830470085144,0.4207566380500793,0.7124422192573547,0.4968140423297882,0.4136777818202972,0.4717887341976166,0.7077099084854126,0.4032406210899353,0.4367449283599853,0.3846141397953033,0.6166199445724487,0.814944863319397,0.4850170612335205,0.8143307566642761,0.0,0.0,0.0,0.0,0.0,0.0,0.0,0.0,0.5589846968650818,0.4101522862911224
0.5625005960464478,0.2622294425964355,0.5842107534408569,0.2390094697475433,0.5422770380973816,0.2392057031393051,0.6102572679519653,0.275322824716568,0.5151918530464172,0.2740183770656585,0.6467029452323914,0.4018719792366028,0.4758599102497101,0.4071374535560608,0.7225168943405151,0.4509885609149933,0.3980036675930023,0.4063208997249603,0.6795320510864258,0.184099793434143,0.4500210583209991,0.2625612318515777,0.6203956007957458,0.8298854231834412,0.4856218993663788,0.8278765678405762,0.0,0.0,0.0,0.0,0.0,0.0,0.0,0.0,0.5601724982261658,0.4038229882717132
0.562535285949707,0.2618201673030853,0.5828976631164551,0.239609956741333,0.5408183932304382,0.2382926642894745,0.6047773957252502,0.2758581936359405,0.5082422494888306,0.2702245712280273,0.6438525915145874,0.4024790227413177,0.4712565541267395,0.4002650678157806,0.7282657027244568,0.4281710982322693,0.3900021910667419,0.3898742496967315,0.6712946891784668,0.2386815100908279,0.4493917822837829,0.2606674134731293,0.6164473295211792,0.8303238153457642,0.4815583527088165,0.8275953531265259,0.0,0.0,0.0,0.0,0.0,0.0,0.0,0.0,0.5571076273918152,0.3990972638130188
0.5583981871604919,0.2573239505290985,0.5789913535118103,0.2346322387456894,0.5375013947486877,0.2378487884998321,0.6078189611434937,0.269738495349884,0.5068972706794739,0.2740837335586548,0.6470867395401001,0.3910591602325439,0.4706200659275055,0.3952069282531738,0.7283211946487427,0.4359236657619476,0.3915615975856781,0.4031152129173279,0.6845149397850037,0.3278118073940277,0.4510135352611542,0.2996785938739776,0.6184133291244507,0.8258223533630371,0.4794364273548126,0.8151283264160156,0.0,0.0,0.0,0.0,0.0,0.0,0.0,0.0,0.5586350560188293,0.3883298933506012
0.558858335018158,0.2594357132911682,0.5811230540275574,0.2386884987354278,0.538768470287323,0.2384676486253738,0.6080442070960999,0.2823165357112884,0.5087656378746033,0.276662141084671,0.642516553401947,0.405083030462265,0.4702197015285492,0.4021633267402649,0.7213032841682434,0.4302153587341308,0.3963448703289032,0.3992547690868377,0.6687496304512024,0.2711418271064758,0.4494278728961944,0.2830709517002105,0.6173129081726074,0.8288496732711792,0.4802646338939667,0.8272825479507446,0.0,0.0,0.0,0.0,0.0,0.0,0.0,0.0,0.5564953684806824,0.4011347591876983
0.5575099587440491,0.2624368965625763,0.5767897367477417,0.2416792213916778,0.5372611284255981,0.2382794618606567,0.5996336340904236,0.2821697890758514,0.5074141621589661,0.2740370631217956,0.6403092741966248,0.4027851223945617,0.4705356955528259,0.4062050282955169,0.7200089693069458,0.4342958033084869,0.3968998491764068,0.3893536031246185,0.6904600858688354,0.216556116938591,0.4598971903324127,0.2247480303049087,0.617465078830719,0.8308627009391785,0.4815912544727325,0.8290982246398926,0.0,0.0,0.0,0.0,0.0,0.0,0.0,0.0,0.5539863705635071,0.4054056704044342
0.5569794178009033,0.260604053735733,0.575984001159668,0.2394009679555893,0.5355401039123535,0.2415813207626342,0.5999099016189575,0.2765882313251495,0.5065485239028931,0.279844731092453,0.6368263959884644,0.4049095809459686,0.4683816432952881,0.4161867201328277,0.7166532874107361,0.4526889622211456,0.4063782095909118,0.4522620141506195,0.7262401580810547,0.2936259806156158,0.4528444409370422,0.3167350590229034,0.6164590716362,0.826751172542572,0.4841273128986358,0.8254850506782532,0.0,0.0,0.0,0.0,0.0,0.0,0.0,0.0,0.5514279007911682,0.409636914730072
0.5548043847084045,0.2617853283882141,0.57475745677948,0.2404702603816986,0.5351153612136841,0.2421656548976898,0.5999822020530701,0.2712946534156799,0.509484589099884,0.2775831520557403,0.6418784260749817,0.4045712947845459,0.4689095020294189,0.41072478890419,0.7017215490341187,0.5167952179908752,0.3900875747203827,0.5067384839057922,0.7149528861045837,0.5698480606079102,0.4162682890892029,0.562732994556427,0.6142410635948181,0.8149548172950745,0.4846599996089935,0.8139573335647583,0.0,0.0,0.0,0.0,0.0,0.0,0.0,0.0,0.5553995966911316,0.4083685576915741
0.5543385148048401,0.2607083022594452,0.5745062232017517,0.2397674024105072,0.535466194152832,0.2410298734903335,0.6000131368637085,0.2709842026233673,0.5102795958518982,0.2757152020931244,0.6445742249488831,0.4084239900112152,0.4687008559703827,0.4104261398315429,0.6869598031044006,0.5487759113311768,0.4230274260044098,0.5455271005630493,0.699519693851471,0.6331011056900024,0.4340505301952362,0.6067637205123901,0.6088720560073853,0.8115283250808716,0.4862250387668609,0.8104701042175293,0.0,0.0,0.0,0.0,0.0,0.0,0.0,0.0,0.5555214285850525,0.4101077616214752
0.5546325445175171,0.2619151473045349,0.5747950673103333,0.2401693612337112,0.5348170399665833,0.241696685552597,0.5999752283096313,0.270502507686615,0.5085656642913818,0.2761228382587433,0.6423321962356567,0.4064398109912872,0.4679665863513946,0.4109025299549103,0.7011033892631531,0.5304850339889526,0.3888240158557892,0.5225067734718323,0.703454852104187,0.5807272791862488,0.4109096229076385,0.5802383422851562,0.6120478510856628,0.82492595911026,0.482277363538742,0.8139034509658813,0.0,0.0,0.0,0.0,0.0,0.0,0.0,0.0,0.5552388429641724,0.4091579020023346
0.5558353662490845,0.2602240741252899,0.5756148099899292,0.2390512377023697,0.5359167456626892,0.2397518455982208,0.5991383194923401,0.2768963873386383,0.5094490647315979,0.2768461108207702,0.635487973690033,0.4043933451175689,0.469989150762558,0.4140996634960174,0.7087278962135315,0.4777409732341766,0.4083254337310791,0.4624636471271515,0.6971670389175415,0.313102662563324,0.4410715997219085,0.3506305813789367,0.6153079867362976,0.8278292417526245,0.4851743280887604,0.815823495388031,0.0,0.0,0.0,0.0,0.0,0.0,0.0,0.0,0.5524450540542603,0.4066965579986572
0.5558300614356995,0.2608080506324768,0.5755860209465027,0.2390204519033432,0.5368444323539734,0.2375772446393966,0.5998589396476746,0.2779162228107452,0.5077242255210876,0.2727257311344147,0.6396157145500183,0.4008894264698028,0.4709751904010772,0.4052473604679107,0.714081346988678,0.4603251516819,0.3951794803142547,0.4181672930717468,0.6763237714767456,0.2105979025363922,0.4452652335166931,0.2749364972114563,0.6178165078163147,0.8294558525085449,0.4821676313877105,0.8268136382102966,0.0,0.0,0.0,0.0,0.0,0.0,0.0,0.0,0.5548707842826843,0.4029615223407745
0.5533472895622253,0.2585988044738769,0.5754414796829224,0.2375168353319168,0.5338398814201355,0.2374745309352874,0.6001366972923279,0.279672235250473,0.5019612908363342,0.2767997086048126,0.6392530202865601,0.4065550863742828,0.4691092669963836,0.4064676761627197,0.71617192029953,0.4701239764690399,0.3983129858970642,0.4383686184883117,0.6629509925842285,0.2923647761344909,0.4491778314113617,0.3125557899475097,0.6187621355056763,0.8281211256980896,0.4843905568122864,0.8256250619888306,0.0,0.0,0.0,0.0,0.0,0.0,0.0,0.0,0.5532573461532593,0.4043085873126983
0.5526334643363953,0.259192556142807,0.572428286075592,0.2356082648038864,0.5322509407997131,0.2386029511690139,0.5987750291824341,0.2662350237369537,0.5036676526069641,0.2741985917091369,0.6442879438400269,0.3880773484706878,0.4666558802127838,0.3998241126537323,0.7148880958557129,0.5033746361732483,0.3995539844036102,0.4548775553703308,0.669650137424469,0.3515643179416656,0.4510274529457092,0.3466199040412903,0.6201604008674622,0.811797559261322,0.480163961648941,0.8120704889297485,0.0,0.0,0.0,0.0,0.0,0.0,0.0,0.0,0.5542072653770447,0.3900639414787292
0.5536904335021973,0.2619515359401703,0.5755400061607361,0.24094820022583,0.5339437127113342,0.2394610792398452,0.5995131731033325,0.2818883061408996,0.5021675825119019,0.2766039967536926,0.6379031538963318,0.4071120321750641,0.4671542644500732,0.4071619808673858,0.7132769227027893,0.4560795724391937,0.3992087244987488,0.4306053817272186,0.6620267629623413,0.2711767554283142,0.4514090418815613,0.2938731610774994,0.6179359555244446,0.8319656252861023,0.4817325174808502,0.8290597796440125,0.0,0.0,0.0,0.0,0.0,0.0,0.0,0.0,0.5516635775566101,0.4056972861289978
0.5549970269203186,0.263580858707428,0.5752371549606323,0.2429084330797195,0.5331903100013733,0.2404297441244125,0.5993073582649231,0.2833259701728821,0.5020502209663391,0.2750749289989471,0.6393278241157532,0.4043571352958679,0.4692677557468414,0.4031457006931305,0.7203761339187622,0.4158928990364074,0.3905776143074035,0.3864398896694183,0.6809515953063965,0.1875946372747421,0.4556205868721008,0.1942942142486572,0.6187133193016052,0.8331481218338013,0.4844157695770263,0.8296383619308472,0.0,0.0,0.0,0.0,0.0,0.0,0.0,0.0,0.5527191162109375,0.4044258892536163
0.556079626083374,0.2658712863922119,0.5750612020492554,0.2444141209125518,0.5339850187301636,0.244804710149765,0.5997970700263977,0.2818801999092102,0.5064775347709656,0.2787110507488251,0.6363549828529358,0.4032850265502929,0.472872793674469,0.4066058099269867,0.7153905034065247,0.3801948130130768,0.3962035775184631,0.3788745701313019,0.726660430431366,0.1557507067918777,0.4514891505241394,0.2244830429553985,0.6135371327400208,0.843741774559021,0.484262079000473,0.8311333656311035,0.0,0.0,0.0,0.0,0.0,0.0,0.0,0.0,0.5526270270347595,0.4039904773235321
0.554550290107727,0.2668429017066955,0.5732473731040955,0.2433866113424301,0.5330230593681335,0.246586874127388,0.5992041826248169,0.2756210267543793,0.506456732749939,0.281066745519638,0.6348408460617065,0.402068555355072,0.4733354449272156,0.4068909287452698,0.7084425687789917,0.4066646993160248,0.4141664206981659,0.4179797768592834,0.7346416115760803,0.3552834987640381,0.4375520348548889,0.2971713840961456,0.6128836870193481,0.8317853808403015,0.4845203459262848,0.8290268778800964,0.0,0.0,0.0,0.0,0.0,0.0,0.0,0.0,0.553049623966217,0.4048461318016052
0.555576503276825,0.2670921683311462,0.5740998387336731,0.2444223910570144,0.533300518989563,0.2471508681774139,0.5988020300865173,0.2720861136913299,0.5057119727134705,0.2783136069774627,0.6307584643363953,0.3948141932487488,0.4756057262420654,0.3994601368904114,0.705038845539093,0.4228754639625549,0.4374566078186035,0.4350407719612121,0.742794930934906,0.4197647869586944,0.4289922714233398,0.3976248800754547,0.6146073341369629,0.811732828617096,0.4823046326637268,0.8119181394577026,0.0,0.0,0.0,0.0,0.0,0.0,0.0,0.0,0.5535818934440613,0.3962959349155426
0.5530672669410706,0.2670989632606506,0.57307368516922,0.244405135512352,0.5329628586769104,0.2474185675382614,0.5986291170120239,0.2736766040325165,0.5080008506774902,0.2814317345619201,0.6357383131980896,0.3993771970272064,0.4695040583610534,0.4095155596733093,0.7044225931167603,0.4739554226398468,0.4081297218799591,0.4787202775478363,0.7195053100585938,0.5134133696556091,0.0,0.0,0.6115477681159973,0.8119911551475525,0.4799554646015167,0.8128618001937866,0.0,0.0,0.0,0.0,0.0,0.0,0.0,0.0,0.5539889931678772,0.4049294888973236
0.5564184784889221,0.2618629038333893,0.5765472054481506,0.2404825836420059,0.5361079573631287,0.2424837797880172,0.6020344495773315,0.2699141502380371,0.5103558897972107,0.2774883806705475,0.6483859419822693,0.4067293107509613,0.4715624153614044,0.4084435105323791,0.6851388216018677,0.5814789533615112,0.4488681256771087,0.5672544836997986,0.7059192657470703,0.6722136735916138,0.447173535823822,0.6398993134498596,0.6050035357475281,0.8102902770042419,0.4872552752494812,0.7966365218162537,0.0,0.0,0.0,0.0,0.0,0.0,0.0,0.0,0.5591123700141907,0.4083822071552276
0.5588496923446655,0.2627795338630676,0.5784699320793152,0.2420632392168045,0.5377493500709534,0.2435654252767563,0.6022623777389526,0.2713267207145691,0.5107542276382446,0.2789435982704162,0.6432673335075378,0.4008852839469909,0.471360445022583,0.4063460528850555,0.7187750935554504,0.5738802552223206,0.4058074951171875,0.4782632887363434,0.0,0.0,0.4332835078239441,0.5285096764564514,0.6130548119544983,0.8158767819404602,0.4830402731895447,0.8140426874160767,0.0,0.0,0.0,0.0,0.0,0.0,0.0,0.0,0.5571616291999817,0.4046558439731598
0.5598152279853821,0.261775255203247,0.5801939368247986,0.2399758398532867,0.5385786890983582,0.240549698472023,0.6031430959701538,0.2799000144004822,0.508770763874054,0.2796466052532196,0.6364854574203491,0.4134843051433563,0.4716810584068298,0.417369931936264,0.7107094526290894,0.473999410867691,0.4086714386940002,0.4500790238380432,0.7014783024787903,0.2777569890022278,0.4429824650287628,0.3382907509803772,0.6164587140083313,0.8261051177978516,0.48576220870018,0.8257355093955994,0.0,0.0,0.0,0.0,0.0,0.0,0.0,0.0,0.5527307987213135,0.4122879803180694
0.5576428771018982,0.2620700299739837,0.576535701751709,0.240140751004219,0.5391671657562256,0.2373864203691482,0.6005810499191284,0.2759396135807037,0.5093064308166504,0.2669479548931122,0.6359939575195312,0.4000255465507507,0.4714143872261047,0.4036116898059845,0.7130635380744934,0.486355721950531,0.4005756974220276,0.4349897801876068,0.6879273056983948,0.2929834723472595,0.4487541317939758,0.2789038121700287,0.6181928515434265,0.8253777623176575,0.4855287969112396,0.8160108923912048,0.0,0.0,0.0,0.0,0.0,0.0,0.0,0.0,0.5533989667892456,0.4007942676544189
0.5574556589126587,0.2600502967834472,0.578558623790741,0.2362035810947418,0.5374615788459778,0.2356027662754058,0.6027716994285583,0.272976666688919,0.5042794942855835,0.2709880173206329,0.6366828083992004,0.3993829786777496,0.4677833616733551,0.4020110964775085,0.7126811146736145,0.4908668398857116,0.4013110995292663,0.4477198719978332,0.6705727577209473,0.306000679731369,0.4487183094024658,0.3155017495155334,0.6184207201004028,0.8254280090332031,0.4845052361488342,0.8149477243423462,0.0,0.0,0.0,0.0,0.0,0.0,0.0,0.0,0.5519109964370728,0.3983573615550995
0.5555947422981262,0.2588079571723938,0.5763830542564392,0.2351690083742141,0.535187304019928,0.2363910526037216,0.6011565923690796,0.2688481509685516,0.5034292340278625,0.2706395983695984,0.6359930634498596,0.3892492651939392,0.4677391350269317,0.3949332237243652,0.7108036279678345,0.5002074241638184,0.4039209485054016,0.4551748931407928,0.669659435749054,0.3445826172828674,0.4516197144985199,0.3446808457374573,0.6172075271606445,0.811436116695404,0.481576532125473,0.811185359954834,0.0,0.0,0.0,0.0,0.0,0.0,0.0,0.0,0.5503576993942261,0.3888962566852569
0.5551443696022034,0.2603620886802673,0.5765361785888672,0.2370405346155166,0.5344980359077454,0.2364098876714706,0.5997699499130249,0.2734241783618927,0.5009720921516418,0.2730750441551208,0.633671224117279,0.40032559633255,0.4663402140140533,0.4050547182559967,0.7114298939704895,0.4934389889240265,0.4022556841373443,0.4484757483005523,0.6674810647964478,0.3129660487174988,0.4502803683280945,0.3172646462917328,0.6172752380371094,0.8259517550468445,0.482388973236084,0.8247775435447693,0.0,0.0,0.0,0.0,0.0,0.0,0.0,0.0,0.5492932796478271,0.4004676640033722
0.553629457950592,0.2605493366718292,0.5734506845474243,0.237047329545021,0.534151017665863,0.2366433888673782,0.6002631187438965,0.2763512432575226,0.5036680102348328,0.2716053426265716,0.6361469030380249,0.402150422334671,0.4673257768154144,0.4077571332454681,0.7138273119926453,0.4905773103237152,0.4010797142982483,0.453539103269577,0.6843913793563843,0.2948656380176544,0.4524117410182953,0.2832174301147461,0.6164827346801758,0.8262395858764648,0.481181651353836,0.8249295949935913,0.0,0.0,0.0,0.0,0.0,0.0,0.0,0.0,0.5507907271385193,0.4044691622257232
0.5526478886604309,0.2604859471321106,0.5722900032997131,0.238925963640213,0.5335493087768555,0.2401659488677978,0.5957712531089783,0.273034006357193,0.5085018277168274,0.2760044932365417,0.6316353678703308,0.4058202803134918,0.4759765565395355,0.4207505285739898,0.7072187066078186,0.4910519421100616,0.4182578027248382,0.485557347536087,0.7102488875389099,0.3997310996055603,0.4352481663227081,0.3900764584541321,0.6115237474441528,0.8143552541732788,0.4820055663585663,0.8130665421485901,0.0,0.0,0.0,0.0,0.0,0.0,0.0,0.0,0.5519744753837585,0.4118184447288513
0.5535908937454224,0.2589122354984283,0.5735292434692383,0.2370909303426742,0.5342712998390198,0.2382205575704574,0.5987359881401062,0.2663460373878479,0.508177638053894,0.2716201841831207,0.6438695192337036,0.4035427570343017,0.4646617472171783,0.4074088037014007,0.7010937333106995,0.5708370208740234,0.4005298912525177,0.5276780128479004,0.7135166525840759,0.5569277405738831,0.4243442118167877,0.520903468132019,0.6140034794807434,0.8111748695373535,0.480109840631485,0.8090693354606628,0.0,0.0,0.0,0.0,0.0,0.0,0.0,0.0,0.5568739175796509,0.4062176048755646
0.5551357865333557,0.2578503489494324,0.5746768116950989,0.2361818701028823,0.5349957346916199,0.2367324978113174,0.5980132818222046,0.2698977291584015,0.5088465809822083,0.2710673213005066,0.6382359266281128,0.4053032100200653,0.4654406905174255,0.4032638072967529,0.6967859864234924,0.5230250954627991,0.4159169495105743,0.4790098667144775,0.7036098837852478,0.4525204598903656,0.0,0.0,0.6124163866043091,0.8144168257713318,0.4801933467388153,0.8106854557991028,0.0,0.0,0.0,0.0,0.0,0.0,0.0,0.0,0.5529925227165222,0.4030823409557342
0.5550857186317444,0.2571913599967956,0.576265811920166,0.2353402376174926,0.5364552736282349,0.2345408350229263,0.6021632552146912,0.2768309116363525,0.5085552334785461,0.2724789679050445,0.6373117566108704,0.4017416536808014,0.4719863831996918,0.4047886431217193,0.7153021693229675,0.443103164434433,0.4014898240566253,0.4294491708278656,0.6811756491661072,0.1711934059858322,0.450549840927124,0.2836696803569793,0.6159991025924683,0.8293673396110535,0.4838275611400604,0.8275039792060852,0.0,0.0,0.0,0.0,0.0,0.0,0.0,0.0,0.5541135668754578,0.4024861752986908
0.5571484565734863,0.2581065893173218,0.577133297920227,0.2366988807916641,0.5351545810699463,0.2328164279460907,0.5977603793144226,0.2761881649494171,0.5005870461463928,0.2659966349601745,0.6363188028335571,0.3998045623302459,0.4687555134296417,0.3964672982692718,0.7206979990005493,0.3994796574115753,0.3875951468944549,0.3864763677120209,0.6686176061630249,0.1887137144804,0.4662587642669678,0.1593459993600845,0.6134819388389587,0.8327621221542358,0.4789977073669433,0.8297696709632874,0.0,0.0,0.0,0.0,0.0,0.0,0.0,0.0,0.5508472919464111,0.3969640135765075
0.5567067265510559,0.2589418590068817,0.5765525102615356,0.2369022071361541,0.5356037020683289,0.2323816269636154,0.5965560078620911,0.2742888331413269,0.5031588673591614,0.2645598649978637,0.638373076915741,0.4021796286106109,0.4681963622570038,0.3982284665107727,0.7205427885055542,0.3604589104652405,0.3924364149570465,0.3466641008853912,0.659389078617096,0.1893322914838791,0.4783433079719543,0.1586674451828003,0.6108241081237793,0.8319180607795715,0.4774579703807831,0.827822744846344,0.0,0.0,0.0,0.0,0.0,0.0,0.0,0.0,0.5520116686820984,0.3961513936519623
0.5541607141494751,0.2592511475086212,0.5761153101921082,0.2378704100847244,0.5325925350189209,0.233004555106163,0.5972590446472168,0.2813681066036224,0.5010916590690613,0.268344908952713,0.6380763649940491,0.4077287316322326,0.4707392156124115,0.4021356999874115,0.7131491303443909,0.3480231165885925,0.3993299007415771,0.3424295485019684,0.6746684908866882,0.1565203666687011,0.470431387424469,0.1173434853553772,0.6103252172470093,0.83111572265625,0.4785759150981903,0.8274206519126892,0.0,0.0,0.0,0.0,0.0,0.0,0.0,0.0,0.5516595244407654,0.4013999104499817
0.556431233882904,0.258025974035263,0.5774240493774414,0.2361639887094497,0.5347222685813904,0.2340916395187378,0.5984687805175781,0.2814817130565643,0.5050078630447388,0.2716118693351745,0.6382386088371277,0.4013087153434753,0.4720166027545929,0.3903868198394775,0.7092166543006897,0.3009138703346252,0.4252353012561798,0.3000079989433288,0.6970903277397156,0.1475093513727188,0.4609236419200897,0.1153454855084419,0.6101983189582825,0.8309990167617798,0.4796527326107025,0.827234148979187,0.0,0.0,0.0,0.0,0.0,0.0,0.0,0.0,0.5527577996253967,0.3941474556922912
0.5583823919296265,0.2576837241649627,0.5786821246147156,0.2363889664411544,0.536064624786377,0.2346488088369369,0.5998188853263855,0.2778010666370392,0.5060514807701111,0.2706187069416046,0.6351175904273987,0.4007695019245147,0.4722136855125427,0.3881387412548065,0.7160449028015137,0.3169324100017547,0.4191036224365234,0.3232611119747162,0.7096295356750488,0.1796719580888748,0.4567697942256927,0.1667453348636627,0.6091558337211609,0.8316305875778198,0.4788541793823242,0.8269419074058533,0.0,0.0,0.0,0.0,0.0,0.0,0.0,0.0,0.5517831444740295,0.3933251500129699
0.5580976605415344,0.2571696043014526,0.5786704421043396,0.2342332154512405,0.5363832116127014,0.2326114177703857,0.6017584800720215,0.2746998071670532,0.5077655911445618,0.2681430876255035,0.6354418396949768,0.3996762931346893,0.4725647270679474,0.3906678259372711,0.7187528014183044,0.332794040441513,0.4042072296142578,0.3280859887599945,0.6981375813484192,0.1573361456394195,0.4552288055419922,0.1458246707916259,0.6106793284416199,0.8439368605613708,0.4795365929603576,0.8288053274154663,0.0,0.0,0.0,0.0,0.0,0.0,0.0,0.0,0.552092969417572,0.3929102122783661
0.5537005662918091,0.2534029185771942,0.5755732655525208,0.2316028624773025,0.5323206782341003,0.2296157777309417,0.5982791781425476,0.275119811296463,0.5034412741661072,0.2666381895542145,0.6378606557846069,0.4009084105491638,0.4715849757194519,0.393757164478302,0.7211960554122925,0.3449804186820984,0.3966787159442901,0.3322477340698242,0.6729606986045837,0.1480125337839126,0.4679794013500213,0.1152104139328002,0.6100177764892578,0.843783974647522,0.4777058064937591,0.8293503522872925,0.0,0.0,0.0,0.0,0.0,0.0,0.0,0.0,0.5524330735206604,0.3943641483783722
0.556218683719635,0.2500242292881012,0.575840413570404,0.2308959811925888,0.5347095131874084,0.2279949188232422,0.5968173742294312,0.2744565308094024,0.5037115812301636,0.2656674981117248,0.6392619013786316,0.4011514484882355,0.4673042297363281,0.3927700519561767,0.7253595590591431,0.3411955535411834,0.3914937674999237,0.3112778663635254,0.6555387377738953,0.1887296885251999,0.4670869410037994,0.1871376484632492,0.6105200052261353,0.8267563581466675,0.4782041013240814,0.8150258660316467,0.0,0.0,0.0,0.0,0.0,0.0,0.0,0.0,0.5521508455276489,0.3942053914070129
0.5556373596191406,0.2520399987697601,0.5747674107551575,0.2317204475402832,0.5336663126945496,0.2284834831953048,0.5931826829910278,0.2771629691123962,0.502200186252594,0.2702126204967499,0.6369069814682007,0.4018366634845733,0.4673768579959869,0.3957207202911377,0.720867931842804,0.3415479063987732,0.3908395767211914,0.3172610104084015,0.6667024493217468,0.1675626188516616,0.458869069814682,0.1688715070486068,0.610434889793396,0.8301458954811096,0.4769808948040008,0.828305184841156,0.0,0.0,0.0,0.0,0.0,0.0,0.0,0.0,0.5496612787246704,0.3968525230884552
0.5522778034210205,0.2558438777923584,0.5745920538902283,0.2349929362535476,0.5312787890434265,0.2319225966930389,0.5941404700279236,0.2832628786563873,0.5015926957130432,0.2680675983428955,0.6325318217277527,0.4040418565273285,0.4665646851062774,0.3951784670352936,0.7129538655281067,0.3185030519962311,0.4077268242835998,0.3008220791816711,0.6854774355888367,0.1483077555894851,0.4605585932731628,0.1312860250473022,0.6073943972587585,0.8344588875770569,0.4772944152355194,0.8312100768089294,0.0,0.0,0.0,0.0,0.0,0.0,0.0,0.0,0.5462817549705505,0.3976300656795501
0.5550232529640198,0.2557217478752136,0.5749291777610779,0.2360201627016067,0.5342878103256226,0.2323444336652755,0.5953368544578552,0.2804388403892517,0.5035539865493774,0.2679310739040375,0.6296800971031189,0.4003747999668121,0.4644894301891327,0.3954613208770752,0.7169175148010254,0.3607741296291351,0.4034728705883026,0.3361392617225647,0.6998894810676575,0.1886929273605346,0.4593885838985443,0.1637540012598037,0.6076691746711731,0.8337754011154175,0.4782144129276275,0.8307280540466309,0.0,0.0,0.0,0.0,0.0,0.0,0.0,0.0,0.5455040335655212,0.3969576060771942
0.5541587471961975,0.2554063498973846,0.5744999647140503,0.2343513667583465,0.5339997410774231,0.2313082218170166,0.5971415638923645,0.28018718957901,0.5051684975624084,0.2677723169326782,0.6317382454872131,0.4022840559482574,0.4680190682411194,0.3968673646450043,0.72211092710495,0.3595941364765167,0.3980394303798675,0.3355368077754974,0.6953822374343872,0.1838176250457763,0.4537286758422851,0.1626995354890823,0.6077290177345276,0.8344725370407104,0.4776864051818847,0.8309820294380188,0.0,0.0,0.0,0.0,0.0,0.0,0.0,0.0,0.5467628240585327,0.3980720937252044
0.5558629035949707,0.2513110935688019,0.5748224258422852,0.2304465025663375,0.5328637361526489,0.2275343388319015,0.5948099493980408,0.2749171555042267,0.4996283948421478,0.2664850354194641,0.637808620929718,0.4005662500858307,0.4667124152183532,0.3952175080776214,0.7255491018295288,0.3609469532966614,0.3869904577732086,0.3315208256244659,0.6627023816108704,0.1555469781160354,0.4684730470180511,0.1553167104721069,0.6102594137191772,0.830206573009491,0.4773453772068023,0.8273892402648926,0.0,0.0,0.0,0.0,0.0,0.0,0.0,0.0,0.5503665208816528,0.3950521051883697
0.5585370063781738,0.2514828741550445,0.5773864984512329,0.231059581041336,0.5362566709518433,0.2278498858213424,0.5972803235054016,0.2717463374137878,0.5038338899612427,0.263237863779068,0.6368598937988281,0.4024587273597717,0.464019775390625,0.3977952301502228,0.7241820096969604,0.3635923862457275,0.3889134526252746,0.3418857157230377,0.6581414937973022,0.1929013431072235,0.4631178975105285,0.1945628225803375,0.6098259687423706,0.8307981491088867,0.4764015078544616,0.8267170786857605,0.0,0.0,0.0,0.0,0.0,0.0,0.0,0.0,0.5499693155288696,0.3971063494682312
0.5565206408500671,0.255927711725235,0.5771488547325134,0.231484517455101,0.5357531309127808,0.231028214097023,0.6030278205871582,0.2717190086841583,0.5010747313499451,0.2678685188293457,0.638420581817627,0.4006106853485107,0.4567932188510895,0.4138357043266296,0.7208261489868164,0.4771766662597656,0.3943658173084259,0.4571308195590973,0.6795176267623901,0.1529871374368667,0.4422507286071777,0.3096778988838196,0.6168269515037537,0.8301891088485718,0.4796144664287567,0.8289981484413147,0.0,0.0,0.0,0.0,0.0,0.0,0.0,0.0,0.5475237965583801,0.4047811925411224
0.5545681118965149,0.253567099571228,0.574379026889801,0.230847880244255,0.534045398235321,0.2312870174646377,0.5980979800224304,0.2637242078781128,0.5072192549705505,0.2643631100654602,0.645529568195343,0.4012901186943054,0.4588963687419891,0.4040330946445465,0.7100688219070435,0.5411213636398315,0.392778068780899,0.5726712942123413,0.7050194144248962,0.471515417098999,0.4144695103168487,0.4589989781379699,0.6142913103103638,0.8100804686546326,0.4755504131317138,0.8099004626274109,0.0,0.0,0.0,0.0,0.0,0.0,0.0,0.0,0.5534641146659851,0.4017350375652313
0.5525695085525513,0.2488332539796829,0.5729454755783081,0.2260038554668426,0.5329417586326599,0.2270970046520233,0.5989578366279602,0.2556703388690948,0.5071399211883545,0.2591503858566284,0.6493085026741028,0.4061176776885986,0.4584414958953857,0.4105430245399475,0.6965736746788025,0.5458198189735413,0.4071555137634277,0.5665029287338257,0.694863498210907,0.6356307864189148,0.4360067844390869,0.6224004626274109,0.6096835136413574,0.8263702392578125,0.4787929654121399,0.8162537217140198,0.0,0.0,0.0,0.0,0.0,0.0,0.0,0.0,0.5538628697395325,0.4085206687450409
0.5547845363616943,0.2488551437854766,0.5749444961547852,0.2255886495113372,0.5336785912513733,0.2265423685312271,0.6003360748291016,0.2534920871257782,0.5065935850143433,0.2563356459140777,0.6571875214576721,0.4088414013385772,0.4553227126598358,0.4082087576389313,0.7029276490211487,0.5947262048721313,0.3865363597869873,0.5617133378982544,0.7106086015701294,0.5399578809738159,0.4199041426181793,0.5646629929542542,0.6115709543228149,0.8173054456710815,0.4730702936649322,0.8146725296974182,0.0,0.0,0.0,0.0,0.0,0.0,0.0,0.0,0.558745265007019,0.4070228636264801
0.5553345084190369,0.2482568919658661,0.5750530958175659,0.2251927554607391,0.5347147583961487,0.2246923595666885,0.5977365374565125,0.2562503218650818,0.5055974125862122,0.2533946335315704,0.6351279616355896,0.3903329074382782,0.4670011103153229,0.3920373320579529,0.7119554281234741,0.5634864568710327,0.3962932229042053,0.5687128305435181,0.6913520693778992,0.4916079938411712,0.4463986754417419,0.4667535126209259,0.6130512952804565,0.8125172257423401,0.4768009185791015,0.8127703070640564,0.0,0.0,0.0,0.0,0.0,0.0,0.0,0.0,0.5516552329063416,0.3880438208580017
0.5523033738136292,0.2479189485311508,0.5714574456214905,0.2243253290653228,0.533028244972229,0.2252565920352935,0.5969474911689758,0.2506617605686188,0.5082377791404724,0.2534591257572174,0.6379166841506958,0.3955033421516418,0.46153324842453,0.4044494032859802,0.7136843800544739,0.583189845085144,0.3775594830513,0.5846842527389526,0.657676637172699,0.4612707197666168,0.4340719878673553,0.509270429611206,0.6121075749397278,0.8244098424911499,0.4755104184150696,0.8162133097648621,0.0,0.0,0.0,0.0,0.0,0.0,0.0,0.0,0.5529791116714478,0.3967724442481994
0.5510630011558533,0.2505551874637604,0.5701819658279419,0.2262723743915558,0.5309420824050903,0.2283327877521515,0.5956932902336121,0.2537224292755127,0.5053377151489258,0.2599152326583862,0.6369415521621704,0.3888503611087799,0.4595991671085357,0.4036314785480499,0.7143096923828125,0.5747222900390625,0.3819997906684875,0.5861911177635193,0.6691614985466003,0.4744046628475189,0.4368017017841339,0.4908467233181,0.6110120415687561,0.814656138420105,0.4745398163795471,0.8140861392021179,0.0,0.0,0.0,0.0,0.0,0.0,0.0,0.0,0.5514306426048279,0.3938741087913513
0.5502132773399353,0.2512668669223785,0.5691571235656738,0.2291449457406997,0.5310888886451721,0.2303181886672973,0.5937955975532532,0.2589232623577118,0.5051705837249756,0.2598569095134735,0.6343386769294739,0.3956328332424164,0.456664890050888,0.3978142440319061,0.7110801339149475,0.5638496279716492,0.3869910836219787,0.5756670236587524,0.6892440915107727,0.4928188920021057,0.4356896579265594,0.4862814843654632,0.6061654090881348,0.8009595274925232,0.4728935360908508,0.8076227307319641,0.0,0.0,0.0,0.0,0.0,0.0,0.0,0.0,0.5470103621482849,0.393198013305664
0.5489992499351501,0.2532766461372375,0.5687717795372009,0.2325178533792495,0.5303184986114502,0.2326866090297699,0.5943161845207214,0.2628088295459747,0.5045102834701538,0.2649821937084198,0.6415465474128723,0.4016807973384857,0.455727756023407,0.406988114118576,0.704932689666748,0.5452199578285217,0.3955940306186676,0.5258665680885315,0.7013236284255981,0.5771571397781372,0.4115400910377502,0.5602631568908691,0.607303261756897,0.8135601878166199,0.4726550579071045,0.8120565414428711,0.0,0.0,0.0,0.0,0.0,0.0,0.0,0.0,0.5507755875587463,0.4045284390449524
0.5488507151603699,0.2534838318824768,0.5684026479721069,0.2324306070804596,0.5299068689346313,0.2326729595661163,0.5938032865524292,0.2624328434467315,0.5038685202598572,0.2647158801555633,0.6436498761177063,0.4045663774013519,0.4555015861988067,0.4081573784351349,0.700754702091217,0.5468624234199524,0.394681841135025,0.5335584878921509,0.6985468864440918,0.5855329632759094,0.4121900498867035,0.5641316175460815,0.6080846190452576,0.8137262463569641,0.4737295508384704,0.8126435875892639,0.0,0.0,0.0,0.0,0.0,0.0,0.0,0.0,0.5506351590156555,0.4059030413627624
0.5495003461837769,0.2508522570133209,0.5696855187416077,0.2292531579732895,0.5305485129356384,0.2304270416498184,0.5945166349411011,0.2610065042972564,0.5060893297195435,0.2628455460071563,0.6304659247398376,0.3984227180480957,0.4611173272132873,0.4010781347751617,0.6991155743598938,0.5542671084403992,0.3866445124149322,0.5477336049079895,0.6869078278541565,0.4757658839225769,0.3484959304332733,0.5604950189590454,0.6077585816383362,0.8096898794174194,0.4760884642601013,0.809158980846405,0.0,0.0,0.0,0.0,0.0,0.0,0.0,0.0,0.5479010939598083,0.3963454067707062
0.5502422451972961,0.2532225549221039,0.570433497428894,0.2272761762142181,0.5288143157958984,0.2292972356081009,0.5979973673820496,0.2596324980258941,0.501636803150177,0.2615900337696075,0.6385726928710938,0.4031917750835418,0.4637406468391418,0.4055174887180328,0.7196416854858398,0.5726443529129028,0.3827566504478454,0.5744953155517578,0.6692706346511841,0.4156246781349182,0.443543016910553,0.3985965847969055,0.6124712824821472,0.817355751991272,0.4752883613109588,0.8150036931037903,0.0,0.0,0.0,0.0,0.0,0.0,0.0,0.0,0.5519089698791504,0.3992271423339844
0.5493213534355164,0.25306037068367,0.5696590542793274,0.227385863661766,0.5283840298652649,0.2299021631479263,0.5969428420066833,0.2587860226631164,0.5016924142837524,0.2629740834236145,0.6352171301841736,0.3986776471138,0.4603935778141022,0.4046336710453033,0.715851902961731,0.5787811279296875,0.3778063654899597,0.5821227431297302,0.6653958559036255,0.4277780055999756,0.4492421746253967,0.4028148353099823,0.6127772331237793,0.8147597312927246,0.4749779999256134,0.8140756487846375,0.0,0.0,0.0,0.0,0.0,0.0,0.0,0.0,0.5512654185295105,0.3966059982776642
0.5507656335830688,0.2532394230365753,0.5719712376594543,0.2280391603708267,0.5298787951469421,0.229395642876625,0.5999387502670288,0.2620106339454651,0.5024948120117188,0.2635348439216614,0.6371380090713501,0.3960087895393371,0.4593729376792907,0.4049540162086487,0.7171735167503357,0.5686100721359253,0.3837002217769623,0.578770637512207,0.6681982278823853,0.4122727215290069,0.457057386636734,0.3962525427341461,0.61152184009552,0.8164709806442261,0.4743199646472931,0.8156031370162964,0.0,0.0,0.0,0.0,0.0,0.0,0.0,0.0,0.5498430728912354,0.3946201503276825
0.5486873984336853,0.2542400956153869,0.5699614882469177,0.2289341986179351,0.5276170372962952,0.2310699075460434,0.5997207760810852,0.2633062303066253,0.499417781829834,0.2653500437736511,0.6372362971305847,0.4009802341461181,0.4625631272792816,0.4081401228904724,0.7153201103210449,0.5410785675048828,0.3887236714363098,0.5710754990577698,0.676842987537384,0.4062984585762024,0.4493656158447265,0.3988688290119171,0.6101943254470825,0.8266773223876953,0.4748547971248626,0.8165754675865173,0.0,0.0,0.0,0.0,0.0,0.0,0.0,0.0,0.5500277280807495,0.3990188539028168
0.5485523343086243,0.2553461194038391,0.5673080086708069,0.2313799411058426,0.5296459794044495,0.23275126516819,0.5918630957603455,0.2640816271305084,0.5030819773674011,0.266338974237442,0.6326826810836792,0.4033142626285553,0.4647457003593445,0.420140266418457,0.7129395604133606,0.5134844779968262,0.3977743983268738,0.5119594931602478,0.6943954229354858,0.4088762104511261,0.4401963651180267,0.4024514257907867,0.6094793677330017,0.8284220099449158,0.4770180284976959,0.8261917233467102,0.0,0.0,0.0,0.0,0.0,0.0,0.0,0.0,0.5472630858421326,0.4071234166622162
0.5519357323646545,0.2545566856861114,0.5692261457443237,0.2327983081340789,0.5315564274787903,0.2335654348134994,0.5921986699104309,0.2627906203269958,0.5031277537345886,0.2661571204662323,0.6303287744522095,0.400162935256958,0.4643716812133789,0.3964737355709076,0.7012826204299927,0.4563960134983063,0.4324173629283905,0.4139986038208008,0.7115947008132935,0.4225221574306488,0.4062136709690094,0.3803238272666931,0.6091099977493286,0.828234076499939,0.4775627255439758,0.8258381485939026,0.0,0.0,0.0,0.0,0.0,0.0,0.0,0.0,0.5464006066322327,0.3968205451965332
0.5510416626930237,0.2552698254585266,0.5694519281387329,0.2335357517004013,0.5315620303153992,0.2340136468410492,0.593131422996521,0.2628635168075561,0.5046370625495911,0.2647002041339874,0.6289086937904358,0.3992520868778229,0.467318058013916,0.3943122029304504,0.7014082074165344,0.4499579966068268,0.3897242248058319,0.3701879978179931,0.7067075967788696,0.4314883053302765,0.0,0.0,0.6097339987754822,0.8116507530212402,0.4759766459465027,0.8112541437149048,0.0,0.0,0.0,0.0,0.0,0.0,0.0,0.0,0.5476373434066772,0.3956357538700104
0.5519511699676514,0.2561776041984558,0.570020854473114,0.2341634184122085,0.5317967534065247,0.2348854839801788,0.5933137536048889,0.264278382062912,0.5045850872993469,0.2658338248729706,0.6282647848129272,0.3976630568504333,0.4703132510185241,0.3894955217838287,0.6969784498214722,0.4555931985378265,0.4368271231651306,0.4141480624675751,0.7031949162483215,0.4428196549415588,0.4351935982704162,0.3817603290081024,0.6076290011405945,0.8120570182800293,0.477194607257843,0.8121169805526733,0.0,0.0,0.0,0.0,0.0,0.0,0.0,0.0,0.5480884909629822,0.391581267118454
0.5510355830192566,0.254477709531784,0.5699445605278015,0.2313353717327118,0.5329327583312988,0.2309940159320831,0.5948700904846191,0.2697105705738067,0.5045551657676697,0.2629617750644684,0.6309161186218262,0.4028633534908294,0.4698083996772766,0.3990640342235565,0.7094073295593262,0.4701798260211944,0.397141546010971,0.4345404505729675,0.6820423007011414,0.3231450915336609,0.4384240508079529,0.2804442942142486,0.6101484298706055,0.8290514349937439,0.4804083704948425,0.8268780708312988,0.0,0.0,0.0,0.0,0.0,0.0,0.0,0.0,0.5494359731674194,0.4001551568508148
0.5496560335159302,0.2552251517772674,0.5697423815727234,0.2295464128255844,0.5291681885719299,0.2307111471891403,0.5966334939002991,0.2648059725761413,0.4992271363735199,0.2659803926944732,0.6339438557624817,0.3985013961791992,0.4618225991725921,0.3988325595855713,0.7191394567489624,0.500567615032196,0.3871510624885559,0.4619992077350616,0.6745314002037048,0.3170056343078613,0.4226381182670593,0.3155234754085541,0.613824725151062,0.8279914259910583,0.4783040881156921,0.826298713684082,0.0,0.0,0.0,0.0,0.0,0.0,0.0,0.0,0.5483180284500122,0.3973912298679352
0.5506132245063782,0.2548160552978515,0.5712018609046936,0.2306457310914993,0.529863715171814,0.2338576316833496,0.5993612408638,0.2627673745155334,0.5024033188819885,0.2682719230651855,0.6407768130302429,0.3883274495601654,0.4678828418254852,0.3912373483181,0.7144905924797058,0.5103374123573303,0.3873948156833648,0.4960269927978515,0.6634622812271118,0.3470976650714874,0.4528161883354187,0.3305948376655578,0.6130146384239197,0.8136283755302429,0.4745655655860901,0.8125457763671875,0.0,0.0,0.0,0.0,0.0,0.0,0.0,0.0,0.5538449883460999,0.3890058994293213
0.5536550283432007,0.2604212760925293,0.5722755789756775,0.2398653775453567,0.5332739949226379,0.2400533258914947,0.5935561060905457,0.2771126329898834,0.5013464689254761,0.2793923020362854,0.6280713081359863,0.4027093052864074,0.4687868952751159,0.4046206176280975,0.702346682548523,0.4166705906391144,0.40161994099617,0.4027606844902038,0.702273964881897,0.2986093163490295,0.4497106075286865,0.2827646434307098,0.6092371940612793,0.8285936713218689,0.47947558760643,0.8269777894020081,0.0,0.0,0.0,0.0,0.0,0.0,0.0,0.0,0.5475193858146667,0.4035709202289581
0.5528703331947327,0.263414204120636,0.5723103284835815,0.242000550031662,0.5319123268127441,0.2419933229684829,0.5939189195632935,0.2771312892436981,0.5017017126083374,0.274875670671463,0.6264594793319702,0.4003222584724426,0.4670634865760803,0.3977715373039245,0.6973699927330017,0.411982387304306,0.4286591410636902,0.3915775716304779,0.7084309458732605,0.3092809319496155,0.4617410600185394,0.3042888641357422,0.6065400242805481,0.8270035982131958,0.4788819253444671,0.8253234624862671,0.0,0.0,0.0,0.0,0.0,0.0,0.0,0.0,0.5456011891365051,0.3984926640987396
0.5550966858863831,0.2625729739665985,0.5739519000053406,0.2411091327667236,0.5341182351112366,0.2426563203334808,0.5970792770385742,0.2697385251522064,0.5056431293487549,0.2741309106349945,0.629719078540802,0.3974516689777374,0.4684155583381653,0.3896864056587219,0.6893365979194641,0.4499719738960266,0.0,0.0,0.7044816613197327,0.4316501915454864,0.0,0.0,0.6102026700973511,0.7962579131126404,0.4771074950695038,0.7966111898422241,0.0,0.0,0.0,0.0,0.0,0.0,0.0,0.0,0.5488100647926331,0.3940710425376892
0.5525045990943909,0.2629541456699371,0.5715939402580261,0.2411307245492935,0.5315387845039368,0.2425869405269622,0.5951312184333801,0.2728708684444427,0.5043750405311584,0.2759633064270019,0.6266800165176392,0.399803102016449,0.4696082472801208,0.3954949676990509,0.6911360621452332,0.4392266869544983,0.4354598224163055,0.3989887833595276,0.7077571153640747,0.418343037366867,0.4443685412406921,0.4056022763252258,0.6100074052810669,0.809819757938385,0.4789445698261261,0.8096448183059692,0.0,0.0,0.0,0.0,0.0,0.0,0.0,0.0,0.5473517775535583,0.396764725446701
0.5542073249816895,0.2598649263381958,0.5735172629356384,0.2368632107973098,0.5361723303794861,0.2356863766908645,0.5986788868904114,0.2723507285118103,0.5086222290992737,0.2647817730903625,0.6324514746665955,0.4007640779018402,0.470496118068695,0.3996052145957947,0.7133520841598511,0.4682240784168243,0.3964600265026092,0.4309281408786773,0.6860241889953613,0.2909537255764007,0.4448177814483642,0.2580266892910003,0.6115730404853821,0.8307988047599792,0.4811397492885589,0.8283494710922241,0.0,0.0,0.0,0.0,0.0,0.0,0.0,0.0,0.5502756237983704,0.4000792205333709
0.5526860952377319,0.2597404718399048,0.5711219906806946,0.2356727421283722,0.533704400062561,0.2344038039445877,0.5950441360473633,0.2664274573326111,0.5036422610282898,0.2638783752918243,0.6323485970497131,0.3987286686897278,0.466739147901535,0.3983713984489441,0.7154382467269897,0.4834415018558502,0.3913288712501526,0.4429658055305481,0.677169144153595,0.2971737384796142,0.4368955790996551,0.2969247698783874,0.6130294799804688,0.8278995752334595,0.4804873466491699,0.8264537453651428,0.0,0.0,0.0,0.0,0.0,0.0,0.0,0.0,0.5488956570625305,0.3972043097019195
0.5515926480293274,0.2581359148025512,0.5719394683837891,0.2345738857984542,0.530716061592102,0.2356896251440048,0.5957502126693726,0.2675740122795105,0.4990435242652893,0.2695516347885132,0.6331459879875183,0.3975314199924469,0.4660244584083557,0.3995954394340515,0.709655225276947,0.4865978360176086,0.3962284028530121,0.4538741409778595,0.6703134179115295,0.3228510320186615,0.4479407668113708,0.3021717369556427,0.6152995824813843,0.814788281917572,0.482113778591156,0.8141679167747498,0.0,0.0,0.0,0.0,0.0,0.0,0.0,0.0,0.5484446287155151,0.3967404961585998
0.5523844957351685,0.2592127621173858,0.5732352137565613,0.2361911088228225,0.5327410697937012,0.2361529022455215,0.5992735028266907,0.2724147737026214,0.5035157799720764,0.2675701975822449,0.6329100728034973,0.4061758816242218,0.4572494626045227,0.4067457318305969,0.7162970304489136,0.5064015984535217,0.3995454609394073,0.4736463725566864,0.6935518980026245,0.3438655734062195,0.4369434714317322,0.3281519711017608,0.6142236590385437,0.8291188478469849,0.4789779484272003,0.8274934887886047,0.0,0.0,0.0,0.0,0.0,0.0,0.0,0.0,0.5456252694129944,0.4060390293598175
0.5524106025695801,0.2589510083198547,0.5721988081932068,0.2377106249332428,0.5323182940483093,0.2395575791597366,0.5969563126564026,0.2687819302082062,0.5048409700393677,0.273771196603775,0.6386451125144958,0.4067335724830627,0.4590865075588226,0.4054724872112274,0.7060145139694214,0.5448904633522034,0.3878674805164337,0.5607074499130249,0.7160677313804626,0.4856323599815368,0.4231689870357513,0.4569465219974518,0.6119775772094727,0.8117064833641052,0.4776880145072937,0.812116265296936,0.0,0.0,0.0,0.0,0.0,0.0,0.0,0.0,0.5500983595848083,0.4059602320194244
0.5525087714195251,0.2573554813861847,0.5726340413093567,0.2362836450338363,0.5332275629043579,0.2365612238645553,0.5968882441520691,0.2669084668159485,0.5066681504249573,0.2711826264858246,0.6449150443077087,0.4082888960838318,0.4616866111755371,0.4110903441905975,0.692893922328949,0.5742243528366089,0.4210173189640045,0.575404167175293,0.7049131393432617,0.6566411256790161,0.4342747032642364,0.6477047801017761,0.6033938527107239,0.8134555220603943,0.4829013347625732,0.8096500039100647,0.0,0.0,0.0,0.0,0.0,0.0,0.0,0.0,0.5522715449333191,0.4098721444606781
0.5530754327774048,0.2568056285381317,0.5733202695846558,0.2347632795572281,0.5337821841239929,0.2347980439662933,0.5976647138595581,0.2643007636070251,0.5075496435165405,0.2672800421714782,0.6472199559211731,0.4111874103546142,0.4609883427619934,0.4111672341823578,0.6904920935630798,0.5811082124710083,0.4231864511966705,0.57720947265625,0.7041663527488708,0.6703602075576782,0.4383352100849151,0.6484614610671997,0.6005538105964661,0.8263462781906128,0.4820232987403869,0.812042236328125,0.0,0.0,0.0,0.0,0.0,0.0,0.0,0.0,0.5529148578643799,0.4107068479061126
0.5547488331794739,0.2576709687709808,0.5749725103378296,0.2358207404613495,0.5348729491233826,0.2353523820638656,0.5987139940261841,0.2649970352649688,0.5069869160652161,0.2669427096843719,0.6438194513320923,0.4041006565093994,0.4584550857543945,0.4075758159160614,0.7022519707679749,0.5301665663719177,0.3962411284446716,0.4982951283454895,0.7026665806770325,0.563901424407959,0.4201148152351379,0.5328295826911926,0.6103039979934692,0.813662052154541,0.4764133989810943,0.8135164380073547,0.0,0.0,0.0,0.0,0.0,0.0,0.0,0.0,0.5521869659423828,0.4060080647468567
0.5540287494659424,0.2594157457351684,0.5759567618370056,0.2365167438983917,0.5339094996452332,0.2355912029743194,0.6013444066047668,0.2747877538204193,0.5041775107383728,0.2671491503715515,0.6316238641738892,0.4027847349643707,0.4597878158092499,0.4010148346424103,0.7117943167686462,0.4907951354980469,0.402127206325531,0.4688275456428528,0.6913358569145203,0.3450842499732971,0.4416744410991668,0.3454711437225342,0.612246036529541,0.8160175681114197,0.4778213500976562,0.8154746890068054,0.0,0.0,0.0,0.0,0.0,0.0,0.0,0.0,0.545802652835846,0.400045096874237
0.5555258989334106,0.2593004703521728,0.5745372772216797,0.2363703548908233,0.5365436673164368,0.2336793094873428,0.596875011920929,0.2736935913562774,0.5041869878768921,0.264632910490036,0.6329650282859802,0.3992307186126709,0.4642956256866455,0.4001827538013458,0.7165468335151672,0.4714892506599426,0.3959484100341797,0.4348650872707367,0.6831993460655212,0.2753597795963287,0.4487894475460052,0.2749490141868591,0.6145497560501099,0.8162150979042053,0.4806224703788757,0.8255485892295837,0.0,0.0,0.0,0.0,0.0,0.0,0.0,0.0,0.5485488772392273,0.3988877236843109
0.5517718195915222,0.2589071691036224,0.571871817111969,0.2354764491319656,0.5309823751449585,0.2367123812437057,0.5977508425712585,0.2698552310466766,0.4985942840576172,0.2713082432746887,0.6362528204917908,0.3976981043815613,0.4618511497974396,0.3975569605827331,0.7187924385070801,0.4581711292266845,0.3871936798095703,0.4170897305011749,0.678549587726593,0.317579984664917,0.4448470175266266,0.2976433634757995,0.6168826222419739,0.8154706358909607,0.4791099429130554,0.8154126405715942,0.0,0.0,0.0,0.0,0.0,0.0,0.0,0.0,0.5489183664321899,0.3945571780204773
0.5525696873664856,0.2594370543956756,0.573887825012207,0.2370022982358932,0.5327184796333313,0.2369860261678695,0.5977538228034973,0.2734634280204773,0.5008328557014465,0.2719022333621979,0.6329094767570496,0.3977744877338409,0.4628582000732422,0.3984017968177795,0.7164508104324341,0.4569740295410156,0.3953124582767486,0.4303619563579559,0.6754630208015442,0.3103800117969513,0.4396611750125885,0.3110009729862213,0.6162943243980408,0.8143574595451355,0.4796649813652038,0.8153547644615173,0.0,0.0,0.0,0.0,0.0,0.0,0.0,0.0,0.5474796891212463,0.3962996006011963
0.5508642792701721,0.2618402540683746,0.570523202419281,0.2385406643152237,0.5312824845314026,0.2383982390165329,0.5974147915840149,0.2753855288028717,0.5005553960800171,0.2734623253345489,0.6327959895133972,0.4017664492130279,0.4603200554847717,0.4154752790927887,0.7151684761047363,0.4848734438419342,0.3994145393371582,0.4513499438762665,0.0,0.0,0.4523747265338897,0.2912791073322296,0.6152410507202148,0.825683057308197,0.4803411662578583,0.8272467851638794,0.0,0.0,0.0,0.0,0.0,0.0,0.0,0.0,0.546980619430542,0.4069395065307617
0.5512311458587646,0.2601328194141388,0.5710213780403137,0.2387311458587646,0.5305712819099426,0.2404896467924118,0.5950913429260254,0.2768494784832001,0.5023179650306702,0.2805492281913757,0.6335116028785706,0.4123539328575134,0.464192122220993,0.4227478504180908,0.7126026153564453,0.5045473575592041,0.4185259640216827,0.4953846633434295,0.703266441822052,0.2964112460613251,0.4439631402492523,0.3838932514190674,0.6112392544746399,0.8160147070884705,0.4797693789005279,0.8147720694541931,0.0,0.0,0.0,0.0,0.0,0.0,0.0,0.0,0.5482153296470642,0.4156500995159149
0.5499950051307678,0.2615871429443359,0.5702381134033203,0.2392123788595199,0.5302382707595825,0.2412276118993759,0.5963323712348938,0.2666502892971039,0.5044508576393127,0.2742461562156677,0.6436247229576111,0.4045111536979675,0.4573423564434051,0.4096329808235168,0.6962917447090149,0.5654852986335754,0.3886972069740295,0.5272039771080017,0.0,0.0,0.4313418567180633,0.5499898791313171,0.6142129898071289,0.8135315775871277,0.4791851937770843,0.8131365180015564,0.0,0.0,0.0,0.0,0.0,0.0,0.0,0.0,0.5516828894615173,0.4076431095600128
0.5512588620185852,0.2580878138542175,0.5713282823562622,0.2362450659275055,0.5320690274238586,0.2382144033908844,0.5970133543014526,0.2642005085945129,0.5069665312767029,0.2718324363231659,0.6476646065711975,0.407985508441925,0.4611346423625946,0.4140623211860657,0.682165801525116,0.5931369066238403,0.4339670240879059,0.5861523747444153,0.6934576034545898,0.7073494791984558,0.4293820858001709,0.7164417505264282,0.6123520135879517,0.7979793548583984,0.4871460497379303,0.7925902009010315,0.0,0.0,0.0,0.0,0.0,0.0,0.0,0.0,0.5533353090286255,0.4123694896697998
0.5513911843299866,0.2564163506031036,0.5712606310844421,0.2343014776706695,0.5324393510818481,0.2353105545043945,0.5967463254928589,0.2621351182460785,0.5076304078102112,0.2675919830799103,0.6478177905082703,0.4096085131168365,0.4616285860538482,0.4139431118965149,0.6816381812095642,0.5859395861625671,0.4310281872749328,0.5840762853622437,0.6938571929931641,0.7041953802108765,0.4319864809513092,0.700345516204834,0.6056011319160461,0.7967916131019592,0.4856367409229278,0.7908480763435364,0.0,0.0,0.0,0.0,0.0,0.0,0.0,0.0,0.5536023378372192,0.4130609631538391
0.5510799288749695,0.2575375437736511,0.570993959903717,0.2355835437774658,0.5319588780403137,0.2369302213191986,0.5964937806129456,0.2646076381206512,0.5067632794380188,0.2714049816131592,0.6438166499137878,0.4063827395439148,0.4604641795158386,0.4099686741828918,0.7003553509712219,0.5571854710578918,0.407427579164505,0.5541035532951355,0.698203980922699,0.6219419836997986,0.4386166632175445,0.5961037874221802,0.6028178930282593,0.8258295059204102,0.4790127873420715,0.8152052760124207,0.0,0.0,0.0,0.0,0.0,0.0,0.0,0.0,0.5511685609817505,0.4090721905231476
0.5500128865242004,0.2591907680034637,0.5695637464523315,0.2370217591524124,0.5294943451881409,0.2381848096847534,0.5937339663505554,0.2726406753063202,0.5025333762168884,0.27360999584198,0.630696177482605,0.4037850499153137,0.4597173035144806,0.4122020602226257,0.7079872488975525,0.4886868596076965,0.4108486473560333,0.4713821709156036,0.6853418946266174,0.3131903707981109,0.4492992460727691,0.3532801270484924,0.6133041977882385,0.8151668310165405,0.4811607301235199,0.8137832283973694,0.0,0.0,0.0,0.0,0.0,0.0,0.0,0.0,0.5462592840194702,0.4055834710597992
0.5499928593635559,0.2596479952335357,0.5709185004234314,0.2354179173707962,0.5313466787338257,0.2369260936975479,0.5993131995201111,0.2693012356758117,0.504019558429718,0.2707458138465881,0.6333687901496887,0.4010085761547088,0.4618218839168548,0.4028054773807525,0.7123330235481262,0.4956439137458801,0.3996868431568146,0.4722486436367035,0.6824445128440857,0.3304764926433563,0.4474976360797882,0.3201038837432861,0.6150676012039185,0.8260942101478577,0.4813629984855652,0.8164611458778381,0.0,0.0,0.0,0.0,0.0,0.0,0.0,0.0,0.547421932220459,0.4004421234130859
0.561091423034668,0.2476635426282882,0.5810813307762146,0.2247013002634048,0.5402270555496216,0.225608542561531,0.6068759560585022,0.261399894952774,0.5113158822059631,0.2616676986217499,0.6530218124389648,0.4051492214202881,0.4581864774227142,0.4005536437034607,0.7823753356933594,0.4464717209339142,0.3316523432731628,0.4049173891544342,0.7618185877799988,0.2375272363424301,0.3569021224975586,0.1875901520252227,0.621825098991394,0.849281370639801,0.4769428372383117,0.8424512147903442,0.0,0.0,0.0,0.0,0.0,0.0,0.0,0.0,0.5554102659225464,0.3997209966182709
0.5606200098991394,0.25149667263031,0.5803305506706238,0.2288758009672165,0.5398951172828674,0.2313709259033203,0.6052022576332092,0.266565591096878,0.5123428106307983,0.2700991928577423,0.6496989130973816,0.4052354395389557,0.4598094820976257,0.4048962593078613,0.7763561606407166,0.4119096100330353,0.3394498229026794,0.3635153174400329,0.7965496182441711,0.2383465766906738,0.3435574173927307,0.1847259998321533,0.61930912733078,0.8499292135238647,0.4781375825405121,0.843267560005188,0.0,0.0,0.0,0.0,0.0,0.0,0.0,0.0,0.5546061396598816,0.4033296108245849
0.5565008521080017,0.2523505091667175,0.5750699639320374,0.2278450578451156,0.5353556275367737,0.231285348534584,0.6022839546203613,0.2593959867954254,0.5091249942779541,0.2660369575023651,0.6511619687080383,0.4021341204643249,0.4621255397796631,0.4022532999515533,0.7739003896713257,0.429189383983612,0.349567174911499,0.3780700266361236,0.7973957061767578,0.3141706585884094,0.3406834304332733,0.2577058672904968,0.6218324899673462,0.8482330441474915,0.4798226952552795,0.8324919939041138,0.0,0.0,0.0,0.0,0.0,0.0,0.0,0.0,0.5554565787315369,0.4001642763614654
0.5567999482154846,0.24929840862751,0.5756801962852478,0.2246905118227005,0.5362054109573364,0.2285173237323761,0.6022671461105347,0.2562955617904663,0.5088943839073181,0.2622018158435821,0.6523089408874512,0.4049420952796936,0.4590741991996765,0.4044241607189178,0.7972231507301331,0.4168851673603058,0.3326598107814789,0.3712171614170074,0.8136295080184937,0.2442657053470611,0.3289403617382049,0.1878902465105056,0.6203947067260742,0.854423463344574,0.4790007472038269,0.8478160500526428,0.0,0.0,0.0,0.0,0.0,0.0,0.0,0.0,0.5538294315338135,0.4017656147480011
0.5572065114974976,0.2465628534555435,0.577731728553772,0.2231781333684921,0.5355228781700134,0.2263257056474685,0.6044966578483582,0.2581918835639953,0.506500780582428,0.2640761733055115,0.6522178053855896,0.4047710299491882,0.4548493027687073,0.4046548306941986,0.7955992817878723,0.3992358744144439,0.3245843350887298,0.360803872346878,0.8021349310874939,0.2151993662118911,0.338646799325943,0.1454660147428512,0.6223810911178589,0.8563665151596069,0.4781800806522369,0.8509133458137512,0.0,0.0,0.0,0.0,0.0,0.0,0.0,0.0,0.5534076690673828,0.4023100733757019
0.5587983727455139,0.2466739565134048,0.5803194642066956,0.221525102853775,0.5368838310241699,0.2243720591068267,0.6071860194206238,0.2574701905250549,0.5079740285873413,0.2633047997951507,0.6544081568717957,0.4015255570411682,0.4508660733699798,0.4015496373176574,0.8036511540412903,0.4032119214534759,0.3093381524085998,0.3636262714862823,0.7856646180152893,0.2080986946821212,0.3899561464786529,0.1005759909749031,0.6293023824691772,0.8676257729530334,0.4774403572082519,0.8497871160507202,0.0,0.0,0.0,0.0,0.0,0.0,0.0,0.0,0.5536931157112122,0.3990014493465423
0.5584396719932556,0.2485872656106948,0.5796537399291992,0.223313957452774,0.535896360874176,0.2270010858774185,0.6071680784225464,0.2572371065616607,0.5063225626945496,0.2625461518764496,0.6549849510192871,0.401896208524704,0.4498758316040039,0.4027073085308075,0.7947949171066284,0.4032225608825683,0.3114294707775116,0.363991916179657,0.7738770842552185,0.2290578782558441,0.3685919642448425,0.2084042578935623,0.629768967628479,0.8658662438392639,0.4760100245475769,0.8474639654159546,0.0,0.0,0.0,0.0,0.0,0.0,0.0,0.0,0.5525763034820557,0.3998353183269501
0.5570928454399109,0.2502616941928863,0.5779644846916199,0.225038394331932,0.5358793139457703,0.2283965647220611,0.6052837371826172,0.2612907290458679,0.506834089756012,0.269497275352478,0.6534746885299683,0.4040239751338959,0.4523995816707611,0.4019244611263275,0.7913152575492859,0.3825884461402893,0.3245666027069092,0.3524536490440368,0.7701791524887085,0.183354839682579,0.3634954392910003,0.1340896934270858,0.6278735399246216,0.8664941787719727,0.4783103168010711,0.8497953414916992,0.0,0.0,0.0,0.0,0.0,0.0,0.0,0.0,0.5515242218971252,0.4009235799312591
0.5576829314231873,0.2478484809398651,0.5771705508232117,0.2278569936752319,0.5366215109825134,0.2291878163814544,0.6000210642814636,0.2667025923728943,0.5076786875724792,0.2706795334815979,0.637805163860321,0.4021406769752502,0.4586389660835266,0.3972616791725158,0.7806128263473511,0.360680341720581,0.3365349471569061,0.3225118517875671,0.8033131957054138,0.1986228376626968,0.3410351276397705,0.1133202463388443,0.6164615750312805,0.8523908853530884,0.4804399609565735,0.8491496443748474,0.0,0.0,0.0,0.0,0.0,0.0,0.0,0.0,0.5451897978782654,0.3991900384426117
0.5555957555770874,0.2464176416397094,0.5749235153198242,0.2252154201269149,0.5341484546661377,0.2280412167310714,0.6010104417800903,0.2619954943656921,0.5067034363746643,0.2689809203147888,0.6446148157119751,0.403848260641098,0.4585836827754974,0.39715376496315,0.7876223921775818,0.3383044898509979,0.3353349268436432,0.3171877264976501,0.8205312490463257,0.2174255549907684,0.3291138708591461,0.1571003943681717,0.6172412037849426,0.8555776476860046,0.4799735844135284,0.8513805270195007,0.0,0.0,0.0,0.0,0.0,0.0,0.0,0.0,0.546797513961792,0.3995340466499328
0.5561049580574036,0.2448557764291763,0.5761016607284546,0.223788246512413,0.5347179174423218,0.2262695580720901,0.6022400259971619,0.2624508738517761,0.5057724118232727,0.2696779370307922,0.6449837684631348,0.3955209255218506,0.4589649140834808,0.3913254737854004,0.7915139198303223,0.3316492140293121,0.3344426155090332,0.2990663945674896,0.8132530450820923,0.1836918741464615,0.3290810585021972,0.1050391793251037,0.6202419400215149,0.8477939367294312,0.4809039533138275,0.8445011377334595,0.0,0.0,0.0,0.0,0.0,0.0,0.0,0.0,0.5477400422096252,0.3924141526222229
0.557594895362854,0.2440362423658371,0.5779937505722046,0.2198822498321533,0.5351091623306274,0.2247650474309921,0.6072176098823547,0.2544547915458679,0.5073880553245544,0.2638567984104156,0.6534906029701233,0.3882960677146911,0.4597099125385284,0.3861701190471649,0.8054550886154175,0.3292211592197418,0.3247213363647461,0.3059968650341034,0.8093261122703552,0.1362883746623993,0.3392866551876068,0.0843676775693893,0.6202279329299927,0.8497519493103027,0.478207916021347,0.8440467715263367,0.0,0.0,0.0,0.0,0.0,0.0,0.0,0.0,0.5554647445678711,0.386859267950058
0.5573506951332092,0.2439989000558853,0.5784841179847717,0.2195954769849777,0.5351284742355347,0.2237244844436645,0.6082800626754761,0.2552728056907654,0.5070384740829468,0.2617455720901489,0.6590996384620667,0.3896980285644531,0.4600478112697601,0.3889563977718353,0.8156785368919373,0.3392763137817383,0.3159494698047638,0.3136049211025238,0.7926843762397766,0.1782923191785812,0.3565024733543396,0.0847536996006965,0.6255859732627869,0.850174069404602,0.4799688458442688,0.8450875282287598,0.0,0.0,0.0,0.0,0.0,0.0,0.0,0.0,0.5598188638687134,0.3885306715965271
0.5584474205970764,0.247522160410881,0.5807793736457825,0.223019927740097,0.536220371723175,0.2261127382516861,0.6096462607383728,0.260263442993164,0.5073253512382507,0.2643588483333587,0.6563030481338501,0.3960624635219574,0.4576595425605774,0.3899177014827728,0.806369960308075,0.3497709333896637,0.3162383735179901,0.3152423202991485,0.7923679947853088,0.1807854622602462,0.3434343636035919,0.1304906904697418,0.6258962750434875,0.8509664535522461,0.4799475371837616,0.8452903628349304,0.0,0.0,0.0,0.0,0.0,0.0,0.0,0.0,0.5571072697639465,0.3917019963264465
0.5604459047317505,0.2479974031448364,0.580582320690155,0.2254641950130462,0.5392057299613953,0.2277023643255233,0.6050806045532227,0.2643558084964752,0.5088522434234619,0.2680038809776306,0.6409611701965332,0.3981789648532867,0.4575883746147156,0.3913450241088867,0.7880670428276062,0.3411190509796142,0.3329325020313263,0.3173987865447998,0.8073442578315735,0.1532138735055923,0.3366799354553222,0.0840949788689613,0.6186833381652832,0.8480294942855835,0.4786901473999023,0.8441489934921265,0.0,0.0,0.0,0.0,0.0,0.0,0.0,0.0,0.5470277667045593,0.3926678001880646
0.55790776014328,0.250996857881546,0.5771850943565369,0.2270022928714752,0.5368993878364563,0.2299172580242157,0.6027923226356506,0.2625289559364319,0.5087404847145081,0.2676000893115997,0.6407874226570129,0.4017615914344787,0.4585123062133789,0.3975894153118133,0.78851318359375,0.3418236076831817,0.3389076590538025,0.3343149721622467,0.8426722288131714,0.1055990308523178,0.3257223963737488,0.1494734138250351,0.6170805096626282,0.8544182777404785,0.4798114597797394,0.8496432304382324,0.0,0.0,0.0,0.0,0.0,0.0,0.0,0.0,0.5465530157089233,0.3980562686920166
0.5571955442428589,0.2514892816543579,0.5763515830039978,0.2277825772762298,0.5372658967971802,0.2305632084608078,0.6016930341720581,0.2605330348014831,0.5094417333602905,0.2657226622104645,0.6453657150268555,0.4010791480541229,0.4600516855716705,0.3989337980747223,0.780301570892334,0.3677724003791809,0.3434042930603027,0.3512215316295624,0.8146610856056213,0.2347240447998047,0.3241164982318878,0.2034411579370498,0.6165449023246765,0.8502792119979858,0.4797950088977813,0.8452369570732117,0.0,0.0,0.0,0.0,0.0,0.0,0.0,0.0,0.5491949915885925,0.398567646741867
0.5575116872787476,0.2507427036762237,0.5763290524482727,0.2277195155620575,0.5370926260948181,0.2296203374862671,0.6003097295761108,0.2620222568511963,0.5083245635032654,0.2650074064731598,0.6446207761764526,0.3982124626636505,0.4595275819301605,0.3986654877662658,0.7894379496574402,0.3652069270610809,0.336480438709259,0.3415634632110595,0.8164979219436646,0.1673530638217926,0.3274073302745819,0.1771974414587021,0.619476854801178,0.8501896262168884,0.4815223515033722,0.8461633920669556,0.0,0.0,0.0,0.0,0.0,0.0,0.0,0.0,0.549114465713501,0.3969207108020782
0.5585238337516785,0.2496364414691925,0.5778722763061523,0.225905492901802,0.5369186997413635,0.2296674400568008,0.6032518148422241,0.2596367001533508,0.5076198577880859,0.2676088511943817,0.6504488587379456,0.3979787230491638,0.4562212526798248,0.3961896598339081,0.7930384874343872,0.3684103190898895,0.3269540965557098,0.3292980194091797,0.7947088479995728,0.1982321441173553,0.3518998026847839,0.1001529917120933,0.6222065687179565,0.8511566519737244,0.4803219139575958,0.8467289805412292,0.0,0.0,0.0,0.0,0.0,0.0,0.0,0.0,0.5528505444526672,0.3950799405574798
0.5570870041847229,0.2480420619249344,0.5787903666496277,0.2227030843496322,0.5346535444259644,0.2259956449270248,0.6069726943969727,0.2586474120616913,0.5042455792427063,0.2639545500278473,0.6572388410568237,0.3976388275623321,0.4532513320446014,0.3913498222827911,0.7967599034309387,0.3654895424842834,0.3266666829586029,0.32581827044487,0.7678321599960327,0.1829470694065094,0.386519193649292,0.1119153648614883,0.6295111775398254,0.8504050374031067,0.4802959263324737,0.8448399305343628,0.0,0.0,0.0,0.0,0.0,0.0,0.0,0.0,0.5549468398094177,0.3927574753761291
0.5566838383674622,0.2501402497291565,0.5773931741714478,0.2241128385066986,0.5344541668891907,0.2286010235548019,0.604747474193573,0.2572510838508606,0.504662811756134,0.2660441994667053,0.6520408987998962,0.3952706754207611,0.454042375087738,0.3914129137992859,0.7839621305465698,0.3722053468227386,0.3313493132591247,0.3270264565944671,0.7543725371360779,0.2080761045217514,0.3836281895637512,0.1764879673719406,0.6279746890068054,0.8528183698654175,0.4780944287776947,0.8460755944252014,0.0,0.0,0.0,0.0,0.0,0.0,0.0,0.0,0.5512958765029907,0.3922708928585052
0.5572161674499512,0.2511340081691742,0.5777755975723267,0.2281940877437591,0.5347754955291748,0.2296837270259857,0.6016641855239868,0.269725352525711,0.5027447938919067,0.2686114311218261,0.6454925537109375,0.3994479775428772,0.4532141983509063,0.3938665688037872,0.7653756737709045,0.3691751658916473,0.339800626039505,0.3165673315525055,0.7320936322212219,0.1900033205747604,0.4268457293510437,0.1138749346137046,0.6199554800987244,0.8476433753967285,0.4795640408992767,0.8325077891349792,0.0,0.0,0.0,0.0,0.0,0.0,0.0,0.0,0.5468991994857788,0.3956259191036224
0.5555835962295532,0.2577266693115234,0.5767262578010559,0.2367693483829498,0.53361576795578,0.233993723988533,0.5987749099731445,0.2779248058795929,0.5001827478408813,0.2680459916591644,0.6344636082649231,0.4039120674133301,0.4604531228542328,0.3900823295116424,0.7290671467781067,0.3563436865806579,0.3817877173423767,0.3137698173522949,0.6886820197105408,0.1541820615530014,0.4446247518062591,0.1208121851086616,0.6110445261001587,0.8468077778816223,0.4767695963382721,0.8328678011894226,0.0,0.0,0.0,0.0,0.0,0.0,0.0,0.0,0.5453553199768066,0.3959709703922272
0.554851233959198,0.2561148107051849,0.5761574506759644,0.2359457015991211,0.5347907543182373,0.231245756149292,0.6014108657836914,0.2623480260372162,0.504115879535675,0.249794140458107,0.6445904970169067,0.3911405205726623,0.4701290428638458,0.3769591152667999,0.6885923743247986,0.3244217038154602,0.4054696559906006,0.3586850762367248,0.6603449583053589,0.2095587700605392,0.4815537631511688,0.2385624200105667,0.6089650392532349,0.8165293335914612,0.4763914048671722,0.8133286237716675,0.0,0.0,0.0,0.0,0.0,0.0,0.0,0.0,0.5564908385276794,0.3836759626865387
0.5532150864601135,0.2624573111534118,0.5751428604125977,0.2380522787570953,0.5320056676864624,0.2396316230297088,0.6054196953773499,0.2585764825344085,0.50507652759552,0.2610956728458404,0.6447311639785767,0.3923169672489166,0.4736555218696594,0.3841762244701385,0.6844355463981628,0.3694789111614227,0.4151695370674133,0.3674108684062958,0.6546491384506226,0.255510002374649,0.482347697019577,0.2696694135665893,0.6094027161598206,0.8181309700012207,0.4773657321929931,0.8134550452232361,0.0,0.0,0.0,0.0,0.0,0.0,0.0,0.0,0.5604762434959412,0.3865779042243957
0.5598893761634827,0.2555775940418243,0.5805225372314453,0.2354417592287063,0.5401886105537415,0.2274328023195266,0.6005018353462219,0.2616041898727417,0.5035929679870605,0.2459150552749633,0.6348664164543152,0.3919927477836609,0.4679392278194427,0.3797248899936676,0.7091493606567383,0.3844948709011078,0.4086824953556061,0.3671507239341736,0.6522964835166931,0.2118972241878509,0.4881922900676727,0.240372747182846,0.6143866777420044,0.8168017268180847,0.4780943393707275,0.8148472905158997,0.0,0.0,0.0,0.0,0.0,0.0,0.0,0.0,0.5508187413215637,0.3847915530204773
0.5572627782821655,0.2481934279203415,0.5742773413658142,0.2313626557588577,0.5447878241539001,0.2234160155057907,0.5937885046005249,0.2635116875171661,0.5157522559165955,0.2384435981512069,0.6374492049217224,0.3940832614898681,0.4596944153308868,0.3646558821201324,0.7009180784225464,0.3836181759834289,0.4199223816394806,0.3469511866569519,0.62708580493927,0.2189444303512573,0.5026620030403137,0.2230170965194702,0.6101496815681458,0.8128596544265747,0.4786065518856048,0.8119876980781555,0.0,0.0,0.0,0.0,0.0,0.0,0.0,0.0,0.5503274202346802,0.3809745609760284
0.5609397292137146,0.2568632960319519,0.5762332081794739,0.2396060526371002,0.5445059537887573,0.235195130109787,0.5985745787620544,0.2752850949764251,0.5126478672027588,0.2607854902744293,0.6486662030220032,0.3949052691459656,0.4641280472278595,0.375895082950592,0.6931895613670349,0.3792802691459656,0.4212703704833984,0.3432109355926513,0.0,0.0,0.5115410089492798,0.2228931486606598,0.6116754412651062,0.811053454875946,0.4778080284595489,0.8106585741043091,0.0,0.0,0.0,0.0,0.0,0.0,0.0,0.0,0.557922899723053,0.3849991261959076
0.5611138343811035,0.2586128115653991,0.5773490071296692,0.2451008707284927,0.5408521890640259,0.237931415438652,0.5982846617698669,0.2745582461357116,0.5061987042427063,0.2620355188846588,0.6462879180908203,0.3951167464256286,0.4688791334629059,0.3809492290019989,0.6799829602241516,0.3111325800418854,0.4163410663604736,0.355989933013916,0.6356306076049805,0.1665271073579788,0.5219935178756714,0.187294915318489,0.611147940158844,0.8169569373130798,0.478570282459259,0.8150998950004578,0.0,0.0,0.0,0.0,0.0,0.0,0.0,0.0,0.5560851693153381,0.385885626077652
0.5655674338340759,0.2731566727161407,0.5842569470405579,0.2508958876132965,0.549441397190094,0.2459300011396408,0.6003866791725159,0.2712322771549225,0.5117419362068176,0.2573945522308349,0.630052387714386,0.3850908875465393,0.4660997688770294,0.3711807131767273,0.6894782781600952,0.3958143293857574,0.4227531254291534,0.3694230914115906,0.6582967638969421,0.271159291267395,0.4890580773353576,0.285217821598053,0.6109275817871094,0.8108697533607483,0.4779120981693268,0.8098791241645813,0.0,0.0,0.0,0.0,0.0,0.0,0.0,0.0,0.5492784380912781,0.3794704079627991
0.5628553628921509,0.2701963186264038,0.5822896361351013,0.24626524746418,0.5457223057746887,0.2425810247659683,0.6014575958251953,0.2664986848831177,0.5110670924186707,0.2584134638309479,0.6305845379829407,0.3930132687091827,0.4687182903289795,0.3822049498558044,0.6931676864624023,0.4026966691017151,0.4199751317501068,0.373464822769165,0.6559472680091858,0.2813864350318908,0.4882211685180664,0.2856304943561554,0.6099228262901306,0.8130769729614258,0.4780558049678802,0.8105599284172058,0.0,0.0,0.0,0.0,0.0,0.0,0.0,0.0,0.5500118136405945,0.3856455385684967
0.5619878172874451,0.2555145621299743,0.5835529565811157,0.2356260865926742,0.5427045226097107,0.2291416078805923,0.6050176024436951,0.2625473439693451,0.5077345371246338,0.250904768705368,0.6371493935585022,0.3941158652305603,0.4677484929561615,0.3846490681171417,0.7022392153739929,0.3841334283351898,0.4045834541320801,0.3610862791538238,0.6492458581924438,0.2076971381902694,0.4883324801921844,0.236741617321968,0.6133163571357727,0.827972948551178,0.4782458841800689,0.8150049448013306,0.0,0.0,0.0,0.0,0.0,0.0,0.0,0.0,0.551925539970398,0.3876886069774627
0.5641338229179382,0.2566544711589813,0.5809798836708069,0.2348384410142898,0.543808102607727,0.2313105314970016,0.5994597673416138,0.2629137337207794,0.5102577805519104,0.2578509449958801,0.6364292502403259,0.4007058441638946,0.4696381986141205,0.3820777535438537,0.7042271494865417,0.3681031167507171,0.4039382040500641,0.3431348800659179,0.0,0.0,0.486348956823349,0.1851597130298614,0.6110149025917053,0.8312746286392212,0.4782856404781341,0.8262609243392944,0.0,0.0,0.0,0.0,0.0,0.0,0.0,0.0,0.5532282590866089,0.3883082568645477
0.5613451600074768,0.2566736340522766,0.5784769058227539,0.2357190102338791,0.543193519115448,0.2322985976934433,0.5945209264755249,0.2634101808071136,0.5098384618759155,0.2597917020320892,0.6379913687705994,0.4018706977367401,0.4650024771690368,0.3800848126411438,0.7068625092506409,0.3510620296001434,0.4009139835834503,0.3243471980094909,0.635201632976532,0.1912872791290283,0.4785988330841064,0.2216890156269073,0.6119260191917419,0.8277912735939026,0.4773662388324737,0.8152796626091003,0.0,0.0,0.0,0.0,0.0,0.0,0.0,0.0,0.5506892800331116,0.3873133957386017
0.5642252564430237,0.2601983845233917,0.5797865986824036,0.2389665842056274,0.5438734292984009,0.2342408150434494,0.5947139859199524,0.2679918110370636,0.5061810612678528,0.2616432905197143,0.6346744298934937,0.4046141505241394,0.466816246509552,0.3863942921161651,0.7010374069213867,0.3631695210933685,0.4037493169307709,0.332509309053421,0.0,0.0,0.4889828562736511,0.1429704576730728,0.6130785942077637,0.8305571675300598,0.4781998097896576,0.8269665837287903,0.0,0.0,0.0,0.0,0.0,0.0,0.0,0.0,0.5502040982246399,0.3921831250190735
0.5639475584030151,0.2625419497489929,0.5804368257522583,0.2400627881288528,0.5431424379348755,0.2342814356088638,0.5966181755065918,0.26836958527565,0.5074627995491028,0.2584749162197113,0.634922981262207,0.3988840579986572,0.471561998128891,0.3857788443565368,0.6951175332069397,0.3157489895820617,0.4182555377483368,0.3418720066547394,0.6537603139877319,0.1768452376127243,0.503022313117981,0.1800543367862701,0.613466203212738,0.8149644136428833,0.4798215925693512,0.8144215941429138,0.0,0.0,0.0,0.0,0.0,0.0,0.0,0.0,0.5515395998954773,0.3906304836273193
0.5551522970199585,0.2580990195274353,0.5774097442626953,0.2331223040819168,0.5322694182395935,0.2335492521524429,0.6048083901405334,0.2570737898349762,0.5022593140602112,0.2559117674827575,0.6380720734596252,0.3836760222911834,0.4707229137420654,0.3787547945976257,0.6968533396720886,0.4001825749874115,0.4157023727893829,0.3826844394207001,0.6703284382820129,0.2754298150539398,0.4792697727680206,0.2755032181739807,0.6125022172927856,0.814445972442627,0.4783260226249695,0.8137616515159607,0.0,0.0,0.0,0.0,0.0,0.0,0.0,0.0,0.5553835034370422,0.3788598179817199
0.5567620396614075,0.2566352784633636,0.5787842869758606,0.2299208343029022,0.5345225930213928,0.2297343313694,0.6037921905517578,0.2585075199604034,0.5038051009178162,0.254686176776886,0.6378991007804871,0.3944162428379059,0.4725611507892608,0.3854795098304748,0.7087556719779968,0.3883797526359558,0.4123405814170837,0.3660092055797577,0.6681947708129883,0.2345380038022995,0.4744169116020202,0.2527693808078766,0.6153197288513184,0.8134599924087524,0.4792094826698303,0.811883270740509,0.0,0.0,0.0,0.0,0.0,0.0,0.0,0.0,0.5545859336853027,0.38787442445755
0.5659910440444946,0.2525112926959991,0.5841576457023621,0.2300488948822021,0.5463438034057617,0.2272394895553589,0.6021789312362671,0.2593940198421478,0.5139055848121643,0.2534314095973968,0.6342694163322449,0.3928925693035126,0.469657689332962,0.3792555928230285,0.7100753784179688,0.3978409469127655,0.3994189798831939,0.3511111140251159,0.0,0.0,0.4846177101135254,0.232000470161438,0.6147991418838501,0.8168659806251526,0.4792194962501526,0.8142343759536743,0.0,0.0,0.0,0.0,0.0,0.0,0.0,0.0,0.5526078939437866,0.3836970329284668
0.5634977221488953,0.2519748210906982,0.5806437730789185,0.2311945855617523,0.5456498265266418,0.2267182916402816,0.5962010622024536,0.2564996182918548,0.5098637342453003,0.24854476749897,0.6338693499565125,0.3956178724765777,0.4650326073169708,0.3778066039085388,0.7105448842048645,0.3847998082637787,0.405556708574295,0.3631748259067535,0.6369274854660034,0.221829667687416,0.4866328537464142,0.2449981868267059,0.6155118942260742,0.8161934614181519,0.4796282947063446,0.8133127093315125,0.0,0.0,0.0,0.0,0.0,0.0,0.0,0.0,0.5495144724845886,0.384481817483902
0.5623190402984619,0.2526610493659973,0.5800857543945312,0.2303740531206131,0.5436690449714661,0.2272731214761734,0.5971253514289856,0.2592895030975342,0.5095271468162537,0.2538610994815826,0.6314629912376404,0.3964603841304779,0.4687599241733551,0.3849940299987793,0.7098485231399536,0.410248190164566,0.4012842178344726,0.3698265552520752,0.6429657340049744,0.2224315404891967,0.4804871380329132,0.2436933666467666,0.6155004501342773,0.8273457288742065,0.4802086949348449,0.8153998255729675,0.0,0.0,0.0,0.0,0.0,0.0,0.0,0.0,0.5485828518867493,0.3884318172931671
0.5620400905609131,0.2580613493919372,0.5816484689712524,0.2351328879594802,0.5423054099082947,0.232335090637207,0.6018519997596741,0.2688310146331787,0.5121678709983826,0.2573553323745727,0.6387041211128235,0.3962801098823547,0.4727339744567871,0.3899544775485992,0.7177107930183411,0.4137506484985351,0.4042665064334869,0.3786008656024933,0.6733067631721497,0.2055581659078598,0.4762079417705536,0.2156873494386673,0.6168217658996582,0.8265991806983948,0.4801099896430969,0.8152496218681335,0.0,0.0,0.0,0.0,0.0,0.0,0.0,0.0,0.5547902584075928,0.3930191099643707
0.5629181265830994,0.2573453783988952,0.5841780304908752,0.2338217347860336,0.54245924949646,0.234502911567688,0.6112226247787476,0.2707844078540802,0.5142061710357666,0.268555074930191,0.6422579884529114,0.3972133696079254,0.4750635623931885,0.3893100917339325,0.7203782796859741,0.368059903383255,0.4154581129550934,0.3457584679126739,0.7188735604286194,0.1999499648809433,0.4654527604579925,0.2237290292978286,0.61247718334198,0.8322677612304688,0.4787684082984924,0.8273077607154846,0.0,0.0,0.0,0.0,0.0,0.0,0.0,0.0,0.5577056407928467,0.3913923799991607
0.5618773698806763,0.2580510079860687,0.582818865776062,0.2357976585626602,0.5405574440956116,0.2354238480329513,0.6056804656982422,0.2701423764228821,0.5123692750930786,0.2664223313331604,0.6358509659767151,0.3980080783367157,0.4738953113555908,0.3896654546260834,0.7260870337486267,0.3805848062038421,0.4069378674030304,0.3528507053852081,0.7528835535049438,0.2791111171245575,0.4253479540348053,0.2568569779396057,0.6134787201881409,0.8334354162216187,0.4793799519538879,0.8282443284988403,0.0,0.0,0.0,0.0,0.0,0.0,0.0,0.0,0.5539944767951965,0.3932224214076996
0.563927173614502,0.2541153132915497,0.5836470723152161,0.2292781621217727,0.5426133871078491,0.230006918311119,0.6078208088874817,0.2615441381931305,0.5106005072593689,0.259734034538269,0.6467264890670776,0.3926882743835449,0.4715120792388916,0.3895584046840668,0.7410398721694946,0.4451745152473449,0.3895748555660248,0.4342480301856994,0.731670081615448,0.2947027385234833,0.4188102185726166,0.295200377702713,0.6202439665794373,0.8290460705757141,0.4840013980865478,0.8165546655654907,0.0,0.0,0.0,0.0,0.0,0.0,0.0,0.0,0.557720959186554,0.3909269273281097
0.5611077547073364,0.2471014708280563,0.580923855304718,0.2232801914215088,0.5407068133354187,0.2240367382764816,0.6069607734680176,0.2601391971111297,0.5105567574501038,0.2575587928295135,0.6474096179008484,0.3939357697963714,0.4637975990772247,0.397856205701828,0.7472501397132874,0.5225197076797485,0.3771624267101288,0.5119303464889526,0.6997684836387634,0.3643019199371338,0.4295330047607422,0.3474504053592682,0.6260782480239868,0.8289483785629272,0.4812910854816437,0.8252530097961426,0.0,0.0,0.0,0.0,0.0,0.0,0.0,0.0,0.5557786226272583,0.3930108845233917
0.5594404935836792,0.2472292184829712,0.5786635279655457,0.2218796163797378,0.5369449853897095,0.2244768887758255,0.6060451865196228,0.2483194023370742,0.507551908493042,0.2573021054267883,0.6483174562454224,0.3822940289974212,0.4707438349723816,0.4059960842132568,0.735801100730896,0.5589893460273743,0.3850589692592621,0.5935910940170288,0.6759723424911499,0.3718594908714294,0.4358974993228912,0.4069201648235321,0.6238099932670593,0.8279440999031067,0.4813413619995117,0.8258830904960632,0.0,0.0,0.0,0.0,0.0,0.0,0.0,0.0,0.5603681206703186,0.3880943357944488
0.5570053458213806,0.2479740530252456,0.5753119587898254,0.2227931916713714,0.5352862477302551,0.2259096950292587,0.6032038927078247,0.2537405788898468,0.5053879618644714,0.2589230537414551,0.649605929851532,0.3911418318748474,0.4625895917415619,0.4006055891513824,0.7437079548835754,0.5239046216011047,0.3796504139900207,0.5173091292381287,0.701137363910675,0.3588857650756836,0.4234734177589416,0.345964252948761,0.6226903200149536,0.8309717774391174,0.4785686433315277,0.8269162774085999,0.0,0.0,0.0,0.0,0.0,0.0,0.0,0.0,0.5563501715660095,0.3941839039325714
0.5563059449195862,0.2495915591716766,0.5744559168815613,0.2251603454351425,0.5339975357055664,0.2282942086458206,0.599396288394928,0.2582662105560303,0.5045090913772583,0.2631323635578155,0.6446881890296936,0.3949087262153625,0.4627873003482818,0.3996351361274719,0.7380195260047913,0.4870724380016327,0.3845113217830658,0.4720070958137512,0.7217791676521301,0.359655886888504,0.414822906255722,0.3281585574150085,0.6184544563293457,0.8312467932701111,0.4788964092731476,0.8261252641677856,0.0,0.0,0.0,0.0,0.0,0.0,0.0,0.0,0.5537698268890381,0.3960907161235809
0.5557300448417664,0.2524587213993072,0.573720395565033,0.2284456342458725,0.5339041352272034,0.2301992326974868,0.5973824262619019,0.2623126804828644,0.5056182146072388,0.2653656601905823,0.6440535187721252,0.3993803858757019,0.4640500843524933,0.4008512496948242,0.7351188659667969,0.4724700152873993,0.3957889080047607,0.4470498561859131,0.7444566488265991,0.3434328436851501,0.4062741696834564,0.3406161963939667,0.616949200630188,0.8323877453804016,0.4794965386390686,0.8272091150283813,0.0,0.0,0.0,0.0,0.0,0.0,0.0,0.0,0.5526508688926697,0.3985192775726318
0.5548580288887024,0.249863252043724,0.5737122893333435,0.2256806641817093,0.5331593155860901,0.2284424751996994,0.5991616249084473,0.259538859128952,0.5060274004936218,0.2639104723930359,0.6434438824653625,0.3970877528190613,0.4638629257678985,0.3994140028953552,0.7383832931518555,0.4777837097644806,0.3931226730346679,0.4598801732063293,0.7407296895980835,0.3622026145458221,0.4024000763893127,0.3427759110927582,0.6168476939201355,0.8344792723655701,0.4792561531066894,0.8282667398452759,0.0,0.0,0.0,0.0,0.0,0.0,0.0,0.0,0.5526876449584961,0.396584004163742
0.5586866736412048,0.2468887865543365,0.5773549675941467,0.2230856865644455,0.5357102751731873,0.2257411032915115,0.6015105843544006,0.2565974593162536,0.505557656288147,0.2600204348564148,0.6498173475265503,0.3964104652404785,0.4624263346195221,0.3996420204639435,0.7513102889060974,0.5016065835952759,0.3745284378528595,0.4916356205940246,0.7265738844871521,0.3680278360843658,0.4048388004302978,0.335049420595169,0.6197704076766968,0.8346847295761108,0.4771938920021057,0.8286162614822388,0.0,0.0,0.0,0.0,0.0,0.0,0.0,0.0,0.5564655661582947,0.3968997001647949
0.5563591718673706,0.2460380792617797,0.5745165944099426,0.2212415635585785,0.5346438884735107,0.2238990217447281,0.5992613434791565,0.251025378704071,0.5069648623466492,0.2573277652263641,0.6504325270652771,0.3978904783725738,0.4661954343318939,0.4064957499504089,0.7437575459480286,0.5544547438621521,0.3821445405483246,0.5802311897277832,0.7023615837097168,0.411883145570755,0.4211185276508331,0.3873064815998077,0.6216538548469543,0.8336929082870483,0.4799931347370147,0.8295612931251526,0.0,0.0,0.0,0.0,0.0,0.0,0.0,0.0,0.5576356649398804,0.3983122706413269
0.555569589138031,0.2462797611951828,0.5748395919799805,0.2212108820676803,0.533559262752533,0.2243458181619644,0.6005931496620178,0.248830184340477,0.5066887140274048,0.2566228806972503,0.6509117484092712,0.3972767293453216,0.4652358591556549,0.4066319167613983,0.7378875613212585,0.558390736579895,0.3841991424560547,0.5859902501106262,0.6908794641494751,0.390981376171112,0.4236671924591064,0.3846518397331238,0.6202932596206665,0.8333296179771423,0.4782836735248565,0.8283835053443909,0.0,0.0,0.0,0.0,0.0,0.0,0.0,0.0,0.5582104921340942,0.398197740316391
0.5532185435295105,0.2459688484668731,0.573181688785553,0.2224164307117462,0.5333703756332397,0.224975973367691,0.5997390151023865,0.2549693584442138,0.5057569742202759,0.258642166852951,0.6519335508346558,0.3972016870975494,0.4674013555049896,0.4028106033802032,0.7463585734367371,0.5325729846954346,0.3800185322761535,0.5314853191375732,0.7052663564682007,0.3711053431034088,0.4043720364570617,0.3802323639392853,0.6198645830154419,0.8335270285606384,0.4774913489818573,0.8272498250007629,0.0,0.0,0.0,0.0,0.0,0.0,0.0,0.0,0.5587214827537537,0.3978995680809021
0.554518461227417,0.2484272718429565,0.5730628967285156,0.2260807454586029,0.532791256904602,0.2275520265102386,0.596957266330719,0.2604174017906189,0.503890872001648,0.2623167932033539,0.6449390649795532,0.3961146175861358,0.4625017940998077,0.402909904718399,0.7427853345870972,0.485870361328125,0.3754071891307831,0.4823575615882873,0.7210707068443298,0.3620170056819916,0.3994016349315643,0.3452824056148529,0.6193860173225403,0.8321084380149841,0.4781922996044159,0.8276966214179993,0.0,0.0,0.0,0.0,0.0,0.0,0.0,0.0,0.5536124110221863,0.3978475034236908
0.549801766872406,0.2512634396553039,0.5683637857437134,0.2273111045360565,0.5286580920219421,0.2306827753782272,0.594181478023529,0.2621776759624481,0.5023301243782043,0.2693216800689697,0.6398784518241882,0.3989232182502746,0.4642100632190704,0.4017225205898285,0.7296156287193298,0.4530813694000244,0.3876185715198517,0.4504000246524811,0.7422989010810852,0.3588079512119293,0.4009159505367279,0.3325141072273254,0.6177474856376648,0.8307667970657349,0.4802672863006592,0.8269017338752747,0.0,0.0,0.0,0.0,0.0,0.0,0.0,0.0,0.5513846278190613,0.3994129300117492
0.5509927868843079,0.2493239343166351,0.5692858099937439,0.2258711755275726,0.5295718312263489,0.2294600754976272,0.5960388779640198,0.2592766880989074,0.5032061338424683,0.2641502320766449,0.6440830230712891,0.3988940417766571,0.4635064005851745,0.4015772342681885,0.7366660833358765,0.4749112129211426,0.3856769502162933,0.4579386115074157,0.728786051273346,0.3735512793064117,0.3988001644611358,0.3335515856742859,0.616855263710022,0.8433089852333069,0.4787967801094055,0.8287538290023804,0.0,0.0,0.0,0.0,0.0,0.0,0.0,0.0,0.5529549717903137,0.3989094793796539
0.5536445379257202,0.2463728934526443,0.5736175179481506,0.2226960659027099,0.5322340726852417,0.2255458682775497,0.6002017259597778,0.2560178935527801,0.5036489367485046,0.2603387534618377,0.6459698677062988,0.398306667804718,0.4614681899547577,0.4030724465847015,0.7480291724205017,0.5230984091758728,0.3648010790348053,0.5287673473358154,0.707417905330658,0.3652339577674866,0.4084699749946594,0.3455283641815185,0.6194148063659668,0.846531867980957,0.4793087542057037,0.8326169848442078,0.0,0.0,0.0,0.0,0.0,0.0,0.0,0.0,0.5533733367919922,0.3997480571269989
0.553483784198761,0.2500105202198028,0.5740243196487427,0.2238353937864303,0.5316854119300842,0.2270396947860717,0.6023707985877991,0.2542533278465271,0.5054584741592407,0.2611503899097442,0.651631772518158,0.3998937606811523,0.4642158448696136,0.402136355638504,0.7410001158714294,0.5419167876243591,0.3849938511848449,0.5406533479690552,0.6875056624412537,0.3686011135578155,0.4139785766601562,0.4065229296684265,0.6183784604072571,0.8311370611190796,0.4773834645748138,0.8171190619468689,0.0,0.0,0.0,0.0,0.0,0.0,0.0,0.0,0.5585375428199768,0.3978838622570038
0.5537235736846924,0.2512983977794647,0.5730499625205994,0.2275842279195785,0.5333001017570496,0.2299486696720123,0.5989046096801758,0.2624720335006714,0.5053408145904541,0.2664774954319,0.6482793092727661,0.397838294506073,0.4655866026878357,0.4045858681201935,0.7445897459983826,0.5229946970939636,0.3699192106723785,0.52740877866745,0.694672703742981,0.3489915430545807,0.4089121520519256,0.3459896445274353,0.6189135313034058,0.8355695605278015,0.478283017873764,0.83018559217453,0.0,0.0,0.0,0.0,0.0,0.0,0.0,0.0,0.5561032295227051,0.3996557593345642
0.5528384447097778,0.2535787224769592,0.57252436876297,0.2302245795726776,0.5325530171394348,0.2316494882106781,0.599965512752533,0.265413224697113,0.5053070783615112,0.2649633586406708,0.640502393245697,0.3985808491706848,0.4675281643867492,0.4030153751373291,0.7395707964897156,0.5022079348564148,0.3806826472282409,0.4777959883213043,0.7114120125770569,0.3474840521812439,0.4076748788356781,0.330009251832962,0.6195312142372131,0.8333601355552673,0.4801497459411621,0.827747642993927,0.0,0.0,0.0,0.0,0.0,0.0,0.0,0.0,0.5536931157112122,0.3992054164409637
0.5540422797203064,0.2576673924922943,0.5722681879997253,0.2341307252645492,0.532008707523346,0.2371182441711425,0.5963889956474304,0.2691517770290375,0.5021223425865173,0.2727356255054474,0.6395524740219116,0.4006098806858063,0.4674775302410126,0.4016842246055603,0.7288176417350769,0.4515688717365265,0.3884947001934051,0.4439609050750732,0.7262217402458191,0.3290675282478332,0.415600448846817,0.314793586730957,0.617980420589447,0.8275418877601624,0.4808318316936493,0.8169316053390503,0.0,0.0,0.0,0.0,0.0,0.0,0.0,0.0,0.5528122186660767,0.4008802771568298
0.5513653755187988,0.2571516633033752,0.5682299137115479,0.2341316193342209,0.5296090245246887,0.238982543349266,0.5931991338729858,0.2678458988666534,0.5011435151100159,0.2759787142276764,0.6387726068496704,0.3999748528003692,0.4631174206733703,0.4004929661750793,0.7253987193107605,0.469600647687912,0.3931662738323211,0.450376033782959,0.7230727076530457,0.3653544783592224,0.4201211333274841,0.3269586861133575,0.6195000410079956,0.8251134753227234,0.4825232625007629,0.8154105544090271,0.0,0.0,0.0,0.0,0.0,0.0,0.0,0.0,0.5503136515617371,0.4000119268894195
0.5528956055641174,0.2575441002845764,0.5718097686767578,0.2324829399585724,0.5325405597686768,0.2366302907466888,0.5990251302719116,0.2629105150699615,0.5044854283332825,0.2704416811466217,0.6426583528518677,0.3969140648841858,0.4692855775356293,0.4004740417003631,0.738619863986969,0.4868232309818268,0.3867479264736175,0.4455581307411194,0.7134957313537598,0.3295373618602752,0.4173602163791656,0.3119053244590759,0.6183896064758301,0.8330397009849548,0.4813788831233978,0.82661372423172,0.0,0.0,0.0,0.0,0.0,0.0,0.0,0.0,0.5557369589805603,0.3975367546081543
0.5555897355079651,0.2576605081558227,0.5747563242912292,0.2330616861581802,0.5351980924606323,0.2345609962940216,0.6031734347343445,0.2680387794971466,0.5069726705551147,0.2689451575279236,0.6479865312576294,0.3984831869602203,0.4664067924022674,0.4034672677516937,0.7406501770019531,0.4891779720783233,0.3707307875156402,0.4761156141757965,0.7021703720092773,0.3086562156677246,0.4181400835514068,0.3026173710823059,0.6221869587898254,0.8308273553848267,0.4837758243083954,0.8260369896888733,0.0,0.0,0.0,0.0,0.0,0.0,0.0,0.0,0.5566583871841431,0.3992169797420501
0.5552694201469421,0.2550822794437408,0.5748270750045776,0.2306849062442779,0.5345848202705383,0.2326259762048721,0.6015731692314148,0.2645199596881866,0.5071854591369629,0.268736869096756,0.6480123400688171,0.4040162861347198,0.4686311781406402,0.4039293229579925,0.740105926990509,0.5012540221214294,0.366158664226532,0.493821382522583,0.698078989982605,0.3549174666404724,0.401899516582489,0.3794839978218078,0.6212645769119263,0.8290897607803345,0.4808362424373626,0.817231297492981,0.0,0.0,0.0,0.0,0.0,0.0,0.0,0.0,0.5582501292228699,0.4027434289455414
0.5537084937095642,0.259194016456604,0.5748390555381775,0.2344454973936081,0.5342957973480225,0.2357144504785537,0.6061166524887085,0.271175354719162,0.5073367953300476,0.2709433436393738,0.6523653268814087,0.4061739444732666,0.4688756465911865,0.4080864489078522,0.741676390171051,0.5020378232002258,0.368681252002716,0.4914465844631195,0.6904579997062683,0.3123051524162292,0.4061124920845032,0.3673392236232757,0.6201276183128357,0.8339643478393555,0.4800941348075866,0.8288589715957642,0.0,0.0,0.0,0.0,0.0,0.0,0.0,0.0,0.5613477230072021,0.4064448177814483
0.5564540028572083,0.2612735331058502,0.5756045579910278,0.2374666184186935,0.5354134440422058,0.2399109750986099,0.6040001511573792,0.2677150368690491,0.5076090097427368,0.2718939483165741,0.6461039185523987,0.3991923928260803,0.4691716730594635,0.4050930142402649,0.7420636415481567,0.4922277331352234,0.3790639042854309,0.4565965831279754,0.715246856212616,0.3099055588245392,0.4167099297046661,0.2956694662570953,0.6206623315811157,0.8340448141098022,0.4836185872554779,0.8280873894691467,0.0,0.0,0.0,0.0,0.0,0.0,0.0,0.0,0.5562058091163635,0.4005445539951324
0.5584163069725037,0.2629693448543548,0.5766348838806152,0.2402811199426651,0.536935567855835,0.2422246932983398,0.6007388830184937,0.2712970077991485,0.5073825120925903,0.2729839384555816,0.6408066153526306,0.4015087187290191,0.4711344242095947,0.4008011221885681,0.73024982213974,0.4404027163982391,0.3959645926952362,0.4326486885547638,0.728983461856842,0.3288893401622772,0.4113734662532806,0.3064586222171783,0.616230309009552,0.8250522017478943,0.4829548001289367,0.8149620294570923,0.0,0.0,0.0,0.0,0.0,0.0,0.0,0.0,0.5557211637496948,0.4017119705677032
0.55781090259552,0.2605258822441101,0.5763030052185059,0.2378934174776077,0.5359209775924683,0.2404175549745559,0.6005874872207642,0.2737139761447906,0.5049700140953064,0.2751074135303497,0.6392788887023926,0.4023082852363586,0.4711561203002929,0.404296875,0.7244963049888611,0.4558348953723907,0.3982396125793457,0.4381899535655975,0.7203811407089233,0.3681436479091644,0.4184530675411224,0.3176045417785644,0.6174355149269104,0.8276540637016296,0.4844802916049957,0.8156247735023499,0.0,0.0,0.0,0.0,0.0,0.0,0.0,0.0,0.5547201037406921,0.4032316505908966
0.5557164549827576,0.2606541812419891,0.5742756724357605,0.2369236946105957,0.5355539917945862,0.2390310317277908,0.6007832884788513,0.2694166600704193,0.5069132447242737,0.2711068391799927,0.6410894989967346,0.3983977437019348,0.4713150560855865,0.4028192460536957,0.7375972867012024,0.4736566543579101,0.3936486542224884,0.4425108134746551,0.7186671495437622,0.3325228095054626,0.421640545129776,0.3092092871665954,0.6218174695968628,0.8269540667533875,0.4856370091438293,0.8150449395179749,0.0,0.0,0.0,0.0,0.0,0.0,0.0,0.0,0.5559653043746948,0.3999815583229065
0.555652916431427,0.2566645443439483,0.5755716562271118,0.2325599044561386,0.5354306101799011,0.234415516257286,0.6023024320602417,0.266453206539154,0.5080885887145996,0.2701424956321716,0.6491653323173523,0.4024689495563507,0.4668790996074676,0.4060568511486053,0.7437614798545837,0.4962551891803741,0.3620927333831787,0.4861258864402771,0.7096356153488159,0.3349329531192779,0.4009580314159393,0.3709321618080139,0.6224961876869202,0.8287264704704285,0.482257068157196,0.8169829249382019,0.0,0.0,0.0,0.0,0.0,0.0,0.0,0.0,0.5577182769775391,0.402807742357254
0.5551984906196594,0.2568897306919098,0.5759345293045044,0.2315874248743057,0.5344755053520203,0.2350756824016571,0.6062491536140442,0.2663971781730652,0.5067480206489563,0.2736315727233886,0.649665355682373,0.4014500677585602,0.4687812030315399,0.4081888496875763,0.7459890246391296,0.5108842849731445,0.3660935461521148,0.4873506426811218,0.6929098963737488,0.3604816496372223,0.4139502942562103,0.3622228503227234,0.6230829358100891,0.8272713422775269,0.4802799820899963,0.8156792521476746,0.0,0.0,0.0,0.0,0.0,0.0,0.0,0.0,0.558582603931427,0.4014242589473724
0.5562439560890198,0.2593727707862854,0.5785738229751587,0.2361649423837661,0.5361968874931335,0.2371831387281417,0.6102555394172668,0.2762006521224975,0.5082382559776306,0.2752711772918701,0.6525055170059204,0.4084977209568023,0.4692625403404236,0.4124998450279236,0.74191814661026,0.50121009349823,0.3761232495307922,0.4758254885673523,0.6915701627731323,0.3276908695697784,0.4042036831378937,0.3607344627380371,0.6214151978492737,0.8341695070266724,0.4811621010303497,0.8294071555137634,0.0,0.0,0.0,0.0,0.0,0.0,0.0,0.0,0.5618624091148376,0.4079919159412384
0.5562991499900818,0.261406660079956,0.5751087069511414,0.2378313243389129,0.5357024073600769,0.2405139356851577,0.6009054780006409,0.2690026462078094,0.5084714293479919,0.2722236216068268,0.6412903070449829,0.4022127687931061,0.4711187779903412,0.4057510197162628,0.7355203032493591,0.4666567742824554,0.3867166340351105,0.447763055562973,0.7241147756576538,0.2904889285564422,0.4043534696102142,0.3161418437957763,0.61963951587677,0.8271102905273438,0.4842331707477569,0.8166207075119019,0.0,0.0,0.0,0.0,0.0,0.0,0.0,0.0,0.5557761192321777,0.4036871790885925
0.5557244420051575,0.2601536512374878,0.5738906860351562,0.2378041893243789,0.5345016121864319,0.2399247884750366,0.5980982780456543,0.2702950537204742,0.5056596994400024,0.2733789682388305,0.6397234797477722,0.4019800722599029,0.4720464050769806,0.4040135741233825,0.729337751865387,0.4379252791404724,0.3937513530254364,0.4414483606815338,0.7273370623588562,0.2803226709365845,0.4019114673137665,0.3298208713531494,0.6166877746582031,0.825415313243866,0.4816974103450775,0.8154131174087524,0.0,0.0,0.0,0.0,0.0,0.0,0.0,0.0,0.5553752779960632,0.4033336043357849
0.555217444896698,0.2592322528362274,0.5736733675003052,0.2371545135974884,0.5343971252441406,0.2392845451831817,0.5981744527816772,0.2711128890514374,0.5059580206871033,0.273091197013855,0.6380501389503479,0.4016547203063965,0.4715308248996734,0.4024008810520172,0.7254371047019958,0.4597457945346832,0.3905470073223114,0.4502122104167938,0.7203308939933777,0.3675878047943115,0.4069522023200989,0.3274927735328674,0.6152527928352356,0.8295480012893677,0.4823257029056549,0.8170946836471558,0.0,0.0,0.0,0.0,0.0,0.0,0.0,0.0,0.5541329383850098,0.4015053808689117
0.555154025554657,0.2565414607524872,0.5747500658035278,0.2328409254550933,0.5353666543960571,0.2337359338998794,0.6022027730941772,0.2696422338485718,0.5075109601020813,0.2695833742618561,0.6462201476097107,0.4024712145328522,0.4663155078887939,0.405687153339386,0.7421555519104004,0.4790906012058258,0.3805239200592041,0.4509928524494171,0.7111621499061584,0.3009516894817352,0.4208314120769501,0.297660619020462,0.617510199546814,0.8341093063354492,0.4805760681629181,0.827971875667572,0.0,0.0,0.0,0.0,0.0,0.0,0.0,0.0,0.5549415946006775,0.4030559062957763
0.5563051104545593,0.2530434727668762,0.5762616395950317,0.2291496694087982,0.5353782176971436,0.2314819544553756,0.6041940450668335,0.2688286602497101,0.5055409669876099,0.2706578075885772,0.6487134695053101,0.4070137143135071,0.4674274921417236,0.4035726487636566,0.738960325717926,0.4783897995948791,0.3764045834541321,0.4487380981445312,0.6990023851394653,0.3307612240314483,0.4224697947502136,0.331451803445816,0.6166308522224426,0.8434141278266907,0.4779018759727478,0.8286554217338562,0.0,0.0,0.0,0.0,0.0,0.0,0.0,0.0,0.5566635131835938,0.4022592008113861
0.5551449060440063,0.2535138726234436,0.5752172470092773,0.2300872504711151,0.5339676737785339,0.231690838932991,0.6024608016014099,0.2717058360576629,0.5037976503372192,0.2713142037391662,0.64398193359375,0.4056940376758575,0.4666560292243957,0.4026520252227783,0.7377896904945374,0.4725103080272674,0.3780219256877899,0.4454019367694855,0.6929053068161011,0.3186015784740448,0.4274825155735016,0.317194402217865,0.6167353391647339,0.8308289647102356,0.4801575839519501,0.8255629539489746,0.0,0.0,0.0,0.0,0.0,0.0,0.0,0.0,0.554840087890625,0.4013761878013611
0.5543059706687927,0.2570050358772278,0.5736077427864075,0.232522964477539,0.533595860004425,0.2326420992612838,0.6022850871086121,0.2735083997249603,0.5037017464637756,0.2715551555156708,0.6462451815605164,0.4075350761413574,0.4681615233421325,0.4054770171642303,0.7361006140708923,0.4478521645069122,0.3774917423725128,0.4194284975528717,0.6909843683242798,0.2391147166490554,0.4380280971527099,0.2626445591449737,0.6163386106491089,0.8354569673538208,0.4799703061580658,0.8300973773002625,0.0,0.0,0.0,0.0,0.0,0.0,0.0,0.0,0.5551220178604126,0.40523561835289
0.5554880499839783,0.2632611393928528,0.5751413106918335,0.2413158118724823,0.5337144732475281,0.2419794052839279,0.5994270443916321,0.2809895873069763,0.5058140158653259,0.2769801616668701,0.6351411938667297,0.4058463871479034,0.4682419896125793,0.4012035429477691,0.7194080948829651,0.3817470669746399,0.3976366519927978,0.3471057713031769,0.7208695411682129,0.1528179347515106,0.4453206658363342,0.1809613853693008,0.6109086871147156,0.8463144302368164,0.4810274541378021,0.8314283490180969,0.0,0.0,0.0,0.0,0.0,0.0,0.0,0.0,0.5498347878456116,0.4038808047771454
0.553158700466156,0.2648850381374359,0.5704026222229004,0.2437746971845626,0.5314391255378723,0.2471903413534164,0.5960736870765686,0.2761295437812805,0.5039666295051575,0.2781148552894592,0.6354565024375916,0.3967279493808746,0.471078872680664,0.3855681121349334,0.6901273727416992,0.3740457594394684,0.4460534155368805,0.3291216194629669,0.7220601439476013,0.3331091105937958,0.4478769898414612,0.2718489468097687,0.6059302091598511,0.8249750733375549,0.4785311818122864,0.8145821690559387,0.0,0.0,0.0,0.0,0.0,0.0,0.0,0.0,0.5520549416542053,0.3915789127349853
0.5536502599716187,0.2684499323368072,0.5715582966804504,0.2458510547876358,0.531721293926239,0.2485305517911911,0.5960062742233276,0.2761410176753998,0.502676784992218,0.2787907421588897,0.63165682554245,0.3940505981445312,0.4726936817169189,0.3872763216495514,0.6885491013526917,0.3753708302974701,0.4386804401874542,0.3497376441955566,0.7232236266136169,0.3354799747467041,0.4389419555664062,0.2972483932971954,0.6050124764442444,0.8135530352592468,0.4781427383422851,0.8128170371055603,0.0,0.0,0.0,0.0,0.0,0.0,0.0,0.0,0.5507330894470215,0.389493465423584
0.5547446608543396,0.2679052650928497,0.5729126334190369,0.24561607837677,0.5331905484199524,0.247301697731018,0.595254123210907,0.279018223285675,0.5036920309066772,0.2786160111427307,0.6300206184387207,0.3955140113830566,0.4707270562648773,0.3933955729007721,0.7064195871353149,0.3600648045539856,0.4306469559669494,0.3547639548778534,0.7793790102005005,0.2081684917211532,0.4448250234127044,0.2735816538333893,0.6075948476791382,0.8265929222106934,0.4802379012107849,0.8163162469863892,0.0,0.0,0.0,0.0,0.0,0.0,0.0,0.0,0.5475481152534485,0.393983781337738
0.5539330244064331,0.2657147049903869,0.5724974870681763,0.2441861480474472,0.532541811466217,0.2445806562900543,0.5960105061531067,0.2805517315864563,0.5035708546638489,0.2782616913318634,0.6337335705757141,0.4003005921840668,0.4677115082740783,0.40033158659935,0.721971869468689,0.4250533878803253,0.3933207988739013,0.3698424696922302,0.7100812196731567,0.2567132413387298,0.438528448343277,0.1894804537296295,0.6134644746780396,0.8259377479553223,0.4815649092197418,0.8168430924415588,0.0,0.0,0.0,0.0,0.0,0.0,0.0,0.0,0.5490698218345642,0.4012306332588196
0.5490518808364868,0.2607865333557129,0.5672159790992737,0.2377725839614868,0.5295442342758179,0.2395565062761306,0.5958955883979797,0.2729000449180603,0.5027825236320496,0.2730002701282501,0.639553964138031,0.3989401459693908,0.4679572582244873,0.398402601480484,0.7282294034957886,0.4627334475517273,0.3771461546421051,0.4165876805782318,0.6999183297157288,0.2849566638469696,0.4349345862865448,0.229486808180809,0.6184388995170593,0.8271880745887756,0.4828196465969085,0.8156076073646545,0.0,0.0,0.0,0.0,0.0,0.0,0.0,0.0,0.551601767539978,0.3982577621936798
0.5508610010147095,0.2587325870990753,0.5714021325111389,0.2347325533628463,0.5303596258163452,0.2390998899936676,0.600034773349762,0.2692307829856872,0.5020056962966919,0.2777532935142517,0.643584668636322,0.3985377848148346,0.467081606388092,0.4068200588226318,0.7276375889778137,0.5161827802658081,0.368960291147232,0.4884019196033478,0.684541642665863,0.3626884520053863,0.439072698354721,0.3303961753845215,0.6219303011894226,0.816393256187439,0.4824302196502685,0.8144807815551758,0.0,0.0,0.0,0.0,0.0,0.0,0.0,0.0,0.5547071695327759,0.4001093208789825
0.5515978336334229,0.2616394460201263,0.571002185344696,0.2384407371282577,0.5315872430801392,0.2413588911294937,0.5985512137413025,0.2736876010894775,0.5041571855545044,0.2790335118770599,0.6423333287239075,0.4022168517112732,0.4686517417430877,0.4099192023277282,0.7276493906974792,0.4996463656425476,0.3804011940956116,0.4638685882091522,0.6893923878669739,0.3124432265758514,0.4194666743278503,0.3286097347736358,0.6215419769287109,0.8281317949295044,0.4867101609706878,0.8253355622291565,0.0,0.0,0.0,0.0,0.0,0.0,0.0,0.0,0.5555937886238098,0.405619353055954
0.5518329739570618,0.2665304839611053,0.5704573392868042,0.2426254004240036,0.5307303071022034,0.2455356270074844,0.598750114440918,0.2762350142002105,0.5027734637260437,0.2801122963428497,0.640232503414154,0.4013207554817199,0.4678681790828705,0.4067431390285492,0.7258207201957703,0.4441932141780853,0.3811013102531433,0.4041240215301513,0.7155400514602661,0.2722499668598175,0.4321587085723877,0.2488239854574203,0.6181132197380066,0.8288192749023438,0.4841363728046417,0.8259829878807068,0.0,0.0,0.0,0.0,0.0,0.0,0.0,0.0,0.5520047545433044,0.4040662348270416
0.5547751188278198,0.2686912715435028,0.5736976265907288,0.2491893768310547,0.5332483053207397,0.2501692473888397,0.5950613617897034,0.2863436341285705,0.5038705468177795,0.2841721773147583,0.6344960927963257,0.4046251475811004,0.4702387154102325,0.3984996974468231,0.705545961856842,0.3579928278923034,0.4206947982311249,0.3497713506221771,0.7192754745483398,0.2747021615505218,0.4368705451488495,0.2704639732837677,0.6089969277381897,0.8295034170150757,0.4813621342182159,0.8251175284385681,0.0,0.0,0.0,0.0,0.0,0.0,0.0,0.0,0.5504377484321594,0.4021004140377044
0.555402398109436,0.2695665955543518,0.5735582709312439,0.249586597084999,0.5347131490707397,0.25056853890419,0.5956029891967773,0.2801876962184906,0.5058069825172424,0.2790431380271911,0.6304405927658081,0.3956907093524933,0.471289187669754,0.3906183242797851,0.6951388120651245,0.3735241293907165,0.4280427396297455,0.3681910336017608,0.7922475934028625,0.207832932472229,0.4282388985157013,0.3065030574798584,0.6101130247116089,0.8144829869270325,0.4818055331707001,0.8127453923225403,0.0,0.0,0.0,0.0,0.0,0.0,0.0,0.0,0.5486090779304504,0.3928771615028381
0.5539728999137878,0.268790453672409,0.5722454786300659,0.2475162297487259,0.5325461626052856,0.2507061064243316,0.5961195826530457,0.2808225154876709,0.5042316317558289,0.282568871974945,0.6326702833175659,0.3972662389278412,0.4718627631664276,0.3954255282878876,0.7065883874893188,0.362731397151947,0.4239492118358612,0.3653581440448761,0.7935272455215454,0.205009326338768,0.4325458407402038,0.2913998067378998,0.6108590960502625,0.8163976073265076,0.4825977683067322,0.8155426979064941,0.0,0.0,0.0,0.0,0.0,0.0,0.0,0.0,0.5499098896980286,0.3959852159023285
0.5554814338684082,0.2687591910362243,0.5743433237075806,0.2453538179397583,0.533854067325592,0.2455619871616363,0.5976331830024719,0.2790646255016327,0.5062445998191833,0.276693046092987,0.6327566504478455,0.4019117355346679,0.4706973731517792,0.399613469839096,0.7210954427719116,0.4031698107719421,0.395107090473175,0.3575982451438904,0.7184961438179016,0.2827888131141662,0.4393269717693329,0.1688114255666732,0.6133273839950562,0.8292746543884277,0.4821417927742004,0.8275089859962463,0.0,0.0,0.0,0.0,0.0,0.0,0.0,0.0,0.5502098798751831,0.4014904499053955
0.5552095174789429,0.2624545395374298,0.5764256715774536,0.2381969839334488,0.5342928767204285,0.2377030849456787,0.6066936254501343,0.2729851603507995,0.5038153529167175,0.2666907012462616,0.6463038325309753,0.402315080165863,0.4644188284873962,0.4006393551826477,0.7361544370651245,0.45886892080307,0.3741240501403808,0.4215219616889953,0.6945711374282837,0.2780605852603912,0.4359681606292724,0.2583098411560058,0.6178182363510132,0.8328431248664856,0.4838801920413971,0.8280661702156067,0.0,0.0,0.0,0.0,0.0,0.0,0.0,0.0,0.5540136694908142,0.4001367688179016
0.5545955896377563,0.2581279873847961,0.5750729441642761,0.233739748597145,0.5342884659767151,0.2357618957757949,0.6018725037574768,0.2706874310970306,0.5037583112716675,0.2746511697769165,0.6486162543296814,0.4036030769348144,0.4616176187992096,0.4066546261310577,0.7385516166687012,0.5041087865829468,0.3627524077892303,0.4598917961120605,0.6896886229515076,0.3573287427425384,0.4304288029670715,0.3198640942573547,0.6223885416984558,0.828576922416687,0.4801715314388275,0.8173046112060547,0.0,0.0,0.0,0.0,0.0,0.0,0.0,0.0,0.5553127527236938,0.4019357860088348
0.5550864338874817,0.2579079270362854,0.5762805938720703,0.2336170226335525,0.5347052216529846,0.2354350537061691,0.6044135689735413,0.2707714438438415,0.5052675008773804,0.2715961337089538,0.6491004824638367,0.4036333858966827,0.4634743332862854,0.405717670917511,0.7310006022453308,0.5017908811569214,0.3676333427429199,0.4602112472057342,0.6842279434204102,0.3424989581108093,0.4349150955677032,0.3027392923831939,0.6213315725326538,0.8324967622756958,0.4800606369972229,0.8287234306335449,0.0,0.0,0.0,0.0,0.0,0.0,0.0,0.0,0.5566309094429016,0.4019463956356048
0.5555109977722168,0.2617833912372589,0.5752027630805969,0.2383101284503936,0.534927248954773,0.2382676750421524,0.6030505299568176,0.2718034088611603,0.5056561827659607,0.2695829272270202,0.6456979513168335,0.3980142176151275,0.4658796489238739,0.4031058847904205,0.7306186556816101,0.4872360229492187,0.3756658136844635,0.43802610039711,0.694733738899231,0.2898371517658233,0.4346890449523926,0.2609719932079315,0.6186758875846863,0.8339990377426147,0.4800071120262146,0.829638659954071,0.0,0.0,0.0,0.0,0.0,0.0,0.0,0.0,0.5547707080841064,0.3992527425289154
0.5538691878318787,0.2621368765830993,0.5717929601669312,0.2405381500720977,0.5336368680000305,0.2426256388425827,0.5967226028442383,0.2732670307159424,0.5057843327522278,0.2759531438350677,0.6381375193595886,0.401304543018341,0.4709510505199432,0.4012303352355957,0.7218794226646423,0.4383618235588074,0.3970411121845245,0.4232016503810882,0.7261472940444946,0.2960963547229767,0.4056941568851471,0.323341816663742,0.6172307729721069,0.8258814811706543,0.4825448393821716,0.8142266869544983,0.0,0.0,0.0,0.0,0.0,0.0,0.0,0.0,0.5536647439002991,0.4019751846790313
0.5539715886116028,0.2607092559337616,0.5724607110023499,0.2385518699884414,0.5334419012069702,0.2409742176532745,0.5968164205551147,0.2693772614002228,0.5057393312454224,0.2745514512062073,0.6369000673294067,0.3996832370758056,0.4681002199649811,0.4041495323181152,0.719975471496582,0.4863949418067932,0.4101378917694092,0.4589427411556244,0.7211698889732361,0.4163069427013397,0.4174902439117431,0.3444828987121582,0.616499125957489,0.8127665519714355,0.4819727838039398,0.8117512464523315,0.0,0.0,0.0,0.0,0.0,0.0,0.0,0.0,0.5511518120765686,0.4010179340839386
0.5530410408973694,0.2596645057201385,0.573111891746521,0.2382294833660125,0.5339643955230713,0.2395335286855697,0.5978781580924988,0.2702415883541107,0.5079177618026733,0.2717851102352142,0.6395595669746399,0.4010474979877472,0.4704906344413757,0.4012689590454101,0.7205920219421387,0.4803071916103363,0.4017967879772186,0.4444834887981415,0.7210363149642944,0.3931551277637481,0.4198255240917206,0.3195610046386719,0.6168535351753235,0.8140010237693787,0.4815928637981415,0.8127866387367249,0.0,0.0,0.0,0.0,0.0,0.0,0.0,0.0,0.5536313652992249,0.4005381464958191
0.5558974742889404,0.2579870522022247,0.5742343664169312,0.2325428873300552,0.5353643298149109,0.2336450666189193,0.6000979542732239,0.2647311985492706,0.5066608190536499,0.2651292383670807,0.6463333368301392,0.3997645974159241,0.4636147618293762,0.4022063314914703,0.7422542572021484,0.4540357589721679,0.3752872049808502,0.4238518178462982,0.7199373245239258,0.2818504869937897,0.4238663017749786,0.2536168992519378,0.6188467741012573,0.8359407782554626,0.4801661968231201,0.8306013345718384,0.0,0.0,0.0,0.0,0.0,0.0,0.0,0.0,0.5523485541343689,0.4003233313560486
0.5546650290489197,0.2569023966789245,0.5744211077690125,0.231198638677597,0.5336186289787292,0.2317583411931991,0.6037823557853699,0.2693648338317871,0.5036351680755615,0.2647603750228882,0.6488463282585144,0.4051892459392547,0.4601202607154846,0.4020601212978363,0.7424356341362,0.4651122093200683,0.3675125241279602,0.4329872727394104,0.705565869808197,0.2794702649116516,0.4203185737133026,0.286772757768631,0.6171607375144958,0.8301698565483093,0.4784517586231231,0.825498104095459,0.0,0.0,0.0,0.0,0.0,0.0,0.0,0.0,0.5531100630760193,0.4019772410392761
0.5533990263938904,0.2555720508098602,0.5738834738731384,0.2322644144296646,0.5332860350608826,0.2334323078393936,0.6003589630126953,0.2680939733982086,0.5050971508026123,0.2700808048248291,0.648983359336853,0.4019129574298858,0.4620804786682129,0.4035795629024505,0.7365603446960449,0.4862174391746521,0.3614883720874786,0.4415966868400574,0.6952329874038696,0.3421883285045624,0.4246458411216736,0.3142628669738769,0.6182270646095276,0.8326802253723145,0.4788885414600372,0.8273977637290955,0.0,0.0,0.0,0.0,0.0,0.0,0.0,0.0,0.5549318194389343,0.3993361592292785
0.5528784394264221,0.2575591504573822,0.5734326243400574,0.2344801872968673,0.5330473780632019,0.2343132644891739,0.6004942655563354,0.2740035057067871,0.504753589630127,0.2694087922573089,0.6438113451004028,0.4030933082103729,0.461504191160202,0.4014148414134979,0.7359698414802551,0.4789135158061981,0.3672763705253601,0.4265938699245453,0.6910448670387268,0.2989848256111145,0.4232790768146515,0.2892210185527801,0.6163646578788757,0.8341518640518188,0.4781108200550079,0.8290613889694214,0.0,0.0,0.0,0.0,0.0,0.0,0.0,0.0,0.5530068278312683,0.4004848301410675
0.5496938824653625,0.2627264857292175,0.5685195326805115,0.2374767214059829,0.5298773646354675,0.2396991997957229,0.5965825915336609,0.26808762550354,0.5042375922203064,0.270446628332138,0.6427072286605835,0.3987350463867187,0.466425359249115,0.4028855860233307,0.7292432188987732,0.4505555331707001,0.3744203150272369,0.4001913070678711,0.712995171546936,0.2775588035583496,0.4298581480979919,0.1587807983160019,0.6169314384460449,0.833206295967102,0.4799844324588775,0.829135000705719,0.0,0.0,0.0,0.0,0.0,0.0,0.0,0.0,0.553240180015564,0.400453507900238
0.5472561120986938,0.2614072561264038,0.5664053559303284,0.2398670017719268,0.5285676717758179,0.242627665400505,0.5924542546272278,0.2714816927909851,0.5038997530937195,0.2755671143531799,0.6365532279014587,0.3957706391811371,0.4682184755802154,0.3985951244831085,0.7169011831283569,0.4574613273143768,0.4021699428558349,0.4410336017608642,0.715188205242157,0.3683173358440399,0.4186182916164398,0.3319392502307892,0.6151613593101501,0.8119906783103943,0.4811756610870361,0.8120659589767456,0.0,0.0,0.0,0.0,0.0,0.0,0.0,0.0,0.550184428691864,0.396637499332428
0.5483656525611877,0.2603412568569183,0.5672404170036316,0.238185167312622,0.5295907855033875,0.2407089918851852,0.5932983160018921,0.2642684280872345,0.5057868361473083,0.2693338394165039,0.6363555192947388,0.3953261077404022,0.4658307433128357,0.3974688649177551,0.7173881530761719,0.4877036511898041,0.4156868457794189,0.4658279418945312,0.7210507392883301,0.4137380123138428,0.4041755497455597,0.3845838606357574,0.6143871545791626,0.8098800778388977,0.4808818995952606,0.8110718727111816,0.0,0.0,0.0,0.0,0.0,0.0,0.0,0.0,0.5494528412818909,0.3960796892642975
0.552674412727356,0.2571477890014648,0.5711058974266052,0.2325883358716964,0.5322650074958801,0.2345149964094162,0.5959210991859436,0.2631627917289734,0.5038550496101379,0.2656349539756775,0.6391242146492004,0.3939697742462158,0.4660159945487976,0.3965537548065185,0.726740300655365,0.4672980308532715,0.3870611190795898,0.4348500669002533,0.7186260223388672,0.3329790532588959,0.4025668799877167,0.3100953698158264,0.614220142364502,0.828136146068573,0.4797011315822601,0.8171479105949402,0.0,0.0,0.0,0.0,0.0,0.0,0.0,0.0,0.5512698292732239,0.3944810926914215
0.5528041124343872,0.2552516162395477,0.5709372162818909,0.2310811132192611,0.5329703688621521,0.2315020561218261,0.5966370701789856,0.2649685442447662,0.5031139850616455,0.2629857063293457,0.6457903981208801,0.396962821483612,0.4569551348686218,0.3999261856079101,0.7420770525932312,0.4565057158470154,0.3644261360168457,0.4433183372020721,0.709386944770813,0.278577595949173,0.422839343547821,0.2563309073448181,0.6175557374954224,0.8311300277709961,0.4800013601779938,0.8279446363449097,0.0,0.0,0.0,0.0,0.0,0.0,0.0,0.0,0.5492023229598999,0.3972542881965637
0.55153888463974,0.2515445053577423,0.5716603398323059,0.2282076328992843,0.5311136245727539,0.2298215627670288,0.5998297929763794,0.2659094333648681,0.5032047033309937,0.2675740420818329,0.6481747627258301,0.4010973274707794,0.4613516330718994,0.4045893251895904,0.7377803921699524,0.4902789294719696,0.3633153140544891,0.4633676409721374,0.6865015029907227,0.3131894171237945,0.4077913761138916,0.3464851975440979,0.619256854057312,0.8334978222846985,0.4799003303050995,0.8287888169288635,0.0,0.0,0.0,0.0,0.0,0.0,0.0,0.0,0.5547136664390564,0.3999220728874206
0.5485591292381287,0.2536016702651977,0.5685306191444397,0.2283951491117477,0.5280972719192505,0.2324040979146957,0.5982130765914917,0.2613333761692047,0.4999445080757141,0.2674208581447601,0.6479326486587524,0.3917979300022125,0.4594597816467285,0.4039466381072998,0.7337029576301575,0.4994803071022033,0.3663510978221893,0.4631209373474121,0.6842803955078125,0.3431906402111053,0.4215401709079742,0.3294307589530945,0.6201460957527161,0.8262291550636292,0.4785291254520416,0.817027747631073,0.0,0.0,0.0,0.0,0.0,0.0,0.0,0.0,0.5534554123878479,0.3954928815364837
0.550794780254364,0.2575967609882355,0.5695860981941223,0.2314306944608688,0.5300513505935669,0.2329079657793045,0.5975961089134216,0.2650911211967468,0.4991305768489837,0.2638586461544037,0.6457882523536682,0.4002816677093506,0.458619624376297,0.4024915695190429,0.7322906851768494,0.4752891063690185,0.3647233545780182,0.4400345683097839,0.6878886222839355,0.2790363430976867,0.4265660345554352,0.2859771847724914,0.6182419061660767,0.8432973623275757,0.4793435633182525,0.832472026348114,0.0,0.0,0.0,0.0,0.0,0.0,0.0,0.0,0.5510755777359009,0.3998165726661682
0.5499815940856934,0.2614620625972748,0.5693983435630798,0.2360033839941024,0.5303093791007996,0.2373869866132736,0.5961349606513977,0.2670076191425323,0.5020474195480347,0.2671362459659576,0.6403447985649109,0.3965859711170196,0.4627687036991119,0.4018745124340057,0.7279752492904663,0.4362802803516388,0.3772245049476623,0.4025818407535553,0.7133380174636841,0.2600656449794769,0.4246446192264557,0.2231355607509613,0.6156685948371887,0.8325583338737488,0.4793012142181396,0.8303330540657043,0.0,0.0,0.0,0.0,0.0,0.0,0.0,0.0,0.5495275259017944,0.3989632129669189
0.548119843006134,0.2600235342979431,0.5671501755714417,0.236973837018013,0.5290656089782715,0.2392667829990387,0.5925172567367554,0.2659597992897033,0.5038252472877502,0.2695814967155456,0.6314080357551575,0.3954012989997864,0.4693610072135925,0.3956522643566131,0.713245689868927,0.4346340298652649,0.4049935936927795,0.4149481356143951,0.7227935194969177,0.3648733794689178,0.4137561321258545,0.3167937397956848,0.6123791933059692,0.8161638975143433,0.4798280596733093,0.8157063722610474,0.0,0.0,0.0,0.0,0.0,0.0,0.0,0.0,0.5482267737388611,0.3948718905448913
0.5491637587547302,0.2621937692165375,0.567683219909668,0.2390748709440231,0.5287109017372131,0.2409695833921432,0.5920920372009277,0.2645007967948913,0.5015881061553955,0.2706536054611206,0.6310974955558777,0.3956337869167328,0.4676863551139831,0.3981370031833648,0.7000500559806824,0.4146799445152282,0.4370921552181244,0.4214075207710266,0.7269548773765564,0.3931463360786438,0.4017516076564789,0.3562304973602295,0.6110575795173645,0.8151336312294006,0.4772654175758362,0.8148462176322937,0.0,0.0,0.0,0.0,0.0,0.0,0.0,0.0,0.5477390289306641,0.3960790038108825
0.5501217246055603,0.2584731578826904,0.5686246752738953,0.2353055477142334,0.5296292901039124,0.2373236864805221,0.5934867262840271,0.2609314322471618,0.5020183324813843,0.2669404745101928,0.6304716467857361,0.3942189514636993,0.4664797782897949,0.3962025940418243,0.7187251448631287,0.4475148022174835,0.4316980540752411,0.4292149841785431,0.7537637948989868,0.4202258586883545,0.4153046607971191,0.3984653055667877,0.6119321584701538,0.8105272650718689,0.4784958958625793,0.8117092847824097,0.0,0.0,0.0,0.0,0.0,0.0,0.0,0.0,0.5477923154830933,0.3944407999515533
0.5529268980026245,0.2573643624782562,0.571986734867096,0.2345927208662033,0.5327800512313843,0.2347055673599243,0.5950031280517578,0.2675254046916961,0.5052269101142883,0.2669803202152252,0.6353049278259277,0.3963453769683838,0.4695696234703064,0.3974423110485077,0.715415358543396,0.4567090570926666,0.3960544168949127,0.4395286440849304,0.7234949469566345,0.2981866002082824,0.4383118152618408,0.2864246070384979,0.6127329468727112,0.8148967027664185,0.4808658957481384,0.8136526942253113,0.0,0.0,0.0,0.0,0.0,0.0,0.0,0.0,0.5502094030380249,0.3957014083862304
0.5559253096580505,0.2544133067131042,0.574569582939148,0.2297980636358261,0.5354737639427185,0.2303172200918197,0.5995514988899231,0.2657401263713836,0.50479656457901,0.2626119554042816,0.6376709938049316,0.3930905759334564,0.4633300602436065,0.3970078527927398,0.7278829216957092,0.4837127029895782,0.3720497786998749,0.4564152359962463,0.7034698128700256,0.3014678061008453,0.4356750845909118,0.2884568274021148,0.6164881587028503,0.8325888514518738,0.4801673889160156,0.8290397524833679,0.0,0.0,0.0,0.0,0.0,0.0,0.0,0.0,0.5488876104354858,0.3935036659240722
0.5527900457382202,0.2515283226966858,0.5731344819068909,0.2282832562923431,0.5326980352401733,0.2295068800449371,0.6020912528038025,0.2690040469169616,0.5044139623641968,0.2655834257602691,0.6456799507141113,0.3987144529819488,0.4638330340385437,0.3988232314586639,0.736458957195282,0.4865286946296692,0.3593563437461853,0.4420704841613769,0.6881663203239441,0.307577908039093,0.4253237843513489,0.3105866611003876,0.6171712279319763,0.834181010723114,0.4786412417888641,0.8290349245071411,0.0,0.0,0.0,0.0,0.0,0.0,0.0,0.0,0.5543471574783325,0.39650759100914
0.5521813631057739,0.253422200679779,0.571008563041687,0.2278544157743454,0.5310266017913818,0.230838805437088,0.5982223153114319,0.2590263783931732,0.5022850632667542,0.2637385427951813,0.6474757194519043,0.3905320763587951,0.4612427353858948,0.3980669677257538,0.7398157119750977,0.4856535792350769,0.3538470864295959,0.4466546475887298,0.6836221814155579,0.3448650240898132,0.4322215616703033,0.2997090220451355,0.6186642050743103,0.8303719162940979,0.476991206407547,0.8271026015281677,0.0,0.0,0.0,0.0,0.0,0.0,0.0,0.0,0.5535787343978882,0.3905230462551117
0.5538960099220276,0.2577839195728302,0.5736041069030762,0.2338064610958099,0.5336229205131531,0.2321847975254058,0.5978546738624573,0.2700218260288238,0.5030993819236755,0.2638121545314789,0.6394013166427612,0.3981288373470306,0.459392786026001,0.4013594686985016,0.7280410528182983,0.4899347424507141,0.3758884966373443,0.4563699066638946,0.6865895390510559,0.2993812263011932,0.4315551817417145,0.2925366759300232,0.6160748600959778,0.8317013382911682,0.4793121218681335,0.8286962509155273,0.0,0.0,0.0,0.0,0.0,0.0,0.0,0.0,0.5492282509803772,0.3982712924480438
0.5506801605224609,0.2570719718933105,0.5699495077133179,0.2346806824207306,0.5313811898231506,0.2358196824789047,0.5935693979263306,0.2636781334877014,0.5051528811454773,0.2664135992527008,0.6381195783615112,0.3997345566749573,0.4601382315158844,0.4012637734413147,0.7175161242485046,0.5117334723472595,0.382680594921112,0.497855007648468,0.7120924592018127,0.4032988548278808,0.0,0.0,0.6104671359062195,0.8144388198852539,0.4763793051242828,0.8135154843330383,0.0,0.0,0.0,0.0,0.0,0.0,0.0,0.0,0.5502439141273499,0.4002001285552978
0.5491167306900024,0.2543052732944488,0.5683460831642151,0.2333916276693344,0.5302218794822693,0.2341053634881973,0.5935789346694946,0.263118177652359,0.5043933391571045,0.2661424875259399,0.6388651728630066,0.4002650380134582,0.4612268507480621,0.4047558605670929,0.6993695497512817,0.5272175073623657,0.3963954746723175,0.5152145028114319,0.7117902636528015,0.5737735033035278,0.4120898842811584,0.5641867518424988,0.6108106374740601,0.8088257908821106,0.4778909385204315,0.8094629645347595,0.0,0.0,0.0,0.0,0.0,0.0,0.0,0.0,0.5501982569694519,0.4029379487037658
0.5481318235397339,0.2511588633060455,0.5679309964179993,0.2302263528108596,0.5290983319282532,0.2311980277299881,0.5939459204673767,0.2621810734272003,0.5043068528175354,0.2651053369045257,0.6387487649917603,0.3991624414920807,0.4611724317073822,0.4047829210758209,0.6988825798034668,0.515147864818573,0.385957658290863,0.4929840862751007,0.7081603407859802,0.5512348413467407,0.4151553809642792,0.5307095646858215,0.6091089844703674,0.8118366599082947,0.4770907759666443,0.8116244673728943,0.0,0.0,0.0,0.0,0.0,0.0,0.0,0.0,0.5512717366218567,0.4025687575340271
0.5507760643959045,0.2567507624626159,0.5688022971153259,0.2336341142654419,0.5307748913764954,0.2346442937850952,0.5924742817878723,0.2656701803207397,0.5030227899551392,0.2673918306827545,0.6353150010108948,0.4006281793117523,0.4635644257068634,0.4047375619411468,0.7157880067825317,0.4703647792339325,0.395626038312912,0.4436721503734588,0.7108120322227478,0.3570029735565185,0.4066003859043121,0.3429291844367981,0.6108477711677551,0.8255159258842468,0.4797907769680023,0.8169995546340942,0.0,0.0,0.0,0.0,0.0,0.0,0.0,0.0,0.5491955280303955,0.4025278091430664
0.5513418316841125,0.2550300359725952,0.5704416036605835,0.2307869493961334,0.5295776724815369,0.2323541939258575,0.5948532819747925,0.2694349586963653,0.4986073970794678,0.2668461799621582,0.6350998282432556,0.4003439545631408,0.4616278111934662,0.3998485207557678,0.732225775718689,0.3950906693935394,0.3707503378391266,0.3628250956535339,0.6763624548912048,0.1769149452447891,0.4422339797019958,0.179549291729927,0.6136364340782166,0.8302103877067566,0.4784297049045563,0.8276063799858093,0.0,0.0,0.0,0.0,0.0,0.0,0.0,0.0,0.5471944212913513,0.3982308506965637
0.5493411421775818,0.2538632452487945,0.5694783329963684,0.2320128381252288,0.5279893279075623,0.2325374037027359,0.5946599245071411,0.2742206156253814,0.4983202815055847,0.2687650620937347,0.6354511976242065,0.40177121758461,0.4613544940948486,0.398109495639801,0.7363119125366211,0.3780529797077179,0.3676087856292724,0.3387878835201263,0.6715904474258423,0.2125226110219955,0.4476249814033508,0.2231480628252029,0.6102184057235718,0.8301677703857422,0.4766146242618561,0.8266763091087341,0.0,0.0,0.0,0.0,0.0,0.0,0.0,0.0,0.5475179553031921,0.39949432015419
0.5478838682174683,0.2554768025875091,0.5678402781486511,0.2335085570812225,0.5268864035606384,0.234435886144638,0.5945349335670471,0.2761041820049286,0.4989804625511169,0.2716550529003143,0.6381479501724243,0.4017866551876068,0.4614225924015045,0.4001713395118713,0.7352539896965027,0.3789341747760772,0.3686793446540832,0.3346195518970489,0.6699278950691223,0.2059357613325119,0.4451994001865387,0.214525818824768,0.6117635369300842,0.8319124579429626,0.4776647686958313,0.8277349472045898,0.0,0.0,0.0,0.0,0.0,0.0,0.0,0.0,0.5491825342178345,0.4002330005168915
0.5476856231689453,0.262051373720169,0.5663857460021973,0.2384957373142242,0.5274843573570251,0.2397617548704147,0.5920614004135132,0.2765184044837951,0.498697817325592,0.2754716277122497,0.6365163922309875,0.4030556082725525,0.4660651087760925,0.4097329974174499,0.7261476516723633,0.4330968856811523,0.3819465041160583,0.3865789771080017,0.6989662051200867,0.223554715514183,0.4444345831871032,0.1877573281526565,0.6127300262451172,0.8286054730415344,0.4798908531665802,0.8291129469871521,0.0,0.0,0.0,0.0,0.0,0.0,0.0,0.0,0.5493472814559937,0.4063728451728821
0.5486595034599304,0.262557715177536,0.5677521824836731,0.2403993755578994,0.5278964042663574,0.2429416328668594,0.5940026640892029,0.2767576873302459,0.4992949366569519,0.2786069512367248,0.6357713341712952,0.4027357101440429,0.4643975794315338,0.4138133525848388,0.71360844373703,0.4564097821712494,0.3968758583068847,0.4360122680664062,0.7251560091972351,0.2746356129646301,0.448455810546875,0.2950001060962677,0.6122737526893616,0.8162915110588074,0.4815075993537903,0.8163328170776367,0.0,0.0,0.0,0.0,0.0,0.0,0.0,0.0,0.5487211346626282,0.4068655967712402
0.5501015782356262,0.2629328966140747,0.5689772367477417,0.2403412759304046,0.5300634503364563,0.242570012807846,0.5937310457229614,0.2702692151069641,0.5042063593864441,0.2755120694637298,0.6309655904769897,0.3997973799705505,0.4666901528835296,0.4093143343925476,0.7055932879447937,0.4898648858070373,0.4311345219612121,0.4652662575244903,0.7164270281791687,0.4342175424098968,0.4311668276786804,0.3974087834358215,0.6090012192726135,0.8121089935302734,0.4799869060516357,0.8134040832519531,0.0,0.0,0.0,0.0,0.0,0.0,0.0,0.0,0.5485007166862488,0.4038922786712646
0.5529932379722595,0.2595097720623016,0.5719832181930542,0.2371443063020706,0.5331336855888367,0.2376641929149627,0.5961453318595886,0.2715260088443756,0.5028611421585083,0.2723596692085266,0.6361664533615112,0.4033844470977783,0.4590398371219635,0.4144026935100555,0.7235497832298279,0.5074576139450073,0.4026307761669159,0.4745563864707947,0.7063918113708496,0.3943083584308624,0.4406313598155975,0.3667337596416473,0.6143288612365723,0.8251351118087769,0.4818556606769562,0.8146923184394836,0.0,0.0,0.0,0.0,0.0,0.0,0.0,0.0,0.5484245419502258,0.406109482049942
0.5540341138839722,0.2554822564125061,0.5742384791374207,0.2315388619899749,0.5328536629676819,0.2327032387256622,0.6006914973258972,0.2664692997932434,0.5026121735572815,0.2680659592151642,0.6396893262863159,0.405071496963501,0.4649604260921478,0.4163528978824615,0.7299998998641968,0.5418545007705688,0.3892605006694793,0.5498754382133484,0.6944204568862915,0.4044985473155975,0.4409966766834259,0.3773883283138275,0.6165868639945984,0.8169560432434082,0.4820808470249176,0.8138789534568787,0.0,0.0,0.0,0.0,0.0,0.0,0.0,0.0,0.5514298677444458,0.406676709651947
0.555289626121521,0.2537033557891845,0.5745242238044739,0.2292041778564453,0.5340694785118103,0.2308915704488754,0.5997079014778137,0.2614253759384155,0.5071763396263123,0.2652367055416107,0.637941837310791,0.3891076147556305,0.4705715775489807,0.4013201892375946,0.7192743420600891,0.5707688927650452,0.384619265794754,0.5776122808456421,0.6691266298294067,0.4299154579639435,0.4576125144958496,0.4056819975376129,0.6168161630630493,0.8079131841659546,0.4814009368419647,0.8086716532707214,0.0,0.0,0.0,0.0,0.0,0.0,0.0,0.0,0.5562432408332825,0.3917158246040344
0.5546931624412537,0.2568321824073791,0.5758637189865112,0.2319020330905914,0.5343641638755798,0.2326111048460006,0.6026977300643921,0.2643499672412872,0.5056269764900208,0.2655669748783111,0.6398913264274597,0.3975971043109894,0.4653770923614502,0.4009976685047149,0.7215394973754883,0.5606359243392944,0.3914957046508789,0.5745648145675659,0.6765035390853882,0.42045858502388,0.4570259749889374,0.4128868281841278,0.6160990595817566,0.8118224740028381,0.4799723327159881,0.8112305998802185,0.0,0.0,0.0,0.0,0.0,0.0,0.0,0.0,0.5534852147102356,0.394506424665451
0.5514132380485535,0.2640542387962341,0.5706904530525208,0.2402829080820083,0.5313652753829956,0.2426924705505371,0.595581591129303,0.2707995474338531,0.5043613910675049,0.2763157486915588,0.6289705038070679,0.4044363498687744,0.4656319320201874,0.4072582423686981,0.7104982137680054,0.4974350333213806,0.4045025408267975,0.4849229753017425,0.7082688212394714,0.4242275059223175,0.4627973139286041,0.3997651636600494,0.6115927696228027,0.8159517645835876,0.481001079082489,0.8148346543312073,0.0,0.0,0.0,0.0,0.0,0.0,0.0,0.0,0.5464881062507629,0.40406534075737
0.5543012022972107,0.2626692652702331,0.5714501142501831,0.2422711998224258,0.5339246988296509,0.2424850016832351,0.5928940773010254,0.274708092212677,0.5043407082557678,0.2733683288097381,0.6280893087387085,0.4038220047950744,0.4655200541019439,0.3998717963695526,0.6960927844047546,0.4677183032035827,0.4326076209545135,0.4534757733345032,0.7071059346199036,0.4321005046367645,0.4406960606575012,0.3996495902538299,0.6116902232170105,0.8157815337181091,0.4809011816978454,0.8134992718696594,0.0,0.0,0.0,0.0,0.0,0.0,0.0,0.0,0.5462304949760437,0.4001742899417877
0.5530417561531067,0.2617792189121246,0.5717068910598755,0.2406654506921768,0.5338598489761353,0.2403937131166458,0.5940713286399841,0.2738028764724731,0.5061860680580139,0.2720126509666443,0.6295766830444336,0.4041278958320617,0.4637744128704071,0.4071603715419769,0.7043479681015015,0.499320775270462,0.4093365669250488,0.4861192405223846,0.7060707211494446,0.4286525547504425,0.43857342004776,0.4291643798351288,0.6125144958496094,0.8295207023620605,0.4823127686977386,0.817353367805481,0.0,0.0,0.0,0.0,0.0,0.0,0.0,0.0,0.5461481213569641,0.4044658839702606
0.5536780953407288,0.2536342442035675,0.5743860602378845,0.2310942858457565,0.5333110690116882,0.2326290160417556,0.6018087267875671,0.2639676928520202,0.5059265494346619,0.2684326469898224,0.6419483423233032,0.3842498362064361,0.4662246406078338,0.3989360928535461,0.7180531620979309,0.5488927960395813,0.3860353827476501,0.5586682558059692,0.6866709589958191,0.4541680514812469,0.451773077249527,0.4345389306545257,0.6174153685569763,0.8066744804382324,0.4822549521923065,0.8073039054870605,0.0,0.0,0.0,0.0,0.0,0.0,0.0,0.0,0.5544875264167786,0.3887188136577606
0.5555103421211243,0.2525317370891571,0.5742387771606445,0.2292317301034927,0.5353690385818481,0.2303625345230102,0.598662793636322,0.2600930333137512,0.5086528062820435,0.2638194262981415,0.6363248825073242,0.3923034369945526,0.4690332412719726,0.4031186401844024,0.7155219316482544,0.5706135630607605,0.37405925989151,0.5594812035560608,0.6739060282707214,0.4734145104885101,0.454955905675888,0.4906201064586639,0.6148031949996948,0.8070517778396606,0.4797043204307556,0.807784914970398,0.0,0.0,0.0,0.0,0.0,0.0,0.0,0.0,0.554751992225647,0.3955175876617431
0.5577033162117004,0.253954529762268,0.5763616561889648,0.2305227816104889,0.5369166731834412,0.2317794412374496,0.5991491675376892,0.2592350840568542,0.5093488097190857,0.2630976140499115,0.6394208073616028,0.3877646327018738,0.470020592212677,0.3999195098876953,0.7166649103164673,0.5657076835632324,0.3790493309497833,0.5513868927955627,0.6720285415649414,0.4599179923534393,0.453026533126831,0.4922687709331512,0.61479651927948,0.8077213168144226,0.4797125458717346,0.8078165650367737,0.0,0.0,0.0,0.0,0.0,0.0,0.0,0.0,0.5559690594673157,0.3911050260066986
0.5526217222213745,0.25853231549263,0.5738259553909302,0.2370937317609787,0.5359934568405151,0.237571582198143,0.6008769273757935,0.2670763432979584,0.5140272974967957,0.2664641439914703,0.631269097328186,0.3961684107780456,0.4787158668041229,0.3871559202671051,0.7182985544204712,0.5381149053573608,0.3957089483737945,0.529392421245575,0.6924530267715454,0.4433745443820953,0.4605928957462311,0.4414076209068298,0.6109203100204468,0.8092355132102966,0.4844266772270202,0.8082396388053894,0.0,0.0,0.0,0.0,0.0,0.0,0.0,0.0,0.5544508099555969,0.3891255557537079
0.5523250699043274,0.2600975036621094,0.5722326040267944,0.2386478334665298,0.5362839102745056,0.2398740947246551,0.597415566444397,0.2658419013023376,0.5147813558578491,0.2685132622718811,0.636218249797821,0.3977792859077453,0.4738698303699493,0.3905366361141205,0.6986919641494751,0.5233229398727417,0.3960559070110321,0.4946860671043396,0.7017404437065125,0.454571932554245,0.4428659975528717,0.4466458261013031,0.6120157241821289,0.8148881793022156,0.4808346331119537,0.8131393790245056,0.0,0.0,0.0,0.0,0.0,0.0,0.0,0.0,0.5545770525932312,0.3935289084911346
0.553547203540802,0.2593869864940643,0.5734031796455383,0.2398388832807541,0.5383898615837097,0.2399443089962005,0.5982435941696167,0.2687995731830597,0.5179307460784912,0.2668329775333404,0.6324225664138794,0.3949567377567291,0.4773657917976379,0.3934970498085022,0.7009041905403137,0.5350660085678101,0.4040162861347198,0.5237257480621338,0.6893762946128845,0.4719367325305938,0.468271791934967,0.4657110869884491,0.6134371161460876,0.7992492914199829,0.486073225736618,0.7965980172157288,0.0,0.0,0.0,0.0,0.0,0.0,0.0,0.0,0.5552331805229187,0.3920429348945617
0.5542098879814148,0.257555603981018,0.5735068917274475,0.2349890768527984,0.5373464226722717,0.2357096970081329,0.5976826548576355,0.2613281607627868,0.513970673084259,0.2630535066127777,0.633730411529541,0.3951259553432464,0.4674342572689056,0.4002681672573089,0.7094749212265015,0.5600937008857727,0.3899099826812744,0.5688369870185852,0.6830962896347046,0.4994573891162872,0.4632251560688019,0.4951253533363342,0.6147074699401855,0.8075794577598572,0.4836695492267608,0.7984188199043274,0.0,0.0,0.0,0.0,0.0,0.0,0.0,0.0,0.5533437132835388,0.3949489593505859
0.5554456114768982,0.2568897306919098,0.5738635659217834,0.2329376488924026,0.535713791847229,0.2337748706340789,0.5979174971580505,0.2592170834541321,0.508941113948822,0.2632170021533966,0.6458150148391724,0.4042095839977264,0.4573848247528076,0.4122479856014251,0.712490975856781,0.5925322771072388,0.3849466443061828,0.5989285707473755,0.6727646589279175,0.5312643647193909,0.4699478149414062,0.5119819045066833,0.6172266602516174,0.8110108971595764,0.4821077287197113,0.812035083770752,0.0,0.0,0.0,0.0,0.0,0.0,0.0,0.0,0.553591787815094,0.4043401777744293
0.5558618903160095,0.2566356360912323,0.5748650431632996,0.234148770570755,0.5368567109107971,0.2337029427289962,0.597174346446991,0.2618903219699859,0.5099812150001526,0.2622720599174499,0.6355042457580566,0.400021493434906,0.4627793431282043,0.4064841270446777,0.7135366797447205,0.5727352499961853,0.3829974830150604,0.5805330276489258,0.6804560422897339,0.5051921606063843,0.4498237073421478,0.5142043232917786,0.6126165986061096,0.7979418635368347,0.4799624383449554,0.7961704134941101,0.0,0.0,0.0,0.0,0.0,0.0,0.0,0.0,0.5527092814445496,0.4004821181297302
0.5562139749526978,0.2550244927406311,0.5760270357131958,0.2320098578929901,0.5363831520080566,0.2325153797864914,0.6012793183326721,0.2630925476551056,0.510177731513977,0.2627767324447632,0.6511039137840271,0.41022589802742,0.4589700102806091,0.4138712584972381,0.7657219767570496,0.5264018774032593,0.3570839464664459,0.5306652784347534,0.7820470929145813,0.3996601402759552,0.3623299300670624,0.4149934351444244,0.6214393377304077,0.8299817442893982,0.4838067591190338,0.8263588547706604,0.0,0.0,0.0,0.0,0.0,0.0,0.0,0.0,0.5564223527908325,0.4098488688468933
0.5606254935264587,0.262206494808197,0.5805785059928894,0.2387926578521728,0.5394617319107056,0.2397260516881942,0.6058392524719238,0.2669478356838226,0.5112753510475159,0.2704994976520538,0.6483307480812073,0.4071397185325622,0.4658648371696472,0.4046588838100433,0.7716736793518066,0.4345395863056183,0.3314221203327179,0.4257945120334625,0.8264278769493103,0.3799238204956054,0.2710835039615631,0.2960710227489471,0.6190678477287292,0.8458639979362488,0.4795777201652527,0.8312982320785522,0.0,0.0,0.0,0.0,0.0,0.0,0.0,0.0,0.5557841062545776,0.4038764834403991
0.5597167611122131,0.2600855231285095,0.5800834894180298,0.2375046461820602,0.5391988158226013,0.237939715385437,0.6053749918937683,0.2656045258045196,0.5111523866653442,0.2677653431892395,0.6500154137611389,0.4039164185523987,0.46356001496315,0.4020134508609772,0.7821772694587708,0.4735556244850158,0.3336163461208343,0.4572270810604095,0.8126130104064941,0.3874441683292389,0.2800754010677337,0.3126811981201172,0.619761049747467,0.8471913933753967,0.4802056849002838,0.8323326706886292,0.0,0.0,0.0,0.0,0.0,0.0,0.0,0.0,0.5557736754417419,0.4003747403621673
0.5591098070144653,0.2482773810625076,0.5789750218391418,0.2256348878145218,0.5389132499694824,0.2261739820241928,0.6037325263023376,0.257669061422348,0.5105436444282532,0.2581388354301452,0.6565418243408203,0.4096535742282867,0.4576505124568939,0.4135127663612366,0.757178008556366,0.5621384978294373,0.3310144245624542,0.5429443120956421,0.7647485733032227,0.4487409889698028,0.3280227780342102,0.3709559440612793,0.6232553720474243,0.8328734636306763,0.4808286726474762,0.8277717232704163,0.0,0.0,0.0,0.0,0.0,0.0,0.0,0.0,0.5590474009513855,0.4085125923156738
0.5575295686721802,0.2466748505830764,0.5775728225708008,0.2229520231485366,0.5367786288261414,0.2250611037015915,0.6036427617073059,0.2517103254795074,0.5096096396446228,0.2574533522129059,0.6526231169700623,0.4083467423915863,0.4619462192058563,0.4149042665958404,0.731893002986908,0.5863467454910278,0.368849515914917,0.5672775506973267,0.7364774346351624,0.4854600727558136,0.3627112805843353,0.4445722699165344,0.6211927533149719,0.8318504095077515,0.4792127609252929,0.8285436630249023,0.0,0.0,0.0,0.0,0.0,0.0,0.0,0.0,0.558803141117096,0.4084013402462005
0.5591038465499878,0.2497873306274414,0.5781825184822083,0.2259235233068466,0.5386525392532349,0.2275761812925338,0.6027770042419434,0.2566204965114593,0.5098301768302917,0.2599082887172699,0.6530830264091492,0.4066424369812011,0.456573873758316,0.4144720435142517,0.758946418762207,0.5468185544013977,0.3348009884357452,0.5432758927345276,0.7687230110168457,0.4270791709423065,0.3202943205833435,0.3816702365875244,0.622940719127655,0.8337296843528748,0.4801296293735504,0.8292288184165955,0.0,0.0,0.0,0.0,0.0,0.0,0.0,0.0,0.5559402108192444,0.4071123600006103
0.5577045679092407,0.2536164820194244,0.5763985514640808,0.2301841229200363,0.5373564958572388,0.2315753549337387,0.6006680130958557,0.2603633105754852,0.5104675889015198,0.2638492882251739,0.6464190483093262,0.4030892848968506,0.4642845690250397,0.4012972712516784,0.7697453498840332,0.4577747881412506,0.337143212556839,0.4486847221851349,0.7891970276832581,0.4285996556282043,0.2792109549045563,0.3380011618137359,0.6164054870605469,0.8317385315895081,0.4783890843391418,0.8260664343833923,0.0,0.0,0.0,0.0,0.0,0.0,0.0,0.0,0.5541848540306091,0.4005727767944336
0.5549036264419556,0.2516247630119324,0.5733601450920105,0.2284786701202392,0.5349530577659607,0.2299330234527588,0.5980420112609863,0.2582899034023285,0.507785975933075,0.2616035342216491,0.6483184695243835,0.4009736478328705,0.4611766040325165,0.3999714851379394,0.7728443145751953,0.4613983035087585,0.3425279557704925,0.45322185754776,0.798412024974823,0.4035195410251617,0.2852049469947815,0.3310907781124115,0.6170249581336975,0.8353403210639954,0.4792764186859131,0.8287419676780701,0.0,0.0,0.0,0.0,0.0,0.0,0.0,0.0,0.5529646277427673,0.3980668485164642
0.553588330745697,0.2480139881372451,0.5743014216423035,0.2236808538436889,0.5330196619033813,0.225427508354187,0.6021215319633484,0.2548241317272186,0.5053055286407471,0.2560710906982422,0.6483458280563354,0.4064308702945709,0.4548932909965515,0.403695672750473,0.7872746586799622,0.5008096694946289,0.3175051212310791,0.4742279350757599,0.7890153527259827,0.363063246011734,0.3213090598583221,0.2972069382667541,0.6181356310844421,0.8548703193664551,0.4774735569953918,0.8475056290626526,0.0,0.0,0.0,0.0,0.0,0.0,0.0,0.0,0.5496971011161804,0.4023513495922088
0.552327573299408,0.2418540269136428,0.5725502967834473,0.217605710029602,0.5324193835258484,0.2198054790496826,0.6010841131210327,0.2440691739320755,0.5066552758216858,0.2494382411241531,0.6526141166687012,0.4057332873344421,0.4588458836078644,0.4052513539791107,0.7742961049079895,0.5227091908454895,0.3323423862457275,0.4961710274219513,0.7595806121826172,0.387256771326065,0.3607683777809143,0.3337078690528869,0.6186872720718384,0.8511412739753723,0.4755249619483948,0.8452635407447815,0.0,0.0,0.0,0.0,0.0,0.0,0.0,0.0,0.5560848116874695,0.4026148021221161
0.5531923174858093,0.2438925355672836,0.5735735297203064,0.2205802947282791,0.5330092310905457,0.222206711769104,0.6014500856399536,0.2504915297031402,0.5064087510108948,0.2529970407485962,0.6487334370613098,0.4061739444732666,0.4603125154972076,0.4053269326686859,0.769047737121582,0.5307327508926392,0.3352816700935364,0.5063455700874329,0.7479618191719055,0.3882370293140411,0.3457523286342621,0.3287939131259918,0.6187014579772949,0.8488200902938843,0.4748024046421051,0.8436298370361328,0.0,0.0,0.0,0.0,0.0,0.0,0.0,0.0,0.5545565485954285,0.4027208983898163
0.5483183264732361,0.2454033643007278,0.5691859126091003,0.2224330157041549,0.5289449095726013,0.2247382700443267,0.5982951521873474,0.2546606361865997,0.5039268136024475,0.2567687928676605,0.6481360793113708,0.4111707806587219,0.456812709569931,0.4106699824333191,0.7823910117149353,0.5081585049629211,0.3112916946411133,0.4669986367225647,0.7877494096755981,0.3693282306194305,0.3172856867313385,0.2908262908458709,0.6157369613647461,0.8552954792976379,0.4743797183036804,0.8485536575317383,0.0,0.0,0.0,0.0,0.0,0.0,0.0,0.0,0.5509637594223022,0.407300740480423
0.5502685904502869,0.2517997920513153,0.5681459903717041,0.2285704314708709,0.5305320620536804,0.230495810508728,0.5940906405448914,0.2590697407722473,0.5034369826316833,0.2627313137054443,0.6445181965827942,0.4061751663684845,0.4531521499156952,0.4088395535945892,0.7756415009498596,0.4664177000522613,0.3121298849582672,0.446548193693161,0.8074808120727539,0.4125415384769439,0.2814349830150604,0.3052006661891937,0.613499104976654,0.8473101854324341,0.4741224646568298,0.8447560667991638,0.0,0.0,0.0,0.0,0.0,0.0,0.0,0.0,0.5480336546897888,0.4058244228363037
0.5493497848510742,0.2491726726293563,0.5685828328132629,0.2260392159223556,0.5295628905296326,0.227970689535141,0.595564067363739,0.2556523978710174,0.5026777982711792,0.2582696378231048,0.6457644701004028,0.4085049033164978,0.4485079646110534,0.4106786251068115,0.7892093062400818,0.4824091494083404,0.2972168922424316,0.4525396823883056,0.8140765428543091,0.3984653353691101,0.2761599123477936,0.2855209410190582,0.6135441660881042,0.8485221862792969,0.4752566218376159,0.8458875417709351,0.0,0.0,0.0,0.0,0.0,0.0,0.0,0.0,0.5468082427978516,0.4077607691287994
0.5536712408065796,0.2455558776855468,0.5741128325462341,0.2221264094114303,0.533147931098938,0.2234655171632766,0.6012953519821167,0.251592218875885,0.5050886273384094,0.2544396221637726,0.6473833322525024,0.4080564677715301,0.4585911333560943,0.4067634642124176,0.7766671776771545,0.5288411378860474,0.3268198072910309,0.5062171816825867,0.789794385433197,0.373085081577301,0.29429692029953,0.3136705458164215,0.6173853278160095,0.8513899445533752,0.4744428694248199,0.8447219729423523,0.0,0.0,0.0,0.0,0.0,0.0,0.0,0.0,0.5518082976341248,0.4042458534240722
0.5501652359962463,0.2505009472370147,0.5696183443069458,0.2266653329133987,0.5315794348716736,0.2287771850824356,0.5980512499809265,0.2567854225635528,0.5068191289901733,0.2593605518341064,0.6448604464530945,0.4105609059333801,0.457859069108963,0.4117953777313232,0.7819922566413879,0.5094930529594421,0.3193973004817962,0.4856068193912506,0.7953608632087708,0.3697519302368164,0.2988980114459991,0.3079470098018646,0.6157481074333191,0.8503333926200867,0.4754270911216736,0.8455386161804199,0.0,0.0,0.0,0.0,0.0,0.0,0.0,0.0,0.5503653883934021,0.4071564674377441
0.5495852828025818,0.2559704184532165,0.5683068037033081,0.2322926819324493,0.5311667323112488,0.2346371114253997,0.5953697562217712,0.2613512575626373,0.5067442655563354,0.2653539478778839,0.6403478384017944,0.4063792526721954,0.4606856405735016,0.4092081189155578,0.7665242552757263,0.4708452522754669,0.3241632878780365,0.4548158347606659,0.7927256226539612,0.4339647889137268,0.2788046598434448,0.3131396174430847,0.6117018461227417,0.8320127725601196,0.4775939881801605,0.8288618922233582,0.0,0.0,0.0,0.0,0.0,0.0,0.0,0.0,0.5502020120620728,0.4057756960391998
0.5489770174026489,0.2510460019111633,0.5679089426994324,0.2275228351354599,0.5305343866348267,0.2297506183385849,0.5957527756690979,0.2578040063381195,0.5055329203605652,0.2615122497081756,0.6459421515464783,0.4054610431194305,0.456755131483078,0.4119553864002228,0.7794564962387085,0.4869828820228576,0.3108851611614227,0.4684017300605774,0.798958420753479,0.383927047252655,0.2885056436061859,0.308718740940094,0.6165329813957214,0.8476672172546387,0.4787302315235138,0.8444427847862244,0.0,0.0,0.0,0.0,0.0,0.0,0.0,0.0,0.5495615601539612,0.4051242172718048
0.4315942823886871,0.4875112175941467,0.4536221623420715,0.472351461648941,0.4076779782772064,0.4722394645214081,0.4765756726264953,0.476407527923584,0.3863185048103332,0.4775471091270447,0.5449473261833191,0.5529628992080688,0.3190008997917175,0.557869017124176,0.6829902529716492,0.5669869184494019,0.1787227094173431,0.5729893445968628,0.688606321811676,0.4723549783229828,0.1520614922046661,0.4795604944229126,0.4960889220237732,0.7847453355789185,0.3654471039772033,0.7873413562774658,0.4945905804634094,0.9447754621505736,0.377041608095169,0.9529579877853394,0.4857842922210693,1.0816267728805542,0.3934636414051056,1.0756244659423828,0.4319741129875183,0.5554159581661224
0.444925308227539,0.4777097105979919,0.4683291316032409,0.4630941450595855,0.4208145141601562,0.4626221060752868,0.4917028844356537,0.4686369895935058,0.3997398018836975,0.4691531360149383,0.559298038482666,0.5458694100379944,0.3331592082977295,0.5493894815444946,0.6967551708221436,0.5631787776947021,0.192226231098175,0.5601420998573303,0.700057864189148,0.4657109975814819,0.1696817874908447,0.4699395000934601,0.5046426057815552,0.7765531539916992,0.3760185539722442,0.7773001790046692,0.506233274936676,0.9281378984451294,0.386387825012207,0.941486358642578,0.4943044185638428,1.0564203262329102,0.3991981446743011,1.0641576051712036,0.4462286233901977,0.5476294457912445
0.4491884112358093,0.4692910015583038,0.4712892174720764,0.4535880982875824,0.4249649941921234,0.4536232352256775,0.4943952560424804,0.4610234797000885,0.4042086005210876,0.4625256359577179,0.5645212531089783,0.536467432975769,0.3404778838157654,0.5413061380386353,0.7015317678451538,0.5559034943580627,0.1980465352535247,0.5551385879516602,0.7078113555908203,0.4603672325611114,0.1763704419136047,0.4653484523296356,0.5118857622146606,0.7679065465927124,0.3817812204360962,0.7697790861129761,0.5108357667922974,0.929741144180298,0.3947321772575378,0.941145658493042,0.5053783655166626,1.060875654220581,0.4036089479923248,1.0680522918701172,0.4524995684623718,0.5388867855072021
0.4600372910499573,0.4660313427448272,0.4828209280967712,0.4510503113269806,0.4362829327583313,0.4506764411926269,0.504294753074646,0.4574845135211944,0.4149850308895111,0.4579569399356842,0.5730215311050415,0.5347656011581421,0.345649778842926,0.5389992594718933,0.7100269198417664,0.5499977469444275,0.2099632024765014,0.5521799325942993,0.7170366048812866,0.4539153277873993,0.1838580071926117,0.4626314342021942,0.5242432951927185,0.766362726688385,0.3964296877384186,0.7680774927139282,0.525332510471344,0.9268606901168824,0.4064937233924866,0.9366012811660768,0.5110493898391724,1.058865308761597,0.4112986922264099,1.0530683994293213,0.4593356549739837,0.5368824303150177
0.4649754464626312,0.4533582031726837,0.4870573878288269,0.4384221732616424,0.4415387511253357,0.4384652078151703,0.5080960392951965,0.4462166726589203,0.4219885766506195,0.4472596049308777,0.5810213685035706,0.5230830907821655,0.354577898979187,0.5271340608596802,0.7192463278770447,0.536658525466919,0.2171793431043625,0.5411399006843567,0.7216117978096008,0.4405267834663391,0.1929198503494262,0.4513580203056335,0.5314755439758301,0.7544945478439331,0.4056640267372131,0.7570797801017761,0.5320718884468079,0.903629183769226,0.4102678298950195,0.9115792512893676,0.5255604982376099,1.0067358016967771,0.4194804728031158,0.9904803037643432,0.4677996337413788,0.5251085758209229
0.4526244699954986,0.4455646872520447,0.4741851687431335,0.4300315082073211,0.4269437193870544,0.4308448433876037,0.4956063628196716,0.4364165961742401,0.4076025485992431,0.4391803741455078,0.567388117313385,0.5120078325271606,0.3424533009529114,0.517504870891571,0.7036741375923157,0.5294444561004639,0.2034985572099685,0.5302491188049316,0.7096450924873352,0.4361906945705414,0.1801621317863464,0.4390273690223694,0.5176728963851929,0.7371736168861389,0.3941497206687927,0.7384414672851562,0.5179370045661926,0.8805825710296631,0.4004719853401184,0.8784319162368774,0.5132519602775574,0.9855697751045228,0.4113960862159729,0.9693313837051392,0.4549207091331482,0.5147563517093658
0.4860413670539856,0.442935049533844,0.5121005177497864,0.4264663159847259,0.4644182324409485,0.4272981286048889,0.5325354933738708,0.4333327710628509,0.4488202929496765,0.4344412088394165,0.6076127290725708,0.5124066472053528,0.3795766532421112,0.5155366063117981,0.7455353736877441,0.5254830121994019,0.2434989511966705,0.5287469029426575,0.7491565346717834,0.4321078062057495,0.2153542041778564,0.4388721287250519,0.552582323551178,0.7384455800056458,0.4300311505794525,0.7383672595024109,0.5472617149353027,0.8757851123809814,0.4372606873512268,0.8753666281700134,0.5464534163475037,0.98623925447464,0.4432771801948547,0.9739719033241272,0.493594691157341,0.5139716267585754
0.4952329099178314,0.4249070584774017,0.5212196111679077,0.4096629321575165,0.4748256206512451,0.4091392159461975,0.5431659817695618,0.4157584011554718,0.4614315032958984,0.4155260920524597,0.6166882514953613,0.4955447912216186,0.3931892812252044,0.4970317482948303,0.752259373664856,0.5101500749588013,0.2562646865844726,0.5113751888275146,0.757909893989563,0.4154551923274994,0.2320446074008941,0.424581915140152,0.5582591891288757,0.7155974507331848,0.4377845823764801,0.7133084535598755,0.5526537895202637,0.8407137393951416,0.4451289772987366,0.8383818864822388,0.5616588592529297,0.9650617241859436,0.4518474638462066,0.9404494762420654,0.5049387663602829,0.4962882697582245
0.5044683218002319,0.41746386885643,0.5285378694534302,0.4018156230449676,0.4806796014308929,0.4018878042697906,0.5481628775596619,0.4088425040245056,0.4640812873840332,0.4102042615413666,0.6210145354270935,0.4859173595905304,0.3982191085815429,0.4906227886676788,0.7572300434112549,0.500760018825531,0.2634614706039428,0.5038754343986511,0.7619382739067078,0.4064026474952698,0.2391759157180786,0.4219986200332641,0.5657954216003418,0.7088552117347717,0.4444274008274078,0.7077704071998596,0.5640309453010559,0.8447149395942688,0.4552649557590484,0.8394517302513123,0.5744301080703735,0.9639593362808228,0.4660360217094421,0.9327638149261476,0.5096168220043182,0.4882700741291046
0.5821000933647156,0.3999065458774566,0.6031559109687805,0.3859389126300812,0.5583057403564453,0.3853392004966736,0.6205054521560669,0.3912388980388641,0.5370016098022461,0.3919750154018402,0.6874150037765503,0.466798335313797,0.4737245440483093,0.4695306420326233,0.8199756741523743,0.4659183621406555,0.3337767720222473,0.4629772901535034,0.8393701314926147,0.3783102333545685,0.3241345286369324,0.3705503642559051,0.6281926035881042,0.6813477873802185,0.5149151086807251,0.6784753203392029,0.6150897145271301,0.807814359664917,0.4995877146720886,0.8111802339553833,0.6026813387870789,0.9105027318000792,0.4938169419765472,0.9199920296669006,0.5805697739124298,0.4681644886732101
0.627554178237915,0.4914902448654175,0.6438149213790894,0.4787162542343139,0.6068847179412842,0.4793541729450226,0.6608333587646484,0.4837030470371246,0.5873962640762329,0.4856783151626587,0.724202036857605,0.5433816313743591,0.5358039140701294,0.5492856502532959,0.8367941975593567,0.5557439923286438,0.4125095307826996,0.5575780272483826,0.8196320533752441,0.4780983924865722,0.4450264573097229,0.4748936593532562,0.6824068427085876,0.7387148141860962,0.576011061668396,0.7384784817695618,0.671824038028717,0.8587179183959961,0.5712568163871765,0.8635425567626953,0.6707131266593933,0.9602990746498108,0.5734801888465881,0.970157265663147,0.6300029754638672,0.5463336408138275
0.4997442364692688,0.3729585707187652,0.5185143351554871,0.3600769340991974,0.4781900942325592,0.3601327240467071,0.5331268310546875,0.3662413954734802,0.4599606394767761,0.3660588264465332,0.5929741859436035,0.4333588182926178,0.3939237892627716,0.4402626752853393,0.7125805616378784,0.446103036403656,0.2709605097770691,0.4551846385002136,0.7128872871398926,0.3607978820800781,0.2683550119400024,0.3691852986812591,0.5526089668273926,0.6360366344451904,0.4441920220851898,0.6355307698249817,0.5396214127540588,0.7638759613037109,0.4367621541023254,0.7620981931686401,0.5285689234733582,0.8565606474876404,0.438917875289917,0.8622801303863525,0.4934489876031875,0.4368107467889786
0.5093971490859985,0.387909859418869,0.5293731093406677,0.3746339082717895,0.4878944456577301,0.3748398721218109,0.5465553998947144,0.3809351027011871,0.4702283442020416,0.380594789981842,0.605881929397583,0.4490830600261688,0.4093994498252868,0.4533253312110901,0.7258419394493103,0.4589048027992248,0.280905544757843,0.4623899459838867,0.7251191735267639,0.3733194470405578,0.285595953464508,0.3771466314792633,0.5603513121604919,0.6518973708152771,0.4511776864528656,0.6498957276344299,0.5452452301979065,0.7831087112426758,0.4436255395412445,0.7787224054336548,0.5323690176010132,0.8719949722290039,0.4420862793922424,0.8779078722000122,0.5076406896114349,0.4512041956186294
0.5504119992256165,0.381887137889862,0.5705457925796509,0.3693662881851196,0.5295643210411072,0.368379533290863,0.5858519673347473,0.3758266270160675,0.5117347836494446,0.3752015233039856,0.6443027257919312,0.4429543614387512,0.4480743408203125,0.4475424587726593,0.7628675699234009,0.4582101106643677,0.3211856484413147,0.463870644569397,0.7630887031555176,0.3732702136039734,0.3269150555133819,0.3814282715320587,0.6042734384536743,0.6421164870262146,0.4966985285282135,0.641527533531189,0.5949013829231262,0.7710050344467163,0.4892808496952057,0.7707239389419556,0.5870695114135742,0.8633393049240112,0.4935193657875061,0.8691971302032471,0.5461885333061218,0.4452484101057052
0.5780598521232605,0.3799237012863159,0.5976959466934204,0.3679320216178894,0.5577205419540405,0.3660197556018829,0.6136709451675415,0.3737928569316864,0.5384462475776672,0.3722429275512695,0.6692832708358765,0.4432719349861145,0.4753044247627258,0.4456225633621216,0.7875245809555054,0.4580219388008117,0.3495582938194275,0.4634337127208709,0.7896031141281128,0.3765482604503631,0.3515968024730682,0.3817235231399536,0.6270174980163574,0.6405456066131592,0.5190103054046631,0.639217734336853,0.6143950819969177,0.7708007097244263,0.5122213959693909,0.7686898112297058,0.60358726978302,0.859886109828949,0.5116744637489319,0.863190233707428,0.5722938477993011,0.444447249174118
0.6151298880577087,0.3705908358097076,0.6339776515960693,0.3580994009971618,0.5941981077194214,0.3571605086326599,0.6484478116035461,0.3640307784080505,0.5754437446594238,0.3636408150196075,0.7029405832290649,0.4328415691852569,0.5090981125831604,0.4333712756633758,0.8249186277389526,0.4465605318546295,0.3841902017593384,0.4507736265659332,0.8234413862228394,0.3619221150875091,0.387655109167099,0.3710338175296783,0.6609193086624146,0.6278325915336609,0.5536810159683228,0.6263797879219055,0.6460016369819641,0.750677764415741,0.5460695028305054,0.7473382353782654,0.6324976682662964,0.8443386554718018,0.5462214946746826,0.8478475213050842,0.6060193479061127,0.4331064224243164
0.5999690890312195,0.3761058747768402,0.6193873286247253,0.3638995587825775,0.5809138417243958,0.3621174395084381,0.6335432529449463,0.3691653907299042,0.5633491277694702,0.3668787777423858,0.6881042122840881,0.4361731708049774,0.4975495934486389,0.4380970001220703,0.8065401315689087,0.4498615264892578,0.3702375888824463,0.453336238861084,0.8137669563293457,0.3692132234573364,0.3669195175170898,0.3731029331684112,0.645520031452179,0.6290438771247864,0.5396718382835388,0.6273272633552551,0.6335639953613281,0.7523651123046875,0.5261884927749634,0.7493360638618469,0.6190308928489685,0.8490002155303955,0.5259509682655334,0.8527733087539673,0.5928269028663635,0.4371350854635238
0.5859293341636658,0.3823954463005066,0.6031967401504517,0.3703486621379852,0.5638942122459412,0.3697476387023926,0.6172423362731934,0.376611053943634,0.5447808504104614,0.375320702791214,0.6719635725021362,0.4424516558647156,0.4831104874610901,0.4450105726718902,0.7857388257980347,0.4575757086277008,0.3639461994171142,0.4646494686603546,0.8216583132743835,0.38016077876091,0.3235719799995422,0.3903831839561462,0.6293741464614868,0.6364679932594299,0.5262829065322876,0.6351957321166992,0.614009439945221,0.7606130838394165,0.514998197555542,0.7572886943817139,0.5988715887069702,0.8532684445381165,0.5144131183624268,0.8574349284172058,0.5775370299816132,0.4437311142683029
0.5682793259620667,0.388945996761322,0.5859172344207764,0.3762187659740448,0.5470570921897888,0.3760284185409546,0.5996188521385193,0.381738930940628,0.5294594168663025,0.3815268874168396,0.6588455438613892,0.4484886527061462,0.468933492898941,0.4525505900382995,0.7704927921295166,0.4647426009178161,0.3463752269744873,0.4782481789588928,0.8303597569465637,0.3963121175765991,0.2876255810260772,0.4082448184490204,0.6221436858177185,0.6457245349884033,0.5195280909538269,0.6476345062255859,0.6138718724250793,0.762376606464386,0.5091532468795776,0.7697558999061584,0.6068204045295715,0.8552123308181763,0.5138676166534424,0.8644937872886658,0.5638895183801651,0.4505196213722229
0.6017014980316162,0.3968625366687774,0.6164572834968567,0.3846090137958526,0.5814906358718872,0.3840936422348022,0.6278135180473328,0.3908778131008148,0.5622000694274902,0.3907152116298675,0.6873869895935059,0.4571595191955566,0.5024637579917908,0.4636015892028808,0.8018617630004883,0.467333436012268,0.389556884765625,0.494339257478714,0.8679054379463196,0.3973548114299774,0.3202106952667236,0.4304037690162658,0.6590884923934937,0.6535490155220032,0.5597015023231506,0.6556476950645447,0.6554768681526184,0.7717196941375732,0.5546625256538391,0.7755869626998901,0.6483857035636902,0.8636147975921631,0.5633882880210876,0.8728405833244324,0.5949253737926483,0.4603805541992187
0.6592262387275696,0.4004189670085907,0.6740740537643433,0.3876735866069793,0.6392421126365662,0.3878644704818725,0.686494767665863,0.3919489085674286,0.619046151638031,0.3924459815025329,0.7461822628974915,0.4596588909626007,0.5568462610244751,0.4665121138095855,0.8534115552902222,0.4727999866008758,0.4385620653629303,0.4917761981487274,0.951595664024353,0.420735090970993,0.3518199324607849,0.4418464303016662,0.7079218029975891,0.6530527472496033,0.6067768931388855,0.6548345685005188,0.6967098712921143,0.7654094099998474,0.5966572761535645,0.7721668481826782,0.6854550838470459,0.8490501642227173,0.6016229391098022,0.8688001036643982,0.6515142619609833,0.4630855023860931
0.5903582572937012,0.3821909725666046,0.6037296652793884,0.3693650066852569,0.5701245069503784,0.3696861565113067,0.6168802976608276,0.3735594451427459,0.5501418709754944,0.3747318387031555,0.6732456684112549,0.4377626180648803,0.4879139065742492,0.4452363848686218,0.7743571996688843,0.4600134491920471,0.3766427636146545,0.4757096469402313,0.8814698457717896,0.4285030961036682,0.2757893800735473,0.4451639950275421,0.6344844102859497,0.6289485096931458,0.5369755625724792,0.6291686296463013,0.6211098432540894,0.7399173378944397,0.5293138027191162,0.7420944571495056,0.6089856624603271,0.8255960941314697,0.5305015444755554,0.8332729935646057,0.5805797874927521,0.4414995014667511
0.5487263798713684,0.4201750159263611,0.5595226883888245,0.4084263741970062,0.5285074710845947,0.4070673286914825,0.5690310001373291,0.4115469753742218,0.5068783760070801,0.4108655750751495,0.6176270842552185,0.475923091173172,0.4454797804355621,0.4812977612018585,0.7163065671920776,0.5043454170227051,0.345651239156723,0.5225809812545776,0.825997531414032,0.4916813671588897,0.2370361387729644,0.5086635947227478,0.5762457251548767,0.6581124663352966,0.484957754611969,0.6571332216262817,0.5621213316917419,0.7680930495262146,0.4676433503627777,0.7711589932441711,0.5500851273536682,0.8546422123908997,0.4728450775146484,0.8636994957923889,0.5315534323453903,0.4786104261875152
0.5298905968666077,0.3685488700866699,0.5440284609794617,0.3578576445579529,0.5083541870117188,0.3554524183273315,0.5547642111778259,0.3625872731208801,0.4870387017726898,0.3605745732784271,0.6006656289100647,0.4251601099967956,0.427407443523407,0.4280708134174347,0.6951618194580078,0.4422804713249206,0.311223417520523,0.442422479391098,0.7234708666801453,0.3701245188713074,0.3082953095436096,0.3657657504081726,0.5589264631271362,0.6029196977615356,0.4650448858737945,0.6029698252677917,0.5430374145507812,0.7214432954788208,0.4471384584903717,0.7229986190795898,0.5268658995628357,0.8023840188980103,0.4499585032463074,0.8155462741851807,0.5140365362167358,0.4266154617071152
0.4996179640293121,0.3823650479316711,0.5122966170310974,0.3704746961593628,0.4785412847995758,0.3690605759620666,0.5196037888526917,0.3752197325229645,0.4538949131965637,0.3744153380393982,0.5662056803703308,0.4362532496452331,0.393851101398468,0.4401183128356933,0.6654231548309326,0.4519560933113098,0.2816946804523468,0.4568684697151184,0.6893805265426636,0.3795209527015686,0.2755292654037475,0.3806985020637512,0.5297089219093323,0.615594208240509,0.4357627034187317,0.6164378523826599,0.517604649066925,0.7320346832275391,0.420830488204956,0.7337873578071594,0.5029631853103638,0.8149417638778687,0.4280754923820495,0.8259567022323608,0.4800283908843994,0.4381857812404632
0.4765376448631286,0.3762900531291961,0.4892918467521667,0.3646904230117798,0.4549909234046936,0.3635608851909637,0.4980298578739166,0.3689805269241333,0.4320710301399231,0.3687417805194855,0.5457549095153809,0.4302947223186493,0.3752824664115906,0.4322240054607391,0.6471214294433594,0.445101797580719,0.2586453557014465,0.4502031505107879,0.6682927012443542,0.3741260468959808,0.2518617510795593,0.3724645376205444,0.5089262127876282,0.6079013347625732,0.4150926470756531,0.6089440584182739,0.4973368048667907,0.7218447327613831,0.4027321934700012,0.7285692691802979,0.48581463098526,0.8119024634361267,0.4097877144813537,0.8213616609573364,0.4605186879634857,0.4312593638896942
0.4561405777931213,0.3660052120685577,0.4696055054664612,0.3545778393745422,0.4360575675964355,0.3527070879936218,0.4802233576774597,0.3584192395210266,0.4137678742408752,0.3567546904087066,0.527235746383667,0.4190385043621063,0.3535870313644409,0.422183632850647,0.6268503665924072,0.4356451332569122,0.2345848530530929,0.4382126629352569,0.6498255133628845,0.3619901537895202,0.2287235707044601,0.3618946671485901,0.492197573184967,0.5987903475761414,0.3974719047546386,0.6004764437675476,0.4826036095619201,0.7141266465187073,0.3861832320690155,0.7205562591552734,0.4716185927391052,0.7998687028884888,0.3925782442092895,0.8121317625045776,0.4404113888740539,0.4206110686063766
0.4537094235420227,0.3780448138713836,0.4674239754676819,0.3665644228458404,0.4330540597438812,0.3644700646400451,0.4780708253383636,0.3703828454017639,0.410186231136322,0.3687095642089844,0.525093674659729,0.4303983449935913,0.3491767644882202,0.4372311234474182,0.6285842657089233,0.4462350606918335,0.225764662027359,0.4543028473854065,0.6491744518280029,0.3727209866046905,0.2191930264234542,0.3762978911399841,0.4938941895961761,0.6140586733818054,0.3992933332920074,0.6158715486526489,0.4831404685974121,0.7362589240074158,0.3900336921215057,0.7379004955291748,0.4755656123161316,0.8182569146156311,0.3989835977554321,0.8303958177566528,0.4371352195739746,0.4338147342205047
0.4588167667388916,0.3882413208484649,0.4727432131767273,0.3765734732151031,0.438438355922699,0.3745781779289245,0.4834890365600586,0.3812604546546936,0.4153109490871429,0.37908935546875,0.5300535559654236,0.4438117742538452,0.3526046872138977,0.4469675421714782,0.6357070803642273,0.458513855934143,0.2298852652311325,0.4618009030818939,0.654997706413269,0.383461594581604,0.2243368178606033,0.3846509158611297,0.4932963252067566,0.6268128156661987,0.3967045545578003,0.6282727718353271,0.4850586354732513,0.7489544749259949,0.3853998184204101,0.7498894333839417,0.4727389812469482,0.8329755067825317,0.3938657641410827,0.8462415933609009,0.4413291215896606,0.4453896582126617
0.4703202843666076,0.4031478464603424,0.4851509928703308,0.3911161124706268,0.4489633440971374,0.3889979124069214,0.4956577718257904,0.3965132534503937,0.4257336556911468,0.39407879114151,0.544653594493866,0.4599585235118866,0.362394630908966,0.4612866640090942,0.649561882019043,0.4765196442604065,0.2388913333415985,0.4771962165832519,0.6705488562583923,0.4038091897964477,0.2355740815401077,0.3974523246288299,0.4980942606925964,0.6476266980171204,0.3983035385608673,0.6469408273696899,0.4857628941535949,0.7718685865402222,0.3845673501491546,0.7736459374427795,0.4721820950508117,0.8576880097389221,0.3882400691509247,0.8706320524215698,0.453524112701416,0.4606225937604904
0.4764074683189392,0.4092337489128113,0.4909714162349701,0.3962083756923675,0.4535916447639465,0.3957275748252868,0.5019432902336121,0.401274710893631,0.4308643937110901,0.4003561735153198,0.5521465539932251,0.4647453725337982,0.3662864565849304,0.4665164351463318,0.6578514575958252,0.4837892353534698,0.2418439090251922,0.4839051365852356,0.6809921860694885,0.4105693399906158,0.2354786694049835,0.4061596691608429,0.5074901580810547,0.6588608622550964,0.4059133529663086,0.6582144498825073,0.4960476756095886,0.7846367955207825,0.3922789990901947,0.7861509919166565,0.4866868555545807,0.8714941740036011,0.3965392410755157,0.8820970058441162,0.4592165052890777,0.465630903840065
0.4997624456882477,0.4006898105144501,0.5169157385826111,0.3881762325763702,0.4781847894191742,0.3877547085285187,0.5306714773178101,0.3939255177974701,0.4579159617424011,0.3930708169937134,0.5810590982437134,0.4582783877849579,0.3911831378936767,0.4618885815143585,0.690212607383728,0.4771825075149536,0.2680767476558685,0.4777699708938598,0.7146018743515015,0.4030120968818664,0.2549992799758911,0.3957335650920868,0.537582516670227,0.6530191898345947,0.4321114420890808,0.6517654061317444,0.5224538445472717,0.7773300409317017,0.4221531748771667,0.7771937847137451,0.5076721906661987,0.8679720759391785,0.4210399687290191,0.8753459453582764,0.486121118068695,0.4600834846496582
0.5147576332092285,0.3543126285076141,0.5331791639328003,0.3415067791938782,0.4921245574951172,0.3409619927406311,0.5466641187667847,0.3472470045089721,0.4733381867408752,0.3463448286056518,0.6018451452255249,0.4127364158630371,0.4084238409996032,0.4177847802639007,0.7171075940132141,0.4298579096794128,0.2867531180381775,0.4357145130634308,0.7376604080200195,0.3499031960964203,0.2671135663986206,0.3518767356872558,0.5611112117767334,0.6097136735916138,0.4565547406673431,0.6100777983665466,0.5514475107192993,0.7371702790260315,0.4470168948173523,0.7367818355560303,0.5429367423057556,0.8267115354537964,0.4520235955715179,0.832558274269104,0.5051344931125641,0.4152605980634689
0.5440955758094788,0.3465437293052673,0.5636519193649292,0.3338569104671478,0.5214124917984009,0.3316637873649597,0.5785090923309326,0.3404577672481537,0.49910369515419,0.3376989960670471,0.6322498321533203,0.4123449325561523,0.429135262966156,0.4100403189659118,0.7574894428253174,0.4357490837574005,0.2941078543663025,0.4275070428848266,0.7796716690063477,0.3507995307445526,0.2818425297737121,0.3382535874843597,0.5760430693626404,0.6199091076850891,0.4619072377681732,0.6170114278793335,0.5529240369796753,0.7500760555267334,0.4460175037384033,0.7505194544792175,0.5401166081428528,0.8509296774864197,0.4472196698188782,0.8515764474868774,0.5306925475597382,0.4111926257610321
0.5487952828407288,0.3129539787769317,0.5730705857276917,0.2978787422180176,0.5262984037399292,0.2951653897762298,0.5903927087783813,0.3056656718254089,0.5034048557281494,0.3013851344585418,0.6554470658302307,0.3852764964103699,0.425384372472763,0.3835836052894592,0.7910540103912354,0.4109107553958893,0.2717917561531067,0.4043849110603332,0.8179513216018677,0.3169295191764831,0.2561562657356262,0.3102854490280151,0.5886306166648865,0.6236188411712646,0.460502564907074,0.6203650832176208,0.5672816634178162,0.7684186697006226,0.4458945393562317,0.7734943628311157,0.554691731929779,0.8736795783042908,0.4423298239707947,0.8791513442993164,0.5404157191514969,0.3844300508499145
0.5714389085769653,0.3151197135448456,0.5979698300361633,0.2998034358024597,0.5482138395309448,0.2982033193111419,0.6151156425476074,0.3071053922176361,0.5293380618095398,0.3036365211009979,0.6813338398933411,0.38872891664505,0.4445926547050476,0.3869673609733581,0.8270927667617798,0.4118620455265045,0.2953813672065735,0.4084584414958954,0.8506256341934204,0.3105316162109375,0.2770839929580688,0.3050112426280975,0.6222537755966187,0.6273698210716248,0.4913226962089538,0.6255220174789429,0.6048199534416199,0.7834998369216919,0.4771546721458435,0.782766580581665,0.5933980941772461,0.8945184946060181,0.4833543300628662,0.8908573389053345,0.5629632472991943,0.3878481388092041
0.5468041896820068,0.3299736976623535,0.5711638927459717,0.3139315843582153,0.5209895372390747,0.3122265636920929,0.5909552574157715,0.3212691843509674,0.497593492269516,0.3189449310302734,0.6592352390289307,0.4006843566894531,0.4228422045707702,0.4054089188575744,0.8018816113471985,0.4257604479789734,0.2713627815246582,0.4296923875808716,0.8294793367385864,0.3295937478542328,0.2447716742753982,0.3338094055652618,0.6048619151115417,0.647368848323822,0.469963937997818,0.6484280824661255,0.5924898982048035,0.7942224144935608,0.4631227850914001,0.8073577880859375,0.5860775709152222,0.9063802361488342,0.4668579697608948,0.9199680089950562,0.5410387217998505,0.4030466377735138
0.5356379151344299,0.3692378401756286,0.5553816556930542,0.3577189147472381,0.5161664485931396,0.3559740483760834,0.5699830651283264,0.3632314503192901,0.498311847448349,0.3609813749790191,0.621565043926239,0.4281077980995178,0.4356085360050201,0.428854376077652,0.7357507348060608,0.4481855928897857,0.3098279237747192,0.4435217082500458,0.7571988701820374,0.3678069114685058,0.2936499416828155,0.3642750382423401,0.5755370259284973,0.617396354675293,0.4714458882808685,0.6159015893936157,0.5632713437080383,0.7403355240821838,0.461216539144516,0.741608202457428,0.5563854575157166,0.830159604549408,0.4664193093776703,0.8321616053581238,0.5285867899656296,0.4284810870885849
0.5445345044136047,0.389593631029129,0.5617982149124146,0.3780815899372101,0.5250833630561829,0.3768039047718048,0.5751132369041443,0.3836292028427124,0.5064688920974731,0.3820890784263611,0.626829981803894,0.4456197619438171,0.4455386996269226,0.4479309320449829,0.736426830291748,0.4626849889755249,0.3274593949317932,0.4619562029838562,0.7534568309783936,0.3863804638385772,0.3123809099197387,0.3868400156497955,0.5830203294754028,0.6279948353767395,0.4815440773963928,0.62665194272995,0.5706472396850586,0.7431590557098389,0.4756643176078796,0.7473580241203308,0.5667625069618225,0.8356775641441345,0.4774394929409027,0.8353775143623352,0.5361843407154083,0.4467753469944
0.547315776348114,0.4212301969528198,0.5655043125152588,0.409853994846344,0.5285993218421936,0.40845388174057,0.5806702971458435,0.4158621728420257,0.5119256377220154,0.4136177897453308,0.6319428086280823,0.4781056046485901,0.4537712931632995,0.4787046611309051,0.7410933971405029,0.4946799576282501,0.338186502456665,0.4940230250358581,0.7582801580429077,0.4165911376476288,0.3236181437969208,0.4196972846984863,0.5875384211540222,0.6605998277664185,0.4865578711032867,0.6585560441017151,0.5789118409156799,0.7817099690437317,0.4795816540718078,0.7819162011146545,0.5703493356704712,0.8655174970626831,0.4836607873439789,0.8674585819244385,0.5428570508956909,0.4784051328897476
0.5401514172554016,0.4386288821697235,0.5570138096809387,0.4275501370429992,0.520880401134491,0.4262054562568664,0.5709282159805298,0.4332295656204223,0.5026425123214722,0.4315207600593567,0.6230319738388062,0.4955307841300964,0.4438138902187347,0.4965825378894806,0.7308710813522339,0.5139187574386597,0.3247940838336944,0.5085594058036804,0.7478731870651245,0.4371408820152282,0.3120028972625732,0.4355662167072296,0.5813223719596863,0.6771801114082336,0.4797240197658539,0.6756471395492554,0.5697347521781921,0.7949431538581848,0.4705507159233093,0.7964675426483154,0.561377763748169,0.887890636920929,0.473332792520523,0.883905827999115,0.5334229320287704,0.4960566610097885
0.5492978692054749,0.4404765367507934,0.5668520331382751,0.4294232726097107,0.5301658511161804,0.4281321763992309,0.5812133550643921,0.4355207085609436,0.512035608291626,0.4331095814704895,0.634475588798523,0.4964000284671783,0.4540169835090637,0.4987680315971374,0.7424826622009277,0.5137463212013245,0.3384623527526855,0.5131385922431946,0.7567070722579956,0.4403225779533386,0.3239586949348449,0.4412351846694946,0.5914822816848755,0.6816059947013855,0.4899971485137939,0.6802745461463928,0.580662190914154,0.8022837042808533,0.482127845287323,0.801715075969696,0.5745427012443542,0.8910731673240662,0.4858905673027038,0.8925705552101135,0.5442462861537933,0.4975840300321579
0.5769981145858765,0.423934668302536,0.5951642990112305,0.4123669862747192,0.5576619505882263,0.4113209545612335,0.6091322898864746,0.418191909790039,0.5398166179656982,0.4160431623458862,0.6626308560371399,0.479852020740509,0.4808774888515472,0.4813125431537628,0.7722308039665222,0.4984789788722992,0.3643998503684997,0.4965255856513977,0.7874173521995544,0.4215582311153412,0.3480234146118164,0.4227442741394043,0.619605302810669,0.6650487780570984,0.5164072513580322,0.6635262966156006,0.607194185256958,0.7838630080223083,0.5095300078392029,0.7864245772361755,0.6031182408332825,0.8758745193481445,0.5127062797546387,0.8752833604812622,0.5717541724443436,0.4805822819471359
0.5353262424468994,0.4165067076683044,0.5544993281364441,0.404878169298172,0.5169233083724976,0.4046403169631958,0.571196436882019,0.4110056161880493,0.5018472075462341,0.409671276807785,0.6280132532119751,0.4740881621837616,0.4464120864868164,0.4756633043289184,0.7363535761833191,0.4932925105094909,0.327144980430603,0.4933837056159973,0.7514760494232178,0.4161043465137481,0.3064726293087005,0.4202953577041626,0.5799291133880615,0.6587743163108826,0.4783971905708313,0.6576536893844604,0.5689932703971863,0.7772397398948669,0.4720660150051117,0.7828242778778076,0.5646211504936218,0.8658800721168518,0.4756335318088531,0.8682065606117249,0.5372126698493958,0.47487573325634
0.4672087728977203,0.4233444333076477,0.4871131777763366,0.4115038812160492,0.447624146938324,0.4113162457942962,0.5023609399795532,0.416886031627655,0.432016521692276,0.4161380529403686,0.555481493473053,0.4789272546768188,0.3750811815261841,0.4810622036457062,0.6644097566604614,0.4992132186889648,0.2567035853862762,0.4982446730136871,0.6780396699905396,0.4232558012008667,0.235293909907341,0.4199308156967163,0.5112101435661316,0.6666818261146545,0.4088854193687439,0.665126383304596,0.5001524686813354,0.7905275225639343,0.4006949961185455,0.7875281572341919,0.4918285310268402,0.8781062960624695,0.4055623412132263,0.8772818446159363,0.4652813374996185,0.4799947291612625
0.5233182311058044,0.4140869081020355,0.5405660271644592,0.4022336602210998,0.5035543441772461,0.4011563658714294,0.5554894804954529,0.4076347649097442,0.4849351942539215,0.4067176282405853,0.608614981174469,0.4732368588447571,0.4266418516635895,0.4720940589904785,0.724687933921814,0.4921447038650512,0.306368350982666,0.4887768924236297,0.7394607663154602,0.4103968739509582,0.2793715000152588,0.4136593639850616,0.5652825236320496,0.6597273349761963,0.4615785479545593,0.6569797396659851,0.552806556224823,0.7800589203834534,0.4530110955238342,0.7791159749031067,0.5426573157310486,0.8710393905639648,0.458439439535141,0.870544970035553,0.5176284164190292,0.4726654589176178
0.5336347818374634,0.4151144027709961,0.5509796142578125,0.4030247628688812,0.5136634707450867,0.4020326435565948,0.565555989742279,0.4089218974113464,0.4944287240505218,0.4078831076622009,0.618449866771698,0.4738230407238006,0.4375381469726562,0.4737294912338257,0.735298752784729,0.4928708076477051,0.3165726661682129,0.4900231063365936,0.7500090599060059,0.4100527763366699,0.2910225987434387,0.4138148725032806,0.5767936110496521,0.6616794466972351,0.472557008266449,0.659961462020874,0.5667644739151001,0.7846106886863708,0.4656209051609039,0.785663902759552,0.5600513815879822,0.8724712133407593,0.4686281681060791,0.8757005333900452,0.5279940068721771,0.4737762659788131
0.5270385146141052,0.4080714285373688,0.546170711517334,0.3958322405815124,0.5081060528755188,0.3955604135990143,0.5627636909484863,0.4016964137554168,0.4908802509307861,0.4012278914451599,0.6203149557113647,0.4672987759113312,0.4334299564361572,0.4685463309288025,0.7345627546310425,0.4860875010490417,0.3164655864238739,0.4857216477394104,0.750108003616333,0.4043328464031219,0.2879843115806579,0.4099209904670715,0.576687216758728,0.6554747223854065,0.4727177023887634,0.6532974243164062,0.5672072768211365,0.7788583636283875,0.4659368097782135,0.7784003615379333,0.5595285892486572,0.8722550272941589,0.4717435240745544,0.8691640496253967,0.526872456073761,0.4679225534200668
0.5288941264152527,0.4037608504295349,0.5467842221260071,0.3919494748115539,0.5086333155632019,0.3898118436336517,0.5624178647994995,0.3963667750358581,0.4908944964408874,0.3943260908126831,0.6167221069335938,0.4618609249591827,0.4337227940559387,0.463033378124237,0.7330695986747742,0.4815017580986023,0.3122800886631012,0.4816860556602478,0.7455422878265381,0.3994151055812835,0.2867904305458069,0.4086616933345794,0.5766209363937378,0.6499277353286743,0.472459614276886,0.6489995121955872,0.5680312514305115,0.775623619556427,0.4667049050331116,0.776864230632782,0.5611998438835144,0.8648447394371033,0.4720979332923889,0.866270899772644,0.5252224504947662,0.4624471515417099
0.5271763205528259,0.400881826877594,0.5464058518409729,0.3886579275131225,0.507218062877655,0.3877631425857544,0.5622442364692688,0.3926853537559509,0.4906969964504242,0.3926252424716949,0.6182809472084045,0.457796037197113,0.4328634738922119,0.4606736898422241,0.7358068227767944,0.4755280613899231,0.3096984922885895,0.4787871539592743,0.745773196220398,0.3934948742389679,0.289064347743988,0.4030492007732391,0.579085648059845,0.6454752087593079,0.4753211140632629,0.6449234485626221,0.5717548131942749,0.768906831741333,0.4713915288448334,0.7706804275512695,0.5646862387657166,0.858795166015625,0.4777536988258362,0.8611409664154053,0.5255722105503082,0.4592348635196686
0.4931721091270447,0.389513611793518,0.5140896439552307,0.3763139545917511,0.473338782787323,0.3755242526531219,0.5304714441299438,0.3822581470012665,0.4574797749519348,0.3815318048000335,0.5901796817779541,0.4516741037368774,0.3923264145851135,0.4539432525634765,0.7105377912521362,0.4706872105598449,0.2717193067073822,0.469618022441864,0.7230995893478394,0.3871618807315826,0.2465503513813018,0.3894330859184265,0.5434449911117554,0.6474692821502686,0.4348739683628082,0.6449480056762695,0.5315158367156982,0.7734631299972534,0.4293498396873474,0.7724500298500061,0.5233709216117859,0.8687448501586914,0.4360413551330566,0.8647353649139404,0.4912530481815338,0.452808678150177
0.4933121800422668,0.4036560654640198,0.5156891345977783,0.3910700678825378,0.4741230905056,0.3902621567249298,0.532747209072113,0.3982700705528259,0.459301620721817,0.3971503674983978,0.5933484435081482,0.4699261486530304,0.3928733468055725,0.4715446829795837,0.7189510464668274,0.4878758788108825,0.2703419029712677,0.488581508398056,0.7280222177505493,0.4033906757831573,0.2455666959285736,0.4060949385166168,0.543030858039856,0.677103579044342,0.4314774870872497,0.6754018068313599,0.5322996973991394,0.8088674545288086,0.4237998127937317,0.8059908747673035,0.5231519341468811,0.8997414112091064,0.4301113188266754,0.9013192653656006,0.4931108951568603,0.470735415816307
0.4732545018196106,0.4114424586296081,0.4954033493995666,0.3975048661231994,0.4537009298801422,0.3962061703205108,0.5131011605262756,0.4046127498149872,0.4360489249229431,0.4033593237400055,0.5753334760665894,0.4765458106994629,0.3709827363491058,0.4769311845302582,0.6986726522445679,0.4979691505432129,0.2412709891796112,0.4970549345016479,0.7094571590423584,0.4119086861610412,0.2236210405826568,0.417626678943634,0.5205956697463989,0.687178909778595,0.408137708902359,0.6850842833518982,0.5107166171073914,0.8167206048965454,0.4037550091743469,0.8188285827636719,0.5024133920669556,0.9103003740310668,0.4117901921272278,0.9084622263908386,0.4731581062078476,0.4767384976148605
0.4701642990112304,0.4021139740943908,0.492785632610321,0.3882077038288116,0.4491249024868011,0.3891629874706268,0.5115618705749512,0.3937022387981415,0.4333190321922302,0.3952348828315735,0.5777292847633362,0.4650314450263977,0.3732839226722717,0.4659372568130493,0.7007096409797668,0.4840291738510132,0.2379211634397506,0.4845900237560272,0.7103580236434937,0.3980402648448944,0.2167922556400299,0.4007631242275238,0.5279490947723389,0.67411208152771,0.4129453599452972,0.6720788478851318,0.5182856321334839,0.8059048056602478,0.4073752760887146,0.8073688745498657,0.5142666101455688,0.907042384147644,0.4140406548976898,0.9068514704704284,0.4755066037178039,0.4654843509197235
0.4658021330833435,0.3800396025180816,0.4876758456230163,0.367230087518692,0.4437256455421448,0.3664692640304565,0.5058954358100891,0.3723862469196319,0.4249181151390075,0.3723244369029999,0.5670990943908691,0.447708398103714,0.3641093671321869,0.4478052258491516,0.6964464783668518,0.4654130339622497,0.2299050986766815,0.4645436108112335,0.7029621601104736,0.3736394643783569,0.2058957815170288,0.3787946105003357,0.5235872268676758,0.6506849527359009,0.4081649780273437,0.6495701670646667,0.5166326761245728,0.7872719168663025,0.4040656983852386,0.7807276248931885,0.5070658326148987,0.8833736181259155,0.412466287612915,0.8811033964157104,0.465604230761528,0.4477568119764328
0.4505632817745209,0.3856619000434875,0.4728110730648041,0.3720491528511047,0.428774356842041,0.3723603785037994,0.4924734532833099,0.3787049055099487,0.4112216830253601,0.3787329494953155,0.5552417039871216,0.4514664113521576,0.3516982793807983,0.4517317414283752,0.6850035190582275,0.4702546298503876,0.2211924493312835,0.4684946835041046,0.6927365064620972,0.3800668120384216,0.1932378113269806,0.3832684457302093,0.504787266254425,0.6589441895484924,0.3898175954818725,0.6558966040611267,0.4986208975315094,0.7922808527946472,0.3843885064125061,0.79572594165802,0.4932014942169189,0.8889967203140259,0.3941524624824524,0.8892291188240051,0.4534699916839599,0.4515990763902664
0.504711925983429,0.396474540233612,0.5299614667892456,0.3829679489135742,0.4843065142631531,0.3805638551712036,0.5487726330757141,0.3904348015785217,0.4690304696559906,0.3883568942546844,0.6109799742698669,0.4661670923233032,0.398553192615509,0.4643167555332184,0.74144047498703,0.4884462654590606,0.2696007788181305,0.482109934091568,0.7503925561904907,0.397107869386673,0.2472162991762161,0.4010554850101471,0.5538440346717834,0.683376669883728,0.4364345967769623,0.6798919439315796,0.5413592457771301,0.816204309463501,0.4319264888763428,0.8133000135421753,0.535763144493103,0.9136620163917542,0.4380046725273132,0.9068412184715272,0.504766583442688,0.4652419239282608
0.5131769180297852,0.3501804172992706,0.5411540865898132,0.3349938690662384,0.4884122908115387,0.3317071497440338,0.5612449049949646,0.3429661095142364,0.4714328348636627,0.3403031527996063,0.6295782327651978,0.430941492319107,0.3995159268379211,0.4296685457229614,0.7812671661376953,0.4565569460391998,0.2503415048122406,0.4523207545280456,0.7924706935882568,0.3488599956035614,0.218663215637207,0.3574013411998749,0.582129955291748,0.6713302135467529,0.446326732635498,0.6687213778495789,0.5704377889633179,0.8190974593162537,0.4462730884552002,0.8141448497772217,0.5761739611625671,0.943393349647522,0.4560115933418274,0.9213839173316956,0.5145470798015594,0.4303050190210342
0.5039613842964172,0.3074241578578949,0.5321364998817444,0.2929142117500305,0.4828981459140777,0.2917364239692688,0.5546488761901855,0.3020956218242645,0.4686494469642639,0.3003974854946136,0.6284666061401367,0.388175368309021,0.3908537924289703,0.3884077966213226,0.776333749294281,0.4111366271972656,0.2466075420379638,0.4102820754051208,0.7836213111877441,0.307894766330719,0.2213586866855621,0.3166671395301819,0.5677196979522705,0.6327577233314514,0.4367238581180572,0.6297746896743774,0.5551048517227173,0.7700474262237549,0.436431735754013,0.7670277953147888,0.550152063369751,0.8788175582885742,0.4434818625450134,0.8714004158973694,0.5096601992845535,0.3882915824651718
0.5099306702613831,0.3722175061702728,0.5379423499107361,0.3587857484817505,0.4909258484840393,0.3568134009838104,0.5587477684020996,0.3667155504226684,0.4785641729831695,0.3636401891708374,0.6249904036521912,0.4458326697349548,0.4061140418052673,0.4450148344039917,0.7680516242980957,0.4690426588058471,0.2684343755245209,0.4615449607372284,0.7765672206878662,0.3661080598831177,0.2447933256626129,0.3738497495651245,0.5726919174194336,0.6730919480323792,0.4485922753810882,0.672320544719696,0.5645028352737427,0.810543417930603,0.4490780830383301,0.8133167624473572,0.5636014342308044,0.9199310541152954,0.454341322183609,0.9105308651924132,0.5155522227287292,0.4454237520694732
0.5137064456939697,0.3807772099971771,0.5413082242012024,0.3679849803447723,0.4951593279838562,0.3646296858787536,0.5620320439338684,0.3767895400524139,0.4813503623008728,0.3721862733364105,0.6273478269577026,0.4583851099014282,0.4019389748573303,0.4516667127609253,0.7627987861633301,0.4842774569988251,0.2681248784065246,0.4666484296321869,0.7746034860610962,0.3877679109573364,0.2471096068620681,0.377944678068161,0.5568782091140747,0.6834792494773865,0.4311321377754211,0.6784670948982239,0.5384273529052734,0.8192861080169678,0.4210417866706848,0.812652587890625,0.5355508923530579,0.9344068169593812,0.4218376278877258,0.9064880609512328,0.5146434009075165,0.4550259113311767
0.5265260934829712,0.3757020235061645,0.5545007586479187,0.361954391002655,0.5068659782409668,0.3589990735054016,0.5742696523666382,0.3701689839363098,0.4914208948612213,0.366325706243515,0.6354718208312988,0.4512795805931091,0.4126258790493011,0.4436932206153869,0.771955132484436,0.4793438613414764,0.2768845856189728,0.4592936635017395,0.7861742377281189,0.3837047219276428,0.2602052092552185,0.3732709586620331,0.5625823736190796,0.6763583421707153,0.4385671615600586,0.6696816086769104,0.5413325428962708,0.8139238357543945,0.4235987067222595,0.8098936080932617,0.530778706073761,0.9149793982505798,0.4231600761413574,0.9036210775375366,0.5240488499403,0.447486400604248
0.5316227078437805,0.3730460405349731,0.5586811304092407,0.3595275580883026,0.5112572312355042,0.3578819036483764,0.5796047449111938,0.3678500354290008,0.4957490563392639,0.3648916184902191,0.64431232213974,0.447173535823822,0.4248367249965668,0.4416395425796509,0.7779548168182373,0.4742351770401001,0.2831321358680725,0.4542795419692993,0.7907466888427734,0.3789677023887634,0.2652565240859985,0.3687311708927154,0.5709783434867859,0.6694843769073486,0.4478619694709778,0.6640390753746033,0.5531917214393616,0.8039318919181824,0.4384026527404785,0.7968242168426514,0.5498915910720825,0.9149410724639891,0.4381644129753113,0.8975353837013245,0.5345745235681534,0.4444065392017364
0.5342039465904236,0.2989885210990906,0.558670163154602,0.285328596830368,0.506246030330658,0.2851937115192413,0.5766251087188721,0.2960690855979919,0.4855852127075195,0.2964402437210083,0.6431649923324585,0.3874706327915191,0.4058291018009186,0.3878602683544159,0.8000005483627319,0.4118972420692444,0.2386683523654937,0.4100742936134338,0.797927737236023,0.3024987280368805,0.2905183732509613,0.3033986389636993,0.5954327583312988,0.6275510787963867,0.458926260471344,0.6301087141036987,0.5963140726089478,0.7791836261749268,0.4547163844108581,0.7786248326301575,0.5929970145225525,0.8591921329498291,0.4564875066280365,0.86985182762146,0.5244970470666885,0.3876654505729675
0.5273280143737793,0.3034864068031311,0.554661750793457,0.2886945009231567,0.5001868605613708,0.2881942689418793,0.5736216306686401,0.297732412815094,0.4811463356018066,0.2984794080257416,0.638232946395874,0.3867535591125488,0.4025965631008148,0.3880118727684021,0.794589638710022,0.409676045179367,0.236423060297966,0.4100890755653381,0.7915405035018921,0.3056801855564117,0.2854256927967071,0.3050425350666046,0.5898468494415283,0.6234373450279236,0.4524771273136139,0.6245714426040649,0.590125322341919,0.7835181951522827,0.4456374645233154,0.7817909121513367,0.5840649604797363,0.8594273924827576,0.4448536932468414,0.8712852001190186,0.5204147547483444,0.3873827159404754
0.4915432333946228,0.2979375123977661,0.5188610553741455,0.2828165590763092,0.464669406414032,0.2826628088951111,0.5390071272850037,0.2922617495059967,0.4470666050910949,0.2933168411254883,0.6099775433540344,0.3819600343704223,0.3711695671081543,0.3832855522632599,0.7664761543273926,0.4053079485893249,0.2036651670932769,0.4065833687782287,0.756994366645813,0.2986730635166168,0.2522629797458648,0.3009653687477112,0.5587974786758423,0.6206048727035522,0.422118991613388,0.6213384866714478,0.5637030005455017,0.7775034308433533,0.4221803545951843,0.7716134786605835,0.5602583885192871,0.8503667116165161,0.425938606262207,0.8633348941802979,0.4905735552310943,0.3826227933168411
0.4919997155666351,0.3014368116855621,0.5183060765266418,0.2866426110267639,0.4655374884605407,0.2863685190677643,0.5372827649116516,0.2963430285453796,0.4475073218345642,0.29667928814888,0.6055014133453369,0.3834205269813537,0.3713393807411194,0.3879689276218414,0.760708212852478,0.4047352969646454,0.2068387269973755,0.4125326573848724,0.7522870302200317,0.3024698793888092,0.2498221844434738,0.3085817098617553,0.5663363337516785,0.6211294531822205,0.4285128712654114,0.6238812208175659,0.5685672760009766,0.780564546585083,0.429094135761261,0.7746151685714722,0.5748842358589172,0.8589956760406494,0.4345268607139587,0.8704817891120911,0.4884203970432281,0.3856947273015976
0.5169777274131775,0.3189058899879455,0.5436208248138428,0.3033779263496399,0.4907770752906799,0.3039941191673279,0.563788652420044,0.3127999603748321,0.4736703336238861,0.3148429095745086,0.6367194652557373,0.401212602853775,0.400242418050766,0.4059057831764221,0.7873157262802124,0.4227268397808075,0.233304738998413,0.4282241463661194,0.7801504135131836,0.317706435918808,0.2813306450843811,0.3226918280124664,0.5909938812255859,0.6382352709770203,0.457002580165863,0.6414240598678589,0.5965024828910828,0.7925134301185608,0.4556021094322204,0.7919700741767883,0.5962064862251282,0.870808482170105,0.4553383886814117,0.8858441114425659,0.5184809416532516,0.4035591930150985
0.5361573696136475,0.3408737778663635,0.5628851056098938,0.3265763223171234,0.5101974010467529,0.3263422846794128,0.5831830501556396,0.3367961943149566,0.4933653473854065,0.3364724218845367,0.6509403586387634,0.4233214259147644,0.4174298346042633,0.4252318143844604,0.8072346448898315,0.447662740945816,0.2516335546970367,0.4456429481506347,0.7996833920478821,0.3439235389232635,0.3038054704666137,0.3432297706604004,0.6034581661224365,0.6608155965805054,0.4675574898719787,0.6634388566017151,0.6056470274925232,0.8174213171005249,0.4622688293457031,0.8182781338691711,0.6019717454910278,0.8909779191017151,0.4644963145256042,0.9042520523071288,0.5341850966215134,0.4242766201496124
0.5551847219467163,0.3433776199817657,0.5816118717193604,0.3297487795352936,0.5306676030158997,0.3286469578742981,0.6014482975006104,0.3399559557437897,0.5126000642776489,0.3386310636997223,0.6659625768661499,0.429447203874588,0.4332990646362304,0.4260731935501098,0.8207474946975708,0.4572630524635315,0.267748475074768,0.4446244835853576,0.8205666542053223,0.3499946594238281,0.3236924409866333,0.341132253408432,0.6074070930480957,0.6685513854026794,0.4742546081542969,0.667214035987854,0.6033408641815186,0.8174593448638916,0.4647620618343353,0.8151237964630127,0.5996786952018738,0.8985822796821594,0.4604934751987457,0.904397428035736,0.5496308207511902,0.4277601987123489
0.573771059513092,0.3397429287433624,0.5983802080154419,0.3256014287471771,0.5473771691322327,0.3249598443508148,0.6154654026031494,0.3354793488979339,0.5262708067893982,0.3341632187366485,0.6763532757759094,0.4250558018684387,0.4446837306022644,0.4213087260723114,0.8278994560241699,0.4500040411949157,0.2784053981304168,0.438276082277298,0.8315736651420593,0.346184104681015,0.3385158777236938,0.3354464471340179,0.6157988905906677,0.6608491539955139,0.4835578799247741,0.659960925579071,0.6098353862762451,0.8151945471763611,0.4698664247989654,0.8119642734527588,0.6044619679450989,0.8940562009811401,0.4626664519309997,0.9080727100372314,0.5605185031890869,0.423182263970375
0.5567317605018616,0.3212236762046814,0.5795914530754089,0.3074819147586822,0.5291364789009094,0.3068443238735199,0.5954669713973999,0.3175746500492096,0.5087372064590454,0.3181429207324981,0.6593703627586365,0.4093266725540161,0.4283059537410736,0.4107997715473175,0.8146781921386719,0.4293994307518005,0.269952118396759,0.4318312704563141,0.8121294975280762,0.3300679624080658,0.317035436630249,0.3262340128421783,0.6125615835189819,0.6372345685958862,0.4826562404632568,0.638992190361023,0.6176033020019531,0.7894803285598755,0.4802278876304626,0.7829423546791077,0.6140245199203491,0.8653315305709839,0.4786472916603088,0.8778658509254456,0.543838158249855,0.4100632220506668
0.5873360633850098,0.3070365488529205,0.6057920455932617,0.2927695512771606,0.5604239106178284,0.2919547259807586,0.6176823973655701,0.3007744550704956,0.5360327363014221,0.3020313084125519,0.6858900785446167,0.3880322277545929,0.4562171101570129,0.3929381966590881,0.8363062143325806,0.4084508121013641,0.2955938279628753,0.4167606234550476,0.8288151621818542,0.3126567304134369,0.3422293066978454,0.3123118579387665,0.634618878364563,0.6136173009872437,0.5071622729301453,0.6149448752403259,0.6400399208068848,0.7680248022079468,0.5011211633682251,0.764922559261322,0.6312418580055237,0.8465757966041565,0.5035631060600281,0.8557996153831482,0.5710535943508148,0.3904852122068405
0.5969082713127136,0.3108856081962585,0.620955228805542,0.2980141341686249,0.572665810585022,0.2957797050476074,0.636714518070221,0.3080682158470154,0.5525319576263428,0.3051639795303345,0.6967014074325562,0.3953288197517395,0.4700825214385986,0.3920492529869079,0.8419844508171082,0.4165098965167999,0.3143416047096252,0.4106591045856476,0.8406471014022827,0.3162772357463836,0.363299012184143,0.3111143708229065,0.6392486095428467,0.6153849959373474,0.5128976106643677,0.6157335638999939,0.6398011445999146,0.7608891725540161,0.5024446845054626,0.7600047588348389,0.6321988105773926,0.835298478603363,0.5001453757286072,0.8527752757072449,0.5833919644355774,0.3936890363693237
0.5537747740745544,0.3080140650272369,0.575388491153717,0.2950355112552643,0.5300328135490417,0.2934611439704895,0.5887391567230225,0.3037973344326019,0.5099812746047974,0.302075982093811,0.6488806009292603,0.3879692852497101,0.4300265312194824,0.3849639296531677,0.7878488302230835,0.4112213850021362,0.2783843278884887,0.4058483242988586,0.7878315448760986,0.3150950670242309,0.3242392838001251,0.3088313043117523,0.5948861241340637,0.5987460017204285,0.4711405336856842,0.5997195839881897,0.5920100808143616,0.7359818816184998,0.4703476428985595,0.7361339926719666,0.5901861190795898,0.8227618336677551,0.4609330296516418,0.830317497253418,0.5394535660743713,0.3864666074514389
0.4897500872611999,0.3120159208774566,0.5096417665481567,0.29878631234169,0.4637479186058044,0.2984423637390136,0.5237439274787903,0.3063897490501404,0.4438090920448303,0.3076882064342499,0.5883764624595642,0.3897468149662018,0.3724036514759063,0.3939778506755829,0.7265986204147339,0.415060818195343,0.2263457775115966,0.4220602810382843,0.7160465717315674,0.3187737464904785,0.261374831199646,0.3267110884189605,0.5455617308616638,0.5984598994255066,0.4256694912910461,0.6019002199172974,0.5499716401100159,0.7338097095489502,0.4264114499092102,0.728689432144165,0.5512757897377014,0.808030903339386,0.423950046300888,0.8312022686004639,0.4803900569677353,0.3918623328208923
0.4453948140144348,0.3255647420883178,0.4676474928855896,0.312504768371582,0.4216671586036682,0.3124837875366211,0.4854163229465484,0.3216975033283233,0.4013247489929199,0.3228853046894073,0.5493858456611633,0.4047486484050751,0.3335697650909424,0.4069998562335968,0.6936988830566406,0.4260646104812622,0.1871552169322967,0.4362661242485046,0.6747413873672485,0.3337514698505401,0.2223063260316848,0.3424403965473175,0.5045869946479797,0.6124858260154724,0.3825819790363312,0.6153084635734558,0.515982985496521,0.747607946395874,0.3850144445896148,0.7483412623405457,0.5166187882423401,0.8339405059814453,0.3879979252815246,0.8443915247917175,0.4414778053760528,0.4058742523193359
0.436314970254898,0.3236409425735473,0.4606383442878723,0.3114185631275177,0.4133087694644928,0.31104576587677,0.4803606867790222,0.3211627602577209,0.3978772759437561,0.3211711049079895,0.5470307469367981,0.4052205681800842,0.3250384628772735,0.4079790711402893,0.6940563917160034,0.4287226796150207,0.1747317016124725,0.4389368295669555,0.6801096200942993,0.3360599279403686,0.2105644941329956,0.3400425612926483,0.5017452239990234,0.6236984133720398,0.3760648369789123,0.6272329092025757,0.5099669098854065,0.771786630153656,0.3762069344520569,0.7714196443557739,0.5109218955039978,0.8497462868690491,0.380540132522583,0.8659212589263916,0.4360346049070358,0.4065998196601867
0.4773741364479065,0.308422178030014,0.4992360174655914,0.2939372062683105,0.4517326354980469,0.2948810756206512,0.5166245698928833,0.3028759360313415,0.4317193925380707,0.3052302896976471,0.5885598659515381,0.3892350792884826,0.3609057664871216,0.3941719830036163,0.7402621507644653,0.4134624898433685,0.207870751619339,0.4283825755119324,0.722557544708252,0.3170422315597534,0.2433219850063324,0.3261380195617676,0.5434715747833252,0.6133304834365845,0.4155834317207336,0.6159325838088989,0.5582765340805054,0.7522971034049988,0.4167486131191253,0.755161464214325,0.556675910949707,0.8411036133766174,0.4225214123725891,0.8516397476196289,0.4747328162193298,0.3917035311460495
0.5251900553703308,0.2972330749034881,0.5508694648742676,0.284023106098175,0.5000317096710205,0.283035010099411,0.5697533488273621,0.2930812537670135,0.4832969605922699,0.2936755716800689,0.6396213173866272,0.382837563753128,0.4074098467826843,0.384281724691391,0.7929602861404419,0.4067092835903168,0.2544557750225067,0.4195846915245056,0.7811818718910217,0.3057731986045837,0.2889913916587829,0.3159280121326446,0.5946847796440125,0.6098296046257019,0.4643104672431946,0.6132330298423767,0.5971444249153137,0.7510606050491333,0.4670224189758301,0.753365159034729,0.5958923101425171,0.8337632417678833,0.4642485678195953,0.8424546718597412,0.5235155820846558,0.3835596442222595
0.5341088175773621,0.285894364118576,0.5601474046707153,0.2724766135215759,0.5079150795936584,0.2712041437625885,0.5779650211334229,0.2820324897766113,0.4897008538246155,0.2818614840507507,0.6437516212463379,0.3698334097862243,0.4148925840854645,0.3719866573810577,0.797709584236145,0.3976978063583374,0.2602830529212951,0.4063371419906616,0.789441704750061,0.2978735268115997,0.2971828579902649,0.3035441637039184,0.5970857739448547,0.5960097908973694,0.4700420796871185,0.5982401967048645,0.5963155031204224,0.7344186902046204,0.4691291451454162,0.7338617444038391,0.5958495736122131,0.8161571621894836,0.4630228579044342,0.8301705718040466,0.5293221026659012,0.370910033583641
0.5052059888839722,0.3045915067195892,0.5277951955795288,0.2907355725765228,0.4810841977596283,0.2897383272647857,0.5445797443389893,0.2994314730167389,0.4575383067131042,0.2991547584533691,0.611333966255188,0.3854124844074249,0.385824590921402,0.3893582224845886,0.7557202577590942,0.4124097526073456,0.2324554026126861,0.4194237887859344,0.7446394562721252,0.3155667185783386,0.2720131874084472,0.3193970620632171,0.563759982585907,0.609430193901062,0.4361904263496399,0.6104747653007507,0.5770540237426758,0.7448371052742004,0.4396785795688629,0.7456064820289612,0.5724201798439026,0.8286635875701904,0.4414991736412048,0.8376208543777466,0.498579278588295,0.3873853534460068
0.4559480547904968,0.3313504457473755,0.4770683348178863,0.3177744746208191,0.4329791963100433,0.3187592923641205,0.4979663789272308,0.3270272016525268,0.4154519140720367,0.3288317918777466,0.5636276006698608,0.4038748741149902,0.3559059500694275,0.412942111492157,0.7043353319168091,0.4158080220222473,0.2073775827884674,0.4312804937362671,0.6938009858131409,0.3239664137363434,0.2390740811824798,0.333227127790451,0.5367656946182251,0.6179041266441345,0.4184885919094085,0.6224165558815002,0.5498554110527039,0.7475154399871826,0.4232328832149505,0.7523639798164368,0.5487477779388428,0.8266157507896423,0.4298630654811859,0.8445703983306885,0.4597667753696441,0.4084084928035736
0.531108558177948,0.2947687804698944,0.5535351634025574,0.2793155312538147,0.5052004456520081,0.2789799571037292,0.5703881978988647,0.2879473567008972,0.4845785200595855,0.287838876247406,0.6387086510658264,0.3785435855388641,0.4036217629909515,0.3815478980541229,0.8007308840751648,0.3927762806415558,0.2362562716007232,0.3944288492202759,0.7988033890724182,0.2841116189956665,0.2822011709213257,0.2881783843040466,0.5994623899459839,0.6148517727851868,0.4666685163974762,0.618588387966156,0.5993046164512634,0.7680377960205078,0.4681214690208435,0.7631105780601501,0.6040055751800537,0.8578439354896545,0.4654052257537842,0.8647792339324951,0.521165207028389,0.3800457417964935
0.5547276735305786,0.2614567577838897,0.5779634714126587,0.2466360032558441,0.5278756022453308,0.2454088628292083,0.5961962342262268,0.2555762231349945,0.5053520202636719,0.2546255886554718,0.6641764044761658,0.3464671373367309,0.4260306358337402,0.3486167192459106,0.8244001269340515,0.3646068572998047,0.2549207508563995,0.3673405945301056,0.8196288347244263,0.2542460262775421,0.298259437084198,0.2555705606937408,0.6131089925765991,0.5831522345542908,0.4748671650886535,0.5837635397911072,0.6140777468681335,0.7352294921875,0.4714701771736145,0.7298333048820496,0.6091377139091492,0.8282212018966675,0.4693883955478668,0.8420178890228271,0.545103520154953,0.3475419282913208
0.5627297759056091,0.2509466111660003,0.5900521874427795,0.2367283999919891,0.5345529913902283,0.2340394556522369,0.6087347269058228,0.2472717463970184,0.512263298034668,0.2441629469394683,0.6760714650154114,0.3449038863182068,0.4212717115879059,0.3442160785198211,0.847446084022522,0.3633042573928833,0.2419259548187255,0.3604207634925842,0.8455672264099121,0.2450677752494812,0.28887540102005,0.2423873245716095,0.6187723875045776,0.5985233783721924,0.4746848046779632,0.5979326367378235,0.6164476871490479,0.7578073143959045,0.4640332162380218,0.7527144551277161,0.6104856729507446,0.851755678653717,0.4561820924282074,0.8657398223876953,0.5486715883016586,0.344559982419014
0.5776775479316711,0.2412926107645034,0.5997495651245117,0.2258452028036117,0.5490860342979431,0.2243119180202484,0.6151091456413269,0.2339959740638733,0.5215760469436646,0.2325330376625061,0.6795198917388916,0.3298958539962768,0.4366915822029114,0.3305344581604004,0.8404439687728882,0.3481347262859344,0.267621636390686,0.3524414002895355,0.8450239896774292,0.2371810972690582,0.3042531609535217,0.2348433434963226,0.6255254745483398,0.5700617432594299,0.4900282919406891,0.5694385170936584,0.628233015537262,0.7273776531219482,0.4819546639919281,0.7198728919029236,0.6237427592277527,0.8139066100120544,0.4813025593757629,0.8276209235191345,0.5581057369709015,0.3302151560783386
0.5523605942726135,0.2914716303348541,0.5714924931526184,0.2765771746635437,0.5261063575744629,0.2772981822490692,0.5864097476005554,0.283835232257843,0.5019063949584961,0.2863434255123138,0.6509081125259399,0.3701383471488952,0.4283566474914551,0.3738493025302887,0.797822892665863,0.3845452666282654,0.273587018251419,0.3932348489761352,0.7897297143936157,0.2828836441040039,0.3126476407051086,0.2906459867954254,0.6100528240203857,0.5921775102615356,0.4856022894382477,0.5934914350509644,0.6139460206031799,0.7350894808769226,0.4750300943851471,0.7320011258125305,0.6060910820960999,0.8177669048309326,0.4777845442295074,0.8310255408287048,0.5396323800086975,0.371993824839592
0.5835619568824768,0.3282047212123871,0.6047539114952087,0.3130622506141662,0.5600187182426453,0.3127928376197815,0.619357168674469,0.323123425245285,0.5384910106658936,0.3237487375736236,0.6803837418556213,0.4082261025905609,0.4627712368965149,0.4079486131668091,0.8254157900810242,0.4227812588214874,0.3153197467327118,0.4256761372089386,0.8171780705451965,0.3312615156173706,0.3571855127811432,0.3258615732192993,0.6326292157173157,0.6245526671409607,0.5123106241226196,0.6251847743988037,0.6293444633483887,0.7640044689178467,0.5026549100875854,0.7614072561264038,0.6230337023735046,0.8450467586517334,0.4992718696594238,0.8577724099159241,0.5715774893760681,0.408087357878685
0.5982614159584045,0.3247550129890442,0.6168743371963501,0.3123610913753509,0.5736621618270874,0.3123476803302765,0.6295123100280762,0.3208339810371399,0.5528752207756042,0.3215825259685516,0.6898231506347656,0.4005444347858429,0.4838483929634094,0.4030283391475677,0.8306209444999695,0.4165456891059875,0.3392459154129028,0.4205002188682556,0.820733904838562,0.325088232755661,0.3770132660865783,0.3289143145084381,0.6455914974212646,0.6023055911064148,0.5290254354476929,0.604461133480072,0.6425901651382446,0.7402190566062927,0.5207894444465637,0.7447133660316467,0.6402441263198853,0.8216791152954102,0.5156548023223877,0.839751660823822,0.5868357717990875,0.4017863869667053
0.5499421954154968,0.2976130545139313,0.5663936734199524,0.2838292121887207,0.5213866233825684,0.2822180390357971,0.573564350605011,0.2918631732463836,0.4906384944915771,0.2905202507972717,0.6324381828308105,0.3731927275657654,0.4162549078464508,0.3782341778278351,0.7724272012710571,0.395463079214096,0.2694537043571472,0.4071738421916961,0.7658463716506958,0.3012465834617615,0.3115671873092651,0.3041964173316955,0.5945467948913574,0.5931188464164734,0.477119505405426,0.5963485836982727,0.5932093858718872,0.7260229587554932,0.4751109480857849,0.7370201945304871,0.5915780067443848,0.8136795163154602,0.4747283458709717,0.8403438329696655,0.5243465453386307,0.3757134526968002
0.5535871982574463,0.2969841361045837,0.5710369348526001,0.2829224765300751,0.5245471596717834,0.2816659212112427,0.5785929560661316,0.2911409437656402,0.4936447739601135,0.2904062271118164,0.6370853185653687,0.3737764954566955,0.419407457113266,0.3786520361900329,0.776871383190155,0.3975005447864532,0.270695686340332,0.4070809781551361,0.7765138745307922,0.3029674589633941,0.314507246017456,0.3012967109680176,0.6005476713180542,0.5944775342941284,0.4789840579032898,0.5991187691688538,0.600441038608551,0.7330088019371033,0.4737696051597595,0.7415937781333923,0.5978010892868042,0.8205847144126892,0.4745659232139587,0.8474060297012329,0.5282463878393173,0.3762142658233642
0.5577394366264343,0.3073630630970001,0.5760696530342102,0.2925400733947754,0.5300521850585938,0.2912729978561401,0.5849478244781494,0.3014792203903198,0.5017754435539246,0.3007737696170807,0.647216796875,0.3903373479843139,0.4226774275302887,0.3913430571556091,0.7927879095077515,0.4113534986972809,0.2674292325973511,0.4206594228744507,0.7886093258857727,0.3140815794467926,0.311758279800415,0.31283700466156,0.6018900871276855,0.6205769181251526,0.4755993783473968,0.6218203902244568,0.5980604887008667,0.7572165131568909,0.4680043160915375,0.7679646611213684,0.5900765061378479,0.8520439863204956,0.4642810225486755,0.8776739835739136,0.5349471122026443,0.3908402025699615
0.5525131225585938,0.2757388055324554,0.5707243084907532,0.2590422332286834,0.5224609971046448,0.2576708197593689,0.577995777130127,0.2671342492103576,0.4898288249969482,0.2671612203121185,0.6436803936958313,0.3612620234489441,0.4045634269714355,0.3634445965290069,0.7936069965362549,0.3869465887546539,0.2456231415271759,0.3947053551673889,0.7879257798194885,0.2836747765541076,0.2947507500648498,0.2819236516952514,0.5963881015777588,0.5980027914047241,0.464410126209259,0.601309061050415,0.5894092321395874,0.7432719469070435,0.457853615283966,0.7558575868606567,0.5896287560462952,0.8344919681549072,0.458146184682846,0.8652039170265198,0.5241219103336334,0.3623533099889755
0.5204829573631287,0.2854488790035248,0.5374242067337036,0.2697684466838836,0.4895486235618591,0.2671127021312713,0.5442616939544678,0.2782574295997619,0.4566385149955749,0.2769102454185486,0.6129095554351807,0.3717638552188873,0.3666987121105194,0.3753085136413574,0.771262526512146,0.3954590559005737,0.2003526985645294,0.4106000959873199,0.7602245807647705,0.2946242392063141,0.2473773509263992,0.2944378554821014,0.56569904088974,0.6190096735954285,0.4301732182502746,0.6225051283836365,0.5635167956352234,0.7714426517486572,0.4294100403785705,0.7843803763389587,0.5579777359962463,0.8616421222686768,0.4297294616699219,0.9003627300262451,0.48980413377285,0.3735361844301224
0.5241748690605164,0.2815912067890167,0.545575737953186,0.266338050365448,0.4933487772941589,0.2632745504379272,0.5574385523796082,0.2773114442825317,0.4601100981235504,0.2727575004100799,0.6211140155792236,0.3726590275764465,0.3699508905410766,0.3700168430805206,0.7792935371398926,0.4028388261795044,0.1988879740238189,0.4002843499183655,0.7760449647903442,0.2989734411239624,0.25045907497406,0.2821936011314392,0.5622605681419373,0.6203715205192566,0.4231081902980804,0.6247754693031311,0.553885817527771,0.7681851983070374,0.4100163578987121,0.7935479283332825,0.544706404209137,0.8619282245635986,0.4079388976097107,0.9087669849395752,0.4955324530601501,0.3713379353284836
0.4585179686546325,0.2163581550121307,0.4812366366386413,0.1980429589748382,0.4259838163852691,0.1964627802371978,0.4944086074829101,0.2066356241703033,0.3929901421070099,0.2059035897254943,0.5618628263473511,0.3070417046546936,0.3064306378364563,0.3119835257530212,0.7233970165252686,0.3369610905647278,0.1302671730518341,0.3472264111042022,0.7133458256721497,0.2235981822013855,0.1671383380889892,0.2207836508750915,0.5122817158699036,0.5570427179336548,0.3679144382476806,0.5603795647621155,0.5178031325340271,0.7185701727867126,0.3633330166339874,0.724317193031311,0.5095252990722656,0.8080374002456665,0.3725821375846863,0.8324314951896667,0.4341467320919037,0.3095126152038574
0.4768244624137878,0.2414447218179702,0.5041799545288086,0.2241881936788559,0.4448449611663818,0.221682608127594,0.5207875370979309,0.2366158366203308,0.4148605465888977,0.2332349419593811,0.5895447731018066,0.3459950089454651,0.3163542151451111,0.3419863581657409,0.7706268429756165,0.3741690218448639,0.1283663809299469,0.3745655417442322,0.7513567209243774,0.2539670169353485,0.1756378412246704,0.2466608434915542,0.5243378281593323,0.6142070293426514,0.3658266067504883,0.6165077686309814,0.5250377655029297,0.7830384969711304,0.3583301901817322,0.7916778326034546,0.5085266828536987,0.8748220205307007,0.3578737378120422,0.8957434892654419,0.4529494941234588,0.343990683555603
0.4933351576328277,0.2714980840682983,0.5192627310752869,0.2546064257621765,0.4608352184295654,0.2530314326286316,0.5368135571479797,0.2649762034416199,0.4353520274162292,0.2654357254505157,0.6244406700134277,0.3696999549865722,0.3438345789909363,0.375962883234024,0.8104311227798462,0.3986479640007019,0.1572614014148712,0.4155996441841125,0.7759487628936768,0.2709154486656189,0.1906846761703491,0.2863780260086059,0.5709055066108704,0.6484151482582092,0.4104391932487488,0.6512156128883362,0.5734152793884277,0.8381791710853577,0.4068036675453186,0.835877537727356,0.5734223127365112,0.922271192073822,0.4090428948402405,0.9425814151763916,0.484137624502182,0.3728314191102981
0.5241694450378418,0.2811348140239715,0.5508902668952942,0.2647467255592346,0.4934486448764801,0.2645604610443115,0.5702401399612427,0.2748663127422333,0.4703427851200104,0.2758143842220306,0.6428839564323425,0.3754836916923523,0.3884748518466949,0.376025378704071,0.8137573003768921,0.4009682834148407,0.2182454764842987,0.4121708273887634,0.7906427383422852,0.2859192490577698,0.2514861226081848,0.2964456975460052,0.5915104746818542,0.6242324709892273,0.4464898705482483,0.6261590719223022,0.59261155128479,0.7898065447807312,0.4475190043449402,0.7983747124671936,0.5870187878608704,0.8548543453216553,0.4416503012180328,0.885391116142273,0.5156794041395187,0.3757545351982116
0.5205286741256714,0.2612965404987335,0.5424275398254395,0.2478646636009216,0.4890879988670349,0.2473214566707611,0.5591661930084229,0.2571412026882171,0.4670903086662292,0.2587255835533142,0.6301977038383484,0.3615136742591858,0.3894123435020447,0.3617509007453918,0.7898953557014465,0.3951104879379272,0.2324046790599823,0.4020591378211975,0.7711124420166016,0.2872699797153473,0.2602954506874084,0.2965281903743744,0.5749133825302124,0.5958913564682007,0.4393162727355957,0.5956506133079529,0.5799252986907959,0.7432103753089905,0.4399924278259277,0.7410314083099365,0.5763245820999146,0.8238549828529358,0.4387200474739074,0.8334970474243164,0.5098050236701965,0.3616322875022888
0.526760458946228,0.2916851341724396,0.5494866967201233,0.2785220444202423,0.499295711517334,0.2771923243999481,0.5641443133354187,0.2875829637050628,0.4767681658267975,0.2872238755226135,0.626896858215332,0.3778977990150451,0.4015641212463379,0.3810382485389709,0.7745839357376099,0.4116362035274505,0.2514405250549316,0.4197933077812195,0.7519458532333374,0.3133631646633148,0.287372350692749,0.3188527524471283,0.5840188264846802,0.6045836210250854,0.4539566040039062,0.6064350605010986,0.5825631022453308,0.7564408779144287,0.451000452041626,0.756500780582428,0.5794610977172852,0.8271593451499939,0.4489670395851135,0.8407065868377686,0.514230489730835,0.379468023777008
0.5222227573394775,0.2811539471149444,0.5455155372619629,0.2673278748989105,0.4965901970863342,0.2667964398860931,0.5619248151779175,0.2760660350322723,0.4757397174835205,0.275846779346466,0.6230754256248474,0.3621735572814941,0.4067846238613128,0.3651359677314758,0.7600945234298706,0.3940103650093078,0.2638906240463257,0.3985364139080047,0.7385464906692505,0.3029441237449646,0.3016332983970642,0.3027042746543884,0.571707546710968,0.5765988826751709,0.4504420161247253,0.5750626921653748,0.5693325996398926,0.7173854112625122,0.4409382939338684,0.7079864740371704,0.5613973140716553,0.7901582717895508,0.4404950141906738,0.791949450969696,0.5149300247430801,0.363654762506485
0.5562537312507629,0.2985189855098724,0.5751819610595703,0.2870471179485321,0.5321040153503418,0.2859107851982116,0.5883461833000183,0.2948954403400421,0.510108232498169,0.2946358323097229,0.644092321395874,0.3771573007106781,0.4428809285163879,0.3788626492023468,0.7733712196350098,0.4068925082683563,0.3125618100166321,0.4131572842597961,0.749334454536438,0.3168827295303345,0.345235526561737,0.3233345150947571,0.5994465351104736,0.57511305809021,0.4851346611976623,0.5748607516288757,0.5975654721260071,0.7098063826560974,0.4768477380275726,0.7102723717689514,0.5880925059318542,0.780566930770874,0.4726791977882385,0.7962556481361389,0.543486624956131,0.3780099749565124
0.5704159736633301,0.320442795753479,0.5886528491973877,0.3090212941169739,0.5474662780761719,0.3081061542034149,0.6009518504142761,0.3171195983886719,0.5306147336959839,0.3173513114452362,0.6584346890449524,0.3962132334709167,0.4619874358177185,0.3936711847782135,0.7856475710868835,0.4240521490573883,0.336625725030899,0.4282636642456054,0.761193037033081,0.3413569033145904,0.3669669330120086,0.3405042886734009,0.6089971661567688,0.5869950652122498,0.4993055760860443,0.5858050584793091,0.6080080270767212,0.7121862769126892,0.493422657251358,0.7113255858421326,0.5983362197875977,0.7870380878448486,0.4868740439414978,0.7957132458686829,0.5602110624313354,0.3949422091245651
0.5866957306861877,0.3626019656658172,0.6042859554290771,0.3512448370456695,0.5621814727783203,0.3513901531696319,0.6158170104026794,0.3588433563709259,0.54220050573349,0.3608097732067108,0.6698325872421265,0.4391409456729889,0.4793337881565094,0.440121591091156,0.7938610315322876,0.4699188768863678,0.3545677661895752,0.4762845039367676,0.7726045250892639,0.3841162025928497,0.3803563714027405,0.3900865912437439,0.6197139024734497,0.6296834349632263,0.5104193687438965,0.6310911178588867,0.6161595582962036,0.7524387240409851,0.5009447932243347,0.7612857818603516,0.609195351600647,0.8308738470077515,0.4918615818023681,0.8515719771385193,0.5745831876993179,0.4396312683820724
0.5911344289779663,0.3696679174900055,0.6113661527633667,0.3578264415264129,0.569394052028656,0.3568637073040008,0.6250485777854919,0.3660157918930053,0.5493258237838745,0.364890843629837,0.6702525019645691,0.4454072117805481,0.4813253283500671,0.4401230812072754,0.7908588647842407,0.4817383885383606,0.3566862940788269,0.4736347198486328,0.7768516540527344,0.3955822885036468,0.3882709741592407,0.3901142477989197,0.6108260750770569,0.6303359866142273,0.5028491020202637,0.6259214878082275,0.5956984162330627,0.748051106929779,0.4894710481166839,0.7451705932617188,0.5845576524734497,0.8320538997650146,0.4734668731689453,0.8403823971748352,0.5757889151573181,0.4427651464939117
0.5620946288108826,0.3602970838546753,0.5809701681137085,0.3485642969608307,0.5410237908363342,0.3470315039157867,0.5926812887191772,0.3552051782608032,0.5199795365333557,0.3538530170917511,0.6379351615905762,0.4314956367015838,0.4535019993782043,0.4271326661109924,0.7605008482933044,0.4675625562667846,0.3321625590324402,0.4556489288806915,0.7445613741874695,0.3846912980079651,0.3673087060451507,0.3738377392292022,0.5848172903060913,0.6116622090339661,0.4801677763462066,0.6090877652168274,0.5797780752182007,0.7262868285179138,0.4667111039161682,0.7288563847541809,0.5664076805114746,0.805387556552887,0.4597651064395904,0.8174635767936707,0.5457185804843903,0.4293141514062881
0.5727458596229553,0.3207911849021911,0.591448187828064,0.3092551827430725,0.5518885254859924,0.3078181445598602,0.6017998456954956,0.3171304762363434,0.5347901582717896,0.3156320452690124,0.6487293243408203,0.3891581594944,0.4702129364013672,0.3874295949935913,0.7672778964042664,0.4197664856910705,0.3549953699111938,0.4200838208198547,0.7480496764183044,0.3426434695720672,0.3844008445739746,0.3385099768638611,0.6040573120117188,0.5648998618125916,0.5032470226287842,0.5658195614814758,0.6023296117782593,0.6828736662864685,0.4968804717063904,0.683634877204895,0.5957006216049194,0.7543961405754089,0.4945316910743713,0.7680819034576416,0.5594711303710938,0.3882938772439956
0.5037638545036316,0.3643685281276703,0.518582820892334,0.3533757328987121,0.4830981194972992,0.3514007031917572,0.5231674909591675,0.3601113557815552,0.4575155675411224,0.3577738404273987,0.5695030093193054,0.4337211847305298,0.3895370960235595,0.4320372939109802,0.6826868057250977,0.4655061662197113,0.2761314809322357,0.4657665491104126,0.6700991988182068,0.3889762163162231,0.3071114420890808,0.3840862214565277,0.5286749601364136,0.6095402836799622,0.4270130097866058,0.6098188161849976,0.5239646434783936,0.7269802093505859,0.4178170263767242,0.7299869060516357,0.5239341259002686,0.8042079210281372,0.4195304811000824,0.8260751366615295,0.4795200526714325,0.432879239320755
0.4893368184566498,0.3501612842082977,0.5027936100959778,0.3394196629524231,0.4693742394447326,0.3378379940986633,0.5051302313804626,0.3455748856067657,0.4381729960441589,0.3437665700912475,0.5501344799995422,0.4188922047615051,0.3699531257152557,0.4174241423606872,0.6626929044723511,0.4504314661026001,0.2544094324111938,0.4509957134723663,0.6503944396972656,0.3737944364547729,0.2872487008571625,0.3686822950839996,0.5104020833969116,0.5963905453681946,0.4087905287742615,0.5982122421264648,0.5058025121688843,0.7103853225708008,0.3982619345188141,0.7185866236686707,0.5008816719055176,0.7928282022476196,0.3994729816913605,0.8165540099143982,0.460043802857399,0.4181581735610962
0.5105220079421997,0.3461460173130035,0.5245728492736816,0.3336740434169769,0.4888938963413238,0.331239640712738,0.5274507403373718,0.339512825012207,0.4574673771858215,0.3370407223701477,0.5722557902336121,0.4137787520885467,0.3872421979904175,0.4124113917350769,0.6881712675094604,0.4485542476177215,0.2659868597984314,0.4477735757827759,0.6824583411216736,0.3711164891719818,0.3027994632720947,0.3606706261634826,0.5300416946411133,0.600594699382782,0.4258776605129242,0.6011224389076233,0.5224472880363464,0.7189269661903381,0.4107555449008941,0.7260080575942993,0.5149747729301453,0.7994043827056885,0.4053438305854797,0.8209936618804932,0.4797489941120147,0.4130950719118118
0.5141544938087463,0.3632510900497436,0.528627336025238,0.3503549993038177,0.4920023083686828,0.3468883335590362,0.529777467250824,0.3562983572483063,0.4599936604499817,0.3527007699012756,0.5735231637954712,0.4370538890361786,0.3792254328727722,0.4310355484485626,0.6948177814483643,0.4743099212646484,0.2487079352140426,0.4651208221912384,0.6940650939941406,0.3926407098770141,0.2923904657363891,0.3736777007579803,0.5186439752578735,0.634213387966156,0.4109352231025696,0.6332635879516602,0.5092150568962097,0.7555340528488159,0.3910714983940124,0.7664476633071899,0.4960524141788482,0.8418151140213013,0.3830283284187317,0.8640207648277283,0.4763742983341217,0.4340447187423706
0.5606853365898132,0.3120619654655456,0.5808480978012085,0.2955903708934784,0.5378934144973755,0.2983851134777069,0.597649872303009,0.299602210521698,0.5162522196769714,0.3047532439231872,0.6676322221755981,0.3679967522621155,0.457596868276596,0.3867291808128357,0.8028823137283325,0.333646297454834,0.3113640546798706,0.3795635998249054,0.7792547941207886,0.2328603863716125,0.3241041600704193,0.2729647755622864,0.6512178778648376,0.5905066728591919,0.5344144701957703,0.5993297696113586,0.6603787541389465,0.7136895060539246,0.5422865152359009,0.7397053241729736,0.661932647228241,0.802909791469574,0.5476034283638,0.8207108378410339,0.5626145452260971,0.3773629665374756
0.5898463726043701,0.3432219922542572,0.6023771166801453,0.3289035856723785,0.5651016235351562,0.3284750878810882,0.6113459467887878,0.3351819813251495,0.5363625288009644,0.3349083960056305,0.673893392086029,0.4012381434440613,0.4687106013298034,0.4144356548786163,0.8043299913406372,0.3648161590099334,0.3334441781044006,0.4000780880451202,0.7866863012313843,0.2662461996078491,0.3508218824863434,0.2961859405040741,0.6483079791069031,0.6162855625152588,0.5342978835105896,0.6235538721084595,0.6527308225631714,0.7452234029769897,0.5377814769744873,0.7610217332839966,0.6504806876182556,0.8310068845748901,0.5346847772598267,0.86009681224823,0.5713019967079163,0.4078368991613388
0.60634845495224,0.3810289800167084,0.6113990545272827,0.3672534823417663,0.5803581476211548,0.365688681602478,0.6056796908378601,0.3727787435054779,0.5468862056732178,0.3695862591266632,0.6700969338417053,0.4349384307861328,0.4679326117038727,0.4433089196681976,0.78759765625,0.3888615667819977,0.3382639288902282,0.4125844836235046,0.7753614187240601,0.292562335729599,0.3609733283519745,0.3128388822078705,0.6384950876235962,0.6477183103561401,0.5258012413978577,0.6523088812828064,0.6308788061141968,0.7645027041435242,0.5233327150344849,0.7768048644065857,0.6266380548477173,0.8618033528327942,0.5157692432403564,0.8807874321937561,0.569014772772789,0.4391236752271652
0.6033772826194763,0.3999212384223938,0.608452558517456,0.3875418305397033,0.5768910050392151,0.3847638964653015,0.604456901550293,0.3940553665161133,0.5442158579826355,0.3906488418579101,0.6649942398071289,0.450989305973053,0.4653181433677673,0.4610832333564758,0.7745034098625183,0.4091650247573852,0.3420655429363251,0.4243797957897186,0.7634885311126709,0.3138938248157501,0.3668104410171509,0.324289470911026,0.6266931295394897,0.6682555079460144,0.5144148468971252,0.6691387891769409,0.6173485517501831,0.783605694770813,0.5053024291992188,0.7940589785575867,0.611528754234314,0.8792065382003784,0.4990155100822449,0.8941539525985718,0.5651561915874481,0.4560362696647644
0.5818773508071899,0.4172493815422058,0.5831854343414307,0.4043976664543152,0.5575520396232605,0.4022040367126465,0.5756183862686157,0.4101830124855041,0.5279514789581299,0.4062737822532654,0.6384612917900085,0.4705697894096374,0.4436719417572021,0.4776681065559387,0.7394716143608093,0.4277641177177429,0.3252418637275696,0.438724547624588,0.7325644493103027,0.3341614007949829,0.3464474678039551,0.3382377028465271,0.6000784635543823,0.68604576587677,0.487832635641098,0.6890684962272644,0.591551661491394,0.8068287372589111,0.4834275245666504,0.8184839487075806,0.5866149663925171,0.9059237241744996,0.4745977520942688,0.9204336404800416,0.5410666167736053,0.4741189479827881
0.5770193934440613,0.4110980331897735,0.5802803039550781,0.3999605178833008,0.5498387813568115,0.3983302116394043,0.5759614109992981,0.4067988991737366,0.5171651244163513,0.4039286971092224,0.6339247822761536,0.4688523113727569,0.4427854418754577,0.4772681593894958,0.7333461046218872,0.4282876551151275,0.3256625831127167,0.4395058453083038,0.7223988771438599,0.3342826962471008,0.3468832373619079,0.3431105017662048,0.5981065034866333,0.6823197603225708,0.4895290434360504,0.6850141882896423,0.5876353979110718,0.8030171990394592,0.4789648652076721,0.8098188042640686,0.5820224285125732,0.8885449767112732,0.4741377830505371,0.9029141664505004,0.5383551120758057,0.4730602353811264
0.5620516538619995,0.3768651187419891,0.5686214566230774,0.366064578294754,0.5372119545936584,0.3654535710811615,0.5704879760742188,0.3742077648639679,0.5075965523719788,0.3731099367141723,0.6295418739318848,0.4375850260257721,0.4494984745979309,0.4483515322208404,0.7429414391517639,0.3935897946357727,0.3285973668098449,0.4062931835651397,0.7229984998703003,0.2980924844741821,0.3464211225509643,0.3095391392707824,0.6011462807655334,0.6439630389213562,0.4952556490898132,0.6472113728523254,0.594579815864563,0.75600266456604,0.4908599853515625,0.7635552883148193,0.5927489399909973,0.8452982306480408,0.4873571395874023,0.8587286472320557,0.5395201742649078,0.4429682791233063
0.5419148802757263,0.368617981672287,0.5559769868850708,0.3581999242305755,0.5216208696365356,0.3572370409965515,0.5669556260108948,0.3667903542518616,0.4969504773616791,0.365717738866806,0.6199557185173035,0.4262991547584533,0.4421096444129944,0.4329537749290466,0.7268869280815125,0.3799577951431274,0.3367886543273926,0.383539468050003,0.7195650339126587,0.2878847122192383,0.3481907248497009,0.2910760343074798,0.5874164700508118,0.6221001744270325,0.4845216870307922,0.6242276430130005,0.5743404030799866,0.7361938953399658,0.4758393168449402,0.7426695227622986,0.5723122358322144,0.825382649898529,0.4721245169639587,0.8374707102775574,0.5310326814651489,0.42962646484375
0.5853840112686157,0.3929189443588257,0.5977234244346619,0.3810479342937469,0.5629391074180603,0.3809781670570373,0.6066129207611084,0.3870082497596741,0.5391584634780884,0.3877789378166199,0.6621699929237366,0.4471401870250702,0.4811316430568695,0.4577509760856628,0.7737342119216919,0.4116770029067993,0.3714068531990051,0.4219800233840942,0.7707569599151611,0.3250000774860382,0.3868500590324402,0.3305746614933014,0.6381351947784424,0.6479937434196472,0.5330210328102112,0.6549514532089233,0.6346544623374939,0.7593381404876709,0.531792402267456,0.7760292887687683,0.636017382144928,0.8509041666984558,0.5281211733818054,0.8772450089454651,0.571650817990303,0.4524455815553665
0.5863857269287109,0.406112790107727,0.5999834537506104,0.3945588171482086,0.5632721781730652,0.3931478857994079,0.6083906292915344,0.4023709893226623,0.538119912147522,0.4007693827152252,0.6586718559265137,0.4732371568679809,0.4728842675685882,0.4759490191936493,0.7788249254226685,0.5057859420776367,0.3475532531738281,0.5002740621566772,0.772492527961731,0.4255169332027435,0.373940110206604,0.4097105860710144,0.6265007853507996,0.666873574256897,0.5232255458831787,0.6716315746307373,0.6255390644073486,0.789463996887207,0.5231765508651733,0.797589898109436,0.6275449395179749,0.8747498393058777,0.5193269848823547,0.8945993781089783,0.565778061747551,0.4745930880308151
0.5240189433097839,0.4274948835372925,0.5539549589157104,0.4175780713558197,0.5133750438690186,0.4150307774543762,0.5792441964149475,0.4252935349941253,0.5107924342155457,0.4227427244186401,0.6397030353546143,0.5051995515823364,0.4488025605678558,0.5032880306243896,0.735008180141449,0.5692620873451233,0.3436947166919708,0.568418562412262,0.7373930215835571,0.493183821439743,0.3541426360607147,0.4831992983818054,0.5937373638153076,0.7042602896690369,0.4833810925483703,0.703244149684906,0.5848525166511536,0.8296492099761963,0.4665486812591553,0.8405559659004211,0.5760355591773987,0.9090529084205629,0.4543013572692871,0.9417369961738586,0.544252797961235,0.504243791103363
0.5702177882194519,0.3983717560768127,0.5964633822441101,0.3847678601741791,0.5551648736000061,0.3858135044574737,0.624678373336792,0.3941424190998077,0.5514224171638489,0.3945757448673248,0.6964861750602722,0.4712986052036285,0.4926582276821136,0.4753554463386535,0.8388875722885132,0.4914038777351379,0.3584185242652893,0.4975157380104065,0.8061871528625488,0.4038354754447937,0.3952372372150421,0.4056766927242279,0.6551638245582581,0.6754310727119446,0.5354048013687134,0.679332971572876,0.6530693173408508,0.8020429015159607,0.5321680903434753,0.813942551612854,0.6480273604393005,0.8908988237380981,0.5307526588439941,0.9190854430198668,0.5945722013711929,0.473327025771141
0.4704178869724273,0.3020103275775909,0.4954534471035003,0.2879417538642883,0.4511235356330871,0.287923514842987,0.5172398090362549,0.2978601157665252,0.432320773601532,0.2965750992298126,0.5865210890769958,0.3798411190509796,0.3610602021217346,0.376767098903656,0.7348801493644714,0.3716214001178741,0.2043169736862182,0.3685573637485504,0.7024010419845581,0.2696472406387329,0.2606351971626282,0.267061322927475,0.5270805358886719,0.6118022799491882,0.4031820893287658,0.6108810305595398,0.5251368284225464,0.7625841498374939,0.4103313088417053,0.7661372423171997,0.5040634274482727,0.8733652234077454,0.4259182810783386,0.8810646533966064,0.4737906455993652,0.3783041089773178
0.4835456907749176,0.2928146719932556,0.507002055644989,0.2789905369281769,0.4618178308010101,0.27879399061203,0.5269354581832886,0.2897365987300873,0.4420475363731384,0.2882901728153229,0.5943288207054138,0.3737985789775848,0.3694032430648803,0.3736530244350433,0.7466237545013428,0.3683182001113891,0.2147797048091888,0.3629561066627502,0.7132077217102051,0.2619605362415313,0.2679021954536438,0.2580158710479736,0.5373727083206177,0.607051432132721,0.4100034236907959,0.6052075624465942,0.5242553949356079,0.7575773000717163,0.4183284640312195,0.7579402923583984,0.5050010085105896,0.8707146048545837,0.4277530312538147,0.8710776567459106,0.4818660318851471,0.3737258017063141
0.4988207221031189,0.2886933386325836,0.5230476260185242,0.2744606137275696,0.4766112864017486,0.2749284207820892,0.5438398122787476,0.2857646942138672,0.4568932950496673,0.2857749164104461,0.6124289631843567,0.3712846636772156,0.3862535357475281,0.3701934218406677,0.7659288048744202,0.3684990704059601,0.2290358543395996,0.3647258877754211,0.7308111786842346,0.2615203261375427,0.2695066928863525,0.2571430802345276,0.5458993315696716,0.6097422242164612,0.4239575862884521,0.6076006293296814,0.5347222089767456,0.7557054758071899,0.4233261942863464,0.7594178318977356,0.5081119537353516,0.8646368384361267,0.4330869615077972,0.8801658749580383,0.4993412494659424,0.3707390427589416
0.5181990265846252,0.3075371384620666,0.543304979801178,0.2938386797904968,0.4967626929283142,0.2940622866153717,0.5658855438232422,0.3039376437664032,0.4791154265403747,0.3026026487350464,0.6352749466896057,0.3877656161785126,0.4086679518222809,0.3863855600357055,0.786456286907196,0.3788528144359588,0.2548859119415283,0.3802646994590759,0.7585798501968384,0.2764243185520172,0.2960347533226013,0.2723934948444366,0.5686014294624329,0.6227783560752869,0.4429598748683929,0.619767963886261,0.5524909496307373,0.7727450132369995,0.4446626305580139,0.7759602069854736,0.5269405245780945,0.8813135623931885,0.4543081223964691,0.8873990774154663,0.5219714492559433,0.387075588107109
0.5296945571899414,0.3182598352432251,0.5549463629722595,0.3044320940971374,0.5078790783882141,0.3050009608268738,0.576087236404419,0.3149836361408233,0.4895880818367004,0.3144385516643524,0.6493457555770874,0.3984530568122864,0.420107901096344,0.3989235758781433,0.7982465028762817,0.3905303180217743,0.2632002234458923,0.3949440419673919,0.7663295865058899,0.2906573116779327,0.3039461374282837,0.2909921109676361,0.5754899382591248,0.6313040852546692,0.4529412388801574,0.6291656494140625,0.5630077123641968,0.7809869647026062,0.456859678030014,0.7857391238212585,0.5394396185874939,0.8940266370773315,0.4596630930900574,0.905831217765808,0.5347268283367157,0.3986883163452148
0.5287025570869446,0.3148073852062225,0.5535932779312134,0.3000747561454773,0.5072119832038879,0.301516443490982,0.5741292238235474,0.3097434639930725,0.4887480139732361,0.3099902868270874,0.6463005542755127,0.3938784003257751,0.4201365411281585,0.3923523724079132,0.797092616558075,0.3846752941608429,0.2626389563083648,0.3867211937904358,0.7655900716781616,0.2844032049179077,0.3034074902534485,0.282429426908493,0.5781568884849548,0.624918520450592,0.4533291459083557,0.6217767596244812,0.5588298439979553,0.7734999060630798,0.4591561257839203,0.7765166759490967,0.538092851638794,0.8941085934638977,0.4631992280483246,0.8970323801040649,0.5332185477018356,0.3931153863668442
0.5346580147743225,0.3089553117752075,0.5598611831665039,0.2944967150688171,0.511761486530304,0.2958574891090393,0.5816148519515991,0.3048679530620575,0.4929293692111969,0.3052656054496765,0.6532415151596069,0.3905656933784485,0.4218879640102386,0.3877578377723694,0.8067255020141602,0.3832839727401733,0.2663471698760986,0.382210373878479,0.7769820690155029,0.2817642092704773,0.3097302913665771,0.2759042680263519,0.5852913856506348,0.6247463226318359,0.457554280757904,0.621573805809021,0.5639510154724121,0.7727677226066589,0.459191620349884,0.7772552967071533,0.5407780408859253,0.8876362442970276,0.4644731879234314,0.8940654993057251,0.5375647395849228,0.3891617655754089
0.5371120572090149,0.303567498922348,0.5616438984870911,0.2890402376651764,0.5127765536308289,0.2889277338981628,0.5819491744041443,0.2984152436256408,0.4916567206382751,0.2973633110523224,0.6494172811508179,0.3856354355812073,0.4221411645412445,0.378819853067398,0.797376275062561,0.3757277429103851,0.2635074257850647,0.377507209777832,0.7689856290817261,0.274517148733139,0.3016992807388305,0.2704885601997375,0.5749095678329468,0.6143710017204285,0.450349748134613,0.6100992560386658,0.554726243019104,0.7681311964988708,0.4507564902305603,0.7722247838973999,0.5326667428016663,0.8765479922294617,0.4524092078208923,0.8881241083145142,0.5357792228460312,0.3822276443243027
0.5332345962524414,0.2977391183376312,0.5585172176361084,0.2837116122245788,0.5103030204772949,0.2843146324157715,0.5793492197990417,0.2943210303783417,0.4916141927242279,0.2928182780742645,0.6497732996940613,0.3822905719280243,0.419199526309967,0.3785539865493774,0.797245979309082,0.3695572316646576,0.2618386149406433,0.3710850477218628,0.7699748277664185,0.2667675316333771,0.3012602925300598,0.2665028870105743,0.5708131790161133,0.6129922866821289,0.4492878019809723,0.6107093095779419,0.5563287734985352,0.7609905004501343,0.4555174708366394,0.7672428488731384,0.533810555934906,0.8666473627090454,0.4508052468299866,0.8822637796401978,0.5344864130020142,0.3804222792387008
0.5490232110023499,0.3018365800380707,0.5743187069892883,0.2874805033206939,0.5254890322685242,0.2875191569328308,0.5946280360221863,0.297534316778183,0.5062848925590515,0.296404093503952,0.6648740172386169,0.3846118748188019,0.4369164109230041,0.3796295523643493,0.8151534795761108,0.3734689354896545,0.2779842913150787,0.3796120882034302,0.7886227369308472,0.2697523236274719,0.3157793879508972,0.2721259891986847,0.5963962078094482,0.614838182926178,0.4706614017486572,0.6116978526115417,0.5728673338890076,0.7669935822486877,0.4728583693504333,0.7733315229415894,0.5530461668968201,0.87892746925354,0.4748639464378357,0.8887541890144348,0.5508952140808105,0.3821207135915756
0.5767747163772583,0.3011476695537567,0.601216197013855,0.2866142094135284,0.5530197620391846,0.2883796691894531,0.6223283410072327,0.2971130907535553,0.5332834124565125,0.2978688776493072,0.6952698230743408,0.3844638466835022,0.463959127664566,0.386109709739685,0.844465434551239,0.3697811365127563,0.3066860139369964,0.3792914748191833,0.8124502897262573,0.2703183889389038,0.3463486433029175,0.2736440598964691,0.6287646293640137,0.6209849715232849,0.5040355324745178,0.6192545294761658,0.6078250408172607,0.7641576528549194,0.511113166809082,0.7704423069953918,0.5903478860855103,0.8851510882377625,0.5078772306442261,0.891555666923523,0.5796144753694534,0.3852867782115936
0.5711615085601807,0.2967034578323364,0.5931991934776306,0.2822642624378204,0.5449662804603577,0.2840985059738159,0.6130684614181519,0.2925491333007812,0.5237246751785278,0.2943836748600006,0.6891722083091736,0.3812754452228546,0.4555801749229431,0.3821159601211548,0.8336838483810425,0.3678119778633117,0.2967191934585571,0.3773714601993561,0.8018129467964172,0.2662453651428222,0.3330907523632049,0.2704033851623535,0.6231476068496704,0.6126485466957092,0.4981788098812103,0.6108507513999939,0.6007537841796875,0.7629765868186951,0.5026971697807312,0.7686232328414917,0.5841552019119263,0.8758619427680969,0.5003443956375122,0.8866841793060303,0.5723761916160583,0.3816957026720047
0.5353556275367737,0.2751090824604034,0.5574466586112976,0.2605610489845276,0.5079925060272217,0.2622697055339813,0.5756853222846985,0.270410805940628,0.4878666996955871,0.2726134955883026,0.6491521596908569,0.3586746454238891,0.4214115738868713,0.3641799688339233,0.7979919910430908,0.3443969488143921,0.2601871788501739,0.3607053160667419,0.7657428979873657,0.2390695214271545,0.297570526599884,0.2461928427219391,0.5943542718887329,0.5885821580886841,0.4747607111930847,0.5901505947113037,0.5775591135025024,0.7369558811187744,0.4795029759407043,0.7488203048706055,0.5616133213043213,0.8489750623703003,0.4802007675170898,0.8675035834312439,0.5352818667888641,0.3614273071289062
0.4935150742530823,0.2937456667423248,0.5163657069206238,0.2798691093921661,0.4704216122627258,0.280969500541687,0.535977840423584,0.2905970513820648,0.4511505961418152,0.2905250489711761,0.608782172203064,0.3762592375278473,0.3797560632228851,0.3781106173992157,0.7591015100479126,0.369496077299118,0.2162899076938629,0.3738815188407898,0.7208102941513062,0.2656517624855041,0.2590734362602234,0.261928915977478,0.5450213551521301,0.6123074889183044,0.423130452632904,0.6111567616462708,0.5187594294548035,0.7571475505828857,0.4258700311183929,0.7671114206314087,0.4991126656532287,0.8729687929153442,0.421917051076889,0.8871195912361145,0.4942691177129745,0.3771849274635315
0.4868202805519104,0.3023316264152527,0.5055315494537354,0.2876359522342682,0.4574139714241028,0.2892487943172455,0.5212610960006714,0.2964595556259155,0.4327139258384704,0.2992139756679535,0.5908374190330505,0.3809076845645904,0.3682017922401428,0.3839175999164581,0.7389785051345825,0.3696934878826141,0.2079605162143707,0.3834236264228821,0.703515350818634,0.2681959271430969,0.2413664162158966,0.2709010243415832,0.5385351777076721,0.6193349361419678,0.4169836640357971,0.620632529258728,0.5180445313453674,0.7630033493041992,0.4279257655143738,0.7736729383468628,0.5075775384902954,0.8738479018211365,0.427384465932846,0.8929551839828491,0.4795196056365967,0.3824126422405243
0.4911012649536133,0.3221824467182159,0.5075476765632629,0.30806764960289,0.4613309502601623,0.3095759153366089,0.5188231468200684,0.3165741264820099,0.4331440031528473,0.3190405964851379,0.5818390250205994,0.403404176235199,0.3656536936759949,0.4042814373970032,0.7318480610847473,0.387777030467987,0.2056316435337066,0.4019268751144409,0.6970219016075134,0.2908955216407776,0.2494294196367263,0.2891097664833069,0.5334484577178955,0.6329066157341003,0.4143460690975189,0.6352306008338928,0.5200620293617249,0.7801772356033325,0.4254685044288635,0.7906987071037292,0.5065129995346069,0.8945525884628296,0.4283541738986969,0.9130268692970276,0.4737463593482971,0.4038428068161011
0.5258313417434692,0.3418536186218261,0.5402307510375977,0.3278794288635254,0.4967480301856994,0.3286279737949371,0.5505213141441345,0.3365195095539093,0.4686866402626037,0.3380188047885895,0.6119081974029541,0.421378493309021,0.3970825374126434,0.421960175037384,0.7588208913803101,0.4130081534385681,0.2393966019153595,0.4195137619972229,0.7285503149032593,0.3125089704990387,0.2827095985412597,0.3069279491901397,0.557219386100769,0.6540903449058533,0.4391185343265533,0.6548246741294861,0.5377330183982849,0.7961093187332153,0.4425477385520935,0.8073508143424988,0.5194872617721558,0.911843717098236,0.4437779486179352,0.9258493185043336,0.5044953674077988,0.4216693341732025
0.5329872369766235,0.3215567171573639,0.5484996438026428,0.3082531988620758,0.5033621788024902,0.3072752654552459,0.5592647790908813,0.3170766532421112,0.4734759330749511,0.3164844512939453,0.6148242354393005,0.4053165316581726,0.402317613363266,0.4009226858615875,0.7602107524871826,0.3988365530967712,0.2413694560527801,0.3859836459159851,0.7386642694473267,0.3035672903060913,0.2970145940780639,0.2806161046028137,0.543868899345398,0.6320208311080933,0.4265595972537994,0.6294072270393372,0.5207333564758301,0.7781907320022583,0.4256209433078766,0.7855244874954224,0.49928680062294,0.8910963535308838,0.4208211302757263,0.905809998512268,0.5085709244012833,0.40311960875988
0.5562871098518372,0.2746810913085937,0.573390781879425,0.2587704062461853,0.5235304236412048,0.2578622102737427,0.5853700637817383,0.2684046924114227,0.4933528900146484,0.2676478028297424,0.649227499961853,0.3661634624004364,0.4065940976142883,0.3612768352031708,0.8121585845947266,0.3624845743179321,0.2359813451766967,0.354202538728714,0.7834079265594482,0.2492645829916,0.289103627204895,0.2289233803749084,0.5658702850341797,0.6218659281730652,0.4397741854190826,0.6185265779495239,0.538486897945404,0.7738388776779175,0.4361136853694916,0.7804002165794373,0.5148389339447021,0.8946659564971924,0.4264459609985351,0.9148611426353456,0.5279107987880707,0.3637201488018036
0.5494969487190247,0.2561064660549164,0.5683844685554504,0.2390244007110595,0.5187276601791382,0.2389338314533233,0.5795851349830627,0.2475797235965728,0.4862664341926574,0.246021956205368,0.6409322023391724,0.3457295596599579,0.3979260921478271,0.3365469872951507,0.8041778802871704,0.3390067815780639,0.2268176525831222,0.3331548869609833,0.7767722606658936,0.2280367314815521,0.2771027088165283,0.209982693195343,0.5627015829086304,0.5962209105491638,0.4334390759468078,0.5954925417900085,0.5402596592903137,0.7524919509887695,0.4324705004692077,0.7620588541030884,0.5110576748847961,0.864720344543457,0.4239392876625061,0.8898025751113892,0.5194291472434998,0.3411382734775543
0.5389868021011353,0.2776996493339538,0.5558987259864807,0.2624838948249817,0.5085065364837646,0.2618429660797119,0.5684349536895752,0.2727315127849579,0.4778529107570648,0.2701584696769714,0.632706344127655,0.3674696683883667,0.3877052962779999,0.3647758364677429,0.793804407119751,0.3591237962245941,0.2204843759536743,0.3543679416179657,0.7496788501739502,0.2488549649715423,0.2789914011955261,0.2318012118339538,0.5495426654815674,0.6203435659408569,0.4243938028812408,0.6176720857620239,0.5229280591011047,0.7699199914932251,0.4235736727714538,0.7794831991195679,0.5041241645812988,0.884063184261322,0.4170384407043457,0.9041049480438232,0.5102058202028275,0.3661227524280548
0.5391982197761536,0.3098607957363128,0.5566864013671875,0.2952508926391601,0.5076688528060913,0.2949491143226623,0.5692644119262695,0.3051287829875946,0.478257417678833,0.3038245141506195,0.6290872097015381,0.4017478227615356,0.3966920971870422,0.3892253339290619,0.7889887690544128,0.3934662938117981,0.2269221544265747,0.3846620619297027,0.7438792586326599,0.2866309583187103,0.2806143164634704,0.2689680755138397,0.5500672459602356,0.6433528065681458,0.4275247454643249,0.640612006187439,0.5289869904518127,0.7917877435684204,0.426898181438446,0.7995984554290771,0.5063294768333435,0.9097678661346436,0.427431583404541,0.9253332614898682,0.5128896534442902,0.3954865783452987
0.562011182308197,0.3129032254219055,0.5820943713188171,0.2985848188400268,0.5308173298835754,0.2968616187572479,0.597456157207489,0.3080997169017792,0.501396119594574,0.3050203025341034,0.6596309542655945,0.4076284766197204,0.4149742126464844,0.3972608149051666,0.8220508694648743,0.396291047334671,0.2410624772310257,0.3834872543811798,0.7761603593826294,0.2868405878543854,0.2990484535694122,0.2666750848293304,0.5708801746368408,0.6550340056419373,0.4401586055755615,0.651577353477478,0.5450743436813354,0.8149735927581787,0.4438802599906921,0.820752739906311,0.5176588296890259,0.939778208732605,0.4462739825248718,0.9568275213241576,0.5373025834560394,0.4024446457624435
0.5836769938468933,0.329833984375,0.5974873900413513,0.3165937662124634,0.5550053715705872,0.3159574270248413,0.6066353917121887,0.3258489966392517,0.5297827124595642,0.3258682489395141,0.6647447943687439,0.4135876893997192,0.4554780125617981,0.4110630750656128,0.8101269602775574,0.4041392505168915,0.2998088598251343,0.4030836820602417,0.7667744755744934,0.308243840932846,0.3450293838977813,0.2973057627677917,0.5991660356521606,0.6395330429077148,0.4897057116031647,0.6380409598350525,0.5803374648094177,0.7756916284561157,0.4881197512149811,0.7837553024291992,0.5658017992973328,0.8852431774139404,0.4876525998115539,0.902417540550232,0.560111403465271,0.412325382232666
0.5864997506141663,0.343711256980896,0.6011990308761597,0.3308278322219848,0.5576794743537903,0.3299853503704071,0.6110622882843018,0.3398441076278686,0.5298451781272888,0.3390786945819855,0.6685824394226074,0.4226539731025696,0.4603658318519592,0.4196690320968628,0.8126290440559387,0.4177939593791961,0.3108412325382232,0.4154556393623352,0.7735834121704102,0.3234289884567261,0.3532187938690185,0.3096061944961548,0.6079440712928772,0.6453973054885864,0.4959389567375183,0.6436029672622681,0.5883709192276001,0.7874327898025513,0.4967309832572937,0.7928628325462341,0.5692603588104248,0.9009675979614258,0.4961341917514801,0.9127793908119202,0.5644741356372833,0.4211615025997162
0.5786261558532715,0.3293010592460632,0.5939035415649414,0.3156619071960449,0.5505995154380798,0.3165535628795624,0.6048773527145386,0.3264652490615845,0.5243473052978516,0.3259646594524383,0.6613311767578125,0.4163895547389984,0.4509022831916809,0.408084362745285,0.8090672492980957,0.4082075357437134,0.3006327748298645,0.4058128595352173,0.761441707611084,0.3131758272647857,0.3478147983551025,0.2993254065513611,0.5941776037216187,0.6379672288894653,0.4846053123474121,0.6358861923217773,0.574203372001648,0.77455073595047,0.4811325967311859,0.7838035821914673,0.5575321316719055,0.8829254508018494,0.4780314862728119,0.9027203321456908,0.5561167299747467,0.4122369587421417
0.555844247341156,0.3195895552635193,0.5699730515480042,0.3071942329406738,0.5280453562736511,0.3058021664619446,0.577994167804718,0.3159462809562683,0.4982367157936096,0.3149684071540832,0.6350893378257751,0.4047278463840484,0.42657470703125,0.3987925350666046,0.7784925699234009,0.3956212997436523,0.2727420330047607,0.3862288296222687,0.7430465817451477,0.3025841116905212,0.3225689232349396,0.2831656634807586,0.5693536400794983,0.6219354271888733,0.4562228322029114,0.6195855736732483,0.5461856722831726,0.7611725926399231,0.4562406539916992,0.7699058651924133,0.527554452419281,0.8727265000343323,0.4520622193813324,0.8863065242767334,0.5308320224285126,0.4017601907253265
0.5469924211502075,0.3198279738426208,0.5653477907180786,0.3068251609802246,0.5212050080299377,0.3062433004379272,0.5778486728668213,0.3177079856395721,0.4932155609130859,0.316517174243927,0.6319350600242615,0.4051033854484558,0.4198493361473083,0.3970822691917419,0.774020791053772,0.4029626250267029,0.2660105228424072,0.389023095369339,0.7422193288803101,0.3055295050144195,0.3123390078544616,0.2850142419338226,0.5628728866577148,0.6282331943511963,0.4490193426609039,0.6260873079299927,0.5378424525260925,0.7704694867134094,0.4475836753845215,0.776667058467865,0.5213629603385925,0.8799068331718445,0.4428277015686035,0.8946505784988403,0.5258921980857849,0.4010928273200989
