noseX,noseY,left_eyeX,left_eyeY,right_eyeX,right_eyeY,left_earX,left_earY,right_earX,right_earY,left_shoulderX,left_shoulderY,right_shoulderX,right_shoulderY,left_elbowX,left_elbowY,right_elbowX,right_elbowY,left_wristX,left_wristY,right_wristX,right_wristY,left_hipX,left_hipY,right_hipX,right_hipY,left_kneeX,left_kneeY,right_kneeX,right_kneeY,left_ankleX,left_ankleY,right_ankleX,right_ankleY,neckX,neckY
0.4292859137058258,0.2450158596038818,0.450257271528244,0.2185626327991485,0.4046577513217926,0.2164121121168136,0.4771159291267395,0.2400384992361068,0.3688656687736511,0.2408707290887832,0.526936411857605,0.4030748903751373,0.3121213018894195,0.415722131729126,0.690151035785675,0.4653806686401367,0.1775707751512527,0.5805180668830872,0.856716513633728,0.4952265322208404,0.150808572769165,0.3789644837379455,0.4848548769950866,0.8294730186462402,0.3481934070587158,0.8315420150756836,0.0,0.0,0.0,0.0,0.0,0.0,0.0,0.0,0.4177805781364441,0.4107499718666076
0.4266234338283539,0.2314995229244232,0.4472754597663879,0.2071199417114257,0.4021537005901336,0.207070916891098,0.474678099155426,0.2350045293569564,0.3682907521724701,0.239744633436203,0.52802574634552,0.4022374451160431,0.311745136976242,0.4152179062366485,0.6911724805831909,0.4633247852325439,0.1780513525009155,0.5850308537483215,0.8541718125343323,0.4928224086761474,0.1598615199327469,0.3715054094791412,0.4860585033893585,0.832118570804596,0.3480977118015289,0.8336925506591797,0.0,0.0,0.0,0.0,0.0,0.0,0.0,0.0,0.4182506203651428,0.4099818766117096
0.420189619064331,0.2233872413635254,0.4406032264232635,0.1988719850778579,0.3956176936626434,0.2020064443349838,0.4720167219638824,0.226998969912529,0.3659183979034424,0.2363662719726562,0.5277400612831116,0.4016287624835968,0.3101277649402618,0.4156118333339691,0.6915752291679382,0.4647994041442871,0.1757744550704956,0.5806592702865601,0.8533221483230591,0.4954961836338043,0.1499433517456054,0.3789501786231994,0.4852569103240967,0.8324166536331177,0.3485766947269439,0.8343302011489868,0.0,0.0,0.0,0.0,0.0,0.0,0.0,0.0,0.4168687164783478,0.4091533720493316
0.4164316058158874,0.223849207162857,0.4373179376125335,0.1990476548671722,0.3926494717597961,0.2020520120859146,0.469866544008255,0.2274255454540252,0.3636975586414337,0.2361416816711425,0.5256644487380981,0.4036919772624969,0.3072849214076996,0.420727401971817,0.6896120309829712,0.4649920463562011,0.1662613600492477,0.5762594938278198,0.8517693281173706,0.4960248470306396,0.1096702739596366,0.3717567324638366,0.48288694024086,0.8287128806114197,0.3460938930511474,0.830785870552063,0.0,0.0,0.0,0.0,0.0,0.0,0.0,0.0,0.4142258763313293,0.4126671850681305
0.4099674224853515,0.2217465341091156,0.431058257818222,0.1965353041887283,0.387561172246933,0.1971614807844162,0.4625796675682068,0.2270481884479522,0.3560166656970978,0.2298517376184463,0.5174888372421265,0.4048323929309845,0.3017163574695587,0.4220269024372101,0.6852399706840515,0.46424600481987,0.1637737303972244,0.580906331539154,0.8478554487228394,0.4957179427146911,0.1010640859603881,0.3815900683403015,0.4772694706916809,0.8265634775161743,0.3429540991783142,0.8306556344032288,0.0,0.0,0.0,0.0,0.0,0.0,0.0,0.0,0.4080708920955658,0.414171427488327
0.4058881402015686,0.2228163629770279,0.4274101853370666,0.1966171264648437,0.3840301036834717,0.1975758820772171,0.4600531458854675,0.2279499620199203,0.3535284399986267,0.2306381464004516,0.5142444968223572,0.4044019877910614,0.2993684113025665,0.4208515286445617,0.6824995279312134,0.4648847877979278,0.1623792946338653,0.582202136516571,0.8465244174003601,0.4944680631160736,0.1009970903396606,0.3830838203430176,0.4752447605133056,0.8285148739814758,0.3411934375762939,0.8309717178344727,0.0,0.0,0.0,0.0,0.0,0.0,0.0,0.0,0.4055243134498596,0.4133216738700866
0.4109190106391907,0.2233863770961761,0.4317067563533783,0.1999382823705673,0.3872156739234924,0.1979608833789825,0.4576254189014435,0.2311569899320602,0.350314050912857,0.2286668866872787,0.5080205202102661,0.4098252654075622,0.2927963435649872,0.4168348014354706,0.6595850586891174,0.5204634070396423,0.1663857847452163,0.5946555733680725,0.8190374374389648,0.4953739047050476,0.1213356181979179,0.3976029753684997,0.4730247557163238,0.8283005952835083,0.3375097215175628,0.8321288824081421,0.0,0.0,0.0,0.0,0.0,0.0,0.0,0.0,0.4008735716342926,0.4133110046386719
0.4192497134208679,0.2195036560297012,0.4405698180198669,0.1979160606861114,0.3939107358455658,0.1932110637426376,0.4632011353969574,0.232430025935173,0.3520544171333313,0.2224230915307998,0.5072794556617737,0.4102168083190918,0.2932577133178711,0.4087105393409729,0.6639360189437866,0.5235339403152466,0.1569921821355819,0.5798127055168152,0.8281151652336121,0.510878324508667,0.1429713070392608,0.3907124996185303,0.4688687026500702,0.8302994966506958,0.3332810699939728,0.8317633271217346,0.0,0.0,0.0,0.0,0.0,0.0,0.0,0.0,0.4004275202751159,0.409154325723648
0.4244426786899566,0.2187935411930084,0.4450053572654724,0.1961278468370437,0.399599939584732,0.1933978796005249,0.4690168797969818,0.2282725274562835,0.3578195869922638,0.2249745577573776,0.5102970004081726,0.4087177217006683,0.2961883544921875,0.4055646061897278,0.667716920375824,0.5226488709449768,0.1326192766427993,0.5460673570632935,0.8257548213005066,0.5212527513504028,0.0350720100104808,0.3544492721557617,0.4723238348960876,0.8299543261528015,0.3349944651126861,0.8286667466163635,0.0,0.0,0.0,0.0,0.0,0.0,0.0,0.0,0.4028856158256531,0.4080775380134582
0.4267847537994385,0.2169507443904876,0.4472001194953918,0.1949936002492904,0.4023374617099762,0.1923808604478836,0.4713029861450195,0.2300478518009185,0.3623294234275818,0.2276152074337005,0.5127980709075928,0.408494621515274,0.300231397151947,0.4100156426429748,0.6706003546714783,0.5210647583007812,0.1461473554372787,0.5581284165382385,0.8294709920883179,0.5243746638298035,0.0415874160826206,0.3658411204814911,0.4749477803707123,0.8294802308082581,0.3378932476043701,0.8309723734855652,0.0,0.0,0.0,0.0,0.0,0.0,0.0,0.0,0.4058451652526855,0.4102863371372223
0.4233724474906921,0.2163925170898437,0.4436697661876678,0.1939064115285873,0.3983860909938812,0.1927828341722488,0.4694397449493408,0.2280882894992828,0.3626938462257385,0.2279676645994186,0.5144073963165283,0.4073682725429535,0.3019047081470489,0.4119234979152679,0.6697974801063538,0.5158485770225525,0.1720596998929977,0.5895479917526245,0.8312687873840332,0.514740526676178,0.1608249992132187,0.3862530291080475,0.4756278693675995,0.8324557542800903,0.3387627601623535,0.8334642052650452,0.0,0.0,0.0,0.0,0.0,0.0,0.0,0.0,0.4077039361000061,0.4087533354759216
0.4237653613090515,0.2187986671924591,0.4439147412776947,0.1955818235874176,0.3989834785461426,0.1959954053163528,0.4715490043163299,0.2287780046463012,0.3648099601268768,0.2321473211050033,0.5168075561523438,0.4093838632106781,0.3060649335384369,0.4175481796264648,0.6733335852622986,0.5175973176956177,0.1658631414175033,0.5795513987541199,0.8336533308029175,0.5181965827941895,0.1045255437493324,0.3872559070587158,0.4776142537593841,0.8277878761291504,0.3426998257637024,0.8298903703689575,0.0,0.0,0.0,0.0,0.0,0.0,0.0,0.0,0.4108761250972748,0.4133531749248504
0.4211101830005646,0.2203039079904556,0.441759318113327,0.1964678764343261,0.3969535529613495,0.1984046697616577,0.4715471267700195,0.2283474504947662,0.3650012016296386,0.2341338396072387,0.5176278948783875,0.4084804952144623,0.3053876459598541,0.4191973805427551,0.6733511686325073,0.5142128467559814,0.1577974557876587,0.5706984400749207,0.8338456749916077,0.5136615633964539,0.0422998405992984,0.3880370557308197,0.4795226156711578,0.8271464705467224,0.3427396714687347,0.82789546251297,0.0,0.0,0.0,0.0,0.0,0.0,0.0,0.0,0.4107573926448822,0.4144768118858337
0.421057641506195,0.2208751738071441,0.441851407289505,0.197679191827774,0.3970360159873962,0.1989921629428863,0.4712240993976593,0.228827491402626,0.3650184571743011,0.2329221069812774,0.5167339444160461,0.4085850715637207,0.3032954633235931,0.4204049110412597,0.6729696393013,0.510556697845459,0.1575280427932739,0.5746616721153259,0.8340582251548767,0.5136722326278687,0.036712322384119,0.3994414210319519,0.4797587394714355,0.8274703025817871,0.3439390361309051,0.8283480405807495,0.0,0.0,0.0,0.0,0.0,0.0,0.0,0.0,0.4099437296390533,0.4150024056434631
0.4243238270282745,0.2224380522966385,0.4437545835971832,0.1998639404773712,0.3994329869747162,0.198449820280075,0.4682402312755584,0.2305431365966797,0.3629225790500641,0.2304545789957046,0.5151165723800659,0.4075893461704254,0.305239737033844,0.4184653460979461,0.6699967384338379,0.5068134665489197,0.173263281583786,0.5894619226455688,0.8305671811103821,0.5139740109443665,0.1387270539999008,0.3979995548725128,0.4822835922241211,0.8271389007568359,0.3461523950099945,0.8296554684638977,0.0,0.0,0.0,0.0,0.0,0.0,0.0,0.0,0.4095291495323181,0.4127205312252044
0.4236647188663482,0.2222018092870712,0.4439237117767334,0.1997290104627609,0.3996532559394836,0.1996127516031265,0.4697126448154449,0.2313029021024704,0.3666510581970215,0.2344680577516555,0.5150139927864075,0.4091514945030212,0.307279884815216,0.418988972902298,0.671908974647522,0.5088487863540649,0.1779129803180694,0.6006044149398804,0.8300489187240601,0.5084922909736633,0.1735315471887588,0.3967647850513458,0.4826762974262237,0.8318485617637634,0.3466834723949432,0.8336116075515747,0.0,0.0,0.0,0.0,0.0,0.0,0.0,0.0,0.4095244407653808,0.4138284027576446
0.4233226180076599,0.2219718545675277,0.4436396062374115,0.1989568471908569,0.3983542919158935,0.1997793614864349,0.4708089828491211,0.2300726175308227,0.3649936616420746,0.2354795634746551,0.517909049987793,0.4050293564796448,0.3068559765815735,0.4193863272666931,0.6761794686317444,0.4688794314861297,0.1751268208026886,0.5963569283485413,0.8488479852676392,0.4794577658176422,0.1680629253387451,0.3935503661632538,0.4831916689872741,0.8310588002204895,0.3470506072044372,0.8351584672927856,0.0,0.0,0.0,0.0,0.0,0.0,0.0,0.0,0.4107921719551086,0.4133001863956451
0.420115202665329,0.2233957052230835,0.4405986666679382,0.1994490325450897,0.3944914042949676,0.2006063461303711,0.4693302810192108,0.2271793335676193,0.3609481751918793,0.2337440103292465,0.5202431082725525,0.3967606127262115,0.3047844469547272,0.4179391264915466,0.684076726436615,0.4222653210163116,0.1746175587177276,0.595184326171875,0.8397312760353088,0.4328746795654297,0.1613629609346389,0.3889733254909515,0.4849898517131805,0.8289237022399902,0.3467465937137604,0.8337497115135193,0.0,0.0,0.0,0.0,0.0,0.0,0.0,0.0,0.4111594557762146,0.4064725339412689
0.3992677330970764,0.2080454975366592,0.4210250973701477,0.1831512153148651,0.3746117949485779,0.1844791918992996,0.4536317884922027,0.2134550809860229,0.340558797121048,0.2186167985200882,0.5130672454833984,0.3864014744758606,0.2889235615730285,0.4059518277645111,0.6821837425231934,0.416425496339798,0.1574321687221527,0.5885132551193237,0.8537858724594116,0.4330484867095947,0.1281173378229141,0.377573013305664,0.4798710942268371,0.8340780138969421,0.3338344991207123,0.8477006554603577,0.0,0.0,0.0,0.0,0.0,0.0,0.0,0.0,0.4004479944705963,0.3975808620452881
0.4247762560844421,0.2217537462711334,0.4462125301361084,0.1947145611047744,0.3997297585010528,0.1977720409631729,0.4791990220546722,0.2221873700618744,0.3697929084300995,0.2302289456129074,0.5319814085960388,0.3826306462287903,0.3177664279937744,0.4104467034339905,0.6985573768615723,0.4117686748504638,0.0,0.0,0.8912106156349182,0.4309201836585998,0.0,0.0,0.4994736313819885,0.8327963948249817,0.3546990752220154,0.8348674178123474,0.0,0.0,0.0,0.0,0.0,0.0,0.0,0.0,0.4271406233310699,0.3985188603401184
0.4468173384666443,0.2185796350240707,0.4690141677856445,0.1921210587024688,0.4227834343910217,0.1960516721010208,0.5069656372070312,0.2248288840055465,0.3996642529964447,0.2380529940128326,0.5633711218833923,0.395274817943573,0.3518582284450531,0.4134493172168731,0.7378261685371399,0.4260012209415436,0.2260958701372146,0.5843899846076965,0.9183449745178224,0.4515368938446045,0.1907197088003158,0.385319709777832,0.5197514295578003,0.8292091488838196,0.3775011897087097,0.8273292183876038,0.0,0.0,0.0,0.0,0.0,0.0,0.0,0.0,0.4569685757160187,0.4028009474277496
0.4530442059040069,0.2155952304601669,0.4748878479003906,0.1890013664960861,0.4300828874111175,0.1946849822998047,0.5107365846633911,0.2229254096746444,0.4068798720836639,0.2366348505020141,0.5677704215049744,0.3966078162193298,0.3537014424800873,0.4142954349517822,0.7525669932365417,0.4347862303256988,0.2171383053064346,0.5675170421600342,0.9188762307167052,0.457472413778305,0.1535717695951461,0.3870459496974945,0.5211600065231323,0.8305634260177612,0.3796117007732391,0.8261857032775879,0.0,0.0,0.0,0.0,0.0,0.0,0.0,0.0,0.4602324068546295,0.4046694934368133
0.4516246020793915,0.2118706405162811,0.472844123840332,0.1857589334249496,0.4271127879619598,0.1916260868310928,0.5087822675704956,0.2207469791173935,0.40380859375,0.234260007739067,0.5659961104393005,0.3961271643638611,0.3492732048034668,0.4162020683288574,0.7412835955619812,0.4379114210605621,0.1946159750223159,0.5567430853843689,0.9163280129432678,0.46393683552742,0.0816561058163642,0.389561265707016,0.5164787769317627,0.830082893371582,0.3745421767234802,0.8261970281600952,0.0,0.0,0.0,0.0,0.0,0.0,0.0,0.0,0.4570514857769012,0.4041553139686584
0.4366095960140228,0.2103174775838852,0.4582185447216034,0.1864444762468338,0.4150215089321136,0.1885775625705719,0.4932466149330139,0.2205206900835037,0.38799849152565,0.2283248007297516,0.5554115176200867,0.3966034948825836,0.3338740468025207,0.4157416820526123,0.7200610041618347,0.4312872588634491,0.1926113367080688,0.5761128664016724,0.9027268290519714,0.4562564194202423,0.1200004294514656,0.3840063512325287,0.508922815322876,0.8304133415222168,0.3659832179546356,0.8293196558952332,0.0,0.0,0.0,0.0,0.0,0.0,0.0,0.0,0.4453839361667633,0.404295265674591
0.4292286932468414,0.2107092142105102,0.4509645998477936,0.1875317990779876,0.4054091870784759,0.1876284927129745,0.4846467971801758,0.2206935435533523,0.3744073212146759,0.2267525494098663,0.5446639060974121,0.3944651782512665,0.3217712044715881,0.4172597825527191,0.709417462348938,0.4260695576667785,0.1925861984491348,0.5913406014442444,0.8972358107566833,0.4474448561668396,0.1651319116353988,0.385875254869461,0.5052728056907654,0.8300309181213379,0.3603222072124481,0.8332382440567017,0.0,0.0,0.0,0.0,0.0,0.0,0.0,0.0,0.4348328411579132,0.4055877327919006
0.427255779504776,0.2112149149179458,0.4480133354663849,0.1878870874643325,0.4033127129077911,0.1889362335205078,0.4802035391330719,0.2211340963840484,0.3733617961406708,0.2310451567173004,0.5383498072624207,0.3929163813591003,0.3198415637016296,0.4173126816749573,0.7060945630073547,0.4252403080463409,0.1992485970258712,0.5948272347450256,0.8881481885910034,0.4470979571342468,0.1845865249633789,0.3946278095245361,0.5020289421081543,0.8301647901535034,0.3554781377315521,0.8327259421348572,0.0,0.0,0.0,0.0,0.0,0.0,0.0,0.0,0.4305405914783478,0.4052644371986389
0.4246906638145447,0.2130496650934219,0.4447552561759949,0.1890255957841873,0.4005872905254364,0.1918978542089462,0.4768393933773041,0.2206403166055679,0.3725941777229309,0.2333235591650009,0.5338851809501648,0.3912583887577057,0.3223487436771393,0.4170953631401062,0.70355623960495,0.4243120849132538,0.2063825279474258,0.5976461172103882,0.8875948190689087,0.4463402330875397,0.1954817473888397,0.4019809663295746,0.4992331564426422,0.8320716023445129,0.3549675643444061,0.8343719840049744,0.0,0.0,0.0,0.0,0.0,0.0,0.0,0.0,0.4296037852764129,0.4048578441143036
0.4168080389499664,0.2180652320384979,0.4374371469020843,0.1911651343107223,0.3927638232707977,0.1975840330123901,0.4726700782775879,0.221890777349472,0.3676027953624725,0.2368677705526352,0.5322839617729187,0.38795205950737,0.3267639577388763,0.4214726984500885,0.7023142576217651,0.4131486117839813,0.2253342419862747,0.6110397577285767,0.9044009447097778,0.4354400336742401,0.1962484568357467,0.4172119498252868,0.4971071183681488,0.8319205045700073,0.3545406460762024,0.8330864310264587,0.0,0.0,0.0,0.0,0.0,0.0,0.0,0.0,0.4297033846378326,0.4054572880268097
0.4190082550048828,0.2159068435430526,0.4392437040805816,0.1895427852869033,0.3945806920528412,0.1978631168603897,0.4748491644859314,0.2219136506319046,0.3706600666046142,0.240433856844902,0.5393546223640442,0.3858710825443268,0.331736147403717,0.4253580570220947,0.7077754735946655,0.4057807028293609,0.2315071523189544,0.6191631555557251,0.913567066192627,0.4230928421020508,0.1948807388544082,0.4230724275112152,0.5080894827842712,0.8314942717552185,0.3651644885540008,0.8329563140869141,0.0,0.0,0.0,0.0,0.0,0.0,0.0,0.0,0.4360160231590271,0.4062069058418274
0.4388230443000793,0.2512168288230896,0.4612527787685394,0.2209420651197433,0.4164918959140777,0.2216793745756149,0.4936244785785675,0.2388748228549957,0.3854721188545227,0.2444342523813247,0.5482905507087708,0.4002606868743896,0.3383345901966095,0.4224806427955627,0.7037126421928406,0.4277717173099518,0.2230332940816879,0.5987269282341003,0.8983049988746643,0.4473307728767395,0.192229226231575,0.4167139828205108,0.5147388577461243,0.8276135325431824,0.3742466568946838,0.8318051695823669,0.0,0.0,0.0,0.0,0.0,0.0,0.0,0.0,0.4438202381134033,0.4113059937953949
0.4393680989742279,0.2210713624954223,0.4617203176021576,0.1957797557115554,0.4158981144428253,0.194780021905899,0.4937928318977356,0.2287610620260238,0.3846845328807831,0.2299602925777435,0.5431506037712097,0.3968096673488617,0.3272948563098907,0.409363180398941,0.7051385045051575,0.4488120377063751,0.1919090449810028,0.5856857895851135,0.8693432807922363,0.4745589196681976,0.17723248898983,0.3680772185325622,0.5148886442184448,0.828249990940094,0.3731308281421661,0.833179771900177,0.0,0.0,0.0,0.0,0.0,0.0,0.0,0.0,0.4358556270599365,0.4025557041168213
0.4169400632381439,0.2053425163030624,0.4392300546169281,0.1806253045797348,0.3915686309337616,0.1818804442882537,0.4742434322834015,0.2115726321935653,0.3607930243015289,0.2175195068120956,0.5270808339118958,0.3867917954921722,0.304771363735199,0.4062804281711578,0.6977911591529846,0.4481852054595947,0.1606724560260772,0.5801717042922974,0.8640503287315369,0.4790173172950744,0.1101638078689575,0.3676955699920654,0.4932977259159088,0.8333350419998169,0.3467774987220764,0.8459517359733582,0.0,0.0,0.0,0.0,0.0,0.0,0.0,0.0,0.4136325716972351,0.396418809890747
0.424837052822113,0.2094476222991943,0.4464528858661651,0.1857544630765915,0.4018236696720123,0.188208982348442,0.4820773303508758,0.2178054749965667,0.3740160167217254,0.2283955961465835,0.5355466604232788,0.3914408087730407,0.3174872696399688,0.4085934460163116,0.704578697681427,0.4529654383659363,0.1746923774480819,0.5771366357803345,0.8795051574707031,0.4838185608386993,0.1195145100355148,0.372951328754425,0.4982275664806366,0.8311668634414673,0.3538791239261627,0.8336284756660461,0.0,0.0,0.0,0.0,0.0,0.0,0.0,0.0,0.4273202121257782,0.4003144204616546
0.4348181784152984,0.2167831510305404,0.4572722911834717,0.1908973455429077,0.4133644104003906,0.1945094019174575,0.4957117438316345,0.2233642637729644,0.389768123626709,0.235327735543251,0.550235390663147,0.4017504751682281,0.3344253599643707,0.4146490395069122,0.7204697728157043,0.4575011432170868,0.2011135667562484,0.5837090611457825,0.8893782496452332,0.487196534872055,0.159371867775917,0.3831297755241394,0.5124698281288147,0.8271646499633789,0.3709991872310638,0.8304787874221802,0.0,0.0,0.0,0.0,0.0,0.0,0.0,0.0,0.444090336561203,0.4071158468723297
0.439180850982666,0.221264436841011,0.4624209403991699,0.1941792219877243,0.4179726541042328,0.1966679841279983,0.5011804699897766,0.2271201908588409,0.3945872485637665,0.2367196530103683,0.552587628364563,0.4049957394599914,0.3413029611110687,0.4159352779388428,0.7214193344116211,0.4584553241729736,0.2114099115133285,0.5820688605308533,0.8966136574745178,0.4887135326862335,0.1818756759166717,0.3793515264987945,0.5112021565437317,0.8265910744667053,0.3732154369354248,0.8294768333435059,0.0,0.0,0.0,0.0,0.0,0.0,0.0,0.0,0.4481815695762634,0.4092776179313659
0.4416170418262481,0.2221291363239288,0.4653875529766083,0.1953531354665756,0.4207584261894226,0.1971979588270187,0.5030480623245239,0.2283877283334732,0.3974132835865021,0.234651580452919,0.5525810122489929,0.4060425758361816,0.3420658111572265,0.4165121614933014,0.72083979845047,0.4605947434902191,0.2183013707399368,0.5880404710769653,0.8918399810791016,0.4910659790039062,0.2022342979907989,0.384755939245224,0.5127116441726685,0.8273000121116638,0.3748080730438232,0.8313770890235901,0.0,0.0,0.0,0.0,0.0,0.0,0.0,0.0,0.4481206238269806,0.4100520014762878
0.4456298053264618,0.2184168994426727,0.4688828587532043,0.1933067739009857,0.4237719178199768,0.1943221092224121,0.5034692883491516,0.2291358560323715,0.3973233103752136,0.2331141978502273,0.5513204336166382,0.407058447599411,0.3397281765937805,0.4167756140232086,0.7196616530418396,0.4618392586708069,0.2205540239810943,0.5981408953666687,0.8880048990249634,0.4924616515636444,0.2157085984945297,0.4009565711021423,0.5120516419410706,0.830786406993866,0.3728046119213104,0.8436635732650757,0.0,0.0,0.0,0.0,0.0,0.0,0.0,0.0,0.445645660161972,0.4119686782360077
0.4482335746288299,0.2154043912887573,0.4704201221466064,0.1946770399808883,0.4250231683254242,0.1923218965530395,0.4993758201599121,0.2366913557052612,0.3933620750904083,0.2308143824338913,0.549028754234314,0.4069945216178894,0.3357309699058532,0.4160258173942566,0.7215698957443237,0.4634121358394623,0.2215349525213241,0.6018565893173218,0.882622241973877,0.4945988953113556,0.2067973166704177,0.4032242000102997,0.5108814835548401,0.8295930624008179,0.3704334199428558,0.8436738848686218,0.0,0.0,0.0,0.0,0.0,0.0,0.0,0.0,0.4417822360992431,0.411910206079483
0.445082277059555,0.2201500833034515,0.4658196568489074,0.19767527282238,0.4208958148956299,0.1964316219091415,0.4929173290729522,0.2356548458337783,0.3855102062225342,0.2345008701086044,0.544613242149353,0.406085342168808,0.325013667345047,0.4195739328861236,0.7198935151100159,0.4617963135242462,0.1620539426803589,0.5462268590927124,0.8803055882453918,0.4911089241504669,0.0089285718277096,0.4187316298484802,0.5060122609138489,0.8305237889289856,0.3610622584819793,0.8323354125022888,0.0,0.0,0.0,0.0,0.0,0.0,0.0,0.0,0.4341188073158264,0.4137291610240936
0.4280267655849457,0.2141139656305313,0.4488725662231445,0.1920855790376663,0.4043513834476471,0.1928159296512603,0.4792544841766357,0.2276817709207534,0.3734238445758819,0.2332184016704559,0.5357779860496521,0.4001390039920807,0.3140316307544708,0.421656996011734,0.7032542824745178,0.4555136263370514,0.1600385755300521,0.5620552897453308,0.8711735606193542,0.4812968671321869,0.0089285718277096,0.4625048041343689,0.500634491443634,0.8287402987480164,0.3524589836597442,0.8319149613380432,0.0,0.0,0.0,0.0,0.0,0.0,0.0,0.0,0.4248313009738922,0.4113635718822479
0.4271480739116668,0.2245723754167556,0.4476165473461151,0.2005338668823242,0.402168720960617,0.2015438228845596,0.4750215709209442,0.2292911559343338,0.368996798992157,0.2366192042827606,0.5277807712554932,0.3996183574199676,0.3112549483776092,0.4262534081935882,0.6909043192863464,0.4523466229438782,0.1643092632293701,0.5807232856750488,0.8660637140274048,0.477931410074234,0.0701915100216865,0.3957015573978424,0.4972854554653168,0.8320843577384949,0.3533141016960144,0.8352548480033875,0.0,0.0,0.0,0.0,0.0,0.0,0.0,0.0,0.4186599254608154,0.4131301343441009
0.4306756556034088,0.2402938604354858,0.4519124329090118,0.2153137177228927,0.4066471755504608,0.210378497838974,0.4765596985816955,0.2386638075113296,0.3686764240264892,0.2358815819025039,0.5252553224563599,0.398762047290802,0.311803787946701,0.4243244528770447,0.6872409582138062,0.4501528441905975,0.1739743500947952,0.5902746915817261,0.8644798994064331,0.4754799902439117,0.1380679309368133,0.3936032950878143,0.4972410798072815,0.8342193365097046,0.3530106544494629,0.8445839285850525,0.0,0.0,0.0,0.0,0.0,0.0,0.0,0.0,0.4185194671154022,0.4115221798419952
0.4338053166866302,0.2336912006139755,0.4559439718723297,0.2080559283494949,0.4087429344654083,0.2064523249864578,0.484550267457962,0.2312334030866623,0.3729097843170166,0.2350808680057525,0.5310105681419373,0.3990461230278015,0.3156639635562897,0.4180039465427398,0.6990538835525513,0.4546959698200226,0.1829094886779785,0.5970669984817505,0.8720780611038208,0.4805405735969543,0.1863527745008468,0.3833301067352295,0.4978872239589691,0.8307037353515625,0.3523593246936798,0.8348440527915955,0.0,0.0,0.0,0.0,0.0,0.0,0.0,0.0,0.4245198667049408,0.4089006781578064
0.5097048878669739,0.2816821932792663,0.5296885371208191,0.2537647485733032,0.4892814755439758,0.2549969851970672,0.5635312795639038,0.2694874107837677,0.4607265293598175,0.2753763794898987,0.6121737360954285,0.4267601072788238,0.4149664342403412,0.4359061121940613,0.7721404433250427,0.482117235660553,0.2960462868213653,0.5907189249992371,0.9354103803634644,0.5218609571456909,0.2827902436256408,0.4093856513500213,0.5665452480316162,0.8335404396057129,0.4405173361301422,0.8456125855445862,0.0,0.0,0.0,0.0,0.0,0.0,0.0,0.0,0.5104637742042542,0.4317429363727569
0.5208260416984558,0.3061732947826385,0.541735053062439,0.276955634355545,0.5005435943603516,0.2724819183349609,0.5671504139900208,0.2869650423526764,0.465272843837738,0.2752916216850281,0.6087279915809631,0.4305179417133331,0.4107016921043396,0.4392805993556976,0.7663345336914062,0.4838282763957977,0.2944927513599396,0.5893396735191345,0.9261143803596495,0.5243106484413147,0.2333124428987503,0.4343568980693817,0.5688592791557312,0.8315157890319824,0.4429084956645965,0.8448476791381836,0.0,0.0,0.0,0.0,0.0,0.0,0.0,0.0,0.5077378749847412,0.4356911182403564
0.5008386969566345,0.257234662771225,0.5231243968009949,0.2325114756822586,0.4798741638660431,0.2357944995164871,0.5572776794433594,0.2612873613834381,0.4548362791538238,0.2717025876045227,0.6028159260749817,0.426058292388916,0.4040209949016571,0.4368388056755066,0.7681566476821899,0.484631210565567,0.2854484021663666,0.5965020060539246,0.9311758875846864,0.52932208776474,0.1504151076078415,0.4974547028541565,0.5628523230552673,0.83273845911026,0.436985045671463,0.8347634077072144,0.0,0.0,0.0,0.0,0.0,0.0,0.0,0.0,0.501118004322052,0.430733174085617
0.4969278872013092,0.24144147336483,0.5184233784675598,0.2190577983856201,0.4765423834323883,0.2220221012830734,0.5517826676368713,0.2536363899707794,0.4512335360050201,0.2606116235256195,0.6015781164169312,0.4217303395271301,0.4010072350502014,0.4341375529766083,0.7703099846839905,0.4727946817874908,0.2834521234035492,0.5992845892906189,0.9264750480651855,0.5049190521240234,0.135199174284935,0.5247253179550171,0.5615993142127991,0.8337698578834534,0.4355709850788116,0.8360530138015747,0.0,0.0,0.0,0.0,0.0,0.0,0.0,0.0,0.4974510371685028,0.4268766343593597
0.4959549903869629,0.2414838224649429,0.5162220597267151,0.219238668680191,0.4751067757606506,0.221460685133934,0.5486533641815186,0.253973513841629,0.4488644897937774,0.2604568302631378,0.6007513403892517,0.42000213265419,0.3971718847751617,0.4345765113830566,0.7617446184158325,0.461579293012619,0.28057661652565,0.5998116135597229,0.9266201853752136,0.4837254583835602,0.1480713933706283,0.4935677647590637,0.5621560215950012,0.8337162733078003,0.4355902075767517,0.8459374308586121,0.0,0.0,0.0,0.0,0.0,0.0,0.0,0.0,0.4950328767299652,0.4263123571872711
0.4934632778167724,0.2387269586324691,0.5126913189888,0.2174820005893707,0.4717901051044464,0.2205151617527008,0.5448107123374939,0.2534213364124298,0.4451201260089874,0.2632388472557068,0.5967804193496704,0.4145810604095459,0.394294798374176,0.4360702931880951,0.7598924040794373,0.4411306977272033,0.275961309671402,0.603188693523407,0.9332477450370787,0.4558238089084625,0.1796845346689224,0.4738234579563141,0.5618366003036499,0.8317652940750122,0.4339262545108795,0.8365427851676941,0.0,0.0,0.0,0.0,0.0,0.0,0.0,0.0,0.4922321438789367,0.4246419370174408
0.4914664626121521,0.2371448129415512,0.5111210942268372,0.2172018736600875,0.4699466824531555,0.2190773040056228,0.5435253381729126,0.2544861137866974,0.4435153901576996,0.2603845000267029,0.5970223546028137,0.4109803736209869,0.3925859034061432,0.4361994862556457,0.769938051700592,0.4280791282653808,0.2760653495788574,0.6061244010925293,0.9278031587600708,0.4377050697803497,0.1988409757614135,0.4543463885784149,0.5618562698364258,0.8315749764442444,0.4314794540405273,0.8458837866783142,0.0,0.0,0.0,0.0,0.0,0.0,0.0,0.0,0.4912740886211395,0.4217489063739776
0.4901266694068908,0.236768364906311,0.5094531774520874,0.216436505317688,0.4686377644538879,0.218384712934494,0.5422762632369995,0.2530786395072937,0.4426611959934234,0.2589949667453766,0.5970773696899414,0.4096126854419708,0.3925177156925201,0.4359540939331054,0.7754369974136353,0.4240041077136993,0.2769650220870971,0.6057671904563904,0.9358686804771424,0.4301792085170746,0.2096018940210342,0.4454803466796875,0.5615952610969543,0.8316906094551086,0.43099445104599,0.8375884294509888,0.0,0.0,0.0,0.0,0.0,0.0,0.0,0.0,0.4915370345115661,0.4216449856758117
0.4803626537322998,0.2364442050457,0.5004156231880188,0.2140541970729828,0.4587514996528625,0.2177868634462356,0.5333677530288696,0.2462480068206787,0.4329822659492492,0.2572525143623352,0.5958312153816223,0.4031004607677459,0.3909319937229156,0.4336579442024231,0.772235095500946,0.4008392989635467,0.2880098521709442,0.6140990853309631,0.9357009530067444,0.3950607180595398,0.2606500089168548,0.4360502660274505,0.560009777545929,0.8333379626274109,0.4297837316989898,0.8377339243888855,0.0,0.0,0.0,0.0,0.0,0.0,0.0,0.0,0.4888487160205841,0.4177308678627014
0.4774565100669861,0.237156867980957,0.4980551302433014,0.2158336788415908,0.4569364190101623,0.216868370771408,0.5289434194564819,0.2483213394880294,0.4301154017448425,0.2545687258243561,0.587664008140564,0.4015493988990783,0.3887200057506561,0.4327292740345001,0.7560010552406311,0.3994461894035339,0.2963692545890808,0.6300829648971558,0.9235385060310364,0.3942684531211853,0.2813948094844818,0.4381746351718902,0.555836021900177,0.8313010931015015,0.4251618981361389,0.845367968082428,0.0,0.0,0.0,0.0,0.0,0.0,0.0,0.0,0.4855601489543915,0.4157173931598663
0.4755266010761261,0.2364995330572128,0.4961776733398437,0.2158146798610687,0.4552732110023498,0.2170994579792022,0.5264250040054321,0.2477194517850875,0.4270915389060974,0.255462110042572,0.5871309041976929,0.4012612700462341,0.3854536116123199,0.435460478067398,0.7579566240310669,0.3940364420413971,0.2857968211174011,0.6203590631484985,0.919735074043274,0.3833010494709015,0.2547062337398529,0.4582858681678772,0.5554152131080627,0.8319672346115112,0.4243507981300354,0.8442755341529846,0.0,0.0,0.0,0.0,0.0,0.0,0.0,0.0,0.4826617240905761,0.4177877008914947
0.4729850590229034,0.2371361553668975,0.4933528006076813,0.2164242714643478,0.4529066979885101,0.2176192253828048,0.5239382982254028,0.2466762512922287,0.4251677691936493,0.2560368180274963,0.5861047506332397,0.3985556662082672,0.380755752325058,0.4394239485263824,0.7571184039115906,0.3918390870094299,0.2682769000530243,0.6142970323562622,0.9174193143844604,0.3789109289646148,0.1829055398702621,0.4756951928138733,0.5564751625061035,0.8316043019294739,0.4256977140903473,0.8462401032447815,0.0,0.0,0.0,0.0,0.0,0.0,0.0,0.0,0.4805390238761902,0.4184003472328186
0.4725232124328613,0.2373995780944824,0.4925135672092438,0.2167608886957168,0.452360451221466,0.218433603644371,0.522800624370575,0.2467841655015945,0.4251354038715362,0.2572627365589142,0.5853443741798401,0.3983965516090393,0.3801702558994293,0.4398209154605865,0.7563942074775696,0.3918676674365997,0.2639914453029632,0.6088570356369019,0.9168280959129332,0.3778942227363586,0.1519805938005447,0.4851520359516144,0.5543135404586792,0.8302032351493835,0.4244055151939392,0.8438969254493713,0.0,0.0,0.0,0.0,0.0,0.0,0.0,0.0,0.4798174798488617,0.4188685119152069
0.4715461730957031,0.237576737999916,0.4915407299995422,0.2170933932065963,0.4514780044555664,0.2189164012670517,0.5223575234413147,0.2463569343090057,0.4239957928657532,0.2568691372871399,0.5850288271903992,0.3972437381744385,0.3772186636924743,0.4368140995502472,0.7594175934791565,0.3926125168800354,0.2391872406005859,0.5925411581993103,0.921425461769104,0.3827676177024841,0.0885496959090232,0.5127668976783752,0.5511406064033508,0.8287752270698547,0.4216531813144684,0.8337951898574829,0.0,0.0,0.0,0.0,0.0,0.0,0.0,0.0,0.4785947203636169,0.4174947738647461
0.4700977802276611,0.2395570129156112,0.4897682070732116,0.218408390879631,0.4495526254177093,0.2201162278652191,0.5201271176338196,0.2463965415954589,0.421626478433609,0.2570128738880157,0.5815805792808533,0.396660715341568,0.3760866224765777,0.4378836750984192,0.7573968768119812,0.3926971554756164,0.2291644960641861,0.579105794429779,0.9198424220085144,0.3813926577568054,0.0557542629539966,0.5453054904937744,0.5493789315223694,0.8286880850791931,0.4204268455505371,0.8321451544761658,0.0,0.0,0.0,0.0,0.0,0.0,0.0,0.0,0.4768918454647064,0.417492002248764
0.4690139591693878,0.238674983382225,0.488684207201004,0.2175515592098236,0.4485673010349273,0.2192084044218063,0.5182867646217346,0.2465296685695648,0.4210491776466369,0.2565865516662597,0.5799322128295898,0.3977673351764679,0.3727529048919678,0.4381656646728515,0.7571125626564026,0.3938756287097931,0.2283220440149307,0.584111750125885,0.9190664291381836,0.3828844726085663,0.0579695142805576,0.542201817035675,0.5476922988891602,0.8262351751327515,0.4187178909778595,0.8306711316108704,0.0,0.0,0.0,0.0,0.0,0.0,0.0,0.0,0.4756031632423401,0.4182325303554535
0.4677473604679107,0.2375348359346389,0.4873881936073303,0.2165613621473312,0.4461282789707184,0.2189848870038986,0.5171026587486267,0.2465294152498245,0.4182095527648926,0.2590605616569519,0.5785203576087952,0.397808164358139,0.3712103366851806,0.4384709000587463,0.7536441087722778,0.3940643668174743,0.2363831996917724,0.5930678248405457,0.9112945199012756,0.3831161856651306,0.083662137389183,0.4961292147636413,0.5461277365684509,0.8275953531265259,0.4187850058078766,0.8320297002792358,0.0,0.0,0.0,0.0,0.0,0.0,0.0,0.0,0.4737278521060943,0.41844442486763
0.4672136604785919,0.2374821901321411,0.4869817197322845,0.216604396700859,0.4452900290489197,0.2186619937419891,0.5164898633956909,0.2473226338624954,0.417184978723526,0.2583769857883453,0.5781305432319641,0.4003676772117615,0.3694044649600982,0.4386714398860931,0.7534508109092712,0.3940418362617492,0.2430955022573471,0.5967890024185181,0.9118117094039916,0.383761465549469,0.1327166706323623,0.4717947542667389,0.5447894930839539,0.8261982202529907,0.4187889695167541,0.8327549695968628,0.0,0.0,0.0,0.0,0.0,0.0,0.0,0.0,0.4723434448242187,0.4191749095916748
0.4696299433708191,0.2379493564367294,0.4888637959957123,0.2175127565860748,0.4473375976085663,0.2180566489696502,0.5163833498954773,0.2481504827737808,0.4176382422447204,0.2557128071784973,0.5772705078125,0.4009814262390136,0.3703756034374237,0.4393766522407532,0.7443434596061707,0.3959714472293854,0.2485203295946121,0.5982670187950134,0.910455286502838,0.386927992105484,0.1833186447620391,0.426751047372818,0.5453205108642578,0.8278631567955017,0.4192119240760803,0.8337005972862244,0.0,0.0,0.0,0.0,0.0,0.0,0.0,0.0,0.4723955988883972,0.4187125861644745
0.4728884994983673,0.2382781952619552,0.4927390515804291,0.2185094654560089,0.4502162039279938,0.2169271260499954,0.5189808011054993,0.252450168132782,0.4184666275978088,0.2543691098690033,0.5776744484901428,0.4017539620399475,0.3736756145954132,0.4375665485858917,0.7459891438484192,0.3989193439483642,0.2538494765758514,0.6029044985771179,0.9128918647766112,0.3933056890964508,0.2316159307956695,0.4131438434123993,0.5462288856506348,0.8293545842170715,0.4203005135059356,0.8347732424736023,0.0,0.0,0.0,0.0,0.0,0.0,0.0,0.0,0.4736618995666504,0.4176773428916931
0.4745211601257324,0.239782840013504,0.4945302903652191,0.2196608036756515,0.4531510174274444,0.2184074819087982,0.5202264189720154,0.2523002028465271,0.4219837486743927,0.2534205317497253,0.577189564704895,0.4030419886112213,0.378021627664566,0.4351219236850738,0.7518587112426758,0.4010851681232452,0.2597356736660003,0.6126608848571777,0.916050910949707,0.3970541357994079,0.2604648172855377,0.4186078011989593,0.5465652346611023,0.8286474347114563,0.4199713766574859,0.8337218165397644,0.0,0.0,0.0,0.0,0.0,0.0,0.0,0.0,0.4756159484386444,0.4182905852794647
0.4768543243408203,0.240753561258316,0.4971783757209778,0.2203716337680816,0.4555531442165375,0.218040332198143,0.522391676902771,0.2529532313346863,0.4236904084682464,0.2516914308071136,0.5771529078483582,0.403201550245285,0.3814747333526611,0.4330761134624481,0.7516006827354431,0.402407705783844,0.2649466395378113,0.612705409526825,0.9148527979850768,0.400630235671997,0.27327761054039,0.4162646830081939,0.5474920868873596,0.8274039030075073,0.4206077754497528,0.8328603506088257,0.0,0.0,0.0,0.0,0.0,0.0,0.0,0.0,0.4773940443992615,0.417168527841568
0.4771076738834381,0.2410835176706314,0.497047483921051,0.2214181572198867,0.456526517868042,0.2186944782733917,0.521452009677887,0.2547443807125091,0.4251200556755066,0.252877414226532,0.5772271156311035,0.403949499130249,0.3801425099372864,0.4349546134471893,0.7513142228126526,0.4027218818664551,0.2601189613342285,0.6116288900375366,0.9109863638877868,0.3995407223701477,0.259038358926773,0.416683167219162,0.5484257340431213,0.8282718062400818,0.4221794605255127,0.833958625793457,0.0,0.0,0.0,0.0,0.0,0.0,0.0,0.0,0.4762707650661468,0.418509691953659
0.4776318371295929,0.2398161590099334,0.4974814355373382,0.2206993252038955,0.4571897983551025,0.217272087931633,0.5212898254394531,0.2544035017490387,0.424700915813446,0.2518577873706817,0.5780062079429626,0.4035119116306305,0.3792923390865326,0.4381322264671325,0.752439558506012,0.4011643528938293,0.2569967806339264,0.6039777398109436,0.9159955382347108,0.3962720036506653,0.2287766635417938,0.4157381355762481,0.5492111444473267,0.8308200836181641,0.422618567943573,0.8355019688606262,0.0,0.0,0.0,0.0,0.0,0.0,0.0,0.0,0.4763453006744385,0.4188634753227234
0.4767906367778778,0.2403464019298553,0.4964306950569153,0.2212727814912796,0.4561661779880523,0.218547910451889,0.5213637351989746,0.2538219094276428,0.4239527285099029,0.253367006778717,0.578980565071106,0.4033440053462982,0.3757854998111725,0.4391079246997833,0.7533650398254395,0.4008828997611999,0.2493465095758438,0.5965773463249207,0.9157454371452332,0.3958995044231415,0.1770730763673782,0.4333779513835907,0.5483797192573547,0.8297565579414368,0.422181099653244,0.8355383276939392,0.0,0.0,0.0,0.0,0.0,0.0,0.0,0.0,0.4757656157016754,0.4195665717124939
0.4733923077583313,0.241532951593399,0.4930502772331238,0.2214146554470062,0.451847642660141,0.2206379175186157,0.5201597809791565,0.2539270222187042,0.4199037253856659,0.2578948140144348,0.5791766047477722,0.4023318588733673,0.3727858960628509,0.4396494328975677,0.7529319524765015,0.4005547165870666,0.2369932681322097,0.5886427760124207,0.9122715592384338,0.3965752422809601,0.1230263486504554,0.4560671746730804,0.5474666357040405,0.82822185754776,0.4213817715644836,0.8342073559761047,0.0,0.0,0.0,0.0,0.0,0.0,0.0,0.0,0.4746007919311523,0.419865071773529
0.4692244231700897,0.239625409245491,0.48869189620018,0.2198232114315033,0.446568101644516,0.2211844474077224,0.5170649290084839,0.2508498728275299,0.4170787036418915,0.2598775029182434,0.5771469473838806,0.4018319547176361,0.369655579328537,0.4399096965789795,0.7518624067306519,0.4000094830989837,0.2306922525167465,0.5875052809715271,0.9123918414115906,0.3938866555690765,0.0918902605772018,0.4684968292713165,0.5452979803085327,0.8268545866012573,0.4190418124198913,0.8317180871963501,0.0,0.0,0.0,0.0,0.0,0.0,0.0,0.0,0.4725232720375061,0.4198067188262939
0.4681083261966705,0.23977991938591,0.4877035617828369,0.2193127423524856,0.4450399279594421,0.2208690643310547,0.5161884427070618,0.2511599659919739,0.4153291881084442,0.2610795199871063,0.5764616131782532,0.4016227722167969,0.3682649731636047,0.4395549595355987,0.751562237739563,0.3996321856975555,0.2271539717912674,0.5867704153060913,0.9125823974609376,0.393148124217987,0.0766974836587905,0.4759292304515838,0.5446179509162903,0.8257998824119568,0.4178617000579834,0.8300586342811584,0.0,0.0,0.0,0.0,0.0,0.0,0.0,0.0,0.4709927141666412,0.419665515422821
0.4656684398651123,0.2410641610622406,0.4848305881023407,0.2197859287261963,0.4419848918914795,0.2223998606204986,0.5134761333465576,0.2487078607082367,0.4132875502109527,0.261865496635437,0.5744752883911133,0.4014220833778381,0.3657906949520111,0.4401099979877472,0.7514268159866333,0.400168627500534,0.2270828634500503,0.5909772515296936,0.9124847650527954,0.3942905366420746,0.0663913264870643,0.5033527612686157,0.5431805849075317,0.8262761235237122,0.4172965586185455,0.8300086855888367,0.0,0.0,0.0,0.0,0.0,0.0,0.0,0.0,0.4692544639110565,0.419918954372406
0.4641507267951965,0.2414433062076568,0.4826819896697998,0.2198649644851684,0.4404426217079162,0.2220603227615356,0.5107358694076538,0.2482326477766037,0.4117721617221832,0.2608668506145477,0.5743024945259094,0.4014259278774261,0.3658514022827148,0.4409485161304474,0.743686854839325,0.3983513712882995,0.2308386415243148,0.5936337113380432,0.9111685156822203,0.3929609656333923,0.0839413031935691,0.4771690964698791,0.543454110622406,0.829376220703125,0.4175605177879333,0.8329713940620422,0.0,0.0,0.0,0.0,0.0,0.0,0.0,0.0,0.468537837266922,0.4202501773834228
0.4642529487609863,0.2416722476482391,0.4827836453914642,0.2207303047180175,0.44086953997612,0.2223857790231704,0.5109220147132874,0.2512762546539306,0.4122925698757171,0.2610954940319061,0.574189305305481,0.4026017189025879,0.3661803603172302,0.4405237734317779,0.7433041930198669,0.3982546627521515,0.2375214844942093,0.5922589302062988,0.9108945727348328,0.3897148966789245,0.1350474208593368,0.4538662433624267,0.5427762269973755,0.8271617889404297,0.4181266725063324,0.8334209322929382,0.0,0.0,0.0,0.0,0.0,0.0,0.0,0.0,0.4683977663516998,0.4208845198154449
0.4656621813774109,0.2427771091461181,0.4852860569953918,0.2221545130014419,0.4434492290019989,0.2251340448856353,0.5155258178710938,0.2552267014980316,0.415986031293869,0.265221893787384,0.5747890472412109,0.4051559865474701,0.3726884722709656,0.4425471425056457,0.7438092231750488,0.4015465080738067,0.2493919432163238,0.5995699167251587,0.911898672580719,0.3990213871002197,0.2085971385240554,0.4235261380672455,0.5446293950080872,0.8283146619796753,0.4184883534908294,0.8340492844581604,0.0,0.0,0.0,0.0,0.0,0.0,0.0,0.0,0.4718988835811615,0.4224469661712646
0.4660157859325409,0.2443217933177948,0.4855437278747558,0.2235445231199264,0.4432989656925201,0.2274653911590576,0.5170312523841858,0.2553609013557434,0.4169910252094269,0.2659800946712494,0.5750823616981506,0.4055047631263733,0.3782787621021271,0.4430383741855621,0.7440479397773743,0.3977296352386474,0.2584487199783325,0.6122785210609436,0.9081243276596068,0.3839899897575378,0.2561435997486114,0.4221630990505218,0.5476561188697815,0.8291618227958679,0.4214123785495758,0.834377110004425,0.0,0.0,0.0,0.0,0.0,0.0,0.0,0.0,0.4737527966499328,0.4225142002105713
0.4672910571098327,0.2463542968034744,0.4857602715492248,0.2250561565160751,0.4441202282905578,0.2296948581933975,0.516315221786499,0.2548769414424896,0.4189450740814209,0.266877144575119,0.5755131840705872,0.4046155512332916,0.3810819983482361,0.4411790370941162,0.7406071424484253,0.392286092042923,0.264200359582901,0.6126824617385864,0.9037643671035768,0.3660411536693573,0.261827677488327,0.4285112917423248,0.5491409301757812,0.8291236758232117,0.4219488203525543,0.834461510181427,0.0,0.0,0.0,0.0,0.0,0.0,0.0,0.0,0.4757836759090423,0.4214391708374023
0.4674053788185119,0.2499266862869262,0.4853000938892364,0.2268964201211929,0.443828821182251,0.2317592203617096,0.5154432058334351,0.2552847862243652,0.418702632188797,0.2682998180389404,0.5748175382614136,0.4040734767913818,0.3833085000514984,0.4423165619373321,0.7432760000228882,0.3812227249145508,0.2720438539981842,0.6180578470230103,0.913863480091095,0.3412650227546692,0.2704450190067291,0.4374065101146698,0.5499333143234253,0.8307854533195496,0.4234674572944641,0.8363497853279114,0.0,0.0,0.0,0.0,0.0,0.0,0.0,0.0,0.4765305519104004,0.4223289489746094
0.4676320552825928,0.2492526024580001,0.4850111603736877,0.2267539203166961,0.4437136352062225,0.2318537682294845,0.5144874453544617,0.2543335556983948,0.4180709719657898,0.2681207060813904,0.5766183137893677,0.4031772315502167,0.3841643929481506,0.4437274634838104,0.7443627119064331,0.3828418552875519,0.2785592675209045,0.6253754496574402,0.909243643283844,0.346361368894577,0.2638078331947326,0.4503088295459747,0.5535570383071899,0.8323014378547668,0.425368994474411,0.8463760614395142,0.0,0.0,0.0,0.0,0.0,0.0,0.0,0.0,0.4776161313056946,0.4227302074432373
0.4695833325386047,0.2483216077089309,0.4869680404663086,0.2264180481433868,0.4461495876312256,0.2303038388490677,0.5151601433753967,0.2543606460094452,0.418643057346344,0.2675770223140716,0.577845573425293,0.4011061191558838,0.3816900849342346,0.4452880024909973,0.7442626953125,0.3855596482753753,0.2738514840602875,0.6210736632347107,0.911579430103302,0.353329986333847,0.2464910447597503,0.4581442773342132,0.5540727972984314,0.83255535364151,0.4253215491771698,0.8481012582778931,0.0,0.0,0.0,0.0,0.0,0.0,0.0,0.0,0.4768474698066711,0.4223051965236664
0.470296561717987,0.2459869235754013,0.488894522190094,0.2253180891275406,0.4482071101665497,0.2280264198780059,0.5184860825538635,0.2560353577136993,0.4206824004650116,0.2655960619449615,0.5783784985542297,0.4024626612663269,0.3812005519866943,0.4472281038761139,0.7428388595581055,0.3928934633731842,0.2645110785961151,0.6172439455986023,0.9028417468070984,0.3674453198909759,0.2043748050928115,0.4555476307868957,0.5549567341804504,0.8320975303649902,0.4262538850307464,0.8480697870254517,0.0,0.0,0.0,0.0,0.0,0.0,0.0,0.0,0.4775822758674621,0.4237323403358459
0.4741066098213196,0.2454577684402465,0.492459237575531,0.2251137346029281,0.4524606764316559,0.2266822755336761,0.5206484794616699,0.2569095194339752,0.4226327836513519,0.2652582824230194,0.5803786516189575,0.4029937088489532,0.3809917271137237,0.446347713470459,0.7472747564315796,0.3968454003334045,0.2604511380195617,0.611289918422699,0.9107084274291992,0.3856609463691711,0.1823882758617401,0.4657124578952789,0.55684894323349,0.8330485224723816,0.4291559159755707,0.848490834236145,0.0,0.0,0.0,0.0,0.0,0.0,0.0,0.0,0.4787789285182953,0.4226391911506653
0.4798829257488251,0.2447725534439087,0.4977761209011078,0.2256187200546264,0.458678275346756,0.2242188453674316,0.5224588513374329,0.2587647140026092,0.4261717200279236,0.2615899741649627,0.5809151530265808,0.4065005779266357,0.3817009627819061,0.4442481100559234,0.7540720105171204,0.4008741676807403,0.2564627528190613,0.6043758392333984,0.9161173105239868,0.3944362998008728,0.159928411245346,0.4707701802253723,0.5572602152824402,0.8316816091537476,0.4311001300811767,0.847679078578949,0.0,0.0,0.0,0.0,0.0,0.0,0.0,0.0,0.4790577888488769,0.4241131246089935
0.4812202751636505,0.2453673332929611,0.4988771080970764,0.2249277830123901,0.4596779346466064,0.2240977138280868,0.5235461592674255,0.2568875253200531,0.4267113208770752,0.2608326375484466,0.5809534788131714,0.4094078540802002,0.3821734488010406,0.4440305531024933,0.7554130554199219,0.4102121293544769,0.2582086026668548,0.6040539741516113,0.9205904006958008,0.4096976220607757,0.1454855948686599,0.4824385643005371,0.5584748983383179,0.8307844400405884,0.4316891133785248,0.8454143404960632,0.0,0.0,0.0,0.0,0.0,0.0,0.0,0.0,0.4792313277721405,0.4248880445957184
0.483143150806427,0.2464615255594253,0.5007956624031067,0.2241449654102325,0.4610682427883148,0.2245822101831436,0.5268288850784302,0.2552700340747833,0.4302656054496765,0.2603877484798431,0.5824812650680542,0.4125988185405731,0.3855433464050293,0.4439955055713653,0.7569957375526428,0.4207811057567596,0.2589635252952575,0.6024929881095886,0.9218941926956176,0.420518547296524,0.1345616579055786,0.4844420254230499,0.5588527917861938,0.8308457732200623,0.4324474930763244,0.8453214764595032,0.0,0.0,0.0,0.0,0.0,0.0,0.0,0.0,0.4817118644714355,0.4264089465141296
0.4832211136817932,0.2461260855197906,0.5006431937217712,0.2234518527984619,0.460890531539917,0.2249834388494491,0.5274526476860046,0.2535534501075744,0.4314481914043426,0.2616240084171295,0.5829648375511169,0.4121769368648529,0.386399894952774,0.4432153403759002,0.7573961615562439,0.421963632106781,0.2603738307952881,0.6023783087730408,0.9188851714134216,0.4230218827724457,0.1368108540773391,0.482120007276535,0.5575404763221741,0.8289167284965515,0.4313660264015198,0.8364113569259644,0.0,0.0,0.0,0.0,0.0,0.0,0.0,0.0,0.4826404154300689,0.4257283210754394
0.4832722246646881,0.2463393062353134,0.5004686117172241,0.2231243401765823,0.4612860381603241,0.2258105129003524,0.5288153886795044,0.2516525089740753,0.4325740337371826,0.2631518542766571,0.587374210357666,0.4106872677803039,0.3886295258998871,0.4430441260337829,0.7682444453239441,0.4190384745597839,0.2634276449680328,0.608060896396637,0.9258543252944946,0.4190840125083923,0.1737030446529388,0.4588241577148437,0.5614924430847168,0.8320366144180298,0.4333613216876983,0.8471949696540833,0.0,0.0,0.0,0.0,0.0,0.0,0.0,0.0,0.4858796298503876,0.424551248550415
0.482526034116745,0.2455679327249527,0.5006473660469055,0.2216363847255706,0.4605109393596649,0.2243241965770721,0.5298474431037903,0.2517393827438354,0.4323433935642242,0.2601034939289093,0.5855671167373657,0.4132808148860931,0.392204076051712,0.4375925958156585,0.7580996155738831,0.4236138164997101,0.2775774598121643,0.6083488464355469,0.9225699305534364,0.4286127388477325,0.2559038400650024,0.4268252551555633,0.5597461462020874,0.8326424956321716,0.432073175907135,0.8461796641349792,0.0,0.0,0.0,0.0,0.0,0.0,0.0,0.0,0.4865676760673523,0.4242445826530456
0.4831004440784454,0.2460291087627411,0.5016211271286011,0.221822127699852,0.460879236459732,0.2245095670223236,0.5310195088386536,0.2530985176563263,0.4343918859958648,0.2602398693561554,0.584339439868927,0.4132681787014007,0.3943018913269043,0.4356377720832824,0.7567185759544373,0.4245123267173767,0.2815332412719726,0.6115540266036987,0.9203515648841858,0.4299601912498474,0.2686612904071808,0.4341083168983459,0.5587181448936462,0.8321794867515564,0.4318693578243255,0.8459004163742065,0.0,0.0,0.0,0.0,0.0,0.0,0.0,0.0,0.4874088168144226,0.4236064553260803
0.4843030869960785,0.2460746765136718,0.5033866167068481,0.2218525111675262,0.4620003402233124,0.2239215821027755,0.5329119563102722,0.2532150447368622,0.4351289272308349,0.2574846148490906,0.5837996602058411,0.412487268447876,0.3924733698368072,0.4329362511634826,0.7414831519126892,0.4272539019584656,0.2855554521083832,0.621393620967865,0.919683277606964,0.4374034404754638,0.2930341064929962,0.427472174167633,0.5576054453849792,0.8314433693885803,0.430555522441864,0.8457484841346741,0.0,0.0,0.0,0.0,0.0,0.0,0.0,0.0,0.4874987602233886,0.4213607311248779
0.4828928112983703,0.2437045127153396,0.5024239420890808,0.2207501828670501,0.4609506726264953,0.222674012184143,0.5324954390525818,0.2540917694568634,0.4346421658992767,0.259065717458725,0.5808941125869751,0.4129990935325622,0.3908286392688751,0.4329653084278106,0.7414341568946838,0.4317333102226257,0.2843630909919739,0.6177003979682922,0.9186679124832152,0.4430955946445465,0.2760309278964996,0.4345748722553253,0.5558814406394958,0.8319655656814575,0.4296253025531769,0.8470019698143005,0.0,0.0,0.0,0.0,0.0,0.0,0.0,0.0,0.4843208491802215,0.4218416213989258
0.4811170399188995,0.2433335036039352,0.5008744597434998,0.22073994576931,0.4604042172431946,0.2213767766952514,0.5297051072120667,0.2526535391807556,0.4314148724079132,0.2561120688915252,0.5808514952659607,0.4136767089366913,0.3862992227077484,0.4374560415744781,0.7378790974617004,0.4310793876647949,0.2714911997318268,0.6104670763015747,0.9143462181091307,0.4386307299137115,0.2453715354204177,0.4421296715736389,0.5538235902786255,0.8304905295372009,0.4275354743003845,0.8463107347488403,0.0,0.0,0.0,0.0,0.0,0.0,0.0,0.0,0.4810202419757843,0.42398402094841
0.4774095118045807,0.2430805712938308,0.4971050918102264,0.221801146864891,0.4580104351043701,0.2214058339595794,0.525210976600647,0.2543578445911407,0.4296198785305023,0.2558826804161072,0.579536497592926,0.4130924344062805,0.3831263184547424,0.439097136259079,0.7375685572624207,0.4287770390510559,0.2620652914047241,0.6052507758140564,0.9102689623832704,0.4357176125049591,0.1966024935245514,0.4421281516551971,0.5529542565345764,0.8299278616905212,0.4269230961799621,0.8460372090339661,0.0,0.0,0.0,0.0,0.0,0.0,0.0,0.0,0.4792930781841278,0.4242050349712372
0.4727331101894378,0.2417836040258407,0.4920468032360077,0.2212762981653213,0.4531638622283935,0.2224528938531875,0.5213958024978638,0.2527989447116852,0.4248867034912109,0.2592524588108063,0.5776089429855347,0.4119786620140075,0.3778418898582458,0.4398746788501739,0.7383455038070679,0.4301461577415466,0.2519513964653015,0.5996732711791992,0.9078304171562196,0.4369875788688659,0.1445337980985641,0.4814274907112121,0.5501759648323059,0.8315216898918152,0.4257681965827942,0.8472395539283752,0.0,0.0,0.0,0.0,0.0,0.0,0.0,0.0,0.4758374989032745,0.4247102737426758
0.4699498116970062,0.2417898327112198,0.4898194670677185,0.221121683716774,0.4502697885036468,0.2230298519134521,0.5209320783615112,0.2522725760936737,0.4229567050933838,0.258951723575592,0.5780863165855408,0.409687727689743,0.3756945133209228,0.4398989677429199,0.7417472004890442,0.4290961325168609,0.2467653751373291,0.6015846133232117,0.907072126865387,0.4358897507190704,0.1154515594244003,0.5040525794029236,0.5484702587127686,0.8290456533432007,0.4236369431018829,0.8355697989463806,0.0,0.0,0.0,0.0,0.0,0.0,0.0,0.0,0.4751159250736236,0.424342930316925
0.464642733335495,0.2439422309398651,0.4852054417133331,0.2223177701234817,0.4440972506999969,0.2251032292842865,0.5177987813949585,0.2525545954704284,0.4187669157981872,0.2605687975883484,0.5770033597946167,0.4086820483207702,0.3728282451629638,0.4420671463012695,0.7542175650596619,0.4266159534454345,0.2514927089214325,0.6090342402458191,0.9109581112861632,0.4306865036487579,0.1305497884750366,0.5101221799850464,0.5479177236557007,0.8276219964027405,0.422964334487915,0.833886981010437,0.0,0.0,0.0,0.0,0.0,0.0,0.0,0.0,0.473697155714035,0.4248110353946686
0.4604151546955108,0.2463952749967575,0.4802627265453338,0.2226343303918838,0.4391688704490661,0.227373257279396,0.5146098136901855,0.2478478997945785,0.4152698516845703,0.2613950073719024,0.5690673589706421,0.4137246310710907,0.3757191002368927,0.4421295821666717,0.7224411368370056,0.4321004748344421,0.2681335508823395,0.6183875799179077,0.9049856066703796,0.4419492185115814,0.2471195757389068,0.4561421275138855,0.5446125864982605,0.8268430829048157,0.4209747016429901,0.8351479172706604,0.0,0.0,0.0,0.0,0.0,0.0,0.0,0.0,0.4713079035282135,0.426566869020462
0.4645423591136932,0.2475365847349167,0.4844632744789123,0.2237016260623932,0.4427053034305572,0.2289676219224929,0.5197402834892273,0.2526698410511017,0.4197035431861877,0.2633385956287384,0.5691361427307129,0.4159477651119232,0.3824701905250549,0.4384345710277557,0.7137290239334106,0.4375803768634796,0.276255190372467,0.6167868375778198,0.9009456038475036,0.4474181830883026,0.2689852118492126,0.4473507106304168,0.5457988381385803,0.8282960653305054,0.4218431413173675,0.8356712460517883,0.0,0.0,0.0,0.0,0.0,0.0,0.0,0.0,0.4748580753803253,0.4260319769382477
0.4651686251163482,0.2489141374826431,0.4850501716136932,0.2264202684164047,0.4424745440483093,0.2308181375265121,0.5175753831863403,0.257426917552948,0.4163961708545685,0.2669419348239898,0.5669093728065491,0.4181834161281585,0.3741346895694732,0.4442242681980133,0.7117387652397156,0.4417808949947357,0.2644578516483307,0.6186006665229797,0.8874310255050659,0.451337605714798,0.2369612902402877,0.4492876231670379,0.543300986289978,0.8182984590530396,0.4209831058979034,0.832784116268158,0.0,0.0,0.0,0.0,0.0,0.0,0.0,0.0,0.4700994193553924,0.4302127659320831
0.4663238525390625,0.2475974410772323,0.4854216277599334,0.2260244786739349,0.4449886679649353,0.2308277189731598,0.5176697373390198,0.2562274038791656,0.4200705587863922,0.2681501507759094,0.5678316354751587,0.4190347492694855,0.3725495934486389,0.4441710412502289,0.7148578763008118,0.444131076335907,0.2599299550056457,0.6103132963180542,0.8875449299812317,0.4538972079753876,0.1801743358373642,0.46933513879776,0.5433334708213806,0.8174765706062317,0.4230010211467743,0.8336853384971619,0.0,0.0,0.0,0.0,0.0,0.0,0.0,0.0,0.4706920683383941,0.4307720363140106
0.4743199348449707,0.2572413384914398,0.4918497204780578,0.2341935634613037,0.453949362039566,0.2379313260316848,0.5211194753646851,0.2650071978569031,0.4263772368431091,0.2744080424308777,0.5738992094993591,0.422910988330841,0.3821068704128265,0.4484419822692871,0.7326000928878784,0.449379414319992,0.2698908150196075,0.616411030292511,0.900723159313202,0.4577222764492035,0.1987225711345672,0.477575808763504,0.5499393939971924,0.8309277296066284,0.427657812833786,0.8469940423965454,0.0,0.0,0.0,0.0,0.0,0.0,0.0,0.0,0.4762769639492035,0.4339907765388489
0.4765786230564117,0.22041617333889,0.4963921904563904,0.1975525319576263,0.4568977057933807,0.1997764557600021,0.526862382888794,0.2305921465158462,0.4306127727031708,0.2395280301570892,0.5782803297042847,0.4075916707515716,0.371985912322998,0.4268980622291565,0.7124442458152771,0.4906941950321197,0.2699843645095825,0.6249857544898987,0.8606111407279968,0.5436046719551086,0.0976797193288803,0.5462216138839722,0.5474270582199097,0.831848680973053,0.4188709855079651,0.8334733247756958,0.0,0.0,0.0,0.0,0.0,0.0,0.0,0.0,0.4734516143798828,0.4171380698680877
0.4602341949939728,0.2143130451440811,0.4811620712280273,0.1892489343881607,0.4378063380718231,0.1958750486373901,0.5161879062652588,0.2243724167346954,0.4146197140216827,0.2372858673334121,0.5644048452377319,0.4052211344242096,0.3561615943908691,0.4237339794635772,0.7040286660194397,0.486029177904129,0.2465084642171859,0.6161702275276184,0.8427892327308655,0.5381366610527039,0.0802114158868789,0.5198527574539185,0.5375954508781433,0.8332716822624207,0.4048874676227569,0.8350739479064941,0.0,0.0,0.0,0.0,0.0,0.0,0.0,0.0,0.4601577818393707,0.4139507412910461
0.4529366493225097,0.2078917920589447,0.4732742607593536,0.1831602603197097,0.4296035468578338,0.190404325723648,0.5088019967079163,0.2207668572664261,0.4065665304660797,0.2363006919622421,0.5565198063850403,0.4010830521583557,0.3446501791477203,0.4159871935844421,0.6970710754394531,0.484217494726181,0.2313557565212249,0.6083099246025085,0.8379901647567749,0.5295053720474243,0.0676564946770668,0.5030603408813477,0.5183690786361694,0.826867401599884,0.3851003646850586,0.830550491809845,0.0,0.0,0.0,0.0,0.0,0.0,0.0,0.0,0.4486235678195953,0.4061637222766876
0.447574108839035,0.2108277231454849,0.4690561890602112,0.1861060410737991,0.4243292212486267,0.1900781244039535,0.5031719207763672,0.2231179922819137,0.3995888233184814,0.231431558728218,0.548851728439331,0.4002980887889862,0.3322183191776275,0.4104926884174347,0.6896004676818848,0.4804716408252716,0.2167225778102874,0.6015440225601196,0.8276837468147278,0.5218299627304077,0.0707204937934875,0.4736077487468719,0.507679283618927,0.8309198617935181,0.3715072572231293,0.8456941246986389,0.0,0.0,0.0,0.0,0.0,0.0,0.0,0.0,0.4394483566284179,0.4038293659687042
0.44569793343544,0.212413340806961,0.4673683047294616,0.1876520216464996,0.4237335324287414,0.1903183162212371,0.5000885725021362,0.2233896702528,0.3977326452732086,0.2294986397027969,0.5475009083747864,0.4011087119579315,0.3313347995281219,0.4119633734226227,0.6874789595603943,0.4791395366191864,0.2140556424856186,0.5993319749832153,0.8295844793319702,0.5205361843109131,0.094664953649044,0.4346707761287689,0.5119174718856812,0.8312129378318787,0.376905232667923,0.8460782766342163,0.0,0.0,0.0,0.0,0.0,0.0,0.0,0.0,0.438296377658844,0.4046916365623474
0.4481311738491058,0.2138884514570236,0.4692909121513366,0.1885250806808471,0.4253890812397003,0.1925045251846313,0.5028737783432007,0.2253015339374542,0.4008722901344299,0.234535351395607,0.5505055785179138,0.4013596177101135,0.3362739384174347,0.4096094071865082,0.6997556686401367,0.4697981476783752,0.2198337465524673,0.5926042795181274,0.8445286750793457,0.4997671544551849,0.1466464102268219,0.3936050236225128,0.5140137672424316,0.825920581817627,0.3829452693462372,0.8344829678535461,0.0,0.0,0.0,0.0,0.0,0.0,0.0,0.0,0.443708598613739,0.4038800895214081
0.4601386487483978,0.2180451303720474,0.4816572666168213,0.1937195062637329,0.4378869533538818,0.1975416988134384,0.5126575827598572,0.231475755572319,0.4123179316520691,0.237947478890419,0.5599097013473511,0.4048516154289245,0.352154016494751,0.4171627461910248,0.7073126435279846,0.4625391066074371,0.2300118058919906,0.5861751437187195,0.8588258624076843,0.4897625148296356,0.1868298053741455,0.3834670186042785,0.5309191346168518,0.8260860443115234,0.3998648226261139,0.8341740965843201,0.0,0.0,0.0,0.0,0.0,0.0,0.0,0.0,0.4561941921710968,0.40883669257164
0.4882241189479828,0.2255747467279434,0.5086153745651245,0.2038305103778839,0.4647228121757507,0.2027968317270279,0.5345333814620972,0.2395649701356887,0.4313428699970245,0.2392381280660629,0.5756891369819641,0.4082751870155334,0.3767549991607666,0.4186573624610901,0.7245898246765137,0.4573115706443786,0.2400918453931808,0.5721905827522278,0.8728944659233093,0.4801440238952636,0.2189754247665405,0.361527681350708,0.5434641242027283,0.8191013932228088,0.4181098341941833,0.8315882086753845,0.0,0.0,0.0,0.0,0.0,0.0,0.0,0.0,0.4750440120697021,0.4123636782169342
0.5070101022720337,0.2302952706813812,0.525280773639679,0.2100304067134857,0.4830124080181122,0.2064580768346786,0.5459802150726318,0.2444808483123779,0.4442600905895233,0.2415652424097061,0.5817114114761353,0.4088638424873352,0.3853337168693542,0.419501930475235,0.7281556129455566,0.4405468106269836,0.2495907247066497,0.5719729065895081,0.8794304132461548,0.4559969902038574,0.2426014095544815,0.3612352013587951,0.5479920506477356,0.8282191157341003,0.4226320385932922,0.8346258997917175,0.0,0.0,0.0,0.0,0.0,0.0,0.0,0.0,0.482320100069046,0.4140909314155578
0.5140500664710999,0.2348527908325195,0.5319696664810181,0.2157244682312011,0.4904098808765411,0.2110785245895385,0.5513648390769958,0.2473493814468383,0.4493730068206787,0.2422163486480713,0.5909534692764282,0.4048801064491272,0.3901892006397247,0.4183141887187958,0.7414460182189941,0.4203115999698639,0.2500472068786621,0.5670766830444336,0.8794382214546204,0.4162736535072326,0.2634133398532867,0.3541602194309234,0.5511725544929504,0.8296443819999695,0.4244206547737121,0.8354670405387878,0.0,0.0,0.0,0.0,0.0,0.0,0.0,0.0,0.4889558851718902,0.4117801189422607
0.4981309473514557,0.2322171777486801,0.5191335082054138,0.2097891271114349,0.47620290517807,0.2092694044113159,0.5496184229850769,0.2452413290739059,0.447245329618454,0.2464195787906646,0.5946161150932312,0.4028588831424713,0.3945797383785248,0.4192680716514587,0.7402759194374084,0.4090042412281036,0.2468552738428115,0.5593335032463074,0.882943332195282,0.4053395688533783,0.2824679911136627,0.3458249568939209,0.5544875860214233,0.8315573334693909,0.4246307015419006,0.8437834978103638,0.0,0.0,0.0,0.0,0.0,0.0,0.0,0.0,0.4928007125854492,0.4115265011787414
0.4951069951057434,0.2284364402294159,0.516101062297821,0.2051015347242355,0.4729441702365875,0.2070349156856537,0.5498030185699463,0.2417282164096832,0.4479632973670959,0.2477874457836151,0.5964151620864868,0.4026501178741455,0.3902485072612762,0.4140266478061676,0.7558270692825317,0.4114774167537689,0.2274499088525772,0.5218808054924011,0.9007622003555298,0.4060660004615783,0.2127197235822677,0.3079239726066589,0.5552945733070374,0.8314326405525208,0.4246266186237335,0.8350679278373718,0.0,0.0,0.0,0.0,0.0,0.0,0.0,0.0,0.4937386512756347,0.4073812365531921
0.4876820147037506,0.2226117402315139,0.5090088248252869,0.2005354464054107,0.4662275910377502,0.2037867605686187,0.542646586894989,0.239438459277153,0.4408419132232666,0.2442303448915481,0.593949019908905,0.4021823108196258,0.3845623433589935,0.413815975189209,0.7577759027481079,0.4167330861091614,0.2165453881025314,0.5160275101661682,0.9017619490623474,0.413947582244873,0.1720116585493087,0.3160211145877838,0.5466379523277283,0.8297686576843262,0.4152967035770416,0.8312433362007141,0.0,0.0,0.0,0.0,0.0,0.0,0.0,0.0,0.488250195980072,0.4060311317443847
0.4809830784797668,0.2238022983074188,0.5016445517539978,0.2002481371164322,0.4599886834621429,0.204223483800888,0.5343874096870422,0.2345134019851684,0.4349811971187591,0.2445527613162994,0.5853103399276733,0.4012592434883117,0.3790185451507568,0.4135611951351166,0.7559603452682495,0.4190719723701477,0.2138565629720688,0.5231707692146301,0.9041573405265808,0.4201142191886902,0.1891322433948516,0.3129966259002685,0.5404239892959595,0.8266456723213196,0.4060389101505279,0.828165590763092,0.0,0.0,0.0,0.0,0.0,0.0,0.0,0.0,0.4821737706661224,0.4048531353473663
0.4897785484790802,0.2212017774581909,0.5121693015098572,0.1980242729187011,0.4681686758995056,0.2029790729284286,0.5490983724594116,0.2376036792993545,0.4447660446166992,0.2449381798505783,0.600972592830658,0.3981453478336334,0.3905832171440124,0.4149623215198517,0.7763231992721558,0.4202459156513214,0.2359814494848251,0.5328454375267029,0.9228671789169312,0.4256598949432373,0.266022652387619,0.3245085775852203,0.5569291710853577,0.830891489982605,0.4173858165740967,0.8326151967048645,0.0,0.0,0.0,0.0,0.0,0.0,0.0,0.0,0.4947933852672577,0.4060843586921692
0.525830090045929,0.2350566536188125,0.5473958253860474,0.209906592965126,0.5066345930099487,0.214869275689125,0.5867654085159302,0.2420102059841156,0.4849832653999328,0.2529490888118744,0.6454471349716187,0.3985278904438019,0.4371609985828399,0.421513944864273,0.8241544365882874,0.4206589162349701,0.2794457077980041,0.5252366662025452,0.9804107546806335,0.4281566739082336,0.2277014255523681,0.3375806212425232,0.6009604334831238,0.8339691162109375,0.469825804233551,0.8337656855583191,0.0,0.0,0.0,0.0,0.0,0.0,0.0,0.0,0.5408536195755005,0.4140646755695343
0.5186694860458374,0.2359506636857986,0.5389465689659119,0.2142587155103683,0.499711811542511,0.21836818754673,0.5749918818473816,0.2506833970546722,0.4776358604431152,0.2592069506645202,0.6332960724830627,0.402325302362442,0.4263459742069244,0.4258789718151092,0.8116545081138611,0.4212522208690643,0.2815643548965454,0.5469077825546265,0.9641045331954956,0.4264120161533355,0.2966257631778717,0.3370030224323272,0.5934983491897583,0.8353497385978699,0.4598340094089508,0.8367272019386292,0.0,0.0,0.0,0.0,0.0,0.0,0.0,0.0,0.528693437576294,0.4182845652103424
0.5117171406745911,0.2408379316329956,0.5317571759223938,0.2177522927522659,0.4925404489040375,0.2211973369121551,0.5666019916534424,0.2519485056400299,0.4705946147441864,0.2555217742919922,0.621130645275116,0.4075967669486999,0.4207838177680969,0.4255812168121338,0.7818640470504761,0.4226488471031189,0.2785138189792633,0.5485343933105469,0.9539209008216858,0.427067369222641,0.3187691569328308,0.3576281368732452,0.5849421620368958,0.8324705958366394,0.452719897031784,0.834962010383606,0.0,0.0,0.0,0.0,0.0,0.0,0.0,0.0,0.5210332870483398,0.4202409386634826
0.5078643560409546,0.2397759407758712,0.5281809568405151,0.2179934531450271,0.4885024130344391,0.2218540906906128,0.562186598777771,0.2527251839637756,0.4653566479682922,0.2586832344532013,0.6156483292579651,0.406948059797287,0.4151399135589599,0.4260537624359131,0.7801343202590942,0.4251075387001037,0.27238729596138,0.5486182570457458,0.9507592916488647,0.4270648956298828,0.2997153401374817,0.3511098027229309,0.5789322257041931,0.8281399011611938,0.4453941285610199,0.8336539268493652,0.0,0.0,0.0,0.0,0.0,0.0,0.0,0.0,0.5143576860427856,0.4194029867649078
0.5089769959449768,0.2410790175199508,0.5287847518920898,0.2181188911199569,0.4889591634273529,0.2220729738473892,0.561572253704071,0.2505350410938263,0.4643619358539581,0.2597424983978271,0.6180235743522644,0.4060182869434356,0.4142322540283203,0.4272044003009796,0.7834533452987671,0.4229456484317779,0.2692830860614776,0.549974262714386,0.95004004240036,0.4247823357582092,0.2478639781475067,0.3494806587696075,0.5858172178268433,0.8309836983680725,0.4520826041698456,0.8362793922424316,0.0,0.0,0.0,0.0,0.0,0.0,0.0,0.0,0.515536904335022,0.4185532927513122
0.5116428136825562,0.2405418306589126,0.5315948128700256,0.2162367105484008,0.49165078997612,0.2212217003107071,0.5665977597236633,0.2481601238250732,0.4681641161441803,0.2577351033687591,0.6280995011329651,0.4049503207206726,0.4205658733844757,0.4301750361919403,0.806164562702179,0.4204374253749847,0.2729796767234802,0.5521695613861084,0.9580355286598206,0.4229693412780761,0.2026661485433578,0.3765415251255035,0.5924810767173767,0.8358393907546997,0.4589498341083526,0.8474227786064148,0.0,0.0,0.0,0.0,0.0,0.0,0.0,0.0,0.5242407321929932,0.4210955798625946
0.5165594220161438,0.2383981943130493,0.5364039540290833,0.2129206657409668,0.496310144662857,0.2198947519063949,0.573600172996521,0.2446487694978714,0.4735702574253082,0.2596072852611542,0.6346938014030457,0.4015964567661285,0.4263820648193359,0.4277847409248352,0.8135684132575989,0.4194760918617248,0.2723196148872375,0.5456506609916687,0.9634278416633606,0.4229611754417419,0.1518805921077728,0.3967824578285217,0.5987282395362854,0.8350638747215271,0.468031644821167,0.8466088175773621,0.0,0.0,0.0,0.0,0.0,0.0,0.0,0.0,0.531428873538971,0.4186891615390777
0.5244190096855164,0.2380267232656479,0.5435255169868469,0.2141013592481613,0.5044583678245544,0.2192671746015548,0.5793999433517456,0.2461948543787002,0.4802318215370178,0.2597280442714691,0.6404962539672852,0.3983258903026581,0.4340822994709015,0.4273957908153534,0.8232215046882629,0.4176441133022308,0.2730633914470672,0.5402494072914124,0.9789894819259644,0.4231915175914764,0.1137449368834495,0.4404675364494324,0.6047150492668152,0.8303831219673157,0.4754565358161926,0.8333040475845337,0.0,0.0,0.0,0.0,0.0,0.0,0.0,0.0,0.5395088195800781,0.4168681204319
0.5297892093658447,0.2383731752634048,0.5505149960517883,0.2131085693836212,0.5094166994094849,0.2185742855072021,0.5878917574882507,0.2433396875858307,0.4861180484294891,0.2554279267787933,0.648566722869873,0.3958858847618103,0.4392206072807312,0.4265573620796203,0.827782928943634,0.4167563915252685,0.2806388735771179,0.5358107686042786,0.9813494086265564,0.4212667942047119,0.1028077974915504,0.4882523119449615,0.6105340123176575,0.8263800740242004,0.4793815910816192,0.8287301063537598,0.0,0.0,0.0,0.0,0.0,0.0,0.0,0.0,0.54557865858078,0.4142620861530304
0.5358773469924927,0.2376722544431686,0.5575880408287048,0.2126345336437225,0.5151830315589905,0.2179509848356247,0.5938559770584106,0.2432008683681488,0.4906003475189209,0.2543219923973083,0.653562068939209,0.394857794046402,0.4418964385986328,0.4234551787376404,0.83233642578125,0.416811853647232,0.2784596085548401,0.5254722833633423,0.9820971488952636,0.4205542504787445,0.0924663990736007,0.5422539710998535,0.6133810877799988,0.8250505328178406,0.4786494672298431,0.8278959393501282,0.0,0.0,0.0,0.0,0.0,0.0,0.0,0.0,0.5489678978919983,0.4114602208137512
0.5440254807472229,0.2336483746767044,0.5646902322769165,0.2102158218622207,0.522944450378418,0.2151441276073455,0.5993021130561829,0.242388442158699,0.4972962439060211,0.2542733550071716,0.6575106978416443,0.3934734165668487,0.4456334114074707,0.4234936833381653,0.8436519503593445,0.4186228811740875,0.2928484380245209,0.5430417656898499,0.9910715222358704,0.4256285727024078,0.1054088398814201,0.5456600785255432,0.6188225150108337,0.8261245489120483,0.4835893809795379,0.8289456367492676,0.0,0.0,0.0,0.0,0.0,0.0,0.0,0.0,0.5528872609138489,0.4092107117176056
0.5509735941886902,0.2351563423871994,0.57085782289505,0.2112779170274734,0.528369665145874,0.2153470367193222,0.602916419506073,0.2403305768966674,0.5017014145851135,0.2501439154148102,0.6626225113868713,0.3933829367160797,0.4516237378120422,0.423526257276535,0.8458674550056458,0.4173626601696014,0.2991173863410949,0.5416329503059387,0.9910715222358704,0.4258358478546142,0.1209181025624275,0.4623897075653076,0.6224039793014526,0.8306571245193481,0.4865845739841461,0.8334603905677795,0.0,0.0,0.0,0.0,0.0,0.0,0.0,0.0,0.557830274105072,0.4092138111591339
0.5581663250923157,0.2345181256532669,0.5766322016716003,0.2108213007450103,0.533546507358551,0.2147571891546249,0.6089985966682434,0.2390380352735519,0.5061532855033875,0.2499388754367828,0.6666660308837891,0.3963785469532013,0.453680545091629,0.4235832691192627,0.8481807708740234,0.4205285012722015,0.3000120520591736,0.5344590544700623,0.9910714030265808,0.4291219711303711,0.1551921218633651,0.3927130699157715,0.6261924505233765,0.8323273658752441,0.4876168370246887,0.834610641002655,0.0,0.0,0.0,0.0,0.0,0.0,0.0,0.0,0.5612749457359314,0.4115867614746094
0.5633564591407776,0.232217401266098,0.581843912601471,0.2101489752531051,0.5384166836738586,0.21211838722229,0.6132088899612427,0.2404582351446151,0.5089880228042603,0.2506993114948272,0.6679140329360962,0.396808385848999,0.4562447369098663,0.4188638627529144,0.8481262922286987,0.4244304597377777,0.2986552715301513,0.5256590247154236,0.9910714030265808,0.4342193007469177,0.2041661888360977,0.3468585610389709,0.625778317451477,0.8302566409111023,0.487274169921875,0.831892192363739,0.0,0.0,0.0,0.0,0.0,0.0,0.0,0.0,0.5622419714927673,0.4085511863231659
0.5566012859344482,0.232972040772438,0.5764033198356628,0.2113854587078094,0.5326446890830994,0.212735965847969,0.608716607093811,0.2426965981721878,0.5039335489273071,0.249428316950798,0.6641291379928589,0.3969437479972839,0.4516712129116058,0.4172259867191314,0.842224657535553,0.4256617426872253,0.2949456870555877,0.5225698947906494,0.984653651714325,0.4388464093208313,0.2507168650627136,0.3220005929470062,0.6178715825080872,0.8286191821098328,0.4821129441261291,0.827142596244812,0.0,0.0,0.0,0.0,0.0,0.0,0.0,0.0,0.557979166507721,0.4075162410736084
0.5407668352127075,0.2302339822053909,0.5630291700363159,0.2101397514343261,0.5198455452919006,0.2098324596881866,0.5970844030380249,0.2491306364536285,0.4901053011417389,0.251338392496109,0.6525372266769409,0.3962722718715668,0.4365962445735931,0.4165071845054626,0.8290581107139587,0.421170711517334,0.286425769329071,0.52848881483078,0.9815213084220886,0.4294489026069641,0.2738562524318695,0.3140663206577301,0.6058546304702759,0.8322529196739197,0.4709662795066833,0.8331437706947327,0.0,0.0,0.0,0.0,0.0,0.0,0.0,0.0,0.5455889701843262,0.4093982279300689
0.5158457159996033,0.2297061532735824,0.5367580652236938,0.207323208451271,0.4942847192287445,0.2120912373065948,0.5733184814453125,0.2383894473314285,0.4696659445762634,0.2495904415845871,0.6319571137428284,0.3975925743579864,0.4213394224643707,0.4133984744548797,0.812689483165741,0.418477326631546,0.2734251022338867,0.5320212841033936,0.9649927020072936,0.4255630671977997,0.2815169394016266,0.325167566537857,0.5840128660202026,0.8345761895179749,0.4446286559104919,0.8442419767379761,0.0,0.0,0.0,0.0,0.0,0.0,0.0,0.0,0.525117814540863,0.4078363478183746
0.4569455087184906,0.2320999950170517,0.4773130118846893,0.2115773856639862,0.4354119300842285,0.2154476195573806,0.5102941989898682,0.2451665848493576,0.4127886891365051,0.2588187158107757,0.5642148852348328,0.4005687534809112,0.3595744967460632,0.4226921200752258,0.7373310327529907,0.4195112586021423,0.2124899476766586,0.5521230101585388,0.9067451357841492,0.4224065244197845,0.2464187890291214,0.341666042804718,0.5144510865211487,0.8284009695053101,0.3736536502838135,0.8268426060676575,0.0,0.0,0.0,0.0,0.0,0.0,0.0,0.0,0.461660236120224,0.4120908677577972
0.396453708410263,0.2329808324575424,0.4185995459556579,0.2106830030679702,0.3761456608772278,0.2124233394861221,0.4517312049865722,0.2429612129926681,0.3501798212528229,0.2497937232255935,0.5088533163070679,0.3984114825725555,0.2996697425842285,0.4244220852851867,0.6804858446121216,0.4237707257270813,0.1591969430446624,0.5571808218955994,0.8450183272361755,0.4300505518913269,0.1652255207300186,0.3417847752571106,0.4587532877922058,0.8370214104652405,0.3206571042537689,0.835204005241394,0.0,0.0,0.0,0.0,0.0,0.0,0.0,0.0,0.404648870229721,0.4137170612812042
0.3742114603519439,0.2353331893682479,0.3948531746864319,0.2113247215747833,0.3543761372566223,0.2165226489305496,0.4309251010417938,0.2440133541822433,0.3316475749015808,0.2581101059913635,0.4908015727996826,0.4057872891426086,0.2839153707027435,0.4251501262187958,0.661109983921051,0.4260392785072326,0.1423085182905197,0.5647292733192444,0.8199065923690796,0.4277315437793731,0.1010868698358535,0.363844633102417,0.4414078295230865,0.8461745977401733,0.3023081421852112,0.8488785028457642,0.0,0.0,0.0,0.0,0.0,0.0,0.0,0.0,0.3859423696994781,0.4183702170848846
0.3723672926425934,0.2366233319044113,0.3930782675743103,0.2128643244504928,0.3530183732509613,0.2178773134946823,0.4291927516460418,0.2454503625631332,0.3304713368415832,0.2583478391170501,0.4877545833587646,0.406097263097763,0.2799898684024811,0.4238162934780121,0.6528804898262024,0.4309355914592743,0.1358807981014251,0.566224992275238,0.8179922699928284,0.4324362576007843,0.0572083592414855,0.3754106163978576,0.4418107569217682,0.8433101773262024,0.3030305206775665,0.8461764454841614,0.0,0.0,0.0,0.0,0.0,0.0,0.0,0.0,0.383106529712677,0.4176137745380401
0.3738923370838165,0.2372850328683853,0.3942647278308868,0.2133984118700027,0.3553113341331482,0.2181292325258255,0.4305557310581207,0.2455890476703643,0.3327049911022186,0.2577973902225494,0.4894806444644928,0.4058696925640106,0.2803232073783874,0.4229419827461242,0.6536580324172974,0.4322226941585541,0.1339396983385086,0.5628424286842346,0.8187417984008789,0.4347936511039734,0.0089285718277096,0.4129460453987121,0.4453935027122497,0.8354301452636719,0.308284729719162,0.8455467820167542,0.0,0.0,0.0,0.0,0.0,0.0,0.0,0.0,0.38465616106987,0.4172416627407074
0.3730988502502441,0.2385843992233276,0.3934153914451599,0.2145925760269165,0.3547028005123138,0.218351736664772,0.4299464225769043,0.2469383031129837,0.3322758376598358,0.2559859454631805,0.4870695471763611,0.4073841869831085,0.2777035534381866,0.4219043850898742,0.6528881192207336,0.433566004037857,0.1379137337207794,0.5651892423629761,0.8168008923530579,0.4381418526172638,0.0089285718277096,0.5057500600814819,0.4432175159454345,0.8368251919746399,0.3048050999641418,0.8466132879257202,0.0,0.0,0.0,0.0,0.0,0.0,0.0,0.0,0.3820850849151611,0.4176211953163147
0.3653463423252105,0.2339540272951126,0.3866321742534637,0.2120954096317291,0.3461947739124298,0.2148585170507431,0.4197143018245697,0.2446153908967971,0.321042001247406,0.2536028623580932,0.4734130203723907,0.4059198796749115,0.2623528838157654,0.4214448928833008,0.6368348002433777,0.4344012439250946,0.1263506263494491,0.5682898163795471,0.8062862753868103,0.4424280822277069,0.0089285718277096,0.5610645413398743,0.4274292290210724,0.8353300094604492,0.2864078879356384,0.8328284621238708,0.0,0.0,0.0,0.0,0.0,0.0,0.0,0.0,0.3666609823703766,0.4151975512504577
0.3508477509021759,0.2291529476642608,0.3728916645050049,0.2069821208715438,0.3272512257099151,0.2082175016403198,0.4075991511344909,0.2426725476980209,0.3011319041252136,0.2482961565256118,0.4600369930267334,0.4025190770626068,0.2419464588165283,0.4213487207889557,0.6212406754493713,0.4364998340606689,0.1065699905157089,0.5740935206413269,0.7797032594680786,0.4520943164825439,0.0,0.0,0.4147540032863617,0.827966570854187,0.2720628082752228,0.8277824521064758,0.0,0.0,0.0,0.0,0.0,0.0,0.0,0.0,0.3511143624782562,0.4115182757377624
0.3503731191158294,0.2261697351932525,0.3728798925876617,0.2040209472179412,0.327730655670166,0.2040039747953415,0.4052310287952423,0.2414910048246383,0.300117552280426,0.2420997470617294,0.4572203159332275,0.4006453454494476,0.2374696284532547,0.4186344444751739,0.6180166006088257,0.4377705454826355,0.1026030778884887,0.5761288404464722,0.7774409651756287,0.4546123445034027,0.0,0.0,0.4143591821193695,0.8281947374343872,0.2714153230190277,0.8284441232681274,0.0,0.0,0.0,0.0,0.0,0.0,0.0,0.0,0.3468234241008758,0.4090151786804199
0.363688200712204,0.2255045026540756,0.3863881230354309,0.2032061517238617,0.3438027501106262,0.2045109719038009,0.4197891056537628,0.240781232714653,0.3152765333652496,0.2444228231906891,0.4723458886146545,0.4047591984272003,0.2538713812828064,0.4170141220092773,0.6334856152534485,0.435560405254364,0.1117169633507728,0.5616884827613831,0.7978084683418274,0.4516890347003937,0.0089285718277096,0.4852082431316376,0.4264613687992096,0.8350281119346619,0.2842008769512176,0.8346211314201355,0.0,0.0,0.0,0.0,0.0,0.0,0.0,0.0,0.3619929850101471,0.4120905101299286
0.3823647201061249,0.22266386449337,0.4019584655761719,0.2006306201219558,0.3610921502113342,0.2038009315729141,0.435680478811264,0.2356036752462387,0.3333968222141266,0.2448525130748748,0.4929971098899841,0.4036838710308075,0.2763276696205139,0.4150729477405548,0.6514529585838318,0.4358742237091064,0.1225596517324447,0.5517164468765259,0.8184593915939331,0.450734406709671,0.0114617263898253,0.382325142621994,0.4530089795589447,0.8453502058982849,0.3092604577541351,0.8470466732978821,0.0,0.0,0.0,0.0,0.0,0.0,0.0,0.0,0.3833791315555572,0.4123308360576629
0.4065782129764557,0.2324345260858535,0.4293734133243561,0.2089902311563491,0.3845636546611786,0.2112823873758316,0.4656123220920563,0.2404320240020752,0.3593845665454864,0.2487700432538986,0.5244450569152832,0.4031257331371307,0.309706836938858,0.422928899526596,0.6844801902770996,0.4391422569751739,0.1637769639492035,0.5489947199821472,0.8475014567375183,0.4518676698207855,0.1277719885110855,0.3499151766300201,0.4776095449924469,0.828737199306488,0.3389603197574615,0.8288578987121582,0.0,0.0,0.0,0.0,0.0,0.0,0.0,0.0,0.4179108142852783,0.4144286811351776
0.4139694273471832,0.2343830317258834,0.4359653294086456,0.2140057832002639,0.3916648030281067,0.2140410840511322,0.4698184430599212,0.2488837540149688,0.3648425042629242,0.2546348869800567,0.5252044200897217,0.4088937938213348,0.3129330277442932,0.426709234714508,0.6876062154769897,0.4465729296207428,0.1732166856527328,0.5538636445999146,0.8517376780509949,0.4555093944072723,0.1832850873470306,0.3444112241268158,0.478159099817276,0.8284938931465149,0.343301385641098,0.8296745419502258,0.0,0.0,0.0,0.0,0.0,0.0,0.0,0.0,0.4199051558971405,0.4206903278827667
0.4221173822879791,0.2488239109516143,0.4414467513561249,0.2255419194698333,0.3991987705230713,0.2283968180418014,0.4732309877872467,0.2585872709751129,0.3725211918354034,0.2692986130714416,0.5298148989677429,0.4149430692195892,0.3218122124671936,0.4356022179126739,0.6896633505821228,0.4521650373935699,0.2025335729122162,0.5639964938163757,0.8551298975944519,0.4564250409603119,0.1946355551481247,0.363044410943985,0.4839014708995819,0.8294298052787781,0.3480480015277862,0.8297877311706543,0.0,0.0,0.0,0.0,0.0,0.0,0.0,0.0,0.4270570874214172,0.4271697402000427
0.4415166676044464,0.2654900252819061,0.460157185792923,0.2432761639356613,0.4213952720165252,0.2496030479669571,0.49362713098526,0.2697645723819732,0.402949571609497,0.2875133156776428,0.5580373406410217,0.4266740977764129,0.3582129776477813,0.4501942694187164,0.7101730704307556,0.4592053294181824,0.2434501945972442,0.5845378637313843,0.8710545897483826,0.4583230316638946,0.1684048920869827,0.4216289222240448,0.5179322361946106,0.8162268996238708,0.3909171521663666,0.8278948068618774,0.0,0.0,0.0,0.0,0.0,0.0,0.0,0.0,0.4581380486488342,0.4390538334846496
0.4598692953586578,0.277549147605896,0.4775687158107757,0.2564776837825775,0.4400924742221832,0.2587811052799225,0.5087273716926575,0.2812054455280304,0.4169753491878509,0.2906965315341949,0.5649399161338806,0.4303565919399261,0.3728311359882355,0.4549064934253692,0.713589608669281,0.4609590172767639,0.2628152668476105,0.5897538065910339,0.868305504322052,0.4587500095367431,0.1247454658150672,0.49768728017807,0.5281217694282532,0.8138312697410583,0.4068562090396881,0.8176717162132263,0.0,0.0,0.0,0.0,0.0,0.0,0.0,0.0,0.4685445725917816,0.4420464038848877
0.4589264392852783,0.2825337648391723,0.4752034842967987,0.2605295479297638,0.4381590187549591,0.2641089260578155,0.5034251809120178,0.2838430106639862,0.4135907292366028,0.2968358993530273,0.5606668591499329,0.4331534206867218,0.3689179122447967,0.4591065943241119,0.7048215866088867,0.461733728647232,0.2603798508644104,0.5910523533821106,0.8575493693351746,0.4609460830688476,0.0974522233009338,0.5547179579734802,0.5252662897109985,0.8131301999092102,0.4050245583057403,0.8167456388473511,0.0,0.0,0.0,0.0,0.0,0.0,0.0,0.0,0.4650563299655914,0.445553719997406
0.4520274996757507,0.2857583463191986,0.4674830436706543,0.2633791267871856,0.4307688772678375,0.2671941816806793,0.4925869405269623,0.290153443813324,0.4043351709842682,0.3029050827026367,0.5516000390052795,0.4386006295681,0.3556923866271972,0.4677924811840057,0.6896519064903259,0.4638307094573974,0.2529427409172058,0.6013170480728149,0.8361531496047974,0.4644950926303863,0.0781692266464233,0.6285597085952759,0.5206897854804993,0.8122605085372925,0.4000560343265533,0.8156858086585999,0.0,0.0,0.0,0.0,0.0,0.0,0.0,0.0,0.4549958407878876,0.4519643783569336
0.4549073278903961,0.2938399314880371,0.4714346528053283,0.2717436254024505,0.4345968663692474,0.2754954695701599,0.4994873106479645,0.2980764806270599,0.4094762802124023,0.3090600073337555,0.5539711117744446,0.4436911046504974,0.3631153404712677,0.467339426279068,0.6909044981002808,0.4747569561004638,0.2607455551624298,0.5933974981307983,0.8336640000343323,0.4868731796741485,0.0944218039512634,0.6255592703819275,0.5196738839149475,0.8085480332374573,0.4024759232997894,0.8096536993980408,0.0,0.0,0.0,0.0,0.0,0.0,0.0,0.0,0.4582908749580383,0.4548283219337463
0.4650790691375732,0.2948391437530517,0.4817314147949219,0.2742902934551239,0.4458092153072357,0.2756005227565765,0.5087371468544006,0.3028693199157715,0.4203577637672424,0.3095195591449737,0.5563920140266418,0.4431381821632385,0.3752689957618713,0.4657752513885498,0.6962827444076538,0.4792144298553467,0.2704548239707947,0.5893992781639099,0.8401839137077332,0.4941186010837555,0.1003854870796203,0.5823466181755066,0.5255655646324158,0.8124599456787109,0.4112153351306915,0.8155356049537659,0.0,0.0,0.0,0.0,0.0,0.0,0.0,0.0,0.465555876493454,0.4547037482261657
0.4735853672027588,0.3025999665260315,0.493147075176239,0.2810182869434356,0.4541641175746918,0.2830688059329986,0.5221107602119446,0.3108428120613098,0.4302058219909668,0.3147203922271728,0.5633425116539001,0.4455123841762543,0.3865487277507782,0.4667252898216247,0.7067445516586304,0.4843257069587707,0.2776012420654297,0.5898095369338989,0.8437458872795105,0.4940813481807709,0.167833000421524,0.4734832346439361,0.5314378142356873,0.8094870448112488,0.4208845496177673,0.8161408305168152,0.0,0.0,0.0,0.0,0.0,0.0,0.0,0.0,0.4737701416015625,0.4566302299499511
0.4738523066043854,0.3053283989429474,0.4929206371307373,0.2846681773662567,0.4547247588634491,0.2860012650489807,0.5195199847221375,0.315348356962204,0.4310370087623596,0.3185595870018005,0.5610520243644714,0.4489693939685821,0.3881978690624237,0.4642967283725738,0.7065079808235168,0.488923043012619,0.2802579700946808,0.5768189430236816,0.8419460654258728,0.5009502172470093,0.2480261623859405,0.409390926361084,0.5292843580245972,0.8133655190467834,0.4179415106773376,0.8181365728378296,0.0,0.0,0.0,0.0,0.0,0.0,0.0,0.0,0.4734352529048919,0.457954078912735
0.4707412421703338,0.3072083592414856,0.4897131025791168,0.2870663106441498,0.451754629611969,0.2881680428981781,0.5159367322921753,0.3189087808132171,0.4272572696208954,0.3223589360713959,0.5582270622253418,0.4535180926322937,0.388844221830368,0.4664022326469421,0.705384373664856,0.4920096397399902,0.2756686806678772,0.5748704075813293,0.8373308181762695,0.503812849521637,0.2809512019157409,0.394587755203247,0.5251089334487915,0.8116163015365601,0.4133925437927246,0.8160224556922913,0.0,0.0,0.0,0.0,0.0,0.0,0.0,0.0,0.4715658128261566,0.4612060487270355
0.4779486954212188,0.3083682060241699,0.4964973032474518,0.2892400920391083,0.4610057473182678,0.2902998328208923,0.5232849717140198,0.3197888731956482,0.4402772486209869,0.3212265372276306,0.5717697739601135,0.4537982940673828,0.3971914947032928,0.4716925323009491,0.7083160281181335,0.4911123216152191,0.2913983762264251,0.570790708065033,0.8477061986923218,0.5047048926353455,0.3221435248851776,0.407729834318161,0.5363584756851196,0.8155860900878906,0.4236191809177398,0.8260465860366821,0.0,0.0,0.0,0.0,0.0,0.0,0.0,0.0,0.4822786152362823,0.4634020924568176
0.5037395358085632,0.3097465634346008,0.5225000381469727,0.2904483675956726,0.485145092010498,0.2923717796802521,0.5503655672073364,0.3188613057136535,0.4640977382659912,0.3258543610572815,0.5977590680122375,0.4521646797657013,0.4240886569023132,0.4734537303447723,0.7375922203063965,0.4851376712322235,0.3287542462348938,0.5897035002708435,0.8769810795783997,0.5002030730247498,0.3387463092803955,0.423899233341217,0.5578134655952454,0.8141928315162659,0.4497076570987701,0.826050877571106,0.0,0.0,0.0,0.0,0.0,0.0,0.0,0.0,0.5098003149032593,0.4622063040733337
0.5056458115577698,0.3113175928592682,0.5239825248718262,0.2912139892578125,0.4865360856056213,0.2935733199119568,0.5511773228645325,0.3166342377662658,0.4631356298923492,0.3238933384418487,0.5996153950691223,0.451711893081665,0.4226779043674469,0.4736694991588592,0.7408964037895203,0.4848692715167999,0.3374330401420593,0.609785258769989,0.879638671875,0.5028300285339355,0.301046758890152,0.4421670436859131,0.5638402104377747,0.8158759474754333,0.4565684497356415,0.8277851939201355,0.0,0.0,0.0,0.0,0.0,0.0,0.0,0.0,0.5102505087852478,0.4613730311393738
0.5028917193412781,0.3087113201618194,0.5213273763656616,0.2901895046234131,0.4829836785793304,0.2916774153709411,0.5480929017066956,0.3187509477138519,0.4583628475666046,0.3252077102661133,0.5945771932601929,0.4502236843109131,0.4151763319969177,0.4783055186271667,0.7402219772338867,0.4809357523918152,0.3305794596672058,0.617226243019104,0.8760677576065063,0.4968403279781341,0.2349796742200851,0.5061696171760559,0.5626489520072937,0.8160313367843628,0.454677015542984,0.8267353177070618,0.0,0.0,0.0,0.0,0.0,0.0,0.0,0.0,0.5039615035057068,0.4618761837482452
0.5036912560462952,0.3104205727577209,0.52117520570755,0.2901739478111267,0.4837472438812256,0.2939964830875397,0.5480598211288452,0.3164064884185791,0.4601201117038727,0.3275666832923889,0.5984659194946289,0.448094755411148,0.4190104305744171,0.4785123169422149,0.7391600012779236,0.4776499569416046,0.3392104804515838,0.6214538216590881,0.8764094710350037,0.4933142364025116,0.2218397706747055,0.5421472191810608,0.5680835247039795,0.8165294528007507,0.4587952196598053,0.8273220062255859,0.0,0.0,0.0,0.0,0.0,0.0,0.0,0.0,0.5079282522201538,0.4613273441791534
0.5331581234931946,0.3175240457057953,0.548770010471344,0.2971329391002655,0.5134525895118713,0.3042523860931396,0.5804309844970703,0.3212522864341736,0.4941007792949676,0.3397714495658874,0.6327767968177795,0.4521604180335998,0.4587317407131195,0.4856622517108917,0.769805908203125,0.4707506000995636,0.3798251748085022,0.6277738213539124,0.9215928316116332,0.4731550514698028,0.2463500052690506,0.5627923607826233,0.6100074052810669,0.8064457774162292,0.500085175037384,0.8099011778831482,0.0,0.0,0.0,0.0,0.0,0.0,0.0,0.0,0.5485469698905945,0.4683010876178741
0.5457602739334106,0.3227348625659942,0.5624053478240967,0.3001570105552673,0.5269256234169006,0.3069835603237152,0.5921245813369751,0.3247665464878082,0.5088860988616943,0.3404974937438965,0.6395845413208008,0.4526499807834625,0.4752465784549713,0.4836051166057586,0.7742634415626526,0.4678685367107391,0.3912744224071502,0.6145169138908386,0.9343724250793456,0.4675447940826416,0.3037292957305908,0.5036948323249817,0.6154424548149109,0.7989579439163208,0.5089834332466125,0.7993658185005188,0.0,0.0,0.0,0.0,0.0,0.0,0.0,0.0,0.5599316358566284,0.4692794382572174
0.5402340292930603,0.3257293701171875,0.557101845741272,0.3063512742519378,0.5217054486274719,0.3112852871417999,0.5855219960212708,0.3327870965003967,0.5013259649276733,0.3440455794334411,0.6325746178627014,0.4597362875938415,0.4689079821109772,0.4823118150234222,0.7691956162452698,0.4753107130527496,0.3750376105308532,0.5907579660415649,0.9115825891494752,0.4866177439689636,0.3566421568393707,0.4275595247745514,0.6069007515907288,0.8014809489250183,0.5016916990280151,0.8122214078903198,0.0,0.0,0.0,0.0,0.0,0.0,0.0,0.0,0.5513615012168884,0.4716661870479584
0.5384233593940735,0.3279868066310882,0.5554305911064148,0.3110822737216949,0.5208302140235901,0.3145507276058197,0.5834202170372009,0.3408214449882507,0.5000057816505432,0.3484948575496673,0.6292756199836731,0.4614872634410858,0.4675239026546478,0.4836027324199676,0.7617257833480835,0.482342392206192,0.3742829859256744,0.5757624506950378,0.902643382549286,0.4941661357879638,0.3914447128772735,0.4249555170536041,0.6028772592544556,0.8079612851142883,0.4974438548088074,0.8139726519584656,0.0,0.0,0.0,0.0,0.0,0.0,0.0,0.0,0.5492984652519226,0.4731465876102447
0.5418397784233093,0.3354054987430572,0.5573232769966125,0.3161800503730774,0.5249475836753845,0.322964459657669,0.5892871022224426,0.3406431674957275,0.509773850440979,0.3535332381725311,0.6373390555381775,0.462882250547409,0.4775545299053192,0.4887854754924774,0.7666515707969666,0.4829693436622619,0.388016015291214,0.5901602506637573,0.9045461416244508,0.493016630411148,0.4090147316455841,0.4416349232196808,0.610100269317627,0.7987650036811829,0.5058782696723938,0.8010517954826355,0.0,0.0,0.0,0.0,0.0,0.0,0.0,0.0,0.5590865612030029,0.4766913056373596
0.5260257124900818,0.3303941786289215,0.542183518409729,0.310903787612915,0.507790744304657,0.3164969384670257,0.5726701021194458,0.3334381282329559,0.4899469316005707,0.3488876223564148,0.6253841519355774,0.4612637162208557,0.45688596367836,0.490333080291748,0.7562838792800903,0.4831662774085998,0.3840034008026123,0.6250185966491699,0.8949444890022278,0.4934062063694,0.3199707567691803,0.5062612891197205,0.5972932577133179,0.8095450401306152,0.4948639571666717,0.8129628896713257,0.0,0.0,0.0,0.0,0.0,0.0,0.0,0.0,0.5406191349029541,0.4750593304634094
0.5171167254447937,0.3264184594154358,0.5340267419815063,0.3065846860408783,0.4995365440845489,0.3113982677459717,0.5626875162124634,0.3270938396453857,0.4798968732357025,0.3391143679618835,0.617476761341095,0.4569084942340851,0.4463216364383697,0.4898395240306854,0.7527948021888733,0.4792561531066894,0.381721168756485,0.6471363306045532,0.8862209916114807,0.4931108355522156,0.2854947745800018,0.558229386806488,0.5943697690963745,0.8098735213279724,0.4913694858551025,0.8140179514884949,0.0,0.0,0.0,0.0,0.0,0.0,0.0,0.0,0.5329142212867737,0.4723306596279144
0.521689236164093,0.3207879960536957,0.5379709601402283,0.2989067137241363,0.5021318197250366,0.3069596290588379,0.5673876404762268,0.3185727298259735,0.4820611178874969,0.3378801047801971,0.622489869594574,0.4512464702129364,0.4489130675792694,0.4891405701637268,0.7613353133201599,0.4726816117763519,0.3864818215370178,0.6566877961158752,0.903849184513092,0.485526829957962,0.2659833133220672,0.6265563368797302,0.6019548773765564,0.8086713552474976,0.4987458288669586,0.8132190108299255,0.0,0.0,0.0,0.0,0.0,0.0,0.0,0.0,0.5375950336456299,0.4683491587638855
0.52313631772995,0.3192788958549499,0.5403230786323547,0.2978282868862152,0.5045520663261414,0.3053138554096222,0.5740634202957153,0.317863792181015,0.4864425361156463,0.3356623351573944,0.6300066113471985,0.4489969909191131,0.4530001282691955,0.4871927201747894,0.7605458498001099,0.4721933007240295,0.3863146305084228,0.6581447720527649,0.9079893231391908,0.4859322905540466,0.2619557380676269,0.673619270324707,0.6094484329223633,0.8067898750305176,0.5034521222114563,0.8108638525009155,0.0,0.0,0.0,0.0,0.0,0.0,0.0,0.0,0.5427902936935425,0.4657982885837555
0.5358216166496277,0.3170263171195984,0.5519422292709351,0.2947290539741516,0.5157889127731323,0.3021385073661804,0.5836789011955261,0.3161971867084503,0.4961176216602325,0.3343196809291839,0.6351193189620972,0.448072612285614,0.4604971706867218,0.4870184063911438,0.7692990303039551,0.4731144905090332,0.3931815326213836,0.656990647315979,0.9190700650215148,0.4846940338611603,0.2781172692775726,0.6374683976173401,0.6147176027297974,0.806279182434082,0.5103626251220703,0.8098050355911255,0.0,0.0,0.0,0.0,0.0,0.0,0.0,0.0,0.5513643026351929,0.466626226902008
0.5411794781684875,0.3154499530792236,0.5589627623558044,0.2934159636497497,0.5222364068031311,0.3006752431392669,0.5917816162109375,0.3184919357299804,0.5041478872299194,0.3346109986305237,0.6411201357841492,0.4491127133369446,0.4715971052646637,0.4802804291248321,0.7747589945793152,0.4726689159870147,0.3946456015110016,0.6290450096130371,0.9282862544059752,0.4841553568840027,0.3248671591281891,0.5024482607841492,0.618451714515686,0.8018876910209656,0.5114622116088867,0.8085163831710815,0.0,0.0,0.0,0.0,0.0,0.0,0.0,0.0,0.5575384497642517,0.466122955083847
0.5471599698066711,0.3175269067287445,0.56509929895401,0.2963377833366394,0.5297373533248901,0.3019354045391083,0.5959926247596741,0.324895441532135,0.5131224989891052,0.3376116454601288,0.6457839608192444,0.4548169672489166,0.4801911413669586,0.4767188727855682,0.780324399471283,0.479173332452774,0.384459912776947,0.5840615034103394,0.9232486486434937,0.4941996932029724,0.382672518491745,0.4214456379413605,0.6177772879600525,0.8022362589836121,0.5115419030189514,0.8078979849815369,0.0,0.0,0.0,0.0,0.0,0.0,0.0,0.0,0.5637758374214172,0.4676533639431
0.5491572618484497,0.322761982679367,0.5669402480125427,0.3017470240592956,0.5313990116119385,0.307871401309967,0.5969972610473633,0.3317171931266784,0.5143536329269409,0.3455633223056793,0.6460229754447937,0.4595064520835876,0.4805273115634918,0.4823303818702698,0.7884095907211304,0.4863669872283935,0.3803742229938507,0.5752232670783997,0.9251564145088196,0.4988551139831543,0.4094557464122772,0.4251814782619476,0.6139780282974243,0.806832492351532,0.5085833072662354,0.80766361951828,0.0,0.0,0.0,0.0,0.0,0.0,0.0,0.0,0.5643073320388794,0.4725395143032074
0.5583388209342957,0.3270561695098877,0.5761846899986267,0.3087476789951324,0.5399811863899231,0.3114247024059295,0.6012821197509766,0.338125079870224,0.5196610689163208,0.3456988930702209,0.641910970211029,0.4639122188091278,0.4837447702884674,0.4780425429344177,0.7778070569038391,0.4898459911346435,0.375335693359375,0.5573129057884216,0.9164349436759948,0.5036516785621643,0.3857817947864532,0.4131901264190674,0.6128149628639221,0.7991328239440918,0.5101191401481628,0.7990431189537048,0.0,0.0,0.0,0.0,0.0,0.0,0.0,0.0,0.5639287829399109,0.4721481502056122
0.5611740946769714,0.3276396691799164,0.5781768560409546,0.3095434606075287,0.5425503849983215,0.3121291995048523,0.6018953323364258,0.3380627036094665,0.5215536952018738,0.3462294638156891,0.6437138319015503,0.4636803269386291,0.4798333346843719,0.4764500260353088,0.7774506211280823,0.4895345568656921,0.359346330165863,0.5491225123405457,0.9138857126235962,0.500634491443634,0.3248022496700287,0.4091696143150329,0.6133967041969299,0.797610878944397,0.5118592977523804,0.796262264251709,0.0,0.0,0.0,0.0,0.0,0.0,0.0,0.0,0.5639839172363281,0.4702002704143524
0.5628668665885925,0.3276794552803039,0.58011394739151,0.3101357817649841,0.5438569784164429,0.311017096042633,0.6020489931106567,0.3396407961845398,0.5191842317581177,0.3434420228004455,0.6395483613014221,0.4648924469947815,0.4749281108379364,0.4721760749816894,0.7715584635734558,0.4904429018497467,0.3449197709560394,0.5414866805076599,0.9022646546363832,0.5038245320320129,0.2504083514213562,0.4344748556613922,0.6118825078010559,0.800049364566803,0.5086526274681091,0.8003414869308472,0.0,0.0,0.0,0.0,0.0,0.0,0.0,0.0,0.5591737031936646,0.4679790139198303
0.5636305809020996,0.3233085572719574,0.579067051410675,0.306310087442398,0.5437666773796082,0.3056859076023102,0.5978986024856567,0.3360500335693359,0.5142748355865479,0.3366452157497406,0.6363485455513,0.4622127711772918,0.4674641788005829,0.4689354300498962,0.7698582410812378,0.4883796572685241,0.334317684173584,0.5335378646850586,0.8929659724235535,0.5008677244186401,0.2248111814260482,0.4238594174385071,0.6085711121559143,0.8011975288391113,0.5057639479637146,0.808351457118988,0.0,0.0,0.0,0.0,0.0,0.0,0.0,0.0,0.5529077649116516,0.4653520286083221
0.5623776316642761,0.3202118277549743,0.577728807926178,0.3035545647144317,0.5421329736709595,0.3022486865520477,0.5962068438529968,0.3348109722137451,0.5134349465370178,0.3323257565498352,0.6330242156982422,0.4600651562213897,0.4657752513885498,0.4606531262397766,0.7602073550224304,0.4911835193634033,0.3320392966270447,0.5165354013442993,0.880999743938446,0.5096119046211243,0.3375355899333954,0.3451651632785797,0.6092437505722046,0.8069485425949097,0.5030467510223389,0.8112395405769348,0.0,0.0,0.0,0.0,0.0,0.0,0.0,0.0,0.5491011738777161,0.4601634442806244
0.5666339993476868,0.3182043731212616,0.5826712250709534,0.3000368475914001,0.5468267798423767,0.2994780540466308,0.6032329797744751,0.333058089017868,0.5209108591079712,0.3315860629081726,0.638033390045166,0.4626666605472564,0.4715533554553985,0.4614128470420837,0.7605395317077637,0.4965150356292724,0.343154639005661,0.516184389591217,0.8832268118858337,0.5224169492721558,0.3646800816059112,0.3524885773658752,0.612743079662323,0.8086451292037964,0.5061293244361877,0.8100718259811401,0.0,0.0,0.0,0.0,0.0,0.0,0.0,0.0,0.556369423866272,0.4623293280601501
0.5718077421188354,0.3169107139110565,0.58976811170578,0.2992138862609863,0.5515369772911072,0.299470990896225,0.6147248148918152,0.3332874476909637,0.5255279541015625,0.3341768383979797,0.6443877220153809,0.4656388461589813,0.4762208759784698,0.4606648981571197,0.7635924220085144,0.4999612271785736,0.3430684208869934,0.5196319222450256,0.8872026205062866,0.5276207327842712,0.3168678283691406,0.3484781682491302,0.6178139448165894,0.8067843317985535,0.5095757842063904,0.8064804673194885,0.0,0.0,0.0,0.0,0.0,0.0,0.0,0.0,0.5607438087463379,0.4629765152931213
0.5671359300613403,0.3155230581760406,0.5842723250389099,0.298262745141983,0.548420786857605,0.2941597104072571,0.6028491854667664,0.3311333060264587,0.5199460983276367,0.3230938017368316,0.6348174214363098,0.4607993066310882,0.4659428000450134,0.4543311297893524,0.7550089955329895,0.4966457188129425,0.3225696682929992,0.511346161365509,0.8798828721046448,0.5227190256118774,0.2161825746297836,0.3823496401309967,0.6059346199035645,0.8096542954444885,0.4994541704654693,0.8111087679862976,0.0,0.0,0.0,0.0,0.0,0.0,0.0,0.0,0.5504480004310608,0.4571923613548279
0.5551920533180237,0.3090409338474273,0.5738703608512878,0.2935536205768585,0.5360779166221619,0.290020614862442,0.594168484210968,0.3268038630485534,0.5063396692276001,0.317548543214798,0.6257163286209106,0.4549476504325866,0.4557441174983978,0.4480331838130951,0.7443104982376099,0.4953139424324035,0.3099647462368011,0.5083087086677551,0.8714572191238403,0.5194997191429138,0.2142243832349777,0.3640433251857757,0.6001333594322205,0.8107142448425293,0.4928683936595917,0.8109130859375,0.0,0.0,0.0,0.0,0.0,0.0,0.0,0.0,0.5406474471092224,0.4504688382148742
0.5358231663703918,0.3036293983459472,0.5544911026954651,0.2881985306739807,0.5154748558998108,0.2857108414173126,0.578507125377655,0.3193814158439636,0.4853188395500183,0.31690713763237,0.6116860508918762,0.450345903635025,0.4338739216327667,0.4451186954975128,0.7380004525184631,0.4854435622692108,0.2916602492332458,0.500842809677124,0.8592449426651001,0.4998511373996734,0.2804279923439026,0.3259129822254181,0.5877639651298523,0.8135408759117126,0.4741759300231933,0.8170550465583801,0.0,0.0,0.0,0.0,0.0,0.0,0.0,0.0,0.5212578177452087,0.4481999278068542
0.5308860540390015,0.3047168254852295,0.547993004322052,0.2867235243320465,0.5096694827079773,0.2872587740421295,0.5746164321899414,0.312968760728836,0.4826582968235016,0.3156597316265106,0.6126703023910522,0.4491821229457855,0.4352574944496155,0.448485791683197,0.741997241973877,0.4688963294029236,0.2959769368171692,0.4938917160034179,0.8716239333152771,0.4654992222785949,0.3440320491790771,0.3213413059711456,0.587428629398346,0.8123579025268555,0.4736662209033966,0.8175905346870422,0.0,0.0,0.0,0.0,0.0,0.0,0.0,0.0,0.5214046835899353,0.4498434960842132
0.5498002171516418,0.3112160265445709,0.5679222345352173,0.2905127704143524,0.5300819277763367,0.2940807938575744,0.5955844521522522,0.3167811036109924,0.5088081955909729,0.3235933780670166,0.6357983350753784,0.4418801367282867,0.4635843336582184,0.4556436240673065,0.7588454484939575,0.446479320526123,0.3284975886344909,0.5184699296951294,0.9019460678100586,0.4329057037830353,0.3539810478687286,0.3529078364372253,0.608969509601593,0.8115807175636292,0.4981323778629303,0.8143013715744019,0.0,0.0,0.0,0.0,0.0,0.0,0.0,0.0,0.5507069230079651,0.4504608511924743
0.5731522440910339,0.3147740662097931,0.5907946228981018,0.2943108379840851,0.5532175898551941,0.2959012389183044,0.6177655458450317,0.3235129415988922,0.5283946990966797,0.3278286457061767,0.6588572263717651,0.4456300139427185,0.482893168926239,0.4618160128593445,0.7809405326843262,0.4408450722694397,0.3493750691413879,0.5201404690742493,0.9228113889694214,0.423154354095459,0.3137406408786773,0.3752738535404205,0.6303927302360535,0.8104309439659119,0.5154748558998108,0.8097782731056213,0.0,0.0,0.0,0.0,0.0,0.0,0.0,0.0,0.5729817152023315,0.4557178914546966
0.5890420079231262,0.319896250963211,0.6070697903633118,0.3008158206939697,0.5700703263282776,0.3012405037879944,0.6320739984512329,0.331043928861618,0.5428916215896606,0.3332858383655548,0.6740445494651794,0.4483121931552887,0.4982086718082428,0.4685815274715423,0.805275559425354,0.4449682235717773,0.3664004802703857,0.5211580395698547,0.9390222430229188,0.4293393492698669,0.2638871967792511,0.4187122881412506,0.6446419358253479,0.8065539598464966,0.5347064137458801,0.8067483305931091,0.0,0.0,0.0,0.0,0.0,0.0,0.0,0.0,0.5869558453559875,0.4595831334590912
0.5940199494361877,0.3202758133411407,0.6117319464683533,0.3027608394622803,0.5758719444274902,0.3030409812927246,0.63530433177948,0.3343596160411834,0.5492412447929382,0.3360424935817718,0.6768308281898499,0.453418105840683,0.5058048367500305,0.4688658118247986,0.8014439344406128,0.4617429673671722,0.3704420626163482,0.5132157206535339,0.9411875605583192,0.4551830589771271,0.3263741135597229,0.3617028892040252,0.6509774923324585,0.8083333373069763,0.5415656566619873,0.8082495331764221,0.0,0.0,0.0,0.0,0.0,0.0,0.0,0.0,0.5913940668106079,0.4620335698127746
0.5979340672492981,0.3220325410366058,0.6154783964157104,0.3016363084316253,0.579498291015625,0.3043601214885711,0.6424127221107483,0.3321647346019745,0.5566292405128479,0.3358189165592193,0.6803852319717407,0.4543000757694244,0.5160385370254517,0.4623190462589264,0.8104223012924194,0.472505509853363,0.3784465491771698,0.5064302086830139,0.9542874097824096,0.4832874834537506,0.4076738357543945,0.3471304476261139,0.6512737274169922,0.8015986680984497,0.5440426468849182,0.8064075112342834,0.0,0.0,0.0,0.0,0.0,0.0,0.0,0.0,0.597605288028717,0.4595799744129181
0.6059486269950867,0.3187107145786285,0.6227781176567078,0.3008195459842682,0.5879806280136108,0.3010692298412323,0.6484608054161072,0.3332526087760925,0.5631771087646484,0.3333745896816253,0.684229850769043,0.4533464908599853,0.5222748517990112,0.4618031680583954,0.813578188419342,0.4690496921539306,0.3865793645381927,0.510353147983551,0.9607909321784972,0.4760723710060119,0.4143749177455902,0.3500968813896179,0.6518459320068359,0.8090522885322571,0.5439547896385193,0.8013178706169128,0.0,0.0,0.0,0.0,0.0,0.0,0.0,0.0,0.6021217107772827,0.4589514136314392
0.6003350019454956,0.3203799426555633,0.6179951429367065,0.2996361553668976,0.5817008018493652,0.3026807606220245,0.6470972895622253,0.3300308585166931,0.5589379668235779,0.3351397812366485,0.6906105875968933,0.4482308328151703,0.5182667374610901,0.4682502746582031,0.8258376717567444,0.4449779689311981,0.3862252235412597,0.5369508862495422,0.9586419463157654,0.4329236447811126,0.3711927235126495,0.3880887329578399,0.6551833748817444,0.8121662735939026,0.5431622266769409,0.8111437559127808,0.0,0.0,0.0,0.0,0.0,0.0,0.0,0.0,0.6040221452713013,0.4586310386657715
0.5917879343032837,0.3186445236206054,0.6085883378982544,0.2987916767597198,0.5733321309089661,0.3025642037391662,0.634932816028595,0.3261626660823822,0.550219714641571,0.3343864381313324,0.682185709476471,0.4432656764984131,0.5107308030128479,0.4729483425617218,0.8137603402137756,0.4179666042327881,0.3880892097949981,0.5641241669654846,0.9550849795341492,0.3848989605903625,0.3225708901882171,0.4480333924293518,0.650821328163147,0.8095229268074036,0.5422710180282593,0.8090032935142517,0.0,0.0,0.0,0.0,0.0,0.0,0.0,0.0,0.5963295102119446,0.4592036604881286
0.5717765092849731,0.3183283507823944,0.5884291529655457,0.2961006462574005,0.5520436763763428,0.3015945553779602,0.617800772190094,0.3191923499107361,0.530829131603241,0.3338047862052917,0.668195903301239,0.4389048218727112,0.4949224293231964,0.4797436594963074,0.8073330521583557,0.4030303359031677,0.3762271404266357,0.5779981017112732,0.939309060573578,0.3653419017791748,0.3010963499546051,0.4637457728385925,0.6442155241966248,0.8105946779251099,0.5342180132865906,0.8122714161872864,0.0,0.0,0.0,0.0,0.0,0.0,0.0,0.0,0.58366858959198,0.460308313369751
0.5581544041633606,0.3139642775058746,0.5742500424385071,0.2922586798667907,0.5375939011573792,0.2973344922065735,0.6020780801773071,0.3183456063270569,0.5181530714035034,0.3331405222415924,0.6492666006088257,0.4409596920013428,0.4771447479724884,0.4709901511669159,0.7815155982971191,0.4184630811214447,0.3531542420387268,0.5539689660072327,0.9272851943969728,0.3801953196525574,0.3381811678409576,0.4043852388858795,0.6292862296104431,0.8157868385314941,0.5148580074310303,0.813983142375946,0.0,0.0,0.0,0.0,0.0,0.0,0.0,0.0,0.5660856366157532,0.4581188559532165
0.5556153059005737,0.3124512732028961,0.5722237825393677,0.2913895547389984,0.536148190498352,0.2960546910762787,0.5998608469963074,0.3177095949649811,0.5177903771400452,0.3299638330936432,0.6465041041374207,0.4439016282558441,0.4754633605480194,0.4685085117816925,0.7759914398193359,0.4400408267974853,0.3463809192180633,0.5348902344703674,0.9247929453849792,0.4220124781131744,0.3728702366352081,0.3752849996089935,0.6220151782035828,0.8158807158470154,0.5083427429199219,0.8248194456100464,0.0,0.0,0.0,0.0,0.0,0.0,0.0,0.0,0.5632789731025696,0.4580729007720947
0.5775789618492126,0.3096391856670379,0.5957023501396179,0.2871188819408417,0.5585647821426392,0.2913154065608978,0.6248566508293152,0.3194579184055328,0.535735547542572,0.3265365958213806,0.6661053895950317,0.4529942870140075,0.4937407076358795,0.4595785737037658,0.8119860887527466,0.4943557679653168,0.3647285103797912,0.5133634805679321,0.9526687860488892,0.5203235745429993,0.3815861344337463,0.3527704775333404,0.6354960203170776,0.8241423964500427,0.5229373574256897,0.8164777755737305,0.0,0.0,0.0,0.0,0.0,0.0,0.0,0.0,0.5799902677536011,0.4578680992126465
0.5940760374069214,0.3075582981109619,0.6114711165428162,0.2870336174964905,0.5768722891807556,0.2888459265232086,0.6417441964149475,0.3161067366600036,0.5572609305381775,0.3206786513328552,0.6752899885177612,0.4607512354850769,0.5091041326522827,0.4529967308044433,0.8146953582763672,0.5463937520980835,0.3764790892601013,0.5061806440353394,0.9496638178825378,0.6110142469406128,0.4272640347480774,0.3460842669010162,0.6429994702339172,0.8289117813110352,0.5278448462486267,0.8238921165466309,0.0,0.0,0.0,0.0,0.0,0.0,0.0,0.0,0.5910337567329407,0.4578879177570343
0.5862079858779907,0.3072991371154785,0.6033972501754761,0.2856826186180115,0.5687769055366516,0.289647102355957,0.6333894729614258,0.3140401840209961,0.5482741594314575,0.3236361443996429,0.6768202781677246,0.4539157748222351,0.504512369632721,0.4615338146686554,0.8212908506393433,0.500274658203125,0.3677494823932647,0.5209175944328308,0.9583976864814758,0.5314350724220276,0.2899060249328613,0.394939512014389,0.6447159051895142,0.8161140084266663,0.531455397605896,0.8135443925857544,0.0,0.0,0.0,0.0,0.0,0.0,0.0,0.0,0.5909104347229004,0.4587048590183258
0.5837288498878479,0.3081607818603515,0.6016207933425903,0.2860983908176422,0.5655391812324524,0.2904905676841736,0.6323387026786804,0.3150728344917297,0.5444537401199341,0.3248765766620636,0.674801230430603,0.4547123610973358,0.4988427758216858,0.462639570236206,0.8211607933044434,0.500008761882782,0.360652357339859,0.5156525373458862,0.958718717098236,0.5314845442771912,0.2446558326482772,0.4069516658782959,0.6435149312019348,0.8245801329612732,0.5294021964073181,0.8157848119735718,0.0,0.0,0.0,0.0,0.0,0.0,0.0,0.0,0.5870174765586853,0.4591780304908752
0.5882952809333801,0.3081656098365783,0.6049734354019165,0.2870261967182159,0.5702369809150696,0.2904815077781677,0.6336721181869507,0.3152241110801697,0.5475677251815796,0.3242484629154205,0.675525963306427,0.4565278887748718,0.5007486343383789,0.4616962969303131,0.8185490369796753,0.5060746073722839,0.3629621863365173,0.5105431079864502,0.9577168226242064,0.5406011939048767,0.2503460645675659,0.4030351042747497,0.6435829401016235,0.8240376710891724,0.5292280912399292,0.8143134117126465,0.0,0.0,0.0,0.0,0.0,0.0,0.0,0.0,0.5872960090637207,0.45967698097229
0.5878902077674866,0.3081565499305725,0.6046380400657654,0.2874316275119781,0.5704280138015747,0.2908471524715423,0.6333273649215698,0.3170364499092102,0.5489856004714966,0.3250884711742401,0.6737127304077148,0.4564642012119293,0.5012755990028381,0.4584768414497375,0.8158255815505981,0.5109149217605591,0.3655631244182586,0.5124371647834778,0.9535569548606871,0.5483710765838623,0.3464988172054291,0.34822878241539,0.6433414816856384,0.8251436352729797,0.5271223187446594,0.8148762583732605,0.0,0.0,0.0,0.0,0.0,0.0,0.0,0.0,0.5872765183448792,0.4587198197841644
0.5793672204017639,0.3082534372806549,0.597314178943634,0.2862729430198669,0.5612283945083618,0.2904211580753326,0.6275246739387512,0.3169787526130676,0.5397893190383911,0.3239031136035919,0.6657217144966125,0.4544207751750946,0.4931399226188659,0.4567060768604278,0.8099953532218933,0.5125856995582581,0.3641528189182281,0.5170270800590515,0.945377767086029,0.5512738227844238,0.3743464946746826,0.3557638823986053,0.6332348585128784,0.8232355117797852,0.5164647698402405,0.8124609589576721,0.0,0.0,0.0,0.0,0.0,0.0,0.0,0.0,0.5795288681983948,0.4568586647510528
0.4987452328205108,0.2604312002658844,0.520702064037323,0.2340539246797561,0.4782336056232452,0.2396732717752456,0.5620013475418091,0.2626143097877502,0.4584303796291351,0.2800736725330353,0.6196574568748474,0.4225066304206848,0.4231139719486236,0.4344851374626159,0.7719959020614624,0.4846164882183075,0.2940990030765533,0.5485137104988098,0.9255965352058412,0.5322461724281311,0.2281362116336822,0.3911460340023041,0.5829601883888245,0.8283344507217407,0.4618092477321625,0.8363966345787048,0.0,0.0,0.0,0.0,0.0,0.0,0.0,0.0,0.5207850337028503,0.4287442564964294
0.5038305521011353,0.2569118440151214,0.5254363417625427,0.2322548478841781,0.4838327467441559,0.2381260693073272,0.5636672377586365,0.2633327543735504,0.4623510241508484,0.2793409824371338,0.6227753758430481,0.42299684882164,0.4249196946620941,0.4341589510440826,0.776879608631134,0.4839453995227813,0.2953049540519714,0.5501546859741211,0.9312772750854492,0.5305951833724976,0.225828543305397,0.3953779637813568,0.5858093500137329,0.8309815526008606,0.4646086692810058,0.8444217443466187,0.0,0.0,0.0,0.0,0.0,0.0,0.0,0.0,0.524047315120697,0.4289512038230896
0.5065472722053528,0.2559912502765655,0.5278797745704651,0.230419173836708,0.4889373481273651,0.2357392460107803,0.5681129693984985,0.2572446465492248,0.4694108068943023,0.2709131240844726,0.6302282214164734,0.4211365878582001,0.4283067286014557,0.4361905455589294,0.7862752079963684,0.4840162396430969,0.2977762818336487,0.5494116544723511,0.9328365325927734,0.5311890840530396,0.1986826509237289,0.4164429605007171,0.5900648236274719,0.8316006064414978,0.471090018749237,0.8442229628562927,0.0,0.0,0.0,0.0,0.0,0.0,0.0,0.0,0.5294640064239502,0.4295364022254944
0.521781325340271,0.2551811039447784,0.5419957637786865,0.2327784299850464,0.5021848082542419,0.2387438267469406,0.5776690244674683,0.2643634378910064,0.4803731143474579,0.2785463035106659,0.6363173127174377,0.4245850443840027,0.4378129541873932,0.4377760887145996,0.784581184387207,0.4798707664012909,0.3013539314270019,0.536760151386261,0.9400622248649596,0.5258671641349792,0.2386416494846344,0.3650152087211609,0.5940671563148499,0.8320661783218384,0.474369466304779,0.8342447876930237,0.0,0.0,0.0,0.0,0.0,0.0,0.0,0.0,0.5371938347816467,0.4317544102668762
0.5251541137695312,0.2598209977149963,0.5455659031867981,0.2388081550598144,0.5063175559043884,0.2449296861886978,0.5846232175827026,0.2701595425605774,0.4877725541591644,0.284594714641571,0.6397215723991394,0.4325816631317138,0.4439268112182617,0.4384722411632538,0.7829926609992981,0.4922980368137359,0.3038670122623443,0.5277133584022522,0.9342851042747498,0.5382601618766785,0.3212361931800842,0.3423953652381897,0.5953426957130432,0.8319344520568848,0.4748561382293701,0.832870602607727,0.0,0.0,0.0,0.0,0.0,0.0,0.0,0.0,0.5420642495155334,0.4351628720760345
0.5301492214202881,0.2692201435565948,0.5500760674476624,0.2473058551549911,0.5129109025001526,0.253575712442398,0.5895482301712036,0.2795396149158478,0.4969044625759125,0.2919369339942932,0.6377285718917847,0.4380088746547699,0.4529942572116852,0.4450019299983978,0.7724871039390564,0.4974118769168854,0.3171306252479553,0.5373404622077942,0.9286972284317015,0.5456628203392029,0.3602984845638275,0.3610383868217468,0.5943710207939148,0.8265042901039124,0.4773053526878357,0.827315628528595,0.0,0.0,0.0,0.0,0.0,0.0,0.0,0.0,0.5446573495864868,0.4413487315177917
0.523108184337616,0.2703341841697693,0.5416248440742493,0.2525838911533355,0.5049439072608948,0.256272405385971,0.5738734006881714,0.2873567044734955,0.4849912822246551,0.2953042387962341,0.625843346118927,0.4400908946990967,0.4370932579040527,0.448284387588501,0.7614408731460571,0.497204840183258,0.3118775486946106,0.5452466607093811,0.9136756062507628,0.5430310964584351,0.3047633767127991,0.3806248605251312,0.5847097039222717,0.8180262446403503,0.4708037674427032,0.8282362222671509,0.0,0.0,0.0,0.0,0.0,0.0,0.0,0.0,0.531462550163269,0.4436702728271484
0.5105615258216858,0.2768917083740234,0.529556155204773,0.2588792741298675,0.4920461773872375,0.2623275816440582,0.5589028000831604,0.289917916059494,0.4716614782810211,0.3027354180812835,0.6155204176902771,0.4380519688129425,0.4269823729991913,0.4489470422267914,0.757405698299408,0.4804505705833435,0.2992549836635589,0.5426236391067505,0.9015290141105652,0.510933518409729,0.2484795600175857,0.3912291228771209,0.5780900120735168,0.813409686088562,0.4622626602649688,0.8256492018699646,0.0,0.0,0.0,0.0,0.0,0.0,0.0,0.0,0.5216895937919617,0.4426506459712982
0.5335586667060852,0.2836323380470276,0.5413004755973816,0.263979434967041,0.5091057419776917,0.2636612057685852,0.0,0.0,0.4648650586605072,0.2909928858280182,0.5974611639976501,0.4352100193500519,0.412184476852417,0.4585020840167999,0.7399066090583801,0.4502091109752655,0.2781510949134826,0.5426666736602783,0.8872187733650208,0.4485777914524078,0.1787042170763015,0.4153837859630584,0.5731561779975891,0.8252928853034973,0.4574978649616241,0.8362603783607483,0.0,0.0,0.0,0.0,0.0,0.0,0.0,0.0,0.5037164092063904,0.446594089269638
0.5310502648353577,0.2884315848350525,0.5402945876121521,0.268213152885437,0.5064123272895813,0.2678938210010528,0.0,0.0,0.4632948040962219,0.2963565289974212,0.5948559641838074,0.4324682056903839,0.4163865447044372,0.4594705998897552,0.741317093372345,0.4357522428035736,0.2887599170207977,0.5455285906791687,0.888757586479187,0.425990879535675,0.2326844632625579,0.3850812911987304,0.5715135931968689,0.8261496424674988,0.455467015504837,0.8337445855140686,0.0,0.0,0.0,0.0,0.0,0.0,0.0,0.0,0.5055079460144043,0.4457634389400482
0.5139386057853699,0.286440908908844,0.5318083167076111,0.2658090591430664,0.4947867095470428,0.270022839307785,0.5599272847175598,0.2916732728481293,0.4733094274997711,0.3038091957569122,0.6141477227210999,0.4391778111457824,0.4278963506221771,0.454717069864273,0.7549977898597717,0.4602480232715606,0.3049252331256866,0.5446037650108337,0.905937671661377,0.4572446644306183,0.3320026397705078,0.3747260570526123,0.5755748152732849,0.8179097175598145,0.4611497819423675,0.8291124105453491,0.0,0.0,0.0,0.0,0.0,0.0,0.0,0.0,0.5203092098236084,0.4475961327552795
0.5247275233268738,0.2867826521396637,0.5415981411933899,0.2657705247402191,0.5049988627433777,0.2695590257644653,0.5718539357185364,0.29523566365242,0.4812037944793701,0.3048863410949707,0.621245801448822,0.4411495625972748,0.4378247261047363,0.4540110230445862,0.7597528696060181,0.4622314274311065,0.3022769093513489,0.5354117155075073,0.9214791655540466,0.464897096157074,0.2385682761669159,0.3815907537937164,0.5828067064285278,0.8264434933662415,0.4693147540092468,0.8313469290733337,0.0,0.0,0.0,0.0,0.0,0.0,0.0,0.0,0.5292002558708191,0.4477133154869079
0.5266908407211304,0.2899929881095886,0.5445674061775208,0.267121285200119,0.5072543025016785,0.2699958682060241,0.5766332745552063,0.293013721704483,0.4831636846065521,0.3013589978218078,0.6271805763244629,0.4413031041622162,0.4387260973453522,0.4554076492786407,0.7597545385360718,0.4639468789100647,0.3018390834331512,0.5301021933555603,0.9211707711219788,0.4702414870262146,0.1902598291635513,0.4118220508098602,0.5874772667884827,0.8299919962882996,0.4726777970790863,0.8331214189529419,0.0,0.0,0.0,0.0,0.0,0.0,0.0,0.0,0.5319445729255676,0.4486144185066223
0.5382022857666016,0.2888900339603424,0.5546015501022339,0.2679870426654815,0.5167943239212036,0.2692908942699432,0.5808876156806946,0.2958561480045318,0.4879733622074127,0.3015975654125213,0.6277117133140564,0.4397798180580139,0.4395326673984527,0.456793338060379,0.7667731642723083,0.4616457819938659,0.304689884185791,0.5384026765823364,0.9242473244667052,0.4651784002780914,0.1933413445949554,0.4168272614479065,0.5890264511108398,0.8267031908035278,0.4739892482757568,0.8299375176429749,0.0,0.0,0.0,0.0,0.0,0.0,0.0,0.0,0.5327683687210083,0.4483652412891388
0.5491414666175842,0.2903614640235901,0.5640596747398376,0.2715565860271454,0.527664840221405,0.2686581611633301,0.5833775401115417,0.3002118170261383,0.4905498325824737,0.2939732372760772,0.6273384094238281,0.43906369805336,0.4398418068885803,0.4560524523258209,0.7613755464553833,0.4595444202423095,0.3057316839694977,0.5407654643058777,0.9232478141784668,0.4606800079345703,0.2463976442813873,0.380852460861206,0.5911886096000671,0.8282573819160461,0.4746817946434021,0.8310646414756775,0.0,0.0,0.0,0.0,0.0,0.0,0.0,0.0,0.5331717133522034,0.4471364915370941
0.5361582040786743,0.2868724465370178,0.5525510311126709,0.266819566488266,0.5147980451583862,0.2675613760948181,0.578679084777832,0.2937758564949035,0.4861671328544616,0.2978264689445495,0.6269335746765137,0.4374551475048065,0.4423693716526031,0.4576481282711029,0.7602876424789429,0.4576367437839508,0.3157979846000671,0.5511265397071838,0.9286026358604432,0.4568687975406647,0.3433102071285248,0.3825964629650116,0.5875604748725891,0.8264649510383606,0.4733624458312988,0.8301984667778015,0.0,0.0,0.0,0.0,0.0,0.0,0.0,0.0,0.5327013731002808,0.4478282034397125
0.528712272644043,0.2901591360569,0.5456991791725159,0.2676376700401306,0.5085693597793579,0.2713477313518524,0.5776998400688171,0.2927317023277282,0.4851772785186767,0.3043100833892822,0.6283870935440063,0.4356327056884765,0.4442233145236969,0.4587979316711426,0.7684817314147949,0.4447205662727356,0.3143451511859894,0.553745687007904,0.9372282028198242,0.4405253529548645,0.299445629119873,0.3806210458278656,0.5900232195854187,0.8305147290229797,0.4743570983409881,0.8326359391212463,0.0,0.0,0.0,0.0,0.0,0.0,0.0,0.0,0.5355491638183594,0.4478026032447815
0.5284759998321533,0.2911696434020996,0.5451973676681519,0.267844945192337,0.5085891485214233,0.2721353471279144,0.5778211951255798,0.2927376627922058,0.4858546555042267,0.3072409927845001,0.63031405210495,0.4334310889244079,0.4445437490940094,0.4601786136627197,0.7759586572647095,0.4370891153812408,0.3112454116344452,0.5503706336021423,0.9476826786994934,0.4266647398471832,0.2440843135118484,0.4018978476524353,0.5923618674278259,0.833916962146759,0.4759571552276611,0.8356608152389526,0.0,0.0,0.0,0.0,0.0,0.0,0.0,0.0,0.5368295907974243,0.4473007619380951
0.5244916081428528,0.2889122664928436,0.5411933660507202,0.2654743790626526,0.505408763885498,0.2712410986423492,0.5759754180908203,0.2891729176044464,0.4852843880653381,0.3055768311023712,0.6328681707382202,0.4319614768028259,0.4487030506134033,0.4613113701343536,0.8106691241264343,0.4335377812385559,0.3193982243537903,0.561541736125946,0.9797109961509703,0.428154706954956,0.2828779518604278,0.3994230628013611,0.595859706401825,0.8435813188552856,0.478128045797348,0.844109058380127,0.0,0.0,0.0,0.0,0.0,0.0,0.0,0.0,0.5391428470611572,0.4473522305488586
0.506411612033844,0.2741500437259674,0.5263000130653381,0.2537713944911957,0.4894085824489593,0.2581901252269745,0.562258780002594,0.2810420095920563,0.4730077385902405,0.2936650812625885,0.6184009313583374,0.4190667569637298,0.4376077055931091,0.4518530964851379,0.8099536299705505,0.4242233335971832,0.3161748945713043,0.5583269596099854,0.977974534034729,0.415349394083023,0.3057124316692352,0.3868143558502197,0.5711063742637634,0.8261933922767639,0.4559398293495178,0.8279532194137573,0.0,0.0,0.0,0.0,0.0,0.0,0.0,0.0,0.5282205939292908,0.4359962046146393
0.5087457895278931,0.2657361328601837,0.5277075171470642,0.2443010509014129,0.4912073612213135,0.2523140013217926,0.5673611164093018,0.272122174501419,0.4775474667549133,0.2934922575950622,0.6288542151451111,0.4136770665645599,0.4445180296897888,0.4491949081420898,0.8232384920120239,0.4216305911540985,0.3177767395973205,0.549763560295105,0.9808220863342284,0.4185757339000702,0.2738750576972961,0.3841536045074463,0.5813561081886292,0.8282402157783508,0.4653511047363281,0.8318665623664856,0.0,0.0,0.0,0.0,0.0,0.0,0.0,0.0,0.5366830825805664,0.4320681393146515
0.537661612033844,0.2657275199890136,0.5561935305595398,0.2399701625108719,0.5191541314125061,0.2482410967350006,0.5950579047203064,0.2664868533611297,0.5016843676567078,0.2856051325798034,0.6526567339897156,0.405393123626709,0.4755335450172424,0.4491991996765136,0.8467734456062317,0.400154560804367,0.3388581573963165,0.5461455583572388,0.9910714030265808,0.3924668729305267,0.2742056250572204,0.4048448503017425,0.6092179417610168,0.8288701176643372,0.4892439842224121,0.8257612586021423,0.0,0.0,0.0,0.0,0.0,0.0,0.0,0.0,0.5654411911964417,0.4288990199565887
0.5420817136764526,0.2587336897850036,0.5615306496620178,0.2340463250875473,0.525355339050293,0.2434145659208297,0.6020303964614868,0.2632536292076111,0.511599600315094,0.2839091718196869,0.6574292182922363,0.4022535979747772,0.4922561645507812,0.4457720816135406,0.8126354217529297,0.3943745195865631,0.3738784492015838,0.5612781643867493,0.0,0.0,0.3802102208137512,0.4074565470218658,0.615729808807373,0.8162042498588562,0.4997031390666961,0.8138652443885803,0.0,0.0,0.0,0.0,0.0,0.0,0.0,0.0,0.57485431432724,0.4291090071201324
0.5335742235183716,0.2591515779495239,0.5534299612045288,0.2343262135982513,0.5175269842147827,0.2417428195476532,0.5953806042671204,0.2635500729084015,0.5038564801216125,0.2823308110237121,0.6496031880378723,0.3978042304515838,0.4870911240577698,0.4486944675445556,0.7990509867668152,0.3885756433010101,0.3680220544338226,0.5666503310203552,0.9860104322433472,0.3689198493957519,0.331998735666275,0.4060202240943908,0.6036154627799988,0.8270512819290161,0.4909407198429107,0.8253224492073059,0.0,0.0,0.0,0.0,0.0,0.0,0.0,0.0,0.5676582455635071,0.4262722134590149
0.5060014724731445,0.2625893652439117,0.5253030061721802,0.240369439125061,0.4876559674739837,0.2479224205017089,0.5641794800758362,0.2675722539424896,0.4728892147541046,0.2892614006996155,0.6191774010658264,0.4023770987987518,0.4572094082832336,0.4578936100006103,0.7594347596168518,0.3836874067783355,0.3452048897743225,0.5725973844528198,0.9494935870170592,0.3478293120861053,0.3362112939357757,0.407027393579483,0.5830232501029968,0.8166723847389221,0.476716548204422,0.8260003924369812,0.0,0.0,0.0,0.0,0.0,0.0,0.0,0.0,0.537415087223053,0.4320153295993805
0.5092781782150269,0.2625047564506531,0.5297390818595886,0.2405382841825485,0.4906823635101318,0.2465735226869583,0.5684422254562378,0.2701738774776459,0.4737488627433777,0.2847422659397125,0.6166722178459167,0.4015752971172333,0.4579150974750519,0.4509058892726898,0.7629184722900391,0.379473865032196,0.3524714112281799,0.5748419165611267,0.9410943388938904,0.3418627083301544,0.3666822612285614,0.4107964038848877,0.5755432844161987,0.8180301785469055,0.4718534052371979,0.825111448764801,0.0,0.0,0.0,0.0,0.0,0.0,0.0,0.0,0.5363371968269348,0.4278583824634552
0.5176742076873779,0.2598149180412292,0.5367376208305359,0.2364690452814102,0.4988212883472442,0.2426509708166122,0.5736621022224426,0.2651436328887939,0.4804306626319885,0.2805821895599365,0.6228348016738892,0.4010265171527862,0.4588449895381927,0.4584206640720367,0.7904295325279236,0.3673648536205292,0.3473549485206604,0.5690823793411255,0.9574381113052368,0.3335312902927398,0.3014242351055145,0.4169555604457855,0.5872599482536316,0.825602114200592,0.4776133894920349,0.8285914063453674,0.0,0.0,0.0,0.0,0.0,0.0,0.0,0.0,0.5404370427131653,0.4309999346733093
0.5228351950645447,0.2565264403820038,0.5424960851669312,0.2334083616733551,0.5035186409950256,0.2389601171016693,0.578170120716095,0.2639533579349518,0.4838151931762695,0.2772640287876129,0.6300998330116272,0.4007466733455658,0.4594346880912781,0.4550532698631286,0.7801641821861267,0.3805415630340576,0.3397437930107116,0.5653883814811707,0.9619563817977904,0.3587890565395355,0.280519038438797,0.4173454344272613,0.5911225080490112,0.8333162665367126,0.4773560166358948,0.8436517715454102,0.0,0.0,0.0,0.0,0.0,0.0,0.0,0.0,0.5441755056381226,0.4293814301490783
0.5106808543205261,0.2558039724826813,0.531394898891449,0.2315156012773513,0.4907586872577667,0.2376842200756073,0.5685595870018005,0.2594703733921051,0.47102952003479,0.2767394185066223,0.6240654587745667,0.3955322206020355,0.4455966651439667,0.4512164890766144,0.8091902136802673,0.3914887309074402,0.3233670890331268,0.5796621441841125,0.9864684343338012,0.3836774528026581,0.3263661563396454,0.3926402628421783,0.5884116291999817,0.8325453400611877,0.4719631671905517,0.8434128761291504,0.0,0.0,0.0,0.0,0.0,0.0,0.0,0.0,0.5358400940895081,0.4251838624477386
0.489297866821289,0.2500537037849426,0.5091349482536316,0.2244092375040054,0.4676367938518524,0.231010302901268,0.5463355183601379,0.2578698992729187,0.4446776211261749,0.2749238908290863,0.6035889983177185,0.3961464464664459,0.4207828044891357,0.447785884141922,0.8084785342216492,0.3944428563117981,0.2897245585918426,0.5761154890060425,0.9811920523643494,0.3942779898643493,0.2932615280151367,0.3897655010223388,0.5629546046257019,0.8327458500862122,0.4364786446094513,0.8355549573898315,0.0,0.0,0.0,0.0,0.0,0.0,0.0,0.0,0.5127549767494202,0.4245695769786834
0.4339496195316314,0.2478727400302887,0.4548258483409881,0.2230144739151001,0.414663553237915,0.2279754877090454,0.4911019504070282,0.2524751722812652,0.3945492208003998,0.2653377950191498,0.5536141395568848,0.4008704125881195,0.3623848259449005,0.4429236352443695,0.7252389192581177,0.4072292745113373,0.2262579202651977,0.5675302147865295,0.9110148549079896,0.411243200302124,0.1582125574350357,0.3987961411476135,0.5234037637710571,0.8247724175453186,0.3908770382404327,0.8300009965896606,0.0,0.0,0.0,0.0,0.0,0.0,0.0,0.0,0.45989990234375,0.4217440485954284
0.4254195690155029,0.252824068069458,0.4456421732902527,0.2249774932861328,0.4030050933361053,0.2318930327892303,0.4827406108379364,0.2512513399124145,0.3834326267242431,0.2703133225440979,0.5466209650039673,0.4060916006565094,0.3488951325416565,0.4444682896137237,0.7106644511222839,0.4173614084720611,0.2166855484247207,0.573883593082428,0.8966379761695862,0.4220730364322662,0.1816175132989883,0.3816208839416504,0.5129643678665161,0.8145793080329895,0.3821830749511719,0.8280171155929565,0.0,0.0,0.0,0.0,0.0,0.0,0.0,0.0,0.4501610100269317,0.4253700077533722
0.4261904656887054,0.2518925666809082,0.4463518559932709,0.2259378731250763,0.4036252200603485,0.2310380786657333,0.4810642600059509,0.2547897398471832,0.380723088979721,0.268577516078949,0.5405895113945007,0.4093099236488342,0.3432986438274383,0.4443483054637909,0.7044124603271484,0.4315045177936554,0.2096925973892212,0.5756548643112183,0.8865064978599548,0.4343852698802948,0.2079314887523651,0.3824814856052398,0.5066141486167908,0.8258447051048279,0.3714089691638946,0.8285909295082092,0.0,0.0,0.0,0.0,0.0,0.0,0.0,0.0,0.443022757768631,0.4279926419258117
0.4382844567298889,0.485553115606308,0.4638572633266449,0.4597922265529632,0.4138136804103851,0.4618167877197265,0.5067238211631775,0.4929068982601166,0.3859386444091797,0.5020526051521301,0.5700237154960632,0.6551118493080139,0.329793244600296,0.6875520348548889,0.7339997291564941,0.7015787363052368,0.1730025261640548,0.8769321441650391,0.9076954126358032,0.7400981783866882,0.1654393970966339,0.6521686911582947,0.0,0.0,0.0,0.0,0.0,0.0,0.0,0.0,0.0,0.0,0.0,0.0,0.4517772197723388,0.6732583045959473
0.4292827248573303,0.4783582389354706,0.4540596008300781,0.4528818130493164,0.4039160311222076,0.4586207866668701,0.4942897260189056,0.4852492809295654,0.3749338090419769,0.5024002194404602,0.5606539845466614,0.6484707593917847,0.3225749135017395,0.6874266266822815,0.709577739238739,0.6938599348068237,0.163164347410202,0.8660397529602051,0.8950546979904175,0.7367514371871948,0.1293715089559555,0.6494349837303162,0.0,0.0,0.0,0.0,0.0,0.0,0.0,0.0,0.0,0.0,0.0,0.0,0.4423777759075165,0.6703037023544312
0.4153704941272735,0.4709242880344391,0.4377422034740448,0.4412806630134582,0.3881312906742096,0.4477119445800781,0.4784169197082519,0.4684561192989349,0.3591611683368683,0.4862805008888244,0.5433302521705627,0.6265906095504761,0.3123248517513275,0.6771703362464905,0.6951189637184143,0.6765971183776855,0.1518733501434326,0.8447214365005493,0.8810049891471863,0.7084034085273743,0.102267675101757,0.6358901858329773,0.0,0.0,0.0,0.0,0.0,0.0,0.0,0.0,0.0,0.0,0.0,0.0,0.4292044639587402,0.6559189558029175
0.4014813601970672,0.4635755121707916,0.4263485074043274,0.4346663355827331,0.3743238151073456,0.4418264925479889,0.4692630469799042,0.4626459181308746,0.3444101512432098,0.4825128614902496,0.5311156511306763,0.6169212460517883,0.2959980368614197,0.6756715774536133,0.6917657256126404,0.6485137343406677,0.135792851448059,0.8400815725326538,0.8692827224731445,0.6561212539672852,0.0898541063070297,0.6302669644355774,0.0,0.0,0.0,0.0,0.0,0.0,0.0,0.0,0.0,0.0,0.0,0.0,0.4149933457374573,0.6484376788139343
0.3801471889019012,0.447049468755722,0.4040262401103973,0.4167387187480926,0.353291779756546,0.4228785634040832,0.4443780779838562,0.4490049481391907,0.3220891058444977,0.4698770046234131,0.5129554271697998,0.6051191687583923,0.2654834687709808,0.6682755351066589,0.6857552528381348,0.6228812336921692,0.0911200195550918,0.8482589721679688,0.8694548606872559,0.6162237524986267,0.0666209235787391,0.594979465007782,0.0,0.0,0.0,0.0,0.0,0.0,0.0,0.0,0.0,0.0,0.0,0.0,0.3920940458774566,0.637006938457489
0.3653238713741302,0.4527783989906311,0.3915688097476959,0.4236993789672851,0.3379668593406677,0.4291825592517853,0.4336934089660644,0.4568523466587066,0.3081538379192352,0.4723780155181885,0.5040494203567505,0.612293541431427,0.254716157913208,0.6727432608604431,0.684511125087738,0.6418853402137756,0.0671264752745628,0.8576714396476746,0.8568501472473145,0.6444754004478455,0.0727638378739357,0.6030973196029663,0.0,0.0,0.0,0.0,0.0,0.0,0.0,0.0,0.0,0.0,0.0,0.0,0.3816416561603546,0.6444863677024841
0.3665657937526703,0.462383359670639,0.3907268345355987,0.4360148310661316,0.3407853543758392,0.4407780468463897,0.4318554997444153,0.4652278125286102,0.3130592405796051,0.4795516431331634,0.5053691864013672,0.6207946538925171,0.2570085227489471,0.6776785254478455,0.6719139814376831,0.6493571996688843,0.0737240463495254,0.8419411778450012,0.8516402840614319,0.6516085863113403,0.1240487843751907,0.6114811897277832,0.0,0.0,0.0,0.0,0.0,0.0,0.0,0.0,0.0,0.0,0.0,0.0,0.3826427459716797,0.6509199738502502
0.377228319644928,0.4635221660137176,0.4014554321765899,0.4370960593223572,0.3507091403007507,0.4415522217750549,0.4424830079078674,0.4686482846736908,0.3213078081607818,0.4817385971546173,0.5111263394355774,0.6215335130691528,0.2605539262294769,0.6712988615036011,0.681978166103363,0.662514328956604,0.085642822086811,0.8241977095603943,0.84880530834198,0.6720157265663147,0.118363045156002,0.6021243929862976,0.0,0.0,0.0,0.0,0.0,0.0,0.0,0.0,0.0,0.0,0.0,0.0,0.387808233499527,0.648468017578125
0.3904822170734405,0.4633219242095947,0.4149207174777984,0.4390893280506134,0.3661343455314636,0.4411203265190124,0.454272449016571,0.4749539494514465,0.3332952857017517,0.4798001646995544,0.5143104791641235,0.6248488426208496,0.2724969387054443,0.6665903925895691,0.6729394197463989,0.6713255643844604,0.0932022184133529,0.8068534135818481,0.8620930910110474,0.6890848278999329,0.0653651431202888,0.5795251727104187,0.0,0.0,0.0,0.0,0.0,0.0,0.0,0.0,0.0,0.0,0.0,0.0,0.3961855769157409,0.6476899981498718
0.3980841338634491,0.4681968688964844,0.4241085052490234,0.4434797763824463,0.3728754222393036,0.4453674852848053,0.4628003537654876,0.4797974526882171,0.3401248157024383,0.4842624068260193,0.5204468965530396,0.632871687412262,0.2786295413970947,0.6694989800453186,0.6767936944961548,0.6805581450462341,0.0972849130630493,0.7987210154533386,0.8617233037948608,0.705761730670929,0.0153444344177842,0.5828093886375427,0.0,0.0,0.0,0.0,0.0,0.0,0.0,0.0,0.0,0.0,0.0,0.0,0.402042418718338,0.6517986059188843
0.4087379872798919,0.472134381532669,0.4347957968711853,0.4478753507137298,0.3832137584686279,0.4481324553489685,0.4729262888431549,0.4842851758003235,0.3490894436836242,0.4850395023822784,0.5279620885848999,0.6380873322486877,0.2833954989910126,0.6705564260482788,0.687203049659729,0.6873737573623657,0.1010585874319076,0.7952360510826111,0.863585352897644,0.7169275879859924,0.0089285718277096,0.595830500125885,0.0,0.0,0.0,0.0,0.0,0.0,0.0,0.0,0.0,0.0,0.0,0.0,0.4089455604553222,0.6553298234939575
0.4157311618328094,0.4626668393611908,0.4399309158325195,0.4372486472129822,0.3897092044353485,0.4399074912071228,0.4775799214839935,0.4731814563274383,0.3545204102993011,0.4770936667919159,0.5314810872077942,0.6284462809562683,0.2943353056907654,0.6566603779792786,0.690203845500946,0.6834144592285156,0.1091607138514518,0.7897067666053772,0.8693012595176697,0.7170087099075317,0.0089285718277096,0.6015158295631409,0.0,0.0,0.0,0.0,0.0,0.0,0.0,0.0,0.0,0.0,0.0,0.0,0.4171421229839325,0.644091010093689
0.4190211594104767,0.4373137950897217,0.4429978728294372,0.4104733169078827,0.3940029442310333,0.4133895337581634,0.4797204136848449,0.4476568400859833,0.3611661791801452,0.4521390497684479,0.5317829847335815,0.6038156747817993,0.295363187789917,0.63032066822052,0.6876006722450256,0.6623416543006897,0.1206791624426841,0.7825188040733337,0.8688072562217712,0.7035578489303589,0.0146819669753313,0.5842055678367615,0.0,0.0,0.0,0.0,0.0,0.0,0.0,0.0,0.0,0.0,0.0,0.0,0.4152202308177948,0.6180806756019592
0.4317132830619812,0.4345287978649139,0.4564792215824127,0.4092024266719818,0.4072549939155578,0.4121824204921722,0.4944454133510589,0.4477261006832123,0.3740439713001251,0.4526108205318451,0.5502279996871948,0.6033363342285156,0.3172900080680847,0.6290658116340637,0.7060409784317017,0.6579487919807434,0.1463604420423507,0.7881435751914978,0.8896932601928711,0.6991301774978638,0.0890935212373733,0.5808167457580566,0.0,0.0,0.0,0.0,0.0,0.0,0.0,0.0,0.0,0.0,0.0,0.0,0.4352383613586426,0.6167094111442566
0.4594404995441437,0.4147059619426727,0.4815222918987274,0.3902842104434967,0.4357762038707733,0.3919148743152618,0.5204950571060181,0.4248464703559875,0.4072286188602447,0.429102212190628,0.5809341073036194,0.5882477164268494,0.3459890186786651,0.6024551391601562,0.7538377642631531,0.6465930938720703,0.1730788946151733,0.7611796259880066,0.9181888699531556,0.6821464896202087,0.1627966910600662,0.5408546924591064,0.5395513772964478,0.9910714030265808,0.0,0.0,0.0,0.0,0.0,0.0,0.0,0.0,0.0,0.0,0.4620904624462127,0.5978766083717346
0.4757277071475982,0.3959015011787414,0.4999209940433502,0.3703302443027496,0.4528263211250305,0.3743754029273987,0.5394880771636963,0.4133549034595489,0.4222666621208191,0.4172796607017517,0.5986455678939819,0.5798762440681458,0.3610199093818664,0.5851668119430542,0.7734304070472717,0.648307740688324,0.2030812054872512,0.7423039078712463,0.9428473114967346,0.6910167932510376,0.2095841318368911,0.5289837718009949,0.0,0.0,0.0,0.0,0.0,0.0,0.0,0.0,0.0,0.0,0.0,0.0,0.4792559444904327,0.5861788392066956
0.4908550679683685,0.420367419719696,0.5186960101127625,0.3978462219238281,0.469584971666336,0.3990043699741363,0.5593935251235962,0.4394629299640655,0.4412415325641632,0.4454824328422546,0.6193191409111023,0.6030044555664062,0.3772197365760803,0.6128979921340942,0.7891936302185059,0.6624929308891296,0.2108027040958404,0.7587752342224121,0.964042603969574,0.703893780708313,0.2313454300165176,0.54716956615448,0.0,0.0,0.0,0.0,0.0,0.0,0.0,0.0,0.0,0.0,0.0,0.0,0.499112457036972,0.6102859377861023
0.4999383091926574,0.4570070207118988,0.5266005396842957,0.4346042275428772,0.4785605370998382,0.4349885582923889,0.5703694224357605,0.4697782397270202,0.454576313495636,0.4718799889087677,0.6311839818954468,0.6330788731575012,0.3869282305240631,0.6454442739486694,0.8103785514831543,0.6768020391464233,0.2270653992891311,0.7843670845031738,0.9910714030265808,0.7041649222373962,0.2467311322689056,0.5882061719894409,0.0,0.0,0.0,0.0,0.0,0.0,0.0,0.0,0.0,0.0,0.0,0.0,0.5129342079162598,0.642029345035553
0.5011839866638184,0.4631523489952087,0.5284572243690491,0.4408850073814392,0.4785264134407043,0.4413095414638519,0.570074200630188,0.4782147109508514,0.4512758255004883,0.4801448881626129,0.6306642293930054,0.6320632100105286,0.3879441618919372,0.6549481749534607,0.8135342001914978,0.654420018196106,0.2369565218687057,0.8023322224617004,0.9910714030265808,0.666744589805603,0.2472743839025497,0.6003065705299377,0.0,0.0,0.0,0.0,0.0,0.0,0.0,0.0,0.0,0.0,0.0,0.0,0.5107561945915222,0.6464685797691345
0.4850151836872101,0.4573327004909515,0.5092164874076843,0.4294810891151428,0.4608371257781982,0.4359604716300964,0.5526010394096375,0.4620909094810486,0.4382712543010711,0.4777438342571258,0.6187707781791687,0.6141419410705566,0.3818160891532898,0.6499689817428589,0.8121262788772583,0.623541533946991,0.2234508693218231,0.8090530037879944,0.9814991354942322,0.6223384737968445,0.2293461263179779,0.6018129587173462,0.0,0.0,0.0,0.0,0.0,0.0,0.0,0.0,0.0,0.0,0.0,0.0,0.5029405951499939,0.6353910565376282
0.4735268652439117,0.4769560694694519,0.4984341561794281,0.4483636319637298,0.4480288326740265,0.4542673230171203,0.541597306728363,0.4787218272686004,0.4216065108776092,0.494695097208023,0.6123078465461731,0.629116952419281,0.3666246831417084,0.6692289710044861,0.8171118497848511,0.6207050085067749,0.2104758471250534,0.8299994468688965,0.9788178205490112,0.6106582880020142,0.1881382167339325,0.6077207326889038,0.0,0.0,0.0,0.0,0.0,0.0,0.0,0.0,0.0,0.0,0.0,0.0,0.4920465648174286,0.6537782549858093
0.466294914484024,0.4777101874351501,0.4902963936328888,0.4510987102985382,0.4387100338935852,0.4581022560596466,0.5339916348457336,0.4839069843292236,0.4115512073040008,0.5044959783554077,0.602724552154541,0.6290842890739441,0.3635216057300567,0.6746969223022461,0.8081582188606262,0.628191351890564,0.1994750648736953,0.8320639729499817,0.9618168473243712,0.6172111630439758,0.1419403254985809,0.624072253704071,0.0,0.0,0.0,0.0,0.0,0.0,0.0,0.0,0.0,0.0,0.0,0.0,0.4859137535095215,0.6556912064552307
0.4592598080635071,0.4695965647697449,0.4840313792228699,0.4402140080928802,0.4329471886157989,0.4478412270545959,0.5266451239585876,0.4721027314662933,0.4051251709461212,0.4898993074893951,0.5950319170951843,0.618216872215271,0.3559388518333435,0.6690372824668884,0.7788713574409485,0.6386564373970032,0.1900677680969238,0.8236569166183472,0.9599640965461732,0.6406973600387573,0.1094551011919975,0.6214378476142883,0.0,0.0,0.0,0.0,0.0,0.0,0.0,0.0,0.0,0.0,0.0,0.0,0.4786579310894012,0.6466223001480103
0.4530406296253204,0.460675448179245,0.4769698977470398,0.4309978783130646,0.4267739355564117,0.4389193058013916,0.5182300806045532,0.4608762264251709,0.3995878100395202,0.4831840395927429,0.5887765288352966,0.612317681312561,0.354497343301773,0.6633135676383972,0.7634839415550232,0.634290874004364,0.1754733622074127,0.8110319972038269,0.9606016278266908,0.6460198163986206,0.0928468853235244,0.6130069494247437,0.0,0.0,0.0,0.0,0.0,0.0,0.0,0.0,0.0,0.0,0.0,0.0,0.4731600880622864,0.6413490176200867
0.4456445276737213,0.4534099102020263,0.4704403579235077,0.4234004020690918,0.4212965965270996,0.4295971989631653,0.5127401947975159,0.4539248645305633,0.3949973583221435,0.4710501730442047,0.5838937163352966,0.6032905578613281,0.3507168292999267,0.6604146957397461,0.7605441212654114,0.623779296875,0.1686141192913055,0.8028440475463867,0.9519485235214232,0.6247554421424866,0.0777527540922164,0.6138702630996704,0.0,0.0,0.0,0.0,0.0,0.0,0.0,0.0,0.0,0.0,0.0,0.0,0.4666384756565094,0.6355828642845154
0.4324656426906585,0.4404435753822326,0.4553301334381103,0.4087576270103454,0.4075716137886047,0.4184142053127289,0.4959966838359833,0.4382678866386413,0.3792095482349396,0.4599246084690094,0.5688777565956116,0.5933193564414978,0.3402354121208191,0.6513178944587708,0.7570416331291199,0.6120931506156921,0.1584378331899643,0.7979022264480591,0.9536201357841492,0.6159210801124573,0.0785990506410598,0.6000389456748962,0.0,0.0,0.0,0.0,0.0,0.0,0.0,0.0,0.0,0.0,0.0,0.0,0.4530878067016601,0.625547468662262
0.4308547377586365,0.4477420747280121,0.454001247882843,0.4174432456493377,0.404615193605423,0.4263829588890075,0.4960827231407165,0.4494333863258362,0.3752227127552032,0.4669864475727081,0.5659803748130798,0.5975150465965271,0.3343225121498108,0.6575335264205933,0.746127188205719,0.6137471795082092,0.1620687693357467,0.8189101815223694,0.0,0.0,0.1527392417192459,0.5993329882621765,0.0,0.0,0.0,0.0,0.0,0.0,0.0,0.0,0.0,0.0,0.0,0.0,0.4503642618656158,0.6342064142227173
0.4312860369682312,0.4494462609291076,0.4551460742950439,0.4188031554222107,0.4053522646427154,0.4284426867961883,0.4999422132968902,0.45064377784729,0.3777494430541992,0.4696857035160064,0.5717201232910156,0.5979853868484497,0.3344735205173492,0.6593169569969177,0.7585275769233704,0.6172971725463867,0.1685888618230819,0.8287481069564819,0.9534000158309937,0.61770099401474,0.1919389218091964,0.5988569855690002,0.0,0.0,0.0,0.0,0.0,0.0,0.0,0.0,0.0,0.0,0.0,0.0,0.4521073997020721,0.6344792246818542
0.4353500306606293,0.4456455409526825,0.4607382416725158,0.4151698052883148,0.4098585546016693,0.4247066974639892,0.5059100389480591,0.4487124383449554,0.3848807513713836,0.4684901535511017,0.578791618347168,0.5965090990066528,0.3429889678955078,0.6556944251060486,0.7620114088058472,0.618000864982605,0.1768390834331512,0.8265761733055115,0.9522172808647156,0.6200002431869507,0.2138408571481704,0.600350558757782,0.0,0.0,0.0,0.0,0.0,0.0,0.0,0.0,0.0,0.0,0.0,0.0,0.4598461091518402,0.6319538950920105
0.4419861435890198,0.4464207291603088,0.4675144851207733,0.417537122964859,0.4169541299343109,0.4251844882965088,0.5112611651420593,0.4520129561424255,0.3934963345527649,0.4683114886283874,0.5827116966247559,0.5986636877059937,0.3466423153877258,0.6548156142234802,0.761448323726654,0.6146902441978455,0.1916872709989547,0.8276478052139282,0.9551066756248474,0.6173842549324036,0.2262855768203735,0.6046515703201294,0.0,0.0,0.0,0.0,0.0,0.0,0.0,0.0,0.0,0.0,0.0,0.0,0.4651293456554413,0.6304364204406738
0.4431616961956024,0.4532079398632049,0.4681318700313568,0.4233691692352295,0.4195916354656219,0.4292862117290497,0.5110658407211304,0.4580163657665252,0.3955654203891754,0.4706502258777618,0.5797291994094849,0.6009436249732971,0.349168062210083,0.6582207083702087,0.7612501382827759,0.6166979074478149,0.1926907300949096,0.8306778073310852,0.9550102949142456,0.6175317168235779,0.2107409089803695,0.6121568083763123,0.0,0.0,0.0,0.0,0.0,0.0,0.0,0.0,0.0,0.0,0.0,0.0,0.463016927242279,0.6347877383232117
0.4389476180076599,0.4473408162593841,0.4627432525157928,0.416508674621582,0.4151169955730438,0.4236835539340973,0.5046007633209229,0.4487864077091217,0.38889279961586,0.4660483002662658,0.5767386555671692,0.5954455137252808,0.346968799829483,0.6609305143356323,0.7567455172538757,0.6098326444625854,0.1818032562732696,0.8273598551750183,0.9583545923233032,0.6060701608657837,0.1706027239561081,0.6111951470375061,0.0,0.0,0.0,0.0,0.0,0.0,0.0,0.0,0.0,0.0,0.0,0.0,0.4600175023078918,0.633255660533905
0.4400259852409363,0.4442818164825439,0.4631945490837097,0.4143642485141754,0.4152901768684387,0.4223757088184356,0.5035049319267273,0.4439731240272522,0.3869895935058594,0.4664046168327331,0.5794421434402466,0.590162456035614,0.3486873209476471,0.6592172980308533,0.7629764676094055,0.600214958190918,0.1801771372556686,0.8148297071456909,0.961373805999756,0.5924234986305237,0.1153454631567001,0.6102761626243591,0.0,0.0,0.0,0.0,0.0,0.0,0.0,0.0,0.0,0.0,0.0,0.0,0.4632708430290222,0.6289145350456238
0.4425873160362243,0.4459191858768463,0.4661799371242523,0.4163616597652435,0.4177129566669464,0.4237345159053802,0.5080571174621582,0.4470845758914947,0.3915042281150818,0.4678275287151336,0.5823230743408203,0.5914424657821655,0.3513633906841278,0.6625075340270996,0.7714449763298035,0.6011959910392761,0.1763673275709152,0.8081521987915039,0.9608073830604552,0.595162034034729,0.0896409675478935,0.61546391248703,0.0,0.0,0.0,0.0,0.0,0.0,0.0,0.0,0.0,0.0,0.0,0.0,0.4663052260875702,0.6293383240699768
0.4438006281852722,0.4474711120128631,0.467598021030426,0.4177256524562835,0.419835478067398,0.4243421852588653,0.5108381509780884,0.4499663412570953,0.3943078815937042,0.4678651690483093,0.5828859210014343,0.5922300219535828,0.3514482975006103,0.6643164753913879,0.7724488973617554,0.6028046607971191,0.1761965304613113,0.8055590391159058,0.9609478712081908,0.5957517027854919,0.0763842687010765,0.6316989660263062,0.0,0.0,0.0,0.0,0.0,0.0,0.0,0.0,0.0,0.0,0.0,0.0,0.4668170511722564,0.6303471922874451
0.4450208246707916,0.4470658302307129,0.4684465229511261,0.417957454919815,0.420780599117279,0.4235261976718902,0.5104564428329468,0.450387954711914,0.393681526184082,0.466401070356369,0.5833564400672913,0.5920566320419312,0.3507264256477356,0.6638308763504028,0.7626094818115234,0.6028486490249634,0.1774153709411621,0.8080782294273376,0.9615044593811036,0.5967203378677368,0.0637149885296821,0.6400079131126404,0.0,0.0,0.0,0.0,0.0,0.0,0.0,0.0,0.0,0.0,0.0,0.0,0.4666978716850281,0.6304438710212708
0.4434356093406677,0.4473167359828949,0.4670261740684509,0.4177579283714294,0.4191540777683258,0.4243892133235931,0.5088869333267212,0.4474681913852691,0.3935489356517792,0.4663123488426208,0.5829067826271057,0.5878869295120239,0.3528841435909271,0.6587696075439453,0.7472502589225769,0.5957919955253601,0.181909441947937,0.8091759085655212,0.9605361819267272,0.590512752532959,0.0959933176636695,0.6181610226631165,0.0,0.0,0.0,0.0,0.0,0.0,0.0,0.0,0.0,0.0,0.0,0.0,0.4689610004425049,0.6272769570350647
0.4473860263824463,0.445153534412384,0.4703842997550964,0.4169001579284668,0.4221599400043487,0.4223182201385498,0.5115053057670593,0.4479124248027801,0.3944383561611175,0.4622266888618469,0.5844751000404358,0.5880483388900757,0.3545128405094147,0.6515048146247864,0.7471567988395691,0.6013714075088501,0.1821510344743728,0.8067785501480103,0.9615888595581056,0.59758460521698,0.1574176251888275,0.5956824421882629,0.0,0.0,0.0,0.0,0.0,0.0,0.0,0.0,0.0,0.0,0.0,0.0,0.4704688489437103,0.6244128346443176
0.4526757597923279,0.4428533017635345,0.4755423367023468,0.4153183102607727,0.4265308082103729,0.4201571345329284,0.51624596118927,0.4465372264385223,0.3977607190608978,0.4617129266262054,0.586848795413971,0.5868321657180786,0.3552500903606415,0.6487149596214294,0.7456768155097961,0.600752055644989,0.1825956404209137,0.8083986639976501,0.9629928469657898,0.5979165434837341,0.1910754442214965,0.5850462317466736,0.0,0.0,0.0,0.0,0.0,0.0,0.0,0.0,0.0,0.0,0.0,0.0,0.4723310172557831,0.6225776076316833
0.456106036901474,0.4409561455249786,0.4787876904010772,0.4122831523418426,0.4299492239952087,0.419821560382843,0.5216951370239258,0.4434179961681366,0.4055447280406952,0.4636172652244568,0.5939426422119141,0.5847832560539246,0.3597442805767059,0.6470274925231934,0.7471375465393066,0.590427815914154,0.2036798149347305,0.8102779388427734,0.977869153022766,0.5815668702125549,0.2303842455148697,0.5966955423355103,0.0,0.0,0.0,0.0,0.0,0.0,0.0,0.0,0.0,0.0,0.0,0.0,0.4762589633464813,0.6200225949287415
0.4574634730815887,0.4423545897006988,0.4800733625888824,0.4134661853313446,0.4306215345859527,0.4203147292137146,0.5217776298522949,0.4438805282115936,0.4052487909793854,0.4631817936897278,0.5959075093269348,0.585006058216095,0.3601102530956268,0.648936927318573,0.7591994404792786,0.5901880860328674,0.2059939354658126,0.8163222670555115,0.9799294471740724,0.5824916958808899,0.2358535379171371,0.6019712686538696,0.0,0.0,0.0,0.0,0.0,0.0,0.0,0.0,0.0,0.0,0.0,0.0,0.4776082932949066,0.6209883093833923
0.4573441445827484,0.4405877590179443,0.4799635708332062,0.412079781293869,0.430915504693985,0.4188127517700195,0.5214496850967407,0.4411462843418121,0.4054327011108398,0.4613667130470276,0.5965280532836914,0.5831261277198792,0.3606913387775421,0.6472054719924927,0.7602447867393494,0.5882039070129395,0.2097058743238449,0.8155499696731567,0.981445848941803,0.5819053649902344,0.2017693072557449,0.6001631021499634,0.0,0.0,0.0,0.0,0.0,0.0,0.0,0.0,0.0,0.0,0.0,0.0,0.4785262942314148,0.6185501217842102
0.4603145122528076,0.4451846480369568,0.4833177030086517,0.4162851870059967,0.4334120452404022,0.4233268201351166,0.5248419642448425,0.4445109069347381,0.4057915508747101,0.4680586457252502,0.5988966226577759,0.58303302526474,0.3631042540073395,0.6548300385475159,0.8095035552978516,0.5798598527908325,0.2070986330509185,0.8134340643882751,0.9841259121894836,0.5677143335342407,0.1400450021028518,0.6156644821166992,0.0,0.0,0.0,0.0,0.0,0.0,0.0,0.0,0.0,0.0,0.0,0.0,0.4819982349872589,0.6220672726631165
0.4595759809017181,0.4462491571903229,0.4827632904052734,0.4176540970802307,0.4329819977283478,0.4239082038402557,0.5246714353561401,0.4474426209926605,0.4049509167671203,0.4694599509239197,0.6004371643066406,0.5853040814399719,0.3619337379932403,0.6631540060043335,0.8082963824272156,0.5824600458145142,0.202916145324707,0.8184756636619568,0.9831830859184264,0.5688396096229553,0.0914007797837257,0.6348476409912109,0.0,0.0,0.0,0.0,0.0,0.0,0.0,0.0,0.0,0.0,0.0,0.0,0.4825003445148468,0.6267847418785095
0.4593331813812256,0.4484100341796875,0.482293039560318,0.4177923500537872,0.4319124817848205,0.4235408306121826,0.5220728516578674,0.4429068565368652,0.4022955894470215,0.4659947752952575,0.5992064476013184,0.5825787782669067,0.3610231876373291,0.6581911444664001,0.8250869512557983,0.5785821080207825,0.2007863372564315,0.8150978088378906,0.9910714030265808,0.5680996179580688,0.0765684098005294,0.6478668451309204,0.0,0.0,0.0,0.0,0.0,0.0,0.0,0.0,0.0,0.0,0.0,0.0,0.4803507030010223,0.622174084186554
0.4574465751647949,0.4459000527858734,0.4801976382732391,0.4163933098316192,0.430207759141922,0.4228225350379944,0.5220130681991577,0.4423893988132477,0.4015971720218658,0.4665079414844513,0.5992740988731384,0.582246720790863,0.3598091900348663,0.6578419804573059,0.7953695058822632,0.5771449208259583,0.2005436718463897,0.8192567825317383,0.984204888343811,0.5603041052818298,0.0890062302350997,0.6338715553283691,0.0,0.0,0.0,0.0,0.0,0.0,0.0,0.0,0.0,0.0,0.0,0.0,0.4789106845855713,0.6218885779380798
0.4556592106819153,0.4498143792152405,0.4781167507171631,0.4183602035045624,0.4296925067901611,0.4233157932758331,0.5189300179481506,0.4429593086242676,0.3996059596538543,0.4605920612812042,0.5972262620925903,0.5847314596176147,0.3560698330402374,0.6579787135124207,0.7944961190223694,0.5779606103897095,0.199649304151535,0.8220364451408386,0.9840161204338074,0.5605758428573608,0.1521177142858505,0.6121450662612915,0.0,0.0,0.0,0.0,0.0,0.0,0.0,0.0,0.0,0.0,0.0,0.0,0.4763515293598175,0.6263919472694397
0.4548000395298004,0.448994904756546,0.4779693484306335,0.4172732532024383,0.4281668365001678,0.4227337837219238,0.5200535655021667,0.443784087896347,0.4000394344329834,0.4626894891262054,0.5959845781326294,0.5855814814567566,0.3561747074127197,0.6537066698074341,0.7622365951538086,0.5829368829727173,0.2024724781513214,0.8230240941047668,0.9833949208259584,0.5662694573402405,0.2047419846057891,0.6018482446670532,0.0,0.0,0.0,0.0,0.0,0.0,0.0,0.0,0.0,0.0,0.0,0.0,0.4759359955787658,0.6241464614868164
0.4556755423545837,0.4423732161521911,0.478993147611618,0.4137212336063385,0.4278981685638428,0.4219951927661896,0.523223876953125,0.4422879815101623,0.4033565819263458,0.4667608737945556,0.5989292860031128,0.5853493809700012,0.3591305613517761,0.6553199887275696,0.8093363642692566,0.5792669057846069,0.2044751793146133,0.8245891332626343,0.9841733574867249,0.566037654876709,0.2338017523288726,0.6067740321159363,0.0,0.0,0.0,0.0,0.0,0.0,0.0,0.0,0.0,0.0,0.0,0.0,0.4782179892063141,0.6238357424736023
0.4613911509513855,0.4423635900020599,0.4847171008586883,0.4134731292724609,0.4339904189109802,0.4204861521720886,0.5258598923683167,0.4453802406787872,0.4073617458343506,0.46439129114151,0.5980754494667053,0.5866543650627136,0.3605190217494964,0.6520472168922424,0.7756739854812622,0.587465226650238,0.2059980630874633,0.8137820363044739,0.9811259508132936,0.5747278928756714,0.2472607195377349,0.5975266695022583,0.0,0.0,0.0,0.0,0.0,0.0,0.0,0.0,0.0,0.0,0.0,0.0,0.4783379137516022,0.6241366267204285
0.4632837474346161,0.4346593022346496,0.4870078265666961,0.407585084438324,0.4363069832324981,0.4108269214630127,0.5279606580734253,0.4427949786186218,0.4074908196926117,0.4563288986682892,0.5971888899803162,0.5815967917442322,0.3615793585777282,0.6412515044212341,0.760985255241394,0.5854979157447815,0.1881852447986602,0.7863931059837341,0.983426570892334,0.5730786919593811,0.208955243229866,0.578180193901062,0.0,0.0,0.0,0.0,0.0,0.0,0.0,0.0,0.0,0.0,0.0,0.0,0.4791875779628753,0.6142505407333374
0.4635988771915436,0.4319279491901397,0.4873574078083038,0.4050073623657226,0.4370633661746979,0.4069763720035553,0.5289344787597656,0.4393020570278168,0.4070507884025574,0.4517659842967987,0.5961630940437317,0.5798748731613159,0.3575391471385956,0.6360750198364258,0.8246358036994934,0.5785639882087708,0.1723383963108062,0.7395328283309937,0.98494154214859,0.5739215016365051,0.1891221702098846,0.5227778553962708,0.0,0.0,0.0,0.0,0.0,0.0,0.0,0.0,0.0,0.0,0.0,0.0,0.4790186882019043,0.6110309362411499
0.4630565643310547,0.4303377270698547,0.4873620867729187,0.4045546650886535,0.4381277859210968,0.404774010181427,0.528703510761261,0.4381268620491028,0.4070982336997986,0.4443033337593078,0.5938733816146851,0.5787278413772583,0.3523898422718048,0.625238299369812,0.7752746939659119,0.5816782712936401,0.1637773364782333,0.6748608946800232,0.9832913279533386,0.5723494291305542,0.1588709503412246,0.4468514621257782,0.0,0.0,0.0,0.0,0.0,0.0,0.0,0.0,0.0,0.0,0.0,0.0,0.474160224199295,0.6022753715515137
0.4625713229179382,0.4307944178581238,0.4860760867595672,0.4045059978961944,0.4363448321819305,0.4059772789478302,0.5262830853462219,0.4375511109828949,0.4041526913642883,0.4473038613796234,0.5938215255737305,0.5787262916564941,0.3495766520500183,0.6280543208122253,0.7626684904098511,0.5809365510940552,0.1586715430021286,0.6726599931716919,0.0,0.0,0.1054543852806091,0.4556924402713775,0.0,0.0,0.0,0.0,0.0,0.0,0.0,0.0,0.0,0.0,0.0,0.0,0.4735556542873382,0.6032247543334961
0.4599522948265075,0.4269675314426422,0.4840007126331329,0.4013893902301788,0.4345737993717193,0.4029270112514496,0.5244583487510681,0.4340102970600128,0.4030764400959015,0.4446407854557037,0.5878289341926575,0.5766192674636841,0.3463621437549591,0.6294803619384766,0.7491922974586487,0.5774192214012146,0.1563954055309295,0.6825581192970276,0.9835478067398072,0.5623219609260559,0.0726680606603622,0.4701724052429199,0.0,0.0,0.0,0.0,0.0,0.0,0.0,0.0,0.0,0.0,0.0,0.0,0.4699591696262359,0.602790355682373
0.4533925950527191,0.423782616853714,0.4759213924407959,0.3964014053344726,0.4271312057971954,0.4011488854885101,0.5193703770637512,0.4258899092674255,0.3992593288421631,0.4409379065036773,0.5846659541130066,0.5726798176765442,0.3458284735679626,0.6238260269165039,0.8227500915527344,0.5680477619171143,0.1540634632110595,0.6721964478492737,0.9843840003013612,0.553061842918396,0.1348577737808227,0.4487548470497131,0.0,0.0,0.0,0.0,0.0,0.0,0.0,0.0,0.0,0.0,0.0,0.0,0.468172162771225,0.6001635789871216
0.45257169008255,0.4242969453334808,0.4758657813072204,0.3967362940311432,0.4260193705558777,0.4007858633995056,0.5196434855461121,0.4263103008270263,0.397552341222763,0.4406177103519439,0.5825490951538086,0.5727939605712891,0.3430002629756927,0.6227097511291504,0.8216575384140015,0.5686601996421814,0.1543968021869659,0.6642499566078186,0.983911156654358,0.5560138821601868,0.1824236065149307,0.4444917738437652,0.0,0.0,0.0,0.0,0.0,0.0,0.0,0.0,0.0,0.0,0.0,0.0,0.465118259191513,0.6002588272094727
0.4574544727802276,0.4242446720600128,0.4818720817565918,0.397454559803009,0.431388109922409,0.3994779884815216,0.5218361020088196,0.4316951334476471,0.4008745551109314,0.4420979022979736,0.5828875303268433,0.5739912390708923,0.3426133096218109,0.621610164642334,0.7488061785697937,0.5737547278404236,0.1528120934963226,0.6487998366355896,0.0,0.0,0.2243310362100601,0.4500850737094879,0.0,0.0,0.0,0.0,0.0,0.0,0.0,0.0,0.0,0.0,0.0,0.0,0.4652005136013031,0.6011785864830017
0.4581875205039978,0.4233653247356415,0.4821676313877105,0.3969197869300842,0.4330925345420837,0.3976780772209167,0.5220809578895569,0.432295948266983,0.4020342826843261,0.4392174780368805,0.5828436017036438,0.5730976462364197,0.3433634638786316,0.6190320253372192,0.7494675517082214,0.5726844668388367,0.1530066877603531,0.6397987008094788,0.0,0.0,0.2304833084344864,0.443547248840332,0.0,0.0,0.0,0.0,0.0,0.0,0.0,0.0,0.0,0.0,0.0,0.0,0.465588629245758,0.599583089351654
0.4561603367328644,0.4207340180873871,0.4811165630817413,0.3942966163158417,0.429947167634964,0.3956927955150604,0.5222114324569702,0.4268513321876526,0.3984582126140594,0.4374692440032959,0.5826470255851746,0.5697560906410217,0.3419887125492096,0.6179624199867249,0.8254252672195435,0.5641641020774841,0.1558746844530105,0.6476268172264099,0.984482765197754,0.5487679839134216,0.2013811916112899,0.4444247186183929,0.0,0.0,0.0,0.0,0.0,0.0,0.0,0.0,0.0,0.0,0.0,0.0,0.46470907330513,0.5983359217643738
0.4521549046039581,0.4122515022754669,0.4771619439125061,0.3856662809848785,0.4259450435638428,0.3884326815605163,0.5199360847473145,0.4176890552043915,0.3969176113605499,0.4286366403102875,0.5835544466972351,0.5643858313560486,0.3433521389961242,0.6165980696678162,0.8135231137275696,0.5556384325027466,0.1561298072338104,0.6546050906181335,0.9821151494979858,0.5448017716407776,0.1676689386367797,0.4401141107082367,0.0,0.0,0.0,0.0,0.0,0.0,0.0,0.0,0.0,0.0,0.0,0.0,0.4650165736675262,0.5944890975952148
0.4497734904289245,0.3987469971179962,0.472839742898941,0.370452731847763,0.4243198931217193,0.374877005815506,0.5129244923591614,0.4017367959022522,0.3958583474159241,0.4175115525722503,0.5815166234970093,0.5466446876525879,0.3441205620765686,0.5993815064430237,0.8219924569129944,0.5377290844917297,0.1558412611484527,0.6527734994888306,0.9848161935806274,0.5259891152381897,0.1322119981050491,0.4367298483848572,0.0,0.0,0.0,0.0,0.0,0.0,0.0,0.0,0.0,0.0,0.0,0.0,0.4636476039886474,0.5769650340080261
0.4424438178539276,0.34830242395401,0.4667800068855285,0.3208086490631103,0.4194788634777069,0.3257218301296234,0.5109124779701233,0.3537407517433166,0.3957452774047851,0.3727839887142181,0.5757346749305725,0.4939203262329101,0.3478403389453888,0.5561734437942505,0.8127102851867676,0.4850201308727264,0.1658371835947036,0.6419113278388977,0.983378529548645,0.4735325872898102,0.1077369973063469,0.4229812324047088,0.5589844584465027,0.9910715222358704,0.4027712941169739,0.9910714030265808,0.0,0.0,0.0,0.0,0.0,0.0,0.0,0.0,0.459457129240036,0.531426727771759
0.4187889695167541,0.1739411205053329,0.4447155892848968,0.1481954753398895,0.3944270014762878,0.1549395620822906,0.4874329268932342,0.1877837479114532,0.3677538931369781,0.2051806151866912,0.552054762840271,0.3478595912456512,0.3255965709686279,0.4003324508666992,0.7465198636054993,0.3617296516895294,0.1479730159044265,0.5285069346427917,0.0,0.0,0.1358289569616317,0.3082008063793182,0.5288413166999817,0.8895151019096375,0.3544613420963287,0.8724726438522339,0.0,0.0,0.0,0.0,0.0,0.0,0.0,0.0,0.4370897710323334,0.3796289265155792
0.398521214723587,0.1622663289308548,0.4255025088787079,0.1344026178121566,0.3719864189624786,0.141302153468132,0.4734414219856262,0.1743401288986206,0.3482047021389007,0.1939475983381271,0.5394280552864075,0.3347117304801941,0.3094129562377929,0.3905990719795227,0.7927275896072388,0.3492555916309356,0.1304762065410614,0.523084819316864,0.9624580144882202,0.348158061504364,0.1411545723676681,0.2956949174404144,0.5141951441764832,0.8860563635826111,0.3409068286418915,0.8645354509353638,0.0,0.0,0.0,0.0,0.0,0.0,0.0,0.0,0.4247105419635772,0.3691396415233612
0.3919311165809631,0.160213366150856,0.4167349934577942,0.1309099793434143,0.3657908737659454,0.1390652805566787,0.4652569591999054,0.1663784980773925,0.341492623090744,0.1921191960573196,0.5374111533164978,0.3321401476860046,0.3005699217319488,0.3930670917034149,0.7710143327713013,0.3342199325561523,0.117879033088684,0.5215827822685242,0.957713782787323,0.3252372741699219,0.1485975533723831,0.2906329333782196,0.5142525434494019,0.8834400773048401,0.3370228707790375,0.8660116791725159,0.0,0.0,0.0,0.0,0.0,0.0,0.0,0.0,0.4204935729503631,0.3658089637756347
0.3952087759971618,0.1580220162868499,0.4213857352733612,0.1297419518232345,0.3697177767753601,0.1366370171308517,0.4689156413078308,0.1691906005144119,0.3451524078845978,0.1884391009807586,0.530320405960083,0.3369567990303039,0.3054424226284027,0.3893435001373291,0.7781321406364441,0.3397430777549743,0.1240713968873024,0.5198065638542175,0.9589834809303284,0.3360664844512939,0.1530995666980743,0.2921566665172577,0.5103939175605774,0.8701607584953308,0.3427406251430511,0.8673602342605591,0.0,0.0,0.0,0.0,0.0,0.0,0.0,0.0,0.4203411638736725,0.3662520349025726
0.4172359108924866,0.1869507580995559,0.4411488175392151,0.1625320464372635,0.3939699232578277,0.1691661179065704,0.4818578660488128,0.1958040744066238,0.3717208504676819,0.2181132286787033,0.5519000887870789,0.3688522279262543,0.3260660171508789,0.4151465892791748,0.7458299994468689,0.3768177330493927,0.1499917358160019,0.5378588438034058,0.9535549879074096,0.3659568727016449,0.1214618310332298,0.3131261765956878,0.5309617519378662,0.861278235912323,0.3646287322044372,0.8509583473205566,0.0,0.0,0.0,0.0,0.0,0.0,0.0,0.0,0.4396786689758301,0.3920786082744598
0.4371376931667328,0.2310261726379394,0.4612592160701751,0.2055222541093826,0.4166748821735382,0.210627406835556,0.4994927942752838,0.2392647415399551,0.394391268491745,0.253957062959671,0.5635387897491455,0.3979895114898681,0.3538977801799774,0.4358388781547546,0.7469102144241333,0.3989624977111816,0.1852981299161911,0.5374993681907654,0.9328187704086304,0.3934757113456726,0.1185234561562538,0.3379154503345489,0.544166624546051,0.8515724539756775,0.3991667926311493,0.8528262376785278,0.0,0.0,0.0,0.0,0.0,0.0,0.0,0.0,0.4588581621646881,0.4167670905590057
0.4441122412681579,0.2479588836431503,0.4640445113182068,0.2223539650440216,0.4235835671424866,0.2277517318725586,0.5006805658340454,0.2494957745075225,0.4024988710880279,0.2661260068416595,0.5604146718978882,0.4111969470977783,0.361725777387619,0.4354701638221741,0.7407581210136414,0.4213753640651703,0.2002153396606445,0.5329903364181519,0.9121519327163696,0.4234939515590668,0.1108872294425964,0.3583666384220123,0.5248286128044128,0.8329213857650757,0.3867731392383575,0.8301823735237122,0.0,0.0,0.0,0.0,0.0,0.0,0.0,0.0,0.462282121181488,0.42365163564682
0.4034265577793121,0.2543565332889557,0.4229713082313537,0.233161523938179,0.3843031823635101,0.2334473133087158,0.4515021741390228,0.2640154957771301,0.3573582768440246,0.2674775421619415,0.5052611231803894,0.4151749908924103,0.3065783381462097,0.4387966990470886,0.6657008528709412,0.4325291812419891,0.156393751502037,0.5436460375785828,0.8361470103263855,0.4283671677112579,0.0557887442409992,0.3612930476665497,0.4679920971393585,0.8427289128303528,0.3297769129276275,0.8462467193603516,0.0,0.0,0.0,0.0,0.0,0.0,0.0,0.0,0.4061636924743652,0.4278781116008758
0.3659856617450714,0.252491146326065,0.3881203830242157,0.2334218174219131,0.3448517918586731,0.2321258634328842,0.4192437529563904,0.2694793343544006,0.3164026737213135,0.2703323066234588,0.4622614681720733,0.4179942905902862,0.2639485001564026,0.4351835250854492,0.6173589825630188,0.4353108406066894,0.1058847531676292,0.5396986603736877,0.7877355813980103,0.4356563091278076,0.0634111389517784,0.3353011310100555,0.4224162399768829,0.832027018070221,0.2845795452594757,0.8353965878486633,0.0,0.0,0.0,0.0,0.0,0.0,0.0,0.0,0.3632872402667999,0.4272820055484772
0.3159205913543701,0.2508858740329742,0.337385892868042,0.2274497598409652,0.2947521209716797,0.2291535586118698,0.3684670031070709,0.2619583308696747,0.2673536241054535,0.2657023668289184,0.4089753627777099,0.4109283089637756,0.2178624123334884,0.4310133755207062,0.5592526793479919,0.4338536858558655,0.054297100752592,0.5238795876502991,0.7341395616531372,0.4390914142131805,0.0857936963438987,0.3117824494838714,0.3942274451255798,0.8275288343429565,0.2526169419288635,0.8335254788398743,0.0,0.0,0.0,0.0,0.0,0.0,0.0,0.0,0.3148812353610992,0.4221937656402588
0.3130525946617126,0.2490637302398681,0.3327328860759735,0.227659672498703,0.2923261821269989,0.2294825315475464,0.361871063709259,0.263382613658905,0.2660534977912903,0.2670634686946869,0.4064281582832336,0.4121268093585968,0.2168910503387451,0.4330343306064605,0.5564943552017212,0.4321395754814148,0.050857663154602,0.5112168192863464,0.7245915532112122,0.4328403770923614,0.1183478683233261,0.3129458725452423,0.3909509181976318,0.8298291563987732,0.2567794620990753,0.8350456953048706,0.0,0.0,0.0,0.0,0.0,0.0,0.0,0.0,0.3125295042991638,0.4242125153541565
0.328321635723114,0.2471878677606582,0.3498152196407318,0.2263673692941665,0.3076297342777252,0.2262675017118454,0.3817056715488434,0.2678191363811493,0.279785007238388,0.2634488940238952,0.4207660853862762,0.4147801995277405,0.2332793474197387,0.4344725012779236,0.5673186182975769,0.4336860179901123,0.0674739852547645,0.5140135884284973,0.7509326338768005,0.4356243908405304,0.1489513665437698,0.3212670981884002,0.4032487273216247,0.8320411443710327,0.2647542357444763,0.8350714445114136,0.0,0.0,0.0,0.0,0.0,0.0,0.0,0.0,0.3284875750541687,0.424578845500946
0.3471535742282867,0.2490556240081787,0.369415670633316,0.2252731323242187,0.3260316848754883,0.2265714555978775,0.4027867913246155,0.2645880877971649,0.2988433837890625,0.2656590044498443,0.4489930272102356,0.4190245568752289,0.2484159618616104,0.4363745748996734,0.6003726124763489,0.4372135996818542,0.0882862657308578,0.5330727696418762,0.7721229791641235,0.4449100494384765,0.1392880529165268,0.3305777609348297,0.4122430384159088,0.8321234583854675,0.2778876721858978,0.8340165019035339,0.0,0.0,0.0,0.0,0.0,0.0,0.0,0.0,0.3481768071651459,0.4265908598899841
0.347239226102829,0.2443908751010894,0.3700850009918213,0.221260204911232,0.3263784945011139,0.2222841084003448,0.405125081539154,0.2597786784172058,0.2993901669979095,0.2633257508277893,0.4515307247638702,0.4171448647975921,0.2523411810398102,0.4337653219699859,0.6021636128425598,0.4358328878879547,0.0927347391843795,0.5457038283348083,0.7792363166809082,0.4421462714672088,0.0799595639109611,0.3363901972770691,0.4117784798145294,0.8328906297683716,0.2751491069793701,0.8356928825378418,0.0,0.0,0.0,0.0,0.0,0.0,0.0,0.0,0.3494539558887481,0.4237636625766754
0.3351228237152099,0.2410814464092254,0.3581128120422363,0.2178598195314407,0.3157221674919128,0.2175218909978866,0.3906648755073547,0.2493976056575775,0.2890408337116241,0.2503636479377746,0.4414739608764648,0.4092960059642792,0.2419466227293014,0.4348463714122772,0.5969556570053101,0.426138311624527,0.0892782062292099,0.557836651802063,0.7752156853675842,0.432567298412323,0.0173409637063741,0.3592942655086517,0.4117719531059265,0.8277801871299744,0.2760393917560577,0.8324413299560547,0.0,0.0,0.0,0.0,0.0,0.0,0.0,0.0,0.3419361114501953,0.4201487600803375
0.3494251072406769,0.2422924190759658,0.3712725043296814,0.2191280871629715,0.3283466696739197,0.2209101468324661,0.4056843221187591,0.2538906931877136,0.302822083234787,0.2604075372219085,0.4583583176136017,0.4106107652187347,0.2563955783843994,0.435215950012207,0.6183684468269348,0.4221531748771667,0.1114308014512062,0.5642946362495422,0.7876221537590027,0.424294501543045,0.0130698233842849,0.3772971034049988,0.4268839061260223,0.8286327123641968,0.2944924235343933,0.8354936838150024,0.0,0.0,0.0,0.0,0.0,0.0,0.0,0.0,0.3563773334026336,0.420998752117157
0.3738178312778473,0.2477473467588424,0.3928118050098419,0.2229052782058715,0.3536793887615204,0.2264863550662994,0.4296442866325378,0.2511213421821594,0.3307355344295501,0.2630051672458648,0.4900480210781097,0.411477655172348,0.2880337834358215,0.4374951720237732,0.6416597962379456,0.4240452647209167,0.1465467512607574,0.5630058646202087,0.8166259527206421,0.4206334054470062,0.0420164950191974,0.3794699013233185,0.4595745503902435,0.8317212462425232,0.3290208876132965,0.844134509563446,0.0,0.0,0.0,0.0,0.0,0.0,0.0,0.0,0.3883451521396637,0.4264327585697174
0.4316096603870392,0.2589741349220276,0.452882707118988,0.2353576719760894,0.4115386307239532,0.2397892922163009,0.4863605797290802,0.2640318274497986,0.3889254927635193,0.2775821387767792,0.5410353541374207,0.4156041145324707,0.3436634838581085,0.4388050734996795,0.6983280181884766,0.4353728592395782,0.2022192329168319,0.5444722771644592,0.8677460551261902,0.4336634576320648,0.1477541923522949,0.3606783747673034,0.4967145919799804,0.8264226913452148,0.3661226630210876,0.8160950541496277,0.0,0.0,0.0,0.0,0.0,0.0,0.0,0.0,0.4439134895801544,0.4283332526683807
0.4368567168712616,0.2624216973781585,0.458699882030487,0.239735722541809,0.4177755713462829,0.2432159930467605,0.4927735328674316,0.2704478204250335,0.3970343768596649,0.280206561088562,0.5433208346366882,0.4205629527568817,0.3505795300006866,0.4385161995887756,0.701860249042511,0.4409932792186737,0.2121906131505966,0.5407585501670837,0.8742684721946716,0.4409307837486267,0.2060092687606811,0.35322967171669,0.5012052059173584,0.8250417113304138,0.3722033500671386,0.8160370588302612,0.0,0.0,0.0,0.0,0.0,0.0,0.0,0.0,0.4480990469455719,0.4306695461273193
0.3485629260540008,0.2430969476699829,0.3740089833736419,0.2171152085065841,0.3293012678623199,0.2203308641910553,0.4178033471107483,0.2449414581060409,0.3108909428119659,0.2526459395885467,0.4796822369098663,0.4026521742343902,0.2728453874588012,0.4334065318107605,0.6491015553474426,0.4152346551418304,0.1518554836511612,0.5928601026535034,0.8150969743728638,0.413774698972702,0.1161682158708572,0.4021748900413513,0.4483887553215027,0.8427995443344116,0.3116205632686615,0.8595690727233887,0.0,0.0,0.0,0.0,0.0,0.0,0.0,0.0,0.3751516044139862,0.4198939204216003
0.3417324721813202,0.2371717244386673,0.3666275143623352,0.2104509323835373,0.3205541968345642,0.2146423161029815,0.4094801843166351,0.2366318255662918,0.3001411855220794,0.2470218390226364,0.4741801917552948,0.3968843817710876,0.2614048421382904,0.423816978931427,0.6492555737495422,0.4152597784996032,0.1456696093082428,0.5928218960762024,0.8100532293319702,0.4218551218509674,0.1018575951457023,0.4034554958343506,0.4415260851383209,0.831791341304779,0.3038575351238251,0.8482178449630737,0.0,0.0,0.0,0.0,0.0,0.0,0.0,0.0,0.3653840720653534,0.4119921326637268
0.3297569453716278,0.2377866357564926,0.3571540713310241,0.2085309773683548,0.3090417087078094,0.2117257267236709,0.4029189944267273,0.2349616438150406,0.2886885106563568,0.243514746427536,0.4681535065174103,0.3897774815559387,0.251457929611206,0.4196930229663849,0.6397201418876648,0.4136638641357422,0.1360086351633072,0.5923122763633728,0.809740424156189,0.4222291111946106,0.076753556728363,0.4050622880458832,0.4382703900337219,0.8305150270462036,0.3019551932811737,0.848187267780304,0.0,0.0,0.0,0.0,0.0,0.0,0.0,0.0,0.3569419682025909,0.4045023620128631
0.3282248675823211,0.2310880422592163,0.3539429008960724,0.2016219794750213,0.3072289526462555,0.2072734534740448,0.400579959154129,0.2263792306184768,0.2878346741199493,0.2417907565832138,0.4665348827838897,0.3851363360881805,0.2499967515468597,0.4199769496917724,0.639914870262146,0.4085562527179718,0.1313554495573043,0.5889126658439636,0.8107386827468872,0.4078513979911804,0.0404624007642269,0.4198690950870514,0.4431350231170654,0.8289788365364075,0.3057155907154083,0.8482089638710022,0.0,0.0,0.0,0.0,0.0,0.0,0.0,0.0,0.355254977941513,0.4013847708702087
0.3574974536895752,0.2339409291744232,0.3808992207050323,0.2109697014093399,0.3385790884494781,0.2148195505142212,0.421242207288742,0.2409749329090118,0.3191082179546356,0.2505552172660827,0.4909578859806061,0.3957398235797882,0.2835639119148254,0.4335895180702209,0.6533132195472717,0.4024227261543274,0.164860114455223,0.5929592251777649,0.8179580569267273,0.3980626463890075,0.0613930225372314,0.4372947216033935,0.4661093354225158,0.8310402035713196,0.3336597084999084,0.8353745341300964,0.0,0.0,0.0,0.0,0.0,0.0,0.0,0.0,0.3867603838443756,0.4151532351970672
0.3674302995204925,0.2412304133176803,0.3888943195343017,0.2143919765949249,0.3486805260181427,0.2204725593328476,0.430118590593338,0.2421244233846664,0.3297450244426727,0.2557332813739776,0.498891532421112,0.3977784216403961,0.2918902337551117,0.4351834654808044,0.6662188172340393,0.4076215922832489,0.1701427847146988,0.5916242599487305,0.828163743019104,0.4027959406375885,0.0841727405786514,0.4243846833705902,0.4685785472393036,0.8278940916061401,0.3394433557987213,0.8308405876159668,0.0,0.0,0.0,0.0,0.0,0.0,0.0,0.0,0.3963204026222229,0.4174862205982208
0.3954462110996246,0.2508383989334106,0.4169008731842041,0.2257086932659149,0.3760256469249725,0.2310743480920791,0.456309050321579,0.2537440955638885,0.3550688922405243,0.2635873258113861,0.520172655582428,0.4039587080478668,0.3192397058010101,0.4411974847316742,0.6812552809715271,0.4189618229866028,0.2025849521160125,0.5864318013191223,0.8451942801475525,0.4159202575683594,0.1727359741926193,0.4048799872398376,0.4835139214992523,0.8272236585617065,0.3521723747253418,0.8291501402854919,0.0,0.0,0.0,0.0,0.0,0.0,0.0,0.0,0.4208144247531891,0.4238345623016357
0.4135344624519348,0.2546341121196747,0.4334489703178406,0.2293518632650375,0.3934541642665863,0.2351039499044418,0.4687212407588959,0.2589011788368225,0.3722313940525055,0.2741862833499908,0.5280665755271912,0.4095211029052734,0.3308706879615783,0.4384449124336242,0.6863370537757874,0.4222206771373749,0.212829440832138,0.5777578353881836,0.8538643717765808,0.4181738495826721,0.218113899230957,0.3899731338024139,0.4866500198841095,0.8250089883804321,0.3578982055187225,0.8164690732955933,0.0,0.0,0.0,0.0,0.0,0.0,0.0,0.0,0.4304704070091247,0.4255214333534241
0.4179933369159698,0.2531644403934479,0.4377613961696625,0.2293085008859634,0.3970358371734619,0.2335969060659408,0.4709214270114898,0.2614142000675201,0.3746121525764465,0.2735370397567749,0.5282763838768005,0.4115152060985565,0.3321183621883392,0.4384725987911224,0.6880704760551453,0.4220215976238251,0.2118502706289291,0.5777228474617004,0.8541089296340942,0.4172293841838836,0.2224178165197372,0.3914811909198761,0.4845578670501709,0.817242443561554,0.3566100299358368,0.8154946565628052,0.0,0.0,0.0,0.0,0.0,0.0,0.0,0.0,0.430936187505722,0.4267446994781494
0.3987389504909515,0.2427587807178497,0.421226441860199,0.2208629697561264,0.3796437084674835,0.2250874787569046,0.4572543203830719,0.2536856532096863,0.3571069538593292,0.2620732188224792,0.5171627402305603,0.4074640274047851,0.3158145546913147,0.4389062225818634,0.6797295212745667,0.4192118942737579,0.1852549016475677,0.5824055075645447,0.8433936238288879,0.4180041253566742,0.1796321421861648,0.382420539855957,0.4779196381568908,0.8301243185997009,0.3456434309482574,0.8297777771949768,0.0,0.0,0.0,0.0,0.0,0.0,0.0,0.0,0.4185735881328583,0.4248987734317779
0.3505382239818573,0.2309724986553192,0.3733478188514709,0.2053667455911636,0.3280313313007355,0.2098887860774994,0.4147798717021942,0.2357829958200454,0.3070191740989685,0.2486413866281509,0.479631245136261,0.3959044814109802,0.2670813202857971,0.4337587356567383,0.6472341418266296,0.4004794955253601,0.1401436924934387,0.5945829749107361,0.8000831007957458,0.3917499482631683,0.0194939505308866,0.4404715001583099,0.4612948894500732,0.8326135277748108,0.3273417055606842,0.848422646522522,0.0,0.0,0.0,0.0,0.0,0.0,0.0,0.0,0.3715244233608246,0.4165449142456054
0.3610604107379913,0.2333603799343109,0.383794754743576,0.2099858671426773,0.3412145674228668,0.2135286182165146,0.4229373335838318,0.2391725927591323,0.3190855681896209,0.2498395591974258,0.490133672952652,0.3981530964374542,0.2795955836772918,0.4326956570148468,0.6405912041664124,0.4031288921833038,0.1512259095907211,0.5889819264411926,0.8072368502616882,0.3986097872257232,0.0409570001065731,0.4229913353919983,0.4650036990642547,0.8322215676307678,0.3318117558956146,0.8457353711128235,0.0,0.0,0.0,0.0,0.0,0.0,0.0,0.0,0.3834682106971741,0.4165176451206207
0.3689191937446594,0.235548585653305,0.39178267121315,0.2094868123531341,0.3494606912136078,0.2138745635747909,0.432325929403305,0.2397194951772689,0.3284415900707245,0.2493264973163604,0.4961768984794616,0.3982191681861877,0.287647545337677,0.4312911033630371,0.652583122253418,0.403831422328949,0.158150628209114,0.5836301445960999,0.81605064868927,0.3995187878608703,0.062614120543003,0.4177857339382171,0.4671202003955841,0.8302911520004272,0.3361752331256866,0.8339788317680359,0.0,0.0,0.0,0.0,0.0,0.0,0.0,0.0,0.3924436867237091,0.4168917536735534
0.38352170586586,0.2369135320186615,0.4061877131462097,0.2109285593032837,0.3639135360717773,0.2153637856245041,0.4472036957740783,0.2408913075923919,0.3429864943027496,0.2512605786323547,0.5121765732765198,0.3985148072242737,0.300885409116745,0.4336271286010742,0.6693976521492004,0.4083453118801117,0.1632861942052841,0.5680970549583435,0.8306931853294373,0.4066205620765686,0.1235408559441566,0.3793153762817383,0.4734695851802826,0.830277144908905,0.3409938812255859,0.8323055505752563,0.0,0.0,0.0,0.0,0.0,0.0,0.0,0.0,0.4082589149475097,0.4177252948284149
0.3986298143863678,0.2371138781309127,0.4231201112270355,0.2161962985992431,0.3799354135990143,0.216741532087326,0.4593850970268249,0.2519620954990387,0.355668157339096,0.2550824582576751,0.5195959806442261,0.4028713405132293,0.3093301653861999,0.4323326051235199,0.682081401348114,0.4187772274017334,0.165902242064476,0.5444039702415466,0.8446716666221619,0.4184747636318207,0.1843694150447845,0.3457659780979156,0.4786719381809234,0.830112636089325,0.3430101573467254,0.8308666348457336,0.0,0.0,0.0,0.0,0.0,0.0,0.0,0.0,0.4167422354221344,0.4196443855762481
0.4019924104213714,0.2379577457904815,0.4262214004993438,0.215825468301773,0.3833425939083099,0.2177771627902984,0.4632291197776794,0.2495386898517608,0.3606941103935241,0.2544106841087341,0.5174075365066528,0.4046929180622101,0.3119709193706512,0.4293127059936523,0.6806325316429138,0.4269643425941467,0.1654810458421707,0.5325452089309692,0.8454794883728027,0.4314256310462951,0.2162063866853714,0.33766570687294,0.4791069626808166,0.8290923237800598,0.3432235717773437,0.8302305340766907,0.0,0.0,0.0,0.0,0.0,0.0,0.0,0.0,0.4171137809753418,0.418530136346817
0.399141252040863,0.2341112941503524,0.4231164157390594,0.2123989015817642,0.3804345726966858,0.213243156671524,0.4580967724323272,0.2476693540811538,0.3562881648540497,0.2525767982006073,0.5125707983970642,0.4041623771190643,0.309601217508316,0.4264537990093231,0.679925262928009,0.4270759224891662,0.163070872426033,0.5382211804389954,0.8459862470626831,0.4311539828777313,0.2042454034090042,0.3383408486843109,0.4702044427394867,0.8330431580543518,0.3355986177921295,0.8334981203079224,0.0,0.0,0.0,0.0,0.0,0.0,0.0,0.0,0.4119075834751129,0.4171338975429535
0.3993709683418274,0.2273602485656738,0.4225080013275146,0.2051972001791,0.3805503845214844,0.2068117409944534,0.4588311612606048,0.2405879944562912,0.3563794493675232,0.2454216629266739,0.5199183225631714,0.4010398089885711,0.3091445565223694,0.4252369105815887,0.683143675327301,0.4215205609798431,0.1662727147340774,0.54940265417099,0.8511881232261658,0.4299719631671905,0.1594312041997909,0.3459052145481109,0.4793823659420013,0.8287163376808167,0.3406522274017334,0.8326195478439331,0.0,0.0,0.0,0.0,0.0,0.0,0.0,0.0,0.4157738983631134,0.41452556848526
0.4266286790370941,0.2206962257623672,0.4499626159667969,0.1970372647047042,0.4062781929969787,0.2020656913518905,0.4915880262851715,0.2342785149812698,0.3869768977165222,0.244029089808464,0.5490140318870544,0.397243320941925,0.3396680951118469,0.4263905584812164,0.7111316919326782,0.4070110917091369,0.193608671426773,0.5532940626144409,0.8994949460029602,0.4115573763847351,0.1284477114677429,0.3649519085884094,0.5035169124603271,0.8151245713233948,0.3653549551963806,0.8269323110580444,0.0,0.0,0.0,0.0,0.0,0.0,0.0,0.0,0.4469396770000458,0.4105225503444671
0.4714792370796203,0.2213985174894333,0.4943905174732208,0.1964471638202667,0.4510315060615539,0.201348528265953,0.5343633890151978,0.2260606437921524,0.4288393855094909,0.2416800111532211,0.5978766083717346,0.3900321125984192,0.387578547000885,0.4246238172054291,0.8054736852645874,0.3992152214050293,0.2436998933553695,0.557861328125,0.975554883480072,0.3987534344196319,0.1530326157808303,0.3899168372154236,0.5609144568443298,0.8337131142616272,0.4217253029346466,0.8489810824394226,0.0,0.0,0.0,0.0,0.0,0.0,0.0,0.0,0.4904713332653045,0.4060014188289642
0.3083363473415375,0.2285522073507309,0.3465603291988373,0.1776051521301269,0.2849904894828796,0.1887907832860946,0.4287989139556885,0.1992814391851425,0.0,0.0,0.5249921679496765,0.381523847579956,0.2516718506813049,0.4336786270141601,0.7089606523513794,0.4200930595397949,0.1215981766581535,0.6436763405799866,0.9293712973594666,0.4411296546459198,0.056651271879673,0.3955041468143463,0.5015276670455933,0.9818660020828248,0.3124646544456482,0.9798117876052856,0.0,0.0,0.0,0.0,0.0,0.0,0.0,0.0,0.3852360844612121,0.4091642498970032
0.3251946270465851,0.1946717649698257,0.356896162033081,0.1469665467739105,0.3026415407657623,0.1613723784685135,0.4309468269348144,0.1666717380285263,0.0,0.0,0.5288856625556946,0.3592193722724914,0.2673428654670715,0.4138219952583313,0.7427266836166382,0.4025143980979919,0.1462105363607406,0.6286529302597046,0.929202914237976,0.4223106801509857,0.0142570463940501,0.4196681976318359,0.5012502670288086,0.935581624507904,0.3259743154048919,0.9253673553466796,0.0,0.0,0.0,0.0,0.0,0.0,0.0,0.0,0.4000559151172638,0.3857319056987762
0.4221795499324798,0.1798537224531173,0.4479791224002838,0.1505067348480224,0.4007432758808136,0.159188911318779,0.4944016635417938,0.1856081038713455,0.3827011287212372,0.2064879685640335,0.5761189460754395,0.3652436435222626,0.3448776304721832,0.4084832370281219,0.7783032655715942,0.3908428847789764,0.2140538692474365,0.589011549949646,0.95673930644989,0.3934895098209381,0.0979025736451149,0.4130665361881256,0.5470572710037231,0.8656973838806152,0.3952369689941406,0.8688437342643738,0.0,0.0,0.0,0.0,0.0,0.0,0.0,0.0,0.4586456716060638,0.3872464597225189
0.4479177594184875,0.2087580114603042,0.470463752746582,0.1819039583206176,0.4275595843791961,0.1917619258165359,0.5132905840873718,0.2153802812099456,0.4117566049098968,0.2388850152492523,0.5812607407569885,0.3813528716564178,0.3653751909732818,0.4213343262672424,0.7778962254524231,0.3960887491703033,0.2436112165451049,0.5827180743217468,0.9412034153938292,0.3917819559574127,0.1784141361713409,0.3939802050590515,0.5501771569252014,0.8434077501296997,0.4102916121482849,0.8496898412704468,0.0,0.0,0.0,0.0,0.0,0.0,0.0,0.0,0.4707399010658264,0.4002693593502044
0.4067645967006683,0.2361876964569091,0.4289154410362243,0.2108546197414398,0.3863989412784576,0.2170294672250747,0.4676055014133453,0.246132031083107,0.3660075962543487,0.261101096868515,0.5303974747657776,0.4030553996562958,0.3269297480583191,0.436057984828949,0.6973704695701599,0.4169524312019348,0.2138254791498184,0.588951587677002,0.8597164750099182,0.4139074385166168,0.1887658685445785,0.4006713032722473,0.500773549079895,0.8278201222419739,0.3675491213798523,0.8332690000534058,0.0,0.0,0.0,0.0,0.0,0.0,0.0,0.0,0.4309905469417572,0.4210754334926605
0.4353927671909332,0.2276798039674759,0.4579616487026214,0.2035602182149887,0.4167931079864502,0.2108301073312759,0.4981301426887512,0.2396170645952224,0.3976146876811981,0.2556423246860504,0.5606961846351624,0.3978111147880554,0.3559578061103821,0.4362221658229828,0.7129167914390564,0.4040428102016449,0.2313474267721176,0.5827094316482544,0.9018962979316713,0.4042468965053558,0.1428107619285583,0.4253240525722503,0.5384988188743591,0.8294863104820251,0.4051834940910339,0.8340112566947937,0.0,0.0,0.0,0.0,0.0,0.0,0.0,0.0,0.4592783451080322,0.4160681366920471
0.4309450984001159,0.2102024257183075,0.4547957479953766,0.190038725733757,0.4100465178489685,0.1949919611215591,0.4950060844421386,0.229807898402214,0.3882692456245422,0.245311290025711,0.5561334490776062,0.3872766196727752,0.3454116284847259,0.4268629848957062,0.7282057404518127,0.3924333155155182,0.2118364423513412,0.5812737345695496,0.9020110368728638,0.3825436532497406,0.0946056023240089,0.4157720506191253,0.523169219493866,0.8280363082885742,0.3858433365821838,0.8287178874015808,0.0,0.0,0.0,0.0,0.0,0.0,0.0,0.0,0.4506317675113678,0.4058801531791687
0.4016138613224029,0.1995911300182342,0.4248785972595215,0.1770757287740707,0.3795091807842254,0.1837681233882904,0.4691073298454284,0.2170582860708236,0.357843667268753,0.2315352261066436,0.5316404104232788,0.3785475194454193,0.3097377121448517,0.4192076623439789,0.7005809545516968,0.3944182097911834,0.1724740415811538,0.5724233984947205,0.8700397610664368,0.3864302039146423,0.1135545521974563,0.3677351772785187,0.4965534210205078,0.8327351808547974,0.3533729612827301,0.8443717360496521,0.0,0.0,0.0,0.0,0.0,0.0,0.0,0.0,0.4217510819435119,0.399031400680542
0.435592383146286,0.2201934605836868,0.4588017761707306,0.1979557275772094,0.4162549376487732,0.2030394077301025,0.4964839518070221,0.2381036430597305,0.3950835168361664,0.2502254545688629,0.5507327318191528,0.3885357081890106,0.347640722990036,0.4196109175682068,0.7133184671401978,0.3945662975311279,0.1951613873243332,0.5296918749809265,0.8997586965560913,0.3854807317256927,0.2369830161333084,0.3400056362152099,0.5226424932479858,0.8266171216964722,0.3853607177734375,0.8283969759941101,0.0,0.0,0.0,0.0,0.0,0.0,0.0,0.0,0.4510416090488434,0.4032158553600311
0.4747256338596344,0.2327841073274612,0.4969733655452728,0.2105229198932647,0.4560635089874267,0.2149858176708221,0.5340877175331116,0.2457993328571319,0.4355741441249847,0.2556818425655365,0.5937734842300415,0.394755095243454,0.3915233612060547,0.4204371869564056,0.773193895816803,0.4048827588558197,0.2431464046239853,0.5310716032981873,0.936513125896454,0.4088287949562073,0.293209820985794,0.3386687934398651,0.553122341632843,0.8305493593215942,0.4223807752132416,0.8333770036697388,0.0,0.0,0.0,0.0,0.0,0.0,0.0,0.0,0.4909415543079376,0.4075035154819488
0.4744928777217865,0.2342734783887863,0.496612012386322,0.2108621150255203,0.4551481902599334,0.2158555835485458,0.5337333679199219,0.2434853762388229,0.4349872767925262,0.2532878518104553,0.594576358795166,0.3897433578968048,0.3899069428443908,0.4158819019794464,0.7743635773658752,0.4006356298923492,0.2261714190244674,0.4955601990222931,0.9394169449806212,0.4077911078929901,0.1651515215635299,0.3130994141101837,0.5498001575469971,0.8294791579246521,0.4196588397026062,0.8298640251159668,0.0,0.0,0.0,0.0,0.0,0.0,0.0,0.0,0.4910905957221985,0.4021227955818176
0.4014539718627929,0.2207083702087402,0.4218723177909851,0.1956784278154373,0.3812878429889679,0.1998018324375152,0.460215151309967,0.2264133244752884,0.3566454350948334,0.239425703883171,0.5226038694381714,0.3795480728149414,0.3102195858955383,0.4091134667396545,0.6910045742988586,0.3919506371021271,0.1399785578250885,0.501815915107727,0.8696007132530212,0.3835212886333465,0.1130979061126709,0.2931115329265594,0.4916936755180359,0.835911214351654,0.3464029133319855,0.8469787836074829,0.0,0.0,0.0,0.0,0.0,0.0,0.0,0.0,0.4171011447906494,0.3951416909694671
0.4112771451473236,0.2926180362701416,0.4343469142913818,0.2706705033779144,0.3928041756153106,0.2693380415439605,0.4672308266162872,0.3068718314170837,0.3699593544006347,0.299263447523117,0.5191910266876221,0.452274888753891,0.3250990808010101,0.4697355329990387,0.6772971749305725,0.5201242566108704,0.1519981324672699,0.5440658330917358,0.8306025862693787,0.5575336813926697,0.1598328649997711,0.3479912877082824,0.4652904570102691,0.8456053733825684,0.3378867506980896,0.8429890275001526,0.0,0.0,0.0,0.0,0.0,0.0,0.0,0.0,0.4228669106960296,0.4611944854259491
0.4108011722564697,0.291962057352066,0.4346866011619568,0.2701912522315979,0.3923298418521881,0.2686138451099396,0.4675779640674591,0.308152824640274,0.3700028359889984,0.3010224401950836,0.5187336802482605,0.4521178603172302,0.3257378935813904,0.4723232388496399,0.6722638010978699,0.5205543041229248,0.1545892506837844,0.5594633221626282,0.8274718523025513,0.5588653683662415,0.1860598474740982,0.3833372890949249,0.4662171900272369,0.844243049621582,0.340081512928009,0.8333755135536194,0.0,0.0,0.0,0.0,0.0,0.0,0.0,0.0,0.4223864078521728,0.4620216190814972
0.4120211005210876,0.2926085889339447,0.4365259110927582,0.2714583575725555,0.3939730823040008,0.2682518362998962,0.467719554901123,0.3107638955116272,0.3700340390205383,0.29859060049057,0.5149171948432922,0.452716201543808,0.3246568739414215,0.4740205109119415,0.6669314503669739,0.5154740810394287,0.1558621674776077,0.560295820236206,0.8177486062049866,0.5515572428703308,0.1930959522724151,0.392218142747879,0.4658827781677246,0.8349515199661255,0.3385112583637237,0.8323866724967957,0.0,0.0,0.0,0.0,0.0,0.0,0.0,0.0,0.4195574820041656,0.4625748693943023
0.4098686277866363,0.2920490801334381,0.4351299703121185,0.2725597023963928,0.3915224075317383,0.2649969458580017,0.4641032516956329,0.3117820620536804,0.3656403422355652,0.2921839356422424,0.5128509998321533,0.451143741607666,0.3142149448394775,0.4722642600536346,0.6626935005187988,0.5090084075927734,0.1472601890563964,0.5616313815116882,0.8130801320075989,0.5432287454605103,0.1521721929311752,0.3786045014858246,0.4639986157417297,0.8315646052360535,0.3373071253299713,0.8311424255371094,0.0,0.0,0.0,0.0,0.0,0.0,0.0,0.0,0.4157164692878723,0.4612929821014404
0.4042074978351593,0.2925357818603515,0.428043782711029,0.2736408114433288,0.3864720165729522,0.2667122781276703,0.4568648934364319,0.3135994970798492,0.3601712584495544,0.2961789071559906,0.5064517259597778,0.452535331249237,0.3073692917823791,0.4745756089687347,0.6520764231681824,0.5103811025619507,0.1387181133031845,0.5610148310661316,0.7977291345596313,0.5468159317970276,0.1087790727615356,0.383210688829422,0.4576473236083984,0.832920253276825,0.3307413160800934,0.8331521153450012,0.0,0.0,0.0,0.0,0.0,0.0,0.0,0.0,0.4091041982173919,0.4623603224754333
0.4003137648105621,0.2931108474731445,0.4229347705841064,0.2731851637363434,0.3828774094581604,0.2669321596622467,0.4519084095954895,0.3120606243610382,0.3555992543697357,0.2948071658611297,0.4966731071472168,0.4536113142967224,0.2993695139884949,0.4750311374664306,0.6462398767471313,0.5113822817802429,0.1312262862920761,0.566170871257782,0.7928172945976257,0.5499988198280334,0.1085790768265724,0.3849504590034485,0.4544509947299957,0.8305875658988953,0.3266661763191223,0.831260621547699,0.0,0.0,0.0,0.0,0.0,0.0,0.0,0.0,0.4020339548587799,0.4626189172267914
0.392333984375,0.2910319864749908,0.4144465625286102,0.2719925045967102,0.3744127154350281,0.2651549875736236,0.4414435923099518,0.3117155730724334,0.3487345278263092,0.2968272566795349,0.4869592487812042,0.4541458487510681,0.297709196805954,0.4768004417419433,0.6325504183769226,0.5098696947097778,0.1253594905138015,0.5767949223518372,0.7799729108810425,0.5497334599494934,0.1546364873647689,0.391459971666336,0.4470688998699188,0.8276087045669556,0.3217080235481262,0.8289136290550232,0.0,0.0,0.0,0.0,0.0,0.0,0.0,0.0,0.3947619795799255,0.4631376266479492
0.3857607841491699,0.2967913448810577,0.405620664358139,0.2752392888069153,0.368028461933136,0.2706690430641174,0.4334051012992859,0.3100733160972595,0.3421692252159118,0.2976830303668976,0.4825918674468994,0.4521295428276062,0.3005251884460449,0.4759607911109924,0.6211276650428772,0.5094636082649231,0.1201507523655891,0.5768298506736755,0.7754341959953308,0.5512267351150513,0.1880579888820648,0.4064716398715973,0.4401537477970123,0.815350353717804,0.318936675786972,0.8154683113098145,0.0,0.0,0.0,0.0,0.0,0.0,0.0,0.0,0.3908752501010895,0.4616084396839142
0.3818103671073913,0.2935919761657715,0.4020867645740509,0.2730904221534729,0.3636167347431183,0.2669918537139892,0.4297426342964172,0.3106579482555389,0.3366726040840149,0.2957584857940674,0.4797162413597107,0.4521277844905853,0.2836045920848846,0.4812614321708679,0.6207522749900818,0.508483350276947,0.1125114932656288,0.5824665427207947,0.7723278403282166,0.5483408570289612,0.1560783386230468,0.4008217453956604,0.4390262067317962,0.8306616544723511,0.3156993091106415,0.8320502042770386,0.0,0.0,0.0,0.0,0.0,0.0,0.0,0.0,0.3819011151790619,0.4651511609554291
0.3856056630611419,0.2957979142665863,0.4064660370349884,0.2747045457363128,0.3668348491191864,0.2689775228500366,0.4338069856166839,0.3096881508827209,0.337799996137619,0.2982943952083587,0.4860188663005829,0.4520387351512909,0.2867447435855865,0.4773180782794952,0.6295043230056763,0.5024721622467041,0.1173945590853691,0.5824276208877563,0.7752839922904968,0.5399753451347351,0.1058584079146385,0.4017851650714874,0.4461282193660736,0.8306521773338318,0.319485604763031,0.8326302766799927,0.0,0.0,0.0,0.0,0.0,0.0,0.0,0.0,0.387693703174591,0.4645568430423736
0.396904706954956,0.2864392101764679,0.4177994430065155,0.264476865530014,0.3783519864082336,0.2631709575653076,0.4517420828342438,0.3049221336841583,0.3536990284919739,0.2982727587223053,0.504698634147644,0.4481430649757385,0.3054243922233581,0.4753471314907074,0.6423781514167786,0.4974350333213806,0.1346172243356704,0.5833562016487122,0.7982006669044495,0.5350531339645386,0.106680653989315,0.4038727879524231,0.4655663073062897,0.8243293166160583,0.338449090719223,0.8276900053024292,0.0,0.0,0.0,0.0,0.0,0.0,0.0,0.0,0.406647264957428,0.4613943696022033
0.4105338752269745,0.271116703748703,0.4353671967983246,0.2506076395511627,0.3892267644405365,0.2510107159614563,0.4673115611076355,0.2952836453914642,0.3666360676288605,0.2922117412090301,0.5207569003105164,0.442652940750122,0.3260354697704315,0.4703280031681061,0.667570173740387,0.4961738586425781,0.1587790250778198,0.5827492475509644,0.8340781927108765,0.5331507921218872,0.1563815325498581,0.401743084192276,0.4868851006031036,0.8295479416847229,0.3601713478565216,0.8206372857093811,0.0,0.0,0.0,0.0,0.0,0.0,0.0,0.0,0.4242927134037018,0.456171452999115
0.4157211482524872,0.2655005156993866,0.4407534897327423,0.2464567720890045,0.3965285122394562,0.2456302940845489,0.4758353531360626,0.2910760343074798,0.3773897290229797,0.2874905169010162,0.528802752494812,0.4390940368175506,0.3400461971759796,0.4629228115081787,0.6811915040016174,0.4942678809165954,0.1722889393568039,0.5891653895378113,0.8499736189842224,0.5299240350723267,0.1937272548675537,0.4153073132038116,0.496045857667923,0.8250060677528381,0.3683659434318542,0.8185912370681763,0.0,0.0,0.0,0.0,0.0,0.0,0.0,0.0,0.4350963234901428,0.450518786907196
0.4262035191059112,0.2697202861309051,0.4512349665164947,0.2471577376127243,0.4056224226951599,0.2488191574811935,0.487887293100357,0.282827615737915,0.3860788941383362,0.2847505211830139,0.5424003005027771,0.4373447597026825,0.3474237024784088,0.4635378718376159,0.6885949373245239,0.4884561598300934,0.1818707734346389,0.5913329124450684,0.8687021136283875,0.5198106169700623,0.21650230884552,0.4150180518627167,0.5089322328567505,0.8167600035667419,0.382682591676712,0.8276330828666687,0.0,0.0,0.0,0.0,0.0,0.0,0.0,0.0,0.4463804066181183,0.4503645896911621
0.4305226802825928,0.2713692784309387,0.4546179473400116,0.2477987557649612,0.4121234118938446,0.2487500160932541,0.495430439710617,0.2815757095813751,0.3930892646312713,0.2797644138336181,0.5564268827438354,0.4378689229488373,0.3553455770015716,0.4689478874206543,0.7052461504936218,0.4895727038383484,0.2006795406341552,0.5971513390541077,0.8835131525993347,0.5181094408035278,0.1881818622350692,0.4168328940868377,0.5239081382751465,0.8290672898292542,0.3914365768432617,0.8320768475532532,0.0,0.0,0.0,0.0,0.0,0.0,0.0,0.0,0.4556261599063873,0.4547682106494903
0.4362874925136566,0.2747704684734344,0.4581557214260101,0.2494744211435318,0.4179822504520416,0.2523266971111297,0.5015280842781067,0.2794778048992157,0.4015648066997528,0.2834875881671905,0.5614935159683228,0.4352923035621643,0.3762637674808502,0.4750746786594391,0.7120185494422913,0.490108460187912,0.2114061266183853,0.5957805514335632,0.9029215574264526,0.5203345417976379,0.1704476326704025,0.4195289015769958,0.5310690999031067,0.8313223719596863,0.4014348685741424,0.8363317847251892,0.0,0.0,0.0,0.0,0.0,0.0,0.0,0.0,0.4669333100318908,0.4550431072711944
0.4421162009239197,0.2788020670413971,0.463585764169693,0.2513225674629211,0.4232580363750458,0.2559173107147217,0.5085147023200989,0.2771524786949157,0.4081775248050689,0.2879139482975006,0.5670512318611145,0.4337518811225891,0.3800797164440155,0.4800668656826019,0.7220785021781921,0.4873877167701721,0.2273991554975509,0.5982297658920288,0.9140474200248718,0.5144141912460327,0.1843068152666092,0.4358690679073334,0.5386362075805664,0.8303879499435425,0.4068269431591034,0.8458158373832703,0.0,0.0,0.0,0.0,0.0,0.0,0.0,0.0,0.473576933145523,0.4556587338447571
0.4478004276752472,0.2851263582706451,0.4677805006504059,0.2542076706886291,0.4275159239768982,0.2630720436573028,0.5157914757728577,0.2759115695953369,0.4151389300823211,0.2974514663219452,0.5799490809440613,0.4357968866825104,0.3958257138729095,0.4811812043190002,0.7472239136695862,0.4808959066867828,0.2489966601133346,0.6148658990859985,0.9357122182846068,0.5033024549484253,0.2492266595363617,0.4518706500530243,0.5501030683517456,0.8328341245651245,0.4213959276676178,0.8475870490074158,0.0,0.0,0.0,0.0,0.0,0.0,0.0,0.0,0.4874345660209656,0.4573233723640442
0.4596417844295501,0.2885116934776306,0.4789959788322449,0.2556742131710052,0.4391694664955139,0.2659169137477875,0.5295966863632202,0.274950236082077,0.4269696772098541,0.3007960617542267,0.6012564301490784,0.4328183531761169,0.4204304218292236,0.4798713028430938,0.764902651309967,0.4778883755207062,0.2755181193351745,0.6220017671585083,0.9573002457618712,0.4999708533287048,0.2567858397960663,0.4588524997234344,0.5644859075546265,0.8456740975379944,0.4416651129722595,0.8517559170722961,0.0,0.0,0.0,0.0,0.0,0.0,0.0,0.0,0.5092048645019531,0.4547392725944519
0.4680181443691253,0.2914232611656189,0.4885256588459015,0.2613079845905304,0.4493220746517181,0.2688315212726593,0.541848361492157,0.2785299718379974,0.4362835586071014,0.297794371843338,0.6149682998657227,0.4320129454135895,0.4253018200397491,0.4844613075256347,0.7827093005180359,0.4777517020702362,0.2816606163978576,0.6138738989830017,0.9910714030265808,0.500577986240387,0.2188590615987777,0.4580543339252472,0.5809129476547241,0.8442913889884949,0.4535588920116424,0.8476980924606323,0.0,0.0,0.0,0.0,0.0,0.0,0.0,0.0,0.5202215909957886,0.4545998573303222
0.4746523797512054,0.2894771993160248,0.4959917366504669,0.2584912180900574,0.4563331007957458,0.2671020328998565,0.546127438545227,0.2764168381690979,0.4438642561435699,0.2997645437717438,0.6191372275352478,0.4324335157871246,0.4263209998607635,0.486638456583023,0.7840813994407654,0.4768183529376983,0.2779588997364044,0.6105915307998657,0.9910715222358704,0.5006850361824036,0.1852741241455078,0.4707800447940826,0.5839179754257202,0.850577712059021,0.4520239233970642,0.8641730546951294,0.0,0.0,0.0,0.0,0.0,0.0,0.0,0.0,0.5236524939537048,0.4563781321048736
0.4660744369029999,0.2835443317890167,0.4871048927307129,0.2546994090080261,0.4474669098854065,0.2601409256458282,0.5375451445579529,0.2796334624290466,0.4329285621643066,0.2936146259307861,0.6032467484474182,0.4325137138366699,0.4144716262817383,0.4853606224060058,0.7644394636154175,0.479649007320404,0.2679334580898285,0.6153011918067932,0.9607552886009216,0.5009033679962158,0.2055244445800781,0.4594588279724121,0.5608075261116028,0.8510423302650452,0.4367559254169464,0.8820258975028992,0.0,0.0,0.0,0.0,0.0,0.0,0.0,0.0,0.5082435011863708,0.4564686715602875
0.4513537287712097,0.2805510759353637,0.4727918207645416,0.2514528036117553,0.4335591197013855,0.256418377161026,0.5200521945953369,0.2764733433723449,0.4212098717689514,0.2893477976322174,0.5850542187690735,0.4313828647136688,0.4004280567169189,0.4781385362148285,0.7597885727882385,0.4746735990047455,0.2601979672908783,0.6179326176643372,0.942582905292511,0.4957565665245056,0.2247280180454254,0.4541346430778503,0.5499519109725952,0.8448360562324524,0.4238338768482208,0.8646645545959473,0.0,0.0,0.0,0.0,0.0,0.0,0.0,0.0,0.4926031231880188,0.4549904465675354
0.4395758807659149,0.2767736315727234,0.460681140422821,0.2493796795606613,0.4211304783821106,0.2556951642036438,0.5065557956695557,0.2730836868286133,0.4066119492053985,0.2839917838573456,0.5728610157966614,0.4269754290580749,0.3967414796352386,0.4741253852844238,0.7405844926834106,0.4721527099609375,0.2570230364799499,0.621515691280365,0.9331556558609008,0.4878717958927154,0.2486588805913925,0.4551245272159576,0.5397040843963623,0.8417300581932068,0.4132696688175201,0.8493040204048157,0.0,0.0,0.0,0.0,0.0,0.0,0.0,0.0,0.4842124283313751,0.4487929344177246
0.4279641211032867,0.2815106511116028,0.4503926336765289,0.2526754438877105,0.4111672043800354,0.2600705921649933,0.4961918294429779,0.2738159298896789,0.397442877292633,0.2900746762752533,0.5629500150680542,0.4283923804759979,0.3794139325618744,0.4705674350261688,0.7221969962120056,0.4762859642505646,0.2457937002182006,0.6253138780593872,0.9212994575500488,0.4912835657596588,0.253894031047821,0.454068660736084,0.5231985449790955,0.8299106359481812,0.3976938724517822,0.8339009881019592,0.0,0.0,0.0,0.0,0.0,0.0,0.0,0.0,0.4695414900779724,0.4493217170238495
0.4129698276519775,0.2842310070991516,0.4348762929439544,0.2553064227104187,0.3974063396453857,0.263380765914917,0.4825679957866668,0.2810941338539123,0.3852294981479645,0.2952307760715484,0.5465991497039795,0.432459145784378,0.3620133697986603,0.4763140976428985,0.6971936225891113,0.4793176352977752,0.2294041216373443,0.6161632537841797,0.9077797532081604,0.4953207075595855,0.2397318333387375,0.4560352861881256,0.5022220611572266,0.8177155256271362,0.3808576166629791,0.8181541562080383,0.0,0.0,0.0,0.0,0.0,0.0,0.0,0.0,0.4527415335178375,0.4525798261165619
0.4054988026618957,0.2897095084190368,0.4284636378288269,0.2597844302654266,0.3880631327629089,0.2664163708686828,0.4750779569149017,0.2822116017341614,0.3727230131626129,0.2964599728584289,0.53858482837677,0.4339875876903534,0.3520545661449432,0.479446142911911,0.693013608455658,0.4832943975925445,0.2207298129796981,0.6251786947250366,0.8955034017562866,0.5002503991127014,0.2067348957061767,0.451730877161026,0.4928405284881592,0.8291515111923218,0.3717595934867859,0.8290691375732422,0.0,0.0,0.0,0.0,0.0,0.0,0.0,0.0,0.443406879901886,0.4569124281406402
0.3968148529529571,0.2966514527797699,0.4185429513454437,0.2678230404853821,0.3814339637756347,0.2721450626850128,0.4662027359008789,0.2906243503093719,0.3656884729862213,0.297208696603775,0.5272716283798218,0.4390493333339691,0.3418934047222137,0.4824361503124237,0.6894956231117249,0.4865208268165588,0.2056131809949875,0.623052179813385,0.8796582818031311,0.5062314867973328,0.14883753657341,0.4725511968135834,0.4905665516853332,0.8334155678749084,0.3668554723262787,0.8471274971961975,0.0,0.0,0.0,0.0,0.0,0.0,0.0,0.0,0.4343893229961395,0.4616996943950653
0.4033527076244354,0.2952995896339416,0.4249508678913116,0.2666879296302795,0.3863458335399627,0.2738353610038757,0.4677300155162811,0.2893939316272735,0.3706989884376526,0.3009901642799377,0.5285456776618958,0.4386889636516571,0.3436572551727295,0.4875839054584503,0.6905540823936462,0.4813044965267181,0.2056788951158523,0.6272760629653931,0.8848992586135864,0.4961701929569244,0.122857853770256,0.4969914853572845,0.4921154379844665,0.8266119956970215,0.3693268001079559,0.831470787525177,0.0,0.0,0.0,0.0,0.0,0.0,0.0,0.0,0.4364351630210876,0.463299959897995
0.4116867184638977,0.2850500047206878,0.4339641034603119,0.2583833038806915,0.3936797082424164,0.2640843391418457,0.4784020781517029,0.2869108617305755,0.3791170418262481,0.2960782945156097,0.5421215891838074,0.43286994099617,0.3509380221366882,0.4782914817333221,0.7033969163894653,0.4756774604320526,0.2124318927526474,0.622721254825592,0.8977652192115784,0.4886910915374756,0.1406588703393936,0.4843355715274811,0.5036088228225708,0.8255467414855957,0.3805661201477051,0.8270512819290161,0.0,0.0,0.0,0.0,0.0,0.0,0.0,0.0,0.4459372162818908,0.4547744393348694
0.42252978682518,0.2781960368156433,0.4443925023078918,0.2530608773231506,0.4039847552776336,0.2566162347793579,0.4844117164611816,0.2816011607646942,0.387244701385498,0.2888094484806061,0.5492391586303711,0.4297047257423401,0.3623934686183929,0.475317507982254,0.7065640687942505,0.4711026549339294,0.221777468919754,0.6180952787399292,0.9030625224113464,0.4853026568889618,0.194021388888359,0.4498797059059143,0.51598060131073,0.8157435059547424,0.3898221552371979,0.8290785551071167,0.0,0.0,0.0,0.0,0.0,0.0,0.0,0.0,0.4541619420051574,0.4511774182319641
0.430484801530838,0.2736808657646179,0.455224335193634,0.2484156191349029,0.4118749499320984,0.2522960901260376,0.4957882463932037,0.2825610935688019,0.3938778340816498,0.2874393761157989,0.5580189824104309,0.4331172108650207,0.3680519759654999,0.4777304232120514,0.7082144021987915,0.4764007925987243,0.2264101654291153,0.6194165945053101,0.9081153273582458,0.4934763312339782,0.2483055591583252,0.4490516483783722,0.5278783440589905,0.8282312154769897,0.3992414176464081,0.8366985321044922,0.0,0.0,0.0,0.0,0.0,0.0,0.0,0.0,0.4616618454456329,0.4562172591686249
0.4401154220104217,0.2689922451972961,0.4621734321117401,0.2461616843938827,0.4205799102783203,0.2488685399293899,0.4988425374031067,0.2816455662250519,0.4008975028991699,0.2825221419334411,0.5605466961860657,0.4331839084625244,0.3678230941295624,0.4754116535186767,0.7204633951187134,0.479157418012619,0.2268027514219284,0.6240769028663635,0.917082905769348,0.4996373951435089,0.2332191169261932,0.4443141520023346,0.5358036756515503,0.8284793496131897,0.4034198224544525,0.8462032675743103,0.0,0.0,0.0,0.0,0.0,0.0,0.0,0.0,0.463518351316452,0.4549623429775238
0.4489041864871979,0.269279420375824,0.4696259796619415,0.2456940710544586,0.4292686283588409,0.2455057948827743,0.5022721886634827,0.2816113829612732,0.4069128632545471,0.2805111706256866,0.5619855523109436,0.4332441985607147,0.3783779144287109,0.4750742614269256,0.7257108092308044,0.4796926379203796,0.2331111878156662,0.62602299451828,0.9187923669815063,0.5010577440261841,0.1965725272893905,0.4558324515819549,0.5377248525619507,0.8292160034179688,0.4049789309501648,0.8448138236999512,0.0,0.0,0.0,0.0,0.0,0.0,0.0,0.0,0.4680308997631073,0.454037994146347
0.4549238383769989,0.2691285908222198,0.4758753478527069,0.2458526939153671,0.4349589347839355,0.2450446933507919,0.5085698366165161,0.2822938561439514,0.4115610420703888,0.2820287644863128,0.5662743449211121,0.431756317615509,0.3808901607990265,0.4761304557323456,0.7296294569969177,0.4781690239906311,0.2343077808618545,0.6257660984992981,0.9215810894966124,0.5006639361381531,0.1627688109874725,0.4826117157936096,0.5416853427886963,0.8289390206336975,0.4095655083656311,0.8464773893356323,0.0,0.0,0.0,0.0,0.0,0.0,0.0,0.0,0.4729081094264984,0.4527878165245056
0.4606689512729645,0.2673757672309875,0.4821524620056152,0.2444884777069091,0.4406031668186188,0.2432728111743927,0.5135276317596436,0.2819333970546722,0.4166317880153656,0.2816077172756195,0.5687075257301331,0.4298280775547027,0.3863507211208343,0.4784923493862152,0.7369488477706909,0.4746733605861664,0.2395186722278595,0.6278910040855408,0.9261784553527832,0.4957351982593536,0.1741705387830734,0.4854390323162079,0.5450820922851562,0.8334363698959351,0.4151344001293182,0.8530138731002808,0.0,0.0,0.0,0.0,0.0,0.0,0.0,0.0,0.4767341017723083,0.4525180459022522
0.4648454487323761,0.2680861055850982,0.4866432845592499,0.2462771385908126,0.4456969797611236,0.2433670312166214,0.5165334343910217,0.2822875678539276,0.4195769429206848,0.2763670086860657,0.5739486813545227,0.4275912940502167,0.3844910562038421,0.4732373356819153,0.7373476624488831,0.4704473614692688,0.2477935403585434,0.6266083121299744,0.9330562353134156,0.4877039492130279,0.2351558655500412,0.4564620852470398,0.5492664575576782,0.8318353891372681,0.4204534590244293,0.8513079285621643,0.0,0.0,0.0,0.0,0.0,0.0,0.0,0.0,0.4786408245563507,0.4506107270717621
0.4647212028503418,0.2711811661720276,0.4860326647758484,0.2468699365854263,0.4452187716960907,0.2453087568283081,0.5168679356575012,0.2799767553806305,0.4206634163856506,0.2782817780971527,0.5732942223548889,0.4267345368862152,0.3903703391551971,0.4735816121101379,0.7369059920310974,0.470043420791626,0.2536903321743011,0.6266947984695435,0.9331635236740112,0.4874436557292938,0.2607640922069549,0.4556866288185119,0.5499647855758667,0.8272691369056702,0.4219565093517303,0.8477978706359863,0.0,0.0,0.0,0.0,0.0,0.0,0.0,0.0,0.4799079596996307,0.4499163031578064
0.4654400050640106,0.2710651755332947,0.4869900345802307,0.2471729218959808,0.4459898471832275,0.2450606375932693,0.5187309980392456,0.2794573903083801,0.4202603995800018,0.2767080664634704,0.5744776129722595,0.4275703132152557,0.3870110809803009,0.470353901386261,0.738547682762146,0.4709197580814361,0.2525707185268402,0.6222662329673767,0.9338277578353882,0.488734632730484,0.2416688650846481,0.4555546939373016,0.5497068166732788,0.8305162787437439,0.4198059737682342,0.851836621761322,0.0,0.0,0.0,0.0,0.0,0.0,0.0,0.0,0.4796100556850433,0.4494864642620086
0.4646463394165039,0.271314799785614,0.4873386919498443,0.2467774152755737,0.445979505777359,0.2436815649271011,0.5204928517341614,0.2778101861476898,0.420618861913681,0.2736371159553528,0.5737900137901306,0.4286076128482818,0.3894658386707306,0.4718599021434784,0.7410851120948792,0.4783142209053039,0.24669149518013,0.6237868666648865,0.928725242614746,0.4947783350944519,0.2015674859285354,0.4599290788173675,0.5457252264022827,0.8319896459579468,0.4172411262989044,0.8500632643699646,0.0,0.0,0.0,0.0,0.0,0.0,0.0,0.0,0.4804731905460357,0.4486439824104309
0.4526617527008056,0.2728386521339416,0.4752455651760101,0.2480455338954925,0.4354719817638397,0.2452718764543533,0.5120325684547424,0.2776947021484375,0.4140594005584717,0.2728192806243896,0.5685206651687622,0.4409730732440948,0.3737502694129944,0.469073623418808,0.7239843010902405,0.5124935507774353,0.22647525370121,0.5875555276870728,0.924306571483612,0.535361111164093,0.1828385889530182,0.4348064064979553,0.5195391774177551,0.8351507782936096,0.3919682204723358,0.8460587859153748,0.0,0.0,0.0,0.0,0.0,0.0,0.0,0.0,0.4704388082027435,0.4546416401863098
0.4440576434135437,0.2850823998451233,0.46771901845932,0.258608728647232,0.4253810346126556,0.2556388676166534,0.5045719742774963,0.2818615436553955,0.4032886922359466,0.276134729385376,0.5472244024276733,0.4555547535419464,0.3551041483879089,0.458941638469696,0.7033589482307434,0.5360754132270813,0.2105768769979477,0.5871163010597229,0.9125267267227172,0.5475416779518127,0.2058575898408889,0.4211160540580749,0.4956723749637604,0.8316597938537598,0.3728472888469696,0.8297614455223083,0.0,0.0,0.0,0.0,0.0,0.0,0.0,0.0,0.4536993503570556,0.456862062215805
0.4320199191570282,0.2883687317371368,0.4563539326190948,0.2629651129245758,0.4134272038936615,0.262008398771286,0.4927798211574554,0.2937343418598175,0.3903705179691314,0.2905617356300354,0.5372264981269836,0.4653578400611877,0.3464104831218719,0.4684271514415741,0.6909697651863098,0.5510262250900269,0.1935275942087173,0.5902391076087952,0.895102322101593,0.5654025077819824,0.2209290117025375,0.4316854774951935,0.4806236624717712,0.85238116979599,0.3539430499076843,0.8509098291397095,0.0,0.0,0.0,0.0,0.0,0.0,0.0,0.0,0.4412002265453338,0.4652543663978576
0.4286343157291412,0.2865405082702636,0.451862633228302,0.2602183520793915,0.4071592986583709,0.2630185186862945,0.4871827661991119,0.2896938920021057,0.3826664388179779,0.293783962726593,0.5305743217468262,0.4667334854602813,0.333876758813858,0.4685027599334717,0.6890365481376648,0.5535823702812195,0.1774671822786331,0.585741400718689,0.8878803253173828,0.5676451921463013,0.1993860453367233,0.4163535535335541,0.4778423011302948,0.848871111869812,0.3504543900489807,0.8471053242683411,0.0,0.0,0.0,0.0,0.0,0.0,0.0,0.0,0.4339067041873932,0.4659228920936584
0.430337518453598,0.275686115026474,0.4533305764198303,0.2526328861713409,0.4087840914726257,0.2534188330173492,0.4865773618221283,0.2835220396518707,0.3845552802085876,0.2841907441616058,0.5302964448928833,0.4617322087287903,0.3359633088111877,0.4680064022541046,0.6891517639160156,0.5487672090530396,0.1722383499145507,0.5774921178817749,0.8900520205497742,0.5657342672348022,0.1636463403701782,0.4021965563297272,0.4799300134181976,0.8460560441017151,0.3504491746425628,0.8473645448684692,0.0,0.0,0.0,0.0,0.0,0.0,0.0,0.0,0.4356027245521545,0.4629352986812591
0.4330584704875946,0.2703525424003601,0.4581544399261474,0.2455364167690277,0.411069393157959,0.2454958260059356,0.4929676055908203,0.2785831987857818,0.3866843283176422,0.2774043381214142,0.5307299494743347,0.4595651924610138,0.341525137424469,0.4683005809783935,0.6901379227638245,0.542611300945282,0.1655104160308838,0.5648105144500732,0.8908087611198425,0.5648624300956726,0.1442142874002456,0.3807709217071533,0.4847406446933746,0.8490435481071472,0.3525231182575226,0.8627715706825256,0.0,0.0,0.0,0.0,0.0,0.0,0.0,0.0,0.4370844066143036,0.462239533662796
0.4432791173458099,0.2639291882514953,0.4654034674167633,0.2389983385801315,0.4221630096435547,0.23875093460083,0.4971756339073181,0.2714829444885254,0.3955298066139221,0.2701340615749359,0.5378005504608154,0.4585430920124054,0.3346990644931793,0.4577873647212982,0.6927697062492371,0.5466328859329224,0.1671565622091293,0.5707294344902039,0.8999138474464417,0.5723915100097656,0.1652935743331909,0.3824146687984466,0.4925491511821747,0.8479902148246765,0.3590972423553467,0.8537021279335022,0.0,0.0,0.0,0.0,0.0,0.0,0.0,0.0,0.4387093484401703,0.4570512473583221
0.4491139352321625,0.2577230930328369,0.4693721234798431,0.2309256494045257,0.4264160990715027,0.2345266342163086,0.5017181038856506,0.2659613788127899,0.3998146951198578,0.2699820399284363,0.5439326763153076,0.4564731121063232,0.3474047780036926,0.4541866481304168,0.6987095475196838,0.5557665228843689,0.1716178208589553,0.5736497044563293,0.9029449224472046,0.601462185382843,0.2025330811738968,0.3919614255428314,0.5010887980461121,0.8664020299911499,0.3627653419971466,0.8695856332778931,0.0,0.0,0.0,0.0,0.0,0.0,0.0,0.0,0.4490187168121338,0.4535656571388244
0.442167580127716,0.2519240975379944,0.4652557373046875,0.2272028028964996,0.4206196367740631,0.2270087301731109,0.4973972737789154,0.2650070786476135,0.3908863961696625,0.2627041637897491,0.541364312171936,0.4531071484088897,0.333874762058258,0.4472508132457733,0.6918220520019531,0.5689163208007812,0.1559370309114456,0.5564314723014832,0.8769327402114868,0.6585647463798523,0.1830661296844482,0.3641169667243957,0.4931124150753021,0.8521549105644226,0.3524028360843658,0.8666450381278992,0.0,0.0,0.0,0.0,0.0,0.0,0.0,0.0,0.4408707022666931,0.4472780227661133
0.4308786690235138,0.2493002265691757,0.4562844634056091,0.2288239002227783,0.4099133014678955,0.2239346504211425,0.4876144230365753,0.2684427499771118,0.3792693316936493,0.2564029097557068,0.5266469120979309,0.4523231983184814,0.3170903623104095,0.4437423050403595,0.6816167235374451,0.5729078054428101,0.1353215128183365,0.5503009557723999,0.8631597757339478,0.664068341255188,0.1518799513578415,0.3455323576927185,0.4793117046356201,0.8682788014411926,0.3337254524230957,0.86847984790802,0.0,0.0,0.0,0.0,0.0,0.0,0.0,0.0,0.4271042048931122,0.4449678063392639
0.4258869588375091,0.2436800748109817,0.4496676623821258,0.2233508974313736,0.402673989534378,0.2192057818174362,0.4790799617767334,0.2633693814277649,0.3686965405941009,0.2578855156898498,0.5220469832420349,0.4508354961872101,0.3079487383365631,0.4454708099365234,0.6737493872642517,0.5679042935371399,0.1216801926493644,0.5542536377906799,0.8593350052833557,0.6619882583618164,0.1434804201126098,0.3416414260864258,0.4606406092643738,0.8654277920722961,0.3154686987400055,0.8653127551078796,0.0,0.0,0.0,0.0,0.0,0.0,0.0,0.0,0.4172618687152862,0.4468862414360046
0.4164700210094452,0.2417425811290741,0.4401926100254059,0.2196935713291168,0.392937034368515,0.2175553143024444,0.4723002016544342,0.262030690908432,0.3630505502223968,0.2560253739356994,0.5160756707191467,0.4489189982414245,0.3009632527828216,0.4408614039421081,0.6692456007003784,0.5597965717315674,0.1143846958875656,0.5484669208526611,0.8548820614814758,0.6478883624076843,0.1777116358280182,0.341943085193634,0.4522903561592102,0.8797714114189148,0.3058686554431915,0.870939314365387,0.0,0.0,0.0,0.0,0.0,0.0,0.0,0.0,0.4101705551147461,0.4423972070217132
0.4133754074573517,0.2418892681598663,0.437965840101242,0.2179732322692871,0.3895533978939056,0.2171791791915893,0.4738256931304931,0.258249819278717,0.3620145916938782,0.2560237646102905,0.5226377844810486,0.4440424144268036,0.3072262108325958,0.4456178843975067,0.6820376515388489,0.5417793989181519,0.1196731254458427,0.5626035332679749,0.8662448525428772,0.6032949686050415,0.1562386900186538,0.3560737073421478,0.4577859342098236,0.8652085065841675,0.3110846579074859,0.8667494654655457,0.0,0.0,0.0,0.0,0.0,0.0,0.0,0.0,0.4150597155094147,0.4431622922420501
0.4157375991344452,0.2425171583890915,0.4400421679019928,0.2175012379884719,0.3932149410247803,0.217313528060913,0.4767783284187317,0.2564561069011688,0.3663491308689117,0.2557596862316131,0.5267093777656555,0.4376896917819977,0.3124343454837799,0.4524504542350769,0.6842338442802429,0.5174806714057922,0.134336769580841,0.564786970615387,0.8762189149856567,0.5573564767837524,0.117926225066185,0.3665899336338043,0.4632731974124908,0.8692726492881775,0.3158619105815887,0.8814517259597778,0.0,0.0,0.0,0.0,0.0,0.0,0.0,0.0,0.4222575724124908,0.4448812305927276
0.4253454208374023,0.244019016623497,0.4497054517269134,0.2200187593698501,0.4031582772731781,0.2172408103942871,0.4844554364681244,0.2584607005119324,0.3742229640483856,0.2554371058940887,0.5337181687355042,0.431498259305954,0.3255212604999542,0.4517552256584167,0.6926814913749695,0.5017983317375183,0.1479678004980087,0.5659856200218201,0.8860830068588257,0.5319790244102478,0.1095808148384094,0.3720182478427887,0.4762662947177887,0.8653033375740051,0.3310282230377197,0.8694825768470764,0.0,0.0,0.0,0.0,0.0,0.0,0.0,0.0,0.4317665100097656,0.4410833716392517
0.429142028093338,0.245810255408287,0.4537297785282135,0.2228821516036987,0.4081795513629913,0.2201827317476272,0.4878999292850494,0.259538471698761,0.3796755373477936,0.2552591562271118,0.5416256189346313,0.4277755618095398,0.3290038704872131,0.4472942650318146,0.7007274031639099,0.4862667620182037,0.1589790284633636,0.5765647888183594,0.8898617625236511,0.5038259625434875,0.1517999470233917,0.3808071613311767,0.4854952394962311,0.850770115852356,0.3447583615779876,0.8537041544914246,0.0,0.0,0.0,0.0,0.0,0.0,0.0,0.0,0.4377193450927734,0.4361295700073242
0.4329049289226532,0.2500540614128113,0.4584705829620361,0.2251873314380645,0.4125898480415344,0.221763864159584,0.4931069910526275,0.2591604888439178,0.3838816285133362,0.2524918913841247,0.5471616387367249,0.426874965429306,0.3385857045650482,0.451640784740448,0.711972713470459,0.4640347361564636,0.1725604683160781,0.591924250125885,0.9064668416976928,0.4598345756530761,0.1904121935367584,0.4110835492610931,0.4924282133579254,0.8490057587623596,0.3510649502277374,0.8627827763557434,0.0,0.0,0.0,0.0,0.0,0.0,0.0,0.0,0.4455114305019378,0.4372666180133819
0.443375825881958,0.2485128790140152,0.4670295119285583,0.2240238934755325,0.4223089814186096,0.2223001271486282,0.4999590516090393,0.2606585621833801,0.3943260610103607,0.2563871741294861,0.5469946265220642,0.4272458851337433,0.3449887633323669,0.4512867033481598,0.7034097909927368,0.4265820682048797,0.1821519136428833,0.6004015207290649,0.8991982340812683,0.3982392251491546,0.1892703622579574,0.4176750183105469,0.5039786100387573,0.8821113705635071,0.3604716658592224,0.8815000653266907,0.0,0.0,0.0,0.0,0.0,0.0,0.0,0.0,0.4487748444080353,0.438918262720108
0.4492182433605194,0.249822661280632,0.4714160561561584,0.2252417355775833,0.4269766807556152,0.2235007435083389,0.5038508772850037,0.264019101858139,0.4004779458045959,0.2621837258338928,0.5511357188224792,0.4320552349090576,0.3503568470478058,0.4536352455615997,0.7166504263877869,0.4091799855232239,0.1789705455303192,0.5996185541152954,0.8999444246292114,0.3666425049304962,0.1497893333435058,0.4017226994037628,0.5088700652122498,0.8832441568374634,0.3676152527332306,0.8825580477714539,0.0,0.0,0.0,0.0,0.0,0.0,0.0,0.0,0.4526669979095459,0.442533403635025
0.4526965916156769,0.2521203458309173,0.4749520123004913,0.2276392728090286,0.4302588105201721,0.2242846190929412,0.506011426448822,0.2690855860710144,0.4022215902805328,0.2632968425750732,0.5502709746360779,0.4342672228813171,0.3487838208675384,0.4523811638355255,0.7200196981430054,0.3991948068141937,0.1818055063486099,0.5938894152641296,0.9029241800308228,0.3421621024608612,0.1494232267141342,0.398309051990509,0.5095778107643127,0.8812186121940613,0.3692575395107269,0.8793991208076477,0.0,0.0,0.0,0.0,0.0,0.0,0.0,0.0,0.4516315758228302,0.4436094462871551
0.447814017534256,0.2514162361621856,0.4709488749504089,0.2282753139734268,0.4268377423286438,0.2244925945997238,0.5031760931015015,0.2716730535030365,0.3996060788631439,0.2617771923542022,0.5490388870239258,0.4336238801479339,0.3486734330654144,0.4508138000965118,0.709560751914978,0.3979487121105194,0.1975027024745941,0.60037761926651,0.9047878384590148,0.3358466029167175,0.2034673988819122,0.420098066329956,0.5058499574661255,0.8802326321601868,0.3665723800659179,0.8793705701828003,0.0,0.0,0.0,0.0,0.0,0.0,0.0,0.0,0.4503403604030609,0.4426036477088928
0.4460186958312988,0.2530653476715088,0.4694098532199859,0.2285396158695221,0.4255049228668213,0.2261725962162017,0.5026797652244568,0.2705821394920349,0.398989200592041,0.2615310549736023,0.5476825833320618,0.4340474605560303,0.3476194441318512,0.4504403173923492,0.7222371101379395,0.3965054452419281,0.1984285414218902,0.603521466255188,0.9120485186576844,0.3418958485126495,0.2049215137958526,0.4242575764656067,0.505340039730072,0.8857985138893127,0.3667150139808655,0.8834105730056763,0.0,0.0,0.0,0.0,0.0,0.0,0.0,0.0,0.4501428604125976,0.4414027631282806
0.4473287761211395,0.2530767619609833,0.4699284434318542,0.2285716384649276,0.4259064495563507,0.226854458451271,0.5043677091598511,0.2682740390300751,0.4005523324012756,0.2645190060138702,0.5526348352432251,0.433407723903656,0.3581103682518005,0.4560475647449493,0.7231615781784058,0.4054503738880157,0.1923122406005859,0.5974565744400024,0.9090487360954284,0.3594060838222503,0.1713708192110061,0.4121857285499573,0.5094932913780212,0.878811240196228,0.3722094595432281,0.8656026124954224,0.0,0.0,0.0,0.0,0.0,0.0,0.0,0.0,0.4561018347740173,0.4450072944164276
0.4493806362152099,0.2549985945224762,0.4715330302715301,0.2289542406797409,0.4277565479278564,0.2281606197357177,0.5073148608207703,0.2679058909416199,0.4032263457775116,0.2660781443119049,0.5516570210456848,0.4359495937824249,0.3612266480922699,0.4616101384162903,0.7203088402748108,0.4227349758148193,0.1930948793888092,0.5957397222518921,0.9217904210090636,0.3937849104404449,0.1627004891633987,0.4024580419063568,0.509821355342865,0.8818642497062683,0.3714857399463653,0.8785251379013062,0.0,0.0,0.0,0.0,0.0,0.0,0.0,0.0,0.4579587280750274,0.4494471848011017
0.4571857750415802,0.2598942220211029,0.4803389012813568,0.2337305098772049,0.4370445609092712,0.2351445257663726,0.5160675644874573,0.2710386216640472,0.4134624302387237,0.2717326581478119,0.561613917350769,0.4353809654712677,0.3672225773334503,0.4518970549106598,0.7252432107925415,0.4574823677539825,0.2258834838867187,0.6145224571228027,0.9379963278770448,0.4464195072650909,0.2211492955684662,0.4367833733558655,0.50523841381073,0.8809159994125366,0.3687998950481415,0.8663721084594727,0.0,0.0,0.0,0.0,0.0,0.0,0.0,0.0,0.4664447903633117,0.4446520805358886
0.4643581509590149,0.2710290253162384,0.4880231916904449,0.2453982383012771,0.4458621442317962,0.2420190274715423,0.5208274126052856,0.2770745456218719,0.4202341139316559,0.2703314125537872,0.5640233755111694,0.4442463219165802,0.3650698661804199,0.4534647166728973,0.7341820597648621,0.4734704494476318,0.2415944337844848,0.6204546093940735,0.936475932598114,0.4745862483978271,0.2483364045619964,0.4386420845985412,0.5046394467353821,0.8807105422019958,0.3688682019710541,0.8791683316230774,0.0,0.0,0.0,0.0,0.0,0.0,0.0,0.0,0.4638048112392425,0.4512682259082794
0.4615025818347931,0.2770509719848633,0.4853154718875885,0.2556627094745636,0.4437083601951599,0.2469548285007476,0.5143471360206604,0.292714387178421,0.4151296019554138,0.2757820188999176,0.554624617099762,0.453366756439209,0.3539113998413086,0.4530682861804962,0.7122390866279602,0.5060189962387085,0.2342732846736908,0.6189996600151062,0.9150418043136596,0.502672016620636,0.2060350328683853,0.4483207762241363,0.4926046431064605,0.8493143916130066,0.3656237721443176,0.8467547297477722,0.0,0.0,0.0,0.0,0.0,0.0,0.0,0.0,0.4547730088233948,0.4541186392307281
0.4437764585018158,0.2803255021572113,0.467518150806427,0.2594527900218963,0.4276240766048431,0.252786636352539,0.4991492629051208,0.2951282858848572,0.4040659070014953,0.2774734795093536,0.5400067567825317,0.4598155915737152,0.3461271226406097,0.4602848887443542,0.7004727721214294,0.5236115455627441,0.1885181963443756,0.5485512614250183,0.896610677242279,0.5356622934341431,0.1734953373670578,0.3836587965488434,0.479514867067337,0.8644438982009888,0.3515512943267822,0.850267231464386,0.0,0.0,0.0,0.0,0.0,0.0,0.0,0.0,0.444773405790329,0.4603874981403351
0.4310672879219055,0.2887978255748749,0.4547871947288513,0.2678149938583374,0.4150504469871521,0.2631977498531341,0.4920029938220978,0.3013186156749725,0.3933023512363434,0.2864294052124023,0.5294730067253113,0.4605113565921783,0.3376554548740387,0.4656557738780975,0.6921593546867371,0.521958589553833,0.1760632842779159,0.5247601270675659,0.8806633949279785,0.5264523029327393,0.1796500831842422,0.345836341381073,0.4707364737987518,0.851868212223053,0.3481056690216064,0.8498689532279968,0.0,0.0,0.0,0.0,0.0,0.0,0.0,0.0,0.436139315366745,0.4621254503726959
0.4225744307041168,0.2941718995571136,0.4473654627799988,0.2735053598880768,0.4067144393920898,0.2700420618057251,0.4814601540565491,0.3105689883232116,0.3872458636760711,0.2985298633575439,0.5238332152366638,0.4603018462657928,0.3431924283504486,0.4702564179897308,0.6886287927627563,0.5084255337715149,0.1787430346012115,0.5346745848655701,0.8732014298439026,0.4986896812915802,0.2123355716466903,0.3723542392253876,0.4676187336444855,0.8429113030433655,0.3501651883125305,0.8341352343559265,0.0,0.0,0.0,0.0,0.0,0.0,0.0,0.0,0.4341014325618744,0.4651695191860199
0.4184288680553436,0.3063609898090362,0.4413518607616424,0.2827536761760711,0.402686059474945,0.2831403613090515,0.4770340621471405,0.3141761720180511,0.3849909603595733,0.3134540021419525,0.5221840143203735,0.4629268944263458,0.3479854762554168,0.4753773808479309,0.6880531907081604,0.502396821975708,0.1794433444738388,0.529068112373352,0.8706676363945007,0.4841766655445099,0.2280709594488144,0.3759211897850036,0.4703664183616638,0.842290461063385,0.3545065820217132,0.8322452902793884,0.0,0.0,0.0,0.0,0.0,0.0,0.0,0.0,0.4365350306034088,0.4682381749153137
0.4249818623065948,0.3070326447486877,0.4490458071231842,0.2843209207057953,0.4089432060718536,0.2831682860851288,0.4855934679508209,0.3150053918361664,0.3904212415218353,0.3124454319477081,0.5280147194862366,0.4606866240501404,0.3495401442050934,0.4712543487548828,0.688935399055481,0.5027151107788086,0.1928875893354416,0.5220159292221069,0.8694391846656799,0.489252895116806,0.2102937251329422,0.3612948358058929,0.4782948195934295,0.8315437436103821,0.3627097308635711,0.8198500275611877,0.0,0.0,0.0,0.0,0.0,0.0,0.0,0.0,0.4410172998905182,0.4653443694114685
0.4390888512134552,0.3055520951747894,0.4615179002285003,0.2811260819435119,0.4214599132537842,0.2819156348705292,0.4980892539024353,0.3117469251155853,0.4030757844448089,0.3119723200798034,0.541904091835022,0.4613953232765198,0.3620088100433349,0.4775108695030212,0.7049192190170288,0.5032632350921631,0.2037021666765213,0.5208958983421326,0.8864280581474304,0.4930504262447357,0.1975570023059845,0.3458752632141113,0.4946804642677307,0.8285459876060486,0.3785814642906189,0.8170189261436462,0.0,0.0,0.0,0.0,0.0,0.0,0.0,0.0,0.4538735747337341,0.4685028493404388
0.4551166594028473,0.2985036075115204,0.4759297668933868,0.2740820944309234,0.4366003572940826,0.2744015455245971,0.5092487931251526,0.3057982623577118,0.4157326221466064,0.3075616061687469,0.5544732213020325,0.4566270709037781,0.3753839433193207,0.4769949913024902,0.7086241841316223,0.4991653561592102,0.2136009782552719,0.5194269418716431,0.900388777256012,0.4857473373413086,0.2128862291574478,0.3464658260345459,0.5136030316352844,0.8164028525352478,0.3970494568347931,0.815295398235321,0.0,0.0,0.0,0.0,0.0,0.0,0.0,0.0,0.4657001793384552,0.466503381729126
0.471909612417221,0.2943699061870575,0.4914174675941467,0.2693126797676086,0.4529601633548736,0.2698185443878174,0.5250331163406372,0.3076314032077789,0.4316546320915222,0.3075652420520782,0.5723487138748169,0.4513044953346252,0.3953811228275299,0.4701448380947113,0.7333275675773621,0.4908379018306732,0.2243896424770355,0.4936777055263519,0.9197379350662231,0.4756086766719818,0.269671767950058,0.3372139036655426,0.5355168581008911,0.8179219365119934,0.4136590957641601,0.8280472159385681,0.0,0.0,0.0,0.0,0.0,0.0,0.0,0.0,0.4811878502368927,0.4606550335884094
0.4798373579978943,0.2937859892845154,0.5002082586288452,0.2700895965099334,0.4614021480083465,0.2681542932987213,0.5328441262245178,0.3072023391723633,0.4389554858207702,0.299776017665863,0.5816181898117065,0.4524290263652801,0.4010612964630127,0.4694399535655975,0.739499032497406,0.4900380074977875,0.2364194244146347,0.4893445968627929,0.9248133897781372,0.4783173501491546,0.2469899952411651,0.3232769072055816,0.5416463017463684,0.8284499049186707,0.4214611053466797,0.8324053883552551,0.0,0.0,0.0,0.0,0.0,0.0,0.0,0.0,0.4900899827480316,0.460787296295166
0.4837131798267364,0.2939277291297912,0.5053862929344177,0.2724274396896362,0.4664219319820404,0.2680160701274872,0.5365784764289856,0.3089843690395355,0.4423411786556244,0.2971364557743072,0.583918571472168,0.452712208032608,0.3990973830223083,0.4695148468017578,0.7432112097740173,0.4887207448482513,0.2393807470798492,0.494466632604599,0.9274743795394896,0.480933666229248,0.219901904463768,0.3200449049472809,0.5435836911201477,0.8328145146369934,0.4223087430000305,0.8364892601966858,0.0,0.0,0.0,0.0,0.0,0.0,0.0,0.0,0.4909797608852386,0.4607250094413757
0.4865875840187073,0.2960522174835205,0.5073420405387878,0.2734696567058563,0.4690552651882171,0.2704093158245086,0.5371048450469971,0.307822048664093,0.4447425901889801,0.2987603843212127,0.5851930975914001,0.4526982605457306,0.4015886783599853,0.4695077836513519,0.7427191734313965,0.4891787469387054,0.2414653152227401,0.4911094307899475,0.9258309602737428,0.4859733879566192,0.2017690390348434,0.3171231150627136,0.5436853170394897,0.8329811096191406,0.4223629534244537,0.8352502584457397,0.0,0.0,0.0,0.0,0.0,0.0,0.0,0.0,0.4923416078090668,0.4610273540019989
0.4841951727867126,0.2964610457420349,0.5055688619613647,0.274466335773468,0.4677160084247589,0.2710939049720764,0.5364054441452026,0.3085111677646637,0.4436071813106537,0.2987861931324005,0.5849204659461975,0.4524798393249511,0.4026419818401336,0.4708685874938965,0.7436477541923523,0.4886086285114288,0.2440498173236847,0.4856818318367004,0.9303465485572816,0.4834693372249603,0.2234142273664474,0.3135526478290558,0.5417447686195374,0.8335248827934265,0.4208992421627044,0.8357151746749878,0.0,0.0,0.0,0.0,0.0,0.0,0.0,0.0,0.4928461015224457,0.4616282880306244
0.4766357243061065,0.2959404289722442,0.4972566962242126,0.2723061144351959,0.4603059887886047,0.2719046175479889,0.5327855944633484,0.3066176772117615,0.4404142498970032,0.3011793494224548,0.582225501537323,0.4506625831127167,0.4058375358581543,0.4676834046840668,0.7420047521591187,0.485072374343872,0.2428077310323715,0.4749477803707123,0.9284810423851012,0.4774740040302276,0.2682286202907562,0.3144285380840301,0.5387703776359558,0.8319723010063171,0.42027148604393,0.8337410688400269,0.0,0.0,0.0,0.0,0.0,0.0,0.0,0.0,0.4928878247737884,0.4601034820079803
0.4714222550392151,0.2948097288608551,0.4915054440498352,0.2694328129291534,0.4544902741909027,0.2713465094566345,0.5313676595687866,0.3046494126319885,0.4355421066284179,0.3034047782421112,0.5818144083023071,0.4498880505561828,0.4064725339412689,0.4658544659614563,0.7433169484138489,0.4816858768463135,0.2450724840164184,0.4661858975887298,0.9345914125442504,0.4725318253040313,0.2772866785526275,0.3076086044311523,0.5358064770698547,0.8324751853942871,0.418219655752182,0.8315555453300476,0.0,0.0,0.0,0.0,0.0,0.0,0.0,0.0,0.4926097393035888,0.4589515030384063
0.4699103236198425,0.2959508597850799,0.4915094971656799,0.2716202437877655,0.4526003003120422,0.2721988260746002,0.5303647518157959,0.3056191504001617,0.4327823221683502,0.3054715096950531,0.5783854722976685,0.4499604403972626,0.4012385308742523,0.4687360227108001,0.7385725975036621,0.4806439280509949,0.2419136762619018,0.4770185947418213,0.92583167552948,0.4764697551727295,0.2330145537853241,0.3057713806629181,0.5338510274887085,0.8349615931510925,0.4164738357067108,0.8355657458305359,0.0,0.0,0.0,0.0,0.0,0.0,0.0,0.0,0.4882047474384308,0.4599387943744659
0.4674296081066131,0.2983445525169372,0.4890045821666717,0.2747315466403961,0.4500019550323486,0.27395761013031,0.5239052176475525,0.3071716725826263,0.4269612729549408,0.3058372139930725,0.5731274485588074,0.4503002464771271,0.3951188921928406,0.4688830971717834,0.73188716173172,0.4861698746681213,0.2432155460119247,0.4800629317760467,0.9165887236595154,0.4843592345714569,0.2127660065889358,0.3031802177429199,0.5302681922912598,0.8298806548118591,0.4116705060005188,0.828369677066803,0.0,0.0,0.0,0.0,0.0,0.0,0.0,0.0,0.4811640679836273,0.4593349993228912
0.4580230712890625,0.2997614741325378,0.4784128367900848,0.2751968801021576,0.4398548007011413,0.2749667465686798,0.5139108896255493,0.3060186207294464,0.4196333587169647,0.3073950707912445,0.5616747736930847,0.4505340456962585,0.3871035277843475,0.4723617732524872,0.7188361287117004,0.4898489415645599,0.232916921377182,0.4863934516906738,0.9085067510604858,0.4867069125175476,0.242612600326538,0.3168199360370636,0.5194664597511292,0.8341725468635559,0.4005690515041351,0.8313238024711609,0.0,0.0,0.0,0.0,0.0,0.0,0.0,0.0,0.4743486940860748,0.4612063467502594
0.4465299248695373,0.3036401867866516,0.4675016701221466,0.2773052453994751,0.4300441741943359,0.2766223847866058,0.5034034848213196,0.3080238997936249,0.4112847745418548,0.3048401176929474,0.5478077530860901,0.4551092088222503,0.3811735510826111,0.4766993224620819,0.7046815752983093,0.4933858513832092,0.2213012278079986,0.4829830825328827,0.8982754349708557,0.4900209009647369,0.2664765417575836,0.3302319347858429,0.5045283436775208,0.8325696587562561,0.3901721537113189,0.8256131410598755,0.0,0.0,0.0,0.0,0.0,0.0,0.0,0.0,0.4645631015300751,0.4655308425426483
0.4352162778377533,0.3007649779319763,0.458174854516983,0.2783955335617065,0.4194277822971344,0.2770473659038543,0.4956715703010559,0.3131417334079742,0.3999238014221191,0.3063912391662597,0.5373767018318176,0.457465261220932,0.3558861315250397,0.4737693667411804,0.7012408971786499,0.5006822347640991,0.202860340476036,0.4888452887535095,0.8842900395393372,0.5012539029121399,0.2249173074960708,0.3329715728759765,0.4898421168327331,0.8331748843193054,0.3726510107517242,0.8267855644226074,0.0,0.0,0.0,0.0,0.0,0.0,0.0,0.0,0.4484427571296692,0.4646199345588684
0.4160015285015106,0.298576295375824,0.4391603469848633,0.276721179485321,0.400029569864273,0.2748691439628601,0.4729103147983551,0.3137125670909881,0.381025493144989,0.3059444427490234,0.5196395516395569,0.4638817310333252,0.3409156799316406,0.4745634496212005,0.6839740872383118,0.5106952786445618,0.1714562326669693,0.4963278174400329,0.8573862910270691,0.517872154712677,0.1614966541528701,0.3093748390674591,0.4614451229572296,0.8490166664123535,0.342447280883789,0.838642954826355,0.0,0.0,0.0,0.0,0.0,0.0,0.0,0.0,0.4301302433013916,0.4693274796009063
0.4056285321712494,0.2998722195625305,0.4287997186183929,0.2770774960517883,0.3885350227355957,0.2748236954212188,0.4639573097229004,0.3128982484340668,0.3667497634887695,0.3033488392829895,0.5103263854980469,0.4654429256916046,0.3263306617736816,0.4752897620201111,0.6806828379631042,0.5119282007217407,0.1614222079515457,0.4910804331302643,0.8512915968894958,0.5155980587005615,0.1599849164485931,0.3068290054798126,0.4564041495323181,0.8544572591781616,0.3327583968639374,0.8601060509681702,0.0,0.0,0.0,0.0,0.0,0.0,0.0,0.0,0.4181096851825714,0.4693086445331573
0.3907607197761535,0.2901399433612823,0.4131394028663635,0.2645679414272308,0.3731749653816223,0.266304463148117,0.4547469019889831,0.3005929887294769,0.3528534770011902,0.2991768717765808,0.5037382245063782,0.465528279542923,0.3057987093925476,0.4810226857662201,0.6718612909317017,0.5171236395835876,0.1296181976795196,0.50078946352005,0.8571081161499023,0.5271878838539124,0.184981420636177,0.3322624862194061,0.446544736623764,0.862248957157135,0.3170448243618011,0.8606768250465393,0.0,0.0,0.0,0.0,0.0,0.0,0.0,0.0,0.4047793447971344,0.4719036519527435
0.3833778202533722,0.2656355798244476,0.4074940383434295,0.2443289756774902,0.365711897611618,0.2458631843328476,0.4474944472312927,0.2902776300907135,0.3462951779365539,0.2905860841274261,0.4972959160804748,0.4603126347064972,0.290293276309967,0.4718416631221771,0.6793375015258789,0.521035373210907,0.1099702268838882,0.5099666714668274,0.8637137413024902,0.536252498626709,0.1449912637472152,0.3264725804328918,0.4443015158176422,0.8635677695274353,0.3117632269859314,0.8660473227500916,0.0,0.0,0.0,0.0,0.0,0.0,0.0,0.0,0.3932526707649231,0.4644096195697784
0.3687235414981842,0.2353054583072662,0.3948903679847717,0.2114292532205581,0.3496177196502685,0.2129919081926345,0.4382092356681824,0.258900910615921,0.3274268507957458,0.2577610909938812,0.4925853610038757,0.4432146549224853,0.2731069922447204,0.4657033383846283,0.682654082775116,0.5091937184333801,0.0910773873329162,0.5211718678474426,0.8692700266838074,0.5254578590393066,0.0719341561198234,0.2971715033054352,0.4425110816955566,0.8851708769798279,0.2956086099147796,0.90513414144516,0.0,0.0,0.0,0.0,0.0,0.0,0.0,0.0,0.3807950317859649,0.453409343957901
0.3567802011966705,0.2275381535291671,0.3847211003303528,0.2035462111234665,0.3364017307758331,0.2031474411487579,0.4319976270198822,0.2459165304899215,0.3143117725849151,0.2433068305253982,0.4871385097503662,0.4364404082298279,0.2609227299690246,0.4580509960651397,0.6836084723472595,0.5026032328605652,0.0694790333509445,0.5252582430839539,0.8730955123901367,0.5066307187080383,0.0756533071398735,0.2913303971290588,0.4355062544345855,0.8887985944747925,0.2805773615837097,0.904845893383026,0.0,0.0,0.0,0.0,0.0,0.0,0.0,0.0,0.3719953894615173,0.447001039981842
0.3473021388053894,0.2131835967302322,0.3769023716449737,0.1888358145952224,0.3260433971881866,0.1911276429891586,0.4269751906394958,0.2402634620666504,0.3050122559070587,0.2375812381505966,0.4776184558868408,0.4313394129276275,0.2445344775915146,0.4595523774623871,0.681580662727356,0.4986072480678558,0.047326885163784,0.5399436950683594,0.8852266073226929,0.4989411532878876,0.0921254232525825,0.3214383721351623,0.4351634085178375,0.9200701713562012,0.2743066847324371,0.936564803123474,0.0,0.0,0.0,0.0,0.0,0.0,0.0,0.0,0.3607676029205322,0.4456804692745209
0.3284385204315185,0.1995812952518463,0.3618856370449066,0.1699491739273071,0.303647369146347,0.1750185638666153,0.4128575623035431,0.2178642600774765,0.2831956446170807,0.2289419621229171,0.4690898358821869,0.4222288131713867,0.2243263274431228,0.4492637515068054,0.6852426528930664,0.4940912425518036,0.0210536289960145,0.5400501489639282,0.903865933418274,0.4984739422798157,0.0489350967109203,0.308786004781723,0.420575886964798,0.959639847278595,0.2435509860515594,0.976116180419922,0.0,0.0,0.0,0.0,0.0,0.0,0.0,0.0,0.3462704122066498,0.4354214072227478
0.3240686357021332,0.1901489645242691,0.3600736558437347,0.1553829610347747,0.3002409934997558,0.1611076742410659,0.416526049375534,0.2064958065748214,0.2792316079139709,0.2085584849119186,0.469262033700943,0.4164306819438934,0.2217082679271698,0.438660204410553,0.6924883127212524,0.4874605536460876,0.0186794269829988,0.5296478867530823,0.9266672730445862,0.4964043796062469,0.0089285718277096,0.2886192202568054,0.4177890121936798,0.9579931497573853,0.2377722263336181,0.9748556017875672,0.0,0.0,0.0,0.0,0.0,0.0,0.0,0.0,0.3444158136844635,0.4253970086574554
0.3308753371238708,0.1876479387283325,0.367276519536972,0.1528943479061126,0.3068586885929107,0.1567199975252151,0.4234753251075744,0.2043623775243759,0.2846176028251648,0.2002793550491333,0.4693255722522735,0.4205822646617889,0.2239295989274978,0.4384236633777618,0.698597252368927,0.4915826022624969,0.0173683725297451,0.5277630090713501,0.9266568422317504,0.4969393610954284,0.0,0.0,0.4177560210227966,0.9603533148765564,0.2380109131336212,0.974793553352356,0.0,0.0,0.0,0.0,0.0,0.0,0.0,0.0,0.3449914455413818,0.4264076054096222
0.330885499715805,0.1889754384756088,0.3694745898246765,0.1551532447338104,0.3071948885917663,0.1580839306116104,0.4265806376934051,0.2140320837497711,0.2844861447811126,0.2041716873645782,0.4695389568805694,0.4312820136547088,0.2128750383853912,0.4459210336208343,0.7047023177146912,0.5055640339851379,0.0089285718277096,0.5354115962982178,0.9526919722557068,0.5170323252677917,0.0114588784053921,0.2905101776123047,0.4001268744468689,0.9910714030265808,0.2256021946668625,0.9769523739814758,0.0,0.0,0.0,0.0,0.0,0.0,0.0,0.0,0.3420705497264862,0.4377767741680145
0.3252515494823456,0.1978913843631744,0.3661803305149078,0.1643037348985672,0.3019965291023254,0.1661441624164581,0.4248283803462982,0.2239331752061844,0.2790033519268036,0.2182589471340179,0.4739742875099182,0.4420127272605896,0.2034118175506591,0.455847293138504,0.7207627296447754,0.5245051980018616,0.0089285718277096,0.5431545972824097,0.9621682167053224,0.5349333882331848,0.0125045049935579,0.3041403591632843,0.0,0.0,0.2118103504180908,0.9910715222358704,0.0,0.0,0.0,0.0,0.0,0.0,0.0,0.0,0.3397128880023956,0.450944185256958
0.3118443191051483,0.2168799936771392,0.3512211143970489,0.1845999807119369,0.2898347675800323,0.1838364750146865,0.4132689833641052,0.2410561889410019,0.2650187015533447,0.2280013561248779,0.4739321768283844,0.4670088291168213,0.1935818344354629,0.4792843759059906,0.7115321755409241,0.540727972984314,0.0089285718277096,0.5644955635070801,0.9616429209709167,0.553115963935852,0.0,0.0,0.0,0.0,0.0,0.0,0.0,0.0,0.0,0.0,0.0,0.0,0.0,0.0,0.3329058587551117,0.4761539399623871
0.2992439866065979,0.2293458431959152,0.3368030488491058,0.1950887143611908,0.2754509150981903,0.1988212168216705,0.3993341326713562,0.2531668245792389,0.2519153654575348,0.2551708519458771,0.4603767693042755,0.4799329936504364,0.1864975392818451,0.4957441389560699,0.7080874443054199,0.5487169623374939,0.0089285718277096,0.5718985795974731,0.977384626865387,0.561222493648529,0.0,0.0,0.0,0.0,0.0,0.0,0.0,0.0,0.0,0.0,0.0,0.0,0.0,0.0,0.3235998749732971,0.4934913218021393
0.2779005169868469,0.2433090955018997,0.3147378861904144,0.2106984108686447,0.256796270608902,0.2102918922901153,0.3862090706825256,0.2663854658603668,0.2339338809251785,0.2578059136867523,0.4531053900718689,0.4941463768482208,0.1837512105703354,0.5226730704307556,0.7040391564369202,0.5548664331436157,0.0089285718277096,0.6055044531822205,0.9800881743431092,0.5633794069290161,0.0,0.0,0.0,0.0,0.0,0.0,0.0,0.0,0.0,0.0,0.0,0.0,0.0,0.0,0.3150898516178131,0.5138447880744934
0.2752575576305389,0.2496326118707656,0.3139689564704895,0.2161112129688263,0.2567830383777618,0.2161026298999786,0.3861658871173858,0.2718499004840851,0.0,0.0,0.4522585272789001,0.4976635873317718,0.1737545579671859,0.5250362157821655,0.7161247134208679,0.5649794936180115,0.0089285718277096,0.6097888946533203,0.9820497632026672,0.5729914903640747,0.0,0.0,0.0,0.0,0.0,0.0,0.0,0.0,0.0,0.0,0.0,0.0,0.0,0.0,0.3116696178913116,0.5159525275230408
0.2812044620513916,0.256459504365921,0.3222274780273437,0.2221814543008804,0.2613691389560699,0.2201705873012542,0.3848963379859924,0.2719908654689789,0.2377655804157257,0.2591736614704132,0.4498427510261535,0.4906580448150635,0.1759240478277206,0.5210579037666321,0.7015827298164368,0.5580377578735352,0.0089285718277096,0.5932273864746094,0.9614396691322328,0.5836935043334961,0.0,0.0,0.0,0.0,0.0,0.0,0.0,0.0,0.0,0.0,0.0,0.0,0.0,0.0,0.3125452101230621,0.5089446902275085
0.2818246781826019,0.2599824368953705,0.3213133215904236,0.2252330929040908,0.2610581815242767,0.2261806577444076,0.3832485377788543,0.2780038714408874,0.2383061647415161,0.2720479667186737,0.4495017528533935,0.4929658472537994,0.1817617416381836,0.5263255834579468,0.7001778483390808,0.5653413534164429,0.0089285718277096,0.6070102453231812,0.9595720171928406,0.5976377725601196,0.0,0.0,0.0,0.0,0.0,0.0,0.0,0.0,0.0,0.0,0.0,0.0,0.0,0.0,0.3123368620872497,0.5127058029174805
0.29018035531044,0.2736282050609588,0.3289608955383301,0.2374792248010635,0.2659769356250763,0.2387983649969101,0.3890574872493744,0.2953192889690399,0.2409160286188125,0.2874825000762939,0.452134370803833,0.5082541108131409,0.1825610697269439,0.5312452912330627,0.7016407251358032,0.5910224914550781,0.0089285718277096,0.6216582655906677,0.9561099410057068,0.6210017800331116,0.0,0.0,0.0,0.0,0.0,0.0,0.0,0.0,0.0,0.0,0.0,0.0,0.0,0.0,0.3149164021015167,0.5211492776870728
0.3096795976161957,0.2626394033432007,0.3465695381164551,0.227325364947319,0.2868664562702179,0.2307166159152984,0.4067786633968353,0.2809402644634247,0.2611614167690277,0.2819525301456451,0.4626185297966003,0.4965524673461914,0.2086576223373413,0.5125823616981506,0.6914491653442383,0.5762147903442383,0.0242714434862136,0.5957527160644531,0.9580789804458618,0.6219441294670105,0.0,0.0,0.0,0.0,0.0,0.0,0.0,0.0,0.0,0.0,0.0,0.0,0.0,0.0,0.3356143832206726,0.506794810295105
0.3358643352985382,0.260080486536026,0.3700337409973144,0.2235561162233352,0.3088828027248382,0.2229394912719726,0.4153109192848205,0.2737568020820617,0.2716031372547149,0.2655848562717438,0.4570071995258331,0.4984311759471893,0.202389046549797,0.4951358437538147,0.6711999177932739,0.5834792852401733,0.0089285718277096,0.5905346274375916,0.92783921957016,0.6457932591438293,0.0,0.0,0.0,0.0,0.0,0.0,0.0,0.0,0.0,0.0,0.0,0.0,0.0,0.0,0.33156219124794,0.4975521564483642
0.334263414144516,0.2546461522579193,0.3691594302654266,0.2204672247171402,0.3067830502986908,0.2200565040111541,0.4136449992656708,0.2752551138401031,0.269902765750885,0.2686762511730194,0.4535973072052002,0.4983820617198944,0.2004979103803634,0.4909177124500274,0.6685287356376648,0.5933815240859985,0.0089285718277096,0.5931202173233032,0.9149625897407532,0.6529678106307983,0.0,0.0,0.0,0.0,0.0,0.0,0.0,0.0,0.0,0.0,0.0,0.0,0.0,0.0,0.3295186460018158,0.4949392974376678
0.3335790336132049,0.255280464887619,0.370234876871109,0.2197411954402923,0.3067230582237243,0.2162709683179855,0.4144215583801269,0.2717250287532806,0.2696621119976043,0.2638556063175201,0.4554082751274109,0.4993244707584381,0.1936275511980056,0.491870254278183,0.6658716201782227,0.5980626940727234,0.0089285718277096,0.5980863571166992,0.91008061170578,0.6516550183296204,0.0,0.0,0.0,0.0,0.0,0.0,0.0,0.0,0.0,0.0,0.0,0.0,0.0,0.0,0.3279612958431244,0.4952852725982666
0.3468345105648041,0.2290668189525604,0.3804971277713775,0.1929190009832382,0.3234780132770538,0.1929838359355926,0.4328130781650543,0.2415650635957718,0.2959945499897003,0.2290235310792923,0.4899738430976867,0.451852023601532,0.2356261014938354,0.467864990234375,0.6880725622177124,0.5534618496894836,0.0140847405418753,0.6348899006843567,0.926205575466156,0.6230804324150085,0.0120816919952631,0.3500989377498626,0.4593258798122406,0.9910714030265808,0.0,0.0,0.0,0.0,0.0,0.0,0.0,0.0,0.0,0.0,0.362900823354721,0.4588222801685333
0.400052934885025,0.2144631594419479,0.4335115551948547,0.1867962926626205,0.3762255609035492,0.1844293624162674,0.4801324903964996,0.2431988716125488,0.3498137593269348,0.2318714708089828,0.5382013320922852,0.4453179538249969,0.2964694201946258,0.4639818668365478,0.7164254784584045,0.541044294834137,0.1015629693865776,0.6707342863082886,0.9762724041938782,0.6212366223335266,0.1242882162332534,0.4060741364955902,0.5074537992477417,0.9580289125442504,0.3474145233631134,0.9777496457099916,0.0,0.0,0.0,0.0,0.0,0.0,0.0,0.0,0.4157154560089111,0.4592903256416321
0.4340937435626983,0.2088788300752639,0.4660598635673523,0.1795775741338729,0.4099385440349579,0.1774888783693313,0.5087147355079651,0.2292798608541488,0.384133517742157,0.2259865701198578,0.5746768116950989,0.4327611029148102,0.3325420022010803,0.4556031227111816,0.7760773301124573,0.539357602596283,0.1468247324228286,0.6545431017875671,0.9910714030265808,0.5995243191719055,0.1418506652116775,0.3730940818786621,0.5491535663604736,0.9600191712379456,0.3953477740287781,0.9771549105644226,0.0,0.0,0.0,0.0,0.0,0.0,0.0,0.0,0.4538634121417999,0.4442018866539001
0.4567047953605652,0.2479616552591323,0.4873203933238983,0.2177129685878753,0.4352801442146301,0.2169204950332641,0.5313878655433655,0.2554089426994324,0.4088422656059265,0.2483509927988052,0.5976430177688599,0.4513751566410064,0.3655590116977691,0.4699701964855194,0.7791706323623657,0.5573276281356812,0.1865589171648025,0.6604422926902771,0.9910715222358704,0.6242226362228394,0.2104981839656829,0.4305227100849151,0.5628553032875061,0.9787088632583618,0.4060640335083008,0.9910714030265808,0.0,0.0,0.0,0.0,0.0,0.0,0.0,0.0,0.4798641204833984,0.4623021185398102
0.464176595211029,0.2749543488025665,0.4943982064723968,0.2466061115264892,0.4448152482509613,0.2415713965892791,0.5396292209625244,0.2876296639442444,0.419168621301651,0.2752207815647125,0.5941587686538696,0.4642257988452911,0.3715822398662567,0.4842883050441742,0.7618759870529175,0.5704923868179321,0.2029680758714676,0.6469784379005432,0.9789842963218688,0.6443982124328613,0.1995718628168106,0.4220987856388092,0.5646973848342896,0.9774733185768129,0.414549171924591,0.981307566165924,0.0,0.0,0.0,0.0,0.0,0.0,0.0,0.0,0.4820034205913543,0.4744686186313629
0.4613194167613983,0.2933215796947479,0.4887546598911285,0.264694333076477,0.4409006237983703,0.2605414092540741,0.5323137640953064,0.3027257919311523,0.4157016277313232,0.2935819029808044,0.5864242315292358,0.4731383025646209,0.3691085875034332,0.4963230192661285,0.7472432255744934,0.5826968550682068,0.2063463777303695,0.6501339673995972,0.9546052813529968,0.6700211763381958,0.1935988515615463,0.4403480887413025,0.5633335709571838,0.9589923024177552,0.4171815514564514,0.9797602295875548,0.0,0.0,0.0,0.0,0.0,0.0,0.0,0.0,0.4780090153217315,0.4869730472564697
0.4492444396018982,0.3093944191932678,0.4801128208637237,0.282228410243988,0.431351900100708,0.2791343331336975,0.523795485496521,0.3195820450782776,0.4081393778324127,0.3122521042823791,0.5774803161621094,0.486490398645401,0.3649169504642486,0.50128573179245,0.7351459264755249,0.6075569987297058,0.2101014107465744,0.6381635665893555,0.9218445420265198,0.7008514404296875,0.19746133685112,0.4389273226261139,0.5505606532096863,0.9574414491653442,0.4123419225215912,0.9772558212280272,0.0,0.0,0.0,0.0,0.0,0.0,0.0,0.0,0.4712829291820526,0.4941519200801849
0.4455001056194305,0.3223957419395447,0.4712715148925781,0.2925973534584045,0.4251534044742584,0.2948298752307892,0.5137630105018616,0.3230825364589691,0.405444324016571,0.3270229995250702,0.5617694854736328,0.493506908416748,0.3674956858158111,0.5052824020385742,0.7015760540962219,0.627461850643158,0.2137386351823806,0.6498440504074097,0.8874607682228088,0.7228425741195679,0.2371403276920318,0.4503817856311798,0.5308247804641724,0.9769195914268494,0.3996584415435791,0.9779012799263,0.0,0.0,0.0,0.0,0.0,0.0,0.0,0.0,0.4630115032196045,0.4986524581909179
0.4219074845314026,0.3042648732662201,0.4506253600120544,0.280911237001419,0.4041321873664856,0.2770386040210724,0.4955933690071106,0.3221436142921448,0.381967157125473,0.3098187148571014,0.543644905090332,0.4888213276863098,0.3355282843112945,0.5058645606040955,0.6818870306015015,0.6274853944778442,0.1850171834230423,0.6476088166236877,0.8887524008750916,0.7281857132911682,0.1782775074243545,0.4473891258239746,0.5092248320579529,0.9492603540420532,0.3690309226512909,0.9530053734779358,0.0,0.0,0.0,0.0,0.0,0.0,0.0,0.0,0.4381577968597412,0.4978581368923187
0.4016506969928741,0.2844873070716858,0.4319694340229034,0.2638750672340393,0.3855759799480438,0.2608290612697601,0.4774307608604431,0.3113342821598053,0.3666341304779053,0.2989161014556885,0.526681125164032,0.4816380441188812,0.3194279372692108,0.4884387552738189,0.6744961738586426,0.6183767914772034,0.1643570959568023,0.6288376450538635,0.8803480863571167,0.7226069569587708,0.1499697864055633,0.4287676513195038,0.4825837910175323,0.921521544456482,0.3420756161212921,0.926970601081848,0.0,0.0,0.0,0.0,0.0,0.0,0.0,0.0,0.4219194054603576,0.4845109581947326
0.3841633200645447,0.273529976606369,0.4139423668384552,0.2522467374801636,0.3691520988941192,0.2481774091720581,0.4619241654872894,0.2974967658519745,0.3507349789142608,0.2869706451892853,0.5094807744026184,0.4710564911365509,0.3059099614620209,0.4828496277332306,0.6555848717689514,0.6084745526313782,0.1421903073787689,0.6315460205078125,0.8491698503494263,0.7137559652328491,0.1431535631418228,0.4323712885379791,0.459084004163742,0.9043489098548888,0.3203016817569732,0.9191761016845704,0.0,0.0,0.0,0.0,0.0,0.0,0.0,0.0,0.4068198800086975,0.4756469428539276
0.3672422766685486,0.2374526709318161,0.3934535682201385,0.2166991382837295,0.3511882722377777,0.2154282480478286,0.4387546479701996,0.2692449688911438,0.3319774270057678,0.2531996071338653,0.4863766133785248,0.4406692385673523,0.2858102023601532,0.4598483443260193,0.6372435688972473,0.5774446129798889,0.113625943660736,0.6047796607017517,0.8245915174484253,0.6795105338096619,0.1468991190195083,0.3927355110645294,0.4258320927619934,0.8794652819633484,0.2929643094539642,0.8881018757820129,0.0,0.0,0.0,0.0,0.0,0.0,0.0,0.0,0.3843094408512115,0.4475444853305816
0.361578494310379,0.2492000609636306,0.3890590965747833,0.2261413633823394,0.345372200012207,0.2242010533809662,0.4369542002677917,0.2685888409614563,0.3257865905761719,0.2581045925617218,0.4865955710411072,0.4358930289745331,0.2785220742225647,0.4570159018039703,0.6386815905570984,0.5563994646072388,0.1172275617718696,0.5967477560043335,0.8132532835006714,0.6363073587417603,0.1010759323835372,0.3956365883350372,0.4273094236850738,0.8676078915596008,0.2924793064594269,0.8863154649734497,0.0,0.0,0.0,0.0,0.0,0.0,0.0,0.0,0.3829016983509063,0.4437134861946106
0.3754030764102936,0.2728829979896545,0.4002140164375305,0.2511870861053467,0.3576227724552154,0.2501933872699737,0.4425527155399322,0.2884562909603119,0.3399629294872284,0.2867608070373535,0.4954265654087066,0.4499197006225586,0.2975861728191376,0.4686120152473449,0.6470116972923279,0.5605682730674744,0.1409958302974701,0.5994911789894104,0.8095064759254456,0.6281196475028992,0.1071503162384033,0.406505674123764,0.4520175755023956,0.8474801778793335,0.3238146603107452,0.8505930304527283,0.0,0.0,0.0,0.0,0.0,0.0,0.0,0.0,0.398839384317398,0.4567277133464813
0.3865342438220978,0.2971502840518951,0.4097679555416107,0.2726280689239502,0.3687017261981964,0.2740382552146911,0.4515075087547302,0.3017834722995758,0.3511907160282135,0.3066737353801727,0.504122793674469,0.4589343965053558,0.3251964747905731,0.4766136705875397,0.6410366892814636,0.5620871186256409,0.198852464556694,0.6073216199874878,0.7934021353721619,0.6236082315444946,0.200257658958435,0.4384593963623047,0.4597444534301758,0.8477320671081543,0.3391545116901397,0.8596648573875427,0.0,0.0,0.0,0.0,0.0,0.0,0.0,0.0,0.413775771856308,0.4663503468036651
0.3909602463245392,0.2995045185089111,0.4125801622867584,0.2739684879779815,0.3745967447757721,0.2793832719326019,0.457186609506607,0.3023417294025421,0.3588865399360657,0.3116979002952575,0.5107429027557373,0.4576379954814911,0.3375613093376159,0.4756124913692474,0.6465820670127869,0.5588905215263367,0.2212287485599517,0.6169503927230835,0.7844752073287964,0.6203740835189819,0.2308461666107177,0.44741091132164,0.4615033268928528,0.8464040756225586,0.3454202115535736,0.846407949924469,0.0,0.0,0.0,0.0,0.0,0.0,0.0,0.0,0.4221573173999786,0.4665719866752624
0.4000327885150909,0.3048756718635559,0.4200814068317413,0.277439534664154,0.3831763565540313,0.2845426499843597,0.4646287560462951,0.3000061511993408,0.3683759272098541,0.3144910633563995,0.5177841782569885,0.4556963443756103,0.3472156226634979,0.4775857627391815,0.6547337770462036,0.5455621480941772,0.2306198626756668,0.6142587661743164,0.799297034740448,0.6008118987083435,0.1934344470500946,0.4410076737403869,0.4666385352611542,0.8317027688026428,0.3507920801639557,0.8295473456382751,0.0,0.0,0.0,0.0,0.0,0.0,0.0,0.0,0.4324916005134582,0.4670121669769287
0.3979291915893554,0.3137120902538299,0.4182344079017639,0.2868000864982605,0.382800281047821,0.29481241106987,0.4674971997737884,0.3091554343700409,0.3694153726100921,0.3225609362125397,0.5143091678619385,0.4592235684394836,0.3632716834545135,0.4846996366977691,0.645230233669281,0.542116105556488,0.2591827511787414,0.6199160218238831,0.7780980467796326,0.5907877683639526,0.2248072177171707,0.455316811800003,0.4657940864562988,0.8274793028831482,0.3570263683795929,0.8254340887069702,0.0,0.0,0.0,0.0,0.0,0.0,0.0,0.0,0.4395259916782379,0.4703248143196106
0.3993017673492431,0.3262794315814972,0.4190897643566131,0.2988217771053314,0.3864329755306244,0.3078914582729339,0.4672471880912781,0.3187783658504486,0.0,0.0,0.5108609795570374,0.4616138041019439,0.3713187873363495,0.4865507781505584,0.6179379224777222,0.5473061203956604,0.2742723822593689,0.6267982721328735,0.7357302904129028,0.5905928015708923,0.2648610770702362,0.4870075285434723,0.4660437703132629,0.8142269849777222,0.369062215089798,0.8133336901664734,0.0,0.0,0.0,0.0,0.0,0.0,0.0,0.0,0.4417383968830108,0.4730376303195953
0.4100469052791595,0.3315758109092712,0.4282532632350921,0.3030566275119781,0.3979429602622986,0.3143349587917328,0.4791220724582672,0.3170060813426971,0.0,0.0,0.5197002291679382,0.454079806804657,0.4045431017875671,0.4842985570430755,0.6158451437950134,0.5313186645507812,0.3143503367900848,0.62656170129776,0.7401552200317383,0.570428192615509,0.265637993812561,0.473364382982254,0.4744335114955902,0.8269734382629395,0.3900849223136902,0.8116208910942078,0.0,0.0,0.0,0.0,0.0,0.0,0.0,0.0,0.4614655077457428,0.4668059647083282
0.4336582124233246,0.3262968361377716,0.4526824057102203,0.2983221113681793,0.4226970076560974,0.3085220754146576,0.5042747259140015,0.3115728497505188,0.0,0.0,0.5448724627494812,0.4436281025409698,0.4317997395992279,0.4851456582546234,0.6393176317214966,0.5118550658226013,0.3482216000556946,0.6277686357498169,0.7597478032112122,0.5359947085380554,0.2986762821674347,0.4788365364074707,0.4957893192768097,0.8252359628677368,0.4089584946632385,0.8112694025039673,0.0,0.0,0.0,0.0,0.0,0.0,0.0,0.0,0.4890823066234588,0.4595567286014557
0.455525666475296,0.3152351081371307,0.475978136062622,0.2859269976615906,0.4450981914997101,0.2948593497276306,0.5304250717163086,0.3012744784355163,0.0,0.0,0.5726458430290222,0.4341530203819275,0.4559259712696075,0.4916230738162994,0.6669527292251587,0.4867331087589264,0.3586013913154602,0.6324912309646606,0.79853355884552,0.4924109578132629,0.3315164148807525,0.479717493057251,0.5229852795600891,0.8190097808837891,0.4317098259925842,0.8165065050125122,0.0,0.0,0.0,0.0,0.0,0.0,0.0,0.0,0.5144979357719421,0.4543635249137878
0.4689768254756927,0.3074937760829925,0.4900736212730407,0.2784769535064697,0.4579823017120361,0.2870227694511413,0.5493227243423462,0.2910944521427154,0.0,0.0,0.5921503901481628,0.4306149780750274,0.4761798083782196,0.4837896823883056,0.6745219230651855,0.4809937179088592,0.3858884871006012,0.6104211807250977,0.8113294839859009,0.4915260672569275,0.3393001854419708,0.4587535560131073,0.5426416397094727,0.8505611419677734,0.448435515165329,0.8469025492668152,0.0,0.0,0.0,0.0,0.0,0.0,0.0,0.0,0.5370449423789978,0.4448325335979461
0.4804426729679107,0.2980390191078186,0.5026825666427612,0.2708670794963836,0.4735960662364959,0.2763517200946808,0.5635497570037842,0.2864779829978943,0.0,0.0,0.6011971235275269,0.4244325160980224,0.4901008009910583,0.4727410674095154,0.6767956614494324,0.4819589555263519,0.3956388533115387,0.6032377481460571,0.8111472129821777,0.4954281151294708,0.3534290492534637,0.4494681656360626,0.5548647046089172,0.8640971183776855,0.4633569419384002,0.848689615726471,0.0,0.0,0.0,0.0,0.0,0.0,0.0,0.0,0.5448423624038696,0.4417463839054107
0.4822223484516144,0.2982506453990936,0.5046291947364807,0.2745928764343261,0.4759741127490997,0.2760190069675445,0.5628478527069092,0.2965332865715027,0.0,0.0,0.5961330533027649,0.4323547780513763,0.4881974756717682,0.4609797596931457,0.6700657606124878,0.4860846400260925,0.3993186354637146,0.6144423484802246,0.7821336984634399,0.4990845024585724,0.3832370340824127,0.4621303081512451,0.5533302426338196,0.8647317886352539,0.4635460376739502,0.8462482690811157,0.0,0.0,0.0,0.0,0.0,0.0,0.0,0.0,0.5401334166526794,0.4448480606079101
0.4688975214958191,0.3126724660396576,0.4941199421882629,0.2898194193840027,0.4612420201301574,0.2869334816932678,0.5464829802513123,0.3163068890571594,0.0,0.0,0.5697425603866577,0.4398957192897796,0.4686771035194397,0.4903018176555633,0.6516216397285461,0.4925574958324432,0.3732560276985168,0.6005071997642517,0.7611808776855469,0.4977145195007324,0.3324073255062103,0.4584981799125671,0.5250280499458313,0.8480815291404724,0.4439970552921295,0.8436290621757507,0.0,0.0,0.0,0.0,0.0,0.0,0.0,0.0,0.521780788898468,0.4541180729866028
0.4491584002971649,0.3238012790679931,0.4728791713714599,0.3004414737224579,0.4412588477134704,0.3015642464160919,0.5250577330589294,0.3245521485805511,0.0,0.0,0.548373818397522,0.4380534589290619,0.4420592486858368,0.4842714965343475,0.6260505318641663,0.4753638207912445,0.3388556540012359,0.5982323884963989,0.7545494437217712,0.4595943093299866,0.3033455014228821,0.4440274238586426,0.5015782713890076,0.8321385979652405,0.4219903349876404,0.8259844183921814,0.0,0.0,0.0,0.0,0.0,0.0,0.0,0.0,0.4978494346141815,0.4542163908481598
0.4314134418964386,0.3372397422790527,0.4550211429595947,0.3150844871997833,0.4232719838619232,0.3159462809562683,0.5012416839599609,0.3368392586708069,0.0,0.0,0.522962749004364,0.4519239068031311,0.4139167368412018,0.4918773472309112,0.603846549987793,0.4801338315010071,0.2871444225311279,0.5995422005653381,0.738804280757904,0.4624135494232178,0.3133514523506164,0.4531977772712707,0.4774664342403412,0.8272872567176819,0.3955431878566742,0.8153110146522522,0.0,0.0,0.0,0.0,0.0,0.0,0.0,0.0,0.4693431258201599,0.4699222445487976
0.4206264019012451,0.3382067382335663,0.4419495463371277,0.3162994980812073,0.4111205041408539,0.3185811340808868,0.4849373400211334,0.3404685854911804,0.0,0.0,0.5153616666793823,0.4589781463146209,0.3879825472831726,0.4979862868785858,0.6220735907554626,0.4781636893749237,0.2559873759746551,0.5827065110206604,0.7651003003120422,0.458206832408905,0.2621214389801025,0.4177267551422119,0.4729309976100921,0.830262303352356,0.3836296200752258,0.8271561861038208,0.0,0.0,0.0,0.0,0.0,0.0,0.0,0.0,0.4546270966529846,0.4761093258857727
0.4119592607021332,0.3238732814788818,0.4349265992641449,0.3023251593112945,0.4000940024852752,0.3017948269844055,0.4723193645477295,0.3364082276821136,0.3829803168773651,0.3314781188964844,0.5097277760505676,0.459266185760498,0.3632942140102386,0.4987333416938782,0.6475120782852173,0.4801639914512634,0.2266822308301925,0.5518413782119751,0.8026827573776245,0.4711576402187347,0.2093165963888168,0.3877496421337127,0.4690662026405334,0.8255013823509216,0.3726909458637237,0.8258424997329712,0.0,0.0,0.0,0.0,0.0,0.0,0.0,0.0,0.4386427104473114,0.4774289727210998
0.405696302652359,0.3153628706932068,0.4295960962772369,0.2958614230155945,0.391402930021286,0.2950499355792999,0.4662020802497864,0.3342163860797882,0.3743062019348144,0.3328299224376678,0.5048086047172546,0.4580248296260834,0.3544449806213379,0.49788898229599,0.6358331441879272,0.4879436492919922,0.2111324071884155,0.5578283667564392,0.7950059175491333,0.4863458275794983,0.2371010780334472,0.4025483727455139,0.4738746285438537,0.8275282979011536,0.3704127669334411,0.8288362622261047,0.0,0.0,0.0,0.0,0.0,0.0,0.0,0.0,0.4315797388553619,0.476655513048172
0.3964291512966156,0.31460902094841,0.4197396636009216,0.297629177570343,0.3793606460094452,0.2926799356937408,0.4514354169368744,0.3378274738788605,0.355485737323761,0.3262629210948944,0.4933261573314667,0.457940399646759,0.3359798491001129,0.4913771152496338,0.6384725570678711,0.4947667717933655,0.1752683669328689,0.5388678312301636,0.797342836856842,0.4990145564079284,0.2217683941125869,0.3850210607051849,0.4633390605449676,0.8249989151954651,0.3527396619319916,0.8264873623847961,0.0,0.0,0.0,0.0,0.0,0.0,0.0,0.0,0.4160532653331756,0.4721910357475281
0.3686765730381012,0.3175043165683746,0.3900754749774933,0.3002033233642578,0.3522296845912933,0.2946154177188873,0.418412983417511,0.3311402201652527,0.3265916705131531,0.3220041394233703,0.4624384939670563,0.4634951949119568,0.2852070033550262,0.4881725013256073,0.6007453799247742,0.5156314373016357,0.1151788458228111,0.5374715328216553,0.7621312737464905,0.5346660017967224,0.1314617842435836,0.3444012999534607,0.4183170199394226,0.8257929682731628,0.3094123303890228,0.8265362977981567,0.0,0.0,0.0,0.0,0.0,0.0,0.0,0.0,0.3755328953266144,0.4756869971752167
0.3559561669826507,0.3199343681335449,0.3740123212337494,0.3022856116294861,0.3383959829807281,0.2982828319072723,0.3964950740337372,0.3323841094970703,0.3125006556510925,0.328157514333725,0.4380462765693664,0.4675331711769104,0.267154186964035,0.4847519099712372,0.577082097530365,0.5232647657394409,0.1012538522481918,0.5414809584617615,0.7324965596199036,0.5475243330001831,0.1465819180011749,0.3528603911399841,0.400690346956253,0.8189318776130676,0.2885536551475525,0.8291360139846802,0.0,0.0,0.0,0.0,0.0,0.0,0.0,0.0,0.3524810969829559,0.4751780331134796
0.3426853716373443,0.3293375074863434,0.3608389794826507,0.3091001212596893,0.322950929403305,0.3027539253234863,0.3803550601005554,0.344929039478302,0.2924953103065491,0.3338765799999237,0.4164105057716369,0.4728656113147735,0.2476122081279754,0.4864573776721954,0.5641829967498779,0.5331342816352844,0.0897913128137588,0.5299267172813416,0.7114085555076599,0.5635855197906494,0.1654656082391739,0.365322083234787,0.3882955908775329,0.8300479054450989,0.2746424078941345,0.8332915902137756,0.0,0.0,0.0,0.0,0.0,0.0,0.0,0.0,0.3311376869678497,0.4777436256408691
0.3420383632183075,0.32853564620018,0.3596529066562652,0.3087742924690246,0.3223395347595215,0.3046073615550995,0.3782870769500732,0.3457602858543396,0.2924782335758209,0.3369950354099273,0.4160043895244598,0.4760914146900177,0.244993969798088,0.4803591072559356,0.5616926550865173,0.532529354095459,0.0895876437425613,0.5208297371864319,0.7075691819190979,0.5624052882194519,0.113296277821064,0.3334631621837616,0.3919227719306946,0.8246778845787048,0.2805896401405334,0.8296353220939636,0.0,0.0,0.0,0.0,0.0,0.0,0.0,0.0,0.3295605182647705,0.4773847162723541
0.351755678653717,0.321196973323822,0.3683445453643799,0.3008442521095276,0.3303689658641815,0.2976122498512268,0.386907160282135,0.331903725862503,0.3005359172821045,0.3304953277111053,0.4221653342247009,0.4720632433891296,0.2557641863822937,0.4774278700351715,0.5599372982978821,0.5318855047225952,0.1023849919438362,0.5315396189689636,0.7018237709999084,0.5617614388465881,0.1580101996660232,0.3465138375759125,0.3986633419990539,0.8151063919067383,0.2921277582645416,0.8201729655265808,0.0,0.0,0.0,0.0,0.0,0.0,0.0,0.0,0.3379800915718078,0.4736218154430389
0.3620310723781585,0.322335809469223,0.3791096210479736,0.3018974363803863,0.3424250781536102,0.2949070930480957,0.3949632346630096,0.3305979669094085,0.3015822470188141,0.3201071918010711,0.4231851100921631,0.4753077030181885,0.2597500085830688,0.4740850925445556,0.5515671968460083,0.5452157855033875,0.1173611879348754,0.5434165596961975,0.7026755213737488,0.5792151689529419,0.2107297927141189,0.394934743642807,0.4070085883140564,0.8367106318473816,0.3000285923480987,0.846932590007782,0.0,0.0,0.0,0.0,0.0,0.0,0.0,0.0,0.3383793830871582,0.4745589792728424
0.3963094055652618,0.3388883471488952,0.4114809036254883,0.3194330632686615,0.3781464099884033,0.3172042667865753,0.4301394820213318,0.3465833067893982,0.3489124178886413,0.3412129580974579,0.4588102698326111,0.4861116111278534,0.3029578626155853,0.4803318679332733,0.5782297253608704,0.549741268157959,0.1650836616754531,0.5303326845169067,0.7226062417030334,0.5814868211746216,0.2098743766546249,0.3478290438652038,0.4428407251834869,0.8136563897132874,0.3393124639987945,0.8152560591697693,0.0,0.0,0.0,0.0,0.0,0.0,0.0,0.0,0.3825084567070007,0.4814277589321136
0.4415005147457123,0.3582424223423004,0.4561190605163574,0.3385723233222961,0.4235716462135315,0.3373454511165619,0.4743664860725403,0.3622388243675232,0.396784245967865,0.362973541021347,0.5046913027763367,0.497469961643219,0.3607640266418457,0.4983625710010528,0.6199306845664978,0.5514938831329346,0.2399078905582428,0.565784752368927,0.7577487230300903,0.5831288695335388,0.2583561241626739,0.4046664834022522,0.4902580082416534,0.8150644898414612,0.393859326839447,0.8111550211906433,0.0,0.0,0.0,0.0,0.0,0.0,0.0,0.0,0.4332233369350433,0.4990108609199524
0.4765644669532776,0.3691692054271698,0.4901478290557861,0.3486837446689605,0.4580804407596588,0.3458080887794494,0.5064923167228699,0.3683810532093048,0.4241910874843597,0.3666723072528839,0.5293887257575989,0.4926927089691162,0.3941987156867981,0.5028115510940552,0.6399957537651062,0.5527134537696838,0.2858659327030182,0.6090078949928284,0.776048481464386,0.5858163833618164,0.3612239062786102,0.4374100565910339,0.5194123983383179,0.8142610192298889,0.4240103363990783,0.8264908194541931,0.0,0.0,0.0,0.0,0.0,0.0,0.0,0.0,0.4614972472190857,0.4948554635047912
0.4917920529842376,0.3765053749084472,0.5074136853218079,0.3561872839927673,0.4742459952831268,0.3541754186153412,0.5241114497184753,0.3785989284515381,0.445025771856308,0.3747724592685699,0.5389394164085388,0.5012350082397461,0.4064810574054718,0.5047265887260437,0.645211398601532,0.5623611211776733,0.2937412858009338,0.591374933719635,0.7784391045570374,0.5982345342636108,0.3529637455940246,0.4300533235073089,0.5289459228515625,0.8146163821220398,0.4353241324424743,0.826159656047821,0.0,0.0,0.0,0.0,0.0,0.0,0.0,0.0,0.4748824536800384,0.5026137232780457
0.4975513517856598,0.3802895545959472,0.5100346803665161,0.3622307479381561,0.4804783761501312,0.3571952879428863,0.5223373174667358,0.3821437954902649,0.4491109549999237,0.3758193850517273,0.5315464735031128,0.4984845817089081,0.4050755798816681,0.5050649046897888,0.630617082118988,0.5644314289093018,0.2955221533775329,0.5700399279594421,0.7608274817466736,0.6018818616867065,0.3167780339717865,0.4121322631835937,0.5266040563583374,0.8104965090751648,0.4345265328884125,0.8182090520858765,0.0,0.0,0.0,0.0,0.0,0.0,0.0,0.0,0.470518559217453,0.5013011693954468
0.5011765956878662,0.3899184763431549,0.5147478580474854,0.3745014071464538,0.4865911900997162,0.367879569530487,0.5270101428031921,0.3958944976329803,0.4546534121036529,0.3795661330223083,0.5393680334091187,0.5070757269859314,0.4109365940093994,0.5018652677536011,0.6363486647605896,0.5704521536827087,0.3160473704338074,0.5947138667106628,0.7636266350746155,0.6035021543502808,0.3982487320899963,0.438143789768219,0.5305127501487732,0.7999129891395569,0.4415664076805115,0.8106690049171448,0.5639356374740601,0.9910715222358704,0.0,0.0,0.0,0.0,0.0,0.0,0.4758012890815735,0.5028098225593567
0.5327547192573547,0.3933832943439483,0.5468896627426147,0.3766657710075378,0.5157183408737183,0.3740809261798858,0.5635990500450134,0.3974112868309021,0.4901840984821319,0.392001062631607,0.5827507376670837,0.5153072476387024,0.4504928886890411,0.5105701088905334,0.682384192943573,0.5719733834266663,0.3354623019695282,0.5829291939735413,0.8079181909561157,0.6149978637695312,0.3611872494220733,0.4238819479942322,0.5716733932495117,0.8072585463523865,0.4818439781665802,0.8116199374198914,0.6023288369178772,0.991071343421936,0.4783990681171417,0.9910714030265808,0.0,0.0,0.0,0.0,0.5179544687271118,0.511271059513092
0.586580753326416,0.4019399285316467,0.6020417213439941,0.3855188190937042,0.5718669891357422,0.3836546838283539,0.618177056312561,0.4078309535980224,0.5477560758590698,0.4045105874538421,0.6457146406173706,0.5221725702285767,0.5162148475646973,0.52741539478302,0.7464776635169983,0.5776845812797546,0.4189558029174804,0.6034905314445496,0.8782548904418945,0.622794508934021,0.4528567790985107,0.4597581326961517,0.630776047706604,0.8262270092964172,0.5375232100486755,0.8166316151618958,0.0,0.0,0.5233870148658752,0.991071343421936,0.0,0.0,0.0,0.0,0.580217182636261,0.5247308015823364
0.5904421806335449,0.4087039828300476,0.6066684126853943,0.3951148688793182,0.5767977833747864,0.3895489573478699,0.6192761063575745,0.4222800433635711,0.5521404147148132,0.4089571535587311,0.6451616883277893,0.5305795073509216,0.5161354541778564,0.5305370092391968,0.7436519861221313,0.577652096748352,0.4028511941432953,0.5938762426376343,0.8777983784675598,0.623144268989563,0.4117062985897064,0.4521418213844299,0.6309829354286194,0.8153127431869507,0.5443960428237915,0.8126402497291565,0.6381316184997559,0.9910714030265808,0.5503577589988708,0.9910715222358704,0.0,0.0,0.0,0.0,0.5797104239463806,0.5308428406715393
0.5736933946609497,0.4114294648170471,0.5902776122093201,0.3967909216880798,0.5602019429206848,0.3921778202056885,0.6044430136680603,0.4239258468151092,0.538547158241272,0.413218230009079,0.6347013711929321,0.5307311415672302,0.5067176222801208,0.5296467542648315,0.7276406288146973,0.577792227268219,0.4038505256175995,0.5946097373962402,0.8655608296394348,0.6257908940315247,0.4137817919254303,0.4580189287662506,0.6205506920814514,0.8161182999610901,0.5296685099601746,0.8144338726997375,0.6279571652412415,0.9910715222358704,0.5342426896095276,0.9910715222358704,0.0,0.0,0.0,0.0,0.5694843530654907,0.5302680730819702
0.5641564726829529,0.4147631824016571,0.579783022403717,0.3989605605602264,0.5500488877296448,0.396628201007843,0.5964168906211853,0.4230526089668274,0.5294188261032104,0.4171518385410309,0.6230192184448242,0.5259532332420349,0.5012699961662292,0.5323371291160583,0.7100104093551636,0.5771598815917969,0.400909423828125,0.6032477021217346,0.8499664068222046,0.6280214190483093,0.4397476315498352,0.4679997265338897,0.6069860458374023,0.8003286123275757,0.5200396180152893,0.8087755441665649,0.6131029725074768,0.9910715222358704,0.5298381447792053,0.9910714030265808,0.0,0.0,0.0,0.0,0.5616065859794617,0.5283631086349487
0.5543652772903442,0.4192732870578766,0.5680803656578064,0.4032218158245086,0.5407781600952148,0.401393860578537,0.5843795537948608,0.423517495393753,0.5206183791160583,0.4180094301700592,0.6117721796035767,0.5260022282600403,0.490444153547287,0.5314322710037231,0.7046962380409241,0.5874217748641968,0.3870100975036621,0.5951953530311584,0.8308387398719788,0.6306020021438599,0.3936783671379089,0.4552553296089172,0.5972428917884827,0.8060322403907776,0.5114796161651611,0.8076112866401672,0.604626476764679,0.9910715222358704,0.5153717398643494,0.9910714030265808,0.0,0.0,0.0,0.0,0.5515123009681702,0.5281375050544739
0.5465048551559448,0.4244977533817291,0.5614393353462219,0.4073173999786377,0.5322663187980652,0.4056037962436676,0.5792741179466248,0.4294016361236572,0.5120377540588379,0.4232633113861084,0.607974648475647,0.5311780571937561,0.482431024312973,0.5371561050415039,0.7032814025878906,0.5928329229354858,0.3854236900806427,0.6019946932792664,0.8279559016227722,0.6338872313499451,0.40363410115242,0.4688121676445007,0.5915428996086121,0.8097706437110901,0.5027385950088501,0.8124918937683105,0.6139832735061646,0.991071343421936,0.5109050273895264,0.9910714030265808,0.0,0.0,0.0,0.0,0.5455113053321838,0.5326998829841614
0.5563080906867981,0.4263921082019806,0.5704172849655151,0.4088172316551208,0.5418389439582825,0.4093565940856933,0.5887714624404907,0.4299787878990173,0.5238457322120667,0.432561457157135,0.620927631855011,0.5326046347618103,0.4998972713947296,0.5462324023246765,0.7082824110984802,0.5884544253349304,0.3924772441387176,0.6037440299987793,0.847888171672821,0.6363443732261658,0.4537816047668457,0.4738528728485107,0.6028813123703003,0.7961963415145874,0.514609694480896,0.7984824776649475,0.6194024682044983,0.9910714030265808,0.519142746925354,0.991071343421936,0.0,0.0,0.0,0.0,0.560794472694397,0.5372381210327148
0.5801803469657898,0.4218259453773498,0.5958064794540405,0.4037365019321441,0.5665151476860046,0.4053414762020111,0.6169864535331726,0.422837346792221,0.5507282614707947,0.426252156496048,0.6495358347892761,0.5325539708137512,0.5286310315132141,0.5371915102005005,0.7466524839401245,0.5850764513015747,0.4148103594779968,0.5871518850326538,0.8793849349021912,0.6376457810401917,0.4102089405059814,0.441292256116867,0.6312206387519836,0.8152385354042053,0.5423543453216553,0.8089367151260376,0.638877809047699,0.9910714030265808,0.5419122576713562,0.9910715222358704,0.0,0.0,0.0,0.0,0.5882529616355896,0.5336810350418091
0.5943438410758972,0.4258253276348114,0.6079694032669067,0.4066758155822754,0.5810102224349976,0.4101307392120361,0.6306683421134949,0.4232819378376007,0.5660429000854492,0.4321439862251282,0.665674090385437,0.5312104821205139,0.5431907176971436,0.5395745038986206,0.760532021522522,0.5876869559288025,0.4428953826427459,0.5950657725334167,0.8895829916000366,0.6384958028793335,0.4711410403251648,0.4695532023906708,0.6479636430740356,0.8122817873954773,0.56130051612854,0.8087493777275085,0.6488014459609985,0.9910714030265808,0.5522290468215942,0.9910714030265808,0.0,0.0,0.0,0.0,0.6051236391067505,0.5345660448074341
0.6142926812171936,0.42972332239151,0.6279346346855164,0.4110612273216247,0.6021877527236938,0.4142068922519684,0.653387725353241,0.4254383444786072,0.5888158679008484,0.4330598413944244,0.6952270269393921,0.5351986289024353,0.5663775205612183,0.546983003616333,0.7921696901321411,0.594843864440918,0.461068719625473,0.5818423628807068,0.9140636324882508,0.6398617029190063,0.4400021135807037,0.4507975280284881,0.6676139235496521,0.8165241479873657,0.5784724354743958,0.8143611550331116,0.6659538149833679,0.991071343421936,0.5583512783050537,0.9910714030265808,0.0,0.0,0.0,0.0,0.6317214369773865,0.5409227013587952
0.6157221794128418,0.4224953651428222,0.6307991147041321,0.4039876163005829,0.6029219031333923,0.4068853557109833,0.6560618281364441,0.4218000769615173,0.5884531736373901,0.4276279807090759,0.6950443387031555,0.5335438251495361,0.5655428767204285,0.5447081327438354,0.7947255969047546,0.5883384943008423,0.4610973000526428,0.5877224802970886,0.9220978021621704,0.6293190121650696,0.4282227456569671,0.4554783999919891,0.6673428416252136,0.8252913355827332,0.577732503414154,0.8171067237854004,0.0,0.0,0.5639262199401855,0.9910714030265808,0.0,0.0,0.0,0.0,0.6315711736679077,0.5387479662895203
0.596725583076477,0.4143082797527313,0.6126279830932617,0.3970292210578918,0.5835486054420471,0.3958706557750702,0.634583055973053,0.4196829199790954,0.56490558385849,0.4177787899971008,0.6700028777122498,0.5263791084289551,0.5426807999610901,0.5432801246643066,0.7718602418899536,0.5801259279251099,0.4352665841579437,0.5957261919975281,0.913003385066986,0.627500593662262,0.4803521931171417,0.4591960310935974,0.6519258618354797,0.8151999711990356,0.5626934170722961,0.8141618967056274,0.6558734178543091,0.9910715222358704,0.5539979338645935,0.9910714030265808,0.0,0.0,0.0,0.0,0.6081250309944153,0.5346371531486511
0.5798110961914062,0.4051987528800964,0.596777081489563,0.3907225430011749,0.5659962892532349,0.3899626433849334,0.6175702810287476,0.4153403639793396,0.5472465753555298,0.4143999218940735,0.651467502117157,0.5249907374382019,0.5245886445045471,0.5415704846382141,0.7578486800193787,0.5773295164108276,0.3975719511508941,0.5846790671348572,0.898781955242157,0.6263450384140015,0.4260215163230896,0.4353474974632263,0.632202684879303,0.8118802309036255,0.5403197407722473,0.8017326593399048,0.0,0.0,0.5354049801826477,0.9910714030265808,0.0,0.0,0.0,0.0,0.5868784189224243,0.5313397645950317
0.5524759292602539,0.3985309898853302,0.5685113072395325,0.381662368774414,0.5403551459312439,0.3807642459869385,0.5920749306678772,0.4079090058803558,0.5243934988975525,0.4057147204875946,0.6292123794555664,0.519618570804596,0.4985832273960113,0.5318915247917175,0.7388538718223572,0.5786119103431702,0.3774074018001556,0.5291588306427002,0.8758867979049683,0.6270349621772766,0.3028352558612823,0.4219255149364471,0.6093047261238098,0.8085542917251587,0.5151230096817017,0.8099979758262634,0.0,0.0,0.5177890658378601,0.9910714030265808,0.0,0.0,0.0,0.0,0.5622148513793945,0.523795485496521
0.5359538197517395,0.3903829753398895,0.5525058507919312,0.3739964067935943,0.5222316384315491,0.372363269329071,0.5772308111190796,0.4016063809394836,0.5038042664527893,0.3964006304740906,0.6141567826271057,0.5156763195991516,0.4761078357696533,0.5284383893013,0.7203424572944641,0.5702887773513794,0.3485493063926697,0.5505947470664978,0.8602389097213745,0.619624674320221,0.2767053544521332,0.4257791340351105,0.5974668264389038,0.8259254693984985,0.5026033520698547,0.8284005522727966,0.0,0.0,0.0,0.0,0.0,0.0,0.0,0.0,0.5450525283813477,0.5210402011871338
0.5315836668014526,0.3900139927864074,0.5487515330314636,0.3732087910175323,0.5171738862991333,0.3708004653453827,0.57359778881073,0.4000214040279388,0.4979839026927948,0.3947210609912872,0.6127558350563049,0.5144162178039551,0.4690164625644684,0.5315081477165222,0.7246014475822449,0.5659732818603516,0.3294015228748321,0.5611134767532349,0.8663792014122009,0.6096109747886658,0.3026363551616668,0.4135143160820007,0.5922020077705383,0.8287237286567688,0.4949347078800201,0.8316429257392883,0.0,0.0,0.0,0.0,0.0,0.0,0.0,0.0,0.5410017371177673,0.522259533405304
0.529720664024353,0.3795669078826904,0.5478492975234985,0.3641683459281921,0.5169405341148376,0.3599820733070373,0.5735549926757812,0.3970440328121185,0.4976455867290497,0.3858558535575866,0.6092857718467712,0.5085115432739258,0.4684731960296631,0.5248705148696899,0.7226128578186035,0.5626766085624695,0.3294542729854584,0.5661112666130066,0.8760281205177307,0.6081832051277161,0.346386045217514,0.4003200829029083,0.5905488133430481,0.8305802345275879,0.4927814900875091,0.834210991859436,0.0,0.0,0.0,0.0,0.0,0.0,0.0,0.0,0.5388091802597046,0.5169323086738586
0.5394247770309448,0.3564451336860657,0.5566160678863525,0.3409769535064697,0.5249602794647217,0.3363915383815765,0.5801726579666138,0.3741408884525299,0.5031532645225525,0.3627465367317199,0.6225952506065369,0.4982998371124267,0.4676535725593567,0.5110476613044739,0.754176139831543,0.5633463263511658,0.316975861787796,0.5584600567817688,0.8948572278022766,0.6106990575790405,0.3001494407653808,0.3963026404380798,0.5989205241203308,0.8303739428520203,0.4950935244560241,0.833987295627594,0.0,0.0,0.0,0.0,0.0,0.0,0.0,0.0,0.5465304255485535,0.504081666469574
0.5376878976821899,0.3531768321990967,0.5568177103996277,0.3376603722572326,0.5230697393417358,0.3300784528255462,0.5795266032218933,0.3696760833263397,0.4988524615764618,0.3516997694969177,0.6169630289077759,0.4862305223941803,0.4614741206169128,0.5090204477310181,0.7423252463340759,0.5406493544578552,0.3087694644927978,0.538514256477356,0.8978877067565918,0.5795474052429199,0.255626231431961,0.3940599262714386,0.5958717465400696,0.8318805694580078,0.4883975982666015,0.8284005522727966,0.0,0.0,0.0,0.0,0.0,0.0,0.0,0.0,0.5420309901237488,0.4976169466972351
0.5034839510917664,0.3495593965053558,0.5219060182571411,0.3340933918952942,0.4876812100410461,0.3269529044628143,0.5412188768386841,0.3645243644714355,0.4603815972805023,0.3509820401668548,0.5759515762329102,0.4786129295825958,0.4182630181312561,0.5037980079650879,0.7073696851730347,0.5088430047035217,0.2675988972187042,0.5457378029823303,0.8637648224830627,0.5181752443313599,0.2912001013755798,0.3779434859752655,0.5560427904129028,0.8173750638961792,0.4538251459598541,0.8246268033981323,0.0,0.0,0.0,0.0,0.0,0.0,0.0,0.0,0.4987858235836029,0.4920330047607422
0.4591017067432403,0.3435129523277282,0.4766158759593963,0.3263974487781524,0.4437132775783539,0.3212427198886871,0.4970076084136963,0.3564362227916717,0.421768456697464,0.3490873873233795,0.529786229133606,0.4759907126426697,0.3841907978057861,0.5083979964256287,0.6669508814811707,0.4930399060249328,0.2243598848581314,0.5459893941879272,0.8342406153678894,0.4876745641231537,0.2554880082607269,0.3789778649806976,0.5119415521621704,0.812801718711853,0.4078040719032287,0.8239730000495911,0.0,0.0,0.0,0.0,0.0,0.0,0.0,0.0,0.45906662940979,0.4932872653007507
0.436583936214447,0.3410870134830475,0.4571081101894378,0.3229897320270538,0.4205200970172882,0.3171861171722412,0.48117595911026,0.3523064255714416,0.3961695730686188,0.3432901501655578,0.5174344182014465,0.4753052890300751,0.3578930795192718,0.4977093040943146,0.6561046838760376,0.4924066960811615,0.1931511908769607,0.5448636412620544,0.8134603500366211,0.4892725944519043,0.1866067498922348,0.3627781271934509,0.491066038608551,0.8155646920204163,0.3840081989765167,0.8119489550590515,0.0,0.0,0.0,0.0,0.0,0.0,0.0,0.0,0.4404860436916351,0.4885628223419189
0.4148847162723541,0.3405549526214599,0.4364890158176422,0.3230555057525635,0.3990325331687927,0.3154005408287048,0.4600355625152588,0.3534092307090759,0.3744828701019287,0.3377896845340729,0.5023924112319946,0.468455821275711,0.3448212742805481,0.4910083413124084,0.6465007662773132,0.4943997859954834,0.1633426994085312,0.5353953242301941,0.7918580770492554,0.4918532073497772,0.1007562279701232,0.3618325293064117,0.4690977036952972,0.8104200959205627,0.3614428341388702,0.8115500211715698,0.0,0.0,0.0,0.0,0.0,0.0,0.0,0.0,0.4234245717525482,0.4787392020225525
0.4037351310253143,0.3410425186157226,0.424678236246109,0.3227192759513855,0.3878184258937835,0.3176926076412201,0.4516953527927398,0.3511051535606384,0.3657650947570801,0.3417426645755768,0.4966509938240051,0.4676403403282165,0.3343432247638702,0.4956068396568298,0.6449671387672424,0.4947332739830017,0.1602441817522049,0.5350348949432373,0.7879268527030945,0.4937431216239929,0.1351204663515091,0.3545336127281189,0.466973066329956,0.8127900958061218,0.3556973338127136,0.8150631189346313,0.0,0.0,0.0,0.0,0.0,0.0,0.0,0.0,0.4168712198734283,0.47928386926651
0.4028449356555938,0.3403785228729248,0.4219823777675628,0.3188880980014801,0.3841381072998047,0.3193866312503814,0.4513517916202545,0.3455429077148437,0.3639937043190002,0.347843736410141,0.4981167912483215,0.4684116542339325,0.3399486243724823,0.4932799339294433,0.6383451223373413,0.4925475716590881,0.1636881977319717,0.5073249936103821,0.7907012701034546,0.4886946678161621,0.1908176392316818,0.3344900906085968,0.4724330902099609,0.8157472014427185,0.3609087169170379,0.8184306025505066,0.0,0.0,0.0,0.0,0.0,0.0,0.0,0.0,0.4190540313720703,0.4795144200325012
0.4042212665081024,0.3283666968345642,0.4217886626720428,0.304624855518341,0.3853459060192108,0.3094655573368072,0.4537656605243683,0.3315165340900421,0.3672209084033966,0.3395078182220459,0.5051959156990051,0.4635829627513885,0.3450698852539062,0.4796169698238373,0.6402499079704285,0.4968985617160797,0.1722869575023651,0.4828414022922516,0.7961064577102661,0.5008400082588196,0.2039829343557357,0.3153667449951172,0.4765236377716064,0.813951849937439,0.366393119096756,0.8145360350608826,0.0,0.0,0.0,0.0,0.0,0.0,0.0,0.0,0.4238548576831817,0.4718384742736816
0.4048997759819031,0.3291126787662506,0.4229397475719452,0.304669439792633,0.3866131603717804,0.3095712959766388,0.4556462168693542,0.3300847113132477,0.3698934018611908,0.3377420008182525,0.5068532228469849,0.466939240694046,0.3431721031665802,0.48427814245224,0.6406656503677368,0.499392032623291,0.1702033430337906,0.495631456375122,0.7980319857597351,0.5059236884117126,0.166857361793518,0.3115320205688476,0.4769449830055237,0.8171036839485168,0.3665083348751068,0.8169866800308228,0.0,0.0,0.0,0.0,0.0,0.0,0.0,0.0,0.4248211681842804,0.4756392538547516
0.4039717316627502,0.3331187665462494,0.4206841289997101,0.3068638145923614,0.3853781819343567,0.3151364624500274,0.4563120007514953,0.3291389644145965,0.3710598945617676,0.3438086807727813,0.5101215243339539,0.4708034694194793,0.3447651267051697,0.4883677661418915,0.651578426361084,0.5089671015739441,0.1748302280902862,0.5016843676567078,0.8078852891921997,0.5167819857597351,0.1336080580949783,0.3287653625011444,0.4776721596717834,0.8275176286697388,0.3652679622173309,0.8195933103561401,0.0,0.0,0.0,0.0,0.0,0.0,0.0,0.0,0.4285506904125213,0.4791567623615265
0.4016404747962951,0.3292084336280823,0.4174206852912903,0.3012903034687042,0.3835503756999969,0.3118638098239898,0.4554555416107178,0.3198921382427215,0.371897429227829,0.3408041000366211,0.5111556649208069,0.4705059230327606,0.3440282940864563,0.4859790205955505,0.6545653343200684,0.5111749768257141,0.175706997513771,0.5054686069488525,0.8129922747612,0.5247510075569153,0.1516049206256866,0.3328561782836914,0.4784573912620544,0.8274310231208801,0.3648170828819275,0.8270853161811829,0.0,0.0,0.0,0.0,0.0,0.0,0.0,0.0,0.4288463890552521,0.4779491424560547
0.4012047350406647,0.3256969451904297,0.4159417450428009,0.2967823445796966,0.3810082972049713,0.3093448579311371,0.4550197124481201,0.314754456281662,0.3694451451301574,0.3425327241420746,0.5098880529403687,0.4720726907253265,0.341582328081131,0.4823589920997619,0.6518424153327942,0.517058789730072,0.1795669049024582,0.5191007256507874,0.812621533870697,0.5266544818878174,0.1899020224809646,0.3469432294368744,0.478495329618454,0.8175365328788757,0.3666716516017914,0.8188061118125916,0.0,0.0,0.0,0.0,0.0,0.0,0.0,0.0,0.4267782866954803,0.477524995803833
0.4028938710689544,0.3180215060710907,0.4176339209079742,0.2895315587520599,0.3836229741573334,0.3045375049114227,0.4590315222740173,0.3102844059467315,0.3743088543415069,0.3438998758792877,0.5109867453575134,0.4758023619651794,0.3458782732486725,0.4821057915687561,0.654050886631012,0.5262023210525513,0.1828828901052475,0.5218672156333923,0.8207215070724487,0.5320119261741638,0.2085690051317215,0.3585274219512939,0.4788974225521087,0.8154270052909851,0.3697138428688049,0.814453661441803,0.0,0.0,0.0,0.0,0.0,0.0,0.0,0.0,0.4295149743556976,0.4783886969089508
0.4151208698749542,0.3065181374549866,0.4332811236381531,0.283839613199234,0.3968117535114288,0.2916596233844757,0.4684481918811798,0.3145696520805359,0.3837962746620178,0.3299760818481445,0.5139985084533691,0.4783150851726532,0.3456334769725799,0.4814279675483703,0.6675847768783569,0.5365604162216187,0.1794366389513015,0.508058488368988,0.8322985768318176,0.5435395836830139,0.172742024064064,0.324685126543045,0.4851476848125458,0.826677143573761,0.3736708760261535,0.8238677978515625,0.0,0.0,0.0,0.0,0.0,0.0,0.0,0.0,0.4304119050502777,0.4783758819103241
0.4279382824897766,0.3064803183078766,0.4467932879924774,0.284436970949173,0.411085844039917,0.2870065867900848,0.4777626693248749,0.3201030194759369,0.3928370773792267,0.3205952644348144,0.5268950462341309,0.4759568870067596,0.3491707742214203,0.4841224551200866,0.6767191290855408,0.5343852043151855,0.1897158175706863,0.5049912929534912,0.8397224545478821,0.5435681343078613,0.1519465297460556,0.328203022480011,0.4981672465801239,0.8335322737693787,0.3836696743965149,0.8308469653129578,0.0,0.0,0.0,0.0,0.0,0.0,0.0,0.0,0.437869518995285,0.4788588583469391
0.4380691945552826,0.3118822276592254,0.4602234065532684,0.2949545681476593,0.4204954206943512,0.2891542017459869,0.4864615797996521,0.3355751633644104,0.3955623507499695,0.3211168944835663,0.5297375917434692,0.47720867395401,0.3514227867126465,0.4862390160560608,0.6838455200195312,0.5305414199829102,0.1973048448562622,0.5280009508132935,0.847595751285553,0.5365504026412964,0.2006155252456665,0.3736136853694916,0.5031653046607971,0.8352431058883667,0.3859593272209167,0.830102801322937,0.0,0.0,0.0,0.0,0.0,0.0,0.0,0.0,0.4429522454738617,0.4821334481239319
0.4293540418148041,0.3099446892738342,0.4534261524677276,0.2972534000873565,0.413981944322586,0.2843304276466369,0.4741118848323822,0.339425653219223,0.3856208026409149,0.3135149180889129,0.5133336782455444,0.476086676120758,0.3343497812747955,0.4793054759502411,0.6685079336166382,0.5350216627120972,0.1680372059345245,0.5205350518226624,0.8295941352844238,0.5431526899337769,0.1834993213415146,0.3530605733394623,0.4749181568622589,0.8459569811820984,0.3549615740776062,0.8343501091003418,0.0,0.0,0.0,0.0,0.0,0.0,0.0,0.0,0.4248151481151581,0.4774738252162933
0.4069114327430725,0.3024130165576935,0.4316677153110504,0.2868722975254059,0.3909710347652435,0.2757119536399841,0.4554106891155243,0.3307246267795563,0.363088846206665,0.3057203888893127,0.4973426163196563,0.4717928469181061,0.3106251657009125,0.4723910689353943,0.6520898938179016,0.5373907685279846,0.1382080614566803,0.5106009244918823,0.8032683730125427,0.5588017106056213,0.1284588873386383,0.3370154798030853,0.4526631534099579,0.8368491530418396,0.3307492136955261,0.8351966738700867,0.0,0.0,0.0,0.0,0.0,0.0,0.0,0.0,0.4059725105762481,0.4705893099308014
0.3832302093505859,0.2996462881565094,0.4065907299518585,0.2833002209663391,0.3682805001735687,0.2739463150501251,0.4338364601135254,0.3289183974266052,0.3414725661277771,0.3037143349647522,0.4760875701904297,0.4717440009117126,0.2813041508197784,0.4698717296123504,0.6342185139656067,0.5352157354354858,0.1101079359650611,0.4969095587730407,0.789591908454895,0.5615120530128479,0.0771480873227119,0.313596248626709,0.421753466129303,0.8457879424095154,0.3019202053546905,0.8452305793762207,0.0,0.0,0.0,0.0,0.0,0.0,0.0,0.0,0.3784510195255279,0.4709970951080322
0.3698899149894714,0.3019243776798248,0.3937309086322784,0.2839074730873108,0.3551597893238067,0.2761195302009582,0.4248780906200409,0.3242494463920593,0.329246461391449,0.3052460849285126,0.4684641659259796,0.4696572422981262,0.2729213237762451,0.4650297164916992,0.6278238892555237,0.5374590158462524,0.096340574324131,0.492262065410614,0.7806335091590881,0.5627404451370239,0.0583770275115966,0.2925881743431091,0.409294843673706,0.844002902507782,0.2902438938617706,0.8342588543891907,0.0,0.0,0.0,0.0,0.0,0.0,0.0,0.0,0.368776798248291,0.4672845900058746
0.3479860424995422,0.3067034780979156,0.3723235726356506,0.2868402302265167,0.3346288502216339,0.2793577015399933,0.4075567424297333,0.3202255368232727,0.314452201128006,0.3020631968975067,0.4455984234809875,0.4733795523643493,0.2565048336982727,0.4679281413555145,0.6004026532173157,0.5389567613601685,0.0822920054197311,0.5053845047950745,0.7661323547363281,0.5660637617111206,0.0799358636140823,0.3148345351219177,0.3962360024452209,0.8424402475357056,0.274005264043808,0.831901490688324,0.0,0.0,0.0,0.0,0.0,0.0,0.0,0.0,0.3504837453365326,0.4696861803531647
0.3348519206047058,0.3094656467437744,0.3573771119117737,0.2868509292602539,0.3182340264320373,0.2847680449485779,0.3915698230266571,0.3174960911273956,0.2959339618682861,0.3117786049842834,0.4357398152351379,0.4722200334072113,0.2515370547771454,0.4686741530895233,0.5806742906570435,0.5389531254768372,0.0750258788466453,0.5087845921516418,0.7519461512565613,0.5721238851547241,0.1082912534475326,0.331529825925827,0.389013797044754,0.8452242612838745,0.2626366317272186,0.843232274055481,0.0,0.0,0.0,0.0,0.0,0.0,0.0,0.0,0.3422551155090332,0.4684301018714905
0.3325860500335693,0.3126842975616455,0.3551025092601776,0.2857020497322082,0.3134556114673614,0.2889936864376068,0.3945954144001007,0.30763640999794,0.29262575507164,0.3156917095184326,0.4400447309017181,0.4734377562999725,0.2541565597057342,0.4694066643714905,0.5947986245155334,0.5433701872825623,0.0753347873687744,0.5085557699203491,0.764306366443634,0.5715457201004028,0.0836637243628501,0.3141905963420868,0.3951299488544464,0.8307361602783203,0.2737168669700622,0.828819215297699,0.0,0.0,0.0,0.0,0.0,0.0,0.0,0.0,0.3469342291355133,0.4689093232154846
0.3404276669025421,0.302363246679306,0.3603561520576477,0.2724049985408783,0.318976879119873,0.2812094986438751,0.4031050205230713,0.2893047630786896,0.3019313216209411,0.3126327991485595,0.4576241374015808,0.4666512906551361,0.2624397575855255,0.4669337868690491,0.6115022301673889,0.5447976589202881,0.0790322870016098,0.4982988536357879,0.7729815244674683,0.5757428407669067,0.0445605814456939,0.2821095287799835,0.4070540964603424,0.8313400149345398,0.2854717075824737,0.8314924836158752,0.0,0.0,0.0,0.0,0.0,0.0,0.0,0.0,0.3605754375457763,0.4640085399150848
0.3447998166084289,0.3009102046489715,0.3646457493305206,0.2710980474948883,0.3241333067417145,0.27876016497612,0.4066817164421081,0.2903135120868683,0.3063369393348694,0.3094223439693451,0.4621148109436035,0.4624287486076355,0.2694119811058044,0.4662538170814514,0.6169953346252441,0.5401650667190552,0.0872170701622963,0.4972400665283203,0.7819609045982361,0.5700668096542358,0.0627042278647422,0.2909994125366211,0.4189772009849548,0.8469209671020508,0.2928063571453094,0.8481244444847107,0.0,0.0,0.0,0.0,0.0,0.0,0.0,0.0,0.3649381101131439,0.4635953307151794
0.349196195602417,0.2996954917907715,0.3667804598808288,0.2702760994434356,0.3262431025505066,0.2810559570789337,0.4086188375949859,0.2912538945674896,0.3096159398555755,0.3173897266387939,0.4704187512397766,0.4612763524055481,0.2734318673610687,0.4735610783100128,0.6227478981018066,0.5350874066352844,0.0913344547152519,0.514725387096405,0.7913857698440552,0.5634962916374207,0.1299404352903366,0.3337038457393646,0.4246508181095123,0.8348402976989746,0.3007126152515411,0.843779981136322,0.0,0.0,0.0,0.0,0.0,0.0,0.0,0.0,0.3719510436058044,0.466515302658081
0.3548526167869568,0.2955105006694793,0.3724884986877441,0.265787810087204,0.3319486975669861,0.2786900103092193,0.4162363708019256,0.287166029214859,0.3155985176563263,0.3164451122283935,0.477407157421112,0.4602108299732208,0.2781888544559479,0.4666232168674469,0.6348640322685242,0.5375674962997437,0.0946395620703697,0.5032401084899902,0.8007612228393555,0.5654533505439758,0.1267174333333969,0.326503038406372,0.4313928186893463,0.8477768898010254,0.3038153648376465,0.8474689722061157,0.0,0.0,0.0,0.0,0.0,0.0,0.0,0.0,0.3791623711585998,0.4625993371009826
0.3575426638126373,0.2989405691623688,0.3765344321727752,0.2678807377815246,0.3351141512393951,0.2800059020519256,0.4199913442134857,0.2849445044994354,0.3191239237785339,0.3134998679161072,0.4804269671440124,0.4605695903301239,0.2871742844581604,0.4629523158073425,0.6348419189453125,0.5391134023666382,0.0968211665749549,0.4933657348155975,0.8021883964538574,0.5658538937568665,0.0853093937039375,0.3060238361358642,0.4356394410133362,0.8438634276390076,0.3106226325035095,0.8340169191360474,0.0,0.0,0.0,0.0,0.0,0.0,0.0,0.0,0.3854407668113708,0.4603171646595001
0.3594819009304046,0.2976136803627014,0.3782384693622589,0.2662440240383148,0.3382019698619842,0.2784787118434906,0.4226818978786468,0.2835251986980438,0.3225138783454895,0.3127290904521942,0.4842986762523651,0.4610005021095276,0.2878940105438232,0.4623058438301086,0.6354214549064636,0.5374895930290222,0.1001625210046768,0.4928777515888214,0.8030910491943359,0.5646016001701355,0.0699253007769584,0.2968263030052185,0.4374025464057922,0.8349542021751404,0.3128574788570404,0.8311235308647156,0.0,0.0,0.0,0.0,0.0,0.0,0.0,0.0,0.3874483108520508,0.4601207077503204
0.3550614714622497,0.2941906154155731,0.3730047047138214,0.2634453773498535,0.3335141837596893,0.2781008183956146,0.4193559288978576,0.2826749682426452,0.318920761346817,0.3154243528842926,0.483513593673706,0.455690860748291,0.2836782336235046,0.4697946608066559,0.6380351185798645,0.535233199596405,0.1027960255742073,0.5239552855491638,0.8113656640052795,0.5631154179573059,0.1465766131877899,0.3515461981296539,0.4363641440868377,0.8338395357131958,0.3121557831764221,0.8321390151977539,0.0,0.0,0.0,0.0,0.0,0.0,0.0,0.0,0.3869208693504333,0.4601377546787262
0.3485260903835296,0.2978823184967041,0.3660350739955902,0.265673965215683,0.3274555802345276,0.2807563841342926,0.4144456684589386,0.2812587916851043,0.3144557178020477,0.3158604502677917,0.4796289503574371,0.4521060585975647,0.2846646308898926,0.4719471931457519,0.6357038617134094,0.5339049696922302,0.1058729290962219,0.5300523042678833,0.8095579147338867,0.5636380910873413,0.1525705903768539,0.3649410903453827,0.4308764040470123,0.834104597568512,0.3086312115192413,0.8319894671440125,0.0,0.0,0.0,0.0,0.0,0.0,0.0,0.0,0.3843465745449066,0.4593032002449035
0.3397381603717804,0.2984064221382141,0.3589826226234436,0.2674285769462585,0.3202042877674103,0.2801123559474945,0.4074167907238006,0.2797496616840362,0.3080790340900421,0.3100613057613373,0.4753352701663971,0.4517503380775451,0.2782638967037201,0.4704496562480926,0.6316094994544983,0.5350164175033569,0.1121583059430122,0.528889000415802,0.8113860487937927,0.5674832463264465,0.114660620689392,0.3482580482959747,0.4222370088100433,0.8362594246864319,0.2995617091655731,0.8451326489448547,0.0,0.0,0.0,0.0,0.0,0.0,0.0,0.0,0.3788205087184906,0.4598216712474823
0.3312632739543915,0.3050226271152496,0.3498716056346893,0.2733872830867767,0.3129267394542694,0.2846162617206573,0.4011782705783844,0.2836451828479767,0.3016621768474579,0.3149307370185852,0.4667446911334991,0.4508476853370666,0.2756457924842834,0.4750286638736725,0.6314343810081482,0.5340678095817566,0.1083266362547874,0.520368754863739,0.8099945187568665,0.5639848113059998,0.092564933001995,0.3318174183368683,0.4120714068412781,0.8432334065437317,0.2915228903293609,0.8337165117263794,0.0,0.0,0.0,0.0,0.0,0.0,0.0,0.0,0.3711352050304413,0.4609777331352234
0.3263459205627441,0.3057182729244232,0.3444247543811798,0.2746753990650177,0.3090492784976959,0.2869097888469696,0.3990944325923919,0.2864984571933746,0.0,0.0,0.4649922251701355,0.449098140001297,0.2789208889007568,0.4780039191246032,0.619331419467926,0.5270699262619019,0.1124805361032486,0.5415560603141785,0.7963972687721252,0.5527964234352112,0.1308483332395553,0.3587141036987304,0.4066570699214935,0.8328825235366821,0.2871396839618683,0.8300513625144958,0.0,0.0,0.0,0.0,0.0,0.0,0.0,0.0,0.3707533478736877,0.4616168439388275
0.325775533914566,0.3044448792934418,0.3431906104087829,0.273344337940216,0.3082406222820282,0.2854791581630707,0.3996160626411438,0.2877330780029297,0.0,0.0,0.4645891189575195,0.4454622864723205,0.2819289267063141,0.482618898153305,0.6134623885154724,0.5227752327919006,0.1187333688139915,0.5539792776107788,0.7871915698051453,0.5480939149856567,0.1408325284719467,0.3910655379295349,0.406533271074295,0.8305001854896545,0.2880184948444366,0.829863965511322,0.0,0.0,0.0,0.0,0.0,0.0,0.0,0.0,0.372351199388504,0.4607856571674347
0.3263402581214905,0.3016981184482574,0.3434262871742248,0.2713923752307892,0.3100757896900177,0.2830718159675598,0.4015049934387207,0.2808714509010315,0.0,0.0,0.46922168135643,0.4425764381885528,0.2849491536617279,0.4787624180316925,0.6155977845191956,0.5220213532447815,0.1230431273579597,0.5479106307029724,0.7940951585769653,0.5452274680137634,0.1214920729398727,0.3692479133605957,0.411769688129425,0.8319999575614929,0.2909083068370819,0.8297053575515747,0.0,0.0,0.0,0.0,0.0,0.0,0.0,0.0,0.378046303987503,0.4574437737464905
0.3349452316761017,0.296955794095993,0.3546489775180816,0.265655905008316,0.3196558654308319,0.2803485691547394,0.4119665324687958,0.2787007689476013,0.3106021881103515,0.3125550746917724,0.4804101586341858,0.4422871172428131,0.2918838858604431,0.476542055606842,0.632929801940918,0.5257542133331299,0.139869824051857,0.5531694889068604,0.808289647102356,0.5527297854423523,0.1057800501585006,0.3630006909370422,0.4214966297149658,0.8310656547546387,0.3016261160373688,0.8278666138648987,0.0,0.0,0.0,0.0,0.0,0.0,0.0,0.0,0.3895782828330993,0.4569327235221863
0.3433426022529602,0.2939395904541015,0.3643551766872406,0.2628555595874786,0.3302478790283203,0.2747889161109924,0.4238926470279693,0.2800057828426361,0.0,0.0,0.4907551109790802,0.4430353045463562,0.3085639476776123,0.4825757145881653,0.6416489481925964,0.52676922082901,0.1751109808683395,0.5994772911071777,0.8202844858169556,0.5495595335960388,0.1346971094608307,0.4304780960083008,0.4326736629009247,0.8310061693191528,0.3140068650245666,0.8273342251777649,0.0,0.0,0.0,0.0,0.0,0.0,0.0,0.0,0.399206668138504,0.4614891707897186
0.3572593331336975,0.2818385660648346,0.3788087666034698,0.2566409707069397,0.3448250889778137,0.2620836198329925,0.4327840805053711,0.2829158902168274,0.3330041766166687,0.2946354746818542,0.4969404637813568,0.441130131483078,0.3146276772022247,0.4843081831932068,0.6541179418563843,0.506351888179779,0.1893840730190277,0.6075683832168579,0.848307192325592,0.5332204103469849,0.1515125483274459,0.4437018036842346,0.4447893500328064,0.8313060998916626,0.3244127333164215,0.8209095597267151,0.0,0.0,0.0,0.0,0.0,0.0,0.0,0.0,0.4047724902629852,0.4602353572845459
0.3785848021507263,0.2744908332824707,0.4021849632263183,0.2511746883392334,0.3651311695575714,0.253281682729721,0.4520574510097503,0.2852426469326019,0.0,0.0,0.5112358927726746,0.4381740093231201,0.3295628130435943,0.4762695133686065,0.6678010821342468,0.5101454257965088,0.1746503263711929,0.5714588165283203,0.8556605577468872,0.5390806198120117,0.1321073025465011,0.3886995017528534,0.4672222733497619,0.8433337807655334,0.3426050543785095,0.8358736038208008,0.0,0.0,0.0,0.0,0.0,0.0,0.0,0.0,0.4217896461486816,0.4549909234046936
0.3950592577457428,0.2740318179130554,0.4191238582134247,0.2515322268009186,0.3823294639587402,0.2524211406707763,0.46677166223526,0.2909444272518158,0.3683528304100036,0.2883336842060089,0.5213517546653748,0.4392170906066894,0.3461097776889801,0.4791401922702789,0.6800869703292847,0.512669026851654,0.1896196603775024,0.5697774887084961,0.884970486164093,0.5475429892539978,0.1537041813135147,0.4008714258670807,0.475692480802536,0.8531593680381775,0.3520262539386749,0.8516831994056702,0.0,0.0,0.0,0.0,0.0,0.0,0.0,0.0,0.432811290025711,0.4583219587802887
0.4081431031227112,0.2785830199718475,0.4361443817615509,0.2606495916843414,0.3974137008190155,0.2557448148727417,0.4769786298274994,0.3093152940273285,0.0,0.0,0.5263325572013855,0.4423070549964905,0.3477601408958435,0.4784030318260193,0.6818075180053711,0.5232772827148438,0.1880017966032028,0.5847663283348083,0.893557608127594,0.558942973613739,0.189700573682785,0.4124477505683899,0.4771540462970733,0.8524917364120483,0.3528084456920624,0.8500744700431824,0.0,0.0,0.0,0.0,0.0,0.0,0.0,0.0,0.4383430778980255,0.45915287733078
0.4092690348625183,0.2879706025123596,0.4362027645111084,0.2719007432460785,0.3941750526428222,0.2600805759429931,0.4626549780368805,0.3169208168983459,0.3673913180828094,0.2901646196842193,0.508645236492157,0.453704684972763,0.3231795728206634,0.4740657210350036,0.6719488501548767,0.5340917706489563,0.1607629805803299,0.5573709607124329,0.851617157459259,0.5664562582969666,0.1530172973871231,0.3791532516479492,0.4589954018592834,0.8497287631034851,0.3322233259677887,0.8504264950752258,0.0,0.0,0.0,0.0,0.0,0.0,0.0,0.0,0.4161513149738312,0.4627159535884857
0.3682573139667511,0.2918024659156799,0.393168032169342,0.2758770287036896,0.3550617396831512,0.2605919241905212,0.4193277060985565,0.3198508322238922,0.3256179988384247,0.2866225242614746,0.4569633305072784,0.4575487673282623,0.2658759951591491,0.4701835513114929,0.6185701489448547,0.5408087968826294,0.0931152552366256,0.5248920917510986,0.7858778238296509,0.5825729370117188,0.0687855407595634,0.3185549676418304,0.402086466550827,0.8523999452590942,0.2769276201725006,0.8497857451438904,0.0,0.0,0.0,0.0,0.0,0.0,0.0,0.0,0.3617599904537201,0.4641077816486358
0.3270899951457977,0.3002512156963348,0.3487301170825958,0.2839609682559967,0.3112409710884094,0.2718377113342285,0.3720154166221618,0.320609837770462,0.2807120978832245,0.300542265176773,0.4089959561824798,0.4657253921031952,0.2215880900621414,0.474980741739273,0.5636882781982422,0.5426782369613647,0.0489046834409236,0.5488914251327515,0.7338866591453552,0.5746816992759705,0.0857356414198875,0.3792464137077331,0.3628420233726501,0.8335123062133789,0.2391586601734161,0.830735981464386,0.0,0.0,0.0,0.0,0.0,0.0,0.0,0.0,0.3162267506122589,0.4698724448680877
0.305301159620285,0.3047696053981781,0.3261149823665619,0.2857188582420349,0.2868736684322357,0.2791174352169037,0.3519547581672668,0.3199826776981354,0.2577850222587585,0.3090929985046386,0.3939808309078216,0.4669563770294189,0.1985734850168228,0.4701034724712372,0.5516371726989746,0.5430163741111755,0.0180782862007617,0.5341638922691345,0.7052258849143982,0.566598117351532,0.0540521964430809,0.3622872233390808,0.3545885980129242,0.830329418182373,0.2295681983232498,0.8284294009208679,0.0,0.0,0.0,0.0,0.0,0.0,0.0,0.0,0.2966831624507904,0.4695269465446472
0.2917699217796325,0.3118245303630829,0.3123940527439117,0.289869099855423,0.2710626423358917,0.2871894538402557,0.3392121493816376,0.3226141333580017,0.2421931326389312,0.3165347576141357,0.3778498768806457,0.468458890914917,0.1919350177049636,0.4658639430999756,0.5272537469863892,0.5293667912483215,0.0187785774469375,0.4961329102516174,0.6664210557937622,0.5441323518753052,0.0129385543987154,0.2977403104305267,0.3505027294158935,0.8287545442581177,0.2236612141132354,0.8285337090492249,0.0,0.0,0.0,0.0,0.0,0.0,0.0,0.0,0.2864232063293457,0.4669995903968811
0.2983199059963226,0.3192322254180908,0.3176144957542419,0.2923871576786041,0.2772237658500671,0.2939230501651764,0.3457903265953064,0.317176878452301,0.2525172829627991,0.3196322619915008,0.3826723396778106,0.4685762226581573,0.2046160399913787,0.4746504426002502,0.524907648563385,0.5106203556060791,0.0174684841185808,0.5296218395233154,0.6500896215438843,0.5172556042671204,0.091506540775299,0.3658797144889831,0.3612779974937439,0.8164207339286804,0.2396088391542434,0.8263143301010132,0.0,0.0,0.0,0.0,0.0,0.0,0.0,0.0,0.2959045469760895,0.4716950356960296
0.321842223405838,0.3164868354797363,0.3382591605186462,0.2897913753986358,0.2996048033237457,0.2911015152931213,0.3632296621799469,0.3145917952060699,0.2709252834320068,0.3199003040790558,0.3987292349338531,0.4655762612819671,0.2261867374181747,0.4834458529949188,0.5387071371078491,0.5041288733482361,0.0454798713326454,0.5410093665122986,0.6550577282905579,0.5068615078926086,0.1106781736016273,0.3686975836753845,0.381786584854126,0.8280983567237854,0.2638557851314544,0.8333879709243774,0.0,0.0,0.0,0.0,0.0,0.0,0.0,0.0,0.3141608536243438,0.4736060500144958
0.3604198396205902,0.3194149136543274,0.3748343288898468,0.2951936423778534,0.3375057280063629,0.2955557703971863,0.3935568332672119,0.3166657388210296,0.3046360909938812,0.3241753876209259,0.4312674105167389,0.4654988646507263,0.2569238543510437,0.4739065766334533,0.5574181079864502,0.4916961193084717,0.083750806748867,0.5249274373054504,0.6818042397499084,0.4847948849201202,0.1140849813818931,0.3362219333648681,0.4176115989685058,0.82804936170578,0.3079175353050232,0.833972156047821,0.0,0.0,0.0,0.0,0.0,0.0,0.0,0.0,0.3435614109039306,0.4690873026847839
0.3841971755027771,0.3250901401042938,0.3999867737293243,0.3019729256629944,0.3631806671619415,0.3021916449069977,0.421458899974823,0.3308338820934295,0.3318899571895599,0.3307819068431854,0.458086222410202,0.4702136218547821,0.2912223041057586,0.4848784804344177,0.5803082585334778,0.4974799454212188,0.1187003254890441,0.5615573525428772,0.7030124664306641,0.4912891387939453,0.1969364732503891,0.397350013256073,0.4428330361843109,0.8165294528007507,0.3308947384357452,0.8311108946800232,0.0,0.0,0.0,0.0,0.0,0.0,0.0,0.0,0.3766565024852752,0.4764275848865509
0.396191269159317,0.3239694237709045,0.4116775095462799,0.2989054322242737,0.3739683926105499,0.3021638393402099,0.4336831271648407,0.3246245980262756,0.3445920646190643,0.3312171101570129,0.4697163701057434,0.4686551988124847,0.3014606535434723,0.4855438768863678,0.5822368264198303,0.5011577010154724,0.1353289037942886,0.5545708537101746,0.7107739448547363,0.4932374954223633,0.1867147535085678,0.3746816515922546,0.4552772045135498,0.8252760171890259,0.3426333963871002,0.8194242119789124,0.0,0.0,0.0,0.0,0.0,0.0,0.0,0.0,0.3891418576240539,0.4765790402889251
0.4160244762897491,0.3297820091247558,0.4314354062080383,0.3072434067726135,0.3941841721534729,0.3094806373119354,0.4527406394481659,0.3335863947868347,0.3671242296695709,0.3391924202442169,0.4903076291084289,0.4777389466762543,0.3258613646030426,0.4856933057308197,0.6023284196853638,0.5357311367988586,0.1629784107208252,0.5600383877754211,0.0,0.0,0.1986084133386612,0.3894372582435608,0.4671074450016022,0.8304905295372009,0.3540083765983581,0.8304167985916138,0.0,0.0,0.0,0.0,0.0,0.0,0.0,0.0,0.4094716012477875,0.4802753031253814
0.4269977509975433,0.3284437954425812,0.441559225320816,0.3053136467933655,0.4060981571674347,0.310109794139862,0.4672232270240783,0.3345136940479278,0.3825886249542236,0.3464639186859131,0.5073579549789429,0.4913541674613952,0.3364338874816894,0.4848341643810272,0.6265873908996582,0.5785365700721741,0.1806690841913223,0.5664626955986023,0.7492468953132629,0.6215164065361023,0.2263004034757614,0.3994911015033722,0.4695942103862762,0.8455101251602173,0.3555962443351745,0.8331298232078552,0.0,0.0,0.0,0.0,0.0,0.0,0.0,0.0,0.4232638478279114,0.4859877228736877
0.4134790003299713,0.3164226412773132,0.4339478015899658,0.2988607585430145,0.3939173817634582,0.2949417531490326,0.4563540518283844,0.3426203727722168,0.3668591678142547,0.3321386873722076,0.4896288812160492,0.4878234565258026,0.3178024291992187,0.4772706925868988,0.6158665418624878,0.5784184336662292,0.1616580784320831,0.5532820820808411,0.7443261742591858,0.6176148653030396,0.198391318321228,0.3822301924228668,0.4484300315380096,0.8352258801460266,0.3345207273960113,0.8302345275878906,0.0,0.0,0.0,0.0,0.0,0.0,0.0,0.0,0.4050823748111725,0.4804584681987762
0.4023379683494568,0.3118219673633575,0.4246861636638641,0.2966882288455963,0.3843394815921783,0.2877152562141418,0.4473114013671875,0.3413073122501373,0.3537767231464386,0.3189043402671814,0.4816863238811493,0.481138676404953,0.3049296736717224,0.4796781241893768,0.6136585474014282,0.5628008246421814,0.1484248340129852,0.5380855798721313,0.7473777532577515,0.5993176102638245,0.1842185407876968,0.363537847995758,0.4376279413700104,0.8313537240028381,0.3260150551795959,0.8302785754203796,0.0,0.0,0.0,0.0,0.0,0.0,0.0,0.0,0.3952235877513885,0.4802142679691314
0.3877758085727691,0.3061428964138031,0.4065485894680023,0.2907223105430603,0.3710045516490936,0.2804485857486725,0.42696613073349,0.3310143053531647,0.341368168592453,0.3121377825736999,0.4673638045787811,0.4726048111915588,0.2829732894897461,0.4787827134132385,0.5955000519752502,0.5319775342941284,0.1092259883880615,0.5534090995788574,0.7460330724716187,0.5561737418174744,0.1667923480272293,0.3684611320495605,0.4255355894565582,0.8318354487419128,0.3127837181091308,0.8311688303947449,0.0,0.0,0.0,0.0,0.0,0.0,0.0,0.0,0.3750037252902984,0.4758712947368622
0.3711616098880768,0.3074181079864502,0.3959140181541443,0.2938651740550995,0.3567299246788025,0.2771179676055908,0.4183201491832733,0.3327248692512512,0.3244681656360626,0.3067729473114013,0.4545387327671051,0.4668844640254974,0.2623659968376159,0.4791921079158783,0.5908681154251099,0.5122118592262268,0.0883490294218063,0.5409855842590332,0.7332183718681335,0.5158441662788391,0.0831173509359359,0.34710893034935,0.4110409319400787,0.8323687314987183,0.2949256300926208,0.8322195410728455,0.0,0.0,0.0,0.0,0.0,0.0,0.0,0.0,0.3591080605983734,0.4734302163124084
0.3577163815498352,0.3026440739631653,0.380924642086029,0.2914774715900421,0.3428204357624054,0.2737246453762054,0.396691083908081,0.3317295014858246,0.3104642033576965,0.298456460237503,0.4262129664421081,0.4660578668117523,0.2449895590543747,0.4817883968353271,0.5751724243164062,0.4985032677650451,0.0646025761961937,0.5486005544662476,0.7241122126579285,0.4974785447120666,0.1206471249461174,0.3696115016937256,0.3931621611118316,0.8434160947799683,0.2711115181446075,0.8373690843582153,0.0,0.0,0.0,0.0,0.0,0.0,0.0,0.0,0.3357690274715423,0.4731843471527099
0.3412359654903412,0.3054832816123962,0.3634932041168213,0.2908204197883606,0.322723925113678,0.272046834230423,0.3781319260597229,0.3274686634540558,0.2837922275066376,0.2979450821876526,0.4090443551540375,0.464670330286026,0.2188697010278701,0.4737457931041717,0.5633580088615417,0.5022873282432556,0.0433458499610424,0.5560033917427063,0.7109857201576233,0.4930514991283417,0.0585267171263694,0.3814041912555694,0.3823865056037903,0.844804584980011,0.2545286417007446,0.8342896103858948,0.0,0.0,0.0,0.0,0.0,0.0,0.0,0.0,0.3157748579978943,0.470359057188034
0.3267459869384765,0.2965129911899566,0.3484503626823425,0.2796063721179962,0.3092699348926544,0.2676218152046203,0.3697196543216705,0.3184221088886261,0.2748848795890808,0.2957827150821686,0.4077761173248291,0.4607563316822052,0.2110485583543777,0.4729622006416321,0.5613588690757751,0.4949563443660736,0.0207631140947341,0.5508654713630676,0.7166653275489807,0.4878595173358917,0.0089285718277096,0.3584479391574859,0.3793396353721618,0.848511815071106,0.2470941841602325,0.8450040817260742,0.0,0.0,0.0,0.0,0.0,0.0,0.0,0.0,0.3129679560661316,0.4675979018211365
0.32636359333992,0.2909961342811584,0.34705451130867,0.2665634453296661,0.3055658638477325,0.2648375928401947,0.3787510097026825,0.3055761456489563,0.2771171331405639,0.3009199500083923,0.4199953973293304,0.4520080685615539,0.2277883440256118,0.4760877788066864,0.5799492597579956,0.4871647357940674,0.0458001680672168,0.5593750476837158,0.7496208548545837,0.4717693030834198,0.0821746960282325,0.3779490292072296,0.3912607729434967,0.829731822013855,0.2625829577445984,0.83395916223526,0.0,0.0,0.0,0.0,0.0,0.0,0.0,0.0,0.3246912062168121,0.4639343321323395
0.3317216038703918,0.2821225821971893,0.3519754707813263,0.2573653757572174,0.3108150362968445,0.2580036520957947,0.387358158826828,0.2952539622783661,0.2856119275093078,0.2950470447540283,0.4363746047019958,0.4464196264743805,0.2408558130264282,0.4677824378013611,0.6025878190994263,0.4834177792072296,0.0607052147388458,0.5509539246559143,0.773793637752533,0.4655830860137939,0.052006222307682,0.358933687210083,0.4046628773212433,0.8308425545692444,0.2801211774349212,0.8343290686607361,0.0,0.0,0.0,0.0,0.0,0.0,0.0,0.0,0.3372455239295959,0.4575478732585907
0.3377578258514404,0.2724692523479461,0.3602770268917084,0.2444835007190704,0.3155756890773773,0.2518387138843536,0.4013509154319763,0.2786081731319427,0.2984062135219574,0.2953658998012543,0.4581983387470245,0.436895340681076,0.2589035332202911,0.4657971560955047,0.6224709153175354,0.4718246459960937,0.075671948492527,0.5524052977561951,0.7904256582260132,0.4629420638084411,0.0619434751570224,0.3481827676296234,0.4325599074363708,0.8446783423423767,0.3001994788646698,0.8647483587265015,0.0,0.0,0.0,0.0,0.0,0.0,0.0,0.0,0.3578736484050751,0.4505544304847717
0.3443366885185241,0.2727212607860565,0.3660518229007721,0.2464428693056106,0.3241572976112366,0.2540023028850555,0.4068064093589782,0.2797625362873077,0.3073550760746002,0.2998504936695099,0.4658450782299042,0.4376669824123382,0.2695622146129608,0.4741043150424957,0.6282621026039124,0.4713485240936279,0.0838469713926315,0.5670293569564819,0.8039762377738953,0.4601378142833709,0.1202081814408302,0.3809011876583099,0.4460155963897705,0.8479030728340149,0.3110556602478027,0.868482232093811,0.0,0.0,0.0,0.0,0.0,0.0,0.0,0.0,0.3644528985023498,0.4552106857299804
0.3563027679920196,0.2731779515743255,0.3779292404651642,0.2490979880094528,0.3354436457157135,0.2565773725509643,0.4191367328166961,0.2795952260494232,0.317731648683548,0.3018585741519928,0.479905903339386,0.438740998506546,0.272009402513504,0.4690465033054352,0.6423439383506775,0.4689610302448272,0.0961218997836113,0.5628067255020142,0.8153279423713684,0.45698943734169,0.1150252074003219,0.3714915215969085,0.4570730626583099,0.8352033495903015,0.3237092792987823,0.8493114709854126,0.0,0.0,0.0,0.0,0.0,0.0,0.0,0.0,0.3755539059638977,0.4540942311286926
0.3752197623252868,0.2832080423831939,0.3942965865135193,0.2541106641292572,0.3524652421474457,0.2632793188095093,0.4377803802490234,0.2793526351451874,0.3374343514442444,0.3040030300617218,0.5008352398872375,0.4446033537387848,0.3061597943305969,0.4712594151496887,0.6643404364585876,0.4707438051700592,0.1238892003893852,0.5538267493247986,0.8441280126571655,0.4601313471794128,0.1001206040382385,0.3641362190246582,0.4748695492744446,0.8456165194511414,0.3425650596618652,0.8506520390510559,0.0,0.0,0.0,0.0,0.0,0.0,0.0,0.0,0.4046990871429443,0.458457738161087
0.3821439146995544,0.2949851453304291,0.4004094898700714,0.2643511891365051,0.3617575764656067,0.2755021154880523,0.4471110999584198,0.282872587442398,0.3481079041957855,0.3087274730205536,0.5126076936721802,0.4475037455558777,0.3256683051586151,0.4737337529659271,0.6703153252601624,0.4759387969970703,0.1416399776935577,0.5698193907737732,0.8614160418510437,0.4639661312103271,0.1559371799230575,0.3977163732051849,0.4854350686073303,0.8491000533103943,0.3501634299755096,0.8527015447616577,0.0,0.0,0.0,0.0,0.0,0.0,0.0,0.0,0.4201111793518066,0.4612532556056976
0.3888652920722961,0.2966723442077636,0.4072683155536651,0.2630634307861328,0.3675257265567779,0.2752295136451721,0.4540683329105377,0.2818491458892822,0.3549734950065613,0.3090333938598633,0.5168620347976685,0.4442746043205261,0.3334546089172363,0.4740843474864959,0.6767210960388184,0.4783298373222351,0.1513286381959915,0.5677489042282104,0.8687206506729126,0.4630777239799499,0.1670953780412674,0.4017843306064605,0.4838447868824005,0.8465143442153931,0.3492232859134674,0.8485360145568848,0.0,0.0,0.0,0.0,0.0,0.0,0.0,0.0,0.4269340336322784,0.4599444568157196
0.3890134990215301,0.2941411435604095,0.4083327651023865,0.2627659738063812,0.3690626323223114,0.2728756070137024,0.4561654925346374,0.2819288671016693,0.3545476794242859,0.304539680480957,0.5167498588562012,0.4472413659095764,0.3181898295879364,0.471660166978836,0.6826923489570618,0.4856155216693878,0.1488300710916519,0.5510457158088684,0.876517653465271,0.4729845225811004,0.1347101181745529,0.3702226281166076,0.4783183634281158,0.8432989716529846,0.3450362086296081,0.8473490476608276,0.0,0.0,0.0,0.0,0.0,0.0,0.0,0.0,0.4226084053516388,0.4607602953910827
0.3628192543983459,0.2920885682106018,0.3837735950946808,0.2619730830192566,0.3461528420448303,0.2686400711536407,0.4366232752799988,0.2776137888431549,0.3326974511146545,0.2951730787754059,0.4968169331550598,0.4393459260463714,0.3050863444805145,0.4735775887966156,0.671946108341217,0.4719883501529693,0.1390670090913772,0.5671394467353821,0.8705348968505859,0.4662363529205322,0.1490395814180374,0.3927387595176697,0.4557670652866363,0.8354769349098206,0.3277158141136169,0.8439832925796509,0.0,0.0,0.0,0.0,0.0,0.0,0.0,0.0,0.4028351306915283,0.4564340114593506
0.3394777476787567,0.287109225988388,0.3613242208957672,0.2555125057697296,0.3233304023742676,0.2689525485038757,0.4149002432823181,0.274289608001709,0.0,0.0,0.4796884953975677,0.433669775724411,0.2914249002933502,0.4749886095523834,0.6637312769889832,0.4660563468933105,0.129199132323265,0.5796200633049011,0.861150324344635,0.4560140967369079,0.1574806421995163,0.415166288614273,0.4214906096458435,0.8340417742729187,0.3007064461708069,0.8453327417373657,0.0,0.0,0.0,0.0,0.0,0.0,0.0,0.0,0.3861496746540069,0.4505314528942108
0.3230038583278656,0.2839401364326477,0.342176228761673,0.2528053224086761,0.3057823479175567,0.2605374455451965,0.39961639046669,0.2692089974880218,0.2937985062599182,0.2880966067314148,0.4658553004264831,0.432025671005249,0.2739350199699402,0.4746846854686737,0.6393440365791321,0.4658628106117248,0.1188787072896957,0.5771777033805847,0.8468007445335388,0.4454305469989776,0.1160267665982246,0.3911106288433075,0.4022133946418762,0.8340386152267456,0.2824147641658783,0.8328923583030701,0.0,0.0,0.0,0.0,0.0,0.0,0.0,0.0,0.3687721788883209,0.4506799280643463
0.2902464270591736,0.2866055965423584,0.3086468875408172,0.2543323636054992,0.2741526663303375,0.265794038772583,0.3662853240966797,0.2665413618087768,0.0,0.0,0.430137425661087,0.4271504580974579,0.2496407479047775,0.4723220765590668,0.6052640080451965,0.4702751934528351,0.0981673002243042,0.5544829964637756,0.8093986511230469,0.4563420414924621,0.0668855980038642,0.3554766774177551,0.3642375469207763,0.8299121260643005,0.2480146437883377,0.8266199827194214,0.0,0.0,0.0,0.0,0.0,0.0,0.0,0.0,0.3417569100856781,0.4457144439220428
0.2788683772087097,0.2940688729286194,0.2981870472431183,0.2603290975093841,0.2625801861286163,0.2752324640750885,0.3555908203125,0.2730100750923157,0.0,0.0,0.4207910597324371,0.4315111339092254,0.242015078663826,0.4705570042133331,0.5852311849594116,0.4732616543769836,0.083454243838787,0.5562880039215088,0.7825442552566528,0.4511657655239105,0.1107061654329299,0.4076838195323944,0.3574041724205017,0.832647979259491,0.2443404197692871,0.8272658586502075,0.0,0.0,0.0,0.0,0.0,0.0,0.0,0.0,0.3303995132446289,0.4498968422412872
0.2740792334079742,0.2847354710102081,0.2935297191143036,0.2522454559803009,0.2596049010753631,0.2652619779109955,0.3503356277942657,0.2695354521274566,0.0,0.0,0.4164488911628723,0.426139771938324,0.2386339902877807,0.4679467976093292,0.5811365246772766,0.4686733186244964,0.0810234099626541,0.5575906038284302,0.7802421450614929,0.4449647963047027,0.098476730287075,0.3981249630451202,0.3593883216381073,0.8335413932800293,0.2445642054080963,0.830312192440033,0.0,0.0,0.0,0.0,0.0,0.0,0.0,0.0,0.3271613419055938,0.4445936977863312
0.2788226902484894,0.2771655023097992,0.2990258336067199,0.2459185868501663,0.2622729837894439,0.2573532462120056,0.3549385666847229,0.2630208432674408,0.0,0.0,0.4199205935001373,0.421244204044342,0.2331455945968628,0.466226577758789,0.5806320905685425,0.4626212418079376,0.087878331542015,0.5565730929374695,0.7918474078178406,0.4374920427799225,0.0517672672867774,0.3673502802848816,0.3608129620552063,0.8355294466018677,0.2438101768493652,0.8329047560691833,0.0,0.0,0.0,0.0,0.0,0.0,0.0,0.0,0.3266716301441192,0.4413438141345978
0.2884620130062103,0.2697519361972809,0.3084794580936432,0.2416613847017288,0.2704378664493561,0.2499122768640518,0.3612771928310394,0.2627981305122375,0.2603282630443573,0.2821617424488067,0.4198036193847656,0.4196749329566955,0.2396509945392608,0.4609458744525909,0.5844915509223938,0.4633104503154754,0.0838509425520896,0.5366799235343933,0.7972298860549927,0.4388995766639709,0.016904629766941,0.3478147387504577,0.361807644367218,0.8291960954666138,0.244770660996437,0.8270581364631653,0.0,0.0,0.0,0.0,0.0,0.0,0.0,0.0,0.3299517333507538,0.4377533495426178
0.3058801591396332,0.2694019377231598,0.3300341665744781,0.2432749718427658,0.2895346283912658,0.2438636124134063,0.3797239363193512,0.271409660577774,0.2739010751247406,0.2749785482883453,0.4244823753833771,0.4224009215831756,0.2419393509626388,0.4621014297008514,0.6060895919799805,0.4698324501514435,0.081935167312622,0.5474467277526855,0.8132815361022949,0.4445123076438904,0.0861615464091301,0.3657209575176239,0.3633942008018493,0.8188402056694031,0.2466528713703155,0.8273960947990417,0.0,0.0,0.0,0.0,0.0,0.0,0.0,0.0,0.3358274400234222,0.4400418102741241
0.3186652362346649,0.2617016434669494,0.3424373567104339,0.2367901653051376,0.3022001683712005,0.2362390905618667,0.3890633881092071,0.2704447507858276,0.2848336696624756,0.2649030387401581,0.4302102923393249,0.4235243499279022,0.2427139431238174,0.4659737944602966,0.6135073304176331,0.471604973077774,0.0744666531682014,0.5512204766273499,0.819649338722229,0.4522559344768524,0.1052626296877861,0.3787393271923065,0.3694094121456146,0.8309451341629028,0.2466885596513748,0.83165043592453,0.0,0.0,0.0,0.0,0.0,0.0,0.0,0.0,0.3386247456073761,0.4418938159942627
0.3266540467739105,0.2487252503633499,0.3563880026340484,0.228401780128479,0.3132967948913574,0.2204647213220596,0.4012453556060791,0.2723046839237213,0.2917639315128326,0.2448255866765976,0.4367547929286957,0.4225063621997833,0.2564768493175506,0.4552503526210785,0.620480477809906,0.476654976606369,0.0894003584980964,0.5553842186927795,0.8417075872421265,0.4675244987010956,0.0858997702598571,0.3682894706726074,0.378222644329071,0.8142715692520142,0.2549221217632293,0.8267082571983337,0.0,0.0,0.0,0.0,0.0,0.0,0.0,0.0,0.3487420082092285,0.43597412109375
0.3365972936153412,0.2389767616987228,0.3678084313869476,0.2215763479471206,0.3268197476863861,0.2113842815160751,0.4150123298168182,0.2704509496688843,0.0,0.0,0.4525986015796661,0.420595645904541,0.273028552532196,0.4538738131523132,0.6346781849861145,0.472270518541336,0.1057688817381858,0.5432252883911133,0.8546172976493835,0.4682584106922149,0.0779853910207748,0.3387629985809326,0.3878869116306305,0.8640321493148804,0.2611844837665558,0.8639875650405884,0.0,0.0,0.0,0.0,0.0,0.0,0.0,0.0,0.3627977669239044,0.4360833764076233
0.3442277014255523,0.2392703592777252,0.3736160397529602,0.2184456288814544,0.3347064852714538,0.2122242450714111,0.4242118895053863,0.2604469656944275,0.0,0.0,0.4681619703769684,0.4139977395534515,0.2878376543521881,0.4528858959674835,0.6527181267738342,0.4691051542758941,0.1232962682843208,0.5730968117713928,0.8711867332458496,0.4725055396556854,0.1290735900402069,0.3837161958217621,0.4024909138679504,0.8457311391830444,0.2790672779083252,0.8465806245803833,0.0,0.0,0.0,0.0,0.0,0.0,0.0,0.0,0.3766208589076996,0.4310411512851715
0.3527541160583496,0.2343963235616684,0.3812749683856964,0.2105925977230072,0.3404330611228943,0.2117692232131958,0.4341141283512115,0.2473816573619842,0.0,0.0,0.4800474345684051,0.4124438464641571,0.2996132671833038,0.4465228617191314,0.6681198477745056,0.4691649973392486,0.1464306563138961,0.560226321220398,0.8987247347831726,0.4728183150291443,0.1391332000494003,0.368670254945755,0.408273696899414,0.8459414839744568,0.2845883071422577,0.8473801016807556,0.0,0.0,0.0,0.0,0.0,0.0,0.0,0.0,0.390301376581192,0.4269672930240631
0.359360784292221,0.2258164137601852,0.3857950270175934,0.1976891458034515,0.3458293080329895,0.2053834944963455,0.4431177675724029,0.2377397716045379,0.0,0.0,0.4948417544364929,0.4115513265132904,0.3078858256340027,0.446045458316803,0.6893411874771118,0.4666125774383545,0.1681405752897262,0.5411376357078552,0.9168705940246582,0.4738306999206543,0.1271592676639557,0.358494222164154,0.4200934469699859,0.8656266927719116,0.2926185727119446,0.8523936867713928,0.0,0.0,0.0,0.0,0.0,0.0,0.0,0.0,0.401799738407135,0.4296645224094391
0.3471231162548065,0.2115596085786819,0.3773064315319061,0.1875317096710205,0.3326279520988464,0.191699132323265,0.4382332861423492,0.2274680584669113,0.0,0.0,0.4910037815570831,0.4051227867603302,0.3046657741069793,0.440158873796463,0.6883435845375061,0.4690888226032257,0.1762785911560058,0.5544830560684204,0.9245019555091858,0.4791934192180633,0.1406591534614563,0.378510057926178,0.4028868973255157,0.8693042993545532,0.2760690748691559,0.868416428565979,0.0,0.0,0.0,0.0,0.0,0.0,0.0,0.0,0.3971261084079742,0.4226382374763489
0.3356069922447204,0.2098892480134964,0.3658914566040039,0.182408332824707,0.3181529939174652,0.1918597072362899,0.4288170933723449,0.2182054072618484,0.0,0.0,0.4800357222557068,0.4041882455348968,0.2911738753318786,0.4418713748455047,0.6767884492874146,0.4660885035991668,0.1607060879468917,0.5567565560340881,0.9194636344909668,0.4754640161991119,0.1355584561824798,0.3943735063076019,0.3936161994934082,0.8823424577713013,0.2598149180412292,0.8820585608482361,0.0,0.0,0.0,0.0,0.0,0.0,0.0,0.0,0.3853840827941894,0.4214228689670563
0.3207175433635711,0.1996816843748092,0.3495767712593078,0.1708892285823822,0.3016048073768616,0.1826521158218383,0.4147752225399017,0.2074198722839355,0.0,0.0,0.4713625907897949,0.3972952663898468,0.2768453955650329,0.4440363049507141,0.6720881462097168,0.4576573371887207,0.1366232931613922,0.5481821894645691,0.915897011756897,0.4562474191188812,0.0940440967679023,0.3632136881351471,0.3699224293231964,0.9016093015670776,0.2382743507623672,0.882912814617157,0.0,0.0,0.0,0.0,0.0,0.0,0.0,0.0,0.3718344569206238,0.4198474287986755
0.303751140832901,0.1955583542585373,0.331488162279129,0.1628925949335098,0.2851653397083282,0.174921378493309,0.395911306142807,0.1932824701070785,0.0,0.0,0.4517722725868225,0.3908548057079315,0.2522286474704742,0.4245360195636749,0.6660887598991394,0.4586885273456573,0.1035861223936081,0.4782596528530121,0.902652144432068,0.4581429064273834,0.0158164612948894,0.2797373235225677,0.3508915603160858,0.8897796273231506,0.2120576947927475,0.881280243396759,0.0,0.0,0.0,0.0,0.0,0.0,0.0,0.0,0.3512850701808929,0.4041785299777984
0.2921200394630432,0.1922452747821808,0.3201719224452972,0.1605679094791412,0.2753326594829559,0.1708732396364212,0.3843470513820648,0.191786304116249,0.0,0.0,0.4404276013374328,0.3859474956989288,0.2411092072725296,0.4181709289550781,0.6665410399436951,0.4538047015666961,0.0738473087549209,0.4758735597133636,0.8880199790000916,0.4538339078426361,0.0392584018409252,0.2697663605213165,0.3423405587673187,0.879348874092102,0.2059276551008224,0.8654857873916626,0.0,0.0,0.0,0.0,0.0,0.0,0.0,0.0,0.340642511844635,0.3969340622425079
0.2846411764621734,0.1988144218921661,0.3155047297477722,0.1708084195852279,0.2652210593223572,0.1749593466520309,0.3760560154914856,0.205562949180603,0.2480554431676864,0.2112136632204055,0.4264740347862243,0.3864359557628631,0.2301762849092483,0.4206897318363189,0.6349681615829468,0.4509322643280029,0.0437015928328037,0.4367217719554901,0.8680403828620911,0.4366932511329651,0.0691140443086624,0.2644411623477936,0.3329024016857147,0.8540152907371521,0.2008269727230072,0.8475918173789978,0.0,0.0,0.0,0.0,0.0,0.0,0.0,0.0,0.3293648660182953,0.3999061584472656
0.2948858439922333,0.1950930655002594,0.3253452777862549,0.1689791977405548,0.276064783334732,0.1705991923809051,0.375830203294754,0.2125600576400756,0.2564439475536346,0.2107613980770111,0.4252762794494629,0.3890132904052734,0.2254044264554977,0.4166982769966125,0.6351554989814758,0.4518139660358429,0.0231310278177261,0.4185468852519989,0.8566185832023621,0.4368396401405334,0.0,0.0,0.3405001163482666,0.8792120218276978,0.2017901986837387,0.852868378162384,0.0,0.0,0.0,0.0,0.0,0.0,0.0,0.0,0.3242233097553253,0.4002991020679474
0.3147254586219787,0.1923032701015472,0.3454413414001465,0.1703273206949234,0.2962700724601745,0.1662211865186691,0.3900291323661804,0.2238790690898895,0.2729512155056,0.2116057127714157,0.4394815266132355,0.3886209428310394,0.2256421744823455,0.4199504256248474,0.6430985331535339,0.4575368463993072,0.0138811422511935,0.431651622056961,0.868277370929718,0.4468634128570556,0.0927108153700828,0.2340583056211471,0.3634890019893646,0.8826918005943298,0.211551085114479,0.8804498314857483,0.0,0.0,0.0,0.0,0.0,0.0,0.0,0.0,0.3319765031337738,0.4031161665916443
0.3381954729557037,0.1966466754674911,0.3711640536785126,0.1806502044200897,0.3182710707187652,0.1726280450820922,0.4089817702770233,0.2371987849473953,0.2963145077228546,0.2223904281854629,0.4526998400688171,0.3967884182929992,0.2533814609050751,0.4305804073810577,0.6520723700523376,0.4680520892143249,0.0224341601133346,0.4526298344135284,0.8821119070053101,0.4710195064544678,0.0531197600066661,0.2269370257854461,0.3873750865459442,0.8839268088340759,0.2401407808065414,0.8680812120437622,0.0,0.0,0.0,0.0,0.0,0.0,0.0,0.0,0.3519454002380371,0.4114809930324554
0.3499118983745575,0.1975918263196945,0.3817067444324493,0.1818129271268844,0.3331257998943329,0.1726155430078506,0.4215100109577179,0.2372272908687591,0.3123203217983246,0.2233523577451706,0.4693226218223572,0.3972486555576324,0.2698636949062347,0.4383641183376312,0.6682301163673401,0.4639030396938324,0.0494024157524108,0.4908754527568817,0.8930260539054871,0.4645727574825287,0.0639827325940132,0.2598444819450378,0.4040507972240448,0.9176896810531616,0.2588016986846924,0.902005970478058,0.0,0.0,0.0,0.0,0.0,0.0,0.0,0.0,0.3675475120544433,0.416888415813446
0.382766991853714,0.2208400964736938,0.4112577736377716,0.2003766298294067,0.3661979734897613,0.1941654682159423,0.4516425132751465,0.2501207888126373,0.3416163921356201,0.2363791316747665,0.5059450268745422,0.4078743159770965,0.2928932011127472,0.4473529458045959,0.6863234639167786,0.4761933386325836,0.0980927422642707,0.5078732967376709,0.8999101519584656,0.4737867712974548,0.1522060334682464,0.2998378872871399,0.4396553933620453,0.8831726908683777,0.3005091547966003,0.88420170545578,0.0,0.0,0.0,0.0,0.0,0.0,0.0,0.0,0.399251788854599,0.4285922348499298
0.4021419882774353,0.2424723356962204,0.4316205382347107,0.2228713482618332,0.3850360214710235,0.2165672332048416,0.4706448018550873,0.2689366340637207,0.3620869815349579,0.2552684843540191,0.5215747356414795,0.4205391407012939,0.3250903785228729,0.4544416069984436,0.6897624135017395,0.4853557050228119,0.1497730165719986,0.5268002152442932,0.8920350074768066,0.4769114553928375,0.1323851943016052,0.3160664439201355,0.4547445178031921,0.8646635413169861,0.3273721039295196,0.855254590511322,0.0,0.0,0.0,0.0,0.0,0.0,0.0,0.0,0.4240706264972687,0.4396700859069824
0.4078311920166015,0.2515051066875458,0.4376548826694488,0.2304017394781112,0.3955808579921722,0.2257771790027618,0.4805751740932464,0.276912122964859,0.0,0.0,0.5259072184562683,0.4234389364719391,0.344853937625885,0.4602386951446533,0.6825512051582336,0.4841668009757995,0.1864621937274933,0.5648632049560547,0.8843641877174377,0.4704311788082123,0.2074557691812515,0.3572694361209869,0.4623538553714752,0.846211850643158,0.3442351222038269,0.834074079990387,0.0,0.0,0.0,0.0,0.0,0.0,0.0,0.0,0.4360556006431579,0.4429703056812286
0.4161606431007385,0.2658418118953705,0.4424991607666015,0.2440188080072403,0.4037899971008301,0.2432671338319778,0.487425833940506,0.282485157251358,0.0,0.0,0.5310747027397156,0.4329245090484619,0.3490752577781677,0.4654982388019562,0.6862087845802307,0.4936448633670807,0.202643871307373,0.5610577464103699,0.8861976265907288,0.4776401221752167,0.2172154188156128,0.3570550084114074,0.4692029953002929,0.8533391952514648,0.3505635559558868,0.8496676683425903,0.0,0.0,0.0,0.0,0.0,0.0,0.0,0.0,0.4419019222259521,0.4500646293163299
0.437209278345108,0.2999991476535797,0.4605176448822021,0.2740363180637359,0.4231325685977936,0.2775240838527679,0.5059557557106018,0.306697815656662,0.0,0.0,0.5468947887420654,0.4487395882606506,0.3870055973529815,0.4870297610759735,0.6757873296737671,0.5120252370834351,0.2593028843402862,0.5935035943984985,0.8402394652366638,0.5156715512275696,0.271610826253891,0.4257895946502685,0.5041466355323792,0.8344531655311584,0.4000219404697418,0.8364324569702148,0.0,0.0,0.0,0.0,0.0,0.0,0.0,0.0,0.4680985808372497,0.4676156938076019
0.4528732597827911,0.3106443285942077,0.4759142994880676,0.2843756973743438,0.4372391402721405,0.2857555747032165,0.5177775621414185,0.3132795691490173,0.0,0.0,0.5668076872825623,0.4508001804351806,0.4067606329917907,0.4930858016014099,0.6838682889938354,0.5138147473335266,0.2773087322711944,0.6019233465194702,0.8258354067802429,0.5158473253250122,0.2806696593761444,0.4341261386871338,0.529416024684906,0.8335246443748474,0.4214555919170379,0.8437934517860413,0.0,0.0,0.0,0.0,0.0,0.0,0.0,0.0,0.4885850846767425,0.4710899889469147
0.4794920086860657,0.306619256734848,0.502003014087677,0.2818265855312347,0.4638732075691223,0.284917414188385,0.544593095779419,0.3099958300590515,0.449413388967514,0.3148055970668793,0.5948814153671265,0.4477909505367279,0.4346170425415039,0.4951075911521911,0.7079997062683105,0.5119461417198181,0.3073922097682953,0.5952767133712769,0.8583267331123352,0.514821469783783,0.2833736836910248,0.4234653115272522,0.5517503619194031,0.8182342648506165,0.4421975612640381,0.8167520761489868,0.0,0.0,0.0,0.0,0.0,0.0,0.0,0.0,0.5162169337272644,0.4686822593212127
0.5019186735153198,0.2958403527736664,0.5242170691490173,0.2705408632755279,0.4866161942481994,0.2765161097049713,0.5719671845436096,0.297015368938446,0.0,0.0,0.6218602061271667,0.4390106797218323,0.4624626934528351,0.4873997569084167,0.729577898979187,0.5075761079788208,0.343752384185791,0.5997286438941956,0.8803035616874695,0.5158620476722717,0.3429880142211914,0.4313533306121826,0.5892149209976196,0.8303762078285217,0.4838216602802276,0.8262378573417664,0.0,0.0,0.0,0.0,0.0,0.0,0.0,0.0,0.5440950989723206,0.4620810151100158
0.5205780267715454,0.299542486667633,0.5431734323501587,0.2730718851089477,0.5058469176292419,0.2781963646411896,0.5923829674720764,0.2975327670574188,0.0,0.0,0.646126925945282,0.4392427802085876,0.4940021634101867,0.4764178693294525,0.7525819540023804,0.507395327091217,0.3647749125957489,0.5993561744689941,0.8925217986106873,0.5161654353141785,0.3546421527862549,0.4261882305145263,0.6091466546058655,0.8319977521896362,0.4992808401584625,0.8275641202926636,0.0,0.0,0.0,0.0,0.0,0.0,0.0,0.0,0.570314884185791,0.4577046036720276
0.5388732552528381,0.3053161799907684,0.5600284934043884,0.2775526642799377,0.524506688117981,0.2823567986488342,0.609529972076416,0.3004010319709778,0.0,0.0,0.6561489701271057,0.4400444030761719,0.513400137424469,0.483747273683548,0.7639240622520447,0.5039643049240112,0.3837585151195526,0.5943557024002075,0.9065247178077698,0.5075512528419495,0.3418505191802978,0.4270205497741699,0.6134790182113647,0.8460174202919006,0.5036008954048157,0.8325366973876953,0.0,0.0,0.0,0.0,0.0,0.0,0.0,0.0,0.587037980556488,0.4604665338993072
0.5293557643890381,0.3113656640052795,0.5508002638816833,0.2819693088531494,0.5183865427970886,0.2889594733715057,0.6057742834091187,0.2996788620948791,0.0,0.0,0.6547337770462036,0.4396285712718963,0.5179842114448547,0.4795651435852051,0.7538397908210754,0.5062822699546814,0.3886933922767639,0.6020455956459045,0.8873220086097717,0.5037881731987,0.3743960857391357,0.4473709464073181,0.6070786118507385,0.8443320989608765,0.4995240867137909,0.8287582993507385,0.0,0.0,0.0,0.0,0.0,0.0,0.0,0.0,0.5880251526832581,0.4584686756134033
0.4992317855358124,0.3143775761127472,0.5220320820808411,0.2897917330265045,0.4892339408397674,0.2935478985309601,0.5771185755729675,0.3072326481342315,0.0,0.0,0.6242570281028748,0.4427050054073334,0.4796436131000519,0.4908269345760345,0.7191604375839233,0.5016332268714905,0.3493751585483551,0.5999919176101685,0.8656596541404724,0.4859808385372162,0.3137883841991424,0.4398574531078338,0.5666740536689758,0.8508750200271606,0.4665847718715668,0.8339106440544128,0.0,0.0,0.0,0.0,0.0,0.0,0.0,0.0,0.5544867515563965,0.4632949829101562
0.4384876787662506,0.318001925945282,0.4593076109886169,0.2894889414310455,0.4276711642742157,0.2972802817821502,0.5124629735946655,0.3061003983020782,0.0,0.0,0.5674068927764893,0.4381556808948517,0.431388109922409,0.4890638291835785,0.6659272313117981,0.4872305393218994,0.29289111495018,0.6027102470397949,0.8077459931373596,0.4625055491924286,0.2943150699138641,0.4371422231197357,0.5067001581192017,0.8265743851661682,0.4080038964748382,0.8142443299293518,0.0,0.0,0.0,0.0,0.0,0.0,0.0,0.0,0.5012305974960327,0.4583975374698639
0.4023974537849426,0.3155980110168457,0.4234879910945892,0.2876023650169372,0.3899851441383362,0.2967739701271057,0.4768901765346527,0.3084889352321625,0.0,0.0,0.5251578092575073,0.4479345679283142,0.3752125799655914,0.4965136349201202,0.6404677629470825,0.4955654144287109,0.2418437302112579,0.5939059853553772,0.7871834635734558,0.4741348624229431,0.2159168422222137,0.4182625114917755,0.4726416766643524,0.828865647315979,0.3676447868347168,0.8155940771102905,0.0,0.0,0.0,0.0,0.0,0.0,0.0,0.0,0.4534721374511719,0.4695662558078766
0.3903982043266296,0.3188087344169616,0.4100530445575714,0.2915609776973724,0.3765878081321716,0.302682101726532,0.4622969627380371,0.3103871345520019,0.0,0.0,0.5131099224090576,0.4475880563259125,0.3686255514621734,0.4949481189250946,0.6279359459877014,0.4979126751422882,0.2368202656507492,0.5988336801528931,0.7685774564743042,0.4741999506950378,0.2338874489068985,0.4320525825023651,0.4596251547336578,0.8165552020072937,0.3603173792362213,0.811507523059845,0.0,0.0,0.0,0.0,0.0,0.0,0.0,0.0,0.4440964162349701,0.4689261615276336
0.3969826698303222,0.2962494194507599,0.4151711761951446,0.2637898623943329,0.3803277015686035,0.2788113057613373,0.4727285802364349,0.2809766829013824,0.0,0.0,0.5273383259773254,0.4312293827533722,0.362495869398117,0.4829445779323578,0.6530488729476929,0.4787786304950714,0.2030761241912841,0.5574734210968018,0.8142656683921814,0.4453395009040832,0.2183207273483276,0.3873133659362793,0.4746289253234863,0.8149744868278503,0.3654047548770904,0.8119490742683411,0.0,0.0,0.0,0.0,0.0,0.0,0.0,0.0,0.4476886689662933,0.4551427364349365
0.4079476296901703,0.2829169929027557,0.4310079216957092,0.2578502297401428,0.3945565819740295,0.2633486688137054,0.477363258600235,0.2932257354259491,0.3846639990806579,0.3008491694927215,0.5277084708213806,0.4346861243247986,0.3562112152576446,0.4829143583774566,0.6678375601768494,0.4871841371059418,0.1907125413417816,0.5310736298561096,0.8236232399940491,0.4648885130882263,0.1720556020736694,0.3295163214206695,0.4864713251590729,0.8278867602348328,0.3692931532859802,0.8280048370361328,0.0,0.0,0.0,0.0,0.0,0.0,0.0,0.0,0.4437207877635956,0.4580428004264831
0.4067301750183105,0.2821613848209381,0.4319480061531067,0.2617338597774505,0.3922683298587799,0.2604327797889709,0.4727000296115875,0.3068399727344513,0.379127949476242,0.2994168102741241,0.5220481753349304,0.4401724338531494,0.3425289094448089,0.4774492383003235,0.6735119819641113,0.4945054650306701,0.1726679801940918,0.5154083967208862,0.8532565832138062,0.4740573763847351,0.1771234720945358,0.3123627305030823,0.4860289096832275,0.8340898156166077,0.3619840145111084,0.8355682492256165,0.0,0.0,0.0,0.0,0.0,0.0,0.0,0.0,0.4328002035617828,0.459719717502594
0.3994490802288055,0.3025243580341339,0.4241840243339538,0.2811722755432129,0.3828673362731933,0.2780962586402893,0.459574282169342,0.3190504908561706,0.3613903820514679,0.3099892139434814,0.503437340259552,0.4617099463939667,0.3265987336635589,0.4821372330188751,0.6525335907936096,0.5173256993293762,0.1460647284984588,0.5135091543197632,0.8181955218315125,0.5022953152656555,0.1999326944351196,0.3313144147396087,0.4549086391925812,0.8371105790138245,0.3316579461097717,0.844990611076355,0.0,0.0,0.0,0.0,0.0,0.0,0.0,0.0,0.4148392081260681,0.4703657627105713
0.368384301662445,0.3048990070819855,0.3900169730186462,0.2862539291381836,0.3524940609931946,0.2801257967948913,0.4208672344684601,0.3220066726207733,0.3259475529193878,0.3098428249359131,0.4620876312255859,0.4666477143764496,0.2789063453674316,0.4709792137145996,0.6109278798103333,0.5383915901184082,0.0994909554719924,0.4857643246650696,0.7631087303161621,0.5548248887062073,0.1552327871322631,0.299069344997406,0.4085113406181335,0.8338070511817932,0.2892358005046844,0.8324303030967712,0.0,0.0,0.0,0.0,0.0,0.0,0.0,0.0,0.3697001039981842,0.4691089689731598
0.3565563261508941,0.312723696231842,0.3776910603046417,0.2954669296741485,0.3384947478771209,0.2891305088996887,0.4026028513908386,0.3276216983795166,0.3122894763946533,0.315841406583786,0.4423967897891998,0.4699800610542297,0.2629068195819855,0.4715266525745392,0.5832825899124146,0.5419409275054932,0.0904849544167518,0.4857056438922882,0.7415661215782166,0.568116307258606,0.1115906089544296,0.2834446728229522,0.4012924134731293,0.8332181572914124,0.2793268859386444,0.8333713412284851,0.0,0.0,0.0,0.0,0.0,0.0,0.0,0.0,0.3509931266307831,0.4706608355045318
0.3352800011634826,0.3323483169078827,0.3552460074424743,0.3110343813896179,0.3172468841075897,0.3054711818695068,0.3809256851673126,0.3395877778530121,0.291722297668457,0.3302810490131378,0.4199768602848053,0.472272664308548,0.2501848936080932,0.4813193380832672,0.5613777041435242,0.5443006157875061,0.086303599178791,0.5078796148300171,0.7051693797111511,0.5641323328018188,0.1656337529420852,0.3192035853862762,0.396108329296112,0.8270062208175659,0.2768023014068603,0.8330733180046082,0.0,0.0,0.0,0.0,0.0,0.0,0.0,0.0,0.333085149526596,0.474701464176178
0.3359663188457489,0.3357363641262054,0.3551172316074371,0.3150274157524109,0.3182007968425751,0.3119425475597381,0.3786113262176513,0.3427808582782745,0.2928296625614166,0.3378372490406036,0.4187603890895843,0.4760819971561432,0.2520010471343994,0.481442391872406,0.5582118034362793,0.5463483929634094,0.0878335088491439,0.5075392127037048,0.7043280005455017,0.5650387406349182,0.1396363079547882,0.3157991766929626,0.3984215855598449,0.8280674815177917,0.2828726470470428,0.8339370489120483,0.0,0.0,0.0,0.0,0.0,0.0,0.0,0.0,0.3336310982704162,0.4778586328029632
0.3447553515434265,0.3390491306781769,0.3637916445732116,0.3184528946876526,0.3253317177295685,0.314335286617279,0.3863338530063629,0.3474158346652984,0.2980183660984039,0.3411001861095428,0.4241932332515716,0.4759984314441681,0.2585533559322357,0.4827643036842346,0.5620745420455933,0.5417589545249939,0.0963586419820785,0.5017668604850769,0.7182164192199707,0.5632362961769104,0.1127133965492248,0.2992360889911651,0.4063619971275329,0.8160653710365295,0.297545850276947,0.8283765912055969,0.0,0.0,0.0,0.0,0.0,0.0,0.0,0.0,0.3395782113075256,0.4786310493946075
0.362048864364624,0.3459858298301697,0.3802249431610107,0.3250124752521515,0.3434107303619385,0.3217571377754211,0.402910441160202,0.3489097058773041,0.3178041279315948,0.3477570116519928,0.4402932226657867,0.4791307747364044,0.2807657122611999,0.4877493977546692,0.5701896548271179,0.537754237651825,0.1354981511831283,0.5256623029708862,0.7200935482978821,0.555586040019989,0.1812212467193603,0.3466908633708954,0.4308913052082062,0.8137100338935852,0.3269569277763366,0.814995288848877,0.0,0.0,0.0,0.0,0.0,0.0,0.0,0.0,0.3621720671653747,0.4827621877193451
0.3745717406272888,0.3534124791622162,0.3907685279846191,0.3323132395744324,0.3564055263996124,0.3313897550106048,0.4133240878582001,0.3595926463603973,0.3304549753665924,0.3577397763729095,0.4514496326446533,0.4878892600536346,0.3002867698669433,0.4929491579532623,0.5751771330833435,0.5402460694313049,0.1646300256252288,0.5294145941734314,0.7260843515396118,0.5592509508132935,0.2269648313522339,0.358625590801239,0.4429388046264648,0.8115643858909607,0.3389367461204529,0.8155571222305298,0.0,0.0,0.0,0.0,0.0,0.0,0.0,0.0,0.3764032423496246,0.4904504716396332
0.3983421623706817,0.3571650385856628,0.4115877449512481,0.3366727828979492,0.3801575601100921,0.3357623219490051,0.4303376078605652,0.3603772819042206,0.3515298068523407,0.3583367764949798,0.4658723771572113,0.4941368401050567,0.3190175592899322,0.4957405030727386,0.5834940075874329,0.5506986975669861,0.1737280786037445,0.4957104325294494,0.7341373562812805,0.5678159594535828,0.2010593712329864,0.3073977530002594,0.4542784094810486,0.8172802925109863,0.3523899912834167,0.8147616386413574,0.0,0.0,0.0,0.0,0.0,0.0,0.0,0.0,0.3912412822246551,0.4942716062068939
0.4188084602355957,0.3482294976711273,0.4350448548793793,0.3305587470531463,0.4000059962272644,0.3303949534893036,0.4569401443004608,0.3630295395851135,0.3755940496921539,0.3641114830970764,0.4880708158016205,0.4998685419559479,0.3412001729011535,0.497388631105423,0.593022346496582,0.574580729007721,0.2075574249029159,0.5571675896644592,0.7263630032539368,0.6037197113037109,0.2603768706321716,0.3857436776161194,0.4660732746124267,0.8355886340141296,0.3612750172615051,0.831139862537384,0.0,0.0,0.0,0.0,0.0,0.0,0.0,0.0,0.4158282577991485,0.4975616037845611
0.3288017809391022,0.3016526997089386,0.3502145111560821,0.2772774696350097,0.3104260861873626,0.2791258990764618,0.3866028785705566,0.3133386969566345,0.2888412475585937,0.3168595135211944,0.4316582381725311,0.4763197898864746,0.2455795705318451,0.4831366240978241,0.5534501671791077,0.5674606561660767,0.0725676268339157,0.5818926095962524,0.6988919377326965,0.6025685667991638,0.094809666275978,0.375327318906784,0.3983961045742035,0.8697643280029297,0.2771628499031067,0.8811191916465759,0.0,0.0,0.0,0.0,0.0,0.0,0.0,0.0,0.339043915271759,0.4764737486839294
0.3275603652000427,0.2942398488521576,0.3492630422115326,0.2688793540000915,0.3079561591148376,0.2707776129245758,0.3880229294300079,0.3109455108642578,0.2868278324604034,0.3112215399742126,0.4334905743598938,0.4765880405902862,0.2436764538288116,0.4850450158119201,0.5542574524879456,0.5704764127731323,0.059940081089735,0.5916054844856262,0.7108162045478821,0.6082602143287659,0.1135364398360252,0.3869767785072326,0.3945534825325012,0.8848766684532166,0.2632136940956116,0.8875751495361328,0.0,0.0,0.0,0.0,0.0,0.0,0.0,0.0,0.3385444283485412,0.4784052073955536
0.3139084279537201,0.2484539598226547,0.3404225707054138,0.2227827310562133,0.2941939532756805,0.2211956083774566,0.3850797712802887,0.2662721574306488,0.2693748772144317,0.2561932504177093,0.436876118183136,0.4628626704216003,0.2154406458139419,0.4625968635082245,0.57826167345047,0.5711233615875244,0.0180070344358682,0.5683547854423523,0.7455134987831116,0.6125890612602234,0.0467446967959404,0.34588822722435,0.4041696488857269,0.9176578521728516,0.2532540559768677,0.923669934272766,0.0,0.0,0.0,0.0,0.0,0.0,0.0,0.0,0.3252931535243988,0.4624002873897552
0.3085221350193023,0.2558024227619171,0.336045891046524,0.2262408435344696,0.2904229760169983,0.2246609926223755,0.3841992020606994,0.2665115296840668,0.2664564549922943,0.2539098858833313,0.4380721151828766,0.4623839259147644,0.2157696485519409,0.4684077203273773,0.5938364267349243,0.5748497247695923,0.0165139250457286,0.595520555973053,0.7608174085617065,0.6121028661727905,0.0195701252669096,0.3762594163417816,0.4134931266307831,0.9244815707206726,0.2586070597171783,0.9516124725341796,0.0,0.0,0.0,0.0,0.0,0.0,0.0,0.0,0.3252420127391815,0.4660788476467132
0.3065130412578583,0.2452344894409179,0.3344036638736725,0.2156285345554351,0.2846583724021911,0.2208016067743301,0.3863009512424469,0.2614712119102478,0.2621046006679535,0.2669709622859955,0.4508607089519501,0.4581014215946197,0.2122985422611236,0.4765591025352478,0.6186621785163879,0.5751246213912964,0.0141436355188488,0.6176031827926636,0.7930125594139099,0.6095757484436035,0.04668840020895,0.3823781907558441,0.4347085952758789,0.9534370303153992,0.275656133890152,0.9766762852668762,0.0,0.0,0.0,0.0,0.0,0.0,0.0,0.0,0.3315668404102325,0.4693304598331451
0.4789473414421081,0.1827186197042465,0.5013505816459656,0.15497887134552,0.4533747732639313,0.1548577398061752,0.5286153554916382,0.1861742436885833,0.4145187735557556,0.1885082423686981,0.5831403136253357,0.3599852621555328,0.3545837104320526,0.360814094543457,0.7716098427772522,0.4083990156650543,0.1749595552682876,0.4157945215702057,0.904686152935028,0.4343149363994598,0.2109965533018112,0.2206665128469467,0.549224317073822,0.867928147315979,0.380379855632782,0.8663552403450012,0.0,0.0,0.0,0.0,0.0,0.0,0.0,0.0,0.4677146077156067,0.3607058525085449
0.4792432785034179,0.1831394433975219,0.5017257332801819,0.155227929353714,0.454282283782959,0.1544485539197921,0.5288429856300354,0.185678943991661,0.41550213098526,0.1862698495388031,0.5797333121299744,0.3595542013645172,0.3536950647830963,0.3565768897533417,0.7595434784889221,0.4077773094177246,0.1683752089738845,0.4045283198356628,0.9033928513526917,0.4391257166862488,0.2053832113742828,0.1780188530683517,0.5468108057975769,0.8679337501525879,0.3812613785266876,0.85369473695755,0.0,0.0,0.0,0.0,0.0,0.0,0.0,0.0,0.4663209021091461,0.3566952347755432
0.4768516719341278,0.1825181990861892,0.498794287443161,0.155784010887146,0.4520176351070404,0.1555079370737075,0.5264173746109009,0.1901212930679321,0.4138191342353821,0.1928432732820511,0.5794832110404968,0.3595305979251861,0.3531322777271271,0.3588488698005676,0.7546935081481934,0.4144309461116791,0.1678104251623153,0.404729813337326,0.9167609810829164,0.4446783065795898,0.2089586555957794,0.1740611791610717,0.5466192960739136,0.8653163313865662,0.3805056512355804,0.8526369333267212,0.0,0.0,0.0,0.0,0.0,0.0,0.0,0.0,0.4652164280414581,0.3591209352016449
0.473792552947998,0.1829074770212173,0.4962000548839569,0.15689717233181,0.4485218226909637,0.1563463360071182,0.5241525769233704,0.1906150877475738,0.4116647243499756,0.1918544769287109,0.5772005915641785,0.3600996434688568,0.3519417643547058,0.3597821593284607,0.7372733950614929,0.4131031036376953,0.1768272072076797,0.4081007838249206,0.890813410282135,0.4407013058662414,0.2051620632410049,0.1968700438737869,0.5457226037979126,0.8639021515846252,0.3807635009288788,0.8514856100082397,0.0,0.0,0.0,0.0,0.0,0.0,0.0,0.0,0.4625415205955505,0.3596380054950714
0.4721651971340179,0.1829019039869308,0.4945682883262634,0.1572498232126236,0.4467547237873077,0.1570693403482437,0.5228388905525208,0.1925606578588485,0.4097899794578552,0.194974735379219,0.5747918486595154,0.3617476522922516,0.3527753055095672,0.3641493916511535,0.7381983995437622,0.4149377346038818,0.1850617825984954,0.4132483005523681,0.901238739490509,0.4466128647327423,0.1993475258350372,0.1921651661396026,0.5445353388786316,0.8642258048057556,0.3789719045162201,0.8504766821861267,0.0,0.0,0.0,0.0,0.0,0.0,0.0,0.0,0.4615270793437958,0.3628391325473785
0.474046528339386,0.1847255080938339,0.4969306588172912,0.1584571748971939,0.4498237669467926,0.1575731039047241,0.525751531124115,0.1937005817890167,0.413981169462204,0.1923342496156692,0.5754867792129517,0.36244997382164,0.3535231947898865,0.3645878434181213,0.7389824986457825,0.4186045229434967,0.173722356557846,0.408223807811737,0.9018575549125672,0.4537091553211212,0.160089299082756,0.0872208252549171,0.5446871519088745,0.8666303753852844,0.3787843286991119,0.851740300655365,0.0,0.0,0.0,0.0,0.0,0.0,0.0,0.0,0.4622349143028259,0.3621402680873871
0.4781322479248047,0.1852587461471557,0.501197338104248,0.1580780446529388,0.454296201467514,0.1568187177181244,0.5292777419090271,0.1908000260591507,0.4172171056270599,0.1899332106113433,0.5796723961830139,0.3660430908203125,0.3535201251506805,0.3649339973926544,0.7666964530944824,0.4321341812610626,0.180801585316658,0.3979716300964355,0.9209901690483092,0.4656361639499664,0.0533208362758159,0.280222475528717,0.5453919768333435,0.8686208724975586,0.377593070268631,0.8535575270652771,0.0,0.0,0.0,0.0,0.0,0.0,0.0,0.0,0.4673068523406982,0.3636338114738464
0.479893684387207,0.1859350949525833,0.5031726956367493,0.1594967395067215,0.4561019837856293,0.1577253490686416,0.5308000445365906,0.1945250183343887,0.4185266196727752,0.19256092607975,0.5825215578079224,0.3663652837276459,0.3478232026100158,0.3639467358589172,0.7458575367927551,0.420518547296524,0.1519168764352798,0.3981330692768097,0.9163923859596252,0.4587423205375671,0.0089285718277096,0.395451009273529,0.5462452173233032,0.8661118745803833,0.3729488253593445,0.8536273241043091,0.0,0.0,0.0,0.0,0.0,0.0,0.0,0.0,0.464942991733551,0.3644124865531921
0.4808851778507232,0.1861088424921035,0.504133403301239,0.1595173180103302,0.4558407366275787,0.1579380333423614,0.5310246348381042,0.1933666616678238,0.4174551665782928,0.1926670521497726,0.5826730728149414,0.3663750290870666,0.3452307879924774,0.3671943843364715,0.7539252638816833,0.4172260761260986,0.1850732564926147,0.4192364513874054,0.9059887528419496,0.4494608938694,0.0089285718277096,0.449055939912796,0.547092616558075,0.8543252348899841,0.3776636123657226,0.8509103655815125,0.0,0.0,0.0,0.0,0.0,0.0,0.0,0.0,0.4650540649890899,0.3671862781047821
0.4792695939540863,0.1864093542098999,0.5022164583206177,0.1590858250856399,0.454413503408432,0.1585204154253006,0.5301644206047058,0.1925332993268966,0.4171326160430908,0.1938150078058242,0.5833235383033752,0.3650284111499786,0.3506945669651031,0.366952508687973,0.7680765390396118,0.4182910621166229,0.1728645861148834,0.4212572574615478,0.9180024862289428,0.4496993720531463,0.0089285718277096,0.4316281378269195,0.5484442114830017,0.8803578615188599,0.379955381155014,0.8669618964195251,0.0,0.0,0.0,0.0,0.0,0.0,0.0,0.0,0.4680161476135254,0.3653652667999267
0.480007141828537,0.1857676357030868,0.5028199553489685,0.1587747186422348,0.4554401040077209,0.1577259749174118,0.5298848748207092,0.1934895515441894,0.4178147912025451,0.1933545917272567,0.581306517124176,0.363888531923294,0.355502039194107,0.36568683385849,0.7682765126228333,0.4172669351100921,0.1914293617010116,0.4187919497489929,0.9096308946609496,0.4481220245361328,0.0401301123201847,0.3497029840946197,0.5487595200538635,0.8814486265182495,0.3807295262813568,0.8685435652732849,0.0,0.0,0.0,0.0,0.0,0.0,0.0,0.0,0.4696646332740783,0.3627271950244903
0.4797029197216034,0.1851340383291244,0.5029586553573608,0.158575490117073,0.4555947184562683,0.1573002636432647,0.5306914448738098,0.1934639662504196,0.4192085862159729,0.1920690983533859,0.5801239609718323,0.3642752468585968,0.359906256198883,0.3653054237365722,0.7675070762634277,0.4189242720603943,0.201759859919548,0.4164257645606994,0.9303792119026184,0.4509083330631256,0.0,0.0,0.5475197434425354,0.8697147369384766,0.3843804895877838,0.8549674153327942,0.0,0.0,0.0,0.0,0.0,0.0,0.0,0.0,0.4694914817810058,0.3639883995056152
0.4808427393436432,0.1843266487121582,0.5039001703262329,0.1570087224245071,0.4562550187110901,0.1560968458652496,0.5319918990135193,0.1898753643035888,0.4193570017814636,0.1885379403829574,0.5812735557556152,0.3649230301380157,0.3622914254665375,0.3630127310752868,0.7608082890510559,0.4191579222679138,0.1672324985265731,0.4012323021888733,0.9049311280250548,0.4506396651268005,0.0,0.0,0.547978937625885,0.8794878125190735,0.3834616541862488,0.867551326751709,0.0,0.0,0.0,0.0,0.0,0.0,0.0,0.0,0.4698931872844696,0.3622817993164062
0.4833009541034698,0.183916762471199,0.5065845847129822,0.1550565212965011,0.4580604434013366,0.1551910191774368,0.5360872149467468,0.1875342428684234,0.4233594238758087,0.1891709268093109,0.5800570249557495,0.363040417432785,0.360323041677475,0.3536048829555511,0.7596109509468079,0.4230309426784515,0.2045712918043136,0.4234437048435211,0.9195608496665956,0.4582400619983673,0.2638488411903381,0.2753705978393554,0.547415554523468,0.8799154162406921,0.3833005428314209,0.8681236505508423,0.0,0.0,0.0,0.0,0.0,0.0,0.0,0.0,0.4675484299659729,0.3559001386165619
0.4851897656917572,0.183660939335823,0.5076709985733032,0.153409868478775,0.4591005742549896,0.1546520441770553,0.5371678471565247,0.1862107217311859,0.4235307872295379,0.190631479024887,0.5806614756584167,0.3629225194454193,0.3614192605018616,0.3517060875892639,0.7690963745117188,0.4253719747066498,0.2012684047222137,0.4200039505958557,0.932871401309967,0.4588794410228729,0.2573317587375641,0.2680489420890808,0.5478304624557495,0.8826382756233215,0.3841477036476135,0.8811441659927368,0.0,0.0,0.0,0.0,0.0,0.0,0.0,0.0,0.4691486358642578,0.354282945394516
0.4867021441459656,0.1816325634717941,0.5086519718170166,0.1536865085363388,0.460843563079834,0.1536821126937866,0.536752462387085,0.185130164027214,0.4219615757465362,0.1866412609815597,0.5920995473861694,0.3650994598865509,0.3671351075172424,0.3584095537662506,0.7744292616844177,0.4264237880706787,0.1869796514511108,0.4090228378772735,0.9368447065353394,0.4566288888454437,0.1795788556337356,0.2864592969417572,0.5488702058792114,0.8825069665908813,0.3856644928455353,0.8681339621543884,0.0,0.0,0.0,0.0,0.0,0.0,0.0,0.0,0.4781972765922546,0.3602915108203888
0.4872609078884125,0.1811037808656692,0.5093315839767456,0.1532220095396042,0.4615760445594787,0.1534810215234756,0.5378486514091492,0.1847544014453888,0.423216313123703,0.186598315834999,0.5925425887107849,0.3648161590099334,0.3631894588470459,0.3621281087398529,0.7728438377380371,0.4254350662231445,0.1898691356182098,0.4181898534297943,0.9380879998207092,0.4580419957637787,0.0980813428759574,0.24577596783638,0.5492936372756958,0.8812294602394104,0.3867525458335876,0.8686380982398987,0.0,0.0,0.0,0.0,0.0,0.0,0.0,0.0,0.4780519306659698,0.3614533841609955
0.489033430814743,0.179900050163269,0.5110491514205933,0.1521596014499664,0.4631154239177704,0.1518075615167617,0.5394437909126282,0.1853749006986618,0.4248553812503814,0.1870262324810028,0.5918700098991394,0.3651636242866516,0.361237496137619,0.3590437769889831,0.7699985504150391,0.4233998656272888,0.1737581342458725,0.3940617442131042,0.9324374198913574,0.4571261405944824,0.0215484630316495,0.3234843909740448,0.5503756999969482,0.8818320035934448,0.3842358589172363,0.8694344162940979,0.0,0.0,0.0,0.0,0.0,0.0,0.0,0.0,0.4762239754199981,0.3592139780521393
0.4889232814311981,0.1798472702503204,0.5109009742736816,0.1524859368801117,0.4630540907382965,0.1519235372543335,0.538841187953949,0.1854115426540374,0.4242856800556183,0.1867676079273224,0.5932011604309082,0.3648658692836761,0.3560652434825897,0.3626941740512848,0.770479679107666,0.4205353558063507,0.1711942702531814,0.4126453101634979,0.9082663655281068,0.4537873268127441,0.0089285718277096,0.375441312789917,0.5501279234886169,0.88125079870224,0.384608656167984,0.8688586950302124,0.0,0.0,0.0,0.0,0.0,0.0,0.0,0.0,0.4754839837551117,0.3612728118896484
0.4848736822605133,0.1818445175886154,0.5072327852249146,0.1534493416547775,0.4590935409069061,0.1536907106637954,0.5356730222702026,0.1863179057836532,0.4206266105175018,0.1888171434402465,0.5927638411521912,0.363733559846878,0.3601141273975372,0.3656210899353027,0.7738833427429199,0.4137120842933655,0.1754841357469558,0.4186570644378662,0.9093748331069946,0.4433532655239105,0.0089285718277096,0.3737127482891083,0.5537623167037964,0.8693768382072449,0.3854147791862488,0.8683942556381226,0.0,0.0,0.0,0.0,0.0,0.0,0.0,0.0,0.4760738909244537,0.3625006377696991
0.4822987020015716,0.1823441088199615,0.504653811454773,0.1540612131357193,0.456718385219574,0.154509499669075,0.5328196883201599,0.1863186657428741,0.4185094833374023,0.1895865499973297,0.5848166346549988,0.3613772690296173,0.361214816570282,0.365799605846405,0.7744147181510925,0.4076865613460541,0.1870258599519729,0.413946121931076,0.9010348916053772,0.4327003061771393,0.07329111546278,0.2702186703681946,0.5545443892478943,0.881839394569397,0.3876013159751892,0.8817638754844666,0.0,0.0,0.0,0.0,0.0,0.0,0.0,0.0,0.4738852083683014,0.360905259847641
0.4809989035129547,0.1833086311817169,0.504023551940918,0.1562154442071914,0.4563665091991424,0.1549535095691681,0.5317855477333069,0.1903930008411407,0.4184689819812774,0.1885261684656143,0.5830146074295044,0.3590636551380157,0.3645845949649811,0.3624241352081299,0.7723119854927063,0.4079883694648742,0.1979393661022186,0.415326178073883,0.893039882183075,0.4308177828788757,0.1549772918224334,0.2460043281316757,0.5531486868858337,0.8800837397575378,0.3872080743312835,0.8691139817237854,0.0,0.0,0.0,0.0,0.0,0.0,0.0,0.0,0.4724442958831787,0.3590263426303863
0.4844672381877899,0.1822302341461181,0.5075547099113464,0.1534569710493087,0.4579446911811828,0.1534626483917236,0.5346697568893433,0.1872209459543228,0.4200320541858673,0.1874628067016601,0.583309531211853,0.359414130449295,0.3625763356685638,0.3565413951873779,0.7723265290260315,0.4157163202762604,0.1914554834365844,0.4167706668376922,0.9323598742485046,0.4485699534416199,0.2336213886737823,0.2780599594116211,0.5509132146835327,0.8814096450805664,0.385343462228775,0.8691135048866272,0.0,0.0,0.0,0.0,0.0,0.0,0.0,0.0,0.4715021252632141,0.3552429378032684
0.4842813611030578,0.1821480840444564,0.5056635141372681,0.1526456177234649,0.4582403302192688,0.1538750827312469,0.5348278284072876,0.1847419440746307,0.4232229590415954,0.1890366077423095,0.5827164053916931,0.3614867329597473,0.3670381903648376,0.3508522510528564,0.7702932357788086,0.420851469039917,0.2048107683658599,0.4213371276855469,0.9065665006637572,0.4502106308937073,0.2598068118095398,0.2967775464057922,0.5484578013420105,0.8823223114013672,0.3838607668876648,0.8813425898551941,0.0,0.0,0.0,0.0,0.0,0.0,0.0,0.0,0.4720766842365265,0.3526033759117126
0.486428439617157,0.1817022413015365,0.5090253949165344,0.1531907618045807,0.4599891304969787,0.154095321893692,0.538394033908844,0.1847070753574371,0.4245023429393768,0.1897550821304321,0.5855790376663208,0.360405296087265,0.3614764809608459,0.3536462783813476,0.7721754908561707,0.4206354022026062,0.2047802954912185,0.4209926426410675,0.933018147945404,0.4556400775909424,0.2582452297210693,0.2748312056064605,0.5508712530136108,0.8802272081375122,0.3850491344928741,0.8695682883262634,0.0,0.0,0.0,0.0,0.0,0.0,0.0,0.0,0.4718727767467499,0.3543609976768493
0.4870550632476806,0.1821418851613998,0.5087154507637024,0.1538985520601272,0.4607489109039306,0.15434430539608,0.5366076231002808,0.1860456764698028,0.4232642650604248,0.1888149976730346,0.5923429727554321,0.3646478056907654,0.3644716143608093,0.3642171323299408,0.7706436514854431,0.419535219669342,0.1839096844196319,0.4126192629337311,0.9012629389762878,0.4516182541847229,0.2143574804067611,0.2562704980373382,0.554541289806366,0.8804636597633362,0.388905793428421,0.8680996894836426,0.0,0.0,0.0,0.0,0.0,0.0,0.0,0.0,0.4769394993782043,0.3629171550273895
0.4881503283977508,0.1809210628271103,0.5102870464324951,0.1534737199544906,0.462554395198822,0.1533451080322265,0.5390724539756775,0.1867728680372238,0.4254007041454315,0.1896683126688003,0.5928174257278442,0.3651047050952911,0.3672191500663757,0.362648069858551,0.7774010300636292,0.4176312088966369,0.1858705282211303,0.4015695452690124,0.9354129433631896,0.4519372582435608,0.1404627710580825,0.2262104451656341,0.5545003414154053,0.8696403503417969,0.3881282210350036,0.8679090142250061,0.0,0.0,0.0,0.0,0.0,0.0,0.0,0.0,0.4782340228557586,0.3629821836948395
0.490502655506134,0.1803094446659088,0.5129373073577881,0.1526133269071579,0.4643488824367523,0.1527756303548813,0.5425493121147156,0.1840028017759323,0.4278541207313537,0.1882058382034301,0.5988640785217285,0.3669021725654602,0.3647147715091705,0.3628318309783935,0.7749802470207214,0.4186058640480041,0.1749062836170196,0.3833858072757721,0.9083361625671388,0.4487220644950866,0.0815376713871955,0.2752613723278045,0.5560064911842346,0.8825709223747253,0.3871553242206573,0.881769597530365,0.0,0.0,0.0,0.0,0.0,0.0,0.0,0.0,0.4804959893226623,0.3629602491855621
0.493640124797821,0.1798974126577377,0.5164079666137695,0.1538268327713012,0.4677272737026214,0.1522152572870254,0.544058620929718,0.1858013421297073,0.430785208940506,0.187909334897995,0.6031890511512756,0.3696847259998321,0.3606000244617462,0.3568123281002044,0.7754923105239868,0.4190179705619812,0.1504605561494827,0.3817574977874756,0.9108344912528992,0.4510284066200256,0.0089285718277096,0.3666839003562927,0.5556748509407043,0.8820289969444275,0.3853253722190857,0.8812700510025024,0.0,0.0,0.0,0.0,0.0,0.0,0.0,0.0,0.4813471436500549,0.3623462319374084
0.4920330643653869,0.1821591854095459,0.5141518712043762,0.154276818037033,0.4660625755786896,0.15406134724617,0.5413128137588501,0.1860564649105072,0.427802175283432,0.190395787358284,0.5974012017250061,0.36652272939682,0.3565346300601959,0.3661130964756012,0.7777657508850098,0.4184891879558563,0.1511483192443847,0.4190919697284698,0.934799313545227,0.4484123885631561,0.0089285718277096,0.4090971946716308,0.5535865426063538,0.8812194466590881,0.383399099111557,0.8682585954666138,0.0,0.0,0.0,0.0,0.0,0.0,0.0,0.0,0.4781294167041778,0.3653717637062073
0.4867920577526092,0.1835754215717315,0.50922691822052,0.1556777209043502,0.4620139598846435,0.1548959910869598,0.5384266376495361,0.185066744685173,0.4249676167964935,0.1847363263368606,0.5934783220291138,0.3621928095817566,0.364545613527298,0.3641428053379059,0.7803049683570862,0.4084518551826477,0.1669252812862396,0.4170237481594085,0.9201573133468628,0.4401791989803314,0.0089285718277096,0.3996371924877167,0.555963933467865,0.880771279335022,0.3864515125751495,0.8827400207519531,0.0,0.0,0.0,0.0,0.0,0.0,0.0,0.0,0.4785961508750915,0.3606275916099548
0.4862706363201141,0.1833036392927169,0.5084343552589417,0.1546550095081329,0.4606637060642242,0.1552628576755523,0.5373937487602234,0.1854178458452224,0.4233569502830505,0.1883174479007721,0.592077910900116,0.3614201247692108,0.3647480607032776,0.3639673590660095,0.7741447687149048,0.4042715728282928,0.18715400993824,0.40153369307518,0.9200729131698608,0.4327700138092041,0.0633327588438987,0.3260381519794464,0.5543646812438965,0.8669427633285522,0.3889112472534179,0.8531869053840637,0.0,0.0,0.0,0.0,0.0,0.0,0.0,0.0,0.4775015413761139,0.3603583872318268
0.4837435781955719,0.1830658018589019,0.5065916776657104,0.1552298069000244,0.4592967331409454,0.1551954597234726,0.5365427136421204,0.1883201450109481,0.4231107831001282,0.190090611577034,0.5867522954940796,0.3618528246879577,0.3649025857448578,0.3599938750267029,0.7711650133132935,0.4085791707038879,0.1970702856779098,0.3974287509918213,0.9203699231147766,0.4397271275520324,0.1179975867271423,0.2163929641246795,0.5503236651420593,0.8676657676696777,0.3876382708549499,0.854243814945221,0.0,0.0,0.0,0.0,0.0,0.0,0.0,0.0,0.4746987819671631,0.3591380417346954
0.4854434430599212,0.1838085353374481,0.5078426599502563,0.1556261777877807,0.4599811434745788,0.1556358188390731,0.5368237495422363,0.1864211410284042,0.4225380718708038,0.187494084239006,0.5867040753364563,0.3613882958889007,0.3610980808734894,0.3607195913791656,0.7648034691810608,0.4077335894107818,0.175897479057312,0.3980329930782318,0.9208731651306152,0.4428668916225433,0.1986553370952606,0.2475622743368148,0.5500490069389343,0.868129551410675,0.3870653510093689,0.866682231426239,0.0,0.0,0.0,0.0,0.0,0.0,0.0,0.0,0.4726163446903229,0.3596053123474121
0.4865958094596863,0.1834523975849151,0.5089744329452515,0.1532469540834427,0.4595351815223694,0.1544127911329269,0.5398288369178772,0.1826651096343994,0.4243036210536957,0.187552660703659,0.585910975933075,0.3583970963954925,0.3639068603515625,0.3519284725189209,0.7716438174247742,0.4090029895305633,0.2080531865358352,0.4026535451412201,0.9225583076477052,0.4411636888980865,0.2611643671989441,0.2656534314155578,0.5491960644721985,0.8800802826881409,0.3857560753822326,0.8683460354804993,0.0,0.0,0.0,0.0,0.0,0.0,0.0,0.0,0.4725560545921325,0.3528220057487488
0.4868163168430328,0.1829557120800018,0.5089406371116638,0.1547939330339431,0.460110604763031,0.1539541780948639,0.5366387963294983,0.1882454007863998,0.4194279611110687,0.1891008168458938,0.5858880877494812,0.358792096376419,0.3654427826404571,0.3523731231689453,0.770231306552887,0.4030559062957763,0.2098411470651626,0.4168453216552734,0.9074450135231018,0.4266624748706817,0.2652281820774078,0.2912881672382355,0.5501881241798401,0.8798256516456604,0.3858669102191925,0.8662595152854919,0.0,0.0,0.0,0.0,0.0,0.0,0.0,0.0,0.472719669342041,0.3523614406585693
0.4877137541770935,0.1796272993087768,0.5089264512062073,0.1522241979837417,0.4613635241985321,0.153170570731163,0.5379055738449097,0.1843162775039672,0.4250926077365875,0.1882903426885604,0.5976683497428894,0.3593749701976776,0.368009477853775,0.3592998087406158,0.7761161923408508,0.3866694569587707,0.1891316473484039,0.4130443930625915,0.9353991746902466,0.390067994594574,0.2180125564336776,0.2779107689857483,0.5564665198326111,0.869171142578125,0.3909050822257995,0.8670873045921326,0.0,0.0,0.0,0.0,0.0,0.0,0.0,0.0,0.4805299341678619,0.3567771911621094
0.4899714887142181,0.1767360270023346,0.5115880966186523,0.1499582231044769,0.463531881570816,0.1508628875017166,0.5412335991859436,0.1812457889318466,0.4258351922035217,0.187591478228569,0.6037740707397461,0.3517406284809112,0.3725783824920654,0.359046995639801,0.7601456642150879,0.3639927506446838,0.2211546748876571,0.4297417998313904,0.8980183005332947,0.3505769371986389,0.1568832546472549,0.2944943308830261,0.5597852468490601,0.865897536277771,0.3964012563228607,0.8667834997177124,0.0,0.0,0.0,0.0,0.0,0.0,0.0,0.0,0.4902993142604828,0.3542668223381042
0.4932765960693359,0.1769421249628067,0.5152902007102966,0.1493402421474456,0.4664765298366546,0.1496725380420684,0.5442367792129517,0.1797618418931961,0.4280474483966827,0.1849408149719238,0.6136823296546936,0.3453363478183746,0.3683486580848694,0.3610128760337829,0.7412818074226379,0.3433641791343689,0.1892304271459579,0.4026814103126526,0.8834307789802551,0.3221612274646759,0.0759204253554344,0.3133365511894226,0.5682400465011597,0.8667430281639099,0.400076150894165,0.8661407828330994,0.0,0.0,0.0,0.0,0.0,0.0,0.0,0.0,0.4915370047092438,0.3523112833499908
0.4932042062282562,0.1767203509807586,0.5150985717773438,0.1491254717111587,0.4662567675113678,0.1491252034902572,0.5444255471229553,0.1798460036516189,0.4280322194099426,0.1849230229854583,0.6152985692024231,0.3419186472892761,0.3663433492183685,0.3596327304840088,0.7607989311218262,0.3305436670780182,0.1691620051860809,0.398049384355545,0.9052357077598572,0.3120021522045135,0.0089285718277096,0.3701368868350982,0.5623700022697449,0.8642345070838928,0.3956475257873535,0.8647493720054626,0.0,0.0,0.0,0.0,0.0,0.0,0.0,0.0,0.4909745752811432,0.350669652223587
0.4883618056774139,0.174971804022789,0.5094218254089355,0.1465989202260971,0.4613583087921142,0.149052545428276,0.5397496223449707,0.1742506772279739,0.4233337938785553,0.1843457072973251,0.6155930757522583,0.3404240012168884,0.3653298020362854,0.3613786399364471,0.7477490305900574,0.3313041031360626,0.1878952831029892,0.4196783602237701,0.9043432474136353,0.2985305190086365,0.0089285718277096,0.370839923620224,0.5647525787353516,0.8656995892524719,0.3957671523094177,0.8659178018569946,0.0,0.0,0.0,0.0,0.0,0.0,0.0,0.0,0.4913341701030731,0.3504045903682709
0.4781413674354553,0.1767456829547882,0.5000742077827454,0.1487642377614975,0.4522620141506195,0.1507908999919891,0.5288053750991821,0.1737844198942184,0.4134623110294342,0.1831208616495132,0.6012004017829895,0.3404198288917541,0.3656697869300842,0.3630281984806061,0.7431755065917969,0.3290493190288543,0.2088008373975753,0.4371872246265411,0.9027337431907654,0.2945825457572937,0.0786608457565307,0.2606459259986877,0.5627028346061707,0.86732417345047,0.3963758945465088,0.8675025105476379,0.0,0.0,0.0,0.0,0.0,0.0,0.0,0.0,0.4840262532234192,0.3506326377391815
0.4727661907672882,0.176487997174263,0.4947099983692169,0.148752823472023,0.4462228417396545,0.150025874376297,0.5243939161300659,0.1770364493131637,0.4079373478889465,0.1821946948766708,0.5984586477279663,0.3376747071743011,0.3618053793907165,0.3604641258716583,0.742159366607666,0.3282361626625061,0.2139391750097274,0.4336654841899872,0.9072999358177184,0.2923579812049866,0.0,0.0,0.5615626573562622,0.868261992931366,0.3970937728881836,0.882313072681427,0.0,0.0,0.0,0.0,0.0,0.0,0.0,0.0,0.4779780805110931,0.3501812815666199
0.4736899435520172,0.1757730394601822,0.4964378476142883,0.1473658382892608,0.4471164345741272,0.1476502120494842,0.5249615907669067,0.1804610192775726,0.4090774953365326,0.1860634833574295,0.5861591696739197,0.3404900729656219,0.3609578311443329,0.3587805926799774,0.7391473650932312,0.3295094966888428,0.1902662217617035,0.4344759583473205,0.9088780283927916,0.2907822132110595,0.2265396118164062,0.3007354438304901,0.5534073114395142,0.88067626953125,0.3898742496967315,0.8680830597877502,0.0,0.0,0.0,0.0,0.0,0.0,0.0,0.0,0.4705014526844024,0.3466140329837799
0.4758111536502838,0.1757150143384933,0.4982560575008392,0.1475065499544143,0.4504729807376861,0.1478982269763946,0.5268018841743469,0.1793642044067382,0.4133640229701996,0.1849929094314575,0.5854006409645081,0.3405795395374298,0.3637852668762207,0.3597935140132904,0.7399055361747742,0.3303730189800262,0.1985539644956588,0.4334521889686584,0.901498019695282,0.2954679429531097,0.2255955636501312,0.3095212280750274,0.5499747395515442,0.8797901272773743,0.3890046775341034,0.866969108581543,0.0,0.0,0.0,0.0,0.0,0.0,0.0,0.0,0.4706011414527893,0.3478403389453888
0.4785429835319519,0.1758719980716705,0.5015271306037903,0.1474728733301162,0.4532240033149719,0.1480068415403366,0.5300896763801575,0.1764287799596786,0.4145199954509735,0.1797337532043457,0.5963479280471802,0.3411183655261993,0.3685806095600128,0.359884113073349,0.7419467568397522,0.3305853009223938,0.2141325622797012,0.4384529888629913,0.903622269630432,0.3005661368370056,0.1566505432128906,0.2938166260719299,0.5565592050552368,0.8682283759117126,0.3972488343715668,0.8686157464981079,0.0,0.0,0.0,0.0,0.0,0.0,0.0,0.0,0.4813746809959411,0.3501131236553192
0.4834288656711578,0.174295425415039,0.5060784220695496,0.1454356610774994,0.4569830298423767,0.1474723070859909,0.5366349816322327,0.1740819215774536,0.4182381927967071,0.1827466487884521,0.6102572083473206,0.3406364023685455,0.3623539805412292,0.3630092442035675,0.7445012927055359,0.3324332535266876,0.1750717014074325,0.4057864844799042,0.891417920589447,0.3133340179920196,0.0777168273925781,0.2694313824176788,0.5599240064620972,0.8656285405158997,0.3960724174976349,0.8669788241386414,0.0,0.0,0.0,0.0,0.0,0.0,0.0,0.0,0.4866082966327667,0.351075679063797
0.4865956008434295,0.175172820687294,0.5087765455245972,0.1456417292356491,0.4596804678440094,0.1475046426057815,0.5398415923118591,0.1739201247692108,0.4209643006324768,0.1823961734771728,0.6103376150131226,0.3462987840175628,0.3551370203495025,0.3614318966865539,0.7455611228942871,0.3386903703212738,0.1688471734523773,0.3803831934928894,0.9057502150535583,0.3136744797229767,0.017953660339117,0.3202498257160187,0.5595325827598572,0.8666672706604004,0.3897297382354736,0.8553624153137207,0.0,0.0,0.0,0.0,0.0,0.0,0.0,0.0,0.4829794764518738,0.352824717760086
0.4880089461803436,0.1749486923217773,0.5094140768051147,0.1464070230722427,0.4609041213989258,0.1480360329151153,0.5388036966323853,0.1741573959589004,0.421428382396698,0.1824685037136078,0.6102837324142456,0.3446983397006988,0.3549222350120544,0.3616195321083069,0.7420169711112976,0.3364891409873962,0.1587140262126922,0.3942739069461822,0.9043291211128236,0.3162841796875,0.0089285718277096,0.3679463565349579,0.5582042932510376,0.8684707880020142,0.387909859418869,0.8807844519615173,0.0,0.0,0.0,0.0,0.0,0.0,0.0,0.0,0.4833307564258575,0.3536259233951568
0.4852132797241211,0.1755953729152679,0.5069231390953064,0.1469488143920898,0.4584621489048004,0.1486965864896774,0.5365488529205322,0.1756385862827301,0.4188852906227112,0.1846602857112884,0.6025071144104004,0.3412537276744842,0.362330675125122,0.3616298735141754,0.7430693507194519,0.3326571583747864,0.1773356646299362,0.411513477563858,0.8923173546791077,0.3104188144207001,0.0232249796390533,0.3306619226932525,0.5598613023757935,0.8668157458305359,0.3916039764881134,0.8550388216972351,0.0,0.0,0.0,0.0,0.0,0.0,0.0,0.0,0.4840784668922424,0.3506024181842804
0.4810132086277008,0.175974816083908,0.5036272406578064,0.1482608169317245,0.4554260373115539,0.1494618207216262,0.5325927138328552,0.1767553389072418,0.4164297878742218,0.1829048842191696,0.5993908047676086,0.3422091603279114,0.3639852106571197,0.3623507022857666,0.7306577563285828,0.3342467844486236,0.186982125043869,0.4148224890232086,0.8872928023338318,0.3066854476928711,0.0985384061932563,0.2492697685956955,0.5562518835067749,0.8687365651130676,0.391140878200531,0.8560298681259155,0.0,0.0,0.0,0.0,0.0,0.0,0.0,0.0,0.4827366769313812,0.3517656922340393
0.1529677808284759,0.1235601305961608,0.0,0.0,0.0,0.0,0.0,0.0,0.0,0.0,0.0,0.0,0.0,0.0,0.0,0.0,0.0,0.0,0.0,0.0,0.0,0.0,0.0,0.0,0.0,0.0,0.0,0.0,0.0,0.0,0.0,0.0,0.0,0.0,0.0,0.0
0.4844014942646026,0.1757675558328628,0.506416916847229,0.1462565660476684,0.4576493799686432,0.1482727229595184,0.5350812077522278,0.1745383292436599,0.4214105904102325,0.1831575632095337,0.6011931300163269,0.34043949842453,0.3625678420066833,0.3586114346981048,0.7442994713783264,0.3352767527103424,0.1861037760972976,0.4109300971031189,0.8990766406059265,0.3192801773548126,0.2385086864233017,0.2568552792072296,0.5562415719032288,0.8800037503242493,0.3908455967903137,0.880330502986908,0.0,0.0,0.0,0.0,0.0,0.0,0.0,0.0,0.4784651696681976,0.3472082316875458
0.4853309988975525,0.1758096516132354,0.5075358152389526,0.1464774906635284,0.4587346911430359,0.1483614295721054,0.5377160310745239,0.1771895438432693,0.423886775970459,0.1845086067914962,0.6004145741462708,0.3448801934719085,0.3652919232845306,0.3602010905742645,0.7455145120620728,0.3384433686733246,0.1875831037759781,0.4077503681182861,0.9159970879554749,0.3179927468299866,0.2310275882482528,0.2530787885189056,0.557887077331543,0.8664324879646301,0.3968448638916015,0.8666272759437561,0.0,0.0,0.0,0.0,0.0,0.0,0.0,0.0,0.4797336161136627,0.3506249487400055
0.4880724847316742,0.1755637973546981,0.5103424787521362,0.1470578461885452,0.4613780677318573,0.1487447172403335,0.5414012670516968,0.1760831028223037,0.4240222573280334,0.1839349418878555,0.6154179573059082,0.3438375294208526,0.3675443828105926,0.3581242561340332,0.7557148337364197,0.3407607972621918,0.1859963685274124,0.4007412791252136,0.9028716087341307,0.3193213641643524,0.1733112633228302,0.239759936928749,0.5626674890518188,0.8678156733512878,0.3966727256774902,0.8684039115905762,0.0,0.0,0.0,0.0,0.0,0.0,0.0,0.0,0.4900195002555847,0.3511159121990204
0.4917089343070984,0.1756429672241211,0.5142021775245667,0.1474583148956298,0.4651000797748565,0.1479674577713012,0.5443152785301208,0.1784004718065261,0.4273088872432709,0.1832650899887085,0.6041069626808167,0.3466947972774505,0.3651503026485443,0.3623479008674621,0.7427644729614258,0.3415882587432861,0.1706602126359939,0.3799256980419159,0.899708092212677,0.3181038796901703,0.1002045795321464,0.2370399683713913,0.5635281801223755,0.8678194880485535,0.3961974084377289,0.8686710596084595,0.0,0.0,0.0,0.0,0.0,0.0,0.0,0.0,0.4857040047645569,0.3541880548000335
0.4977360367774963,0.1755233108997345,0.5213187336921692,0.1504696160554886,0.4714250266551971,0.1474198251962661,0.5477821230888367,0.1821317970752716,0.4315947592258453,0.179105207324028,0.6121110320091248,0.3463618457317352,0.3623950779438019,0.3537912666797638,0.7463728189468384,0.3391423523426056,0.1733517497777938,0.3669192790985107,0.888571560382843,0.3275017738342285,0.0237473677843809,0.2993583679199219,0.5625117421150208,0.8808609843254089,0.3940684199333191,0.8687058091163635,0.0,0.0,0.0,0.0,0.0,0.0,0.0,0.0,0.4893327355384826,0.3495021164417267
0.496818870306015,0.174793004989624,0.5190938115119934,0.1486233025789261,0.4703626930713653,0.1466076225042343,0.5453552603721619,0.1799171417951584,0.4300657212734222,0.1817275732755661,0.6051263213157654,0.3469641506671905,0.3648895919322967,0.3604507446289062,0.7415371537208557,0.3420869410037994,0.161446139216423,0.3871553540229797,0.8866413235664368,0.3271889388561249,0.0089285718277096,0.3649133741855621,0.5624332427978516,0.8668690323829651,0.3960680067539215,0.8659788370132446,0.0,0.0,0.0,0.0,0.0,0.0,0.0,0.0,0.4874553680419922,0.3529876172542572
0.4920836389064789,0.1751541942358017,0.5141321420669556,0.1472603529691696,0.4652282893657684,0.1473220139741897,0.5430577397346497,0.1762358993291854,0.4255876839160919,0.1825910061597824,0.6148390769958496,0.3454819619655609,0.3626309931278229,0.3639190793037414,0.7471528649330139,0.3368754982948303,0.1665717661380767,0.3887424170970917,0.9032459259033204,0.3182927966117859,0.0191327724605798,0.3214679360389709,0.5612576603889465,0.8675799369812012,0.3918933272361755,0.8541489243507385,0.0,0.0,0.0,0.0,0.0,0.0,0.0,0.0,0.4893276393413543,0.353990375995636
0.4873728454113006,0.1754838079214096,0.5095310807228088,0.1460459232330322,0.4606456458568573,0.1475346982479095,0.539610743522644,0.1749454587697982,0.4213280975818634,0.1820637136697769,0.6108106374740601,0.3461159765720367,0.3639105260372162,0.3636487424373626,0.745354175567627,0.343616783618927,0.1695442646741867,0.3862991333007812,0.9020156264305116,0.3234681189060211,0.0962969288229942,0.2369105368852615,0.5641125440597534,0.8802723288536072,0.3974378108978271,0.8679741024971008,0.0,0.0,0.0,0.0,0.0,0.0,0.0,0.0,0.4860852360725403,0.3550197780132293
0.4855065047740936,0.1757159084081649,0.5082475543022156,0.1465751379728317,0.4587188363075256,0.1481759250164032,0.5394052267074585,0.1755928248167038,0.419912725687027,0.1818109601736068,0.6102661490440369,0.3433822691440582,0.3618776798248291,0.3582327663898468,0.7434350848197937,0.3435961306095123,0.1815531998872757,0.3821049630641937,0.9037773013114928,0.3248145282268524,0.1819463521242141,0.183885708451271,0.5614221692085266,0.8657936453819275,0.3941084444522857,0.8667349219322205,0.0,0.0,0.0,0.0,0.0,0.0,0.0,0.0,0.4841715693473816,0.3500843644142151
0.4897655844688415,0.1742207705974578,0.5140987038612366,0.1461487859487533,0.4628986716270447,0.1454109102487564,0.5450592041015625,0.1790961325168609,0.4258064329624176,0.1810793727636337,0.6056313514709473,0.3538858592510223,0.3608587086200714,0.3627322614192962,0.7537602186203003,0.3633818030357361,0.1728616803884506,0.3686395287513733,0.8985944390296936,0.3469290137290954,0.2094230949878692,0.1634745597839355,0.5572918653488159,0.868536651134491,0.3882425129413605,0.8671225309371948,0.0,0.0,0.0,0.0,0.0,0.0,0.0,0.0,0.4836142659187317,0.3580125272274017
0.4936230480670929,0.1740479916334152,0.5181006789207458,0.1468007266521453,0.4684114158153534,0.1445536613464355,0.5456337928771973,0.1805026680231094,0.4305170476436615,0.1782962828874588,0.6007229685783386,0.357351154088974,0.362072229385376,0.3587331473827362,0.7921813726425171,0.3951103389263153,0.169804960489273,0.3967613279819488,0.9063906073570251,0.4038736820220947,0.1823868304491043,0.1727397888898849,0.553760826587677,0.8687703013420105,0.3854386508464813,0.8666820526123047,0.0,0.0,0.0,0.0,0.0,0.0,0.0,0.0,0.479696124792099,0.3576059639453888
0.4950131475925445,0.172697827219963,0.5196420550346375,0.1474927514791488,0.4702108204364776,0.1446881294250488,0.5468582510948181,0.1823036968708038,0.4321285188198089,0.1790181845426559,0.5972700715065002,0.3616148829460144,0.368851900100708,0.3536139130592346,0.7763522863388062,0.4391681849956512,0.1803967505693435,0.3867461383342743,0.9053434133529664,0.4731304347515106,0.1546269804239273,0.1185581758618354,0.5529736280441284,0.8682941794395447,0.3886487782001495,0.8686373829841614,0.0,0.0,0.0,0.0,0.0,0.0,0.0,0.0,0.4827629923820495,0.3556793630123138
0.4996210634708404,0.1734794825315475,0.524507462978363,0.1500315368175506,0.4746541678905487,0.145136758685112,0.5509200096130371,0.1847845762968063,0.4362072348594665,0.1781984716653823,0.5942332148551941,0.3644014000892639,0.3657143115997314,0.3531280159950256,0.7394798398017883,0.4743780493736267,0.1707512438297271,0.3489761054515838,0.8875336050987244,0.5522793531417847,0.1004869118332862,0.1994851529598236,0.5511954426765442,0.8662720322608948,0.385290652513504,0.8661358952522278,0.0,0.0,0.0,0.0,0.0,0.0,0.0,0.0,0.4777718484401703,0.3551393151283264
0.5001314878463745,0.1739564090967178,0.5252088308334351,0.1496841162443161,0.4753560125827789,0.1439859122037887,0.5523404479026794,0.1822517067193985,0.4371693134307861,0.1735900938510894,0.5960307121276855,0.3649115860462188,0.3658497035503387,0.35195192694664,0.7263631820678711,0.4857165515422821,0.1739425510168075,0.3595480322837829,0.8999597430229187,0.5989405512809753,0.0653026029467582,0.210613802075386,0.550035834312439,0.8683609962463379,0.3844098150730133,0.8679370880126953,0.0,0.0,0.0,0.0,0.0,0.0,0.0,0.0,0.4784908294677734,0.3532917499542236
0.4990606904029846,0.1738442331552505,0.5242953896522522,0.149872675538063,0.4743566215038299,0.1446264088153839,0.5519691109657288,0.1834914535284042,0.4369826912879944,0.175970196723938,0.5992084741592407,0.3671279549598694,0.3672003746032715,0.3539890348911285,0.7296728491783142,0.4940266013145447,0.1710778772830963,0.3619872033596039,0.886006236076355,0.603761613368988,0.0676396861672401,0.2061733305454254,0.5509398579597473,0.8690052628517151,0.3853716850280761,0.8685058951377869,0.0,0.0,0.0,0.0,0.0,0.0,0.0,0.0,0.4802293181419372,0.356205403804779
0.4920270442962646,0.1735651195049286,0.517884373664856,0.1481517106294632,0.466959148645401,0.1458858698606491,0.5461703538894653,0.1838766485452652,0.4291731417179107,0.1822661906480789,0.5939089059829712,0.3658411502838135,0.3674888014793396,0.3537742793560028,0.7242441177368164,0.4890791773796081,0.1855650842189788,0.3774104118347168,0.883543848991394,0.6041420698165894,0.1574304103851318,0.2224386781454086,0.5484352707862854,0.8648308515548706,0.3873937129974365,0.852880597114563,0.0,0.0,0.0,0.0,0.0,0.0,0.0,0.0,0.4781802296638489,0.3558678030967712
0.4889837205410003,0.1732040345668792,0.5141295194625854,0.1460703164339065,0.4629007875919342,0.145923301577568,0.5451556444168091,0.1818860620260238,0.4300011098384857,0.1816584020853042,0.5873236060142517,0.3616177439689636,0.3668060898780823,0.3533316552639007,0.7228212356567383,0.4881986677646637,0.1809168010950088,0.3472648561000824,0.8855880498886108,0.6117191314697266,0.2286541312932968,0.1699853688478469,0.5481388568878174,0.8681784868240356,0.385634571313858,0.865132212638855,0.0,0.0,0.0,0.0,0.0,0.0,0.0,0.0,0.4749214351177215,0.3542296290397644
0.4955126643180847,0.1738190948963165,0.5205265283584595,0.1484884768724441,0.4698610305786133,0.1467616558074951,0.5491672158241272,0.1840915381908416,0.4358513057231903,0.1823445260524749,0.5960912108421326,0.3669218420982361,0.3677015304565429,0.3518765270709991,0.7275251746177673,0.4947214126586914,0.1867217272520065,0.3465180993080139,0.8865402340888977,0.6186037659645081,0.2339780330657959,0.1694854348897934,0.5490096211433411,0.8654981851577759,0.3860892653465271,0.8533104658126831,0.0,0.0,0.0,0.0,0.0,0.0,0.0,0.0,0.4791809022426605,0.3556513786315918
0.5001586079597473,0.1748896837234497,0.5253095030784607,0.1504144668579101,0.475894957780838,0.1456335037946701,0.5527810454368591,0.1830186992883682,0.4395412802696228,0.1752167791128158,0.5983063578605652,0.3633596003055572,0.3689655661582947,0.3501502871513366,0.7276492714881897,0.4976827204227447,0.1819515228271484,0.3647398352622986,0.8876928091049194,0.6197004318237305,0.0,0.0,0.5507136583328247,0.8633956909179688,0.3847594261169433,0.8536782264709473,0.0,0.0,0.0,0.0,0.0,0.0,0.0,0.0,0.481625348329544,0.3532340228557586
0.5054376125335693,0.1727751195430755,0.5298798680305481,0.1502672582864761,0.4804079234600067,0.145622968673706,0.5575103759765625,0.1840708702802658,0.4439448714256286,0.1762127578258514,0.600930392742157,0.363459825515747,0.3694404661655426,0.3457053601741791,0.7294571995735168,0.4969278275966644,0.1828410625457763,0.33920618891716,0.88889080286026,0.6212067604064941,0.0949819311499595,0.2039369344711303,0.5540581941604614,0.8514381051063538,0.3884811401367187,0.8494588136672974,0.0,0.0,0.0,0.0,0.0,0.0,0.0,0.0,0.4845965802669525,0.3490810990333557
0.5095380544662476,0.174445554614067,0.5338804125785828,0.1513387411832809,0.4844439923763275,0.1458505690097808,0.5597391724586487,0.1875653117895126,0.4466041028499603,0.1771775633096695,0.6006812453269958,0.366887480020523,0.3703336715698242,0.3441255390644073,0.7292099595069885,0.4966062605381012,0.1744214743375778,0.3517735600471496,0.8894372582435608,0.6216073632240295,0.0198444221168756,0.2675458490848541,0.5506981015205383,0.8623179197311401,0.387661725282669,0.8502625226974487,0.0,0.0,0.0,0.0,0.0,0.0,0.0,0.0,0.4855504631996155,0.3488475978374481
0.5083185434341431,0.1734754890203476,0.5325957536697388,0.1505757123231887,0.483138233423233,0.1457452028989792,0.5589576959609985,0.1857765465974807,0.4448933899402618,0.1770217269659042,0.6017822027206421,0.3658183515071869,0.369314044713974,0.3510752618312835,0.729223370552063,0.4946799576282501,0.1662430465221405,0.3818902969360351,0.8869797587394714,0.6145489811897278,0.0089285718277096,0.3442287743091583,0.5555880665779114,0.8643832206726074,0.3900002539157867,0.8530516624450684,0.0,0.0,0.0,0.0,0.0,0.0,0.0,0.0,0.4865398705005646,0.3535566031932831
0.5054895877838135,0.1752837002277374,0.529872715473175,0.151763767004013,0.4804182648658752,0.147061750292778,0.556659996509552,0.1846611201763153,0.4426732063293457,0.1761052906513214,0.5998640060424805,0.3654721677303314,0.3754270374774933,0.3520978987216949,0.7270668745040894,0.4930331707000732,0.174448937177658,0.3987830281257629,0.8995851874351501,0.612938404083252,0.0089285718277096,0.355502188205719,0.5560187697410583,0.8657523393630981,0.3919596374034881,0.8540082573890686,0.0,0.0,0.0,0.0,0.0,0.0,0.0,0.0,0.4884155690670013,0.3542626500129699
0.5001659989356995,0.1744331419467926,0.5258008241653442,0.1517120152711868,0.4758164584636688,0.1467639356851577,0.5530967116355896,0.1847004890441894,0.4399490058422088,0.1772347837686538,0.5993067622184753,0.3633944988250732,0.3832628428936004,0.3535019755363464,0.7228273749351501,0.4903486371040344,0.246676430106163,0.4789616167545318,0.8851988911628723,0.6054705381393433,0.1649071425199508,0.3945725858211517,0.5503086447715759,0.8650014996528625,0.3925738334655761,0.8538708686828613,0.0,0.0,0.0,0.0,0.0,0.0,0.0,0.0,0.4901540875434875,0.3564624488353729
0.4988839030265808,0.1739102452993393,0.5247268080711365,0.1511093527078628,0.4746530950069427,0.1461959183216095,0.5525758266448975,0.1852336972951889,0.4397845566272735,0.1783744990825653,0.5990390777587891,0.3665452897548675,0.3856463134288788,0.3504767417907715,0.7205659747123718,0.4902991652488708,0.2635227739810943,0.5078650712966919,0.8835304379463196,0.6098948121070862,0.1963728815317154,0.3985498547554016,0.5476415753364563,0.8511339426040649,0.3887019157409668,0.8516849279403687,0.0,0.0,0.0,0.0,0.0,0.0,0.0,0.0,0.4905973374843597,0.3562861084938049
0.4996851980686188,0.1740305870771408,0.5250536203384399,0.1517198383808136,0.4758580029010772,0.1454928368330001,0.5516520738601685,0.1865096539258957,0.4400105774402618,0.1772232502698898,0.5970085263252258,0.3704664409160614,0.3772997856140136,0.3552974164485931,0.7213521003723145,0.4969629943370819,0.2908623516559601,0.578070342540741,0.872531533241272,0.6209291815757751,0.2908816039562225,0.4760344624519348,0.5442437529563904,0.8654851317405701,0.3809259831905365,0.865631103515625,0.0,0.0,0.0,0.0,0.0,0.0,0.0,0.0,0.4870637059211731,0.3608739972114563
0.5008856058120728,0.1751475781202316,0.5261285305023193,0.1522069424390792,0.4763674736022949,0.1459385007619857,0.5523311495780945,0.1866991817951202,0.4393705725669861,0.1779940575361251,0.5937386751174927,0.3670666813850403,0.3763284087181091,0.3550871014595032,0.7125856280326843,0.4944470226764679,0.2907851040363312,0.5827789902687073,0.8609442114830017,0.6214145421981812,0.301171600818634,0.4782349765300751,0.5442160367965698,0.8642387390136719,0.3822515606880188,0.8544376492500305,0.0,0.0,0.0,0.0,0.0,0.0,0.0,0.0,0.4858863651752472,0.3590211570262909
0.5039539337158203,0.1752674877643585,0.5290704965591431,0.1525144726037979,0.4794254601001739,0.1470346599817276,0.555704653263092,0.1843047589063644,0.4432287812232971,0.1768854111433029,0.6004490852355957,0.3707185089588165,0.3858765661716461,0.3561063110828399,0.7142515778541565,0.4979893267154693,0.2726806998252868,0.5435184240341187,0.864604651927948,0.6194324493408203,0.2393861562013626,0.4492425322532654,0.5471240878105164,0.8518205881118774,0.3865539729595184,0.8512367010116577,0.0,0.0,0.0,0.0,0.0,0.0,0.0,0.0,0.4930851459503174,0.3628416061401367
0.5063169598579407,0.1741131097078323,0.531019389629364,0.15281343460083,0.4813336431980133,0.1478419005870819,0.5573622584342957,0.1857700794935226,0.4442319571971893,0.1814468204975128,0.6002635359764099,0.3686862885951996,0.3837195038795471,0.3583408296108246,0.7244144082069397,0.5024509429931641,0.2559929490089416,0.5037809610366821,0.8725091814994812,0.6248756051063538,0.1605595797300338,0.4359576404094696,0.5488865971565247,0.8638086318969727,0.38630011677742,0.8531061410903931,0.0,0.0,0.0,0.0,0.0,0.0,0.0,0.0,0.4906015396118164,0.3616660535335541
0.5079689025878906,0.1764345616102218,0.5321582555770874,0.1539735049009323,0.4831536412239074,0.1486414223909378,0.5580727458000183,0.1873632371425628,0.4454050958156585,0.1808308809995651,0.6019144654273987,0.3710379600524902,0.3793680965900421,0.3605291843414306,0.7271806001663208,0.5036552548408508,0.235041007399559,0.4458793699741363,0.8825576901435852,0.6269753575325012,0.0551875159144401,0.4008110463619232,0.554476261138916,0.861887514591217,0.3924782574176788,0.8498751521110535,0.0,0.0,0.0,0.0,0.0,0.0,0.0,0.0,0.4906208515167236,0.3641007840633392
0.5086767673492432,0.1761169880628585,0.5327576994895935,0.1540858447551727,0.483472615480423,0.1484169960021972,0.557975709438324,0.1888058632612228,0.4448110461235046,0.1815327852964401,0.6033158302307129,0.369583398103714,0.370255172252655,0.3629586398601532,0.7290827035903931,0.4974533915519714,0.2066941559314727,0.4333197176456451,0.8851376175880432,0.6192723512649536,0.0089285718277096,0.3987227380275726,0.5566604137420654,0.8661651015281677,0.391249805688858,0.8543575406074524,0.0,0.0,0.0,0.0,0.0,0.0,0.0,0.0,0.4874909222126007,0.3646722137928009
0.508482813835144,0.1757701784372329,0.5326595902442932,0.1541625261306762,0.4835623800754547,0.1485644876956939,0.55812668800354,0.1882558614015579,0.4455252289772033,0.1813883632421493,0.6001189351081848,0.3683197200298309,0.3796702027320862,0.3603037893772125,0.7239464521408081,0.4926710426807403,0.2387259900569915,0.4569973349571228,0.8845043778419495,0.6175503134727478,0.0621563419699668,0.4011869430541992,0.5534971356391907,0.8627186417579651,0.3910829722881317,0.8505756258964539,0.0,0.0,0.0,0.0,0.0,0.0,0.0,0.0,0.489693135023117,0.3627963066101074
0.5064510703086853,0.1755983680486679,0.5313276052474976,0.1547360718250274,0.4811928272247314,0.1496340930461883,0.5579575300216675,0.1899428516626358,0.4443118572235107,0.1848416775465011,0.6022423505783081,0.3691058754920959,0.3829629123210907,0.3593590855598449,0.7272094488143921,0.4969283044338226,0.251985490322113,0.4892842471599579,0.8881968855857849,0.6213246583938599,0.1481740176677703,0.4130462110042572,0.5504021048545837,0.8638883233070374,0.3907790184020996,0.8501758575439453,0.0,0.0,0.0,0.0,0.0,0.0,0.0,0.0,0.4917328655719757,0.3631287217140198
0.5056204795837402,0.176003485918045,0.5306359529495239,0.1554161161184311,0.4805777668952942,0.1499580144882202,0.5574753880500793,0.1901603788137436,0.4442336857318878,0.1848826706409454,0.6035681962966919,0.3705073297023773,0.3855412900447845,0.3606972992420196,0.7302257418632507,0.503813624382019,0.2486372292041778,0.5235177874565125,0.8878633379936218,0.625091016292572,0.2197712957859039,0.4136950671672821,0.5507639050483704,0.8660315871238708,0.3883416056632995,0.8658548593521118,0.0,0.0,0.0,0.0,0.0,0.0,0.0,0.0,0.493050754070282,0.3642127811908722
0.5060111284255981,0.1766135990619659,0.5306130647659302,0.1555252522230148,0.4818482398986816,0.1498692780733108,0.5572554469108582,0.1906619817018509,0.4469601511955261,0.1840583980083465,0.6039398312568665,0.3708221614360809,0.3818528652191162,0.3631884753704071,0.7279058694839478,0.502230167388916,0.2733243405818939,0.55991131067276,0.8845715522766113,0.6274062395095825,0.2942123413085937,0.4346856772899627,0.5488309264183044,0.8665796518325806,0.3876087069511413,0.8659361004829407,0.0,0.0,0.0,0.0,0.0,0.0,0.0,0.0,0.4929860532283783,0.3647151589393616
0.5063514113426208,0.1775276660919189,0.5301927328109741,0.1541915982961654,0.4829067885875702,0.150395780801773,0.5579091906547546,0.1862262636423111,0.4478700459003448,0.1803096532821655,0.6015769839286804,0.3697780668735504,0.3832564055919647,0.3585701286792755,0.7225586175918579,0.5014989972114563,0.2926678657531738,0.5681074857711792,0.8796352744102478,0.6291904449462891,0.3400614559650421,0.4734464287757873,0.5463500618934631,0.8512792587280273,0.3869559168815613,0.8502413034439087,0.0,0.0,0.0,0.0,0.0,0.0,0.0,0.0,0.4909531772136688,0.3598537147045135
0.5076668858528137,0.1770495027303695,0.5317561030387878,0.1547859013080597,0.4838749766349792,0.149099662899971,0.5578729510307312,0.1882096230983734,0.4468551576137543,0.179654985666275,0.5992206931114197,0.3712627589702606,0.3771703839302063,0.3620395958423614,0.7235894799232483,0.5036896467208862,0.2947269976139068,0.57000732421875,0.8792899250984192,0.6297772526741028,0.3616890013217926,0.4783207774162292,0.545808732509613,0.8527175188064575,0.3853304088115692,0.8498333096504211,0.0,0.0,0.0,0.0,0.0,0.0,0.0,0.0,0.4855835139751434,0.3648310005664825
0.5050488114356995,0.1767707914113998,0.5293558239936829,0.1539952307939529,0.4808776676654815,0.150016039609909,0.5574555993080139,0.1868597567081451,0.4458885788917541,0.1808799356222152,0.6020264625549316,0.3709196150302887,0.3833747208118438,0.3556642234325409,0.7211405038833618,0.5014873147010803,0.2925325930118561,0.5738277435302734,0.8730907440185547,0.6253990530967712,0.3416078090667724,0.4726210534572601,0.5480276346206665,0.8476797342300415,0.3875353634357452,0.8480258584022522,0.0,0.0,0.0,0.0,0.0,0.0,0.0,0.0,0.4916283786296844,0.3607745468616485
0.5058290958404541,0.1759511530399322,0.5311072468757629,0.1549014747142791,0.4814222455024719,0.1491768658161163,0.5582709908485413,0.1901226490736007,0.4463394582271576,0.1835313737392425,0.6044984459877014,0.3719266355037689,0.3810805976390838,0.3634370267391205,0.7259953618049622,0.5026378035545349,0.2712631523609161,0.5449190735816956,0.884184718132019,0.6293148994445801,0.2467950284481048,0.4555569589138031,0.5485316514968872,0.8655521273612976,0.3890411257743835,0.8676046133041382,0.0,0.0,0.0,0.0,0.0,0.0,0.0,0.0,0.4928638339042663,0.3662104308605194
0.507213294506073,0.1763325631618499,0.5316520929336548,0.1549271494150161,0.4825975894927978,0.1498173028230667,0.558391273021698,0.1887041181325912,0.4467795789241791,0.1826294958591461,0.60443514585495,0.3715494275093078,0.3837307095527649,0.3602542281150818,0.726120114326477,0.5026137232780457,0.2743816077709198,0.5230699777603149,0.8818694949150085,0.6268975138664246,0.2035580575466156,0.4320545196533203,0.5475500226020813,0.8533987402915955,0.3865216672420501,0.8519702553749084,0.0,0.0,0.0,0.0,0.0,0.0,0.0,0.0,0.4933901131153106,0.3649828135967254
0.5094941854476929,0.1761503368616104,0.5340476632118225,0.1547476202249527,0.4845460057258606,0.1494142264127731,0.5604161024093628,0.1905978918075561,0.447328507900238,0.1845205724239349,0.601581871509552,0.372369110584259,0.3806628286838531,0.3599350750446319,0.7347455620765686,0.5049013495445251,0.2407693862915039,0.450120061635971,0.8968319296836853,0.6317687630653381,0.0597052201628685,0.3993673324584961,0.5502618551254272,0.8636760711669922,0.3880074322223663,0.8508818745613098,0.0,0.0,0.0,0.0,0.0,0.0,0.0,0.0,0.4910162389278412,0.3649416863918304
0.5090060830116272,0.1759390085935592,0.533457338809967,0.1549648940563202,0.4839120209217071,0.1495908945798874,0.5596010088920593,0.1916130632162094,0.446502685546875,0.1859427988529205,0.6015573143959045,0.3717027008533478,0.3716534078121185,0.3639220297336578,0.7332465052604675,0.5011309385299683,0.2000817060470581,0.432352602481842,0.8873884081840515,0.6199272871017456,0.016666954383254,0.4043576121330261,0.5529647469520569,0.8648956418037415,0.3881365656852722,0.8520097136497498,0.0,0.0,0.0,0.0,0.0,0.0,0.0,0.0,0.4877844750881195,0.366644412279129
0.5085518956184387,0.1775206625461578,0.5333616137504578,0.155258372426033,0.4834537208080292,0.1498535424470901,0.5601481795310974,0.1901255697011947,0.4454974234104156,0.1831283569335937,0.6007288694381714,0.3716893196105957,0.3693765699863434,0.3637717366218567,0.7280424237251282,0.497274786233902,0.200539618730545,0.4329245388507843,0.8835887908935547,0.6175358891487122,0.0089285718277096,0.4188686907291412,0.550170361995697,0.8656215071678162,0.386782169342041,0.8523094058036804,0.0,0.0,0.0,0.0,0.0,0.0,0.0,0.0,0.486228734254837,0.3665360808372497
0.505090594291687,0.1759174615144729,0.5301505327224731,0.1543713361024856,0.480141133069992,0.1496367752552032,0.557015597820282,0.1887231320142746,0.4439366459846496,0.1845466345548629,0.6009133458137512,0.3714545667171478,0.3817178905010223,0.359780490398407,0.7242130637168884,0.4949652552604675,0.2453240007162094,0.4798173904418945,0.8853014707565308,0.6167804002761841,0.0669199377298355,0.4041984379291534,0.5472862124443054,0.8527538180351257,0.387212723493576,0.8474669456481934,0.0,0.0,0.0,0.0,0.0,0.0,0.0,0.0,0.4909199774265289,0.3640214502811432
0.5044494271278381,0.1761296987533569,0.5295182466506958,0.1544489413499832,0.4794368147850036,0.149826779961586,0.5568737983703613,0.1878974884748459,0.44327113032341,0.1839622557163238,0.6006980538368225,0.3683760166168213,0.3817817866802215,0.3595258593559265,0.7224830985069275,0.494082361459732,0.2519702017307281,0.4992945194244385,0.8840317130088806,0.6161639094352722,0.1145489141345024,0.4019388258457184,0.5475098490715027,0.8625766634941101,0.3877208530902862,0.8512714505195618,0.0,0.0,0.0,0.0,0.0,0.0,0.0,0.0,0.4904192984104156,0.3627161979675293
0.5022345781326294,0.1763103902339935,0.5273477435112,0.154581993818283,0.4774790704250335,0.1494567096233368,0.5543726682662964,0.1874011009931564,0.4418825805187225,0.1825963258743286,0.6004514694213867,0.3690345883369446,0.3864043354988098,0.3604445159435272,0.7244768142700195,0.496248334646225,0.2626068294048309,0.5401257276535034,0.8851343393325806,0.6195375323295593,0.2241694629192352,0.4355917870998382,0.5488404035568237,0.8527705073356628,0.3869645595550537,0.8528984785079956,0.0,0.0,0.0,0.0,0.0,0.0,0.0,0.0,0.4931428134441376,0.363626480102539
0.5021978616714478,0.17671500146389,0.5268785953521729,0.1536151021718979,0.4773763716220855,0.1487236022949218,0.5530104041099548,0.1872745901346206,0.4401359856128692,0.1825396120548248,0.5999855399131775,0.3683517873287201,0.3814959824085235,0.363339751958847,0.7264310121536255,0.4963505566120147,0.2807599008083343,0.5638693571090698,0.8868023753166199,0.6202937364578247,0.2925662994384765,0.4554834365844726,0.5454312562942505,0.864250659942627,0.38564333319664,0.8534020185470581,0.0,0.0,0.0,0.0,0.0,0.0,0.0,0.0,0.4901048839092254,0.3640214800834656
0.5011110901832581,0.1765296310186386,0.5251595377922058,0.1527562290430069,0.4767995178699493,0.1487198621034622,0.5522664785385132,0.184363380074501,0.4418394565582275,0.1771880388259887,0.597352147102356,0.3685377538204193,0.3845855891704559,0.3622791469097137,0.7231389284133911,0.4932462573051452,0.2773952782154083,0.5612896680831909,0.8860687017440796,0.6185269355773926,0.3262433111667633,0.4752245247364044,0.5453848242759705,0.8631817698478699,0.3854492604732513,0.852155864238739,0.0,0.0,0.0,0.0,0.0,0.0,0.0,0.0,0.4888221621513366,0.3640084862709045
0.5020230412483215,0.1760582476854324,0.5267240405082703,0.1527497768402099,0.477165549993515,0.1477473974227905,0.5536206960678101,0.1864055544137954,0.4411092400550842,0.1809616237878799,0.5992676615715027,0.3653711974620819,0.3804943561553955,0.356752872467041,0.7330976724624634,0.4869332015514374,0.273025244474411,0.5789143443107605,0.8992384672164917,0.5968607068061829,0.2981719076633453,0.4492094814777374,0.5485382080078125,0.8659160733222961,0.3878776729106903,0.8671717643737793,0.0,0.0,0.0,0.0,0.0,0.0,0.0,0.0,0.4903877079486847,0.3600733280181885
0.5016497373580933,0.174800619482994,0.5266363620758057,0.1530468165874481,0.4770805239677429,0.1476740539073944,0.5530790686607361,0.1868456304073333,0.4414090514183044,0.1814137250185012,0.6023210883140564,0.3667666316032409,0.3883964419364929,0.3595107197761535,0.759520411491394,0.4712139964103699,0.2746135890483856,0.5438316464424133,0.9042449593544006,0.5337828993797302,0.2536807358264923,0.4633885025978088,0.5519949197769165,0.8523221015930176,0.3974287807941437,0.8529732823371887,0.0,0.0,0.0,0.0,0.0,0.0,0.0,0.0,0.4955363869667053,0.3610485196113586
0.5001596212387085,0.1738717705011367,0.5249863266944885,0.150807037949562,0.4753224849700928,0.1463288962841034,0.552465558052063,0.1856013834476471,0.4398497641086578,0.1832124292850494,0.6108633279800415,0.3613086342811584,0.3861876130104065,0.3608657419681549,0.7803886532783508,0.4181506335735321,0.2644723355770111,0.5461451411247253,0.9062830209732056,0.4456892311573028,0.2321492135524749,0.4626650214195251,0.5551771521568298,0.866047203540802,0.3907511830329895,0.8534875512123108,0.0,0.0,0.0,0.0,0.0,0.0,0.0,0.0,0.4980528950691223,0.3608969748020172
0.496690958738327,0.1744526773691177,0.5211917757987976,0.1490951925516128,0.4708371460437774,0.1472617387771606,0.5501499772071838,0.1830629557371139,0.4360108971595764,0.1853184252977371,0.6176851391792297,0.3552718460559845,0.3849308788776397,0.3650954663753509,0.7893382906913757,0.3766659200191498,0.26411834359169,0.5507335066795349,0.9228320121765136,0.3845295310020447,0.2266037315130233,0.4644311368465423,0.5561143755912781,0.8689174056053162,0.3881411850452423,0.8681231141090393,0.0,0.0,0.0,0.0,0.0,0.0,0.0,0.0,0.500933051109314,0.3621082305908203
0.4913455545902252,0.1734628826379776,0.5150713324546814,0.1478436291217804,0.4654650688171386,0.1474025547504425,0.5451900362968445,0.1811282485723495,0.43189337849617,0.1848241835832595,0.6133924722671509,0.3491608798503876,0.3868365585803985,0.36485356092453,0.7499581575393677,0.3552393913269043,0.262838751077652,0.5523523688316345,0.9161444306373596,0.3514240086078644,0.2199365794658661,0.461795300245285,0.5562049150466919,0.8801724314689636,0.3882384300231933,0.881762683391571,0.0,0.0,0.0,0.0,0.0,0.0,0.0,0.0,0.4985778033733368,0.3591119647026062
0.4905011057853699,0.1735106259584427,0.5143442749977112,0.1466624438762664,0.4644128680229187,0.1474821120500564,0.54520183801651,0.1794962584972381,0.4309393763542175,0.1839659214019775,0.6165065765380859,0.3521275222301483,0.3805630207061767,0.3624718189239502,0.788920521736145,0.3595101237297058,0.246897205710411,0.5012827515602112,0.9176870584487916,0.3491449356079101,0.1494571417570114,0.4136175811290741,0.5585418939590454,0.868306040763855,0.3934866487979889,0.8668280839920044,0.0,0.0,0.0,0.0,0.0,0.0,0.0,0.0,0.497894287109375,0.3583050668239593
0.492104560136795,0.1736929565668106,0.5159818530082703,0.146745890378952,0.4669224321842193,0.1460273116827011,0.5463173985481262,0.1798581629991531,0.4307052493095398,0.1820524930953979,0.6158236265182495,0.3525601029396057,0.3641701638698578,0.370432585477829,0.7903808355331421,0.3605895042419433,0.2023834884166717,0.4294019043445587,0.9223361611366272,0.350358098745346,0.0361263081431388,0.3658315539360046,0.5630810260772705,0.8811955451965332,0.3948921859264374,0.8690401911735535,0.0,0.0,0.0,0.0,0.0,0.0,0.0,0.0,0.4918107390403747,0.3623911440372467
0.4945745766162872,0.1731653362512588,0.5183217525482178,0.1467588245868683,0.4688545167446136,0.1453289240598678,0.5468412637710571,0.1785943359136581,0.4313210546970367,0.1793765127658844,0.6161286234855652,0.350382387638092,0.3623138070106506,0.3628918528556824,0.7762843370437622,0.355709969997406,0.1671815812587738,0.3875370621681213,0.9224172830581664,0.3501407504081726,0.0089285718277096,0.3620679378509521,0.5617938041687012,0.8689422011375427,0.3909894526004791,0.8679926991462708,0.0,0.0,0.0,0.0,0.0,0.0,0.0,0.0,0.490845113992691,0.3555770516395569
0.4918968081474304,0.1725082695484161,0.5152673125267029,0.1463723927736282,0.4663804173469543,0.1455947458744049,0.5448487401008606,0.1819760948419571,0.42950040102005,0.1850203573703766,0.6063726544380188,0.3523328304290771,0.3681988418102264,0.3627312183380127,0.7914561033248901,0.3590114414691925,0.2016103714704513,0.4210465252399444,0.9191344976425172,0.3482854068279266,0.0199610125273466,0.341649442911148,0.5607388615608215,0.8673262000083923,0.3944990336894989,0.8657711744308472,0.0,0.0,0.0,0.0,0.0,0.0,0.0,0.0,0.4897785484790802,0.3569128811359405
0.4858767986297607,0.1747254878282547,0.5092942118644714,0.1464268416166305,0.4602890014648437,0.1486852169036865,0.541765034198761,0.176817387342453,0.4276764988899231,0.1846881955862045,0.603643000125885,0.3488154709339142,0.3787432610988617,0.3622156679630279,0.7587211728096008,0.3602088391780853,0.2301961332559585,0.4710500836372375,0.9072459936141968,0.3518648445606231,0.1303354799747467,0.3451872766017914,0.5567882061004639,0.8676953315734863,0.3903410732746124,0.8550636172294617,0.0,0.0,0.0,0.0,0.0,0.0,0.0,0.0,0.4924008250236511,0.3549482226371765
0.4835755527019501,0.1738476306200027,0.5074328184127808,0.1456214487552642,0.4583966434001922,0.1472740173339843,0.5397940278053284,0.1760761737823486,0.4260113835334778,0.1817145496606826,0.6029593348503113,0.3503897190093994,0.3726651966571808,0.3572820723056793,0.7606621384620667,0.3599870204925537,0.2355248630046844,0.4809784293174743,0.9203441739082336,0.3530537784099579,0.2131452709436416,0.3680026233196258,0.5548214316368103,0.868742823600769,0.3931733667850494,0.8678398728370667,0.0,0.0,0.0,0.0,0.0,0.0,0.0,0.0,0.487713485956192,0.353931188583374
0.4831696152687073,0.1747287064790725,0.5065498948097229,0.1448735892772674,0.4580948948860168,0.1480958461761474,0.5390247106552124,0.1746830940246582,0.428690642118454,0.1839418858289718,0.6010702848434448,0.3540456891059875,0.3698656260967254,0.3603194653987884,0.7448363304138184,0.3611882627010345,0.2410899251699447,0.4980705082416534,0.9067667722702026,0.3570255935192108,0.275692880153656,0.3845751285552978,0.5499563813209534,0.8789466023445129,0.3888433873653412,0.8671008944511414,0.0,0.0,0.0,0.0,0.0,0.0,0.0,0.0,0.4850765168666839,0.3576058447360992
0.4868297576904297,0.1743414252996444,0.5099559426307678,0.1461714059114456,0.4604534208774566,0.1482958346605301,0.5415727496147156,0.1770348250865936,0.4286291301250458,0.1844769865274429,0.6127262711524963,0.351827323436737,0.3680202960968017,0.3588303625583648,0.7753848433494568,0.3647971451282501,0.2350482046604156,0.4886251389980316,0.9197092056274414,0.3628304302692413,0.2155115455389022,0.3804975152015686,0.5581138730049133,0.8687986135482788,0.3902748227119446,0.8668755888938904,0.0,0.0,0.0,0.0,0.0,0.0,0.0,0.0,0.4890946745872497,0.3560084700584411
0.4948131442070007,0.1747981458902359,0.5187004804611206,0.1494823545217514,0.4691967368125915,0.1476431638002395,0.5468410849571228,0.1823239475488662,0.4316617548465729,0.1826779544353485,0.6129606366157532,0.3504833281040191,0.3687828481197357,0.3607350289821625,0.7711167931556702,0.3643169999122619,0.2364000529050827,0.4496224820613861,0.907495141029358,0.3737799227237701,0.1086511835455894,0.3143727481365204,0.5577113628387451,0.8660127520561218,0.3907251060009002,0.8515005707740784,0.0,0.0,0.0,0.0,0.0,0.0,0.0,0.0,0.4914253354072571,0.3548450171947479
0.4974576532840729,0.1743735820055008,0.5215815305709839,0.1484232693910598,0.4720919728279114,0.14561228454113,0.5496702790260315,0.1809240281581878,0.4348106384277344,0.1790485233068466,0.6111332178115845,0.3506579399108886,0.3659506142139435,0.3607831299304962,0.7732521891593933,0.3666286766529083,0.1730879545211792,0.3841571509838104,0.9083560109138488,0.374619573354721,0.0355168245732784,0.2940486371517181,0.5600077509880066,0.8651725649833679,0.3916414678096771,0.8524670600891113,0.0,0.0,0.0,0.0,0.0,0.0,0.0,0.0,0.4887959063053131,0.3542520105838775
0.4965656101703644,0.1736735254526138,0.520831286907196,0.1486070901155471,0.4714679419994354,0.1454454213380813,0.5492154359817505,0.180946871638298,0.4342787265777588,0.1768438518047332,0.6123374104499817,0.3489621579647064,0.3595947623252868,0.3438045084476471,0.7728687524795532,0.364843875169754,0.1576186418533325,0.3411146700382232,0.9092091917991638,0.3711849153041839,0.0089285718277096,0.3065084517002105,0.557638943195343,0.8672369718551636,0.3873527646064758,0.8532202839851379,0.0,0.0,0.0,0.0,0.0,0.0,0.0,0.0,0.4870236814022064,0.3462484180927276
0.4954793453216553,0.173093780875206,0.5190218091011047,0.1481289863586425,0.4699293076992035,0.1460831463336944,0.5468760132789612,0.1807049512863159,0.4321087002754211,0.179361343383789,0.6053537130355835,0.3478589057922363,0.3626976609230041,0.337559163570404,0.7862443923950195,0.3636179268360138,0.1354207843542099,0.3250697553157806,0.9188273549079896,0.3662489056587219,0.0089285718277096,0.3132320940494537,0.5562576055526733,0.8668168187141418,0.3864677846431732,0.8524518013000488,0.0,0.0,0.0,0.0,0.0,0.0,0.0,0.0,0.4869601726531982,0.341499000787735
0.4917771816253662,0.1740051358938217,0.5150564908981323,0.1488630324602127,0.4665019512176513,0.1473755091428756,0.5443171262741089,0.1827909499406814,0.4292550086975097,0.1823133528232574,0.6106168031692505,0.3488008677959442,0.3549143671989441,0.3462271988391876,0.7634931802749634,0.3637186586856842,0.167804554104805,0.3452368378639221,0.9068590998649596,0.3629319965839386,0.0190017614513635,0.2954030334949493,0.5543524026870728,0.8640799522399902,0.3846027255058288,0.8509177565574646,0.0,0.0,0.0,0.0,0.0,0.0,0.0,0.0,0.4843509793281555,0.3475964069366455
0.492693156003952,0.175551563501358,0.5149431228637695,0.1504936516284942,0.4670507311820984,0.1491073817014694,0.5433034300804138,0.1848563402891159,0.4302669167518616,0.1866724193096161,0.6003594398498535,0.3531721234321594,0.3681160807609558,0.3604786992073059,0.7573147416114807,0.3659277558326721,0.175487607717514,0.3717401325702667,0.903756022453308,0.3722049593925476,0.0614018738269805,0.262876808643341,0.555153489112854,0.8651419281959534,0.3896452486515045,0.8516978621482849,0.0,0.0,0.0,0.0,0.0,0.0,0.0,0.0,0.4837980568408966,0.3551256358623504
0.4909736514091491,0.1777452230453491,0.5135975480079651,0.1523451954126358,0.4654170870780945,0.1514844745397567,0.542202889919281,0.1857790648937225,0.4286375939846039,0.1882217973470688,0.5996461510658264,0.3543965220451355,0.3708893954753876,0.3586543202400207,0.7562484741210938,0.3701492249965668,0.2147962749004364,0.4128601551055908,0.8989682197570801,0.3794420659542084,0.1546792536973953,0.2968031466007232,0.5530096888542175,0.8673299551010132,0.3887990415096283,0.8537367582321167,0.0,0.0,0.0,0.0,0.0,0.0,0.0,0.0,0.486012727022171,0.3565983474254608
0.4891043603420257,0.179143950343132,0.5116294026374817,0.1526160091161728,0.4631076455116272,0.1521445512771606,0.5405131578445435,0.1865603029727935,0.427184134721756,0.1883207410573959,0.5977408289909363,0.35411137342453,0.3712382316589355,0.3598647117614746,0.7614687085151672,0.373646467924118,0.2092545330524444,0.4305706024169922,0.9071893095970154,0.382343053817749,0.2205657511949539,0.2865210175514221,0.5502728223800659,0.8799856305122375,0.3867566585540771,0.8672023415565491,0.0,0.0,0.0,0.0,0.0,0.0,0.0,0.0,0.4843489825725555,0.3545625209808349
0.4892615377902984,0.1793903857469558,0.5113335251808167,0.1524901688098907,0.4638260006904602,0.1529912650585174,0.5403527021408081,0.1849429607391357,0.431929349899292,0.189871534705162,0.5968925356864929,0.3525713980197906,0.3773451745510101,0.3620627224445343,0.7564997673034668,0.3739353716373443,0.2285114973783493,0.4484643638134002,0.902136206626892,0.3899745345115661,0.2734584212303161,0.3165346086025238,0.5489229559898376,0.8803561329841614,0.3904964923858642,0.8657644391059875,0.0,0.0,0.0,0.0,0.0,0.0,0.0,0.0,0.4851100444793701,0.353614866733551
0.4922134578227997,0.180592656135559,0.5145002603530884,0.1541910916566848,0.4663431942462921,0.1536797285079956,0.5424296855926514,0.1866353303194046,0.4331795275211334,0.1910698562860489,0.5982382893562317,0.3542533218860626,0.3741398453712463,0.3647431433200836,0.7627893686294556,0.3747183680534363,0.2280206233263015,0.4456770718097687,0.916474223136902,0.391692578792572,0.2656835913658142,0.3161121308803558,0.5549690127372742,0.8799629807472229,0.3958432078361511,0.8665135502815247,0.0,0.0,0.0,0.0,0.0,0.0,0.0,0.0,0.4834843277931213,0.3563121259212494
0.4972006678581238,0.18111552298069,0.5208662152290344,0.1564966291189193,0.4718622267246246,0.1538773477077484,0.5460151433944702,0.1901082545518875,0.4363783001899719,0.1905757039785385,0.6027858853340149,0.3573600649833679,0.3772248327732086,0.3631453812122345,0.7753927111625671,0.3804299235343933,0.2222209721803665,0.4375746250152588,0.9220433831214904,0.393202930688858,0.2220226526260376,0.2868801057338714,0.5593111515045166,0.881655752658844,0.3907563686370849,0.8812178373336792,0.0,0.0,0.0,0.0,0.0,0.0,0.0,0.0,0.488974004983902,0.3588215410709381
0.5024051070213318,0.1794849932193756,0.526628851890564,0.1570886820554733,0.4762054979801178,0.152814894914627,0.5523526072502136,0.1902848035097122,0.4385571777820587,0.1889687776565551,0.6118564605712891,0.3588016331195831,0.3731354176998138,0.3618422448635101,0.7694935202598572,0.3821275532245636,0.2271000295877456,0.4130986034870147,0.9092538952827454,0.3982077538967132,0.1491449177265167,0.2944019138813019,0.5600618124008179,0.8824499845504761,0.3941264152526855,0.8685389757156372,0.0,0.0,0.0,0.0,0.0,0.0,0.0,0.0,0.4922728538513183,0.3601098954677582
0.5049842596054077,0.1798529475927353,0.5278107523918152,0.1551732569932937,0.4797635078430176,0.1520128548145294,0.5538822412490845,0.1843186467885971,0.4431865513324737,0.1819362789392471,0.6123360991477966,0.3532626032829284,0.3662911057472229,0.3488898277282715,0.7770894169807434,0.379191905260086,0.1710942089557647,0.3469934165477752,0.9257224202156068,0.3963344097137451,0.0230411794036626,0.2656285464763641,0.5586990714073181,0.8847049474716187,0.3870143592357635,0.8682762980461121,0.0,0.0,0.0,0.0,0.0,0.0,0.0,0.0,0.4914977550506592,0.3478690087795257
0.5072004199028015,0.1807209253311157,0.5300971269607544,0.1555564403533935,0.4811316430568695,0.1524322181940078,0.5559471845626831,0.1830354481935501,0.4420081675052643,0.1811006963253021,0.6185721755027771,0.3533466458320617,0.3603187203407287,0.3497876226902008,0.7888890504837036,0.3817333281040191,0.1366688758134842,0.3644387722015381,0.928598940372467,0.3969340324401855,0.0089285718277096,0.3697534203529358,0.562329113483429,0.8842349648475647,0.3888532817363739,0.868277370929718,0.0,0.0,0.0,0.0,0.0,0.0,0.0,0.0,0.4931273162364959,0.3494689464569092
0.5051624178886414,0.1801377683877945,0.5277627110481262,0.1552158594131469,0.480020523071289,0.1524420827627182,0.5540396571159363,0.1835013180971145,0.4432635009288788,0.182127445936203,0.6161043047904968,0.352887362241745,0.3639697730541229,0.3513925075531006,0.7861347198486328,0.3797535002231598,0.1522168666124344,0.364048570394516,0.9254461526870728,0.3944891393184662,0.0089285718277096,0.3643332123756408,0.5622246265411377,0.8846879005432129,0.3892306685447693,0.8817138671875,0.0,0.0,0.0,0.0,0.0,0.0,0.0,0.0,0.4928492903709411,0.3504717051982879
0.5042724013328552,0.180099532008171,0.5275196433067322,0.1564622968435287,0.4789133965969085,0.1526964455842971,0.553378164768219,0.1864319294691085,0.4422171413898468,0.1842258125543594,0.6118010878562927,0.3538789451122284,0.371086061000824,0.3547468483448028,0.7767351269721985,0.3758890032768249,0.1860685795545578,0.3639183044433594,0.9223002791404724,0.3953240811824798,0.0625789761543273,0.2784926891326904,0.5587366819381714,0.8839826583862305,0.38975590467453,0.855645477771759,0.0,0.0,0.0,0.0,0.0,0.0,0.0,0.0,0.4926037192344665,0.3512753844261169
0.5023626089096069,0.1806218773126602,0.526371955871582,0.1575828790664672,0.4764298498630523,0.1537177413702011,0.552076518535614,0.1896488815546035,0.4387613832950592,0.18771293759346,0.6144350171089172,0.356337308883667,0.3702065646648407,0.3581659495830536,0.7839866280555725,0.3788362145423889,0.1858847290277481,0.3703193664550781,0.9221193194389344,0.3935992121696472,0.1662648171186447,0.2180446535348892,0.5603479146957397,0.8818483352661133,0.3938577771186828,0.8682999610900879,0.0,0.0,0.0,0.0,0.0,0.0,0.0,0.0,0.4920677244663238,0.3563288152217865
0.5010626912117004,0.1812686473131179,0.5247944593429565,0.1576047837734222,0.4758194983005523,0.1536145508289337,0.5496743321418762,0.1910291165113449,0.4394904673099518,0.1874706745147705,0.6111276745796204,0.3529936969280243,0.3664045631885528,0.355161190032959,0.7653312683105469,0.3744687736034393,0.1886926591396331,0.3365667462348938,0.9203330278396606,0.3934374749660492,0.2311649471521377,0.2003753185272216,0.560590922832489,0.883895993232727,0.3897548615932464,0.8692390322685242,0.0,0.0,0.0,0.0,0.0,0.0,0.0,0.0,0.4869064688682556,0.3528837859630584
0.5031563639640808,0.1813575327396392,0.5265212059020996,0.1573208272457122,0.4777161180973053,0.153738647699356,0.5504618287086487,0.1907789409160614,0.4426079392433166,0.1879110336303711,0.6051858067512512,0.3538770079612732,0.368335872888565,0.3529262840747833,0.7613922357559204,0.38068488240242,0.2102204710245132,0.3611505925655365,0.9097461700439452,0.3985292017459869,0.2726319432258606,0.2161574810743332,0.55979323387146,0.8827165365219116,0.3882860541343689,0.8685961365699768,0.0,0.0,0.0,0.0,0.0,0.0,0.0,0.0,0.485980361700058,0.3520860970020294
0.5027170777320862,0.1811349689960479,0.526618480682373,0.1573866754770279,0.4776894450187683,0.1531660258769989,0.5514699220657349,0.1915178745985031,0.4414547085762024,0.1867456138134002,0.6101608276367188,0.3547467589378357,0.3708689212799072,0.3491420149803161,0.7599145174026489,0.3861343562602997,0.223153606057167,0.3637568354606628,0.9150930047035216,0.4029465615749359,0.2954470217227936,0.2255711406469345,0.5574194192886353,0.8683338165283203,0.3873825371265411,0.8655245900154114,0.0,0.0,0.0,0.0,0.0,0.0,0.0,0.0,0.4879921972751617,0.3505747020244598
0.5023466944694519,0.1805300712585449,0.5262616872787476,0.1571398228406906,0.4772462248802185,0.1530130803585052,0.550576388835907,0.1916474103927612,0.4404051899909973,0.1872255802154541,0.6050848960876465,0.355120986700058,0.370659738779068,0.3500874936580658,0.7619773149490356,0.3865911662578583,0.2209988385438919,0.3629039227962494,0.9162057638168336,0.4051365554332733,0.3048964142799377,0.2300942987203598,0.5557344555854797,0.8687450289726257,0.3872049450874328,0.8654389381408691,0.0,0.0,0.0,0.0,0.0,0.0,0.0,0.0,0.4869437217712402,0.3514151573181152
0.5024386048316956,0.180081695318222,0.5259220004081726,0.1569201797246933,0.4773709774017334,0.1525783389806747,0.5504460334777832,0.1917238980531692,0.4401442110538482,0.1875034421682357,0.6052894592285156,0.3546962141990661,0.3736987709999084,0.3484961986541748,0.7703491449356079,0.3889441788196563,0.2218265384435653,0.3646619021892547,0.9093021154403688,0.4071453511714935,0.3064861893653869,0.2305463552474975,0.5571272373199463,0.8683544993400574,0.3884627819061279,0.8658093810081482,0.0,0.0,0.0,0.0,0.0,0.0,0.0,0.0,0.4885232746601105,0.3493801951408386
0.5034645795822144,0.1799816042184829,0.5266348719596863,0.1563875675201416,0.4777101874351501,0.1522738635540008,0.5508216619491577,0.1898480206727981,0.442093551158905,0.1865495890378952,0.6054989695549011,0.3548449873924255,0.3692829608917236,0.3524720072746277,0.7705016732215881,0.3869321048259735,0.2092764675617218,0.3668588101863861,0.9177255034446716,0.4078839421272278,0.2817686796188354,0.2205405086278915,0.558445930480957,0.8811209797859192,0.3885209560394287,0.8678736686706543,0.0,0.0,0.0,0.0,0.0,0.0,0.0,0.0,0.4880433082580566,0.3524268567562103
0.1660242825746536,0.0783534049987793,0.0,0.0,0.0,0.0,0.0,0.0,0.0,0.0,0.0,0.0,0.0,0.0,0.0,0.0,0.0,0.0,0.0,0.0,0.0,0.0,0.0,0.0,0.0,0.0,0.0,0.0,0.0,0.0,0.0,0.0,0.0,0.0,0.0,0.0
0.5058372020721436,0.1789695024490356,0.5290520787239075,0.1542240530252456,0.4804637730121612,0.1507841795682907,0.555655300617218,0.1836460083723068,0.4437306821346283,0.1803908199071884,0.6124686598777771,0.3533749282360077,0.3688903748989105,0.349787175655365,0.776081383228302,0.3883257210254669,0.1862664073705673,0.3350525200366974,0.92206609249115,0.4110729694366455,0.0956453457474708,0.2039196938276291,0.5597291588783264,0.8803281784057617,0.3888379633426666,0.8550048470497131,0.0,0.0,0.0,0.0,0.0,0.0,0.0,0.0,0.4933692514896393,0.3481095135211944
0.5069875121116638,0.1770037561655044,0.530178964138031,0.1542680114507675,0.4809174835681915,0.1500434726476669,0.5563806891441345,0.1846072673797607,0.4427860081195831,0.1807688325643539,0.6124574542045593,0.3515522181987762,0.3643780648708343,0.3468329906463623,0.7735339403152466,0.3899013102054596,0.1544320583343505,0.351764976978302,0.9189109802246094,0.4160065948963165,0.0,0.0,0.5604850053787231,0.8811221718788147,0.3868306577205658,0.8676016926765442,0.0,0.0,0.0,0.0,0.0,0.0,0.0,0.0,0.491208016872406,0.3463923335075378
0.5032228827476501,0.1789495199918747,0.5266220569610596,0.1547515839338302,0.4780268669128418,0.1506276130676269,0.5527939200401306,0.1844961792230606,0.4405615627765655,0.1779067665338516,0.6105808019638062,0.3533423244953155,0.3546969294548034,0.3527792990207672,0.7722292542457581,0.3903011977672577,0.1332723051309585,0.3806204497814178,0.9074611067771912,0.411395251750946,0.0,0.0,0.5585753917694092,0.8827877640724182,0.3858900070190429,0.8691483736038208,0.0,0.0,0.0,0.0,0.0,0.0,0.0,0.0,0.4855640530586242,0.3510196506977081
0.5016909241676331,0.1786218881607055,0.5255685448646545,0.1553865373134613,0.4759236872196197,0.1506342440843582,0.5521161556243896,0.1877634525299072,0.4384490549564361,0.1836474686861038,0.6129888296127319,0.3528742790222168,0.3631214201450348,0.3546578288078308,0.7726311683654785,0.3843953311443329,0.15846748650074,0.3744665086269378,0.9155377745628356,0.4050594270229339,0.0089285718277096,0.3567760288715362,0.5583723187446594,0.8683094382286072,0.3880608379840851,0.8673319816589355,0.0,0.0,0.0,0.0,0.0,0.0,0.0,0.0,0.4891342222690582,0.3531001210212707
0.4980811476707458,0.1775779724121093,0.5219534039497375,0.1537891179323196,0.4726163446903229,0.1508653610944748,0.5497497916221619,0.1873664557933807,0.4364077746868133,0.1885347068309784,0.605323314666748,0.3566353619098663,0.3711816668510437,0.3589175641536712,0.7619091272354126,0.3845994174480438,0.1738241165876388,0.3776986002922058,0.9192375540733336,0.40274378657341,0.094810776412487,0.2891424596309662,0.5555484890937805,0.8806235194206238,0.3874759376049042,0.8665183186531067,0.0,0.0,0.0,0.0,0.0,0.0,0.0,0.0,0.4877858757972717,0.3565361499786377
0.4915366768836975,0.180701345205307,0.5149224996566772,0.1546252816915512,0.4667803943157196,0.1541969627141952,0.5441853404045105,0.1870516091585159,0.4322627484798431,0.1902353018522262,0.603215217590332,0.3594260513782501,0.3686642050743103,0.3624522686004638,0.7703837752342224,0.3843724429607391,0.1854451447725296,0.3839722275733948,0.9221894145011902,0.4020080268383026,0.1520165652036667,0.2020249217748642,0.5565072298049927,0.8816142678260803,0.3883480727672577,0.8674339056015015,0.0,0.0,0.0,0.0,0.0,0.0,0.0,0.0,0.4846475422382355,0.3610808849334717
0.4895109534263611,0.1815142184495926,0.5132365226745605,0.153869017958641,0.4638474881649017,0.1542278677225113,0.5434079766273499,0.1869992911815643,0.431969553232193,0.1894583404064178,0.5996872782707214,0.3539764881134033,0.3696634173393249,0.3553044199943542,0.7627257704734802,0.3877594769001007,0.2048373371362686,0.400681585073471,0.9192463159561156,0.4035380482673645,0.2267825901508331,0.2707865536212921,0.5511479377746582,0.8693401217460632,0.3860858380794525,0.8658676743507385,0.0,0.0,0.0,0.0,0.0,0.0,0.0,0.0,0.4825457036495209,0.3534276485443115
0.4878057539463043,0.1794274002313614,0.5107015371322632,0.1513195782899856,0.4616247713565826,0.1534511595964431,0.5431094169616699,0.184587150812149,0.4301273822784424,0.19148750603199,0.5973003506660461,0.3545221984386444,0.3718619048595428,0.3531079292297363,0.7618933320045471,0.3886149525642395,0.218508630990982,0.4066354632377624,0.907209575176239,0.4055676162242889,0.2878374457359314,0.2830089330673218,0.5497433543205261,0.8684371709823608,0.3852403461933136,0.8649511337280273,0.0,0.0,0.0,0.0,0.0,0.0,0.0,0.0,0.4812481999397278,0.3521735966205597
0.4935585558414459,0.1803325563669204,0.5169132351875305,0.1545369327068328,0.4686165452003479,0.1531989425420761,0.5438442826271057,0.1892083436250686,0.4365855753421783,0.1897977292537689,0.5964770913124084,0.3536613881587982,0.3785109519958496,0.3503130376338959,0.7571062445640564,0.3890319168567657,0.2117514759302139,0.4022179245948791,0.9087566137313844,0.4077648222446441,0.2558303773403168,0.2669234871864319,0.5541471242904663,0.880298912525177,0.3889864385128021,0.8683055639266968,0.0,0.0,0.0,0.0,0.0,0.0,0.0,0.0,0.48548623919487,0.3506355881690979
0.5005006194114685,0.1787641197443008,0.5242875814437866,0.1560962498188018,0.4747712910175323,0.1526192873716354,0.5501977205276489,0.1897480189800262,0.4376788735389709,0.1889511793851852,0.6048194766044617,0.3565893471240997,0.3722416758537292,0.3589017391204834,0.7627885937690735,0.3896256983280182,0.1864798367023468,0.3845658600330353,0.9106003046035768,0.412781149148941,0.157538041472435,0.2225659638643264,0.5569363832473755,0.8695496916770935,0.3893315196037292,0.867240309715271,0.0,0.0,0.0,0.0,0.0,0.0,0.0,0.0,0.4889096617698669,0.3577559292316437
0.5027826428413391,0.1788897514343261,0.5264772772789001,0.1560813039541244,0.4768180251121521,0.1518110185861587,0.5530427098274231,0.1881887167692184,0.4395156502723694,0.1862677782773971,0.6061010956764221,0.356245756149292,0.3686719834804535,0.3582042157649994,0.0,0.0,0.1736433804035186,0.3508160710334778,0.0,0.0,0.0718674436211586,0.2085487991571426,0.559332549571991,0.8690218925476074,0.3894662857055664,0.8549099564552307,0.0,0.0,0.0,0.0,0.0,0.0,0.0,0.0,0.488389790058136,0.3552091121673584
0.5036607384681702,0.1795548945665359,0.5269516706466675,0.1554783880710601,0.4784765839576721,0.1515135467052459,0.5530589818954468,0.1861678212881088,0.4423324763774872,0.1828374117612838,0.6029723286628723,0.3549597859382629,0.3671717047691345,0.3503812253475189,0.7593156695365906,0.3890354037284851,0.1685030609369278,0.3534716963768005,0.9178705215454102,0.4180140495300293,0.0089285718277096,0.3027923703193664,0.5571649670600891,0.8844642639160156,0.3868391215801239,0.8686233162879944,0.0,0.0,0.0,0.0,0.0,0.0,0.0,0.0,0.4873760640621185,0.3505709171295166
0.5022071003913879,0.178077295422554,0.5259417295455933,0.156321719288826,0.4764443337917328,0.151978999376297,0.5523912310600281,0.1893229633569717,0.4387996792793274,0.1866854727268219,0.6114174127578735,0.3553237020969391,0.361034482717514,0.3583002984523773,0.7621533274650574,0.3874396979808807,0.1667757928371429,0.3740659356117248,0.9154072403907776,0.4151683449745178,0.0089285718277096,0.346679538488388,0.5594015717506409,0.8809918165206909,0.3878249228000641,0.8684319257736206,0.0,0.0,0.0,0.0,0.0,0.0,0.0,0.0,0.4874393045902252,0.3559355437755584
0.4972821772098541,0.1800063401460647,0.5213559865951538,0.1550427675247192,0.4720150828361511,0.1529637724161148,0.548923909664154,0.1869130879640579,0.4363428056240082,0.1888826638460159,0.6052360534667969,0.3563708364963531,0.3677000701427459,0.3622534573078155,0.7705965042114258,0.3871279060840606,0.174037218093872,0.3859606385231018,0.9078920483589172,0.4034134745597839,0.0474180579185485,0.3148466944694519,0.5548105835914612,0.8804377317428589,0.3865574896335602,0.8674706816673279,0.0,0.0,0.0,0.0,0.0,0.0,0.0,0.0,0.4864109456539154,0.3593625724315643
0.4907824397087097,0.1803428828716278,0.5132285356521606,0.1534636914730072,0.4651589095592499,0.1541722565889358,0.5433880686759949,0.1844576150178909,0.4318239092826843,0.189872458577156,0.6023026704788208,0.3551925718784332,0.3723304271697998,0.3605865836143493,0.7614924311637878,0.3820645809173584,0.2209539413452148,0.4046360552310943,0.9197911024093628,0.40106201171875,0.0996777042746543,0.2503576278686523,0.5556156635284424,0.8823299407958984,0.3893879354000091,0.8686171174049377,0.0,0.0,0.0,0.0,0.0,0.0,0.0,0.0,0.4864245951175689,0.3570647835731506
0.4869098961353302,0.1823759227991104,0.5097733736038208,0.1556836068630218,0.4632461369037628,0.1553041040897369,0.5399590134620667,0.1866057813167572,0.4300419390201568,0.1880972534418106,0.5994213819503784,0.3551256656646728,0.3659269213676452,0.3616494834423065,0.7570589780807495,0.3851698040962219,0.2052822411060333,0.3948175311088562,0.9060403108596802,0.4033982753753662,0.1863103061914444,0.2575052976608276,0.5541350841522217,0.8812917470932007,0.3862610459327698,0.8665504455566406,0.0,0.0,0.0,0.0,0.0,0.0,0.0,0.0,0.4812054932117462,0.3574585318565368
0.4871338307857513,0.1813229471445083,0.5102401375770569,0.1545256078243255,0.4625945687294006,0.1539812088012695,0.539645254611969,0.1873691529035568,0.4315652847290039,0.187894582748413,0.5965590476989746,0.3591219484806061,0.367346316576004,0.3590354323387146,0.7456926703453064,0.3883305490016937,0.2053853720426559,0.3854926228523254,0.9028589129447936,0.4080327451229095,0.2655337750911712,0.2543514966964721,0.5479979515075684,0.8802403211593628,0.3830181062221527,0.866338312625885,0.0,0.0,0.0,0.0,0.0,0.0,0.0,0.0,0.4793922007083893,0.3582131564617157
0.487032413482666,0.1826253235340118,0.5091148614883423,0.153809443116188,0.4621988236904144,0.1555598527193069,0.5407047867774963,0.1848911195993423,0.4295320808887481,0.1905178874731063,0.5968409180641174,0.3537992537021637,0.369456797838211,0.353811651468277,0.7574099898338318,0.3917360305786133,0.2199351638555526,0.3992543816566467,0.8901976346969604,0.4076971709728241,0.2944645285606384,0.2830001711845398,0.5529077649116516,0.8692070841789246,0.3846856653690338,0.8664096593856812,0.0,0.0,0.0,0.0,0.0,0.0,0.0,0.0,0.4801554381847381,0.3519183993339538
0.4930755496025085,0.1821031719446182,0.515064537525177,0.1551015675067901,0.4677061438560486,0.1548001766204834,0.5419225096702576,0.1878765523433685,0.434318482875824,0.1913161277770996,0.5971131324768066,0.3541105687618255,0.376345545053482,0.3538861274719238,0.7559008002281189,0.3730650544166565,0.2152229249477386,0.420335978269577,0.8939696550369263,0.3621228039264679,0.2507994771003723,0.2911827266216278,0.5557217001914978,0.8852248191833496,0.3885520100593567,0.8846285939216614,0.0,0.0,0.0,0.0,0.0,0.0,0.0,0.0,0.4839467108249664,0.3523359000682831
0.4927130043506622,0.1811934560537338,0.515053927898407,0.155063658952713,0.4667101204395294,0.1537435799837112,0.5420840978622437,0.1876977980136871,0.4318025410175323,0.1911115199327469,0.6015157103538513,0.3512548804283142,0.3781729340553283,0.3622665405273437,0.7321823239326477,0.3519680500030517,0.2169323861598968,0.4411345422267914,0.8924752473831177,0.3253611624240875,0.222613126039505,0.3018718361854553,0.5612909197807312,0.8830447793006897,0.3994553387165069,0.8828818202018738,0.0,0.0,0.0,0.0,0.0,0.0,0.0,0.0,0.4888218939304352,0.3546941578388214
0.4887859523296356,0.1779598742723465,0.5098687410354614,0.1513317972421646,0.4626476764678955,0.1524122059345245,0.5395891070365906,0.1817109137773513,0.4268963932991028,0.1886024177074432,0.6043004989624023,0.3424846529960632,0.3740316033363342,0.3649626076221466,0.7343258857727051,0.3249845504760742,0.2337526828050613,0.4604401588439941,0.8908089399337769,0.2784129083156585,0.1785244196653366,0.3281001150608063,0.5639826059341431,0.8805953860282898,0.4036666750907898,0.8824416399002075,0.0,0.0,0.0,0.0,0.0,0.0,0.0,0.0,0.4883008599281311,0.3528614044189453
0.4889788925647735,0.1780866831541061,0.5093125104904175,0.1514343470335006,0.4627795815467834,0.152484506368637,0.5377308130264282,0.1796495467424392,0.4256956279277801,0.1884518414735794,0.6035733819007874,0.3399398028850555,0.37290158867836,0.3660206794738769,0.7540624737739563,0.3167863488197326,0.2267644256353378,0.4591265618801117,0.9337343573570251,0.2489514648914337,0.1225930675864219,0.3098456859588623,0.5625964999198914,0.8823532462120056,0.4021380543708801,0.8835827708244324,0.0,0.0,0.0,0.0,0.0,0.0,0.0,0.0,0.4880816340446472,0.3530944883823395
0.4891247749328613,0.1802352964878082,0.5098932385444641,0.1524582952260971,0.4631538689136505,0.1528361290693283,0.5381267070770264,0.1814171522855758,0.4247295558452606,0.1866101920604705,0.6005719304084778,0.3459458947181701,0.362164556980133,0.3649827837944031,0.7402918934822083,0.3309856057167053,0.1937998235225677,0.4218250215053558,0.9067355990409852,0.2883093953132629,0.019449770450592,0.325488269329071,0.562759518623352,0.8674315810203552,0.3951407968997955,0.867617666721344,0.0,0.0,0.0,0.0,0.0,0.0,0.0,0.0,0.4821023941040039,0.3539263904094696
0.4850484728813171,0.1813663393259048,0.5068902373313904,0.1539403647184372,0.4595841765403747,0.1529532223939895,0.5344043970108032,0.1832838952541351,0.4197671711444855,0.1843710094690323,0.5963893532752991,0.3467102348804474,0.3616213202476501,0.3673416674137115,0.7276358604431152,0.3310542106628418,0.2068157494068145,0.4323019087314605,0.918026566505432,0.281313806772232,0.0,0.0,0.558526337146759,0.8660711646080017,0.3919420838356018,0.8551568388938904,0.0,0.0,0.0,0.0,0.0,0.0,0.0,0.0,0.4785386621952057,0.3554662764072418
0.4776875674724579,0.1821903139352798,0.5003859400749207,0.1553754806518554,0.4529716074466705,0.154551699757576,0.527070939540863,0.1864526271820068,0.4145223796367645,0.1866449266672134,0.5848543047904968,0.3471948802471161,0.3629258275032043,0.3667074143886566,0.7270156741142273,0.3287684321403503,0.2222876995801925,0.452310711145401,0.8893815279006958,0.2896546721458435,0.1346803456544876,0.3138388693332672,0.5551713705062866,0.8687661290168762,0.3955641686916351,0.8682857155799866,0.0,0.0,0.0,0.0,0.0,0.0,0.0,0.0,0.4732443690299988,0.3562224805355072
0.4716060757637024,0.1798630207777023,0.4944999516010284,0.1544292420148849,0.4464027285575866,0.1523227244615554,0.5223941206932068,0.1898601055145263,0.4079602062702179,0.1888009011745453,0.5789076685905457,0.3436367809772491,0.3563818633556366,0.3628984093666076,0.7248717546463013,0.3245201706886291,0.1848614364862442,0.4147680103778839,0.8939076662063599,0.2741027176380157,0.2260466516017913,0.2713966071605682,0.5498797297477722,0.8695104718208313,0.3909667134284973,0.8667938113212585,0.0,0.0,0.0,0.0,0.0,0.0,0.0,0.0,0.4633816182613373,0.3512124121189117
0.473136693239212,0.1798512935638427,0.4965009391307831,0.152632251381874,0.4481675922870636,0.151997685432434,0.525394082069397,0.1854840219020843,0.4117485880851745,0.1869082897901535,0.5849361419677734,0.3448448777198791,0.3536431193351745,0.3525257706642151,0.7264790534973145,0.325598657131195,0.201553389430046,0.399707943201065,0.8856449127197266,0.2859666347503662,0.2653201520442962,0.2669228017330169,0.547071635723114,0.8546133637428284,0.387596994638443,0.8503021597862244,0.0,0.0,0.0,0.0,0.0,0.0,0.0,0.0,0.4650185108184814,0.3464751243591308
0.4777368009090423,0.180917352437973,0.5020596385002136,0.1529459506273269,0.4531793594360351,0.1506870687007904,0.5290523767471313,0.1853834688663482,0.4153611361980438,0.1826112568378448,0.5809919238090515,0.3467713892459869,0.3530820310115814,0.3495222926139831,0.7266213297843933,0.3309161365032196,0.1937118470668792,0.3975313603878021,0.9164133667945862,0.279533326625824,0.2621769905090332,0.2609043717384338,0.5433646440505981,0.8667455911636353,0.3823752701282501,0.8529123663902283,0.0,0.0,0.0,0.0,0.0,0.0,0.0,0.0,0.4613368809223175,0.3467647135257721
0.4832327365875244,0.1795754432678222,0.5062276721000671,0.1543055325746536,0.4577036798000335,0.1501873284578323,0.5320354700088501,0.1853828132152557,0.4145731627941131,0.1776271611452102,0.5946717262268066,0.3436047434806824,0.3542457520961761,0.3588392734527588,0.7396253943443298,0.3367478549480438,0.1829685717821121,0.398537814617157,0.9327620267868042,0.2847581803798675,0.2051769644021988,0.2441762536764145,0.547895073890686,0.8661326766014099,0.3853239417076111,0.8545365929603577,0.0,0.0,0.0,0.0,0.0,0.0,0.0,0.0,0.4736746847629547,0.3492019474506378
0.4844424724578857,0.1795206516981125,0.5075010657310486,0.1525779813528061,0.4589524567127228,0.1504103690385818,0.5357180833816528,0.1837493628263473,0.4174564480781555,0.1813272684812545,0.5946406126022339,0.3479437232017517,0.3599164485931396,0.361039251089096,0.7380081415176392,0.3430374264717102,0.1992341130971908,0.4146948754787445,0.9050013422966005,0.2996092140674591,0.1459629833698272,0.2922472059726715,0.5499087572097778,0.8794464468955994,0.3867166936397552,0.8674638867378235,0.0,0.0,0.0,0.0,0.0,0.0,0.0,0.0,0.4758873879909515,0.354020893573761
0.4867497384548187,0.177212581038475,0.5089218020439148,0.1510294526815414,0.4617310464382171,0.1494560986757278,0.537290632724762,0.1817847043275833,0.4215117990970611,0.1819223463535308,0.594810962677002,0.3461091518402099,0.3592762351036072,0.3614809215068817,0.7291712164878845,0.3438486754894256,0.1892560422420501,0.4130648076534271,0.8915528059005737,0.3058264851570129,0.0550030246376991,0.2762318253517151,0.550865650177002,0.8697025179862976,0.3877353072166443,0.8667701482772827,0.0,0.0,0.0,0.0,0.0,0.0,0.0,0.0,0.4768249988555908,0.3521852195262909
0.4851482510566711,0.1792068481445312,0.507998526096344,0.1526052057743072,0.4598793983459472,0.1503876596689224,0.5353705883026123,0.1833655089139938,0.4187597632408142,0.1825700849294662,0.5943127274513245,0.3453349471092224,0.3619312644004822,0.3648044764995575,0.7369967699050903,0.3417083621025085,0.2121621370315551,0.4393402934074402,0.8893734216690063,0.3050510585308075,0.0448824651539325,0.3315289616584778,0.5542802214622498,0.8679651021957397,0.3889371454715729,0.8539043664932251,0.0,0.0,0.0,0.0,0.0,0.0,0.0,0.0,0.4765499532222748,0.3530572354793548
0.4836666584014892,0.1798260509967804,0.5069869756698608,0.1533971279859542,0.458150565624237,0.1515059769153595,0.5347630381584167,0.1840171366930008,0.4179586768150329,0.1827204525470733,0.596187949180603,0.3456531465053558,0.3688380420207977,0.3625875115394592,0.73812335729599,0.3438047468662262,0.2355487495660781,0.4909349381923675,0.90281742811203,0.3011536300182342,0.1245626881718635,0.4291042983531952,0.5495277643203735,0.8796334862709045,0.3877459466457367,0.8555784821510315,0.0,0.0,0.0,0.0,0.0,0.0,0.0,0.0,0.4811801612377167,0.3535715937614441
0.4786848723888397,0.1794618517160415,0.5031836032867432,0.1544129699468612,0.4545557498931885,0.1510983556509018,0.5291227102279663,0.1875293552875518,0.4157780110836029,0.1829615831375122,0.5865485072135925,0.3487917482852936,0.3658921122550964,0.3650083541870117,0.7258203625679016,0.3439510464668274,0.2748432457447052,0.5652213096618652,0.9074430465698242,0.2999350428581238,0.2269098758697509,0.5127089619636536,0.5426493287086487,0.868080198764801,0.3794176280498504,0.8534292578697205,0.0,0.0,0.0,0.0,0.0,0.0,0.0,0.0,0.4762419164180755,0.3560609817504883
0.4776302278041839,0.1792907267808914,0.5014492273330688,0.1530806273221969,0.4529507756233215,0.1508398056030273,0.5278400182723999,0.1830761581659317,0.4130024313926697,0.1825901269912719,0.5962432622909546,0.3522368967533111,0.3534700274467468,0.374101459980011,0.7387774586677551,0.3428472578525543,0.278497964143753,0.6308912038803101,0.9180074334144592,0.2977069020271301,0.2723584473133087,0.5331135392189026,0.5431621670722961,0.8835280537605286,0.3780579268932342,0.8827428221702576,0.0,0.0,0.0,0.0,0.0,0.0,0.0,0.0,0.4751706123352051,0.3629549145698547
0.4843177795410156,0.1786914020776748,0.5072179436683655,0.1516667753458023,0.4582710266113281,0.150818720459938,0.5356159806251526,0.1829428672790527,0.4188404679298401,0.1841789782047271,0.5995815396308899,0.3473322987556457,0.3678825497627258,0.3702084720134735,0.7415862083435059,0.348016083240509,0.2494272738695144,0.5433127284049988,0.8912153840065002,0.3246260583400726,0.1671968251466751,0.4774414896965027,0.549390435218811,0.8677762746810913,0.3819722831249237,0.8673376441001892,0.0,0.0,0.0,0.0,0.0,0.0,0.0,0.0,0.4839533269405365,0.3595015704631805
0.4875677525997162,0.1769837886095047,0.5099475383758545,0.1505921930074691,0.4617851078510284,0.1503028571605682,0.5395336747169495,0.1816606521606445,0.423037976026535,0.1845483630895614,0.6041094064712524,0.3490296900272369,0.3703013360500335,0.3648238182067871,0.7391104698181152,0.3523201942443847,0.2343796491622924,0.4802629947662353,0.8896406888961792,0.325239360332489,0.0565782077610492,0.4214302003383636,0.5550218820571899,0.8684763312339783,0.390945702791214,0.8538474440574646,0.0,0.0,0.0,0.0,0.0,0.0,0.0,0.0,0.4867429435253143,0.3573789298534393
0.492709219455719,0.1784806996583938,0.5154941082000732,0.1544433832168579,0.4671046733856201,0.1513281613588333,0.5422952771186829,0.1866930276155471,0.4272914230823517,0.185701698064804,0.6045774817466736,0.3507776856422424,0.367372453212738,0.3665801584720611,0.74535071849823,0.3540391623973846,0.237575426697731,0.4863772392272949,0.8947567939758301,0.3283495903015136,0.0612095929682254,0.4122534692287445,0.5504900813102722,0.8810543417930603,0.3871235847473144,0.8547815680503845,0.0,0.0,0.0,0.0,0.0,0.0,0.0,0.0,0.4853508174419403,0.3593852818012237
0.487427681684494,0.1777118295431137,0.5098530650138855,0.152797669172287,0.4622350037097931,0.1516235917806625,0.5377164483070374,0.1855121403932571,0.4232223331928253,0.1857856810092926,0.6026755571365356,0.3510923981666565,0.3679188191890716,0.3665499687194824,0.74465411901474,0.3515715003013611,0.247726559638977,0.52596116065979,0.9083576798439026,0.323437362909317,0.1771657019853592,0.4396629333496094,0.5541083812713623,0.8669643998146057,0.3856888115406036,0.8666864037513733,0.0,0.0,0.0,0.0,0.0,0.0,0.0,0.0,0.4846502840518951,0.3595879375934601
0.4845741391181946,0.1805483549833297,0.5076741576194763,0.1544333398342132,0.4594424068927765,0.1526026427745819,0.5353294610977173,0.1855279356241226,0.4221636652946472,0.184588074684143,0.6000012159347534,0.3500497341156006,0.3626098036766052,0.3675654828548431,0.7382969856262207,0.3535870015621185,0.2459165602922439,0.5478450059890747,0.8898125290870667,0.3259612023830414,0.243337482213974,0.4411316812038421,0.5502299666404724,0.8825945854187012,0.3860270380973816,0.8833488821983337,0.0,0.0,0.0,0.0,0.0,0.0,0.0,0.0,0.4804067611694336,0.3589004576206207
0.4856337010860443,0.1826377660036087,0.5080516934394836,0.1549311131238937,0.4608976542949676,0.1526848971843719,0.537169873714447,0.1816677302122116,0.4237754642963409,0.1756233423948288,0.5995587110519409,0.3523828089237213,0.37295863032341,0.361347496509552,0.7414146661758423,0.3552562296390533,0.2582564949989319,0.5715018510818481,0.8902350664138794,0.3280484080314636,0.3049768507480621,0.4423780441284179,0.5449632406234741,0.8845447301864624,0.378424733877182,0.8841358423233032,0.0,0.0,0.0,0.0,0.0,0.0,0.0,0.0,0.4866996705532074,0.3565811812877655
0.4876708686351776,0.1809340566396713,0.5094980597496033,0.1530749350786209,0.4619506895542145,0.1535371840000152,0.5385388731956482,0.1820220202207565,0.4260273873806,0.1858697980642318,0.6025570631027222,0.3554803729057312,0.3602418303489685,0.3708395659923553,0.7391478419303894,0.3567948043346405,0.2534350454807281,0.6049166321754456,0.9042860269546508,0.3261664509773254,0.273599237203598,0.4491895139217376,0.5544782876968384,0.8825193047523499,0.3863759040832519,0.8808764219284058,0.0,0.0,0.0,0.0,0.0,0.0,0.0,0.0,0.4833820760250091,0.3648589551448822
0.4931122660636902,0.1819615066051483,0.5156859159469604,0.1561917066574096,0.4674680233001709,0.1540487259626388,0.5421126484870911,0.187495470046997,0.4287880957126617,0.1878784745931625,0.6056956648826599,0.3532667160034179,0.3690800666809082,0.3693880140781402,0.7433371543884277,0.3601313531398773,0.2630359828472137,0.5209829211235046,0.8934419751167297,0.3310166001319885,0.1973398178815841,0.4597797989845276,0.5556744337081909,0.8814259767532349,0.3867023587226867,0.8674883842468262,0.0,0.0,0.0,0.0,0.0,0.0,0.0,0.0,0.4894286096096039,0.3619153201580047
0.5001748204231262,0.1807823479175567,0.5245609283447266,0.1582835912704467,0.4742295444011688,0.1534899920225143,0.5487459897994995,0.1922699362039566,0.4344247281551361,0.1888951063156128,0.605044424533844,0.3561262786388397,0.3726111054420471,0.3702090680599212,0.7598037719726562,0.3588100075721741,0.242132693529129,0.4947311580181122,0.9167971611022948,0.3309246003627777,0.0584879890084266,0.4401907324790954,0.5542282462120056,0.8796691298484802,0.3877387046813965,0.8516689538955688,0.0,0.0,0.0,0.0,0.0,0.0,0.0,0.0,0.4888749122619629,0.3639919459819793
0.4979550540447235,0.1796536296606063,0.5218114256858826,0.1564422696828842,0.4719328582286834,0.1526073366403579,0.5468352437019348,0.1903487890958786,0.4335037767887115,0.1894761323928833,0.6113526225090027,0.356561005115509,0.3696694672107696,0.3691491782665252,0.7705172300338745,0.3557143807411194,0.2385273724794387,0.4798038303852081,0.9196879267692566,0.3320595622062683,0.0464536175131797,0.3560508787631988,0.5536653399467468,0.8808819651603699,0.3902892470359802,0.8541538119316101,0.0,0.0,0.0,0.0,0.0,0.0,0.0,0.0,0.4888204634189605,0.3641432225704193
0.4960504174232483,0.1804105341434478,0.5203142762184143,0.1561652272939682,0.4709006249904632,0.1525422632694244,0.5461652278900146,0.1887776553630828,0.4332347512245178,0.1870510876178741,0.6056579947471619,0.3591260313987732,0.3670116066932678,0.3686572015285492,0.7605873942375183,0.3600415885448456,0.2214672565460205,0.4527204632759094,0.8932437300682068,0.3431463539600372,0.169527381658554,0.3329238295555115,0.5561962127685547,0.8806996941566467,0.3899697661399841,0.8802906274795532,0.0,0.0,0.0,0.0,0.0,0.0,0.0,0.0,0.4864775836467743,0.3645956814289093
0.4944916069507599,0.1820913255214691,0.5190756916999817,0.1571607738733291,0.4702450633049011,0.1539600640535354,0.5452769994735718,0.1915137767791748,0.4360570311546325,0.1892336457967758,0.5989384651184082,0.3568606674671173,0.3705334961414337,0.3623451292514801,0.7454524636268616,0.3623668253421783,0.2157798707485199,0.4328031539916992,0.8922663331031799,0.3517555892467499,0.2515884935855865,0.2964735925197601,0.5484050512313843,0.8787670731544495,0.3873719871044159,0.8661061525344849,0.0,0.0,0.0,0.0,0.0,0.0,0.0,0.0,0.4827973544597626,0.3589932322502136
0.4982888698577881,0.1813342273235321,0.5230976939201355,0.1582462042570114,0.473823994398117,0.1542480438947677,0.5480098128318787,0.1946794539690017,0.4389644265174866,0.1909204274415969,0.5957886576652527,0.3599791824817657,0.3696103394031524,0.3530843555927276,0.7525225877761841,0.365800142288208,0.2279788553714752,0.4374004900455475,0.8984990119934082,0.3518009483814239,0.2848241925239563,0.2931673228740692,0.5456362366676331,0.8683052062988281,0.3823294043540954,0.8547771573066711,0.0,0.0,0.0,0.0,0.0,0.0,0.0,0.0,0.4794723093509674,0.3568698763847351
0.5022751092910767,0.1842521578073501,0.5266835689544678,0.1609107106924057,0.4770338535308838,0.1546473652124405,0.5488017797470093,0.1985681802034378,0.4388486742973327,0.1885880082845688,0.6003689169883728,0.361317902803421,0.3636564612388611,0.3641956746578216,0.7577348947525024,0.3682838380336761,0.2151843607425689,0.4096417725086212,0.8933588266372681,0.3561170101165771,0.2429384142160415,0.2690179646015167,0.5531198978424072,0.8811010718345642,0.3893415331840515,0.8687548041343689,0.0,0.0,0.0,0.0,0.0,0.0,0.0,0.0,0.4815532267093658,0.3628825843334198
0.5022372007369995,0.1825180947780609,0.5272496938705444,0.1599455028772354,0.477628082036972,0.1537509709596634,0.5517283082008362,0.1939512491226196,0.4384743571281433,0.1844972521066665,0.6047531366348267,0.3603494465351105,0.363027274608612,0.364372044801712,0.7584658265113831,0.3711178004741668,0.1739638596773147,0.3843114376068115,0.91643488407135,0.3533685207366943,0.173251137137413,0.2202143520116806,0.5545493960380554,0.8816156983375549,0.3880947232246399,0.8678870797157288,0.0,0.0,0.0,0.0,0.0,0.0,0.0,0.0,0.4842889308929443,0.3627301752567291
0.503846287727356,0.1793622076511383,0.5279742479324341,0.1570171564817428,0.4779987633228302,0.1514801681041717,0.5530632138252258,0.1894164383411407,0.4381664395332336,0.1836888641119003,0.6115735173225403,0.3566579520702362,0.3605756759643554,0.3533190786838531,0.763572633266449,0.371010959148407,0.1823378503322601,0.3325721621513366,0.9196367859840392,0.363185316324234,0.1270790994167328,0.1999645382165908,0.5562285780906677,0.8809865713119507,0.3859471976757049,0.8686637282371521,0.0,0.0,0.0,0.0,0.0,0.0,0.0,0.0,0.4861422181129455,0.3539728820323944
0.5023276209831238,0.1791446208953857,0.5268977880477905,0.1566623747348785,0.4767675995826721,0.1502834111452102,0.5515380501747131,0.1915040463209152,0.4380913376808166,0.1825517266988754,0.6053985953330994,0.3562828600406647,0.3628822267055511,0.3528026044368744,0.7880505323410034,0.3808916509151459,0.1805619895458221,0.3449523448944092,0.9299935698509216,0.3875549137592315,0.0929308459162712,0.1685444861650467,0.5567092895507812,0.8691120743751526,0.3879848122596741,0.8674687743186951,0.0,0.0,0.0,0.0,0.0,0.0,0.0,0.0,0.4851128458976745,0.354275643825531
0.4970639646053314,0.1777665615081787,0.521346390247345,0.1537431478500366,0.4718585610389709,0.1497333794832229,0.548060417175293,0.1883614808320999,0.4343172907829284,0.1857691705226898,0.5992830991744995,0.356648713350296,0.3624003827571869,0.358107179403305,0.7611991763114929,0.3904750943183899,0.1819199323654174,0.350621610879898,0.9208284020423888,0.4190409779548645,0.0681953057646751,0.1448889523744583,0.5563942193984985,0.8810883164405823,0.3874491751194,0.8674065470695496,0.0,0.0,0.0,0.0,0.0,0.0,0.0,0.0,0.479342520236969,0.3561884462833404
0.4912977218627929,0.178915649652481,0.5138131976127625,0.152709349989891,0.4661854803562164,0.1515289396047592,0.5424310564994812,0.1851902157068252,0.4297515749931335,0.1859157830476761,0.5939555168151855,0.3545569479465484,0.3622730374336242,0.359168142080307,0.7566273808479309,0.3927718102931976,0.1738269627094268,0.3729916512966156,0.9231629371643066,0.4217390120029449,0.1482510268688202,0.2369904369115829,0.5541166067123413,0.8658644556999207,0.3879058063030243,0.8541577458381653,0.0,0.0,0.0,0.0,0.0,0.0,0.0,0.0,0.4762693345546722,0.3565559983253479
0.4847898781299591,0.1800196915864944,0.507298469543457,0.1510889232158661,0.4590788185596466,0.1507638841867447,0.5364586114883423,0.1828377991914749,0.4203952848911285,0.1830200403928756,0.59453284740448,0.3550462126731872,0.3523803651332855,0.3612515926361084,0.7586098909378052,0.3934931457042694,0.1820158511400222,0.3876590430736542,0.9332653880119324,0.4186165928840637,0.2229454666376114,0.2368357181549072,0.5528512001037598,0.8674792647361755,0.3839376270771026,0.8547040820121765,0.0,0.0,0.0,0.0,0.0,0.0,0.0,0.0,0.4723609387874603,0.3576836884021759
0.4838196635246277,0.1779229640960693,0.5068666934967041,0.1503807157278061,0.4589934051036834,0.1510124206542968,0.536864697933197,0.1837162971496582,0.4261844754219055,0.185653418302536,0.585542619228363,0.3534636199474334,0.3652214705944061,0.3563211858272552,0.7544129490852356,0.3953046798706054,0.2075952142477035,0.411356121301651,0.933193862438202,0.4184239208698272,0.2685971558094024,0.2438005208969116,0.5475055575370789,0.8662558794021606,0.3840047419071197,0.8547416925430298,0.0,0.0,0.0,0.0,0.0,0.0,0.0,0.0,0.4722194969654083,0.354405403137207
0.4879921376705169,0.1785969287157058,0.5101538300514221,0.1515862941741943,0.4625475406646728,0.1507328599691391,0.5385190844535828,0.1851193755865097,0.4246277511119842,0.1842373311519622,0.5880294442176819,0.3557975590229034,0.3608891069889068,0.3619103729724884,0.7593979835510254,0.401614248752594,0.18510402739048,0.3991870880126953,0.9207484126091005,0.4239291548728943,0.2042769342660904,0.2419444173574447,0.5472555160522461,0.880847156047821,0.3822722136974334,0.8671079874038696,0.0,0.0,0.0,0.0,0.0,0.0,0.0,0.0,0.4737532138824463,0.3589110672473907
0.4966307580471039,0.1785981804132461,0.5215898752212524,0.1540800184011459,0.4721483290195465,0.1491459608078003,0.547889769077301,0.1886688023805618,0.4337063133716583,0.1832306534051895,0.5948543548583984,0.3596695065498352,0.363675445318222,0.3589810729026794,0.7609768509864807,0.4062798917293548,0.1704537868499755,0.3806036412715912,0.9245624542236328,0.436382919549942,0.0754880160093307,0.2964307367801666,0.550676703453064,0.8655455708503723,0.3840513527393341,0.8530921936035156,0.0,0.0,0.0,0.0,0.0,0.0,0.0,0.0,0.4786214232444763,0.3575478196144104
0.4990386664867401,0.1789154857397079,0.5242903828620911,0.1556266993284225,0.4740769267082214,0.1493544727563858,0.5497475862503052,0.1906258165836334,0.434504359960556,0.1833504736423492,0.5979374051094055,0.3591661155223846,0.3603425621986389,0.354731798171997,0.7704547643661499,0.4063579142093658,0.168485090136528,0.3805021643638611,0.923595368862152,0.4348802864551544,0.0172069407999515,0.3274604678153991,0.5503062009811401,0.867898166179657,0.3852536976337433,0.8544186353683472,0.0,0.0,0.0,0.0,0.0,0.0,0.0,0.0,0.4794014394283294,0.3544996082782745
0.4954425692558288,0.177714928984642,0.5189982056617737,0.152658611536026,0.4702619016170501,0.1496418565511703,0.544386625289917,0.1851901561021804,0.4324137270450592,0.1841937750577926,0.5939039587974548,0.3563045561313629,0.3639484941959381,0.3639645278453827,0.7710784673690796,0.4008885324001312,0.2036615461111068,0.4251261055469513,0.9269245862960817,0.4240915477275848,0.0183581206947565,0.3609196841716766,0.5542753338813782,0.8831778764724731,0.3846908211708069,0.8811693787574768,0.0,0.0,0.0,0.0,0.0,0.0,0.0,0.0,0.4785556495189667,0.3596163094043731
0.4926112294197082,0.177407905459404,0.5150999426841736,0.1523393243551254,0.4670553505420685,0.1507183462381363,0.5418059229850769,0.1864513456821441,0.429766982793808,0.1889578998088836,0.5913015007972717,0.3552082180976867,0.3710666298866272,0.3647853434085846,0.7596414685249329,0.3988431394100189,0.2213531732559204,0.4435455203056335,0.9254278540611268,0.4221428334712982,0.0561572276055812,0.3401410281658172,0.5537101030349731,0.8799377083778381,0.3887310624122619,0.8556308150291443,0.0,0.0,0.0,0.0,0.0,0.0,0.0,0.0,0.4803580641746521,0.3580353260040283
0.4884098172187805,0.1760256588459015,0.5107678771018982,0.1509372889995575,0.4626651406288147,0.1506836414337158,0.5389355421066284,0.1845443546772003,0.4271388351917267,0.1876164823770523,0.5931189656257629,0.3563637137413025,0.3722498416900635,0.3650169372558594,0.7591233849525452,0.4037546217441559,0.2436154186725616,0.5112496018409729,0.9054094552993774,0.4256394803524017,0.2263839393854141,0.3804979622364044,0.5500585436820984,0.8811081051826477,0.3859650790691376,0.869905412197113,0.0,0.0,0.0,0.0,0.0,0.0,0.0,0.0,0.480450689792633,0.361405611038208
0.4897235929965973,0.1776903569698333,0.5122851133346558,0.1518140584230423,0.4644733965396881,0.151891142129898,0.5402787327766418,0.1862222105264663,0.4328355193138122,0.1905806064605713,0.5863934755325317,0.3555799424648285,0.3740033805370331,0.3607763350009918,0.756624698638916,0.4023326337337494,0.2598232626914978,0.5169639587402344,0.9188122153282166,0.4314868152141571,0.2814183831214905,0.3785906732082367,0.545483410358429,0.8832701444625854,0.3853241801261902,0.8695179224014282,0.0,0.0,0.0,0.0,0.0,0.0,0.0,0.0,0.4793503284454345,0.3589666187763214
0.4976685345172882,0.1793994605541229,0.5228753089904785,0.1565655469894409,0.4731006324291229,0.1513174027204513,0.5471912026405334,0.1916073113679886,0.4373603463172912,0.186183363199234,0.593985915184021,0.3567611873149872,0.3795643448829651,0.3641532361507416,0.7603010535240173,0.407183974981308,0.2383436113595962,0.5080068707466125,0.918981671333313,0.4347128868103027,0.2286744564771652,0.3636762201786041,0.5505475401878357,0.8826081156730652,0.3861271739006042,0.8814998269081116,0.0,0.0,0.0,0.0,0.0,0.0,0.0,0.0,0.4840632975101471,0.3598357737064361
0.5010839700698853,0.1782282888889312,0.5263711810112,0.1565803289413452,0.476184219121933,0.1504027694463729,0.5513154864311218,0.1905760318040847,0.4386501014232635,0.1826251596212387,0.599703848361969,0.3609242737293243,0.378875732421875,0.3646640479564667,0.7624374032020569,0.4084119796752929,0.2381593734025955,0.4756484925746918,0.9181522130966188,0.4365423321723938,0.1568026691675186,0.3605663180351257,0.553179919719696,0.8819393515586853,0.3875168859958648,0.8820919990539551,0.0,0.0,0.0,0.0,0.0,0.0,0.0,0.0,0.4899614751338959,0.3629860877990722
0.5045725107192993,0.1785407364368438,0.5285400748252869,0.1552506983280182,0.4801588654518127,0.1494411677122116,0.553575873374939,0.1873457133769989,0.4422600865364074,0.1776317507028579,0.6031306982040405,0.3608588576316833,0.3669191896915436,0.3651322424411773,0.7737953066825867,0.4073940217494964,0.1853633821010589,0.4045958220958709,0.9262402653694152,0.4361603856086731,0.0390898026525974,0.3089703023433685,0.5555463433265686,0.881621778011322,0.3863536417484283,0.8809881806373596,0.0,0.0,0.0,0.0,0.0,0.0,0.0,0.0,0.4877271354198456,0.361364334821701
0.5047977566719055,0.1795204728841781,0.5294689536094666,0.155163437128067,0.4802895486354828,0.1500326842069625,0.5551504492759705,0.1859995126724243,0.4419303834438324,0.1761727482080459,0.603904128074646,0.3623379170894623,0.3678714632987976,0.3644405007362366,0.7763360738754272,0.4093033671379089,0.2008421123027801,0.4158243834972381,0.9267420768737792,0.4382032752037048,0.0214465763419866,0.3046600222587585,0.5574113130569458,0.8820909261703491,0.3873839676380157,0.8813756108283997,0.0,0.0,0.0,0.0,0.0,0.0,0.0,0.0,0.4878457486629486,0.3614577949047088
0.5005872845649719,0.1775323003530502,0.5258448719978333,0.1559629291296005,0.4761066138744354,0.1493727415800094,0.5508458614349365,0.1900603473186493,0.4390083849430084,0.1789906173944473,0.5977412462234497,0.3588607609272003,0.3807023465633392,0.3609202802181244,0.7618054747581482,0.408973753452301,0.2471037954092025,0.487267255783081,0.9182144999504088,0.4363110065460205,0.1877450793981552,0.3636299073696136,0.5536360144615173,0.8815188407897949,0.388190895318985,0.8828198313713074,0.0,0.0,0.0,0.0,0.0,0.0,0.0,0.0,0.4878446161746979,0.3601627647876739
0.4986839294433594,0.1771824210882187,0.5243131518363953,0.1551848351955413,0.4737162590026855,0.149392157793045,0.5492255091667175,0.1924043446779251,0.4380602240562439,0.1870357245206833,0.5957031846046448,0.3599204123020172,0.3807337284088135,0.3611422479152679,0.7608464956283569,0.4067084193229675,0.2462979406118393,0.5019187331199646,0.9192348718643188,0.436710774898529,0.2652497291564941,0.3695683479309082,0.5489491820335388,0.8849043250083923,0.3862579762935638,0.8700823783874512,0.0,0.0,0.0,0.0,0.0,0.0,0.0,0.0,0.4857130646705627,0.3605106174945831
0.4994459748268127,0.1773978620767593,0.5246582627296448,0.1549279540777206,0.4752122759819031,0.1487541943788528,0.5490019917488098,0.1923617124557495,0.4399341940879822,0.1862977445125579,0.594655454158783,0.3589910864830017,0.3785064220428467,0.3608519434928894,0.7703214883804321,0.4130407273769378,0.2383630722761154,0.4911668002605438,0.923316776752472,0.4400240480899811,0.2589580118656158,0.3676250278949737,0.548355758190155,0.8812518119812012,0.3850119411945343,0.8681082129478455,0.0,0.0,0.0,0.0,0.0,0.0,0.0,0.0,0.4846732318401336,0.3594688773155212
0.5010853409767151,0.1765204817056656,0.5263078212738037,0.1543711274862289,0.4765082895755768,0.1474099457263946,0.5515772104263306,0.1879804879426956,0.4392682611942291,0.1759500652551651,0.5976688265800476,0.3589618802070617,0.3795521557331085,0.3597511649131775,0.772255539894104,0.4150443375110626,0.2438585460186004,0.4901408851146698,0.9241419434547424,0.4424112439155578,0.1922964006662368,0.367623895406723,0.5489900708198547,0.8834133744239807,0.3843296468257904,0.8814669847488403,0.0,0.0,0.0,0.0,0.0,0.0,0.0,0.0,0.4869635701179504,0.3595374226570129
0.5016971230506897,0.1765866428613662,0.5269623398780823,0.1539423018693924,0.4766784310340881,0.1473878920078277,0.5523366332054138,0.1877544820308685,0.439447820186615,0.1780885607004165,0.6000977158546448,0.3597222864627838,0.3739003837108612,0.364086389541626,0.7748507261276245,0.4119157493114471,0.2326338440179824,0.4451205432415008,0.92818021774292,0.4410511553287506,0.0957975313067436,0.3105225563049316,0.5506359338760376,0.8828277587890625,0.3848752081394195,0.8814329504966736,0.0,0.0,0.0,0.0,0.0,0.0,0.0,0.0,0.4882780015468597,0.3608869910240173
0.5020244121551514,0.1768220216035843,0.5267685651779175,0.1534490287303924,0.4771591126918793,0.146857738494873,0.5522332191467285,0.1879305094480514,0.4387941658496856,0.1779522001743316,0.601108193397522,0.3589048087596893,0.363672524690628,0.3625031411647796,0.7767869234085083,0.4088219702243805,0.170834943652153,0.3954224586486816,0.9284831285476683,0.4386605322360992,0.0089285718277096,0.3362731635570526,0.5538197159767151,0.8812743425369263,0.3860449194908142,0.8683558702468872,0.0,0.0,0.0,0.0,0.0,0.0,0.0,0.0,0.4836419224739074,0.358665257692337
0.5011323690414429,0.1762037575244903,0.5258547067642212,0.1535443067550659,0.4767484366893768,0.1459345072507858,0.5507633090019226,0.1877402514219284,0.4382770955562591,0.1747247725725174,0.5994635820388794,0.359555035829544,0.3598963320255279,0.3660054802894592,0.7744883894920349,0.4084899425506592,0.173857495188713,0.408245325088501,0.9212531447410583,0.4347815215587616,0.0089285718277096,0.3621113002300262,0.5540778040885925,0.8819771409034729,0.3847603797912597,0.8815152049064636,0.0,0.0,0.0,0.0,0.0,0.0,0.0,0.0,0.4799620807170868,0.3619073331356048
0.4971001148223877,0.1744103282690048,0.5216661095619202,0.1509826481342315,0.47209233045578,0.1454999148845672,0.5470024347305298,0.1859338283538818,0.4331782460212707,0.1793439239263534,0.5936529040336609,0.3545461595058441,0.3666582703590393,0.3622178733348846,0.7624880075454712,0.4015748798847198,0.2264486849308014,0.4474378526210785,0.9210225343704224,0.4324530065059662,0.0616446658968925,0.3304125964641571,0.5531817674636841,0.8804901838302612,0.3860410749912262,0.8682141304016113,0.0,0.0,0.0,0.0,0.0,0.0,0.0,0.0,0.479707807302475,0.3578705787658691
0.4891030788421631,0.1733078956604004,0.5131486058235168,0.148735761642456,0.4639269709587097,0.1457179933786392,0.539807140827179,0.183278203010559,0.4241103827953338,0.1812373250722885,0.593208372592926,0.3518939614295959,0.3692024648189544,0.3595055043697357,0.7725399732589722,0.4024448692798614,0.2309723943471908,0.4801872074604034,0.9254217743873596,0.4264988005161285,0.1758750230073928,0.3653730452060699,0.5504543781280518,0.8809036016464233,0.3874692320823669,0.881213366985321,0.0,0.0,0.0,0.0,0.0,0.0,0.0,0.0,0.4798712134361267,0.3555546700954437
0.4885642230510711,0.1737662255764007,0.5115275979042053,0.148048847913742,0.4632558226585388,0.1467426121234893,0.5374695062637329,0.1822386682033538,0.4276562333106994,0.1858070641756057,0.5859662890434265,0.349891185760498,0.3729097843170166,0.360062837600708,0.7684158682823181,0.3985016644001007,0.2251070886850357,0.4860830307006836,0.93805730342865,0.4239044189453125,0.2443761974573135,0.3621277809143066,0.5461221933364868,0.8799214363098145,0.3829758167266845,0.8682047128677368,0.0,0.0,0.0,0.0,0.0,0.0,0.0,0.0,0.4774038195610046,0.3536760210990906
0.4889910221099853,0.1733957678079605,0.5115317106246948,0.1470704078674316,0.463395744562149,0.1461803466081619,0.5384050011634827,0.1799734681844711,0.4260119795799255,0.1846076250076294,0.5960302948951721,0.3550983071327209,0.3676595687866211,0.3625308871269226,0.7608535885810852,0.3851134181022644,0.2245305925607681,0.4922079741954803,0.9053012132644652,0.4017391502857208,0.2526789307594299,0.3607117533683777,0.5484126806259155,0.8815816640853882,0.3860444724559784,0.8693706393241882,0.0,0.0,0.0,0.0,0.0,0.0,0.0,0.0,0.4791281819343567,0.3575167655944824
0.4890383780002594,0.1734002977609634,0.5119351148605347,0.1468659490346908,0.4627863764762878,0.145865336060524,0.539546549320221,0.1795285642147064,0.4258445799350738,0.1815036982297897,0.6025804877281189,0.354720801115036,0.3686611652374267,0.3633680939674377,0.7711905241012573,0.3685526251792907,0.2296330481767654,0.506822407245636,0.9018881916999816,0.3653998970985412,0.2135865837335586,0.3621259033679962,0.5564386248588562,0.8831892609596252,0.3880946040153503,0.8833345174789429,0.0,0.0,0.0,0.0,0.0,0.0,0.0,0.0,0.4842889606952667,0.3587427735328674
0.4906102120876312,0.1738902330398559,0.5136657953262329,0.1478024423122406,0.4652170538902282,0.1460566818714141,0.5420740246772766,0.1815311163663864,0.4266175925731659,0.1834651529788971,0.6025694608688354,0.3515758216381073,0.3678017258644104,0.3673129975795746,0.7423005104064941,0.3531094193458557,0.23081836104393,0.4731486737728119,0.8984818458557129,0.3471855819225311,0.132532000541687,0.3487522900104522,0.5582090020179749,0.8823795318603516,0.3944318294525146,0.883977472782135,0.0,0.0,0.0,0.0,0.0,0.0,0.0,0.0,0.4864740669727325,0.3609843552112579
0.4905017018318176,0.1745309978723526,0.5133118033409119,0.1478229612112045,0.4656517505645752,0.1458189785480499,0.5419672727584839,0.1810834109783172,0.4268116354942322,0.1812600344419479,0.6048892736434937,0.3479691445827484,0.3648434579372406,0.3638482391834259,0.7432772517204285,0.3500771522521972,0.2043457925319671,0.4264881014823913,0.8910420536994934,0.3373857140541076,0.0213752426207065,0.3287018239498138,0.5592780113220215,0.8809865713119507,0.390104204416275,0.8818886876106262,0.0,0.0,0.0,0.0,0.0,0.0,0.0,0.0,0.4873475134372711,0.3545491993427276
0.4872283935546875,0.1740810871124267,0.5097604393959045,0.146186277270317,0.4610562324523926,0.1464568227529525,0.5386133790016174,0.1757461130619049,0.4228257834911346,0.1813161373138427,0.6014270782470703,0.3483135104179382,0.3652068674564361,0.3670187294483185,0.7431749105453491,0.3546142280101776,0.2230327129364013,0.453436940908432,0.8892124891281128,0.3486287295818329,0.0614314898848533,0.3197928071022033,0.5570170283317566,0.8666345477104187,0.3912129998207092,0.8558987379074097,0.0,0.0,0.0,0.0,0.0,0.0,0.0,0.0,0.4852246642112732,0.3574960827827453
0.4800842702388763,0.1734763085842132,0.5044381618499756,0.146339014172554,0.4554896354675293,0.1471903473138809,0.5347057580947876,0.1771414428949356,0.4194797873497009,0.1811472475528717,0.5968700051307678,0.3479368686676025,0.3700970709323883,0.3628111481666565,0.7429285645484924,0.3607896268367767,0.2352519184350967,0.492387980222702,0.9044324159622192,0.3540161550045013,0.1705934107303619,0.3726955056190491,0.5527186989784241,0.8688756227493286,0.3892043232917785,0.8676129579544067,0.0,0.0,0.0,0.0,0.0,0.0,0.0,0.0,0.4825984537601471,0.3550541400909424
0.4790613651275635,0.1730780750513076,0.5034903287887573,0.1464560031890869,0.455310583114624,0.146531343460083,0.5323485136032104,0.1800108850002288,0.4206088185310364,0.1812352389097213,0.5983709692955017,0.3512906432151794,0.3684906661510467,0.3650234639644623,0.745488166809082,0.3621102273464203,0.237024039030075,0.512420654296875,0.9022794365882874,0.3560117185115814,0.2638804018497467,0.3808243572711944,0.5489149689674377,0.8805869817733765,0.3872678279876709,0.8684496283531189,0.0,0.0,0.0,0.0,0.0,0.0,0.0,0.0,0.4811083376407623,0.3568324148654938
0.4798644185066223,0.1712949424982071,0.5047522783279419,0.1433908194303512,0.4563820362091064,0.1444320976734161,0.5355652570724487,0.1756771951913833,0.4243932068347931,0.177991047501564,0.5971050262451172,0.3523463308811188,0.3664093613624573,0.3624804317951202,0.746345043182373,0.364623099565506,0.2384016960859298,0.5218884348869324,0.9221887588500975,0.3665222823619842,0.2740664184093475,0.3812815546989441,0.5475665926933289,0.8821690678596497,0.3848235011100769,0.8709126114845276,0.0,0.0,0.0,0.0,0.0,0.0,0.0,0.0,0.4798297584056854,0.3580450713634491
0.4846275448799133,0.1708778291940689,0.5079296231269836,0.14370958507061,0.4602177441120147,0.1430462896823883,0.5387734770774841,0.1737651079893112,0.4263102114200592,0.1746982187032699,0.6015039682388306,0.354000985622406,0.368150919675827,0.3665704727172851,0.7558680176734924,0.3703061640262604,0.2348125874996185,0.5062528252601624,0.9054661393165588,0.3751596510410309,0.2129041701555252,0.3695512413978576,0.555142343044281,0.8817723393440247,0.3874278962612152,0.88144451379776,0.0,0.0,0.0,0.0,0.0,0.0,0.0,0.0,0.4827349781990051,0.3597975671291351
0.4908330738544464,0.1715270727872848,0.5139796137809753,0.1447039991617202,0.4662811458110809,0.1439281553030014,0.5434233546257019,0.1791696399450302,0.431203544139862,0.1796184033155441,0.6016520261764526,0.3547625243663788,0.3724386692047119,0.3670410513877868,0.7630495429039001,0.3731837570667267,0.2318776696920395,0.4686590135097503,0.920361578464508,0.3871237337589264,0.1310398131608963,0.3494984209537506,0.553413987159729,0.88246089220047,0.3849339485168457,0.8831418752670288,0.0,0.0,0.0,0.0,0.0,0.0,0.0,0.0,0.4865899980068207,0.3615474998950958
0.4991777241230011,0.1686929166316986,0.5233114957809448,0.1457536220550537,0.4744667112827301,0.1404158324003219,0.550219714641571,0.1816382110118866,0.4364306330680847,0.1755797713994979,0.6044202446937561,0.3536834716796875,0.360865443944931,0.3701438009738922,0.7570385336875916,0.3775649964809418,0.1852383315563202,0.4178574085235595,0.9096722602844238,0.3931401371955871,0.0168401580303907,0.3208509087562561,0.5605066418647766,0.8801932334899902,0.388275146484375,0.8806794285774231,0.0,0.0,0.0,0.0,0.0,0.0,0.0,0.0,0.4834071695804596,0.3625383377075195
0.499208003282547,0.1690930426120758,0.5231164693832397,0.1468274742364883,0.4739229381084442,0.1414465904235839,0.5483734607696533,0.1840997487306594,0.4358229339122772,0.1793712526559829,0.6007032990455627,0.3545991778373718,0.3684942126274109,0.3676870763301849,0.757451593875885,0.3794439733028412,0.2363256067037582,0.4666951298713684,0.9189761877059937,0.3986560404300689,0.0790851563215255,0.2976782917976379,0.5572496056556702,0.868751049041748,0.3870712220668793,0.8680683970451355,0.0,0.0,0.0,0.0,0.0,0.0,0.0,0.0,0.4835159480571747,0.3620516359806061
0.4928029477596283,0.1669427156448364,0.5157356262207031,0.142490342259407,0.4674757421016693,0.1395095884799957,0.5435643792152405,0.1808483451604843,0.4304962158203125,0.1786442250013351,0.6012912392616272,0.3535406589508056,0.3683032989501953,0.3637554347515106,0.7589524388313293,0.380578339099884,0.2380480319261551,0.4853786826133728,0.91961008310318,0.3983061611652374,0.1951960027217865,0.3684819340705871,0.5559133291244507,0.8695801496505737,0.3873991072177887,0.8692458868026733,0.0,0.0,0.0,0.0,0.0,0.0,0.0,0.0,0.4836918711662292,0.3602023720741272
0.4905607104301452,0.1639152020215988,0.5130479335784912,0.138536050915718,0.4658726751804352,0.1358926594257354,0.5402869582176208,0.1747765094041824,0.429792195558548,0.1716506034135818,0.5942126512527466,0.3538268506526947,0.3692778944969177,0.3631822168827057,0.7573280930519104,0.3834089636802673,0.2305226325988769,0.4768743813037872,0.9218916296958924,0.402299553155899,0.271131157875061,0.3487771153450012,0.5507787466049194,0.8695214986801147,0.3887186348438263,0.8672547340393066,0.0,0.0,0.0,0.0,0.0,0.0,0.0,0.0,0.4788877367973327,0.3585152924060821
0.4922064244747162,0.1656534522771835,0.5145893692970276,0.1403455436229705,0.4681028723716736,0.1370327621698379,0.5414251089096069,0.1792542040348053,0.4300324320793152,0.1732073128223419,0.594762921333313,0.3526668548583984,0.3716785907745361,0.3598098158836365,0.7566148042678833,0.3869183659553528,0.2340799272060394,0.4846573770046234,0.9212489128112792,0.406222403049469,0.2781828045845032,0.357177734375,0.551324725151062,0.8815670013427734,0.3882330358028412,0.8814164996147156,0.0,0.0,0.0,0.0,0.0,0.0,0.0,0.0,0.480821281671524,0.3549191951751709
0.4983572959899902,0.1657746583223343,0.5204929709434509,0.1431028097867965,0.4735983312129974,0.138295367360115,0.5446810126304626,0.1774009615182876,0.4376756846904754,0.174073189496994,0.5994461178779602,0.3552451133728027,0.3722955882549286,0.3639003336429596,0.7562413811683655,0.3877430558204651,0.2336625754833221,0.4738414287567138,0.9096808433532716,0.4081964790821075,0.219785451889038,0.3512487709522247,0.5542018413543701,0.8822309374809265,0.3877734541893005,0.8691450357437134,0.0,0.0,0.0,0.0,0.0,0.0,0.0,0.0,0.4847490489482879,0.359521210193634
0.5011491775512695,0.1681814342737198,0.5244993567466736,0.1461976915597915,0.4762559533119201,0.1395125240087509,0.549281895160675,0.1822386085987091,0.4374607503414154,0.1749611347913742,0.5988197922706604,0.3559109270572662,0.364932507276535,0.3696879744529724,0.7559364438056946,0.3873573243618011,0.2221098840236663,0.4390129446983337,0.919899582862854,0.4128836691379547,0.091315284371376,0.3070326149463653,0.5568122267723083,0.8810610771179199,0.3878758251667022,0.8806825280189514,0.0,0.0,0.0,0.0,0.0,0.0,0.0,0.0,0.4832000732421875,0.3642211258411407
0.5018652677536011,0.1672643423080444,0.525497317314148,0.1458207219839096,0.4767959713935852,0.1386143267154693,0.5497761368751526,0.1824545711278915,0.4367435872554779,0.1724339872598648,0.6018968224525452,0.3557508587837219,0.3613494336605072,0.3674138486385345,0.7608016729354858,0.3884853720664978,0.1739110648632049,0.4031651616096496,0.9169074296951294,0.4090124666690826,0.0167040713131427,0.3230531215667724,0.5576825737953186,0.8680543899536133,0.3889528810977936,0.8680837750434875,0.0,0.0,0.0,0.0,0.0,0.0,0.0,0.0,0.4819173216819763,0.3616746962070465
0.5008412003517151,0.1686114519834518,0.5236397981643677,0.1459870636463165,0.4759081900119781,0.1390619426965713,0.5469436049461365,0.1829649209976196,0.4358567297458648,0.1728619188070297,0.6001502275466919,0.3584933578968048,0.3596529066562652,0.3718350231647491,0.7577995657920837,0.3879263699054718,0.1879618614912033,0.4198009073734283,0.9105362296104432,0.4126742482185364,0.0178546868264675,0.3219985365867615,0.5565150380134583,0.8814825415611267,0.3855831921100616,0.8818742036819458,0.0,0.0,0.0,0.0,0.0,0.0,0.0,0.0,0.4805116057395935,0.3656063377857208
0.4942504465579986,0.1711951047182083,0.5170501470565796,0.1456550806760788,0.4695308208465576,0.1420834362506866,0.5431099534034729,0.1807024925947189,0.4309095442295074,0.1789751499891281,0.5958973169326782,0.3584504723548889,0.3669585883617401,0.3674468100070953,0.7428464293479919,0.3878512680530548,0.2320820838212967,0.4647766649723053,0.9068751335144044,0.410612553358078,0.1002032682299614,0.2988530695438385,0.5535038709640503,0.8810438513755798,0.3881370723247528,0.8684865832328796,0.0,0.0,0.0,0.0,0.0,0.0,0.0,0.0,0.480884850025177,0.3633496761322021
0.4850883185863495,0.1704541444778442,0.5087920427322388,0.1445137709379196,0.4617027640342712,0.1409456431865692,0.5365940928459167,0.1780762374401092,0.4257062077522278,0.1734640896320343,0.5940669178962708,0.3528593480587005,0.3648228943347931,0.3633638322353363,0.7435078620910645,0.3870907723903656,0.2159022241830825,0.4505413472652435,0.9034661650657654,0.4099478125572204,0.2205362319946289,0.3295173048973083,0.5484203696250916,0.881069540977478,0.3846261203289032,0.8684574961662292,0.0,0.0,0.0,0.0,0.0,0.0,0.0,0.0,0.4763062298297882,0.3563304245471954
0.4838926792144775,0.1718784272670745,0.5072091817855835,0.1455817222595214,0.4590061604976654,0.1423963159322738,0.5342150926589966,0.1798570901155471,0.4181168973445892,0.1738236844539642,0.585551917552948,0.3517268002033233,0.3634392619132995,0.3598988354206085,0.745545506477356,0.3908905982971191,0.2334187030792236,0.4594726860523224,0.9051157832145692,0.412383884191513,0.3037798404693603,0.3145337402820587,0.5447414517402649,0.8792545199394226,0.380274087190628,0.868806004524231,0.0,0.0,0.0,0.0,0.0,0.0,0.0,0.0,0.4714851379394531,0.3554273247718811
0.4847728908061981,0.1700106710195541,0.5088923573493958,0.1438000947237014,0.4605575501918793,0.1408393830060959,0.5372694134712219,0.1786137968301773,0.4243887364864349,0.1753362566232681,0.5911744236946106,0.3538334369659424,0.3674760162830353,0.3600662052631378,0.7455834746360779,0.3920283317565918,0.2252114713191986,0.4402512907981872,0.9027212262153624,0.414933443069458,0.2759020030498504,0.3093304932117462,0.547203540802002,0.8819593191146851,0.3830487430095672,0.8691897988319397,0.0,0.0,0.0,0.0,0.0,0.0,0.0,0.0,0.4754869341850281,0.3552358150482178
0.4909439980983734,0.1722737252712249,0.5145019292831421,0.1477524489164352,0.4675244390964508,0.1420765519142151,0.5402978658676147,0.1834713965654373,0.4292349815368652,0.1743037402629852,0.5926873087882996,0.354607880115509,0.3650422096252441,0.3641955554485321,0.7600723505020142,0.3938407599925995,0.2163164466619491,0.4410085380077362,0.9238468408584596,0.4214970171451568,0.1792822033166885,0.3304345607757568,0.5502098202705383,0.8802248239517212,0.3857303261756897,0.8685787916183472,0.0,0.0,0.0,0.0,0.0,0.0,0.0,0.0,0.4768533706665039,0.3602053523063659
0.4970571994781494,0.1709477454423904,0.520875096321106,0.1477840989828109,0.4724340438842773,0.1421058177947998,0.5450823307037354,0.184034377336502,0.4341542422771454,0.1778816431760788,0.5946340560913086,0.3549457490444183,0.3618426918983459,0.3623802661895752,0.7594720721244812,0.3958194255828857,0.170453205704689,0.3857726752758026,0.9209991693496704,0.4222086369991302,0.0594297684729099,0.2629965841770172,0.5493542551994324,0.8693915009498596,0.3831460773944855,0.8650134205818176,0.0,0.0,0.0,0.0,0.0,0.0,0.0,0.0,0.4780870378017425,0.3576251566410064
0.4974073767662048,0.1717272996902465,0.5220257639884949,0.1483006179332733,0.4730952382087707,0.1421672850847244,0.5476526618003845,0.1843944638967514,0.4339363873004913,0.174926295876503,0.5935174822807312,0.3526448905467987,0.352217823266983,0.3455640375614166,0.7585962414741516,0.3927064538002014,0.1534487158060073,0.3508730232715606,0.9205094575881958,0.4217742383480072,0.0089285718277096,0.3223237693309784,0.5528889298439026,0.8690075874328613,0.3806536197662353,0.8681963682174683,0.0,0.0,0.0,0.0,0.0,0.0,0.0,0.0,0.4728794395923614,0.3485872745513916
0.4975518584251404,0.171903371810913,0.5222955942153931,0.1482818275690078,0.4732160270214081,0.1417278945446014,0.5478096008300781,0.1835262924432754,0.4344037175178528,0.1734759360551834,0.5962567925453186,0.3536355793476105,0.3487505316734314,0.3517680764198303,0.7633983492851257,0.3927296698093414,0.1492904275655746,0.3693725168704986,0.9241319298744202,0.4222481548786163,0.0089285718277096,0.3618752062320709,0.5507479310035706,0.8813435435295105,0.380636066198349,0.8689424395561218,0.0,0.0,0.0,0.0,0.0,0.0,0.0,0.0,0.4739277064800262,0.3520567715167999
0.4927288591861725,0.172771617770195,0.5167624950408936,0.1479640156030655,0.4681766629219055,0.1440337598323822,0.5440502762794495,0.1833826005458831,0.4305105805397033,0.179112821817398,0.5965755581855774,0.3554061949253082,0.3631239831447601,0.3610484004020691,0.7593904733657837,0.3920172750949859,0.1850706189870834,0.4036977887153625,0.919338881969452,0.4216553568840027,0.0089285718277096,0.3628489971160888,0.5525520443916321,0.8658573031425476,0.3868270218372345,0.8544266819953918,0.0,0.0,0.0,0.0,0.0,0.0,0.0,0.0,0.4793791472911834,0.357273668050766
0.484116792678833,0.1722472012042999,0.5079678893089294,0.1464361697435379,0.4605562686920166,0.1460271179676056,0.5391408801078796,0.1799582242965698,0.426664799451828,0.1813521385192871,0.5878227353096008,0.3508141338825226,0.3723668158054352,0.3615154922008514,0.7459229826927185,0.3927651345729828,0.2271453142166137,0.4698222577571869,0.920357882976532,0.4207591414451599,0.1307591050863266,0.3430859446525574,0.5511826872825623,0.8694059252738953,0.3895958960056305,0.8684635162353516,0.0,0.0,0.0,0.0,0.0,0.0,0.0,0.0,0.4823339879512787,0.3548424541950226
0.4836125075817108,0.1734637320041656,0.507721483707428,0.1472409069538116,0.4600260853767395,0.1461687237024307,0.5380247235298157,0.1817753612995147,0.4275148510932922,0.1814886778593063,0.5869375467300415,0.3495844900608063,0.3723959922790527,0.3614497184753418,0.7711553573608398,0.400806725025177,0.2289801985025406,0.5050815343856812,0.9230793118476868,0.422022134065628,0.2267450541257858,0.3497466146945953,0.5461129546165466,0.8691313862800598,0.3838964402675628,0.8662483096122742,0.0,0.0,0.0,0.0,0.0,0.0,0.0,0.0,0.4772821366786957,0.3543809354305267
0.4864831864833832,0.1730956584215164,0.5104909539222717,0.1482171565294265,0.4623909592628479,0.1476438790559768,0.5414685010910034,0.1840767860412597,0.4321650862693786,0.1843205392360687,0.5861266255378723,0.3511350750923157,0.3789458870887756,0.3565868735313415,0.7568662762641907,0.4028144180774688,0.2299969643354416,0.4924438297748565,0.9236950874328612,0.4284219741821289,0.2517298758029938,0.3501335978507995,0.5430755019187927,0.8817921280860901,0.3809932768344879,0.8700647354125977,0.0,0.0,0.0,0.0,0.0,0.0,0.0,0.0,0.4796830117702484,0.3527970016002655
0.4963175356388092,0.1755803078413009,0.5223256945610046,0.152761623263359,0.4719786942005157,0.1466848105192184,0.5487390756607056,0.1888173967599868,0.4347289204597473,0.1785575300455093,0.5932442545890808,0.353994756937027,0.371797502040863,0.3626128137111664,0.7704246640205383,0.4056455492973327,0.2245487719774246,0.4653204083442688,0.9240174293518066,0.4331631958484649,0.1616355925798416,0.334428071975708,0.5490766167640686,0.8811824917793274,0.3865716755390167,0.883017361164093,0.0,0.0,0.0,0.0,0.0,0.0,0.0,0.0,0.4811168015003204,0.3594725430011749
0.500613808631897,0.1763858646154403,0.5258176922798157,0.1539220511913299,0.4761312007904053,0.1473363190889358,0.5505871176719666,0.1885139197111129,0.4376873672008514,0.177023634314537,0.5981968641281128,0.3551682531833648,0.3648541569709778,0.3626065552234649,0.7752100229263306,0.4043319225311279,0.1936206072568893,0.4061910212039947,0.9230004549026488,0.4306683540344238,0.0635747164487838,0.3135711252689361,0.5567577481269836,0.8825796246528625,0.3860398232936859,0.8831872940063477,0.0,0.0,0.0,0.0,0.0,0.0,0.0,0.0,0.4832424223423004,0.3582675755023956
0.5016303658485413,0.1745334714651107,0.5263441205024719,0.1531338393688202,0.4769153892993927,0.1457427442073822,0.5514363646507263,0.1888749450445175,0.4381463825702667,0.1765205413103103,0.601296067237854,0.3548348844051361,0.3591117262840271,0.3524661064147949,0.7796186208724976,0.4022526144981384,0.0,0.0,0.9233645796775818,0.4258436560630798,0.0,0.0,0.5549100637435913,0.8804194331169128,0.3865018486976623,0.8675588369369507,0.0,0.0,0.0,0.0,0.0,0.0,0.0,0.0,0.4813962876796722,0.352599561214447
0.4996088147163391,0.1724256724119186,0.5240090489387512,0.1508718729019165,0.4755130708217621,0.1441627442836761,0.549933910369873,0.1871873289346695,0.4384825527667999,0.176070898771286,0.6002168655395508,0.3540009558200836,0.3661441206932068,0.3616952300071716,0.7744349241256714,0.3993001282215118,0.1859947293996811,0.4143440425395965,0.9256972074508668,0.4258053004741668,0.0182315204292535,0.3664300143718719,0.5599775910377502,0.8686124086380005,0.3904697895050049,0.8676982522010803,0.0,0.0,0.0,0.0,0.0,0.0,0.0,0.0,0.4855922758579254,0.3571772575378418
0.4927310943603515,0.173453614115715,0.518451988697052,0.1503246575593948,0.4691626727581024,0.1456004530191421,0.5457061529159546,0.1865001916885376,0.4339151978492737,0.1820251494646072,0.5965628623962402,0.3526345193386078,0.3743818402290344,0.3630816638469696,0.7751327157020569,0.3963336646556854,0.2310481816530227,0.4747818112373352,0.9410199522972108,0.4254522025585174,0.1259821951389312,0.3480727970600128,0.5551838278770447,0.8660658597946167,0.3897986114025116,0.8534547686576843,0.0,0.0,0.0,0.0,0.0,0.0,0.0,0.0,0.4872347414493561,0.3574497103691101
0.4924472868442535,0.1729852706193924,0.5179154276847839,0.150449201464653,0.4685380458831787,0.1461539566516876,0.5458166003227234,0.1872924715280532,0.4342805743217468,0.184898242354393,0.5964636206626892,0.3518093228340149,0.3779747486114502,0.3623034656047821,0.7747730016708374,0.3954360783100128,0.2375542968511581,0.4864227175712585,0.9395374059677124,0.4251318871974945,0.1553062349557876,0.3646810948848724,0.5563340783119202,0.8657385110855103,0.3938232362270355,0.8668177723884583,0.0,0.0,0.0,0.0,0.0,0.0,0.0,0.0,0.4875218272209167,0.3573833405971527
0.4970446228981018,0.1737652122974395,0.5227558016777039,0.1523216217756271,0.4730813801288605,0.1451805830001831,0.5482970476150513,0.1894669979810714,0.436114102602005,0.1785628348588943,0.5939903259277344,0.3525136411190033,0.3763499855995178,0.3655553460121155,0.7735425233840942,0.3988606631755829,0.2334974855184555,0.4829796254634857,0.939682960510254,0.4279088675975799,0.151275485754013,0.32917121052742,0.5554107427597046,0.8799172639846802,0.3894915282726288,0.883022665977478,0.0,0.0,0.0,0.0,0.0,0.0,0.0,0.0,0.4848766922950744,0.3594657778739929
0.4973002076148987,0.1729652732610702,0.5225754380226135,0.1514056473970413,0.4730548560619354,0.1450341045856475,0.5492729544639587,0.1886421144008636,0.4372982382774353,0.1819703578948974,0.5955191254615784,0.3522379100322723,0.3783678114414215,0.3619703948497772,0.7708863019943237,0.3990280628204345,0.2354146391153335,0.4741027355194092,0.9387472867965698,0.430660992860794,0.1409996896982193,0.3468309342861175,0.5580400824546814,0.8671050667762756,0.3943648934364319,0.8685844540596008,0.0,0.0,0.0,0.0,0.0,0.0,0.0,0.0,0.4871080815792084,0.3562641143798828
0.4997896552085876,0.1737211793661117,0.5252621173858643,0.1516211777925491,0.4756833612918854,0.1443454176187515,0.5512130260467529,0.1867263317108154,0.4383707344532013,0.1745285540819168,0.6003739237785339,0.3551406860351562,0.3666392266750335,0.3662305474281311,0.77381432056427,0.4019924700260162,0.2091655880212783,0.4254372119903564,0.9229512810707092,0.4275915920734405,0.0442538000643253,0.3235898017883301,0.5580077171325684,0.8825907707214355,0.3900095820426941,0.8810917139053345,0.0,0.0,0.0,0.0,0.0,0.0,0.0,0.0,0.4853975176811218,0.3607721626758575
0.5011247396469116,0.1744011491537094,0.5263851284980774,0.1524423211812973,0.4768518507480621,0.1446693688631057,0.5517772436141968,0.1880040615797042,0.4387121498584747,0.1744621694087982,0.601055920124054,0.3554940521717071,0.363384485244751,0.3680739998817444,0.777807354927063,0.4017604291439056,0.1746178716421127,0.4218937456607818,0.923811137676239,0.4283650815486908,0.0089285718277096,0.3857832849025726,0.5577455759048462,0.881515383720398,0.3880530893802643,0.8810496926307678,0.0,0.0,0.0,0.0,0.0,0.0,0.0,0.0,0.4838819205760956,0.3624535501003265
0.4964511096477508,0.1738862842321396,0.5217249393463135,0.1508936136960983,0.4722309410572052,0.1452696323394775,0.5481307506561279,0.1869325339794159,0.4349935352802276,0.1786302477121353,0.5953961610794067,0.35275998711586,0.3698552548885345,0.367447555065155,0.7577637434005737,0.3921324908733368,0.2302387952804565,0.4412241280078888,0.9244466423988342,0.4211536347866058,0.0,0.0,0.5583258271217346,0.8810229301452637,0.3907847702503204,0.8675036430358887,0.0,0.0,0.0,0.0,0.0,0.0,0.0,0.0,0.4828884899616241,0.3597774505615234
0.4926309883594513,0.174154981970787,0.5188741087913513,0.151078850030899,0.4694334864616394,0.1456780433654785,0.5460750460624695,0.1872196495532989,0.4341666996479034,0.1788473427295684,0.5974298119544983,0.3538916707038879,0.3718178570270538,0.3636999726295471,0.7628753781318665,0.3922123610973358,0.2259862571954727,0.4475594162940979,0.9367827773094176,0.4223115444183349,0.1589039117097854,0.3318981230258941,0.5588382482528687,0.8672312498092651,0.3950155079364776,0.8679832816123962,0.0,0.0,0.0,0.0,0.0,0.0,0.0,0.0,0.4856804311275482,0.3593077361583709
0.4951718747615814,0.1736178547143936,0.521116316318512,0.1509625166654586,0.4701720178127289,0.1461851298809051,0.5477627515792847,0.1869380623102188,0.4333546459674835,0.179433986544609,0.5966269373893738,0.3519344925880432,0.3700299561023712,0.3614379465579986,0.7770007848739624,0.4001101553440094,0.2174588739871978,0.4355428814888,0.93942791223526,0.4277842044830322,0.2023958712816238,0.2581807374954223,0.5570324063301086,0.8693080544471741,0.3911131024360657,0.8679364323616028,0.0,0.0,0.0,0.0,0.0,0.0,0.0,0.0,0.4835595786571502,0.3546950817108154
0.4984318315982818,0.175276905298233,0.5237449407577515,0.1527604907751083,0.474717915058136,0.1459979116916656,0.5495101809501648,0.1898125261068344,0.4399001896381378,0.1820061206817627,0.5978366136550903,0.3512693047523498,0.3768889307975769,0.3628656268119812,0.7736096382141113,0.4016220867633819,0.2187029123306274,0.4322746396064758,0.9382465481758118,0.4315213859081268,0.2327290028333664,0.2589813768863678,0.5562586188316345,0.8818663358688354,0.3893765807151794,0.8826438784599304,0.0,0.0,0.0,0.0,0.0,0.0,0.0,0.0,0.4878263771533966,0.3551318347454071
0.5009958148002625,0.1750325709581375,0.526724636554718,0.1540314853191375,0.4760864078998565,0.1461813151836395,0.5517718195915222,0.1902178674936294,0.4379495680332184,0.176992267370224,0.5988978147506714,0.3535439074039459,0.3767321109771728,0.357247918844223,0.7728018760681152,0.4044086337089538,0.2204653918743133,0.4398585259914398,0.9252085089683532,0.4323042035102844,0.1894737184047699,0.2956326603889465,0.5596276521682739,0.8685573935508728,0.3956647515296936,0.8681126832962036,0.0,0.0,0.0,0.0,0.0,0.0,0.0,0.0,0.4875679314136505,0.3551879227161407
0.5039396286010742,0.1737693846225738,0.5282076597213745,0.1522193998098373,0.4792134761810303,0.1461665630340576,0.5537288784980774,0.1863217502832412,0.4420284628868103,0.1775842010974884,0.6027880907058716,0.3559732437133789,0.371067076921463,0.3631815612316131,0.7746895551681519,0.4039153456687927,0.2256420105695724,0.4266203939914703,0.9259665608406068,0.4337076544761657,0.0,0.0,0.5595692992210388,0.8821366429328918,0.3953173458576202,0.8689894080162048,0.0,0.0,0.0,0.0,0.0,0.0,0.0,0.0,0.4895122945308685,0.3603965938091278
0.5082334280014038,0.1755457371473312,0.532153308391571,0.1537465304136276,0.4838535785675049,0.1470286101102829,0.5565795302391052,0.1880653798580169,0.4447493255138397,0.1769532859325409,0.6017749905586243,0.3545010983943939,0.3690665364265442,0.3605150878429413,0.775205671787262,0.4067849516868591,0.1870797425508499,0.3948691487312317,0.9386361837387084,0.439574271440506,0.0379730723798275,0.3288977742195129,0.5585831999778748,0.8827248215675354,0.3898591697216034,0.8802500367164612,0.0,0.0,0.0,0.0,0.0,0.0,0.0,0.0,0.4878308773040771,0.3560284674167633
0.5013388991355896,0.1760686933994293,0.5265921950340271,0.1543254852294922,0.4768996834754944,0.1475115120410919,0.5524114370346069,0.1888042688369751,0.4404943585395813,0.1771462112665176,0.6019620299339294,0.3539286255836487,0.3731463849544525,0.3635018169879913,0.7756942510604858,0.4029710292816162,0.2304063141345977,0.4367671012878418,0.9252825379371644,0.4310655891895294,0.0216159131377935,0.369089126586914,0.5618723630905151,0.8663068413734436,0.3926915526390075,0.8532514572143555,0.0,0.0,0.0,0.0,0.0,0.0,0.0,0.0,0.4897406101226806,0.3582618534564972
0.4981138408184051,0.175174206495285,0.5233715176582336,0.1541032940149307,0.4735819697380066,0.1484984010457992,0.5498722791671753,0.1888220459222793,0.4379604160785675,0.1827093511819839,0.5990244746208191,0.352538526058197,0.3816307485103607,0.3606823980808258,0.7723013758659363,0.4010452926158905,0.2454101741313934,0.4843594431877136,0.924555003643036,0.4272538721561432,0.1646148860454559,0.3950280845165252,0.555064857006073,0.8679265379905701,0.3910561203956604,0.8548699021339417,0.0,0.0,0.0,0.0,0.0,0.0,0.0,0.0,0.4909555912017822,0.356919914484024
0.4968657791614532,0.1750572174787521,0.5225816369056702,0.1537851989269256,0.4724661707878113,0.1477347165346145,0.5487985014915466,0.1904145628213882,0.4366848766803741,0.1831448227167129,0.5961645245552063,0.3522246181964874,0.3802717328071594,0.3625576198101043,0.7696423530578613,0.4027430117130279,0.2542361319065094,0.525953471660614,0.922508418560028,0.4314673840999603,0.238956481218338,0.3806779980659485,0.5535457730293274,0.8637284636497498,0.387637585401535,0.8545832633972168,0.0,0.0,0.0,0.0,0.0,0.0,0.0,0.0,0.4873185455799103,0.357994019985199
0.4969917833805084,0.175181359052658,0.523192286491394,0.1542832851409912,0.4728716909885406,0.1470337063074112,0.5483454465866089,0.1926098018884658,0.4376225471496582,0.1842475682497024,0.5953627824783325,0.3584739565849304,0.3801674544811249,0.3647058606147766,0.7584981322288513,0.4062809944152832,0.2703699767589569,0.5382801294326782,0.9211124777793884,0.4357305467128753,0.2748207151889801,0.3896732032299042,0.5507081747055054,0.8674484491348267,0.3877720534801483,0.8662484884262085,0.0,0.0,0.0,0.0,0.0,0.0,0.0,0.0,0.4862639605998993,0.3617704510688782
0.4987214207649231,0.175807923078537,0.5242953896522522,0.1549911350011825,0.4747042953968048,0.1479694545269012,0.5495485663414001,0.1932650953531265,0.4394181668758392,0.1835545599460601,0.5967914462089539,0.3566324412822723,0.380706638097763,0.3646797239780426,0.760912299156189,0.4076305329799652,0.2667182385921478,0.5325134992599487,0.9215479493141174,0.4409525096416473,0.275222897529602,0.3839554190635681,0.547543466091156,0.8679989576339722,0.3859173655509949,0.8659725189208984,0.0,0.0,0.0,0.0,0.0,0.0,0.0,0.0,0.4872549474239349,0.3612062335014343
0.5017939209938049,0.1757744550704956,0.527056097984314,0.1543867886066436,0.4774698913097381,0.1489946842193603,0.5537025332450867,0.1876648664474487,0.4418931603431701,0.1808145493268966,0.599973201751709,0.3565639555454254,0.383240133523941,0.3667053878307342,0.7770009636878967,0.4148032963275909,0.2473554164171219,0.4830383360385895,0.9290863275527954,0.4448411166667938,0.1715386658906936,0.3527555465698242,0.5547300577163696,0.8808445334434509,0.3891511559486389,0.8810588121414185,0.0,0.0,0.0,0.0,0.0,0.0,0.0,0.0,0.4915194511413574,0.3616129755973816
0.5067123770713806,0.1759466230869293,0.5315713882446289,0.1544834822416305,0.4828086793422699,0.147498533129692,0.5575612187385559,0.1903691589832306,0.4465385973453522,0.1769974380731582,0.6082842946052551,0.3597234785556793,0.3671884834766388,0.3689733147621155,0.7772769927978516,0.4136305451393127,0.1873954981565475,0.4046654105186462,0.9253201484680176,0.4427827000617981,0.0411678589880466,0.3140442669391632,0.5600575804710388,0.8822900056838989,0.3944002687931061,0.867475688457489,0.0,0.0,0.0,0.0,0.0,0.0,0.0,0.0,0.489835113286972,0.3640333712100982
0.5093098282814026,0.1768006086349487,0.5336758494377136,0.155419573187828,0.4848542213439941,0.1475274264812469,0.5578826069831848,0.19209885597229,0.4461815655231476,0.1796257942914962,0.6030279397964478,0.3563450276851654,0.3659148812294006,0.3612772524356842,0.7768721580505371,0.4099907279014587,0.1616950929164886,0.3845115303993225,0.9244012236595154,0.4395869076251983,0.0089285718277096,0.3606050610542297,0.5594670176506042,0.8834191560745239,0.3907047808170318,0.881674587726593,0.0,0.0,0.0,0.0,0.0,0.0,0.0,0.0,0.48667111992836,0.3586381077766418
0.50615394115448,0.17575404047966,0.5309725999832153,0.1548921167850494,0.4815359711647033,0.1472676992416381,0.5560125708580017,0.190674751996994,0.4433169662952423,0.1781822890043258,0.6088188290596008,0.358659029006958,0.3697766363620758,0.3663742542266845,0.7799475789070129,0.4082493484020233,0.2070505768060684,0.4266417622566223,0.937912940979004,0.4382607638835907,0.019795536994934,0.3399498164653778,0.559439480304718,0.8831360936164856,0.3910476267337799,0.8807565569877625,0.0,0.0,0.0,0.0,0.0,0.0,0.0,0.0,0.4901462197303772,0.3624961674213409
0.4999459683895111,0.1751706153154373,0.5249616503715515,0.1536201983690261,0.4754258692264557,0.1470318585634231,0.5508812069892883,0.187403604388237,0.4388615190982818,0.1782283782958984,0.6009827852249146,0.3524560928344726,0.3822855651378631,0.3650191128253937,0.7752997279167175,0.3997431695461273,0.2499636262655258,0.4803301692008972,0.9223913550376892,0.4285414814949035,0.1782662570476532,0.3669724762439728,0.5585260987281799,0.8805489540100098,0.3961128890514374,0.8819326162338257,0.0,0.0,0.0,0.0,0.0,0.0,0.0,0.0,0.4930203258991241,0.3586201071739197
0.4987135231494903,0.1756387948989868,0.5237841010093689,0.1532724797725677,0.4743029177188873,0.1473110169172287,0.5498747229576111,0.1883608102798462,0.4388109147548675,0.1834702938795089,0.6004300117492676,0.3525858521461487,0.3822112679481506,0.3674001693725586,0.7768848538398743,0.3917754590511322,0.2443636506795883,0.5191446542739868,0.937592089176178,0.4194543957710266,0.2344231605529785,0.3482966125011444,0.5565393567085266,0.8838033080101013,0.3885971903800964,0.882186770439148,0.0,0.0,0.0,0.0,0.0,0.0,0.0,0.0,0.4901910722255707,0.3605023026466369
0.5005648732185364,0.1743454933166504,0.5252434015274048,0.1535417586565017,0.4754954278469085,0.1464389115571975,0.5503384470939636,0.1903472989797592,0.4382388889789581,0.1827851086854934,0.605471134185791,0.3546278476715088,0.3825318515300751,0.3666311800479889,0.7736659646034241,0.3735564649105072,0.2406660318374633,0.5102671980857849,0.9185299873352052,0.3810803592205047,0.2376681715250015,0.3470761179924011,0.5598993897438049,0.8847389221191406,0.3911454677581787,0.8838589787483215,0.0,0.0,0.0,0.0,0.0,0.0,0.0,0.0,0.4934212565422058,0.359523594379425
0.5022706389427185,0.1760984510183334,0.5263360738754272,0.1519468873739242,0.4765467345714569,0.1471206396818161,0.5528258681297302,0.1834718137979507,0.4399063885211944,0.1774187237024307,0.6116060614585876,0.3513211607933044,0.381983608007431,0.3676156103610992,0.7578427195549011,0.3531565964221954,0.238202765583992,0.4663102328777313,0.907717227935791,0.3414619863033294,0.1358289420604705,0.3470564782619476,0.5651997327804565,0.881402313709259,0.3999864757061004,0.882168173789978,0.0,0.0,0.0,0.0,0.0,0.0,0.0,0.0,0.4974282085895538,0.3594875037670135
0.5029558539390564,0.1770597994327545,0.5269256234169006,0.1523913443088531,0.4771026074886322,0.1473330706357956,0.553202748298645,0.1826723963022232,0.4392893314361572,0.1758386641740799,0.6150957942008972,0.3498552739620209,0.3719246387481689,0.3711454570293426,0.7464591860771179,0.3490829169750213,0.2184316366910934,0.4313806593418121,0.904870867729187,0.3362429738044739,0.060467179864645,0.3235147893428802,0.5709001421928406,0.8681089282035828,0.4047176539897918,0.8803352117538452,0.0,0.0,0.0,0.0,0.0,0.0,0.0,0.0,0.4963262975215912,0.3597352504730224
0.5020565390586853,0.178772360086441,0.5256432294845581,0.1531061232089996,0.4767412543296814,0.1481396406888961,0.5512171983718872,0.1837257593870163,0.438643604516983,0.1762416064739227,0.6051972508430481,0.3512069284915924,0.3726784884929657,0.3682718873023987,0.7449700236320496,0.3486780226230621,0.2091336250305175,0.434542179107666,0.907621681690216,0.3410527110099792,0.0209741983562707,0.3611564040184021,0.570035457611084,0.8648859858512878,0.4041815102100372,0.8655494451522827,0.0,0.0,0.0,0.0,0.0,0.0,0.0,0.0,0.4924308657646179,0.3595380783081054
0.4968939423561096,0.1745995283126831,0.5198532938957214,0.1509698182344436,0.4703144133090973,0.1489098072052002,0.545762836933136,0.1833356320858001,0.4325644373893738,0.1859960556030273,0.6043961644172668,0.3459210693836212,0.3838202953338623,0.3650211691856384,0.7469595670700073,0.3491059243679046,0.2453020811080932,0.4888325035572052,0.9041357040405272,0.343705952167511,0.1689996570348739,0.398762434720993,0.5625641942024231,0.8635517954826355,0.4021008014678955,0.8657323122024536,0.0,0.0,0.0,0.0,0.0,0.0,0.0,0.0,0.4959279596805572,0.355049192905426
0.4913622438907623,0.1752799749374389,0.5142869353294373,0.1498484909534454,0.4660755097866058,0.1480262577533722,0.5421158671379089,0.182907685637474,0.4304260909557342,0.1835950165987014,0.6030976176261902,0.3502643406391144,0.3812209665775299,0.3668771684169769,0.7586378455162048,0.3588757216930389,0.2493157088756561,0.5415164232254028,0.9042450189590454,0.3461114764213562,0.240374818444252,0.3904201984405517,0.5576177835464478,0.8809365034103394,0.3950134813785553,0.8830286860466003,0.0,0.0,0.0,0.0,0.0,0.0,0.0,0.0,0.4909429252147674,0.3577036261558532
0.4938323199748993,0.1730250120162964,0.5161508321762085,0.1488382816314697,0.4684838652610779,0.1466992646455764,0.5422980189323425,0.1833256781101226,0.4339562952518463,0.1856659501791,0.6014112234115601,0.3515693545341491,0.3796209990978241,0.3639929890632629,0.744478166103363,0.3552406132221222,0.2672137916088104,0.5410707592964172,0.9042182564735411,0.3476915061473846,0.2693099677562713,0.3980283439159393,0.5554314255714417,0.867419421672821,0.3903593122959137,0.8674644827842712,0.0,0.0,0.0,0.0,0.0,0.0,0.0,0.0,0.4905131459236145,0.3578404784202575
0.4977025091648102,0.1726121604442596,0.5217593312263489,0.1477187424898147,0.4723207652568817,0.1446039825677871,0.5484442114830017,0.1799602657556533,0.4366163611412048,0.1778941601514816,0.6138234734535217,0.3506134450435638,0.3810338973999023,0.3634624183177948,0.7799428701400757,0.3593518435955047,0.2452086061239242,0.5101046562194824,0.9178728461265564,0.3469350337982178,0.205765813589096,0.3832128345966339,0.5575152039527893,0.8682772517204285,0.3888416290283203,0.868594229221344,0.0,0.0,0.0,0.0,0.0,0.0,0.0,0.0,0.4955745339393616,0.3570857942104339
0.5006677508354187,0.1723020374774933,0.5245800018310547,0.1479358673095703,0.4747794568538666,0.1445876508951187,0.5524487495422363,0.1813636124134063,0.4372782707214355,0.1793780326843261,0.616208016872406,0.3509577810764313,0.3686898350715637,0.3680052757263183,0.778574526309967,0.3603333830833435,0.233133316040039,0.4550017714500427,0.917208194732666,0.35708087682724,0.1006754413247108,0.313160091638565,0.5602454543113708,0.8656128644943237,0.392143040895462,0.8536981344223022,0.0,0.0,0.0,0.0,0.0,0.0,0.0,0.0,0.4963243901729584,0.359671801328659
0.5033918619155884,0.1720988303422927,0.5268999934196472,0.1476377099752426,0.4775305092334747,0.1429596692323684,0.5534451603889465,0.1786563843488693,0.4383375644683838,0.1728726774454116,0.6169106364250183,0.3480258584022522,0.3548901975154876,0.361174613237381,0.786348819732666,0.3632752597332001,0.1668792068958282,0.3903713524341583,0.9224497079849244,0.3629682064056396,0.0089285718277096,0.3354495465755462,0.5634626150131226,0.8672022223472595,0.3941023647785187,0.8676243424415588,0.0,0.0,0.0,0.0,0.0,0.0,0.0,0.0,0.4916081428527832,0.353435069322586
0.4950844347476959,0.1723174899816513,0.5180824995040894,0.147524818778038,0.4696516990661621,0.1444857567548751,0.5435556769371033,0.1798675209283828,0.4313232898712158,0.1791566312313079,0.5978793501853943,0.3469426333904266,0.3733518719673157,0.3593930602073669,0.7546361684799194,0.3637112081050873,0.2337041646242141,0.4708242416381836,0.8987737894058228,0.3625250458717346,0.0813867449760437,0.3136561810970306,0.5550434589385986,0.8627873063087463,0.3889007568359375,0.8495688438415527,0.0,0.0,0.0,0.0,0.0,0.0,0.0,0.0,0.4871882796287536,0.3521859347820282
0.4865488111972809,0.1730544567108154,0.5094291567802429,0.1457000523805618,0.4605818390846252,0.1455541998147964,0.5384905934333801,0.1750692427158355,0.423475980758667,0.1773098260164261,0.6024947762489319,0.3492866158485412,0.371608167886734,0.3591074347496032,0.7614116668701172,0.3633779883384704,0.2363775670528412,0.5077639818191528,0.9260522127151488,0.3681884407997131,0.2021540403366089,0.3861404061317444,0.5534265637397766,0.861985981464386,0.3901392817497253,0.8506354689598083,0.0,0.0,0.0,0.0,0.0,0.0,0.0,0.0,0.4874368607997894,0.3544734418392181
0.4853786528110504,0.1717891544103622,0.5082520842552185,0.1451073586940765,0.4604401886463165,0.1450692564249038,0.5358442068099976,0.176400139927864,0.4250741600990295,0.1818379610776901,0.5972632169723511,0.3519358932971954,0.3678844273090362,0.3542024195194244,0.7451714873313904,0.3679221570491791,0.2458454668521881,0.520357608795166,0.8923608660697937,0.3711094558238983,0.2726439833641052,0.3738022744655609,0.5453817248344421,0.8526328802108765,0.3841676712036133,0.8502772450447083,0.0,0.0,0.0,0.0,0.0,0.0,0.0,0.0,0.4817583560943603,0.3523927628993988
0.4888049066066742,0.1714204549789428,0.511258065700531,0.1446100324392318,0.4634935259819031,0.1430591493844986,0.5392583012580872,0.1752838045358657,0.4262030720710754,0.1756023913621902,0.599622368812561,0.3513272702693939,0.3683342337608337,0.3588028252124786,0.7593856453895569,0.3727905750274658,0.2324403226375579,0.5094512701034546,0.90821373462677,0.3863191604614258,0.228748932480812,0.3567073345184326,0.5460878610610962,0.8649242520332336,0.3850733935832977,0.8527451753616333,0.0,0.0,0.0,0.0,0.0,0.0,0.0,0.0,0.4816377460956573,0.354009211063385
0.4962005615234375,0.1702822744846344,0.5184815526008606,0.1461200565099716,0.4708460867404938,0.1430877596139907,0.543681263923645,0.1791674047708511,0.4315900504589081,0.1784230470657348,0.5990460515022278,0.3513634800910949,0.3699159026145935,0.3620187938213348,0.7699589729309082,0.3792802393436432,0.23136568069458,0.4772747159004211,0.9202483296394348,0.3965230286121368,0.1508039087057113,0.3680546283721924,0.5489696264266968,0.8671757578849792,0.3856972157955169,0.8535294532775879,0.0,0.0,0.0,0.0,0.0,0.0,0.0,0.0,0.4852431416511535,0.3579519689083099
0.5011869072914124,0.1717396825551986,0.5241377353668213,0.1484406143426895,0.4760273993015289,0.1413868963718414,0.548420786857605,0.182820126414299,0.4342021346092224,0.1734684407711029,0.602850079536438,0.3562214374542236,0.3552941381931305,0.3670423030853271,0.7709441184997559,0.3821841776371002,0.1751069724559784,0.4081262052059173,0.9216715097427368,0.3998033702373504,0.0089285718277096,0.3361487686634063,0.5535420179367065,0.8862599730491638,0.3850457966327667,0.8848239779472351,0.0,0.0,0.0,0.0,0.0,0.0,0.0,0.0,0.4817890524864197,0.3622041344642639
0.5029488801956177,0.1733239740133285,0.526756227016449,0.1506755053997039,0.4782926440238952,0.142525240778923,0.5504322648048401,0.1833322048187255,0.4361698925495147,0.1699629127979278,0.6028730273246765,0.3566706478595733,0.3537840545177459,0.3675043880939483,0.7596915364265442,0.3833608329296112,0.1747226417064666,0.4176042675971985,0.9225980043411256,0.4019973278045654,0.0089285718277096,0.3595816195011139,0.5533024668693542,0.8822885751724243,0.383606493473053,0.8813695907592773,0.0,0.0,0.0,0.0,0.0,0.0,0.0,0.0,0.4811014831066131,0.3634761869907379
0.4970576763153076,0.1746584475040435,0.5220726728439331,0.1524622440338134,0.4730906188488006,0.1438123881816864,0.5457539558410645,0.185599222779274,0.4320517182350158,0.1740767657756805,0.5957970023155212,0.3538663685321808,0.3622124493122101,0.3665838539600372,0.7553773522377014,0.3822576403617859,0.2350155562162399,0.4745366275310516,0.9186735153198242,0.3996391296386719,0.0975389704108238,0.3409995436668396,0.5476328134536743,0.8800249695777893,0.3823398649692535,0.867621898651123,0.0,0.0,0.0,0.0,0.0,0.0,0.0,0.0,0.4776373505592346,0.3608312308788299
0.4856697916984558,0.1761462986469268,0.5100246667861938,0.1517407596111297,0.4607279598712921,0.1475109308958053,0.5342773199081421,0.1891941279172897,0.421335905790329,0.1837602704763412,0.5922974944114685,0.3539419174194336,0.3641095161437988,0.3658505976200104,0.7461721301078796,0.3840729296207428,0.2247031480073928,0.5078643560409546,0.9174463152885436,0.39860799908638,0.2334404736757278,0.3543028235435486,0.5435052514076233,0.8785690665245056,0.379802256822586,0.8667715191841125,0.0,0.0,0.0,0.0,0.0,0.0,0.0,0.0,0.4738331735134125,0.3600296080112457
0.4855415523052215,0.1751204282045364,0.5095223188400269,0.1509329974651336,0.4605410397052765,0.1470271795988083,0.5329175591468811,0.1907103061676025,0.4207625091075897,0.1861669719219207,0.5859760642051697,0.3538825213909149,0.3658976554870605,0.36342254281044,0.7453572154045105,0.384943276643753,0.2300353050231933,0.5061071515083313,0.9118296504020692,0.3971796929836273,0.2617400884628296,0.3617438971996307,0.5412779450416565,0.8818102478981018,0.3794798254966736,0.8697344064712524,0.0,0.0,0.0,0.0,0.0,0.0,0.0,0.0,0.4726913273334503,0.3594470918178558
0.4877699911594391,0.1786590665578842,0.5106571912765503,0.153403490781784,0.4627482891082763,0.1505098044872284,0.5347509384155273,0.1879024654626846,0.4229926764965057,0.1848034411668777,0.5945631861686707,0.357046514749527,0.3591690063476562,0.3695315420627594,0.7429975271224976,0.3885958194732666,0.2251488268375396,0.4977571070194244,0.9095298647880554,0.4037596881389618,0.2260631769895553,0.3449436724185943,0.5457020998001099,0.8804231882095337,0.3805494606494903,0.8681677579879761,0.0,0.0,0.0,0.0,0.0,0.0,0.0,0.0,0.4735071361064911,0.3643205761909485
0.4887276291847229,0.1775731295347213,0.5114789605140686,0.1524178683757782,0.4634543061256408,0.151870772242546,0.5390588045120239,0.1854201704263687,0.425899475812912,0.1870047748088836,0.5955635905265808,0.3595345318317413,0.3620593547821045,0.3678815960884094,0.7433059811592102,0.3916703164577484,0.2208272367715835,0.4682905375957489,0.9060646295547484,0.4133619368076324,0.1449028253555297,0.3496484756469726,0.5479797124862671,0.8831449151039124,0.3844787180423736,0.8828402161598206,0.0,0.0,0.0,0.0,0.0,0.0,0.0,0.0,0.4787936210632324,0.3644492626190185
0.4889474213123321,0.1788713783025741,0.5112581253051758,0.1519211232662201,0.4635350406169891,0.1529356986284256,0.5415840744972229,0.1846338957548141,0.4298543334007263,0.1890053898096084,0.5982409119606018,0.3607410490512848,0.3593545854091644,0.369180291891098,0.7581096887588501,0.3933532834053039,0.1720439195632934,0.4023753106594085,0.91975736618042,0.4166251122951507,0.0183182563632726,0.3313844203948974,0.5529897809028625,0.8824748992919922,0.3860068619251251,0.8688532114028931,0.0,0.0,0.0,0.0,0.0,0.0,0.0,0.0,0.4794475138187408,0.3645784854888916
0.4879029095172882,0.1785974502563476,0.5102927088737488,0.1512030363082885,0.4628942608833313,0.1526122838258743,0.5415733456611633,0.1843150407075882,0.4302917122840881,0.1887741535902023,0.5996445417404175,0.3613498210906982,0.3578527867794037,0.3718016743659973,0.7587907910346985,0.3941368758678436,0.1867769658565521,0.4209024012088775,0.9232662320137024,0.420147180557251,0.0089285718277096,0.3354985415935516,0.5507293939590454,0.8832237124443054,0.3854514956474304,0.8679347634315491,0.0,0.0,0.0,0.0,0.0,0.0,0.0,0.0,0.4794172644615173,0.3679079711437225
0.4834418594837188,0.1777057498693466,0.5062142014503479,0.1503913104534149,0.4582279026508331,0.1527786254882812,0.537595272064209,0.1814021617174148,0.4249641299247741,0.188941940665245,0.594738781452179,0.3565521538257599,0.3674991130828857,0.3655683100223541,0.7407234311103821,0.3911979496479034,0.2343058884143829,0.4885407090187073,0.8946458101272583,0.4116756021976471,0.1653623282909393,0.3705813288688659,0.5495142936706543,0.8824312090873718,0.3833689093589782,0.8827616572380066,0.0,0.0,0.0,0.0,0.0,0.0,0.0,0.0,0.4807479679584503,0.362779438495636
0.4814182221889496,0.1773261725902557,0.5051844716072083,0.1506928652524948,0.45704385638237,0.151637464761734,0.5341988205909729,0.184060052037239,0.4238225817680359,0.1863581985235214,0.5870751142501831,0.353154718875885,0.3679699599742889,0.3653043210506439,0.7387997508049011,0.3914259374141693,0.229804128408432,0.4867957532405853,0.9042441248893738,0.4124709963798523,0.2498147338628769,0.3649660944938659,0.5469678044319153,0.8794907927513123,0.3853813111782074,0.866593062877655,0.0,0.0,0.0,0.0,0.0,0.0,0.0,0.0,0.4763037860393524,0.3602448999881744
0.4817022681236267,0.1773776262998581,0.5055015683174133,0.1500593721866607,0.4577288329601288,0.1517627239227295,0.5357913374900818,0.1826163083314895,0.426698237657547,0.1864231824874878,0.5859442353248596,0.3555305898189544,0.3706968128681183,0.355099618434906,0.7420887351036072,0.393497884273529,0.2452951520681381,0.4912992119789123,0.9089608192443848,0.41709965467453,0.3050610423088074,0.3323120772838592,0.541274905204773,0.8797525763511658,0.3765826821327209,0.8686431050300598,0.0,0.0,0.0,0.0,0.0,0.0,0.0,0.0,0.475769579410553,0.3575113415718078
0.4867448806762695,0.1774793714284896,0.509174108505249,0.1502745449542999,0.4608785212039947,0.1516083627939224,0.5385322570800781,0.1830982416868209,0.4285624325275421,0.1873377561569214,0.5933284163475037,0.3589644730091095,0.3686451315879822,0.3670565187931061,0.7560086250305176,0.3978038430213928,0.2290769964456558,0.4754354059696197,0.9225035309791564,0.4203901886940002,0.2403697520494461,0.3493844866752624,0.5462778210639954,0.8840087652206421,0.3844204246997833,0.8692120909690857,0.0,0.0,0.0,0.0,0.0,0.0,0.0,0.0,0.4789788424968719,0.3636734187602997
0.4916795194149017,0.1786654740571975,0.5152066349983215,0.1527475863695144,0.4660537540912628,0.1523713618516922,0.5440106391906738,0.1863832473754882,0.4317838549613952,0.1894355118274688,0.5975187420845032,0.3587655127048492,0.3624151647090912,0.370372474193573,0.7579478621482849,0.3913711607456207,0.2160555571317672,0.4296226501464844,0.919276237487793,0.4195903241634369,0.096263088285923,0.2922639846801758,0.5535624623298645,0.8803235292434692,0.3881145119667053,0.8677690625190735,0.0,0.0,0.0,0.0,0.0,0.0,0.0,0.0,0.4811431467533111,0.3661558330059051
0.4945771992206573,0.1773484498262405,0.5171653628349304,0.1517839282751083,0.4692783653736114,0.1502441316843032,0.545084536075592,0.1834662705659866,0.432383269071579,0.1859574615955352,0.5986390709877014,0.3537757396697998,0.3610320389270782,0.3582693934440613,0.7571457624435425,0.3910392820835113,0.169574573636055,0.370330274105072,0.9083663821220398,0.415042370557785,0.019341517239809,0.3267402350902557,0.5552161335945129,0.8658064603805542,0.3842699229717254,0.8521178960800171,0.0,0.0,0.0,0.0,0.0,0.0,0.0,0.0,0.480542927980423,0.3551473319530487
0.4963893294334411,0.1760146170854568,0.5194963812828064,0.1516540795564651,0.4705618917942047,0.1487113386392593,0.5456202030181885,0.1851556748151779,0.4313957989215851,0.1853606253862381,0.5967892408370972,0.3534636795520782,0.3592073917388916,0.3594611287117004,0.754518985748291,0.3900353610515594,0.1558650434017181,0.3816600441932678,0.9100159406661988,0.4114666581153869,0.0089285718277096,0.3584865927696228,0.5538008809089661,0.8694831132888794,0.3858580589294433,0.8671084046363831,0.0,0.0,0.0,0.0,0.0,0.0,0.0,0.0,0.4774260222911834,0.3564691245555877
0.4897921681404114,0.1756828129291534,0.5120019316673279,0.1489539891481399,0.4638116657733917,0.1499391347169876,0.5410143733024597,0.1804003715515136,0.4276383221149444,0.1852742135524749,0.5975322127342224,0.3533680737018585,0.3656032681465149,0.364114373922348,0.7578631639480591,0.3893961906433105,0.2236609905958175,0.4357344210147857,0.9100217819213868,0.4091176092624664,0.0573577806353569,0.3507161438465118,0.5562887787818909,0.866693377494812,0.3889282047748565,0.8672149777412415,0.0,0.0,0.0,0.0,0.0,0.0,0.0,0.0,0.4812914431095123,0.3584051132202148
0.4851906597614288,0.1754502356052398,0.507931649684906,0.1482050716876983,0.4594184458255768,0.1496354192495346,0.5383484959602356,0.1774816364049911,0.4240228533744812,0.1840841621160507,0.596025288105011,0.3525994122028351,0.3721179068088531,0.3609697818756103,0.7426791787147522,0.3869158327579498,0.2358316034078598,0.4825700223445892,0.9033085703849792,0.4046285450458526,0.1665035635232925,0.366406500339508,0.5503532290458679,0.8831368684768677,0.3865458369255066,0.8831906914710999,0.0,0.0,0.0,0.0,0.0,0.0,0.0,0.0,0.484709769487381,0.3567491173744201
0.4804597496986389,0.1748266071081161,0.5052086710929871,0.1472647935152053,0.4569641053676605,0.1485790312290191,0.5357404947280884,0.1794443875551223,0.4254632592201233,0.1828949749469757,0.5949309468269348,0.3559229969978332,0.367019921541214,0.360791265964508,0.7438339591026306,0.3884082436561584,0.236129879951477,0.5060902237892151,0.9041692018508912,0.4084239304065704,0.2806220948696136,0.3574462234973907,0.5449560284614563,0.8814581036567688,0.3818366527557373,0.8676162362098694,0.0,0.0,0.0,0.0,0.0,0.0,0.0,0.0,0.4793061316013336,0.3589624762535095
0.4880845248699188,0.1754577010869979,0.5109609961509705,0.1491678804159164,0.4626272320747375,0.1495910435914993,0.5403202176094055,0.1817176789045334,0.4264090955257416,0.1855341047048568,0.5977164506912231,0.3587556481361389,0.3629540801048279,0.3695711195468902,0.7560310363769531,0.390157014131546,0.2236921042203903,0.4568767249584198,0.917586624622345,0.4153958261013031,0.1510126590728759,0.3437057435512543,0.5481542944908142,0.8834791779518127,0.3835682272911072,0.8814637064933777,0.0,0.0,0.0,0.0,0.0,0.0,0.0,0.0,0.4791752696037292,0.3656006455421448
0.4922345578670501,0.1758465766906738,0.5155066847801208,0.1511321067810058,0.4668009579181671,0.149445503950119,0.5434337258338928,0.1854598373174667,0.4293361306190491,0.1863166540861129,0.5974724888801575,0.3553560078144073,0.3591133654117584,0.3678769469261169,0.7473512887954712,0.3879819512367248,0.1692662388086319,0.3889185786247253,0.9098920822143556,0.4150501191616058,0.0583936646580696,0.2831420302391052,0.5507859587669373,0.8679014444351196,0.3833588063716888,0.8543754816055298,0.0,0.0,0.0,0.0,0.0,0.0,0.0,0.0,0.4783746898174286,0.3616464734077453
0.4956181049346924,0.1761181801557541,0.519253671169281,0.1516827493906021,0.4701052606105804,0.1481398195028305,0.5443103909492493,0.1857964694499969,0.430853933095932,0.1852872222661972,0.5952485799789429,0.3554680049419403,0.3594358563423157,0.3646360039710998,0.7712825536727905,0.3957445025444031,0.1717743128538131,0.3942719101905823,0.9335777163505554,0.4197807312011719,0.0210853274911642,0.297192245721817,0.5505113005638123,0.8698028922080994,0.3849976062774658,0.8666595816612244,0.0,0.0,0.0,0.0,0.0,0.0,0.0,0.0,0.4767093956470489,0.3596347868442535
0.487811803817749,0.1766032129526138,0.5104421973228455,0.1504654884338379,0.4624853432178497,0.1508029848337173,0.5392382740974426,0.1830322444438934,0.4257703423500061,0.1868149936199188,0.5931984186172485,0.3528366386890411,0.3649645149707794,0.3641572892665863,0.7406941652297974,0.3887104988098144,0.2265508025884628,0.4650156795978546,0.9085392951965332,0.4150727391242981,0.1365561336278915,0.3352892696857452,0.5491058826446533,0.8828206062316895,0.3862381875514984,0.8835617303848267,0.0,0.0,0.0,0.0,0.0,0.0,0.0,0.0,0.4785911738872528,0.3603685796260834
0.4831594824790954,0.1791738122701645,0.5064884424209595,0.1520973443984985,0.4593972861766815,0.1505531072616577,0.5345728993415833,0.1832880526781082,0.4249198734760284,0.1810846179723739,0.5919196009635925,0.3543243408203125,0.3645117282867431,0.3663060963153839,0.7373046875,0.3897301852703094,0.2245209962129593,0.4752090871334076,0.9030268788337708,0.4110204875469208,0.2227618992328643,0.3443659245967865,0.545789361000061,0.8811484575271606,0.3814551830291748,0.8681102991104126,0.0,0.0,0.0,0.0,0.0,0.0,0.0,0.0,0.4754344522953033,0.3608579933643341
0.4831548035144806,0.1771722286939621,0.5071356892585754,0.1507732570171356,0.4585157036781311,0.1503039747476577,0.5355245471000671,0.1848975270986557,0.4244252741336822,0.1848905533552169,0.5923159718513489,0.3541705012321472,0.3656417429447174,0.3655861318111419,0.7373337745666504,0.3904807865619659,0.2257090657949447,0.4834411442279815,0.9066891670227052,0.4132792055606842,0.2587611973285675,0.3412823379039764,0.5449617505073547,0.8692834973335266,0.3800503611564636,0.8653525710105896,0.0,0.0,0.0,0.0,0.0,0.0,0.0,0.0,0.476010113954544,0.3602361977100372
0.4884030818939209,0.1790522634983062,0.5115054845809937,0.1531645804643631,0.463679164648056,0.1525824069976806,0.5400679111480713,0.186580091714859,0.4275183379650116,0.1872712075710296,0.5936456322669983,0.3550544381141662,0.362804114818573,0.3675403594970703,0.745076060295105,0.3917272686958313,0.2302915304899215,0.4431827664375305,0.9202941656112672,0.4177375733852386,0.1339021474123001,0.3285695016384125,0.548801839351654,0.8699859976768494,0.3873014450073242,0.8674356341362,0.0,0.0,0.0,0.0,0.0,0.0,0.0,0.0,0.4777237474918365,0.3625747561454773
0.4952336251735687,0.180433303117752,0.5185765624046326,0.1546318233013153,0.4701066315174103,0.151407241821289,0.5433371067047119,0.187536209821701,0.4312190413475036,0.1855662018060684,0.5943679809570312,0.3590886294841766,0.3546587526798248,0.3628947734832763,0.7480195760726929,0.3924632370471954,0.1712500900030136,0.3735170662403106,0.9219456315040588,0.419335663318634,0.0198472831398248,0.3012692332267761,0.5493101477622986,0.8665785789489746,0.3827071487903595,0.8525349497795105,0.0,0.0,0.0,0.0,0.0,0.0,0.0,0.0,0.4749152660369873,0.3603630661964416
0.4920903146266937,0.1815769374370575,0.5154975056648254,0.1560585349798202,0.4672132432460785,0.1530768573284149,0.5413309931755066,0.1890600770711898,0.428452581167221,0.1863546520471573,0.5968130826950073,0.3564736843109131,0.3658003807067871,0.3670800328254699,0.7467918992042542,0.3877206444740295,0.2182091921567917,0.4272225797176361,0.9079001545906068,0.4063440859317779,0.0737424418330192,0.330083280801773,0.5504708290100098,0.8661591410636902,0.3869427144527435,0.8515629172325134,0.0,0.0,0.0,0.0,0.0,0.0,0.0,0.0,0.4816674292087555,0.3620867729187011
0.4864314198493957,0.1787452846765518,0.5090537667274475,0.1526672542095184,0.46141317486763,0.1526201665401458,0.5381112694740295,0.1849878132343292,0.4250495135784149,0.1870040744543075,0.5998731851577759,0.3559660613536834,0.3676516413688659,0.364900529384613,0.7707308530807495,0.3834855854511261,0.2269611358642578,0.4759807884693146,0.8886188268661499,0.3894441425800323,0.1599289923906326,0.3515450358390808,0.5502649545669556,0.867489218711853,0.3879894912242889,0.8670205473899841,0.0,0.0,0.0,0.0,0.0,0.0,0.0,0.0,0.4834677875041961,0.3613852858543396
0.484119176864624,0.1800099611282348,0.5067140460014343,0.1516730785369873,0.4593043029308319,0.1528335809707641,0.5367988348007202,0.1801756918430328,0.4274226725101471,0.1855344772338867,0.5992173552513123,0.3568892776966095,0.3713323771953583,0.3617820739746094,0.7443361282348633,0.3693066537380218,0.2446499913930893,0.507965087890625,0.9028984308242798,0.367687851190567,0.2806087732315063,0.349346786737442,0.5459892749786377,0.881220817565918,0.3853780329227447,0.867819607257843,0.0,0.0,0.0,0.0,0.0,0.0,0.0,0.0,0.4827882647514343,0.3595905005931854
0.4980639517307281,0.1785833835601806,0.5229166150093079,0.1547540128231048,0.4727775752544403,0.1508747190237045,0.5496935844421387,0.187151700258255,0.435784250497818,0.1845390349626541,0.604310154914856,0.3564385771751404,0.3692039847373962,0.3695428073406219,0.7625886797904968,0.3740714192390442,0.2357475757598877,0.4558344185352325,0.9083210825920104,0.3914733529090881,0.1468123644590377,0.3436489105224609,0.5551559329032898,0.8808388113975525,0.3885591924190521,0.8687331080436707,0.0,0.0,0.0,0.0,0.0,0.0,0.0,0.0,0.4883628785610199,0.3641442656517029
0.5014628767967224,0.178874060511589,0.5253585577011108,0.1546681374311447,0.4764147102832794,0.1494653522968292,0.5516499280929565,0.1875641196966171,0.4392592906951904,0.1812523305416107,0.6049731969833374,0.352769672870636,0.3707311749458313,0.3661234378814697,0.7579711675643921,0.3712835311889648,0.2175244987010955,0.4231071472167969,0.9044408202171326,0.3852891623973846,0.0392541624605655,0.3439693450927734,0.5604676604270935,0.8819383382797241,0.3906321227550506,0.8804109692573547,0.0,0.0,0.0,0.0,0.0,0.0,0.0,0.0,0.4912163317203522,0.3602374494075775
0.5861467123031616,0.333581805229187,0.6031014323234558,0.3238407671451568,0.5663833022117615,0.3220206797122955,0.6143383383750916,0.3287944495677948,0.5466392636299133,0.3257351517677307,0.668074369430542,0.3962598443031311,0.475869357585907,0.401183545589447,0.7780362367630005,0.3506966233253479,0.3517428040504455,0.4257056415081024,0.732919454574585,0.2649310231208801,0.2155204266309738,0.4270209670066833,0.608267068862915,0.6147602200508118,0.5022009015083313,0.6125388741493225,0.6017394661903381,0.7491346001625061,0.4896078705787658,0.7471452355384827,0.5896524786949158,0.8670148253440857,0.4887568056583404,0.861143946647644,0.5719718635082245,0.398721694946289
0.5913442373275757,0.3370566666126251,0.606765866279602,0.3258972764015198,0.5694896578788757,0.3242878913879394,0.6164771914482117,0.3311838209629059,0.5462315678596497,0.3285177052021026,0.6715363264083862,0.3988681435585022,0.4765021800994873,0.4033481180667877,0.7845689058303833,0.3521760106086731,0.3524490594863891,0.4288237988948822,0.7342604994773865,0.2655749917030334,0.2174970656633377,0.4295001626014709,0.6072404980659485,0.6194502711296082,0.5022758841514587,0.6162129640579224,0.5965609550476074,0.7526795268058777,0.490613043308258,0.7509486079216003,0.5892713069915771,0.8688831329345703,0.4918619096279144,0.8621153235435486,0.5740192532539368,0.4011081308126449
0.5959916710853577,0.3380967080593109,0.6130895614624023,0.3282128274440765,0.5754653811454773,0.3257566690444946,0.623957097530365,0.3328713178634643,0.5528357625007629,0.329794317483902,0.6761382818222046,0.4004122018814087,0.482751190662384,0.4056266546249389,0.790016770362854,0.3560594618320465,0.3586212992668152,0.4308900833129883,0.7421959638595581,0.2697331309318542,0.2255735397338867,0.4324656426906585,0.6156133413314819,0.6207156777381897,0.509630024433136,0.6183879375457764,0.6065369844436646,0.7536040544509888,0.497600257396698,0.7521986365318298,0.5989304780960083,0.8713651299476624,0.499420553445816,0.865559458732605,0.5794447362422943,0.4030194282531738
0.6219985485076904,0.3262029588222503,0.6381860375404358,0.3156549036502838,0.6011608839035034,0.3141992390155792,0.6500755548477173,0.3195768594741821,0.5789251327514648,0.318287581205368,0.7064238786697388,0.3851577639579773,0.5128539800643921,0.3939535915851593,0.8195462226867676,0.3398757874965668,0.3890963196754455,0.4171845614910126,0.7669728994369507,0.2543621063232422,0.2553944587707519,0.4220774471759796,0.6516725420951843,0.6090403199195862,0.5456962585449219,0.6068337559700012,0.6448678970336914,0.740992546081543,0.537678062915802,0.7435285449028015,0.6360386610031128,0.8612633943557739,0.5424055457115173,0.8519697785377502,0.6096389293670654,0.3895556777715683
0.6197820901870728,0.3128148019313812,0.6367076635360718,0.3012965023517608,0.59860759973526,0.3002873063087463,0.6471112370491028,0.3055544793605804,0.5761292576789856,0.303814023733139,0.702804446220398,0.3744887709617615,0.5056945085525513,0.3807108104228973,0.8052610158920288,0.3282780051231384,0.384531706571579,0.4086992144584656,0.763958752155304,0.2396762669086456,0.2551038265228271,0.4130560755729675,0.6500248908996582,0.5964056253433228,0.5437504053115845,0.594718873500824,0.6377731561660767,0.7270352244377136,0.5380567908287048,0.7269303202629089,0.6264688968658447,0.8448632955551147,0.5438472032546997,0.838645875453949,0.6042494773864746,0.3775997906923294
0.6374547481536865,0.3085144758224487,0.6520203351974487,0.2982495427131653,0.6160309314727783,0.2966973483562469,0.6615972518920898,0.3026803731918335,0.5918272137641907,0.3009335696697235,0.7173832058906555,0.3728020489215851,0.5224074721336365,0.3787047266960144,0.8289729356765747,0.3233030438423157,0.3934528827667236,0.4032934010028839,0.7815731167793274,0.2358728945255279,0.2642805874347687,0.4071267247200012,0.6613326668739319,0.5944124460220337,0.5546442866325378,0.5911316275596619,0.6483061909675598,0.7279380559921265,0.5417806506156921,0.7259091734886169,0.6342729926109314,0.8453565835952759,0.5431384444236755,0.8370393514633179,0.619895339012146,0.3757533878087997
0.6042302250862122,0.3011732995510101,0.6219459176063538,0.2904480397701263,0.5835738778114319,0.2883243858814239,0.633541464805603,0.2968704998493194,0.5611738562583923,0.2946472465991974,0.6860620379447937,0.365946888923645,0.488978773355484,0.3701012730598449,0.7982698678970337,0.3232872784137726,0.358998954296112,0.3903355300426483,0.7558053135871887,0.2345167100429535,0.2235175669193267,0.3950199484825134,0.6143216490745544,0.5915325284004211,0.509512186050415,0.586378812789917,0.5989992618560791,0.7198055386543274,0.4987632632255554,0.7209059596061707,0.588991105556488,0.8387807011604309,0.4977448582649231,0.8316584825515747,0.5875204056501389,0.368024080991745
0.6148168444633484,0.3032824397087097,0.6309112906455994,0.2927102148532867,0.5952911376953125,0.2895458936691284,0.6398215293884277,0.2996891438961029,0.5705375671386719,0.2959617674350738,0.6906933784484863,0.3695937395095825,0.4915689527988434,0.3739638924598694,0.804551899433136,0.3278985917568207,0.3600607216358185,0.3979807794094085,0.7679705023765564,0.2379544377326965,0.2249366790056228,0.3985973298549652,0.620719313621521,0.5957208275794983,0.5130774974822998,0.5906677842140198,0.6045429110527039,0.7313905954360962,0.4948360919952392,0.72615647315979,0.5884577035903931,0.8518813848495483,0.4887917935848236,0.8445595502853394,0.5911311656236649,0.3717788159847259
0.6525155901908875,0.2976954281330108,0.6706537008285522,0.2878785729408264,0.6325258612632751,0.2854577302932739,0.6815216541290283,0.2934935986995697,0.608834981918335,0.2898700833320617,0.7338714599609375,0.3675990402698517,0.5292860269546509,0.36961430311203,0.8431092500686646,0.3219347894191742,0.3976655304431915,0.3958110511302948,0.8058394193649292,0.2283339500427246,0.2561300694942474,0.3956197798252105,0.6637672781944275,0.5964066386222839,0.5535019040107727,0.5904962420463562,0.6423836946487427,0.7327113747596741,0.5387718677520752,0.7314267754554749,0.6311187744140625,0.8526224493980408,0.5328565239906311,0.8450330495834351,0.6315787434577942,0.3686066716909408
0.6245317459106445,0.3011862933635711,0.6400779485702515,0.2884374856948852,0.6013703346252441,0.286575049161911,0.6496577262878418,0.2952003180980682,0.5753461122512817,0.2922250628471374,0.7038373947143555,0.3669119477272033,0.4990533888339996,0.3719824552536011,0.7970876097679138,0.3221330642700195,0.3694010376930237,0.3972592055797577,0.769534707069397,0.226437509059906,0.2213686406612396,0.4019023180007934,0.6418668031692505,0.5983365774154663,0.5321438312530518,0.5958896279335022,0.6229097843170166,0.729023814201355,0.5230563879013062,0.7313652038574219,0.6155480146408081,0.8518384695053101,0.5213210582733154,0.8450292944908142,0.6014453917741776,0.3694472014904022
0.6595880389213562,0.3289452791213989,0.6778547763824463,0.3177386820316314,0.6382485628128052,0.3167465627193451,0.6907292008399963,0.3240363299846649,0.6161084771156311,0.3229475319385528,0.7466663122177124,0.3924939334392547,0.5479236841201782,0.4032586812973022,0.8479934930801392,0.3467075526714325,0.4139864444732666,0.429402619600296,0.804909884929657,0.2572524845600128,0.2721151113510132,0.4324467480182647,0.6885368227958679,0.6243825554847717,0.5780649781227112,0.6219499707221985,0.6716147661209106,0.7625402808189392,0.5650172233581543,0.7608283162117004,0.6610373258590698,0.8839043378829956,0.5632384419441223,0.8792239427566528,0.6472949981689453,0.3978763073682785
0.647817850112915,0.3274389505386352,0.6630789041519165,0.3143125176429748,0.6248102188110352,0.3127304911613464,0.6745111346244812,0.3203129768371582,0.5993334650993347,0.317578375339508,0.7283891439437866,0.3894003629684448,0.5310314893722534,0.398078441619873,0.8147919774055481,0.3403662145137787,0.404599130153656,0.4278855323791504,0.7814828753471375,0.2484925836324691,0.2550191581249237,0.4320335388183594,0.6771420240402222,0.6191683411598206,0.5681470632553101,0.6187061071395874,0.658593475818634,0.7471150159835815,0.5597741007804871,0.7519855499267578,0.6582522988319397,0.8670051097869873,0.5578057765960693,0.8698570728302002,0.62971031665802,0.3937394022941589
0.6031919121742249,0.3370888531208038,0.6186402440071106,0.3258640468120575,0.5806323289871216,0.3248136341571808,0.6298966407775879,0.3303617238998413,0.5588030219078064,0.3290511667728424,0.6847236752510071,0.3982444405555725,0.4894480109214782,0.4078047573566437,0.773553192615509,0.350078284740448,0.3599241971969604,0.4366089105606079,0.7339275479316711,0.2628160715103149,0.2117547541856765,0.442928671836853,0.6358774900436401,0.6261502504348755,0.5296943783760071,0.6262036561965942,0.6225416660308838,0.7582468390464783,0.5204610228538513,0.7636478543281555,0.6209981441497803,0.8792177438735962,0.5211684703826904,0.8815231323242188,0.5870858430862427,0.4030245989561081
0.6087359189987183,0.3184770941734314,0.6231701374053955,0.307211697101593,0.5863692760467529,0.3064287304878235,0.6331207156181335,0.3122315406799316,0.5631656646728516,0.311074435710907,0.6890912055969238,0.3795816302299499,0.4921523630619049,0.3912665247917175,0.7739707827568054,0.3309918940067291,0.3600664138793945,0.4181545972824096,0.7380174994468689,0.2434956133365631,0.2133756130933761,0.425004094839096,0.6392555832862854,0.6104632616043091,0.5342097878456116,0.6106059551239014,0.6245133876800537,0.7371037006378174,0.5236983895301819,0.7451490163803101,0.6184492111206055,0.8542385101318359,0.5239909887313843,0.8640848398208618,0.5906217843294144,0.3854240775108337
0.6421739459037781,0.3349720537662506,0.6536695957183838,0.3228310048580169,0.6188472509384155,0.3221352994441986,0.6612418293952942,0.3282982110977173,0.5903388261795044,0.3272329270839691,0.7116838693618774,0.3962561786174774,0.5165096521377563,0.4050992131233215,0.799308717250824,0.3514255583286285,0.3869402408599853,0.4302864670753479,0.7662572264671326,0.2628474831581116,0.2425571382045745,0.4357441067695617,0.659878134727478,0.6242225766181946,0.5572423338890076,0.6239662766456604,0.6446912884712219,0.7501418590545654,0.5440022349357605,0.7572588324546814,0.6344385147094727,0.8686858415603638,0.5401900410652161,0.877817690372467,0.6140967607498169,0.4006776958703995
0.6415202617645264,0.3369646668434143,0.6530225276947021,0.3245636522769928,0.6188126802444458,0.3231070637702942,0.6589224934577942,0.3301326930522918,0.5882683992385864,0.3279928267002105,0.7069902420043945,0.3999738991260528,0.5127699375152588,0.4051131308078766,0.7943437695503235,0.3520421981811523,0.3841148614883423,0.4299634993076324,0.7629469633102417,0.2630403935909271,0.2377129793167114,0.4333968758583069,0.6519240736961365,0.6250265836715698,0.5484985709190369,0.6247583031654358,0.6332011222839355,0.752056896686554,0.5323324203491211,0.7575220465660095,0.6211550235748291,0.8670370578765869,0.5277814865112305,0.8761141300201416,0.6098800897598267,0.4025435149669647
0.6178228259086609,0.3371044397354126,0.6298434138298035,0.3259478509426117,0.5963964462280273,0.3246001601219177,0.6356507539749146,0.3312864005565643,0.5665562152862549,0.3296531140804291,0.6844019889831543,0.3970785140991211,0.4932030141353607,0.4084106385707855,0.7712239027023315,0.3519703149795532,0.3608552813529968,0.4373756647109985,0.7409721612930298,0.26648810505867,0.2135578393936157,0.4391368925571441,0.6313339471817017,0.6258259415626526,0.5277091264724731,0.625376284122467,0.6107999086380005,0.7500386834144592,0.5150333642959595,0.7615741491317749,0.6077871918678284,0.865465521812439,0.5102400779724121,0.8749854564666748,0.5888025015592575,0.4027445763349533
0.6019778251647949,0.343481570482254,0.6168540120124817,0.3317746222019195,0.5799866318702698,0.3296131789684295,0.6229188442230225,0.3372786343097687,0.5502235293388367,0.3356744349002838,0.6673043966293335,0.4023252129554748,0.4764114320278168,0.4123765230178833,0.7493916153907776,0.356787234544754,0.3451129794120788,0.4382998645305633,0.7218375205993652,0.2733594477176666,0.197918027639389,0.4406797289848327,0.6088634729385376,0.629449188709259,0.508658766746521,0.6278032660484314,0.5932360291481018,0.7573975920677185,0.4943562150001526,0.7638679146766663,0.582179605960846,0.8734380602836609,0.491821825504303,0.8818609714508057,0.5718579143285751,0.4073508679866791
0.6162480115890503,0.3577407300472259,0.6309979557991028,0.3453878760337829,0.5955777168273926,0.3426752984523773,0.6380468010902405,0.3523038923740387,0.5668889880180359,0.3492654263973236,0.6844998002052307,0.4181270599365234,0.4916430413722992,0.4261531829833984,0.7741414904594421,0.3727532625198364,0.3577452898025512,0.4500974416732788,0.7409194111824036,0.2863874733448028,0.2094750106334686,0.4521504640579223,0.6253944635391235,0.6479989290237427,0.5177032947540283,0.6463732123374939,0.6076570749282837,0.7748708128929138,0.5061918497085571,0.7833383679389954,0.597568154335022,0.8886800408363342,0.5015308856964111,0.8974876403808594,0.588071420788765,0.4221401214599609
0.5977739691734314,0.3466888964176178,0.6136682629585266,0.333748996257782,0.577100932598114,0.3312327265739441,0.6218850612640381,0.3396608233451843,0.5476204752922058,0.3364263474941253,0.6688670516014099,0.4037162065505981,0.4747073054313659,0.4153684973716736,0.7633903622627258,0.3585411608219147,0.33648282289505,0.4358945786952972,0.7264378070831299,0.2742046117782593,0.1900898218154907,0.4429481625556946,0.6177482008934021,0.6313318610191345,0.5114595890045166,0.6312087178230286,0.5990539789199829,0.761915385723114,0.4977819323539734,0.770366370677948,0.5903003215789795,0.8816992044448853,0.4973618388175964,0.8892205357551575,0.5717871785163879,0.4095423519611358
0.6234789490699768,0.3133446276187897,0.63799649477005,0.3011128604412079,0.600087583065033,0.2991856634616852,0.6467721462249756,0.3073727190494537,0.5717535018920898,0.3047513663768768,0.6988036632537842,0.380757212638855,0.4944908022880554,0.3866646587848663,0.79256671667099,0.3305976688861847,0.3562394082546234,0.4110751152038574,0.7542318105697632,0.2380016446113586,0.2105657160282135,0.415092408657074,0.6412100791931152,0.6125314831733704,0.5330247282981873,0.6112273335456848,0.6243169903755188,0.7402056455612183,0.5221412777900696,0.7450948357582092,0.6174044609069824,0.8562105298042297,0.5206122398376465,0.8626549243927002,0.5966472327709198,0.3837109357118606
0.5794474482536316,0.3161666691303253,0.5976359248161316,0.3037933111190796,0.5581173300743103,0.3007093667984009,0.6092063188552856,0.3112414181232452,0.530807614326477,0.3072608113288879,0.6588807106018066,0.3778125643730163,0.4607254862785339,0.387503057718277,0.7663959264755249,0.3328925967216491,0.3220974802970886,0.4099175333976745,0.7235758900642395,0.2445144653320312,0.1720728874206543,0.4154223799705505,0.6025693416595459,0.6130484342575073,0.492570698261261,0.6110337376594543,0.585520327091217,0.7430863976478577,0.4845415949821472,0.7493698596954346,0.5783790946006775,0.8586580753326416,0.4819540977478027,0.8630760312080383,0.5598030984401703,0.3826578110456466
0.5539804697036743,0.3437674343585968,0.5675233602523804,0.330759733915329,0.532787024974823,0.3293841183185577,0.57662034034729,0.336269348859787,0.5057238936424255,0.3364857137203216,0.6323370933532715,0.4002251923084259,0.4365867972373962,0.4156220257282257,0.7409564256668091,0.3533368408679962,0.2959500849246979,0.4414471983909607,0.6863526701927185,0.2690570950508117,0.1522444784641266,0.450260192155838,0.5889655947685242,0.6310536861419678,0.4835352897644043,0.6313255429267883,0.5818417072296143,0.7660702466964722,0.4812536835670471,0.7711077332496643,0.5836778283119202,0.8875914812088013,0.4895477294921875,0.8881217837333679,0.5344619452953339,0.4079236090183258
0.5529447197914124,0.3346739411354065,0.5711281895637512,0.3217615783214569,0.533423662185669,0.3208913505077362,0.5849269032478333,0.3280564248561859,0.5105592012405396,0.3283363282680511,0.6398921012878418,0.393111914396286,0.4444505572319031,0.407033622264862,0.7439695596694946,0.3464320003986358,0.3093484044075012,0.4304656386375427,0.6927365064620972,0.2598408162593841,0.1622465252876281,0.4365656971931457,0.5908696055412292,0.6239781975746155,0.4847515523433685,0.6226001381874084,0.5828040242195129,0.7585976719856262,0.4814160466194153,0.7631748914718628,0.5822290182113647,0.876884400844574,0.4892480373382568,0.8774584531784058,0.5421713292598724,0.400072768330574
0.601512610912323,0.2694056332111358,0.6227484345436096,0.2574479579925537,0.5773675441741943,0.2550153434276581,0.6364253163337708,0.2634921371936798,0.5522097945213318,0.259690910577774,0.7006458044052124,0.3446974456310272,0.4693105220794678,0.3520026504993438,0.8216560482978821,0.2871139645576477,0.3125894665718078,0.3842214941978454,0.7661541104316711,0.1812360286712646,0.1443022489547729,0.3878694176673889,0.6351275444030762,0.6124672293663025,0.5053496360778809,0.6125064492225647,0.6208402514457703,0.7659652829170227,0.4984446167945862,0.7681130766868591,0.6107931733131409,0.895281970500946,0.4966155588626861,0.8998632431030273,0.5849781632423401,0.3483500480651855
0.5896441340446472,0.2619069814682007,0.6077224016189575,0.248255580663681,0.5647944808006287,0.2461471259593963,0.6180187463760376,0.2567519545555115,0.5340267419815063,0.2553627490997314,0.6811357140541077,0.3367964625358581,0.4501608312129974,0.3507080376148224,0.7996261119842529,0.2788381278514862,0.298530638217926,0.3820573985576629,0.7465289235115051,0.1762817203998565,0.1337165832519531,0.3854890167713165,0.6237981915473938,0.6067368984222412,0.4947875142097473,0.6073948740959167,0.6127305626869202,0.7587827444076538,0.4899774193763733,0.7629838585853577,0.6068382859230042,0.8921617269515991,0.492419958114624,0.8944839239120483,0.5656482726335526,0.3437522500753402
0.5764247179031372,0.2548736333847046,0.5941879749298096,0.2405038774013519,0.5498133897781372,0.2390343099832534,0.6056434512138367,0.247476041316986,0.522124707698822,0.2453561723232269,0.6730057001113892,0.3290927708148956,0.4380947947502136,0.3406260311603546,0.7745602130889893,0.2714413106441498,0.2872973978519439,0.3706395030021667,0.7272069454193115,0.1626893430948257,0.1214431300759315,0.3759644627571106,0.6101803779602051,0.596388041973114,0.4837293028831482,0.5964571833610535,0.5981385707855225,0.7417505979537964,0.480050653219223,0.7477681040763855,0.595391035079956,0.8721798658370972,0.4829420447349548,0.878437876701355,0.5555502474308014,0.3348594009876251
0.5657230615615845,0.25918909907341,0.5821282863616943,0.2458453476428985,0.5406079292297363,0.2441873550415039,0.5926411151885986,0.2539265155792236,0.5130202174186707,0.251053899526596,0.6577876806259155,0.3306183815002441,0.4322579801082611,0.3441873788833618,0.7553365230560303,0.2716923058032989,0.2863860726356506,0.3762009441852569,0.7087299227714539,0.1679184436798095,0.1259263157844543,0.383845716714859,0.6130092144012451,0.5872145891189575,0.4921002984046936,0.590322732925415,0.6006287336349487,0.7279598712921143,0.4897182881832123,0.7375165820121765,0.6059391498565674,0.857853353023529,0.4996461272239685,0.8687738180160522,0.5450228303670883,0.337402880191803
0.595720648765564,0.2827317118644714,0.6068776845932007,0.2691690325736999,0.5717395544052124,0.2686696350574493,0.6136709451675415,0.2753047943115234,0.5403657555580139,0.2747498452663421,0.6749817132949829,0.3478898406028747,0.4668630957603454,0.3651461005210876,0.7610249519348145,0.2901746332645416,0.327677845954895,0.3951661884784698,0.7148306369781494,0.195790022611618,0.1712832152843475,0.4057181179523468,0.6446021795272827,0.588557779788971,0.5336055755615234,0.5938639044761658,0.6415551900863647,0.7286959290504456,0.5359990000724792,0.7373148202896118,0.6479824781417847,0.8553236722946167,0.5470009446144104,0.8659204244613647,0.5709224045276642,0.3565179705619812
0.6001672148704529,0.3214226365089416,0.6130043268203735,0.3102715611457824,0.5775082111358643,0.3091840445995331,0.620978832244873,0.3148374259471893,0.5506305694580078,0.3141474425792694,0.6760092973709106,0.3820984661579132,0.4815835952758789,0.3970998227596283,0.7609335780143738,0.3313187658786773,0.3479256629943847,0.4264315962791443,0.71736079454422,0.2437507808208465,0.2000671923160553,0.4316020607948303,0.633906364440918,0.6150761246681213,0.5271489024162292,0.6161524653434753,0.6208433508872986,0.747548520565033,0.519964337348938,0.7574799060821533,0.622455894947052,0.8717185258865356,0.5263252258300781,0.8808318376541138,0.5787964463233948,0.3895991444587707
0.628896176815033,0.3335498571395874,0.6396472454071045,0.322121262550354,0.6094006896018982,0.3201889991760254,0.645915150642395,0.3285001516342163,0.5824373960494995,0.3252700269222259,0.6977020502090454,0.3943810164928436,0.5092889666557312,0.3986956477165222,0.7779102325439453,0.3480756878852844,0.3808726668357849,0.4210067391395569,0.743911862373352,0.2600990235805511,0.2425669133663177,0.4258010685443878,0.6475663185119629,0.6128076910972595,0.5453752875328064,0.6129907965660095,0.638360321521759,0.741016149520874,0.531962513923645,0.7464558482170105,0.6335973739624023,0.8603177666664124,0.5323405265808105,0.8617560863494873,0.6034955084323883,0.3965383321046829
0.6270197629928589,0.3593502342700958,0.6399153470993042,0.3480705916881561,0.6072030067443848,0.3463393449783325,0.6467737555503845,0.3529784381389618,0.5812737941741943,0.3493783175945282,0.6921764612197876,0.4160108566284179,0.5112403035163879,0.4234311282634735,0.7695055603981018,0.371214210987091,0.385983407497406,0.4461699724197387,0.7392764687538147,0.2895660996437073,0.2501912713050842,0.449170708656311,0.6379894018173218,0.6283365488052368,0.5422664284706116,0.6269358396530151,0.6228609085083008,0.7509183287620544,0.5268246531486511,0.7583431601524353,0.6199979186058044,0.8677746057510376,0.52618807554245,0.8732953667640686,0.6017083823680878,0.4197209924459457
0.637525200843811,0.3606004416942596,0.6510388851165771,0.3504852056503296,0.6183198690414429,0.3490655720233917,0.6578494906425476,0.3547306954860687,0.5944675207138062,0.3528003096580505,0.7035198211669922,0.4155765175819397,0.5275955200195312,0.4234224557876587,0.7772486209869385,0.3700803220272064,0.4026129245758056,0.4446930885314941,0.7449272274971008,0.2921932935714721,0.2647649049758911,0.4509795308113098,0.6553347110748291,0.6226590871810913,0.5569651126861572,0.6204273700714111,0.6382388472557068,0.7514752149581909,0.544056236743927,0.75345778465271,0.6280422210693359,0.8658745288848877,0.5474742650985718,0.8672950267791748,0.6155576705932617,0.4194994866847992
0.6305862069129944,0.3651222884654999,0.6436827778816223,0.3556325733661651,0.6113146543502808,0.3530913591384887,0.6504190564155579,0.3593885004520416,0.5867137312889099,0.3573231697082519,0.6932884454727173,0.4159099459648132,0.5251132249832153,0.4261156320571899,0.7686518430709839,0.3688254654407501,0.4016644358634949,0.4513224363327026,0.7295151352882385,0.2939925193786621,0.2693730890750885,0.4602440595626831,0.6533181071281433,0.6225165128707886,0.5613536834716797,0.6234515905380249,0.6435312032699585,0.7444696426391602,0.5524281859397888,0.751287043094635,0.6404988169670105,0.8574722409248352,0.5560937523841858,0.8629480004310608,0.6092008352279663,0.4210127890110016
0.5695185661315918,0.3556607067584991,0.58183753490448,0.3458953201770782,0.5507275462150574,0.3441685140132904,0.5867108702659607,0.3499841690063476,0.5263278484344482,0.3471415936946869,0.6285097599029541,0.4100826382637024,0.461846649646759,0.417240560054779,0.7005925178527832,0.3624090552330017,0.3416934609413147,0.4407365620136261,0.6669167280197144,0.286964863538742,0.20757956802845,0.4480267763137817,0.5879763960838318,0.6122305393218994,0.4979986548423767,0.6127891540527344,0.5797339677810669,0.7338311672210693,0.4887986779212951,0.7419792413711548,0.5799024105072021,0.8441224694252014,0.4935968816280365,0.8528199791908264,0.5451782047748566,0.4136615991592407
0.5724018216133118,0.3686736822128296,0.5869600176811218,0.3585254549980163,0.5543872714042664,0.3559678792953491,0.5936239361763,0.3632073402404785,0.5298287868499756,0.3585438430309295,0.6369044184684753,0.4242665469646454,0.4597388803958893,0.4276601374149322,0.7113164663314819,0.3807298541069031,0.3358688354492187,0.4435396790504455,0.682942271232605,0.3001618683338165,0.1963336765766143,0.4476380348205566,0.5786779522895813,0.6339029669761658,0.4818131327629089,0.6302345991134644,0.5578656196594238,0.7583014965057373,0.4649354517459869,0.7592353820800781,0.5399752855300903,0.8681315779685974,0.4628913998603821,0.8699256777763367,0.5483216494321823,0.4259633421897888
0.5392690896987915,0.3326835334300995,0.5493832230567932,0.320724755525589,0.5186530947685242,0.318992406129837,0.5542376041412354,0.3271591067314148,0.4900155663490295,0.3243564069271087,0.600531816482544,0.3924086391925812,0.4194071888923645,0.3949195742607116,0.679560124874115,0.3500152230262756,0.2891085743904114,0.4152333438396454,0.6467769742012024,0.2624475061893463,0.1477905511856079,0.4184452891349792,0.5483952164649963,0.6040962934494019,0.4475959241390228,0.6040930151939392,0.5358341932296753,0.7280257344245911,0.4397757649421692,0.732912003993988,0.5255676507949829,0.8352710008621216,0.4355269372463226,0.8451173305511475,0.5099695026874542,0.3936641067266464
0.528380811214447,0.3608770072460174,0.5421163439750671,0.3499003648757934,0.508354663848877,0.3480592370033264,0.5495078563690186,0.3550741970539093,0.4840291440486908,0.3514080047607422,0.5989446043968201,0.4215268194675445,0.4114390015602112,0.4267348647117615,0.6819496154785156,0.3769693374633789,0.2740519046783447,0.4478763937950134,0.6500756144523621,0.2906335890293121,0.1293472051620483,0.4528785347938537,0.5447860956192017,0.6424652934074402,0.4425714910030365,0.6403685212135315,0.5303506851196289,0.772985577583313,0.4299846291542053,0.7784848809242249,0.5191599130630493,0.8900004625320435,0.4327011108398437,0.8966010808944702,0.5051918029785156,0.424130842089653
0.59607994556427,0.3455194234848022,0.6087093949317932,0.3338666558265686,0.576077938079834,0.331023633480072,0.6160134673118591,0.339681327342987,0.5468288660049438,0.3378784954547882,0.6660634279251099,0.4056946933269501,0.4749556481838226,0.4159250855445862,0.7598910927772522,0.3570617437362671,0.3396372497081756,0.4341845214366913,0.7197670936584473,0.2716177999973297,0.1932158470153808,0.4401009380817413,0.618279218673706,0.6324313879013062,0.5136779546737671,0.6319429278373718,0.6045494675636292,0.7720543146133423,0.5034312605857849,0.7752662897109985,0.6000527739524841,0.8921210765838623,0.5088472366333008,0.8946586847305298,0.5705095380544662,0.4108098894357681
0.6521555781364441,0.3215383291244507,0.6656418442726135,0.3112596571445465,0.6317768096923828,0.3089397549629211,0.6729379296302795,0.316348671913147,0.605598509311676,0.312520295381546,0.7261481881141663,0.3845589756965637,0.5279547572135925,0.3926213979721069,0.817560076713562,0.3369802832603454,0.398546427488327,0.414803683757782,0.778899073600769,0.2458853125572204,0.2521117031574249,0.4146444499492645,0.6625024676322937,0.6172415614128113,0.5530418157577515,0.6148993968963623,0.640402615070343,0.7466468214988708,0.5387306809425354,0.7531400322914124,0.6370103359222412,0.8642200231552124,0.5403767824172974,0.8710628151893616,0.6270514726638794,0.3885901868343353
0.597248375415802,0.3772448301315307,0.6136490702629089,0.3667114377021789,0.5778690576553345,0.3632059097290039,0.6237006187438965,0.3728754818439483,0.5512580871582031,0.3692668974399566,0.6697315573692322,0.4386557936668396,0.4785457253456116,0.4454424679279327,0.7694313526153564,0.3941960036754608,0.3526782095432281,0.4639157354831695,0.7265482544898987,0.3094151318073272,0.2049603909254074,0.4638585150241852,0.6097370386123657,0.663274884223938,0.5032651424407959,0.6611778736114502,0.5880864858627319,0.7956876158714294,0.4885653853416443,0.8002340793609619,0.5768746137619019,0.9220995306968688,0.4816548824310303,0.9230422973632812,0.5741386413574219,0.4420491307973861
0.545350193977356,0.4015530347824096,0.5587234497070312,0.3894572854042053,0.5243912935256958,0.3870594799518585,0.5660470724105835,0.3958850800991058,0.499175876379013,0.3922939002513885,0.6207282543182373,0.4617202877998352,0.4268813729286194,0.4669297933578491,0.7073390483856201,0.4169028997421264,0.2960324883460998,0.491150826215744,0.6703245043754578,0.3246402740478515,0.1523644030094146,0.4915563464164734,0.5658077001571655,0.6842997074127197,0.4581687450408935,0.6846508383750916,0.5499488711357117,0.8201421499252319,0.4446741640567779,0.8220342993736267,0.5492492914199829,0.9521950483322144,0.4355319440364837,0.9527870416641236,0.5238048136234283,0.4643250405788421
0.5936885476112366,0.3329163789749145,0.607627272605896,0.3229296803474426,0.5726699829101562,0.3206574022769928,0.6152642965316772,0.3278290927410126,0.5452085137367249,0.3241207301616668,0.6625888347625732,0.3978800773620605,0.4724434018135071,0.4001547396183014,0.7554963827133179,0.3495433032512665,0.3434405922889709,0.4196765124797821,0.7172632217407227,0.2622799277305603,0.2054739296436309,0.4202889502048492,0.6008270382881165,0.6153255105018616,0.4975520670413971,0.612904965877533,0.5816460251808167,0.7433261871337891,0.4805956482887268,0.7465457916259766,0.5723681449890137,0.8641712665557861,0.4759844839572906,0.8610383868217468,0.5675161182880402,0.3990174084901809
0.5707198977470398,0.3676376640796661,0.5869542360305786,0.3571074903011322,0.5515472888946533,0.3543295860290527,0.5967109799385071,0.3616856336593628,0.5279327034950256,0.3583334386348724,0.6445139646530151,0.4249132871627807,0.4594780802726745,0.4329380393028259,0.7312599420547485,0.3793344795703888,0.3377721309661865,0.4533465802669525,0.6921448707580566,0.2965310513973236,0.1931459307670593,0.4524481892585754,0.5896211862564087,0.6454454064369202,0.4875544607639313,0.6432702541351318,0.5719611048698425,0.7729681730270386,0.4763374328613281,0.7799726128578186,0.5611905455589294,0.8923171162605286,0.4778105616569519,0.8944820165634155,0.5519960224628448,0.4289256632328033
0.6061389446258545,0.3708159327507019,0.6156151294708252,0.3616940677165985,0.5895676016807556,0.3599888980388641,0.6204403638839722,0.3664880990982055,0.5657455325126648,0.365287721157074,0.6596536636352539,0.4202443063259125,0.5058972239494324,0.4278069138526916,0.7357132434844971,0.3790860772132873,0.3964954316616058,0.4420074224472046,0.7036263346672058,0.3111844360828399,0.2738057971000671,0.4451987147331238,0.6208793520927429,0.6047611832618713,0.5367030501365662,0.6035035252571106,0.6074435710906982,0.7182261347770691,0.5241644382476807,0.7196575403213501,0.6023610830307007,0.8177672028541565,0.5271372199058533,0.8182306289672852,0.5827754437923431,0.424025610089302
0.6059864163398743,0.4065499901771545,0.6161120533943176,0.3967052102088928,0.5896853804588318,0.3951727151870727,0.6205872893333435,0.4010588824748993,0.5672950744628906,0.3996855616569519,0.6619479060173035,0.4525946974754333,0.5067428946495056,0.4636695086956024,0.7407083511352539,0.4133827090263366,0.3969188034534454,0.4774639904499054,0.7029670476913452,0.3446609079837799,0.2770284414291382,0.4810332953929901,0.6223791837692261,0.6375104188919067,0.5378636121749878,0.637658953666687,0.6126684546470642,0.7536951303482056,0.5268330574035645,0.7563573122024536,0.6083595752716064,0.853103518486023,0.5310809016227722,0.8573641180992126,0.5843454003334045,0.4581321030855179
0.5771921277046204,0.4194615185260772,0.5874267816543579,0.4111383557319641,0.5611114501953125,0.4091885685920715,0.5919260382652283,0.4158583283424377,0.5389820337295532,0.4128396213054657,0.6325816512107849,0.4691960215568542,0.4764498174190521,0.4768471121788025,0.709340512752533,0.4283669590950012,0.3668402433395386,0.4931226372718811,0.6762012839317322,0.3608528673648834,0.2506046891212463,0.4937054216861725,0.5908129811286926,0.6556602120399475,0.5051196217536926,0.6556607484817505,0.5812349319458008,0.7702672481536865,0.4995961189270019,0.7728399038314819,0.5713434815406799,0.8704080581665039,0.4947332441806793,0.8733614683151245,0.5545157343149185,0.4730215668678283
0.5816177129745483,0.3958858847618103,0.5944203734397888,0.3848396241664886,0.5639488101005554,0.3822211623191833,0.6025774478912354,0.3912267088890075,0.5403404235839844,0.3860354125499725,0.6457043290138245,0.4522382616996765,0.4722486138343811,0.4564021825790405,0.7257252335548401,0.4082447290420532,0.346424400806427,0.4735723733901977,0.6971198320388794,0.3273695111274719,0.2189560830593109,0.4750913679599762,0.5940662622451782,0.6555607914924622,0.5000776052474976,0.654882550239563,0.5812108516693115,0.7764765620231628,0.4844220280647278,0.7814317941665649,0.5774234533309937,0.8900859355926514,0.4835845828056335,0.8911972045898438,0.5589764714241028,0.4543202221393585
0.528591513633728,0.3878139853477478,0.5408765077590942,0.3756564855575561,0.5089017152786255,0.3739358782768249,0.5492518544197083,0.3818713724613189,0.4846891462802887,0.3784030079841614,0.5971598625183105,0.4412676393985748,0.4190641045570373,0.4491707980632782,0.672514021396637,0.3945116102695465,0.2919975519180298,0.4729030728340149,0.6359940767288208,0.3116307854652405,0.1522718369960785,0.4790720641613006,0.557383120059967,0.6517957448959351,0.4610844552516937,0.654880702495575,0.5535762906074524,0.7759771347045898,0.4622352123260498,0.7824582457542419,0.5533191561698914,0.8894550204277039,0.462823212146759,0.899316668510437,0.508111983537674,0.4452192187309265
0.5634690523147583,0.3705673515796661,0.5777779221534729,0.3610089421272278,0.5436514616012573,0.3589194416999817,0.5835950374603271,0.3657430708408355,0.5193440318107605,0.3629478812217712,0.6290372014045715,0.4261385202407837,0.4542104601860046,0.4361220896244049,0.705988883972168,0.3787303268909454,0.3238351345062256,0.4572122991085052,0.6689330339431763,0.2988912761211395,0.1811633706092834,0.4623034596443176,0.5858007669448853,0.638384222984314,0.4892455637454986,0.6394570469856262,0.5767436027526855,0.76056307554245,0.4820907711982727,0.7716649770736694,0.5770211219787598,0.8727754950523376,0.4841887056827545,0.8871822357177734,0.5416238307952881,0.4311303049325943
0.5286282896995544,0.3313330709934234,0.5490689277648926,0.3176124393939972,0.5068771839141846,0.3169610202312469,0.5628295540809631,0.3244314193725586,0.4868817329406738,0.3223268091678619,0.6251672506332397,0.394492357969284,0.4160066246986389,0.3986011147499084,0.7725457549095154,0.3719164431095123,0.2648766934871673,0.3999868631362915,0.6835471391677856,0.2979874610900879,0.1199568733572959,0.3917910158634186,0.5814428925514221,0.6209335327148438,0.4630123972892761,0.6220343708992004,0.5688764452934265,0.7496160268783569,0.4589882791042328,0.7523822784423828,0.57017582654953,0.8551603555679321,0.4563870429992676,0.8604965209960938,0.5205869376659393,0.3965467363595962
0.5420658588409424,0.3144688904285431,0.5645697712898254,0.3023971021175384,0.5221565961837769,0.3026293814182281,0.5803796648979187,0.3093028962612152,0.5041512250900269,0.3078766167163849,0.6448089480400085,0.3797986805438995,0.4352518916130066,0.386652261018753,0.7870297431945801,0.3606095612049103,0.2868854403495788,0.3899890780448913,0.7039228081703186,0.2850452065467834,0.1404519081115722,0.3819905519485473,0.6027788519859314,0.6027157306671143,0.4845465123653412,0.6077913045883179,0.5862515568733215,0.7272955179214478,0.4794987142086029,0.7317954897880554,0.5807974338531494,0.8265262842178345,0.4765818119049072,0.8414907455444336,0.5400304198265076,0.3832254707813263
0.5833147764205933,0.3304286897182464,0.5997406244277954,0.3188019394874573,0.5604217052459717,0.3170960247516632,0.614824116230011,0.3272692561149597,0.536571204662323,0.3240213096141815,0.6787228584289551,0.3946224451065063,0.4652095735073089,0.401168555021286,0.8234634399414062,0.3695875406265259,0.3161830604076385,0.3996285498142242,0.7376248836517334,0.2918643653392792,0.1728284060955047,0.3937555849552154,0.6328729391098022,0.621742308139801,0.5143797397613525,0.6252167820930481,0.6144843697547913,0.7521321773529053,0.5084171295166016,0.7524306178092957,0.6135318279266357,0.8550585508346558,0.5091173052787781,0.8567736148834229,0.571966215968132,0.3978955000638962
0.6011182069778442,0.3349431455135345,0.625058650970459,0.3214383423328399,0.5804876685142517,0.3223145306110382,0.6423179507255554,0.3290710747241974,0.5623596906661987,0.3276944160461426,0.7065215110778809,0.3987900912761688,0.4986942708492279,0.4045987725257873,0.8510031700134277,0.3761898279190063,0.3479081392288208,0.4064077734947204,0.7699978351593018,0.2975179851055145,0.2030805349349975,0.395687460899353,0.6530575752258301,0.6326152682304382,0.5356560945510864,0.6310381293296814,0.6348859071731567,0.7667898535728455,0.5341058969497681,0.7652686834335327,0.6340400576591492,0.859967827796936,0.5290781259536743,0.861738920211792,0.6026078909635544,0.4016944319009781
0.6052590012550354,0.3494865298271179,0.6275076270103455,0.335679143667221,0.5851088762283325,0.3348683416843414,0.6400646567344666,0.3420676589012146,0.5634875893592834,0.3385898768901825,0.6993568539619446,0.4075645208358764,0.4877761304378509,0.4128949344158172,0.847909152507782,0.3875645399093628,0.3388472199440002,0.4145154953002929,0.7792609930038452,0.3047697842121124,0.1925629675388336,0.4055661559104919,0.6576275825500488,0.6293165683746338,0.5373892784118652,0.6320124864578247,0.637485146522522,0.7628742456436157,0.5341872572898865,0.763768196105957,0.6284564137458801,0.8664582967758179,0.5258264541625977,0.8690706491470337,0.5935664921998978,0.4102297276258468
0.5994637608528137,0.3474975824356079,0.623068630695343,0.3346654176712036,0.5817002654075623,0.333320289850235,0.6378331780433655,0.3427190780639648,0.5628108978271484,0.3389511108398437,0.7009333968162537,0.4107464253902435,0.4906793534755707,0.4168937802314758,0.8447301983833313,0.385966032743454,0.3442443907260895,0.4174379110336303,0.8035686612129211,0.2905114293098449,0.1929120421409607,0.4074133336544037,0.6578977704048157,0.6351388692855835,0.5374831557273865,0.6364914178848267,0.6372238397598267,0.771156907081604,0.53162682056427,0.7670354843139648,0.6315543055534363,0.8647667765617371,0.5266006588935852,0.870009183883667,0.5958063751459122,0.4138201028108597
0.616045355796814,0.3446202576160431,0.6381534934043884,0.3313601911067962,0.5964029431343079,0.3305748701095581,0.6545975804328918,0.3384150564670563,0.5764749646186829,0.3355901837348938,0.7244718670845032,0.4064905941486358,0.5080611109733582,0.4138445258140564,0.8698434829711914,0.3795332312583923,0.365032434463501,0.4132542908191681,0.8531791567802429,0.282760739326477,0.2065513581037521,0.4099329113960266,0.6773508787155151,0.6407204270362854,0.5557076930999756,0.6418026685714722,0.663636326789856,0.7623987197875977,0.5490273237228394,0.7669658660888672,0.657172679901123,0.8680024743080139,0.5509470105171204,0.8726370334625244,0.6162664890289307,0.4101675599813461
0.6386260390281677,0.3471022248268127,0.6600915789604187,0.3326296806335449,0.6163681745529175,0.3327894806861877,0.6749324202537537,0.3392467200756073,0.5958989262580872,0.3389721810817718,0.745213508605957,0.4087979197502136,0.5268394351005554,0.4170565903186798,0.8919084668159485,0.3830040991306305,0.3798329830169678,0.4195365905761719,0.8715163469314575,0.2878019213676452,0.2311691790819168,0.4119544625282287,0.6937327980995178,0.6403370499610901,0.5706698298454285,0.6397379636764526,0.6763185858726501,0.7643206119537354,0.5723463296890259,0.769117534160614,0.671108603477478,0.8609411716461182,0.5686185359954834,0.872273862361908,0.6360264718532562,0.4129272550344467
0.6170055270195007,0.3445694744586944,0.6381483674049377,0.3307515382766723,0.5940566658973694,0.3285357654094696,0.6524167656898499,0.3384235799312591,0.5729469060897827,0.3343812525272369,0.7132306694984436,0.4157414436340332,0.500589907169342,0.4149523675441742,0.8539549112319946,0.4247309863567352,0.3498702347278595,0.4222598969936371,0.8700942993164062,0.3341959416866302,0.1958711743354797,0.4156714081764221,0.6589986085891724,0.6358174085617065,0.5398356914520264,0.6336728930473328,0.6388437151908875,0.7627403736114502,0.5336268544197083,0.76334547996521,0.63243567943573,0.8622817993164062,0.5289991497993469,0.8709931969642639,0.6069102883338928,0.4153469055891037
0.5754141211509705,0.3459414839744568,0.5946400761604309,0.3335727453231811,0.5546184778213501,0.3307541906833648,0.6119596362113953,0.3418306410312652,0.5315845012664795,0.3374809026718139,0.6687743663787842,0.4253905117511749,0.4555605947971344,0.4193787574768066,0.8005951046943665,0.4630460143089294,0.3095791339874267,0.4462079405784607,0.8193839192390442,0.3757854402065277,0.1537103950977325,0.4510800540447235,0.6165120005607605,0.6388518214225769,0.4965951442718506,0.638437032699585,0.6005293726921082,0.7721782326698303,0.4923171103000641,0.7729753255844116,0.5927553176879883,0.872050404548645,0.4895763993263244,0.878466010093689,0.5621674805879593,0.4223846346139908
0.5839759111404419,0.3336813151836395,0.6128862500190735,0.3201329410076141,0.5694655776023865,0.3184655904769897,0.6386808753013611,0.3250670731067657,0.557773768901825,0.3221749067306518,0.7025768756866455,0.4048534333705902,0.4881908893585205,0.4091255962848663,0.8408376574516296,0.4270334839820862,0.3423601388931274,0.4383746385574341,0.8414578437805176,0.3316415250301361,0.1933387815952301,0.4516497850418091,0.6633543968200684,0.6322823166847229,0.5404210090637207,0.6322581171989441,0.6493279337882996,0.759779155254364,0.5430496335029602,0.7625312805175781,0.6429125666618347,0.859789252281189,0.5401941537857056,0.8641068935394287,0.595383882522583,0.4069895148277282
0.550081729888916,0.3374367952346802,0.5770811438560486,0.3226509094238281,0.539345383644104,0.3208611607551574,0.6074939966201782,0.327443927526474,0.5366389155387878,0.3240134119987488,0.6763117909431458,0.4032517671585083,0.4635007977485657,0.412708967924118,0.8211458325386047,0.3966821432113647,0.313407838344574,0.4394906759262085,0.8010228872299194,0.2955265343189239,0.1614860296249389,0.4530773758888244,0.6366959810256958,0.6353917717933655,0.5192825198173523,0.6364490389823914,0.6133677363395691,0.7634214162826538,0.5074810981750488,0.7643479704856873,0.6040090322494507,0.8681589961051941,0.5063306093215942,0.8718259334564209,0.5699062943458557,0.4079803675413131
0.5552336573600769,0.3147707283496856,0.5842666625976562,0.3002512753009796,0.5483419299125671,0.299430787563324,0.6150053143501282,0.3062587380409241,0.5476303100585938,0.3046208620071411,0.6897688508033752,0.385164201259613,0.4741219580173492,0.3917388916015625,0.8322042226791382,0.3691050410270691,0.328903317451477,0.4194275140762329,0.7983865737915039,0.2689580917358398,0.174429565668106,0.4261051714420318,0.6426942348480225,0.6072818636894226,0.5246464014053345,0.6087378859519958,0.6178807616233826,0.7383401393890381,0.5093963146209717,0.7389341592788696,0.6095439195632935,0.8407297134399414,0.5071414113044739,0.8454917669296265,0.5819454044103622,0.3884515464305877
0.5484579205513,0.3267758190631866,0.57437664270401,0.3148249685764313,0.530003547668457,0.3138144314289093,0.5925320982933044,0.3196220397949219,0.5140693187713623,0.3187938928604126,0.6540740728378296,0.3941706717014313,0.4492018818855285,0.4034588932991028,0.7925155758857727,0.3759802579879761,0.3091521561145782,0.4209701120853424,0.7595334649085999,0.2807555794715881,0.1589023470878601,0.4259369969367981,0.6295741200447083,0.614508330821991,0.5170939564704895,0.6198050379753113,0.6165750026702881,0.7395359873771667,0.5116928815841675,0.7468754053115845,0.6133850812911987,0.8382894992828369,0.5182995796203613,0.8471115231513977,0.5516379773616791,0.398814782500267
0.5745822191238403,0.3635657131671905,0.5960787534713745,0.3519519865512848,0.553795576095581,0.3497548997402191,0.6088706254959106,0.3604108989238739,0.5318317413330078,0.3557879030704498,0.6648881435394287,0.4270424544811249,0.4651669859886169,0.4328292608261108,0.7994992733001709,0.4170988202095032,0.3209722638130188,0.4282093644142151,0.7755969762802124,0.3243221938610077,0.190781682729721,0.3942615687847137,0.6317386627197266,0.642541229724884,0.5214643478393555,0.645277202129364,0.6147109866142273,0.7605608105659485,0.5155827403068542,0.7682234644889832,0.6092777252197266,0.8551819324493408,0.5164662003517151,0.8651868104934692,0.5650275647640228,0.4299358576536178
0.5840842127799988,0.3736059963703155,0.6057175993919373,0.3618239760398865,0.5659034252166748,0.3608531951904297,0.6230472326278687,0.3718747198581695,0.5489076375961304,0.3693065941333771,0.6886226534843445,0.4389901161193847,0.4934473931789398,0.4437133371829986,0.8178331255912781,0.426996648311615,0.3669130802154541,0.4160496592521667,0.7982801198959351,0.3360156714916229,0.2308573722839355,0.3590823411941528,0.6575449705123901,0.651846170425415,0.5475709438323975,0.6541090607643127,0.6439234614372253,0.7638261318206787,0.547394871711731,0.7714906334877014,0.645478367805481,0.8604210019111633,0.5549216270446777,0.8694311380386353,0.5910350233316422,0.4413517266511917
0.5936875939369202,0.3777910768985748,0.618245005607605,0.3663918077945709,0.5811124444007874,0.3665951192378998,0.6402652263641357,0.374449759721756,0.5732815265655518,0.3729972541332245,0.7043318152427673,0.4401896297931671,0.5209685564041138,0.4414347410202026,0.821553111076355,0.4238336384296417,0.3964315056800842,0.4179234504699707,0.8067043423652649,0.3365140557289123,0.2613304853439331,0.3860660195350647,0.6749628782272339,0.6450698971748352,0.5698703527450562,0.6456677317619324,0.667802095413208,0.760563850402832,0.5711475610733032,0.7657586336135864,0.671925961971283,0.8461427092552185,0.5801199078559875,0.8570507168769836,0.6126501858234406,0.4408121854066849
0.5932141542434692,0.3880983889102936,0.6198722720146179,0.3748966157436371,0.5796665549278259,0.374620109796524,0.6408858895301819,0.3823542594909668,0.5696682929992676,0.379224956035614,0.7069023251533508,0.4434151351451874,0.5074852705001831,0.4481918215751648,0.8247316479682922,0.409692645072937,0.3661463856697082,0.4303814768791199,0.8047293424606323,0.3120213747024536,0.2144293338060379,0.4070384204387665,0.658340334892273,0.6668439507484436,0.5432798862457275,0.6649243235588074,0.635490357875824,0.7939895391464233,0.5355768799781799,0.7948277592658997,0.6342316269874573,0.8958867788314819,0.5297050476074219,0.9033104181289672,0.607193797826767,0.4458034783601761
0.5615485906600952,0.3314284682273865,0.5928901433944702,0.3180787861347198,0.5471550226211548,0.3150292336940765,0.618658185005188,0.3279536068439483,0.5374309420585632,0.3213779330253601,0.6916138529777527,0.4061654806137085,0.4647485613822937,0.4039154648780823,0.8304883241653442,0.38780277967453,0.3038059771060943,0.397086888551712,0.8246551752090454,0.2802702486515045,0.1345145404338836,0.3833318650722503,0.6331743001937866,0.6513689160346985,0.5045586824417114,0.6481166481971741,0.6143445372581482,0.787628173828125,0.5011011362075806,0.7915600538253784,0.6156725287437439,0.9043420553207396,0.500400722026825,0.910167634487152,0.5781812071800232,0.4050404727458954
0.5815541744232178,0.3467066586017608,0.6097397208213806,0.3342594802379608,0.5632787942886353,0.3319449424743652,0.628433883190155,0.3395766019821167,0.547695517539978,0.3361707329750061,0.6904643774032593,0.4183817505836487,0.4686023592948913,0.4217528104782104,0.8407427072525024,0.405795693397522,0.3143918812274933,0.4409984648227691,0.8156482577323914,0.3021673560142517,0.1481495201587677,0.4432641267776489,0.6439744830131531,0.6607909798622131,0.5186913013458252,0.6623061895370483,0.6242002248764038,0.8028144240379333,0.5078704357147217,0.8026103973388672,0.6181743741035461,0.913496732711792,0.5060800313949585,0.924700915813446,0.5795333683490753,0.4200672805309295
0.5565834641456604,0.3139422535896301,0.5799692273139954,0.299487292766571,0.5386230945587158,0.2985227406024933,0.5991220474243164,0.3056471645832062,0.5200536251068115,0.3055053949356079,0.661139965057373,0.3807151913642883,0.4426660537719726,0.3973107933998108,0.806932806968689,0.3712729215621948,0.3048864305019378,0.4385993182659149,0.7762159109115601,0.2733934819698334,0.154575228691101,0.467076301574707,0.6252530217170715,0.6086161136627197,0.50401771068573,0.6120747327804565,0.6150110363960266,0.7445758581161499,0.4943524301052093,0.750981867313385,0.6044215559959412,0.8549506664276123,0.4977096617221832,0.8630989789962769,0.5519030094146729,0.3890129923820495
0.5364929437637329,0.3168447911739349,0.5601633787155151,0.3043687045574188,0.5197893381118774,0.3023377060890198,0.5796968936920166,0.314058393239975,0.5041415691375732,0.3100204467773437,0.6462748050689697,0.3958255350589752,0.431382417678833,0.4014802277088165,0.7800524234771729,0.4282835721969604,0.2960677146911621,0.44227135181427,0.7640622854232788,0.3350141644477844,0.1507220566272735,0.470663845539093,0.6050451397895813,0.6109228730201721,0.4931332468986511,0.6140718460083008,0.6000275015830994,0.7449813485145569,0.4870379567146301,0.7470605969429016,0.5969723463058472,0.846404492855072,0.4917431771755218,0.8549237847328186,0.5388286113739014,0.3986528813838959
0.5906344056129456,0.3585682511329651,0.6120043396949768,0.3449329435825348,0.5695443749427795,0.3419181704521179,0.6285380125045776,0.3526245355606079,0.5497317910194397,0.3476301729679107,0.6846212148666382,0.4321308135986328,0.4784473478794098,0.4321893453598022,0.8087356686592102,0.4814569056034088,0.3456584215164184,0.4761552810668945,0.8158718943595886,0.3981008529663086,0.2065827399492263,0.499526709318161,0.6425632834434509,0.6385316252708435,0.5345361232757568,0.6392167806625366,0.6274842619895935,0.7755106091499329,0.520728588104248,0.7723228931427002,0.6228058934211731,0.8815740346908569,0.518252968788147,0.8874845504760742,0.581534281373024,0.4321600794792175
0.5722318887710571,0.3194781839847564,0.5965709686279297,0.3086086511611938,0.5558795928955078,0.3052773475646972,0.6149886846542358,0.3188694715499878,0.5400369167327881,0.3126606047153473,0.6746096611022949,0.3996898531913757,0.4625353217124939,0.4011146426200866,0.7968406677246094,0.4454153776168823,0.3347952961921692,0.4454445540904999,0.8040786981582642,0.3633567094802856,0.1910324692726135,0.4697259664535522,0.6278225183486938,0.6060045957565308,0.517295241355896,0.6065770387649536,0.6152470111846924,0.7397674322128296,0.5021392703056335,0.7395756840705872,0.6045299172401428,0.8412447571754456,0.5017791986465454,0.8495432734489441,0.5685724914073944,0.4004022479057312
0.5413144826889038,0.3088798522949219,0.5709831714630127,0.2952509820461273,0.5328009724617004,0.2917661368846893,0.600134551525116,0.3052527010440826,0.5313917994499207,0.298586368560791,0.6792956590652466,0.3890849947929382,0.4513807892799377,0.3940081000328064,0.814848780632019,0.4357418119907379,0.3087288439273834,0.4408426880836487,0.8104276657104492,0.3466155230998993,0.1539366543292999,0.4696296453475952,0.6347180604934692,0.618224561214447,0.5107404589653015,0.6188057661056519,0.619570791721344,0.7658823728561401,0.5004972219467163,0.7637821435928345,0.6118440628051758,0.8745380640029907,0.5035114884376526,0.8851720690727234,0.5653382241725922,0.3915465474128723
0.6087321639060974,0.2757843434810638,0.6337042450904846,0.2622527480125427,0.5889469385147095,0.2613773941993713,0.6520290970802307,0.2721291482448578,0.568443775177002,0.2701160311698913,0.7153178453445435,0.3531537652015686,0.4942587018013,0.3612161874771118,0.8551972508430481,0.3877159357070923,0.3501122891902923,0.396866500377655,0.8439175486564636,0.293807715177536,0.1950105130672454,0.4172766506671905,0.6798698902130127,0.5776731371879578,0.5581588745117188,0.582635223865509,0.667818009853363,0.7221230864524841,0.546676754951477,0.7262308597564697,0.6657458543777466,0.8448679447174072,0.5554553270339966,0.8506788015365601,0.6047882735729218,0.3571849763393402
0.5431169271469116,0.3785625100135803,0.5616329312324524,0.3673229813575744,0.5286116600036621,0.3657956123352051,0.5741058588027954,0.3728841543197632,0.5085164308547974,0.3709277212619781,0.6212256550788879,0.4340313374996185,0.4453075528144836,0.4334635734558105,0.7344287633895874,0.4237452745437622,0.3296840190887451,0.4375918805599212,0.6984537839889526,0.3500835597515106,0.2055133283138275,0.4290077090263366,0.5879923105239868,0.6123628616333008,0.4843184053897857,0.6142250895500183,0.5677406787872314,0.7228919863700867,0.4693043828010559,0.7288962602615356,0.5585774779319763,0.8194366097450256,0.4661425054073334,0.8290883898735046,0.5332666039466858,0.4337474554777145
0.6079927086830139,0.3660087883472442,0.6236677765846252,0.356387197971344,0.5934889912605286,0.3547316193580627,0.6329867839813232,0.3625980019569397,0.573098361492157,0.3599224090576172,0.6748753190040588,0.4204701483249664,0.5118826627731323,0.4214369058609009,0.7890533804893494,0.4103164076805115,0.4051589369773865,0.4325854480266571,0.7354349493980408,0.3400510549545288,0.2951692342758178,0.4306201934814453,0.6474486589431763,0.5860655307769775,0.5535057783126831,0.5892186760902405,0.6328443288803101,0.6936007738113403,0.540419340133667,0.695806086063385,0.6220753192901611,0.7820796966552734,0.5385407209396362,0.7884176969528198,0.5933789908885956,0.4209535270929336
0.560982882976532,0.427833080291748,0.5766657590866089,0.4189120531082153,0.5482213497161865,0.4153558909893036,0.5882604122161865,0.4267817735671997,0.5321190357208252,0.4211336970329284,0.6254988312721252,0.4866372346878052,0.4728783071041107,0.481402575969696,0.7314535975456238,0.5113703608512878,0.3652345538139343,0.4933224022388458,0.6871581077575684,0.4480112791061401,0.2493964731693267,0.4907841384410858,0.5968958139419556,0.6482486724853516,0.5086269378662109,0.6494542360305786,0.5812205672264099,0.7585188150405884,0.49599090218544,0.7562032341957092,0.5765745639801025,0.8435941934585571,0.4994272291660309,0.8514264822006226,0.549188569188118,0.4840199053287506
0.5880619287490845,0.4022688269615173,0.6034432649612427,0.3933456540107727,0.5726174712181091,0.3904954195022583,0.6138839721679688,0.4009805917739868,0.553173303604126,0.3965446352958679,0.6566123962402344,0.4590738415718078,0.4979676604270935,0.4586014747619629,0.7606143355369568,0.4741116166114807,0.3850767612457275,0.4734354317188263,0.7296968102455139,0.4073368608951568,0.2701900005340576,0.4709756076335907,0.6274658441543579,0.6231979727745056,0.5408278703689575,0.6257577538490295,0.6166061758995056,0.7335912585258484,0.529962420463562,0.7350025177001953,0.6178615093231201,0.8168662190437317,0.5386245846748352,0.8251640796661377,0.5772900283336639,0.4588376581668854
0.6089320182800293,0.3962912559509277,0.6249977946281433,0.3864564001560211,0.5923017263412476,0.3852935433387756,0.6395076513290405,0.393148809671402,0.5771198272705078,0.3898944854736328,0.6868849396705627,0.4448758363723755,0.5296050310134888,0.4531789720058441,0.787190318107605,0.40900519490242,0.4160552620887756,0.4576026201248169,0.8268522024154663,0.337815374135971,0.2983026206493377,0.4593628644943237,0.6537147760391235,0.6306836605072021,0.5667054057121277,0.6315643191337585,0.6449109315872192,0.7290104627609253,0.5571498274803162,0.7320932149887085,0.6386352181434631,0.8178794980049133,0.5608966946601868,0.8270754218101501,0.6082449853420258,0.4490274041891098
0.6305026412010193,0.4086003303527832,0.6444071531295776,0.3975545167922973,0.6139240264892578,0.395034521818161,0.6513481140136719,0.4059163331985473,0.5941822528839111,0.3999663889408111,0.6863468885421753,0.4503877758979797,0.5346881747245789,0.4644360542297363,0.7372918725013733,0.3938018083572387,0.4207385182380676,0.4708859622478485,0.783449649810791,0.3140202462673187,0.3087229132652282,0.4725509583950043,0.6510413289070129,0.6357524394989014,0.563260555267334,0.6349437832832336,0.6346470713615417,0.7440681457519531,0.5498684644699097,0.7475916147232056,0.626002848148346,0.843407928943634,0.5474016666412354,0.8511477112770081,0.6105175316333771,0.457411915063858
0.584202766418457,0.3852654695510864,0.600089967250824,0.3739247024059295,0.567335844039917,0.3732455670833587,0.6134204268455505,0.3824777901172638,0.5495100021362305,0.3810480833053589,0.6615063548088074,0.4408615231513977,0.4965673387050628,0.4483013749122619,0.7559790015220642,0.4425975680351257,0.3885029554367065,0.4740427136421203,0.7741338610649109,0.3684650957584381,0.2676392197608948,0.4790600538253784,0.6287481188774109,0.6237154603004456,0.5341705083847046,0.624032199382782,0.6129938960075378,0.7353761196136475,0.518686830997467,0.7394681572914124,0.6032038331031799,0.8319516777992249,0.524215579032898,0.8406631946563721,0.5790368467569351,0.4445814490318298
0.6003443598747253,0.3144247233867645,0.6233335137367249,0.3021143972873688,0.5831047892570496,0.3003109097480774,0.6395660042762756,0.3092202544212341,0.5615578293800354,0.3073529601097107,0.6987912058830261,0.3836466670036316,0.4885219931602478,0.3896428942680359,0.8360542058944702,0.3729874789714813,0.3368760049343109,0.4090632498264313,0.7784359455108643,0.2848032116889953,0.182417094707489,0.4163209497928619,0.6522214412689209,0.6013954877853394,0.5338351130485535,0.5995501279830933,0.6331287622451782,0.7393497824668884,0.5364049077033997,0.7343112230300903,0.6301031112670898,0.8398621678352356,0.5405206084251404,0.842201828956604,0.593656599521637,0.3866447806358337
0.5846798419952393,0.3175980746746063,0.6044580340385437,0.3042243421077728,0.5665969252586365,0.3039514720439911,0.6194527745246887,0.3129715621471405,0.5437486171722412,0.3144453167915344,0.6799798011779785,0.3886937499046325,0.4728739857673645,0.3916612863540649,0.8155010938644409,0.3767010867595672,0.3228428065776825,0.4108306467533111,0.763667106628418,0.2903612852096557,0.1674168109893798,0.4217549860477447,0.6317236423492432,0.6026601791381836,0.5151420831680298,0.6031374335289001,0.6151471138000488,0.7418211102485657,0.5158421993255615,0.7422505021095276,0.6112797260284424,0.8409072756767273,0.5196911096572876,0.8424178957939148,0.5764268934726715,0.3901775181293487
0.5923063158988953,0.3729341626167297,0.6080784797668457,0.3603048026561737,0.5730568170547485,0.3598267734050751,0.6226261854171753,0.3689530491828918,0.5498154759407043,0.3699729740619659,0.6855172514915466,0.4420797228813171,0.4823397696018219,0.4492937326431274,0.8190785646438599,0.428756982088089,0.3355783224105835,0.4680496454238891,0.7603247761726379,0.3458989560604095,0.1828294992446899,0.479954719543457,0.6427407264709473,0.6583064198493958,0.5261638760566711,0.6572229266166687,0.6288252472877502,0.8020564913749695,0.5299482941627502,0.7979006171226501,0.6295800805091858,0.909236490726471,0.5370975136756897,0.910299837589264,0.5839285105466843,0.4456867277622223
0.5714823603630066,0.371510773897171,0.5890125036239624,0.3598813116550445,0.5538353323936462,0.3579161763191223,0.6044316291809082,0.3693360090255737,0.5317350625991821,0.3677000105381012,0.6628013849258423,0.4409761130809784,0.4617701470851898,0.4409140348434448,0.7959824204444885,0.4283605515956878,0.3174943923950195,0.4590291678905487,0.7423689961433411,0.3472766578197479,0.1618721187114715,0.4654896557331085,0.6128786206245422,0.6533564329147339,0.4992541372776031,0.6509724259376526,0.5899165868759155,0.7908478379249573,0.4939990639686584,0.7867763042449951,0.5820456743240356,0.8991172313690186,0.4937683939933777,0.8997611999511719,0.562285766005516,0.4409450739622116
0.5608773827552795,0.3490673005580902,0.5836657881736755,0.3370976150035858,0.5454131960868835,0.3359471559524536,0.5994993448257446,0.344371885061264,0.5260716080665588,0.343540221452713,0.6547027826309204,0.4149100482463836,0.4574604034423828,0.4180384278297424,0.7833366394042969,0.4047757983207702,0.3134227991104126,0.4332804083824157,0.7315430045127869,0.3249711692333221,0.1645730137825012,0.439045637845993,0.6095748543739319,0.6231023073196411,0.4977886080741882,0.6219122409820557,0.587685227394104,0.753423810005188,0.496551364660263,0.749515175819397,0.5820136070251465,0.8577964305877686,0.5000045299530029,0.8571701049804688,0.5560815930366516,0.416474238038063
0.5800576210021973,0.3626110851764679,0.5970327258110046,0.3512941896915436,0.5645697116851807,0.3499882519245147,0.6109294295310974,0.3589487969875335,0.5446131229400635,0.3578569293022156,0.6631960868835449,0.4228716790676117,0.4811723232269287,0.4266170859336853,0.7809308767318726,0.4136164784431457,0.3530699014663696,0.4418209791183471,0.7327583432197571,0.3402628004550934,0.2203374356031417,0.449891984462738,0.6246440410614014,0.6155058741569519,0.5223572254180908,0.6138493418693542,0.6088492274284363,0.7368224263191223,0.5218368768692017,0.7339795231819153,0.6052848696708679,0.8317800164222717,0.5251626968383789,0.8324877023696899,0.5721842050552368,0.4247443825006485
0.597905695438385,0.3585636019706726,0.6156876683235168,0.3478370010852813,0.5826577544212341,0.3465339541435241,0.6283766031265259,0.3536331951618194,0.5643150806427002,0.3525142073631286,0.6750065088272095,0.4161646068096161,0.5024626851081848,0.4186698794364929,0.7881609201431274,0.4062525928020477,0.3784911036491394,0.4328427910804748,0.7441757321357727,0.3344338834285736,0.2545669078826904,0.4389083087444305,0.634458065032959,0.5984581112861633,0.54018235206604,0.597744882106781,0.6187297105789185,0.7168516516685486,0.5373017191886902,0.7141244411468506,0.6141113042831421,0.8049688935279846,0.543662428855896,0.8051217794418335,0.5887345969676971,0.4174172431230545
0.6054339408874512,0.3887627422809601,0.6213964819908142,0.3788577914237976,0.5923047065734863,0.3771446943283081,0.6337324380874634,0.3844984769821167,0.5741276741027832,0.3820603489875793,0.6797330975532532,0.4440543353557586,0.5119141936302185,0.4445971250534057,0.7847055792808533,0.4352575540542602,0.3956174254417419,0.453928679227829,0.745676577091217,0.3680379092693329,0.2741898894309997,0.4566355943679809,0.6330232620239258,0.6189978718757629,0.5400927066802979,0.6158922910690308,0.6144907474517822,0.7287533283233643,0.5366131663322449,0.7260355353355408,0.6056128740310669,0.8172950744628906,0.5363273024559021,0.8183524012565613,0.5958236455917358,0.4443257302045822
0.6140023469924927,0.4119227230548858,0.6344403624534607,0.4024673104286194,0.6015573143959045,0.4006630480289459,0.6477409601211548,0.409646064043045,0.5861375331878662,0.406910240650177,0.6872199177742004,0.4718340933322906,0.5272499918937683,0.4690628945827484,0.7994579076766968,0.4619591534137726,0.4120070338249206,0.4709521532058716,0.7688459157943726,0.3909746408462524,0.292771428823471,0.4676059484481811,0.6414903998374939,0.6466807723045349,0.5493304133415222,0.6434072256088257,0.6159006953239441,0.7572136521339417,0.5405059456825256,0.7532573342323303,0.6065109372138977,0.8399912118911743,0.5371015071868896,0.843148946762085,0.6072349548339844,0.4704484939575195
0.5940545797348022,0.4310016632080078,0.6150522828102112,0.4223568737506866,0.582421064376831,0.4208850860595703,0.6317246556282043,0.4271602630615234,0.5725528001785278,0.4240885972976684,0.6749892234802246,0.4861413836479187,0.518599271774292,0.4817784130573272,0.7840571403503418,0.4726262092590332,0.4037694334983825,0.477805495262146,0.7519094944000244,0.4040932059288025,0.2852821052074432,0.4663607776165008,0.6303813457489014,0.6618910431861877,0.5393300652503967,0.6596889495849609,0.609674870967865,0.7750467658042908,0.528050422668457,0.7765374779701233,0.6002387404441833,0.8608474731445312,0.5283532738685608,0.8649232387542725,0.5967942476272583,0.483959898352623
0.5535973310470581,0.4297776520252228,0.5745747685432434,0.4199377298355102,0.5443258285522461,0.4203226864337921,0.5956617593765259,0.4240231812000274,0.5380687713623047,0.4234824180603027,0.6439956426620483,0.4806912541389465,0.4882211089134216,0.4833102822303772,0.7481762170791626,0.4602663815021515,0.3714775443077087,0.4832221269607544,0.7117047309875488,0.3922027051448822,0.2499613463878631,0.4720484316349029,0.6107737421989441,0.6609222292900085,0.5181139707565308,0.660333514213562,0.5934301018714905,0.7795930504798889,0.5130866765975952,0.7804641127586365,0.589067816734314,0.8657351136207581,0.5216290354728699,0.8721261620521545,0.566108375787735,0.4820007681846618
0.5509105920791626,0.431898295879364,0.566519558429718,0.4216266572475433,0.5352102518081665,0.4212364554405212,0.5802344083786011,0.4272600412368774,0.5176651477813721,0.4277157187461853,0.6314132213592529,0.4887192547321319,0.4642125070095062,0.4943022131919861,0.7361838817596436,0.4758678078651428,0.3456417024135589,0.5056840777397156,0.6968111991882324,0.4060804545879364,0.2215082347393036,0.5087963938713074,0.6034846305847168,0.6739467978477478,0.5055907368659973,0.674636721611023,0.5868963599205017,0.7900664210319519,0.4998208880424499,0.792236328125,0.5791867971420288,0.8837581872940063,0.505472719669342,0.8901485800743103,0.5478128641843796,0.491510733962059
0.5753225684165955,0.429962694644928,0.5900605320930481,0.4184980690479278,0.5591993927955627,0.4180002510547638,0.6027710437774658,0.422190248966217,0.5399582982063293,0.4227522015571594,0.6521267294883728,0.4836484789848327,0.4821280837059021,0.4906870722770691,0.757437527179718,0.4806404709815979,0.368280291557312,0.5125071406364441,0.7175289988517761,0.415647953748703,0.2456530034542083,0.5243587493896484,0.6164376735687256,0.6665496826171875,0.5225080847740173,0.6663649082183838,0.6031954884529114,0.7839846014976501,0.5118618607521057,0.7843385338783264,0.5924388766288757,0.8777984380722046,0.5196391940116882,0.8831170797348022,0.5671274065971375,0.4871677756309509
0.5728957653045654,0.4283150434494018,0.5873017311096191,0.4175828695297241,0.5554416179656982,0.4166533350944519,0.5983493328094482,0.4223336279392242,0.5351078510284424,0.4228367209434509,0.6474472284317017,0.4825733006000519,0.4789272248744964,0.4905878901481628,0.7477446794509888,0.4843894839286804,0.3707263171672821,0.5147002935409546,0.7145624160766602,0.4186086058616638,0.246792584657669,0.52643883228302,0.6172412633895874,0.6630687117576599,0.5226726531982422,0.6645147800445557,0.6051205396652222,0.7787148952484131,0.5158306360244751,0.7833747863769531,0.5990774035453796,0.8745905160903931,0.5202245712280273,0.882502019405365,0.5631872266530991,0.4865805953741073
0.5574296116828918,0.4294685125350952,0.5725699067115784,0.4194429516792297,0.5426446199417114,0.4187129437923431,0.5843595266342163,0.4270667433738708,0.5257598161697388,0.4266049563884735,0.6339307427406311,0.4863477945327759,0.4703707695007324,0.4915749728679657,0.7322697639465332,0.4883807301521301,0.3592091798782348,0.5144284963607788,0.7227190732955933,0.4157734513282776,0.2396470010280609,0.5266169309616089,0.6074466109275818,0.6584944128990173,0.5167745351791382,0.6593251824378967,0.5961999297142029,0.772287905216217,0.5120016932487488,0.7725115418434143,0.5900250673294067,0.8630557656288147,0.5234733819961548,0.8639405965805054,0.5521507561206818,0.4889613837003708
0.5389413237571716,0.4419143795967102,0.5553262233734131,0.4312146008014679,0.5243406295776367,0.4304811358451843,0.5676171183586121,0.4382343590259552,0.5083233714103699,0.4372506737709045,0.6165814399719238,0.4993927776813507,0.4518679976463318,0.5005213618278503,0.7141586542129517,0.5076218843460083,0.342380166053772,0.521874725818634,0.7444449067115784,0.4413817822933197,0.2273504734039306,0.533500075340271,0.5840774774551392,0.672336995601654,0.4920974671840668,0.6720919013023376,0.5686253309249878,0.7832075953483582,0.4875265955924988,0.783880352973938,0.558475136756897,0.873501181602478,0.4916654229164123,0.8748034238815308,0.5342247188091278,0.4999570697546005
0.5207839012145996,0.432606428861618,0.5363672971725464,0.4214217364788055,0.506044328212738,0.4214673936367035,0.5494078397750854,0.4282421767711639,0.4900337159633636,0.4285301566123962,0.6018247008323669,0.4920180141925812,0.4351500868797302,0.4907397031784057,0.6994022727012634,0.5006614923477173,0.3235117197036743,0.5145866274833679,0.7292646169662476,0.4327092170715332,0.1961565315723419,0.5231091380119324,0.5630570650100708,0.6681040525436401,0.4687226712703705,0.6662933230400085,0.5472079515457153,0.7779978513717651,0.4631928503513336,0.7785369753837585,0.5404409170150757,0.8668848872184753,0.4665490090847015,0.8713087439537048,0.5184873938560486,0.4913788586854934
0.5326958298683167,0.4122732877731323,0.5534065365791321,0.4023547768592834,0.5192738175392151,0.4015682339668274,0.5703251361846924,0.4068467020988464,0.5095471143722534,0.4059989154338836,0.6221759915351868,0.4658004641532898,0.452958196401596,0.4717270135879516,0.7237917184829712,0.4458984732627868,0.3373560309410095,0.4900984168052673,0.7208661437034607,0.3664494454860687,0.2127463817596435,0.501645565032959,0.5860307812690735,0.6518478989601135,0.4876541495323181,0.6505380272865295,0.5683935880661011,0.7650044560432434,0.4853248596191406,0.7637957334518433,0.5636969804763794,0.8490009307861328,0.4925780892372131,0.8499272465705872,0.5375670939683914,0.4687637388706207
0.5311829447746277,0.4141924977302551,0.553931713104248,0.4042396545410156,0.5223649144172668,0.4029034376144409,0.575107216835022,0.4106460809707641,0.5198433995246887,0.4068082273006439,0.6299287676811218,0.4622880220413208,0.4623963236808777,0.4746582806110382,0.7116565704345703,0.4165782034397125,0.3401686549186706,0.4925493001937866,0.7105504870414734,0.3376970887184143,0.2150191813707351,0.5034687519073486,0.5968775153160095,0.6554375290870667,0.4989302158355713,0.6545538306236267,0.5770015716552734,0.7705848217010498,0.4920314252376556,0.7731057405471802,0.5713785886764526,0.8674735426902771,0.4947932660579681,0.8684684634208679,0.5461625456809998,0.4684731513261795
0.5274266004562378,0.4228716492652893,0.5512144565582275,0.4132409989833832,0.5180739164352417,0.4122383892536163,0.5729253888130188,0.4212390184402466,0.518010139465332,0.4178321957588196,0.6326172947883606,0.4745321869850158,0.4618036150932312,0.4868234395980835,0.7163751721382141,0.4212926030158996,0.3342373371124267,0.5047689080238342,0.7198961973190308,0.3329804539680481,0.2024612128734588,0.5127745270729065,0.5973008275032043,0.6787064671516418,0.4973935186862945,0.6774515509605408,0.5810979604721069,0.7976800203323364,0.4925684928894043,0.7902311086654663,0.5712543725967407,0.8898210525512695,0.4962281286716461,0.8853748440742493,0.5472104549407959,0.4806778132915497
0.5465565919876099,0.4135772585868835,0.56940096616745,0.4031227827072143,0.5301153659820557,0.4025544226169586,0.5892285704612732,0.4076650738716125,0.5196916460990906,0.4066426455974579,0.6478376388549805,0.47116619348526,0.465059220790863,0.4781327843666076,0.7598637342453003,0.4421103298664093,0.3355980515480041,0.4989271163940429,0.7490461468696594,0.3574535548686981,0.1988338530063629,0.5109889507293701,0.6036062836647034,0.6721823811531067,0.4975981116294861,0.6693617701530457,0.5812562108039856,0.7969016432762146,0.4911529421806335,0.7903661131858826,0.5745459198951721,0.8935242295265198,0.4902772307395935,0.8906623721122742,0.5564484298229218,0.4746494889259338
0.5180404782295227,0.4202626645565033,0.5398017764091492,0.4068872034549713,0.502056360244751,0.4071786105632782,0.5569713115692139,0.4111135303974151,0.4863225519657135,0.4120665788650512,0.6173803210258484,0.4747036397457123,0.4279724657535553,0.4782454371452331,0.7181803584098816,0.482842355966568,0.3098161816596985,0.4931459724903106,0.7193871736526489,0.4123494029045105,0.1788527369499206,0.4845179915428161,0.5583393573760986,0.6742703914642334,0.4529677331447601,0.672963559627533,0.5423588156700134,0.7882089614868164,0.4473311007022857,0.7893688678741455,0.5345476269721985,0.8755700588226318,0.4498738646507263,0.8833866715431213,0.5226763933897018,0.4764745384454727
0.5190287828445435,0.4147659838199615,0.5374240279197693,0.4015031456947326,0.5009801387786865,0.4032083749771118,0.5526972413063049,0.4070189595222473,0.4826806485652923,0.4108505547046661,0.6112712025642395,0.4709522128105163,0.4262951016426086,0.4758060574531555,0.713896632194519,0.4773911237716675,0.3035722374916076,0.488628476858139,0.7140489220619202,0.403614342212677,0.1695313155651092,0.4790904223918915,0.553865909576416,0.6674309372901917,0.4508463740348816,0.6661099791526794,0.5410293340682983,0.7817407250404358,0.4420846402645111,0.7865797877311707,0.5342771410942078,0.873454213142395,0.4434181153774261,0.8820668458938599,0.5187831521034241,0.4733791351318359
0.5245236754417419,0.4040050804615021,0.5431213974952698,0.3915036618709564,0.5065386891365051,0.3912968933582306,0.5583902597427368,0.3974285721778869,0.487881600856781,0.3989946544170379,0.6145788431167603,0.4613222479820251,0.426856130361557,0.4659839868545532,0.7195647954940796,0.469027578830719,0.3069779872894287,0.4791276156902313,0.7171958684921265,0.392814040184021,0.1748505234718322,0.4708754420280456,0.5604573488235474,0.6546677947044373,0.4583114981651306,0.6535982489585876,0.5469268560409546,0.7705525159835815,0.4481711983680725,0.7769733667373657,0.5402477383613586,0.8626261949539185,0.4527745246887207,0.8722442388534546,0.5207174867391586,0.4636531174182892
0.5361882448196411,0.3960456848144531,0.5536824464797974,0.3833973705768585,0.5163058042526245,0.3848257958889007,0.5680168867111206,0.3881191313266754,0.4991322159767151,0.3915186822414398,0.6282880306243896,0.4523784518241882,0.4440554976463318,0.4555827379226684,0.7264516353607178,0.4597699344158172,0.3202522099018097,0.4735064804553985,0.7314463257789612,0.3818900287151336,0.1867640018463134,0.4653635323047638,0.5703120231628418,0.646199643611908,0.4696947932243347,0.6458157896995544,0.5662521719932556,0.7640524506568909,0.4621076583862304,0.767084538936615,0.5599496960639954,0.852009654045105,0.4704317450523376,0.8636564016342163,0.5361717641353607,0.4539805948734283
0.5538154244422913,0.3922168016433716,0.5727581977844238,0.3794401288032532,0.5349134206771851,0.3793801963329315,0.5874204635620117,0.3856860995292663,0.5156818628311157,0.3879883587360382,0.6445491313934326,0.4495492577552795,0.4553702473640442,0.4554812610149383,0.7470985651016235,0.4571555554866791,0.333109438419342,0.4708717465400696,0.7463459968566895,0.3824995458126068,0.2019287347793579,0.4619074463844299,0.5917527079582214,0.6487200260162354,0.4880619049072265,0.6488179564476013,0.5820947289466858,0.7641589641571045,0.4836112856864929,0.768832802772522,0.574504554271698,0.8514384031295776,0.4865402281284332,0.8586257696151733,0.5499596893787384,0.4525152593851089
0.5696904063224792,0.3961232602596283,0.5851752758026123,0.3830715715885162,0.5487586855888367,0.3836119472980499,0.5972373485565186,0.3894549310207367,0.5266940593719482,0.3909972012042999,0.6528608798980713,0.4540819525718689,0.4674208760261535,0.4610616564750671,0.7546637058258057,0.4614268541336059,0.3412058353424072,0.4747923016548157,0.7567880153656006,0.3843910992145538,0.2109568417072296,0.468779057264328,0.6044807434082031,0.6549168825149536,0.5036157965660095,0.6566044688224792,0.5962294340133667,0.768232524394989,0.4950451850891113,0.7730253338813782,0.5903242826461792,0.8606950640678406,0.5027185678482056,0.8705242872238159,0.5601408779621124,0.457571804523468
0.5507314205169678,0.4000576734542846,0.5664408802986145,0.3874058425426483,0.5297084450721741,0.3873156905174255,0.5780199766159058,0.3934028744697571,0.5072638392448425,0.3965629339218139,0.6351104974746704,0.4587295651435852,0.4473708271980285,0.4678177535533905,0.7370805740356445,0.4635571837425232,0.3208090960979461,0.4854905903339386,0.7366849184036255,0.3860915601253509,0.1891838610172271,0.4806051850318908,0.5916569232940674,0.658338725566864,0.4893599152565002,0.6621608734130859,0.5877479314804077,0.7765508890151978,0.4858714640140533,0.7859327793121338,0.582574725151062,0.869185745716095,0.4946562647819519,0.8857084512710571,0.5412406623363495,0.4632736593484878
0.5419682264328003,0.3958975970745086,0.5540128946304321,0.3824668228626251,0.5172761082649231,0.3837689459323883,0.5652228593826294,0.3889200985431671,0.4917379021644592,0.3927832543849945,0.6223667860031128,0.4539955258369446,0.4339802861213684,0.465911328792572,0.7243276238441467,0.4578768610954284,0.3068280220031738,0.4849665462970733,0.7244603633880615,0.3791469037532806,0.1662575900554657,0.4788808822631836,0.5824080109596252,0.6566850543022156,0.4797700047492981,0.6607464551925659,0.5798389911651611,0.7766807079315186,0.4756689965724945,0.7832655310630798,0.5726001858711243,0.8681558966636658,0.4846310019493103,0.8848138451576233,0.5281735360622406,0.4599534273147583
0.5535793304443359,0.3694385588169098,0.5693327784538269,0.3563907444477081,0.5299551486968994,0.3560116589069366,0.5821633338928223,0.3617985546588897,0.5065985918045044,0.3647893667221069,0.6376113295555115,0.4284812211990356,0.4470239579677582,0.4370990395545959,0.737273633480072,0.4330629408359527,0.315894216299057,0.453427255153656,0.7410441040992737,0.3561760485172272,0.1789049506187439,0.4493107199668884,0.5932270288467407,0.63368821144104,0.4903619289398193,0.6369267106056213,0.5846942663192749,0.7473442554473877,0.4809792041778564,0.7585570812225342,0.577972412109375,0.8460056781768799,0.4914112687110901,0.8567091226577759,0.5423176437616348,0.4327901303768158
0.6019424200057983,0.374827116727829,0.61658775806427,0.3606437146663666,0.5764894485473633,0.3611214458942413,0.629726231098175,0.3663797080516815,0.5518226027488708,0.3705619275569916,0.6867274045944214,0.4349884688854217,0.4883677065372467,0.4425893425941467,0.7872177958488464,0.4403576850891113,0.3548683524131775,0.4626264870166778,0.790648341178894,0.3606540560722351,0.211866945028305,0.4558807611465454,0.639666736125946,0.647778332233429,0.5312599539756775,0.6484515070915222,0.6218905448913574,0.7733966708183289,0.526457667350769,0.7740305066108704,0.6147355437278748,0.8667970895767212,0.5349199771881104,0.8733384609222412,0.587547555565834,0.4387889057397842
0.6151071786880493,0.3793811500072479,0.6290813088417053,0.3646461367607116,0.5882959961891174,0.3653222620487213,0.6416052579879761,0.369864284992218,0.5597382187843323,0.3717252612113952,0.6960616707801819,0.442985475063324,0.4904307425022125,0.4505804777145386,0.793836772441864,0.4473870992660522,0.3575003743171692,0.4692952036857605,0.7963970899581909,0.3627214431762695,0.211178183555603,0.4612417817115783,0.6378494501113892,0.6654108166694641,0.529435932636261,0.6646986603736877,0.6219639778137207,0.7899757027626038,0.5220131874084473,0.7927374243736267,0.6121838092803955,0.8842620253562927,0.5223994851112366,0.8881178498268127,0.5932462066411972,0.4467829763889313
0.5991962552070618,0.3935392200946808,0.6111371517181396,0.3783898949623108,0.5712201595306396,0.3798584342002868,0.6208778619766235,0.3840336799621582,0.5417301058769226,0.3870108425617218,0.6748847365379333,0.4551065564155578,0.4745095372200012,0.4653272032737732,0.7706483602523804,0.4610309600830078,0.3336284160614013,0.4853031933307647,0.7695832252502441,0.3742901086807251,0.1888467073440551,0.4822360873222351,0.6250902414321899,0.6789613366127014,0.5193430185317993,0.6809149980545044,0.6213215589523315,0.8038856387138367,0.5154016017913818,0.8088537454605103,0.607989490032196,0.8972628116607666,0.5191208124160767,0.9061943888664246,0.5746971368789673,0.4602168798446655
0.5858721137046814,0.3745621144771576,0.5983485579490662,0.3605591058731079,0.558050274848938,0.3605005145072937,0.6072661876678467,0.3676406145095825,0.527616024017334,0.3697493374347687,0.6596651077270508,0.4365269839763641,0.4604545533657074,0.4459216296672821,0.7593077421188354,0.4427715539932251,0.3223453164100647,0.4641357362270355,0.7596392631530762,0.3593933880329132,0.1757234930992126,0.4562452733516693,0.6121134757995605,0.6551011800765991,0.5056246519088745,0.6590595841407776,0.6038336753845215,0.7796541452407837,0.4987873136997223,0.7851364016532898,0.5910521745681763,0.873297929763794,0.5031383037567139,0.8811697363853455,0.5600598305463791,0.4412243068218231
0.5841450691223145,0.3576761484146118,0.5975871086120605,0.3439486920833587,0.5593207478523254,0.3436082005500793,0.6076987981796265,0.3503494262695312,0.5322467684745789,0.3533115088939667,0.661041796207428,0.4219623506069183,0.4621703624725342,0.429005891084671,0.7583364248275757,0.4246164560317993,0.3247932195663452,0.4451530277729034,0.7623533010482788,0.3426882326602936,0.1761891841888427,0.4355070888996124,0.6017537117004395,0.63585364818573,0.4979391992092132,0.63740473985672,0.5918302536010742,0.7578807473182678,0.484455406665802,0.7609337568283081,0.573838472366333,0.8499244451522827,0.4888461232185364,0.8622297644615173,0.5616060793399811,0.4254841208457947
0.6258673667907715,0.3482261598110199,0.6394883394241333,0.3340024948120117,0.598132312297821,0.3326396644115448,0.6495261192321777,0.3408014178276062,0.5681872367858887,0.3411542177200317,0.7034789323806763,0.4164531528949737,0.4913730025291443,0.4191973507404327,0.8092279434204102,0.4263100624084472,0.3492764830589294,0.4350458979606628,0.8199909329414368,0.3400266766548157,0.1926519274711609,0.4200866818428039,0.6311700344085693,0.6412832140922546,0.5199477672576904,0.6401916146278381,0.610110878944397,0.7719342708587646,0.4950796961784363,0.774048388004303,0.589680552482605,0.8718763589859009,0.4980381429195404,0.8783807754516602,0.5974259674549103,0.4178252518177032
0.5888558030128479,0.3512882590293884,0.6020958423614502,0.3363167643547058,0.5609516501426697,0.3363607823848724,0.612125039100647,0.3431298434734344,0.5293499827384949,0.3445529341697693,0.6666135787963867,0.4152324795722961,0.4575406908988952,0.4221220016479492,0.7676042318344116,0.4262440502643585,0.3120662569999695,0.4399275779724121,0.7723908424377441,0.3388648331165313,0.1616672873497009,0.4292356371879577,0.6045730113983154,0.6453203558921814,0.4922372698783874,0.6459338665008545,0.5918219089508057,0.7755134701728821,0.4797496199607849,0.7795791625976562,0.5764424800872803,0.8703550696372986,0.4833763539791107,0.8745942711830139,0.562077134847641,0.4186772406101227
0.5788471102714539,0.3523733913898468,0.5935449600219727,0.3379486799240112,0.5529227256774902,0.3372420370578766,0.6057581901550293,0.3441174924373626,0.5251145958900452,0.3443425595760345,0.6585464477539062,0.4157251119613647,0.4521815180778503,0.4223121404647827,0.7583401203155518,0.4240168333053589,0.3149366974830627,0.4427436590194702,0.7614703178405762,0.3376559615135193,0.1624669730663299,0.4293183088302612,0.5983676314353943,0.6409867405891418,0.4893417954444885,0.6417616009712219,0.5867258310317993,0.7703825235366821,0.4757874011993408,0.7758188247680664,0.5697622299194336,0.8670005798339844,0.477390706539154,0.8736850023269653,0.5553639829158783,0.4190186262130737
0.6160677075386047,0.3465375304222107,0.6290979981422424,0.3316608965396881,0.5869004726409912,0.3312535285949707,0.6387781500816345,0.33847776055336,0.5552975535392761,0.3409015238285064,0.69629967212677,0.414821058511734,0.4794575572013855,0.4215962290763855,0.8040236234664917,0.420431911945343,0.3361789286136627,0.441763699054718,0.80931556224823,0.331924557685852,0.1836832463741302,0.4304403066635132,0.6334257125854492,0.6462011337280273,0.517274796962738,0.6463944315910339,0.6184147000312805,0.779345691204071,0.503058671951294,0.7893844842910767,0.6074748039245605,0.886363685131073,0.5090566873550415,0.8966856002807617,0.5878786146640778,0.4182086437940597
0.5639050006866455,0.3376456201076507,0.5773516297340393,0.323401004076004,0.5369789600372314,0.3226232528686523,0.5879578590393066,0.3299433887004852,0.506505012512207,0.3307322263717651,0.6421398520469666,0.400497168302536,0.4357366561889648,0.4066934585571289,0.7480740547180176,0.4104395508766174,0.2992230355739593,0.4263068437576294,0.7527666687965393,0.3248588442802429,0.1515648365020752,0.4141636192798614,0.5835486054420471,0.6243361234664917,0.4727660119533539,0.624548614025116,0.5658667087554932,0.7548821568489075,0.4522863328456878,0.7566648125648499,0.5517255067825317,0.8578131198883057,0.4601988196372986,0.861588180065155,0.5389382541179657,0.4035953134298324
0.5583411455154419,0.3065675795078277,0.573772668838501,0.2917720377445221,0.5347203016281128,0.2914493680000305,0.5826964974403381,0.2968510091304779,0.5091429352760315,0.2992864847183227,0.6386770009994507,0.3695942461490631,0.4325425028800964,0.3736450970172882,0.7421630024909973,0.3769899010658264,0.2936980128288269,0.3897764980792999,0.7490615844726562,0.2912518382072449,0.1539220511913299,0.3796843886375427,0.5774704813957214,0.58491450548172,0.4695066809654236,0.5846467614173889,0.5631622672080994,0.7131508588790894,0.4526461064815521,0.7187480926513672,0.5461328029632568,0.8169689774513245,0.4570403099060058,0.829822301864624,0.5356097519397736,0.3716196715831756
0.5429615378379822,0.3136191666126251,0.5581216812133789,0.2993861734867096,0.5180016756057739,0.3002711832523346,0.5704343914985657,0.3050518035888672,0.4933181703090668,0.3090170621871948,0.6302331686019897,0.3746292293071747,0.4322977662086487,0.3816674053668976,0.7330110669136047,0.377365231513977,0.2953898310661316,0.4018410444259643,0.7335922122001648,0.2934789657592773,0.1521912515163421,0.3962113559246063,0.582193911075592,0.5898380875587463,0.4748894572257995,0.5921233892440796,0.5742663145065308,0.7154265642166138,0.4695629179477691,0.7227872610092163,0.5650889277458191,0.8195881247520447,0.478398859500885,0.8270975351333618,0.5312654674053192,0.3781483173370361
0.5848908424377441,0.3626639544963836,0.5957865715026855,0.3499534726142883,0.5618853569030762,0.3513450920581817,0.6050426363945007,0.3537512719631195,0.5403306484222412,0.3586213290691376,0.656106173992157,0.414549171924591,0.4871700704097748,0.4207474589347839,0.7469480037689209,0.4171292185783386,0.3645434081554413,0.4370096921920776,0.7461196184158325,0.3454789817333221,0.2414670288562774,0.4330365061759949,0.6130796670913696,0.5996654033660889,0.5233890414237976,0.6000088453292847,0.6038240194320679,0.7136963605880737,0.5167979598045349,0.7190300822257996,0.5957565307617188,0.8092042207717896,0.5244540572166443,0.8156303763389587,0.5716381222009659,0.4176483154296875
0.6069942116737366,0.4103558361530304,0.6170084476470947,0.3992796540260315,0.5871105790138245,0.4003838300704956,0.6236536502838135,0.4030683636665344,0.5668060779571533,0.4070190191268921,0.6681573987007141,0.4564976096153259,0.5215597152709961,0.4615403413772583,0.7423275709152222,0.4571007192134857,0.4150758385658264,0.4771692156791687,0.7475144267082214,0.3962646722793579,0.3117704689502716,0.4734452962875366,0.629959762096405,0.6159301400184631,0.5521702170372009,0.6158632636070251,0.621547520160675,0.716562807559967,0.5454674959182739,0.7194350361824036,0.6155027151107788,0.7979904413223267,0.5519406199455261,0.8030322790145874,0.5948585569858551,0.4590189754962921
0.6636899709701538,0.4325757324695587,0.6728050708770752,0.4220187366008758,0.6434984803199768,0.4226779639720917,0.6799986958503723,0.4264738261699676,0.6226452589035034,0.4287511110305786,0.7218303084373474,0.4793383777141571,0.5736811757087708,0.4845662713050842,0.7947971820831299,0.484623908996582,0.4727551341056824,0.4952110946178436,0.8001481294631958,0.4213272333145141,0.3729641735553741,0.4869246482849121,0.6779056191444397,0.6403627991676331,0.5981437563896179,0.6393032073974609,0.6626893877983093,0.7369354963302612,0.5843618512153625,0.7390744686126709,0.65156489610672,0.8178986310958862,0.5858777761459351,0.8303942084312439,0.6477557420730591,0.4819523245096206
0.6688061952590942,0.4290502667427063,0.6773919463157654,0.41895592212677,0.6488551497459412,0.418169617652893,0.6829090118408203,0.4219730496406555,0.6272504925727844,0.4237629771232605,0.7223173379898071,0.4737163186073303,0.5754841566085815,0.4782729744911194,0.7936244010925293,0.4788398146629333,0.4737169742584228,0.4910260736942291,0.7972979545593262,0.417057067155838,0.3698107600212097,0.4841278791427612,0.6781169772148132,0.63134765625,0.601232647895813,0.6308801770210266,0.6680952906608582,0.7295101284980774,0.587287187576294,0.7310512661933899,0.6538414359092712,0.8074460625648499,0.5902113318443298,0.8188605904579163,0.6489007472991943,0.4759946465492248
0.6425520181655884,0.4204499423503876,0.6515241861343384,0.410150408744812,0.622772216796875,0.4100013673305511,0.6579753756523132,0.4138968288898468,0.6008689999580383,0.4165814518928528,0.6980468034744263,0.4669289588928222,0.5472289323806763,0.4725157916545868,0.7715542316436768,0.4703249335289001,0.4462161958217621,0.4855790138244629,0.7727717161178589,0.4100340604782104,0.3412376344203949,0.4797711372375488,0.6516097187995911,0.6284157633781433,0.5747624635696411,0.6267778277397156,0.6373792290687561,0.7274125814437866,0.5609645247459412,0.7310382723808289,0.6256031394004822,0.8096610903739929,0.5621924996376038,0.8138179779052734,0.6226378679275513,0.4697223752737045
0.6135841012001038,0.4007557034492492,0.6209472417831421,0.3906475305557251,0.5946314334869385,0.3888964056968689,0.6224532723426819,0.3952399492263794,0.5688149929046631,0.395347535610199,0.6592459678649902,0.4516440629959106,0.5098938941955566,0.4554068744182586,0.7375807762145996,0.4538484811782837,0.4043982028961181,0.4687451124191284,0.7397222518920898,0.3887556195259094,0.2976450324058532,0.4649581015110016,0.6156583428382874,0.6125196218490601,0.5366545915603638,0.611117959022522,0.6016321182250977,0.7162114977836609,0.5251175165176392,0.7143875360488892,0.5907803773880005,0.7964538335800171,0.5248852968215942,0.7993190884590149,0.5845699310302734,0.4535254687070846
0.6067947149276733,0.3723624348640442,0.6162620782852173,0.3615538775920868,0.5871684551239014,0.3601032793521881,0.6194438338279724,0.3648770153522491,0.5604913234710693,0.3659680187702179,0.6593130230903625,0.4230161309242248,0.5035786628723145,0.4241383373737335,0.7398355007171631,0.4289948642253876,0.3898285031318664,0.4350231289863586,0.7444964647293091,0.3633836507797241,0.279628187417984,0.4277876019477844,0.6067949533462524,0.5897279381752014,0.5244817733764648,0.5878625512123108,0.593669056892395,0.6946773529052734,0.5074755549430847,0.6958804726600647,0.5795366764068604,0.7791734337806702,0.5097388625144958,0.7821349501609802,0.5814458429813385,0.4235772341489792
0.5299546718597412,0.3601665496826172,0.5435811877250671,0.3491348922252655,0.5068568587303162,0.3471435606479645,0.552461564540863,0.3551458716392517,0.4834513664245605,0.3543268144130707,0.6034140586853027,0.4168738722801208,0.4223448634147644,0.4211705327033996,0.701882004737854,0.4260572791099548,0.2969930171966553,0.4372268319129944,0.696367084980011,0.3495139479637146,0.1636412739753723,0.424606055021286,0.5499375462532043,0.6088759303092957,0.4518532156944275,0.6090786457061768,0.5410096049308777,0.7238351106643677,0.442017138004303,0.7293885946273804,0.5331811308860779,0.8109769821166992,0.4470290243625641,0.8178074359893799,0.5128794610500336,0.4190222024917602
0.5042773485183716,0.3757902383804321,0.5224380493164062,0.3640824556350708,0.4839223027229309,0.3607815206050873,0.5355201959609985,0.3719575107097626,0.4603934288024902,0.368863582611084,0.5857666730880737,0.4395808577537536,0.3865774273872375,0.4417486786842346,0.6929409503936768,0.4471041858196258,0.2569287121295929,0.4498423039913177,0.6839814782142639,0.3672633469104767,0.1218652725219726,0.4403609037399292,0.5243178009986877,0.6403910517692566,0.4170181155204773,0.6395032405853271,0.5150470733642578,0.7609264850616455,0.4105525612831116,0.7659772634506226,0.5114126801490784,0.8463301062583923,0.4139899611473083,0.8624683022499084,0.4861720502376556,0.4406647682189941
0.4844029545783996,0.3339655995368957,0.5032612681388855,0.3204758465290069,0.4611281454563141,0.3193720579147339,0.5184898376464844,0.3257162868976593,0.437157541513443,0.3257437646389007,0.5757853984832764,0.3931319117546081,0.3702260255813598,0.4008161425590515,0.6911380887031555,0.401832640171051,0.234941765666008,0.4204982221126556,0.6733028292655945,0.3136563599109649,0.0897859334945678,0.4073414206504822,0.5221481323242188,0.6060455441474915,0.4098220765590668,0.6074701547622681,0.5153038501739502,0.7271588444709778,0.4063863158226013,0.7318559288978577,0.5210731029510498,0.8131412267684937,0.4203172326087951,0.828505277633667,0.4730057120323181,0.3969740271568298
0.5490249991416931,0.3670358657836914,0.5746780633926392,0.35260209441185,0.5285736322402954,0.3511954843997955,0.5929456353187561,0.356994092464447,0.5082666277885437,0.356646329164505,0.650922417640686,0.430892676115036,0.4411531984806061,0.4339930713176727,0.7711540460586548,0.4384648501873016,0.3056631088256836,0.4515057802200317,0.7555642127990723,0.3493925631046295,0.1701955795288086,0.4401684105396271,0.5890973806381226,0.6528376340866089,0.4727619290351867,0.6523708701133728,0.5844525098800659,0.7783471345901489,0.4733843207359314,0.7799805998802185,0.5835558772087097,0.8695474863052368,0.4803770184516907,0.874572217464447,0.5460378080606461,0.4324428737163543
0.5511896014213562,0.3550028502941131,0.5739290118217468,0.3405020534992218,0.5305527448654175,0.3401782214641571,0.5924762487411499,0.346532255411148,0.5091584920883179,0.3492393791675567,0.6601787805557251,0.4191597998142242,0.4456463754177093,0.4230401217937469,0.7831634283065796,0.4269879758358001,0.3075733780860901,0.442917138338089,0.7646892070770264,0.3355986475944519,0.1615012288093567,0.4324868321418762,0.5988775491714478,0.6389523148536682,0.4788044989109039,0.6384202241897583,0.5913391709327698,0.770465075969696,0.480089008808136,0.7728016376495361,0.5964486002922058,0.8642903566360474,0.4906480312347412,0.8730286359786987,0.5529125779867172,0.4210999608039856
0.5331501364707947,0.3528389632701874,0.5555028319358826,0.3388141095638275,0.5131121277809143,0.3379255831241607,0.5734660029411316,0.3457708060741424,0.491860568523407,0.3467497527599334,0.6389108896255493,0.4175890684127807,0.4280700087547302,0.4200060665607452,0.7618681788444519,0.4263004660606384,0.290281593799591,0.4381757378578186,0.7440062761306763,0.3371067941188812,0.1499710977077484,0.4272222518920898,0.5764538645744324,0.6369243264198303,0.45638108253479,0.6367996335029602,0.5659916996955872,0.7637109160423279,0.4570460915565491,0.7675157189369202,0.5704634189605713,0.8616155982017517,0.4651481509208679,0.8661847710609436,0.5334904491901398,0.418797567486763
0.5295470356941223,0.3818270564079284,0.5532609820365906,0.3683612048625946,0.5109933614730835,0.3686279356479645,0.5713714957237244,0.3757183253765106,0.4939720630645752,0.3753789663314819,0.6336023211479187,0.447819709777832,0.4314243793487549,0.4458847641944885,0.7563581466674805,0.4550824761390686,0.2928950190544128,0.4636816382408142,0.7387663125991821,0.3646581470966339,0.1600183248519897,0.4503995478153229,0.5744072198867798,0.6604524850845337,0.4574149250984192,0.660036027431488,0.5654457211494446,0.7961496710777283,0.4541857838630676,0.7953170537948608,0.5665932893753052,0.8964680433273315,0.4616376757621765,0.8922422528266907,0.5325133502483368,0.4468522369861603
0.5239360928535461,0.351103663444519,0.5475114583969116,0.3372019529342651,0.506522536277771,0.3367268443107605,0.566945493221283,0.3429539501667022,0.4894818663597107,0.3436203300952911,0.6308145523071289,0.4122725129127502,0.4293400645256042,0.4149870872497558,0.7518613934516907,0.4205167889595032,0.2946074604988098,0.4343989193439483,0.7335115075111389,0.3327743113040924,0.1630716621875763,0.4222380518913269,0.5721660256385803,0.6235558390617371,0.4573342204093933,0.62318354845047,0.5611811280250549,0.7490675449371338,0.4584681987762451,0.7517864108085632,0.5619499087333679,0.8384066820144653,0.4655208587646484,0.8453262448310852,0.5300773084163666,0.413629800081253
0.5707093477249146,0.3646126985549927,0.590772271156311,0.3518935739994049,0.5527904033660889,0.3507046103477478,0.6094299554824829,0.3576744794845581,0.5345662832260132,0.3569596409797668,0.6691431403160095,0.4230698943138122,0.4731620848178863,0.4269901514053345,0.7859259247779846,0.4319141805171966,0.3450648188591003,0.4461764991283417,0.7708777785301208,0.3475215137004852,0.2176425158977508,0.4271648228168487,0.6157076358795166,0.6285009384155273,0.5030927658081055,0.6285966038703918,0.60279381275177,0.75188148021698,0.5009959936141968,0.7559370398521423,0.6056877374649048,0.8433482646942139,0.5074266791343689,0.8536961078643799,0.5711526125669479,0.4250300228595733
0.6051992177963257,0.4116003811359405,0.6247768402099609,0.3995323479175567,0.5858475565910339,0.3976840078830719,0.6402647495269775,0.4067768454551697,0.5636078715324402,0.4047355651855469,0.6954783797264099,0.4734242558479309,0.4988771080970764,0.4741331338882446,0.8046838641166687,0.4820842742919922,0.3798483908176422,0.4873590469360351,0.7888362407684326,0.3993338346481323,0.250731498003006,0.4738531112670898,0.6284465193748474,0.6756113171577454,0.5185177326202393,0.6727600693702698,0.618353009223938,0.7965743541717529,0.5114974975585938,0.7998046875,0.6139731407165527,0.8852918148040771,0.5144453644752502,0.8924184441566467,0.5971777439117432,0.4737786948680877
0.5956372618675232,0.4363542795181274,0.6145835518836975,0.4240274429321289,0.5781409740447998,0.4223920106887817,0.6294145584106445,0.4302601516246795,0.5569508671760559,0.4286618530750274,0.680942952632904,0.4926816821098327,0.4905668199062347,0.4930488169193268,0.7876672148704529,0.5013516545295715,0.3719819188117981,0.5065659880638123,0.7713220715522766,0.4244734644889831,0.247784286737442,0.4919352531433105,0.6173987984657288,0.6919535994529724,0.510811984539032,0.6886163353919983,0.6034544706344604,0.8128798007965088,0.5037137269973755,0.8106290698051453,0.5970653295516968,0.9055723547935486,0.5035185813903809,0.9055500030517578,0.5857548862695694,0.4928652495145798
0.527082085609436,0.4502952694892883,0.5457022786140442,0.4386281669139862,0.5091732740402222,0.4368446171283722,0.560911238193512,0.4442810416221618,0.489622414112091,0.4430996477603912,0.6156271696090698,0.5034908056259155,0.4311214983463287,0.5075441002845764,0.7174250483512878,0.5079220533370972,0.3102867603302002,0.5269837379455566,0.7001519799232483,0.4318116903305053,0.1816564500331878,0.5162022113800049,0.5673227906227112,0.7025282979011536,0.4618054330348968,0.7026164531707764,0.5619510412216187,0.82126784324646,0.4652379155158996,0.8237286806106567,0.5652483701705933,0.9096824526786804,0.4735478460788727,0.918523609638214,0.5233743339776993,0.505517452955246
0.5435659289360046,0.441146969795227,0.5578701496124268,0.4297243654727936,0.5218111276626587,0.4278865158557892,0.5688144564628601,0.4347578585147857,0.4969108700752258,0.4339992105960846,0.6209510564804077,0.4926313757896423,0.4340429902076721,0.4986950755119324,0.7185056209564209,0.4981197714805603,0.3154025375843048,0.513809084892273,0.7045406103134155,0.4255824983119964,0.193928837776184,0.5034657716751099,0.5699858069419861,0.6896904110908508,0.4663440287113189,0.6897079348564148,0.5596177577972412,0.8037902116775513,0.4608979821205139,0.8063734769821167,0.5536874532699585,0.8909245729446411,0.4636057913303375,0.898811399936676,0.5274970233440399,0.4956632256507873
0.5498016476631165,0.4010140597820282,0.5628335475921631,0.3902484774589538,0.5283821821212769,0.3876247406005859,0.5698444247245789,0.3950186371803283,0.5035408735275269,0.3927392363548279,0.6156009435653687,0.4510884881019592,0.4409796297550201,0.4522205889225006,0.710538923740387,0.4596399664878845,0.3246927857398987,0.4695062637329101,0.7039014101028442,0.3857777416706085,0.2033071517944336,0.4603456854820251,0.5661582350730896,0.6345832943916321,0.4708585739135742,0.6344147324562073,0.5600963234901428,0.7461108565330505,0.4631301760673523,0.7455089688301086,0.5574811100959778,0.8309422731399536,0.4676575660705566,0.833233654499054,0.5282902866601944,0.4516545385122299
0.6047250628471375,0.4076156616210937,0.619625985622406,0.3969826102256775,0.5855589509010315,0.3947268724441528,0.6305229663848877,0.4027992486953735,0.5635203719139099,0.4002474546432495,0.6755470633506775,0.462070882320404,0.5029981732368469,0.4621114134788513,0.7688437104225159,0.4685069620609283,0.3861968517303467,0.4785431027412414,0.7640844583511353,0.3962939381599426,0.2645370364189148,0.470199316740036,0.6225968599319458,0.6452396512031555,0.5275354981422424,0.6445983052253723,0.6165093183517456,0.7586784958839417,0.5208424925804138,0.7641062140464783,0.6089050769805908,0.8412112593650818,0.5232415795326233,0.8525086045265198,0.5892726182937622,0.4620911478996277
0.6252875328063965,0.4236834347248077,0.6379390358924866,0.4117853939533233,0.6031363010406494,0.411231130361557,0.6476631164550781,0.4171660244464874,0.5792214274406433,0.419035792350769,0.6984750628471375,0.4754776358604431,0.519186794757843,0.4837105572223663,0.7982009649276733,0.4770630598068237,0.3989450931549072,0.5009035468101501,0.7820219993591309,0.401539534330368,0.2773032784461975,0.4958341419696808,0.6587367057800293,0.6652281284332275,0.5626708269119263,0.6666786670684814,0.6587700843811035,0.786148190498352,0.5641084909439087,0.7895059585571289,0.6561092138290405,0.8711835145950317,0.5748109817504883,0.8819566369056702,0.6088309288024902,0.4795940965414047
0.573264479637146,0.3941046297550201,0.5851200222969055,0.3823285102844238,0.5508171319961548,0.3806148171424866,0.5930415987968445,0.3885729610919952,0.523664653301239,0.38774374127388,0.6404625177383423,0.4500925838947296,0.4607532024383545,0.4517883658409118,0.7372628450393677,0.4544739723205566,0.3386381268501282,0.4705352783203125,0.7281123995780945,0.3802809417247772,0.2100433856248855,0.4619892835617065,0.5930511951446533,0.6414217352867126,0.4957290291786194,0.6425626873970032,0.5868669748306274,0.7549850940704346,0.488154798746109,0.7569612860679626,0.5809571743011475,0.8405606746673584,0.4934292733669281,0.8475098013877869,0.5506078600883484,0.4509404748678207
0.604189932346344,0.3695605099201202,0.6183236241340637,0.3569757044315338,0.5807328224182129,0.3553795516490936,0.6280564069747925,0.3623475134372711,0.5554353594779968,0.3620851635932922,0.6766989827156067,0.425618439912796,0.4915686249732971,0.4261140823364258,0.7754957675933838,0.4321857094764709,0.3620029389858246,0.4415119588375091,0.7760573625564575,0.3531436324119568,0.2300352156162262,0.4312982559204101,0.615899920463562,0.626596987247467,0.5144631266593933,0.6241441369056702,0.6027243137359619,0.7431374192237854,0.501899778842926,0.7472978830337524,0.5919588208198547,0.8361616134643555,0.5016047358512878,0.8434278964996338,0.5841338038444519,0.4258662611246109
0.600344717502594,0.3533370196819305,0.6169142723083496,0.3407730162143707,0.5777876377105713,0.3383385837078094,0.6298285722732544,0.3474853336811065,0.5522217154502869,0.3456154465675354,0.6833457350730896,0.4131045639514923,0.4787026047706604,0.4168247580528259,0.7913219928741455,0.4221782088279724,0.3434858322143554,0.429084837436676,0.7814196348190308,0.3404946029186249,0.2070121765136718,0.4193897843360901,0.6194772720336914,0.6229704022407532,0.5106852054595947,0.6206894516944885,0.6049487590789795,0.7459480166435242,0.501732587814331,0.7501248121261597,0.5939980149269104,0.8405263423919678,0.503642201423645,0.8468255996704102,0.581024169921875,0.4149646610021591
0.6098487973213196,0.3604969084262848,0.6270609498023987,0.3476676344871521,0.5864466428756714,0.3459402322769165,0.6394647359848022,0.3542703092098236,0.5612385272979736,0.3535830080509186,0.694987952709198,0.4250715672969818,0.4888573288917541,0.4252579808235168,0.8064330816268921,0.433224618434906,0.349379301071167,0.4403778314590454,0.7991167306900024,0.344582051038742,0.2127530872821808,0.4292227625846863,0.6321240663528442,0.6385536193847656,0.5201228857040405,0.6367351412773132,0.6192706823348999,0.766701340675354,0.5103819966316223,0.7671982049942017,0.6114906072616577,0.8615421056747437,0.5126600861549377,0.8701185584068298,0.5919226408004761,0.4251647740602493
0.611311137676239,0.3552570044994354,0.630351722240448,0.3424212038516998,0.5878416299819946,0.3396744132041931,0.6437432169914246,0.3491996228694916,0.5607694387435913,0.3467324376106262,0.6983703374862671,0.4210188090801239,0.4846223890781402,0.4227388501167297,0.8137866258621216,0.4276165068149566,0.3433014452457428,0.4377066493034363,0.8083435893058777,0.3358281254768371,0.1997412145137787,0.4251431822776794,0.631798267364502,0.6443511843681335,0.5168589353561401,0.6419653296470642,0.6152111887931824,0.777211606502533,0.5065682530403137,0.7795956134796143,0.6058313846588135,0.8740023970603943,0.5038118362426758,0.8807929158210754,0.5914963632822037,0.4218788295984268
0.62669438123703,0.3654219508171081,0.6438774466514587,0.3504219353199005,0.6004054546356201,0.34925577044487,0.6582940220832825,0.3554525673389435,0.569119393825531,0.3549624979496002,0.7104722857475281,0.4304544627666473,0.4882716536521911,0.4351039528846741,0.8226463198661804,0.4377171397209167,0.3492231965065002,0.4529815316200256,0.8096437454223633,0.3485034704208374,0.1978751718997955,0.4436638057231903,0.6505385041236877,0.6679455041885376,0.5290557146072388,0.6673292517662048,0.6330790519714355,0.7961169481277466,0.5267304182052612,0.8000322580337524,0.6244919300079346,0.8931290507316589,0.5310141444206238,0.9000990390777588,0.5993719696998596,0.4327792078256607
0.6545397639274597,0.3550654351711273,0.6696938276290894,0.3409156203269958,0.6242867708206177,0.3382983207702636,0.6768826246261597,0.3468382656574249,0.5913582444190979,0.3463635742664337,0.7337380647659302,0.4204192161560058,0.512588381767273,0.4226661324501037,0.8439772725105286,0.4273642897605896,0.3619686067104339,0.4386959671974182,0.8433772921562195,0.3369034826755523,0.2085594683885574,0.4267958998680115,0.6646589040756226,0.6558005809783936,0.5443050265312195,0.653761625289917,0.6368699073791504,0.797795832157135,0.5311470627784729,0.7954227328300476,0.6291030049324036,0.8919957876205444,0.5324161648750305,0.8958498239517212,0.6231632232666016,0.4215426743030548
0.6365989446640015,0.3401071727275848,0.6554362177848816,0.3253747820854187,0.608872652053833,0.3227685093879699,0.6686714887619019,0.3305455446243286,0.5762225985527039,0.3281329274177551,0.716935932636261,0.4075444340705871,0.4944848120212555,0.4094015657901764,0.8300607800483704,0.4207316040992737,0.3458166718482971,0.4237086474895477,0.8236113786697388,0.3289856314659118,0.1872260570526123,0.4089704751968384,0.6489162445068359,0.644476592540741,0.530622124671936,0.6427355408668518,0.6262211203575134,0.7744975686073303,0.5188296437263489,0.7758992910385132,0.6103587746620178,0.8713847398757935,0.515066385269165,0.8799410462379456,0.6057103723287582,0.4084729999303818
0.6243982315063477,0.3424897491931915,0.6410747766494751,0.327842503786087,0.597084105014801,0.3258197903633117,0.6560789346694946,0.3337962925434112,0.5647895932197571,0.3319195806980133,0.7099453210830688,0.4098154902458191,0.4848343729972839,0.4124388098716736,0.8207634687423706,0.4213915765285492,0.336291640996933,0.4242937862873077,0.8100431561470032,0.3269948065280914,0.1779359579086303,0.4097088575363159,0.6359062194824219,0.6483761668205261,0.5166888236999512,0.6467351913452148,0.6229661703109741,0.7813674807548523,0.5025041699409485,0.7839726209640503,0.6039689183235168,0.8734048008918762,0.5012965798377991,0.8844513297080994,0.5973898470401764,0.4111271500587463
0.5951605439186096,0.3461033403873443,0.6130548119544983,0.3325957357883453,0.5677790641784668,0.3302518427371979,0.6254349946975708,0.3415716290473938,0.5356730222702026,0.3389345407485962,0.6819086670875549,0.4181250333786011,0.4546933174133301,0.4202814996242523,0.805099368095398,0.4259527325630188,0.3104166388511657,0.4324327707290649,0.7931546568870544,0.3326945006847381,0.1532039046287536,0.4194763600826263,0.6110467910766602,0.6574708223342896,0.487265020608902,0.6570020318031311,0.5919214487075806,0.7894415259361267,0.4767588078975677,0.7945585250854492,0.5793591141700745,0.8889614343643188,0.4735713005065918,0.8922184705734253,0.5683009922504425,0.4192032665014267
0.569827139377594,0.3182535171508789,0.5913378000259399,0.3038980364799499,0.5446462631225586,0.3015550374984741,0.6067647337913513,0.3127005696296692,0.517299234867096,0.3120180368423462,0.6725944876670837,0.3909514248371124,0.4438540041446686,0.3969477713108063,0.7962908744812012,0.3965572416782379,0.2924301326274872,0.4122104942798614,0.7791216373443604,0.3000729382038116,0.1326292157173156,0.3990750908851623,0.6118148565292358,0.6281589865684509,0.4882983565330505,0.6288588643074036,0.6024705767631531,0.7682198286056519,0.4839598536491394,0.764952540397644,0.5963217616081238,0.8654934763908386,0.4940098822116852,0.8721981048583984,0.5582242459058762,0.3939495980739593
0.6032362580299377,0.321954607963562,0.6266217827796936,0.3074017763137817,0.5781272053718567,0.3064708709716797,0.6475688219070435,0.3150444030761719,0.5535769462585449,0.3150115013122558,0.7155123949050903,0.3958087861537933,0.4772130846977234,0.4022067785263061,0.8454104661941528,0.4020002782344818,0.3293089866638183,0.4201193749904632,0.8275615572929382,0.304460734128952,0.1687551438808441,0.4069089591503143,0.6471725702285767,0.6396920680999756,0.5161782503128052,0.6392533779144287,0.6321412920951843,0.7805188298225403,0.5143849849700928,0.7869459986686707,0.6276909708976746,0.8833644390106201,0.5203342437744141,0.8952106237411499,0.5963627398014069,0.3990077823400497
0.6570994853973389,0.312005341053009,0.682407796382904,0.2973188757896423,0.6299782991409302,0.2954112291336059,0.7046114206314087,0.3046217262744903,0.6039861440658569,0.304159939289093,0.7735974788665771,0.3860203921794891,0.5290007591247559,0.3948719799518585,0.9092987775802612,0.3926419615745544,0.3713818192481994,0.4113832414150238,0.8878903388977051,0.2923495173454284,0.213795855641365,0.3979851007461548,0.7061006426811218,0.640657365322113,0.5702661275863647,0.6405898332595825,0.6917554140090942,0.7838578820228577,0.575151264667511,0.7829896211624146,0.6819966435432434,0.8815534114837646,0.5828951001167297,0.8881795406341553,0.6512991189956665,0.3904461860656738
0.6324365139007568,0.3214631974697113,0.6602136492729187,0.3063815236091614,0.6071671843528748,0.3042566478252411,0.6821267604827881,0.3136914372444153,0.582172691822052,0.3110719919204712,0.7436721920967102,0.3981413841247558,0.5059084892272949,0.3988140225410461,0.8798651695251465,0.4070771932601928,0.3555243909358978,0.4135336875915527,0.8592561483383179,0.3067260384559631,0.2064272910356521,0.4005644619464874,0.6652077436447144,0.6506130695343018,0.5335649251937866,0.6461960077285767,0.6482937932014465,0.7832192182540894,0.5351210236549377,0.7771703600883484,0.6418381333351135,0.8831467032432556,0.5379951596260071,0.8859290480613708,0.6247903406620026,0.398477703332901
