noseX,noseY,left_eyeX,left_eyeY,right_eyeX,right_eyeY,left_earX,left_earY,right_earX,right_earY,left_shoulderX,left_shoulderY,right_shoulderX,right_shoulderY,left_elbowX,left_elbowY,right_elbowX,right_elbowY,left_wristX,left_wristY,right_wristX,right_wristY,left_hipX,left_hipY,right_hipX,right_hipY,left_kneeX,left_kneeY,right_kneeX,right_kneeY,left_ankleX,left_ankleY,right_ankleX,right_ankleY,neckX,neckY
0.4693217873573303,0.2367938756942749,0.4909310340881347,0.2119534313678741,0.4504212737083435,0.216983363032341,0.5289093852043152,0.2403553873300552,0.4296382367610931,0.2537788450717926,0.5853853821754456,0.42787766456604,0.3832013607025146,0.4354992806911468,0.6290364265441895,0.6580020785331726,0.3456864655017853,0.6561418771743774,0.655511736869812,0.8785545229911804,0.299193412065506,0.8866006731987,0.5522083044052124,0.8654829859733582,0.414747953414917,0.8634384274482727,0.0,0.0,0.0,0.0,0.0,0.0,0.0,0.0,0.4830296635627746,0.4315125048160553
0.4771617352962494,0.2366595566272735,0.4996297955513,0.210154190659523,0.4576858580112457,0.216191753745079,0.5404343008995056,0.2392841577529907,0.4384131133556366,0.2528446316719055,0.5938032865524292,0.4293546080589294,0.3902873992919922,0.4347916543483734,0.6352126002311707,0.6642860770225525,0.3573363125324249,0.6600317358970642,0.6688656806945801,0.8793080449104309,0.309671401977539,0.8866006731987,0.5597726702690125,0.852516233921051,0.4199236333370209,0.8643631935119629,0.0,0.0,0.0,0.0,0.0,0.0,0.0,0.0,0.4904878139495849,0.4315397143363952
0.4752188324928283,0.2365454584360122,0.4976686537265777,0.2107029855251312,0.4558881223201751,0.2166524082422256,0.5381464958190918,0.2404443174600601,0.4363915622234344,0.2543432116508484,0.5949968695640564,0.4275789558887481,0.3897988498210907,0.4382843375205993,0.6395359635353088,0.6657066941261292,0.3579051494598388,0.6672581434249878,0.6719396710395813,0.8715664148330688,0.3091559112071991,0.8899063467979431,0.5638939142227173,0.8522914052009583,0.422791063785553,0.8647054433822632,0.0,0.0,0.0,0.0,0.0,0.0,0.0,0.0,0.4904301762580871,0.4326608777046203
0.4741830825805664,0.2370286881923675,0.496245414018631,0.2111102491617202,0.4548831284046173,0.2179139107465744,0.5362828969955444,0.2401071488857269,0.4359486103057861,0.2552927434444427,0.5950976014137268,0.4271914362907409,0.3894722759723663,0.4380721747875213,0.639866054058075,0.6638171076774597,0.3569266498088836,0.6649726033210754,0.6723617315292358,0.8707178235054016,0.3086403310298919,0.8885809183120728,0.5632961988449097,0.8527669906616211,0.4223867058753967,0.8652273416519165,0.0,0.0,0.0,0.0,0.0,0.0,0.0,0.0,0.4905799031257629,0.4323358833789825
0.48679119348526,0.2391519248485565,0.5088033676147461,0.2131841629743576,0.4662140011787414,0.2202318459749221,0.5482572913169861,0.2414784729480743,0.4470322728157043,0.2571509480476379,0.6042463183403015,0.4301898777484894,0.3983167111873626,0.4363748431205749,0.6485316157341003,0.6653634905815125,0.3629750907421112,0.6567069888114929,0.677571177482605,0.8774034380912781,0.3126014769077301,0.882290780544281,0.5647459030151367,0.8521338105201721,0.4242659211158752,0.8627027869224548,0.0,0.0,0.0,0.0,0.0,0.0,0.0,0.0,0.5008478760719299,0.4337452352046966
0.5110248923301697,0.2469203472137451,0.5332335829734802,0.2219461500644683,0.4923781752586365,0.2252731025218963,0.5703356266021729,0.2486405670642852,0.4710844159126282,0.2550578713417053,0.6201167702674866,0.4311180710792541,0.4173098504543304,0.4301128089427948,0.661000669002533,0.6570389866828918,0.373561292886734,0.6494964361190796,0.687726616859436,0.8787949681282043,0.3209614753723144,0.8728720545768738,0.5759395956993103,0.8534388542175293,0.4336360991001129,0.8639541864395142,0.0,0.0,0.0,0.0,0.0,0.0,0.0,0.0,0.5182209014892578,0.4309134483337402
0.5116517543792725,0.2503893673419952,0.5337148308753967,0.224987119436264,0.4934748113155365,0.2285989820957183,0.5727414488792419,0.2543714642524719,0.4732811748981476,0.259907454252243,0.6207287907600403,0.4351034760475158,0.4187541306018829,0.4351899623870849,0.6619815230369568,0.6557067036628723,0.3746913075447082,0.6569612622261047,0.6934393644332886,0.8764422535896301,0.3217847049236297,0.8767182230949402,0.578354001045227,0.8658421635627747,0.4363885223865509,0.8655890822410583,0.0,0.0,0.0,0.0,0.0,0.0,0.0,0.0,0.5192667841911316,0.435786098241806
0.5052360892295837,0.2496694773435592,0.5267152190208435,0.2270015627145767,0.4864521622657776,0.2312871217727661,0.563353955745697,0.2590530216693878,0.4653034210205078,0.2689294219017029,0.614532470703125,0.4375937879085541,0.4119238555431366,0.4365217387676239,0.6606839299201965,0.6665526032447815,0.3701140880584717,0.6546684503555298,0.6944156289100647,0.8787006139755249,0.3163088858127594,0.8781916499137878,0.5740731358528137,0.8536258935928345,0.4313779175281524,0.864715039730072,0.0,0.0,0.0,0.0,0.0,0.0,0.0,0.0,0.5126315951347351,0.4377524554729461
0.4958053231239319,0.2492164373397827,0.5170521140098572,0.2246999591588974,0.4748754799365997,0.2289117723703384,0.5514763593673706,0.2547279894351959,0.4517101943492889,0.2648220956325531,0.6030775904655457,0.4325700104236603,0.3987190127372741,0.4343287050724029,0.6572385430335999,0.6577104926109314,0.3521747887134552,0.650450587272644,0.6965669989585876,0.8677716255187988,0.2889173328876495,0.8722354173660278,0.5671586990356445,0.8519100546836853,0.4249695837497711,0.8630427718162537,0.0,0.0,0.0,0.0,0.0,0.0,0.0,0.0,0.4997380375862121,0.4347113966941833
0.4791714251041412,0.2334131151437759,0.4993677139282226,0.2135568708181381,0.4585228562355041,0.2154859155416488,0.5292916297912598,0.2472678571939468,0.4312840104103088,0.2532364428043365,0.5836020708084106,0.4172622561454773,0.3762673735618591,0.4260439276695251,0.6767702102661133,0.6133566498756409,0.2948611378669739,0.6295293569564819,0.7333170175552368,0.8191083073616028,0.2297017723321914,0.8376542329788208,0.5559080839157104,0.846382737159729,0.4178960025310516,0.8478339314460754,0.0,0.0,0.0,0.0,0.0,0.0,0.0,0.0,0.4792761504650116,0.4210218489170074
0.4419243633747101,0.2351972758769989,0.4634798169136047,0.2110995352268219,0.4230385720729828,0.2174276858568191,0.5026804208755493,0.2431153208017349,0.4040808379650116,0.2536155879497528,0.5584482550621033,0.4138795435428619,0.3517998158931732,0.4213299453258514,0.6069054007530212,0.6312219500541687,0.3106134831905365,0.6489162445068359,0.652169406414032,0.848159670829773,0.2596579492092132,0.8755035400390625,0.5286091566085815,0.8510773777961731,0.3869334757328033,0.8500879406929016,0.0,0.0,0.0,0.0,0.0,0.0,0.0,0.0,0.4550867676734924,0.4180563986301422
0.4434272348880768,0.2290500551462173,0.4660469889640808,0.2050164192914962,0.4243538081645965,0.2115930765867233,0.5068482756614685,0.2375083714723587,0.4057705104351043,0.249631330370903,0.5632362365722656,0.4101457297801971,0.3584984838962555,0.418627917766571,0.6178770065307617,0.6322193741798401,0.3142805099487304,0.6473323702812195,0.6632314920425415,0.8482570052146912,0.2567914426326751,0.8744031190872192,0.5313318371772766,0.851335883140564,0.3890653550624847,0.8505274057388306,0.0,0.0,0.0,0.0,0.0,0.0,0.0,0.0,0.4602203965187073,0.4151641726493835
0.4687580466270447,0.2241706699132919,0.4912419021129608,0.1988970339298248,0.4496189653873443,0.2043013721704483,0.5317264199256897,0.2278030067682266,0.4285559356212616,0.2417779117822647,0.5938969254493713,0.4000784754753113,0.3823841214179992,0.419145256280899,0.6461877226829529,0.6352606415748596,0.340302050113678,0.6511315107345581,0.6866495013237,0.8570559620857239,0.2783111035823822,0.8645319938659668,0.5593040585517883,0.8619255423545837,0.4151975214481354,0.8624358177185059,0.0,0.0,0.0,0.0,0.0,0.0,0.0,0.0,0.4854371547698974,0.4105971753597259
0.4974146783351898,0.2136252969503402,0.5217365026473999,0.1896259486675262,0.4787915647029876,0.1942138671875,0.5639116168022156,0.2185156345367431,0.4596551060676574,0.2282337993383407,0.6284453272819519,0.4001330733299255,0.4207251369953155,0.4155094921588897,0.6842607855796814,0.6384506225585938,0.3818820118904114,0.6521223187446594,0.7039766311645508,0.885356605052948,0.3112470805644989,0.868283748626709,0.5758553743362427,0.8528597950935364,0.4357626140117645,0.8661242723464966,0.0,0.0,0.0,0.0,0.0,0.0,0.0,0.0,0.523127019405365,0.4070398807525635
0.5013742446899414,0.2300693094730377,0.5276080965995789,0.1998976916074752,0.48645681142807,0.2056959867477417,0.5829830765724182,0.2165475040674209,0.0,0.0,0.6486307382583618,0.4094619452953338,0.4447725415229797,0.4212293922901153,0.6967073082923889,0.6543488502502441,0.4071257412433624,0.6555633544921875,0.7064922451972961,0.906835913658142,0.3345585465431213,0.862628161907196,0.5852102041244507,0.8671168088912964,0.4535228312015533,0.8681774139404297,0.0,0.0,0.0,0.0,0.0,0.0,0.0,0.0,0.5439606308937073,0.4157668054103851
0.5023698210716248,0.2453455179929733,0.5295950770378113,0.2165431827306747,0.489272803068161,0.2209546416997909,0.5888991951942444,0.231595754623413,0.0,0.0,0.6546410918235779,0.4182511270046234,0.4593488276004791,0.4323316514492035,0.6987784504890442,0.6632643938064575,0.4242611229419708,0.6665447950363159,0.7029768228530884,0.9005411863327026,0.3535493910312652,0.8694144487380981,0.5875195860862732,0.8519171476364136,0.4593355655670166,0.8629913330078125,0.0,0.0,0.0,0.0,0.0,0.0,0.0,0.0,0.5550565123558044,0.4260135293006897
0.4719649255275726,0.2618673741817474,0.4958093166351318,0.2316740900278091,0.4582590162754059,0.240734726190567,0.5534070730209351,0.2450606524944305,0.0,0.0,0.6224438548088074,0.4162085950374603,0.4370896518230438,0.4464131295681,0.6733173727989197,0.6544495820999146,0.4068969786167145,0.681998074054718,0.6828053593635559,0.8842592835426331,0.3395931124687195,0.8837059140205383,0.5605395436286926,0.8647199869155884,0.4391808807849884,0.8664626479148865,0.0,0.0,0.0,0.0,0.0,0.0,0.0,0.0,0.5297754406929016,0.43260058760643
0.4485649168491363,0.2722459137439728,0.4672011733055115,0.2466853708028793,0.4281754195690155,0.2560460567474365,0.5097259283065796,0.2652070522308349,0.4144642949104309,0.290135383605957,0.575578510761261,0.4279949367046356,0.3907369673252105,0.4669894278049469,0.628930389881134,0.6557127833366394,0.3714494109153747,0.6846100091934204,0.6415678858757019,0.8727208971977234,0.3175304532051086,0.895752489566803,0.533383846282959,0.8715223670005798,0.4063127040863037,0.86782306432724,0.0,0.0,0.0,0.0,0.0,0.0,0.0,0.0,0.4807831346988678,0.4479466080665588
0.4339931607246399,0.278395801782608,0.4523527324199676,0.252884179353714,0.4122378230094909,0.2598407566547394,0.4846534729003906,0.276643306016922,0.3888841271400451,0.2950509190559387,0.5528024435043335,0.4318747818470001,0.3627512156963348,0.472324937582016,0.6018893122673035,0.6497691869735718,0.3395463824272156,0.6869198083877563,0.6328886151313782,0.8520688414573669,0.2950268089771271,0.8988701701164246,0.5221468806266785,0.8640218377113342,0.3934588730335235,0.8489806056022644,0.0,0.0,0.0,0.0,0.0,0.0,0.0,0.0,0.4562596678733825,0.4505520164966583
0.4589259624481201,0.2846720218658447,0.4758679866790771,0.2608121037483215,0.4359762370586395,0.2648905813694,0.5037805438041687,0.2848959267139435,0.4078919291496277,0.2991797029972076,0.5531607866287231,0.4490834772586822,0.3682352602481842,0.4670484364032745,0.6000924706459045,0.6585984826087952,0.3389187157154083,0.6731119751930237,0.6343122124671936,0.8415479063987732,0.3022048473358154,0.8871574401855469,0.5227352380752563,0.850119948387146,0.4003148674964905,0.8460057377815247,0.0,0.0,0.0,0.0,0.0,0.0,0.0,0.0,0.4598965644836426,0.4577090740203857
0.505623459815979,0.3119558990001678,0.5221273899078369,0.2901636958122253,0.4841257035732269,0.2845611870288849,0.5358628034591675,0.3116717338562011,0.4396547973155975,0.3004699051380157,0.55207759141922,0.4706410467624664,0.3806286156177521,0.4578671455383301,0.5736770033836365,0.6750187873840332,0.3409807682037353,0.6680868268013,0.6053193807601929,0.8525546789169312,0.3127451539039612,0.8795590996742249,0.5291561484336853,0.8492925763130188,0.4129368364810943,0.8600016236305237,0.0,0.0,0.0,0.0,0.0,0.0,0.0,0.0,0.4681341350078583,0.464562714099884
0.4534754157066345,0.2934507727622986,0.4705025553703308,0.2712692320346832,0.431908518075943,0.2751269936561584,0.4959788918495178,0.2998667359352112,0.4046497941017151,0.3091081082820892,0.5207170248031616,0.464341789484024,0.355790376663208,0.456168919801712,0.5438619256019592,0.6581681370735168,0.3220491409301758,0.6714426279067993,0.5781188607215881,0.83173006772995,0.3048906028270721,0.8871979713439941,0.5044821500778198,0.827759861946106,0.3890374004840851,0.8295294642448425,0.0,0.0,0.0,0.0,0.0,0.0,0.0,0.0,0.439308226108551,0.4616392254829407
0.4162855744361877,0.3006500899791717,0.4345152676105499,0.2779558300971985,0.3951122462749481,0.2830246090888977,0.4644868373870849,0.3050156533718109,0.3717806339263916,0.3145673274993896,0.4965789914131164,0.4660356640815735,0.3252643644809723,0.4690476059913635,0.5210778117179871,0.6677635908126831,0.2945068776607513,0.69197016954422,0.5678514838218689,0.8430468440055847,0.2761935293674469,0.901338517665863,0.4732088446617126,0.834422767162323,0.3606036007404327,0.8359853029251099,0.0,0.0,0.0,0.0,0.0,0.0,0.0,0.0,0.4096875488758087,0.4688465893268585
0.395812064409256,0.3081963658332824,0.4160566627979278,0.2828549146652221,0.3752355873584747,0.2889595627784729,0.446874588727951,0.3058761954307556,0.3504177629947662,0.3165928423404693,0.4799207746982574,0.46649169921875,0.3070423603057861,0.4789480865001678,0.5121126770973206,0.6663583517074585,0.2825426161289215,0.7014008164405823,0.5615662932395935,0.8371366858482361,0.2601815462112427,0.9167646765708924,0.4578446447849273,0.8334838151931763,0.3470101356506347,0.8328130841255188,0.0,0.0,0.0,0.0,0.0,0.0,0.0,0.0,0.3933579325675964,0.4733060300350189
0.3938759863376617,0.2993415892124176,0.4134851098060608,0.2742640376091003,0.3721478879451751,0.2794728577136993,0.443493515253067,0.2958678901195526,0.3465285897254944,0.3095634877681732,0.4791501462459564,0.4640760421752929,0.3033728003501892,0.4759666621685028,0.5087789297103882,0.6681370139122009,0.2797628045082092,0.6934313774108887,0.5521412491798401,0.8441247940063477,0.2578456103801727,0.9079635739326476,0.4637218415737152,0.8341063857078552,0.347771406173706,0.8349360227584839,0.0,0.0,0.0,0.0,0.0,0.0,0.0,0.0,0.3910068869590759,0.4711145758628845
0.4271135032176971,0.2739143073558807,0.4470706880092621,0.251221626996994,0.4048496782779693,0.2532994151115417,0.4739318192005157,0.282882958650589,0.3767911791801452,0.2899048030376434,0.513999342918396,0.4568851888179779,0.323207288980484,0.460170716047287,0.5434004068374634,0.6702641844749451,0.2962849736213684,0.6815247535705566,0.5824753642082214,0.8680596351623535,0.263771504163742,0.9016962051391602,0.4948857128620147,0.8522952795028687,0.3633898198604584,0.8532738089561462,0.0,0.0,0.0,0.0,0.0,0.0,0.0,0.0,0.4170185029506683,0.4589979350566864
0.4598872363567352,0.2280304729938507,0.4818432033061981,0.2026846557855606,0.4388990998268127,0.2050677686929702,0.5153818726539612,0.2335995435714721,0.4123062491416931,0.2399318218231201,0.560254693031311,0.430799275636673,0.3532250523567199,0.4297580420970917,0.5923919081687927,0.6617051959037781,0.3085412383079529,0.6644442677497864,0.6409648656845093,0.8693844079971313,0.2657468318939209,0.9074040055274964,0.5290048718452454,0.8678169846534729,0.3896520137786865,0.8810806274414062,0.0,0.0,0.0,0.0,0.0,0.0,0.0,0.0,0.4572999775409698,0.4297443032264709
0.4793024063110351,0.1673806756734848,0.5063880085945129,0.1339439004659652,0.4570618271827698,0.1433671563863754,0.555859386920929,0.1647250652313232,0.4366112649440765,0.1816624402999878,0.6170133948326111,0.3840397000312805,0.3773749470710754,0.3961088359355926,0.659659206867218,0.6431697607040405,0.3337130546569824,0.663085401058197,0.7061222195625305,0.8883134722709656,0.2849642932415008,0.9410108923912048,0.577761709690094,0.8867197632789612,0.4148029685020447,0.9027729630470276,0.0,0.0,0.0,0.0,0.0,0.0,0.0,0.0,0.4959891438484192,0.3889225423336029
0.4720584750175476,0.1093184500932693,0.4973977506160736,0.0744006633758544,0.4455080330371856,0.0853162258863449,0.5491722822189331,0.1097217127680778,0.416303426027298,0.1345341503620147,0.6211759448051453,0.3500541746616363,0.3595857918262481,0.3724122941493988,0.6736270785331726,0.6356087923049927,0.3246343433856964,0.6659806370735168,0.7323912382125854,0.900638997554779,0.2734872996807098,0.9809667468070984,0.5806183218955994,0.8865623474121094,0.4078805446624756,0.9048420190811156,0.0,0.0,0.0,0.0,0.0,0.0,0.0,0.0,0.4902960658073425,0.3599875569343567
0.4599927961826324,0.0163224712014198,0.4896064698696136,0.0089285718277096,0.4311682283878326,0.0089285718277096,0.5469332933425903,0.0453901179134845,0.4040694832801819,0.0595936775207519,0.6247404217720032,0.3048133254051208,0.3356859982013702,0.3236865997314453,0.683713436126709,0.6327061653137207,0.2883728444576263,0.6524656414985657,0.7616882920265198,0.9204078912734984,0.2312333136796951,0.9910714030265808,0.5921276807785034,0.9036129117012024,0.3893763124942779,0.9217371940612792,0.0,0.0,0.0,0.0,0.0,0.0,0.0,0.0,0.4797428548336029,0.3131322562694549
0.4964236915111542,0.0089285718277096,0.0,0.0,0.0,0.0,0.6064606308937073,0.0089285718277096,0.435864120721817,0.0089285718277096,0.679485023021698,0.2810891270637512,0.36629518866539,0.3047788739204407,0.7401357889175415,0.6286085247993469,0.3163004219532013,0.6540060639381409,0.8214721083641052,0.9565361738204956,0.2535765767097473,0.991071343421936,0.6526771187782288,0.9400081634521484,0.4202666580677032,0.9384735822677612,0.0,0.0,0.0,0.0,0.0,0.0,0.0,0.0,0.5197490453720093,0.2920630872249603
0.0,0.0,0.0,0.0,0.0,0.0,0.0,0.0,0.0,0.0,0.849278450012207,0.2182112485170364,0.4971041679382324,0.2686087489128113,0.9330914616584778,0.6108394265174866,0.444801777601242,0.6330472826957703,0.0,0.0,0.3447379171848297,0.9767128825187684,0.7736218571662903,0.9410654902458192,0.5404716730117798,0.9237880706787108,0.0,0.0,0.0,0.0,0.0,0.0,0.0,0.0,0.6687002182006836,0.2437603324651718
0.0,0.0,0.0,0.0,0.0,0.0,0.0,0.0,0.0,0.0,0.8568040728569031,0.192749336361885,0.4962916374206543,0.2650282680988312,0.943686306476593,0.5822669863700867,0.4454889893531799,0.652331531047821,0.0,0.0,0.3602100014686584,0.9804823994636536,0.7730426788330078,0.9421831965446472,0.5311741828918457,0.9371787905693054,0.0,0.0,0.0,0.0,0.0,0.0,0.0,0.0,0.6689026951789856,0.2325221747159958
0.0,0.0,0.0,0.0,0.0,0.0,0.0,0.0,0.0,0.0,0.7768949270248413,0.2060409635305404,0.4270015060901642,0.2592185139656067,0.8657093048095703,0.5789560675621033,0.3870508670806885,0.6452961564064026,0.0,0.0,0.3006099760532379,0.9569083452224731,0.72672039270401,0.921291172504425,0.4873908162117004,0.9175629019737244,0.0,0.0,0.0,0.0,0.0,0.0,0.0,0.0,0.5981966257095337,0.2365974336862564
0.0,0.0,0.0,0.0,0.0,0.0,0.0,0.0,0.0,0.0,0.6927828192710876,0.2265665680170059,0.3489824831485748,0.2828404605388641,0.7656106948852539,0.5667569041252136,0.3132259845733642,0.6645475625991821,0.8759773373603821,0.9320456385612488,0.2469880878925323,0.9806503057479858,0.6682659387588501,0.9178858399391174,0.4388159811496734,0.9200300574302672,0.0,0.0,0.0,0.0,0.0,0.0,0.0,0.0,0.5160754919052124,0.2545613646507263
0.4613368809223175,0.0089285718277096,0.0,0.0,0.0,0.0,0.0,0.0,0.4054306149482727,0.0089285718277096,0.6675344109535217,0.2572296261787414,0.3513010442256927,0.3119854032993316,0.7404472231864929,0.5980752110481262,0.3168812096118927,0.6688329577445984,0.8331627249717712,0.9076564908027648,0.2581270039081573,0.991071343421936,0.6507182717323303,0.9228549003601074,0.4302325844764709,0.9356018900871276,0.0,0.0,0.0,0.0,0.0,0.0,0.0,0.0,0.5052103400230408,0.2824764847755432
0.5065173506736755,0.0605700574815273,0.536626398563385,0.0138369677588343,0.483736902475357,0.01857515797019,0.6008120179176331,0.0567274205386638,0.4580218195915222,0.081343837082386,0.6804118752479553,0.3179347813129425,0.3973801732063293,0.350810706615448,0.7414998412132263,0.6298119425773621,0.3625220358371734,0.6634656190872192,0.8336462378501892,0.9181313514709472,0.2979268729686737,0.991071343421936,0.6516240835189819,0.9203911423683168,0.4494471848011017,0.9318544268608092,0.0,0.0,0.0,0.0,0.0,0.0,0.0,0.0,0.5375071167945862,0.334981769323349
0.5344797372817993,0.1005866527557373,0.5679841637611389,0.0656339153647422,0.5119543671607971,0.0722167119383812,0.6258530616760254,0.0993962809443473,0.4859795570373535,0.1137555614113807,0.688277542591095,0.3486261069774627,0.4220070242881775,0.3652827441692352,0.7357346415519714,0.6558902859687805,0.3837993443012237,0.6651272177696228,0.8031789660453796,0.938119113445282,0.3239439129829407,0.9910714030265808,0.0,0.0,0.4583414494991302,0.9200443029403688,0.0,0.0,0.0,0.0,0.0,0.0,0.0,0.0,0.5544866919517517,0.3577249944210052
0.5382460951805115,0.0936429128050804,0.5696659088134766,0.0529198907315731,0.5164588093757629,0.0626890212297439,0.6316341161727905,0.0752918273210525,0.4956543147563934,0.0986005887389183,0.6991322636604309,0.3495633006095886,0.4253731667995453,0.3599050641059875,0.750041663646698,0.6516522765159607,0.3818210959434509,0.6583614349365234,0.8284764289855957,0.9329830408096312,0.3132991194725036,0.9773989915847778,0.0,0.0,0.4526956081390381,0.918845534324646,0.0,0.0,0.0,0.0,0.0,0.0,0.0,0.0,0.5604709982872009,0.3534954488277435
0.5143280625343323,0.0399694964289665,0.5465587973594666,0.0089285718277096,0.4912200570106506,0.0089285718277096,0.6111916899681091,0.0355939529836177,0.4672408103942871,0.0483334921300411,0.6925000548362732,0.3164551854133606,0.3992186188697815,0.3383440673351288,0.747843325138092,0.6365130543708801,0.35590460896492,0.6667498350143433,0.8334189653396606,0.9537535905838012,0.2766932845115661,0.9811374545097352,0.6471360921859741,0.9352058172225952,0.424290269613266,0.9223968386650084,0.0,0.0,0.0,0.0,0.0,0.0,0.0,0.0,0.5442239046096802,0.3279129564762115
0.5028471350669861,0.0089285718277096,0.0,0.0,0.4786214232444763,0.0089285718277096,0.6113720536231995,0.0089285718277096,0.4584694504737854,0.036188531666994,0.6937319040298462,0.2965817153453827,0.3910435140132904,0.3182577788829803,0.7522751092910767,0.6306748986244202,0.3394684195518493,0.6534538269042969,0.8397566676139832,0.9354886412620544,0.2546529173851013,0.9817524552345276,0.0,0.0,0.436829000711441,0.9341111779212952,0.0,0.0,0.0,0.0,0.0,0.0,0.0,0.0,0.5395868420600891,0.3075174987316131
0.5327035188674927,0.0544950254261493,0.5630365610122681,0.0089285718277096,0.5089589357376099,0.0125391026958823,0.624374508857727,0.0538537465035915,0.4848517477512359,0.0653630644083023,0.7147720456123352,0.3201065957546234,0.4238284230232239,0.3453059792518616,0.774882972240448,0.6398007273674011,0.3769633769989013,0.6548846364021301,0.8477386236190796,0.9374508857727052,0.3033652305603027,0.953516125679016,0.6727398037910461,0.9387932419776917,0.470041811466217,0.92335844039917,0.0,0.0,0.0,0.0,0.0,0.0,0.0,0.0,0.5652917623519897,0.3328962028026581
0.5592948198318481,0.1052617356181144,0.591097354888916,0.0712466016411781,0.5379851460456848,0.0769935399293899,0.6509128212928772,0.0999635308980941,0.5171332359313965,0.112909197807312,0.7240780591964722,0.3479634821414947,0.4572374820709228,0.3665243685245514,0.7751190066337585,0.6482966542243958,0.4167570173740387,0.65459805727005,0.8357656598091125,0.9294299483299256,0.3506035506725311,0.942988932132721,0.6798526048660278,0.9186455011367798,0.4919539988040924,0.9171937108039856,0.0,0.0,0.0,0.0,0.0,0.0,0.0,0.0,0.5880788564682007,0.3559344708919525
0.5698747038841248,0.112866960465908,0.6013582348823547,0.0826538205146789,0.5498974919319153,0.0877285748720169,0.6555104851722717,0.1215790435671806,0.5260860323905945,0.1369379609823227,0.7241531610488892,0.3562290072441101,0.4619568288326263,0.3774817883968353,0.7752646803855896,0.6502639651298523,0.4209281802177429,0.6649165153503418,0.8399359583854675,0.933694064617157,0.3503303825855255,0.9420368075370787,0.6792997121810913,0.9189198613166808,0.4926564991474151,0.9165626764297484,0.0,0.0,0.0,0.0,0.0,0.0,0.0,0.0,0.5897108912467957,0.3650886118412018
0.5392245054244995,0.0749287530779838,0.5684787034988403,0.0394415669143199,0.5208969712257385,0.0512126162648201,0.6364350914955139,0.0755806118249893,0.5030787587165833,0.0986310243606567,0.7135651707649231,0.3358583152294159,0.433452695608139,0.3634005188941955,0.7681558728218079,0.6460179686546326,0.3916802406311035,0.666353702545166,0.8427495360374451,0.9406443238258362,0.3202663958072662,0.9798054695129396,0.6695377230644226,0.9354327321052552,0.4590092003345489,0.9209727644920348,0.0,0.0,0.0,0.0,0.0,0.0,0.0,0.0,0.5696347951889038,0.3491174876689911
0.4944674670696258,0.1360950618982315,0.528754472732544,0.1008192971348762,0.4697838425636291,0.1098429411649704,0.5972214937210083,0.1372519731521606,0.4455104470252991,0.1646318584680557,0.6719131469726562,0.3991282880306244,0.3777360916137695,0.4337100088596344,0.7418144345283508,0.7361193299293518,0.3373701274394989,0.7644805908203125,0.8117815852165222,0.9910714030265808,0.0,0.0,0.0,0.0,0.0,0.0,0.0,0.0,0.0,0.0,0.0,0.0,0.0,0.0,0.5203415751457214,0.4164323210716247
0.507310152053833,0.1784406900405883,0.5416117906570435,0.1437021046876907,0.4835012257099151,0.1515840739011764,0.6094091534614563,0.1829657405614853,0.4595785140991211,0.204126700758934,0.6859849691390991,0.4451003968715668,0.3883593678474426,0.468027263879776,0.7483428120613098,0.7806573510169983,0.3471875488758087,0.798276960849762,0.8133843541145325,0.9910714030265808,0.0,0.0,0.0,0.0,0.0,0.0,0.0,0.0,0.0,0.0,0.0,0.0,0.0,0.0,0.5342367887496948,0.4550893902778625
0.5212605595588684,0.2074813693761825,0.5539736151695251,0.1713673025369644,0.4942176342010498,0.1816027164459228,0.6154559850692749,0.2088857144117355,0.4675667583942413,0.2328751385211944,0.6900907158851624,0.4709510803222656,0.3926249146461487,0.4945366680622101,0.752927839756012,0.7998893857002258,0.3564884662628174,0.8110433220863342,0.0,0.0,0.0,0.0,0.0,0.0,0.0,0.0,0.0,0.0,0.0,0.0,0.0,0.0,0.0,0.0,0.5406971573829651,0.4835940301418304
0.5199491381645203,0.2177069932222366,0.5524086356163025,0.1815615445375442,0.4950845539569855,0.192396193742752,0.619480311870575,0.2171849459409713,0.4718957245349884,0.2397226095199585,0.6958885788917542,0.4839398562908172,0.4000270068645477,0.5032334923744202,0.7511913180351257,0.8112663626670837,0.3649662137031555,0.8123669028282166,0.0,0.0,0.0,0.0,0.0,0.0,0.0,0.0,0.0,0.0,0.0,0.0,0.0,0.0,0.0,0.0,0.5465266108512878,0.4948224723339081
0.522171139717102,0.2265478819608688,0.5550132989883423,0.1900587975978851,0.4980298578739166,0.2006631195545196,0.6213980317115784,0.2227701246738433,0.4735816419124603,0.2513433694839477,0.6978597640991211,0.4909199774265289,0.4034182429313659,0.5103911757469177,0.7544455528259277,0.8120689392089844,0.3687140345573425,0.827140748500824,0.0,0.0,0.0,0.0,0.0,0.0,0.0,0.0,0.0,0.0,0.0,0.0,0.0,0.0,0.0,0.0,0.5480442047119141,0.5021303296089172
0.5220707654953003,0.2300882786512375,0.5551596879959106,0.1949949711561203,0.4985365569591522,0.2049437761306762,0.6242128610610962,0.2296631634235382,0.4740076661109924,0.2602269947528839,0.7015654444694519,0.4985784888267517,0.4037366509437561,0.5129355788230896,0.7576953172683716,0.8173686861991882,0.3659387230873108,0.8334543108940125,0.0,0.0,0.0,0.0,0.0,0.0,0.0,0.0,0.0,0.0,0.0,0.0,0.0,0.0,0.0,0.0,0.5494089722633362,0.5063621401786804
0.5203880071640015,0.2300329208374023,0.5547972917556763,0.1944377869367599,0.4967241585254669,0.2028445899486541,0.6235583424568176,0.2319001257419586,0.4723073542118072,0.2566727697849273,0.6990222334861755,0.4960972964763641,0.4023194015026092,0.5110846161842346,0.7563505172729492,0.8169161677360535,0.3621115684509277,0.835105299949646,0.0,0.0,0.0,0.0,0.0,0.0,0.0,0.0,0.0,0.0,0.0,0.0,0.0,0.0,0.0,0.0,0.547633707523346,0.5047410130500793
0.5130065679550171,0.2313383817672729,0.5483039617538452,0.1908983141183853,0.4895570278167724,0.2040951251983642,0.6209410429000854,0.2242714464664459,0.4681747257709503,0.2590629458427429,0.6979624629020691,0.4886671900749206,0.4006928503513336,0.5082866549491882,0.7555800080299377,0.812843382358551,0.3645996153354645,0.8252750635147095,0.0,0.0,0.0,0.0,0.0,0.0,0.0,0.0,0.0,0.0,0.0,0.0,0.0,0.0,0.0,0.0,0.5470859408378601,0.4992812573909759
0.5169993042945862,0.2294951528310775,0.5507825613021851,0.1925082206726074,0.4932685494422912,0.2031260281801223,0.6200494170188904,0.2254298478364944,0.4714962542057037,0.2577897906303406,0.701004147529602,0.4854840338230133,0.4046476781368255,0.5073612928390503,0.7597586512565613,0.8091119527816772,0.3692231476306915,0.8248991370201111,0.0,0.0,0.0,0.0,0.0,0.0,0.0,0.0,0.0,0.0,0.0,0.0,0.0,0.0,0.0,0.0,0.5503674745559692,0.4979231059551239
0.5205839276313782,0.2266984283924102,0.5532022714614868,0.1911962032318115,0.4969692826271057,0.2015063613653183,0.6226110458374023,0.2238947451114654,0.4748992621898651,0.2522858083248138,0.699593722820282,0.4866995215415954,0.4044600427150726,0.5056777596473694,0.7558990716934204,0.8103872537612915,0.3677699863910675,0.8179827332496643,0.0,0.0,0.0,0.0,0.0,0.0,0.0,0.0,0.0,0.0,0.0,0.0,0.0,0.0,0.0,0.0,0.54982990026474,0.4972302317619324
0.5138119459152222,0.2203074693679809,0.5477356314659119,0.1842767894268036,0.4912431538105011,0.195592924952507,0.6172546744346619,0.2174798548221588,0.4704614579677582,0.2432681024074554,0.6977794766426086,0.4789068698883056,0.4035172760486603,0.5023075342178345,0.7560678124427795,0.806922435760498,0.3670144975185394,0.8127902746200562,0.0,0.0,0.0,0.0,0.0,0.0,0.0,0.0,0.0,0.0,0.0,0.0,0.0,0.0,0.0,0.0,0.5494028329849243,0.4908249676227569
0.5138758420944214,0.213262990117073,0.5461395978927612,0.1765177696943283,0.4901959896087646,0.1871078014373779,0.6147328615188599,0.2081046253442764,0.4693064093589782,0.2324946671724319,0.6979633569717407,0.4619351029396057,0.4056729674339294,0.4883541762828827,0.7593788504600525,0.7915385365486145,0.3715822398662567,0.8099889755249023,0.0,0.0,0.0,0.0,0.0,0.0,0.0,0.0,0.0,0.0,0.0,0.0,0.0,0.0,0.0,0.0,0.5500227212905884,0.4746667742729187
0.522442638874054,0.2000510543584823,0.5538638234138489,0.1615231335163116,0.4991460144519806,0.1731759756803512,0.6189506649971008,0.1901296079158783,0.4782796502113342,0.218175932765007,0.6992347836494446,0.4448239505290985,0.4209947884082794,0.4627699851989746,0.7566389441490173,0.7590928673744202,0.3814408183097839,0.7826929688453674,0.0,0.0,0.0,0.0,0.0,0.0,0.0,0.0,0.0,0.0,0.0,0.0,0.0,0.0,0.0,0.0,0.5565001368522644,0.455252856016159
0.532735288143158,0.1647306382656097,0.5636941194534302,0.1313284337520599,0.5109569430351257,0.1396524161100387,0.6277909278869629,0.1654727160930633,0.4896912574768066,0.1871754676103592,0.6991662383079529,0.4053795635700226,0.4316487610340118,0.4291781485080719,0.757746160030365,0.7055172324180603,0.3976702690124511,0.7211127281188965,0.8205457329750061,0.9910714030265808,0.3438560664653778,0.9910714030265808,0.6630905270576477,0.9910712838172911,0.4692791104316711,0.977323055267334,0.0,0.0,0.0,0.0,0.0,0.0,0.0,0.0,0.5632280707359314,0.4180521368980407
0.5350592732429504,0.1553457826375961,0.5645000338554382,0.1199460625648498,0.512134850025177,0.1309781819581985,0.6297358870506287,0.1516258418560028,0.4928834736347198,0.1752304583787918,0.7132356762886047,0.3885970115661621,0.4438112676143646,0.429546982049942,0.7778661847114563,0.6894292831420898,0.4082047343254089,0.7213233709335327,0.8485078811645508,0.9802261590957642,0.347182422876358,0.991071343421936,0.6707647442817688,0.9594801068305968,0.4870508313179016,0.9582887887954712,0.0,0.0,0.0,0.0,0.0,0.0,0.0,0.0,0.5751463770866394,0.4097674489021301
0.5764235854148865,0.1758715361356735,0.608462393283844,0.1389981657266616,0.5552336573600769,0.1524586975574493,0.6788458824157715,0.1706607192754745,0.0,0.0,0.7679309844970703,0.385254293680191,0.508639931678772,0.4343593120574951,0.8314735293388367,0.6732065081596375,0.4680442214012146,0.7117224931716919,0.8953824639320374,0.9793242812156676,0.4024063646793365,0.9800960421562196,0.7278381586074829,0.9526559114456176,0.5475860238075256,0.9399205446243286,0.0,0.0,0.0,0.0,0.0,0.0,0.0,0.0,0.6322336792945862,0.4092532098293304
0.631429135799408,0.1852562576532364,0.6589390635490417,0.1497529596090316,0.6128849983215332,0.1638069450855255,0.7250164151191711,0.1726483106613159,0.5988768935203552,0.2074368745088577,0.8168716430664062,0.3851632177829742,0.5613066554069519,0.4354597628116607,0.8949102163314819,0.6643553972244263,0.5345863103866577,0.7059832215309143,0.9821791052818298,0.9573858976364136,0.4795190393924713,0.991071343421936,0.7892457842826843,0.9503742456436156,0.6105114221572876,0.9540680050849916,0.0,0.0,0.0,0.0,0.0,0.0,0.0,0.0,0.684859573841095,0.4116371273994446
0.6449604630470276,0.2124308794736862,0.6730269193649292,0.1786697059869766,0.6240219473838806,0.1876526772975921,0.7334290146827698,0.2026461213827133,0.6041980385780334,0.2282604724168777,0.8208845257759094,0.4096699357032776,0.5703070759773254,0.4576968252658844,0.88957679271698,0.6840110421180725,0.5474897623062134,0.738557755947113,0.9626423716545104,0.9795600771903992,0.492073118686676,0.991071343421936,0.782607913017273,0.9573822617530824,0.6132802367210388,0.976249098777771,0.0,0.0,0.0,0.0,0.0,0.0,0.0,0.0,0.6914369463920593,0.4351678490638733
0.6272417306900024,0.2671957612037658,0.6530556082725525,0.2316711694002151,0.6080669164657593,0.2433886080980301,0.7109957337379456,0.253262460231781,0.5931344628334045,0.2795908153057098,0.806251049041748,0.4599486887454986,0.5672165751457214,0.5114624500274658,0.8646597862243652,0.7288347482681274,0.5373143553733826,0.7664216160774231,0.9079281687736512,0.991071343421936,0.4826383292675018,0.991071343421936,0.7631064653396606,0.97629314661026,0.6039417386054993,0.9770757555961608,0.0,0.0,0.0,0.0,0.0,0.0,0.0,0.0,0.6829172968864441,0.4872362017631531
0.6236427426338196,0.2775942087173462,0.6502825021743774,0.2432915419340133,0.6039556860923767,0.2571547925472259,0.7132543921470642,0.2623831331729889,0.0,0.0,0.8078447580337524,0.4672798216342926,0.5735837817192078,0.5214245319366455,0.8769938349723816,0.7436704635620117,0.5504199862480164,0.7854456305503845,0.935714602470398,0.9910714030265808,0.5073610544204712,0.9910714030265808,0.7669137120246887,0.991071343421936,0.6011403799057007,0.9910715222358704,0.0,0.0,0.0,0.0,0.0,0.0,0.0,0.0,0.6874746084213257,0.4950146675109863
0.6291972994804382,0.280871570110321,0.6549332737922668,0.2468974739313125,0.6099086999893188,0.2590770423412323,0.7213894128799438,0.2681233882904053,0.0,0.0,0.8177437782287598,0.4730898737907409,0.5784488916397095,0.5259218811988831,0.8874344229698181,0.7631790041923523,0.5569575428962708,0.7951803207397461,0.947109878063202,0.9910715222358704,0.5184847712516785,0.9910714030265808,0.769899308681488,0.9910714030265808,0.6003280282020569,0.9910715222358704,0.0,0.0,0.0,0.0,0.0,0.0,0.0,0.0,0.6946831941604614,0.500954806804657
0.6455420851707458,0.2950034439563751,0.6724758148193359,0.2605277299880981,0.6246964335441589,0.2723914384841919,0.7342342734336853,0.2823317945003509,0.6051783561706543,0.309657335281372,0.8240169286727905,0.4926435649394989,0.5834146738052368,0.5378046035766602,0.8923149704933167,0.7896761894226074,0.5620853304862976,0.8129956126213074,0.9374335408210754,0.991071343421936,0.5217946767807007,0.991071343421936,0.0,0.0,0.0,0.0,0.0,0.0,0.0,0.0,0.0,0.0,0.0,0.0,0.6988860964775085,0.5164217352867126
0.658243715763092,0.2898608744144439,0.6859951615333557,0.2528067827224731,0.6383596062660217,0.2689819931983948,0.753600001335144,0.2747005522251129,0.0,0.0,0.8469702005386353,0.4773048758506775,0.6111750602722168,0.5300655961036682,0.9119987487792968,0.7690178155899048,0.5849533081054688,0.7982391119003296,0.954281449317932,0.9910712838172911,0.5426461696624756,0.9910715222358704,0.7878747582435608,0.9910715222358704,0.621207058429718,0.991071343421936,0.0,0.0,0.0,0.0,0.0,0.0,0.0,0.0,0.7237350344657898,0.506249725818634
0.664692759513855,0.2639653980731964,0.6921259760856628,0.225131019949913,0.6466740369796753,0.2417277097702026,0.7607486844062805,0.2368436157703399,0.0,0.0,0.8598576188087463,0.4432110786437988,0.6317188143730164,0.5043875575065613,0.9293886423110962,0.7365714311599731,0.611598551273346,0.7632597088813782,0.9806951880455016,0.9910715222358704,0.5586411356925964,0.9817870259284972,0.804029643535614,0.9910714030265808,0.6319442987442017,0.9910714030265808,0.0,0.0,0.0,0.0,0.0,0.0,0.0,0.0,0.7411853671073914,0.475467711687088
0.6652457118034363,0.2555796205997467,0.693192183971405,0.2156825959682464,0.6478078961372375,0.2345866113901138,0.7716458439826965,0.2249385416507721,0.0,0.0,0.8614230155944824,0.4221788048744201,0.6491356492042542,0.4908420741558075,0.9274762868881226,0.725077211856842,0.6321338415145874,0.7428106665611267,0.9589341282844543,0.9910714030265808,0.5792821049690247,0.9820849299430848,0.8018292784690857,0.9762929677963256,0.6490136981010437,0.9590002298355104,0.0,0.0,0.0,0.0,0.0,0.0,0.0,0.0,0.7517514228820801,0.4571282565593719
0.6653565168380737,0.2470710724592209,0.692794919013977,0.208592802286148,0.6473116278648376,0.2261040210723877,0.7703695297241211,0.2181262820959091,0.0,0.0,0.8596963882446289,0.4142586588859558,0.6485885381698608,0.4835765957832336,0.9215473532676696,0.7179544568061829,0.6316890120506287,0.7405635118484497,0.9440534710884094,0.9910715222358704,0.5815910696983337,0.9753932356834412,0.7934741377830505,0.957414984703064,0.6395907402038574,0.9548130035400392,0.0,0.0,0.0,0.0,0.0,0.0,0.0,0.0,0.7498055100440979,0.4489274024963379
0.6392966508865356,0.2375243157148361,0.6693745851516724,0.2049070447683334,0.6204804182052612,0.2162426710128784,0.7331821322441101,0.2222643047571182,0.0,0.0,0.8222187757492065,0.4143218994140625,0.6161556243896484,0.4782852530479431,0.8834415674209595,0.6909079551696777,0.5969828367233276,0.744032084941864,0.9087831377983092,0.991071343421936,0.5368449091911316,0.976718008518219,0.7590897679328918,0.9500368237495422,0.6100382804870605,0.942019820213318,0.0,0.0,0.0,0.0,0.0,0.0,0.0,0.0,0.7157703638076782,0.4458448588848114
0.6035629510879517,0.2402843087911605,0.6303232312202454,0.2080930769443512,0.5836190581321716,0.2201969772577285,0.6921921968460083,0.2197963446378708,0.0,0.0,0.7778733968734741,0.4053294360637665,0.5777458548545837,0.4780668914318084,0.8384022116661072,0.6731716394424438,0.5602632164955139,0.7214239239692688,0.8673070669174194,0.9910715222358704,0.4935867488384247,0.9511533975601196,0.7091757655143738,0.920839250087738,0.5754040479660034,0.9206668734550476,0.0,0.0,0.0,0.0,0.0,0.0,0.0,0.0,0.6762012839317322,0.4413078129291534
0.5452054142951965,0.227075457572937,0.571276068687439,0.1926549524068832,0.5278285145759583,0.2087768614292144,0.6346793174743652,0.2064694464206695,0.0,0.0,0.7133120894432068,0.3851110339164734,0.5211254954338074,0.4526833593845367,0.7668587565422058,0.6497292518615723,0.4950893223285675,0.6983607411384583,0.7901550531387329,0.93707275390625,0.4303223192691803,0.9361006021499634,0.6625269055366516,0.9003342390060425,0.5276861190795898,0.8997003436088562,0.0,0.0,0.0,0.0,0.0,0.0,0.0,0.0,0.6129596829414368,0.4214638173580169
0.5064942240715027,0.2204030007123947,0.5304735898971558,0.1859103739261627,0.4883274435997009,0.1999036073684692,0.5867683291435242,0.2016785442829132,0.0,0.0,0.664685070514679,0.3735113739967346,0.4763094782829284,0.4391387104988098,0.7201610207557678,0.6245633363723755,0.460862785577774,0.6843026280403137,0.7495959401130676,0.8982075452804565,0.3986988663673401,0.9134591817855836,0.621838390827179,0.8537326455116272,0.4960454106330871,0.8687416911125183,0.0,0.0,0.0,0.0,0.0,0.0,0.0,0.0,0.5655864477157593,0.4060549139976501
0.4979133605957031,0.2130241096019745,0.5213337540626526,0.1831420958042144,0.4795018136501312,0.1952713578939438,0.5751680731773376,0.2014456987380981,0.4677848517894745,0.2319548279047012,0.654761016368866,0.3728017210960388,0.4680566191673279,0.4411229789257049,0.705518901348114,0.6234210729598999,0.449624091386795,0.6819947361946106,0.0,0.0,0.3870392143726349,0.9105037450790404,0.6091118454933167,0.8441683650016785,0.4912446141242981,0.8506484627723694,0.0,0.0,0.0,0.0,0.0,0.0,0.0,0.0,0.5556077361106873,0.4056973755359649
0.5068253874778748,0.2100360095500946,0.5310386419296265,0.1802479922771453,0.4892756044864654,0.1919591575860977,0.5862471461296082,0.2008586227893829,0.4776425063610077,0.2304534912109375,0.6618648767471313,0.3791871666908264,0.47084641456604,0.4346473217010498,0.7094770669937134,0.6390548944473267,0.4505784511566162,0.6731204986572266,0.7355853915214539,0.8978156447410583,0.3882074654102325,0.901710331439972,0.6046382188796997,0.8511344790458679,0.4823135733604431,0.8663598299026489,0.0,0.0,0.0,0.0,0.0,0.0,0.0,0.0,0.5612267851829529,0.4056552052497864
0.4978112876415252,0.1984885185956955,0.522922694683075,0.1700956374406814,0.4791983664035797,0.1793600618839264,0.5753393769264221,0.1933042109012603,0.4659058451652527,0.2203777134418487,0.6532250046730042,0.3824034631252289,0.452578604221344,0.4232397675514221,0.7002025842666626,0.6439007520675659,0.4291892349720001,0.6740118861198425,0.7187699675559998,0.903234601020813,0.3650875091552734,0.9002666473388672,0.5956710577011108,0.8524041175842285,0.4590416848659515,0.8686520457267761,0.0,0.0,0.0,0.0,0.0,0.0,0.0,0.0,0.5489518046379089,0.402590662240982
0.4699556827545166,0.1943771839141845,0.4949725568294525,0.1653328388929367,0.4505934417247772,0.1754815131425857,0.549140989780426,0.1925890892744064,0.4376170337200165,0.2185553610324859,0.619040846824646,0.3728586137294769,0.4187680184841156,0.4242324829101562,0.6800118684768677,0.6201693415641785,0.394584447145462,0.6818634867668152,0.7072170972824097,0.90300315618515,0.3267348110675812,0.9241370558738708,0.571276068687439,0.8823763728141785,0.4271888732910156,0.8986095190048218,0.0,0.0,0.0,0.0,0.0,0.0,0.0,0.0,0.5176045298576355,0.3969259560108185
0.4047083556652069,0.1923490613698959,0.4290909171104431,0.1613024920225143,0.3841922879219055,0.1725608557462692,0.4796603620052337,0.1837524175643921,0.3695552349090576,0.2093834429979324,0.553247332572937,0.3735974729061126,0.3454663753509521,0.4271910786628723,0.6090393662452698,0.62611323595047,0.3213474154472351,0.6711650490760803,0.6361684203147888,0.9059633016586304,0.255403608083725,0.9162693619728088,0.5022227168083191,0.8802632093429565,0.3561346530914306,0.8726778030395508,0.0,0.0,0.0,0.0,0.0,0.0,0.0,0.0,0.4489729404449463,0.4000377953052521
0.3650288879871368,0.1956347227096557,0.3911321759223938,0.1648997217416763,0.3454841673374176,0.1719465553760528,0.4417020678520202,0.1860224455595016,0.3287628293037414,0.2045140713453292,0.5162472724914551,0.3782134652137756,0.3059951364994049,0.4194697439670563,0.5607263445854187,0.640112578868866,0.2771817147731781,0.6749715209007263,0.581663191318512,0.9017329216003418,0.2049645632505417,0.9098801016807556,0.4593032300472259,0.8679882287979126,0.3230383694171905,0.8701351284980774,0.0,0.0,0.0,0.0,0.0,0.0,0.0,0.0,0.4066536128520965,0.3990806043148041
0.3297819197177887,0.1973112076520919,0.355530321598053,0.1643473654985427,0.3074664771556854,0.1712377220392227,0.4064114987850189,0.1924667805433273,0.2890838086605072,0.2072325199842453,0.4772291481494903,0.3781355023384094,0.2602143883705139,0.4179533123970032,0.5289366841316223,0.6346265077590942,0.2280945032835006,0.6742116808891296,0.5583057999610901,0.8884454965591431,0.1540422141551971,0.9225593209266664,0.4387926161289215,0.8527025580406189,0.2973422408103943,0.8667992353439331,0.0,0.0,0.0,0.0,0.0,0.0,0.0,0.0,0.3660253584384918,0.396901398897171
0.3308249413967132,0.2085165232419967,0.3546594083309173,0.1782098114490509,0.3057732880115509,0.1854546219110489,0.3984958529472351,0.2062541991472244,0.2812933027744293,0.2233701795339584,0.4713044166564941,0.3891247808933258,0.2509029507637024,0.4274960160255432,0.5246449112892151,0.6387575268745422,0.2229930460453033,0.6875720024108887,0.5657011270523071,0.8848525881767273,0.1673444509506225,0.926648736000061,0.4334209561347961,0.8693677186965942,0.2899053394794464,0.8704472184181213,0.0,0.0,0.0,0.0,0.0,0.0,0.0,0.0,0.3589333891868591,0.4071011841297149
0.3443424999713897,0.2212860733270645,0.3670895397663116,0.1903412640094757,0.3202230334281921,0.1985793858766555,0.4089747369289398,0.216547891497612,0.2969954907894134,0.2312792688608169,0.4751501381397247,0.4049511551856994,0.2577570676803589,0.4301682412624359,0.5257359147071838,0.6494711637496948,0.2281585782766342,0.6859167814254761,0.5696063041687012,0.8698362112045288,0.1747884899377823,0.9382850527763368,0.4343614876270294,0.8668360710144043,0.2913938164710998,0.8692346811294556,0.0,0.0,0.0,0.0,0.0,0.0,0.0,0.0,0.3645961284637451,0.4163114726543426
0.3780149519443512,0.2480938285589218,0.3997735977172851,0.2221008837223053,0.3573173582553863,0.2246000468730926,0.437369555234909,0.2468051463365554,0.3333527445793152,0.2528724372386932,0.4889167845249176,0.4335865676403045,0.2819087505340576,0.4327218532562256,0.52572101354599,0.6681031584739685,0.2419681549072265,0.6621055603027344,0.564815104007721,0.8775988221168518,0.1917803585529327,0.8979455232620239,0.438634306192398,0.8494599461555481,0.3034460544586181,0.8622666001319885,0.0,0.0,0.0,0.0,0.0,0.0,0.0,0.0,0.3844541013240814,0.4326517879962921
0.396960973739624,0.2640736103057861,0.4206337928771972,0.2412897497415542,0.3789004385471344,0.2410444766283035,0.455623060464859,0.2714405655860901,0.3533641695976257,0.2709635198116302,0.4956909716129303,0.4579933285713196,0.2939344346523285,0.4369780421257019,0.5175818800926208,0.6901769042015076,0.246388167142868,0.6551217436790466,0.5481379628181458,0.8907003402709961,0.1969671994447708,0.885198175907135,0.4324705600738525,0.8468987345695496,0.2996096312999725,0.8504868149757385,0.0,0.0,0.0,0.0,0.0,0.0,0.0,0.0,0.3949083387851715,0.4484059512615204
0.4078882336616516,0.2761391103267669,0.432401955127716,0.2548460662364959,0.3906310498714447,0.2534622251987457,0.4653529226779938,0.284211665391922,0.3672076165676117,0.2771447598934173,0.4957991242408752,0.4639739394187927,0.3019745349884033,0.4330190122127533,0.5080769062042236,0.6903404593467712,0.2510178387165069,0.6519843935966492,0.5316208004951477,0.8829237818717957,0.2015660256147384,0.8720139861106873,0.4225005507469177,0.8453633189201355,0.2926278710365295,0.8330634832382202,0.0,0.0,0.0,0.0,0.0,0.0,0.0,0.0,0.3980039656162262,0.4500357806682586
0.4055967330932617,0.2822568416595459,0.4288216233253479,0.2608565390110016,0.3881645202636719,0.2590144276618957,0.4577260315418243,0.2920544445514679,0.3636305928230285,0.2821438014507293,0.4825329780578613,0.468877762556076,0.2951507866382599,0.4323290288448334,0.5031649470329285,0.6972175240516663,0.2398362308740615,0.6556097269058228,0.5288422703742981,0.8778266310691833,0.1904989033937454,0.8762772679328918,0.41339311003685,0.8429427146911621,0.2864525020122528,0.8319434523582458,0.0,0.0,0.0,0.0,0.0,0.0,0.0,0.0,0.388785570859909,0.4513853192329407
0.3672712743282318,0.2797990441322326,0.3908899128437042,0.2586847245693207,0.3500970005989074,0.2548674345016479,0.4205776154994964,0.2887840867042541,0.3240817189216614,0.2804189026355743,0.446679413318634,0.4586252868175506,0.260771095752716,0.4331884980201721,0.4698356986045837,0.6733109354972839,0.2154328972101211,0.6509492993354797,0.5030769109725952,0.8670088648796082,0.1709306538105011,0.8807694315910339,0.390043169260025,0.8311800956726074,0.2660975158214569,0.8311925530433655,0.0,0.0,0.0,0.0,0.0,0.0,0.0,0.0,0.3550200760364532,0.44519904255867
0.3139679133892059,0.2713492810726166,0.334644615650177,0.2480842173099517,0.2932964861392975,0.2499019056558609,0.3676851391792297,0.278343141078949,0.2691507339477539,0.2820585072040558,0.3993868231773376,0.4477176666259765,0.2106520682573318,0.4386611878871918,0.4186979830265045,0.6574035286903381,0.1705313920974731,0.6657156348228455,0.46371790766716,0.8474987745285034,0.1414421200752258,0.8991764783859253,0.3641503751277923,0.8342365026473999,0.2346022576093673,0.833184540271759,0.0,0.0,0.0,0.0,0.0,0.0,0.0,0.0,0.3066572248935699,0.4426356256008148
0.2962241768836975,0.274274080991745,0.3176934421062469,0.2500540912151336,0.2759605348110199,0.2505091726779938,0.3474867641925812,0.2798419892787933,0.2477427572011947,0.2790277600288391,0.3718896806240082,0.4485081732273102,0.1919706612825393,0.4365233778953552,0.3962633311748504,0.6568372845649719,0.1527487933635711,0.662814199924469,0.4438135325908661,0.840608537197113,0.1204079762101173,0.9004381895065308,0.343710333108902,0.8291688561439514,0.2165227830410003,0.8282133936882019,0.0,0.0,0.0,0.0,0.0,0.0,0.0,0.0,0.2829802632331848,0.4423452913761139
0.2962008118629455,0.2747471928596496,0.3173764646053314,0.2507572770118713,0.2755689620971679,0.2504000067710876,0.3452081978321075,0.2807243168354034,0.2452852725982666,0.2788442075252533,0.3628012835979461,0.4512049853801727,0.1881127059459686,0.4364610314369201,0.378795713186264,0.6641971468925476,0.1464855670928955,0.6573132872581482,0.4229447841644287,0.8440974354743958,0.1128614768385887,0.8995357155799866,0.3365150392055511,0.8302003741264343,0.2127365320920944,0.8312264680862427,0.0,0.0,0.0,0.0,0.0,0.0,0.0,0.0,0.2758323848247528,0.4429121911525726
0.3307271599769592,0.2804480791091919,0.3522190749645233,0.2587485909461975,0.310924619436264,0.257072389125824,0.3804550170898437,0.2910469174385071,0.2809570431709289,0.283864825963974,0.3919796347618103,0.457779586315155,0.2209779471158981,0.4393451511859894,0.4029534459114074,0.6708842515945435,0.1693010777235031,0.6627012491226196,0.4454620778560638,0.8487180471420288,0.1424317210912704,0.8981327414512634,0.3725509643554687,0.8333088755607605,0.2487211525440216,0.8326374888420105,0.0,0.0,0.0,0.0,0.0,0.0,0.0,0.0,0.3073377013206482,0.4489543735980987
0.36942058801651,0.2810765206813812,0.3916923403739929,0.2617716491222381,0.3501146137714386,0.256150335073471,0.4154613018035888,0.2967323362827301,0.3170147240161896,0.2834307253360748,0.4238325953483581,0.462953120470047,0.256801426410675,0.4379405975341797,0.4414890110492706,0.6837659478187561,0.2062480598688125,0.6576839685440063,0.4961319863796234,0.8519288301467896,0.1717564016580581,0.8970390558242798,0.4070110619068146,0.8437591195106506,0.2860641181468963,0.8493504524230957,0.0,0.0,0.0,0.0,0.0,0.0,0.0,0.0,0.3404095470905304,0.451488733291626
0.4288240373134613,0.2898911833763122,0.4501187205314636,0.2692545056343078,0.4091233313083648,0.2663961946964264,0.4744410216808319,0.2995011210441589,0.379061758518219,0.2902022004127502,0.4836575388908386,0.4769646227359772,0.3200497627258301,0.4428721070289612,0.5010409951210022,0.6880986094474792,0.2651620805263519,0.6568973660469055,0.5605505108833313,0.8610067367553711,0.2354580909013748,0.8771597743034363,0.4491883218288421,0.8451825976371765,0.3353097438812256,0.8488548398017883,0.0,0.0,0.0,0.0,0.0,0.0,0.0,0.0,0.40212282538414,0.4603096544742584
0.4719977378845215,0.2966167032718658,0.4933609664440155,0.2763923108577728,0.456599086523056,0.2722758054733276,0.5199643969535828,0.311067670583725,0.4303599298000335,0.2982241213321686,0.5211743116378784,0.4840169250965118,0.364423543214798,0.4433455467224121,0.5359981656074524,0.6841289401054382,0.3090578019618988,0.6511164307594299,0.5854189991950989,0.8658403158187866,0.2732252478599548,0.8679981231689453,0.4720653891563415,0.833713173866272,0.3692016303539276,0.8293595910072327,0.0,0.0,0.0,0.0,0.0,0.0,0.0,0.0,0.4432732164859772,0.4635644257068634
0.4858006536960602,0.2943487167358398,0.5076660513877869,0.2746626138687134,0.4688850343227386,0.2692166268825531,0.5319293141365051,0.3102993071079254,0.4403704106807709,0.2949759662151336,0.5377296805381775,0.4823853373527527,0.3747763633728027,0.4420664608478546,0.5492133498191833,0.6864106059074402,0.3227298557758331,0.6426509022712708,0.5924496054649353,0.868497908115387,0.2843498885631561,0.8697466850280762,0.4956989884376526,0.8485981822013855,0.3868500292301178,0.835321843624115,0.0,0.0,0.0,0.0,0.0,0.0,0.0,0.0,0.4579809308052063,0.463081032037735
0.4755769670009613,0.2893178164958954,0.4955432116985321,0.2661132216453552,0.4584611058235168,0.2651602625846863,0.5253883004188538,0.2965716421604156,0.4354133009910583,0.291986882686615,0.5450155138969421,0.4682209193706512,0.3789069950580597,0.4507941603660583,0.5644477605819702,0.6808214783668518,0.3319602906703949,0.6510916948318481,0.6146925687789917,0.8632372617721558,0.299732506275177,0.8771390318870544,0.5184043645858765,0.8443474769592285,0.40728759765625,0.8446407318115234,0.0,0.0,0.0,0.0,0.0,0.0,0.0,0.0,0.4635960161685943,0.4598109722137451
0.4686540067195892,0.2740326821804046,0.4864133894443512,0.2489234954118728,0.4468772411346435,0.2546796798706054,0.5163609385490417,0.2753300666809082,0.4210189878940582,0.2885033190250397,0.5575329065322876,0.4471729099750519,0.3775241374969482,0.4514862596988678,0.6028503179550171,0.6625940203666687,0.3430516123771667,0.6676666140556335,0.6653833389282227,0.8388048410415649,0.312772274017334,0.8933883905410767,0.534177303314209,0.8356539011001587,0.417100727558136,0.8434794545173645,0.0,0.0,0.0,0.0,0.0,0.0,0.0,0.0,0.4685238003730774,0.4490672945976257
0.470229297876358,0.274234265089035,0.4877741932868957,0.2484799772500991,0.4478123188018799,0.2551615834236145,0.5191394686698914,0.2743633091449737,0.4216149747371673,0.2898609638214111,0.5673454403877258,0.441198855638504,0.3802700936794281,0.4545944035053253,0.614684522151947,0.6515798568725586,0.3481692671775818,0.6735657453536987,0.6937912106513977,0.8278906941413879,0.3118127286434173,0.8953530192375183,0.5455740094184875,0.8336302042007446,0.4256667196750641,0.8444477915763855,0.0,0.0,0.0,0.0,0.0,0.0,0.0,0.0,0.4751696288585663,0.4472827017307281
0.4810020923614502,0.2731959223747253,0.4994541108608246,0.2472725212574005,0.459444910287857,0.2561831474304199,0.5344752669334412,0.2733834683895111,0.4398626983165741,0.2933427989482879,0.5836801528930664,0.4447724819183349,0.397620141506195,0.4563083350658417,0.6338930726051331,0.6645905375480652,0.3651340901851654,0.6746770143508911,0.7066162824630737,0.8369011878967285,0.3182267546653747,0.8865134119987488,0.5604196786880493,0.8461539149284363,0.4346631169319153,0.8507381081581116,0.0,0.0,0.0,0.0,0.0,0.0,0.0,0.0,0.4908845424652099,0.4488919675350189
0.5059810280799866,0.2756737768650055,0.5251914262771606,0.2529953718185425,0.4863676130771637,0.258219301700592,0.5558117032051086,0.2785280048847198,0.4643928706645965,0.2927295267581939,0.6091728210449219,0.450785368680954,0.422891229391098,0.4527124762535095,0.6557831764221191,0.6722766757011414,0.3834653198719024,0.6661527752876282,0.7175696492195129,0.8498929142951965,0.3361337780952453,0.87871253490448,0.5814175009727478,0.8341944813728333,0.4588892757892608,0.8470495939254761,0.0,0.0,0.0,0.0,0.0,0.0,0.0,0.0,0.5152220129966736,0.4524912238121032
0.5472172498703003,0.2923097312450409,0.5653203129768372,0.2690118253231048,0.5281245708465576,0.274018257856369,0.5952566266059875,0.2899236679077148,0.5070465803146362,0.3021480739116668,0.645136833190918,0.4563389420509338,0.4600103199481964,0.457823246717453,0.6877782940864563,0.6630196571350098,0.422900378704071,0.6702747941017151,0.7491267323493958,0.8483599424362183,0.3782831728458404,0.8637512922286987,0.6126273274421692,0.8314684629440308,0.4899988174438476,0.8349303007125854,0.0,0.0,0.0,0.0,0.0,0.0,0.0,0.0,0.5510496497154236,0.4572905004024505
0.5619305372238159,0.2993747889995575,0.5800655484199524,0.2746300101280212,0.5417569875717163,0.2812748253345489,0.612364649772644,0.2953709661960602,0.5227175354957581,0.3107536733150482,0.6592585444450378,0.4606857895851135,0.4784171283245086,0.463571697473526,0.6990013122558594,0.6647034287452698,0.4364472925662994,0.6670812368392944,0.7621484398841858,0.8540624380111694,0.3863485455513,0.8590399026870728,0.6277050375938416,0.8455162048339844,0.5042067766189575,0.846982479095459,0.0,0.0,0.0,0.0,0.0,0.0,0.0,0.0,0.5674507021903992,0.4619314968585968
0.5553164482116699,0.3074011206626892,0.5727406740188599,0.2835853993892669,0.535337507724762,0.2909402549266815,0.6038113832473755,0.304823100566864,0.5168905854225159,0.318472683429718,0.6513611674308777,0.4626534581184387,0.4714279472827911,0.4679034352302551,0.6899246573448181,0.660491406917572,0.4338847994804382,0.6701960563659668,0.7467133402824402,0.8393723368644714,0.3848607838153839,0.8582159280776978,0.6189375519752502,0.8282074928283691,0.4999303221702575,0.8319045305252075,0.0,0.0,0.0,0.0,0.0,0.0,0.0,0.0,0.5601954460144043,0.4659701883792877
0.5229598879814148,0.3043060898780823,0.5396612286567688,0.2830696403980255,0.5028935074806213,0.290314644575119,0.5708253383636475,0.3027082085609436,0.4834400713443756,0.3207294642925262,0.6206356883049011,0.4572743475437164,0.4445056319236755,0.4696566462516784,0.6726212501525879,0.6534566879272461,0.4132120013236999,0.6760596036911011,0.7283673882484436,0.8253298997879028,0.3684909343719482,0.8631834387779236,0.5933672189712524,0.8259239196777344,0.4758915305137634,0.8290058374404907,0.0,0.0,0.0,0.0,0.0,0.0,0.0,0.0,0.5312764048576355,0.4645397663116455
0.5058093667030334,0.3095428943634033,0.5228090286254883,0.2867631614208221,0.4872117936611175,0.2944946885108948,0.554975152015686,0.3083578646183014,0.4690718352794647,0.3243125379085541,0.6100464463233948,0.4563186764717102,0.4332618415355682,0.4766094982624054,0.6621173620223999,0.6555464863777161,0.4006865322589874,0.6808059811592102,0.7209553122520447,0.8262624740600586,0.3552763164043426,0.8687257170677185,0.5846120119094849,0.8268641233444214,0.4708083271980285,0.8333317637443542,0.0,0.0,0.0,0.0,0.0,0.0,0.0,0.0,0.5196953415870667,0.4665761291980743
0.4980106055736542,0.3114247322082519,0.5145391821861267,0.2877109944820404,0.4779323041439056,0.2941303253173828,0.5473858714103699,0.3097682893276214,0.4605571925640106,0.3247824013233185,0.6060864329338074,0.4535570740699768,0.4293147921562195,0.4801536202430725,0.6609169244766235,0.6515854001045227,0.3994900584220886,0.6846351027488708,0.7169526815414429,0.823363184928894,0.3556017279624939,0.8708651661872864,0.5874148607254028,0.827398955821991,0.4731408059597015,0.8351351618766785,0.0,0.0,0.0,0.0,0.0,0.0,0.0,0.0,0.5150308609008789,0.4665867388248443
0.5168589353561401,0.3063825666904449,0.533682644367218,0.2824536859989166,0.4976944029331207,0.293179303407669,0.5694854855537415,0.2991118729114532,0.4824778437614441,0.324846476316452,0.6327572464942932,0.450969398021698,0.4522201716899872,0.4786163866519928,0.6896880865097046,0.6488768458366394,0.4279594421386719,0.680812418460846,0.755094587802887,0.827558159828186,0.3813165724277496,0.866335928440094,0.610835611820221,0.8324770331382751,0.4910035729408264,0.8349019885063171,0.0,0.0,0.0,0.0,0.0,0.0,0.0,0.0,0.5407202839851379,0.464726060628891
0.5670424103736877,0.3028448522090912,0.5840504765510559,0.277282178401947,0.5463581681251526,0.2871193289756775,0.618716835975647,0.295598953962326,0.5297026038169861,0.318301260471344,0.6808792352676392,0.4502667486667633,0.4959901869297027,0.4744085371494293,0.7330076098442078,0.6535941958427429,0.4649916291236877,0.6723998785018921,0.7966187596321106,0.8330992460250854,0.4052480161190033,0.8620544075965881,0.6498971581459045,0.8531543612480164,0.5282571911811829,0.851318359375,0.0,0.0,0.0,0.0,0.0,0.0,0.0,0.0,0.5871672034263611,0.463165819644928
0.5896102786064148,0.299987643957138,0.6069393157958984,0.2757636308670044,0.5695264339447021,0.2847979962825775,0.645076334476471,0.2940991818904876,0.5522236824035645,0.3179634511470794,0.7036429047584534,0.4496293067932129,0.5189159512519836,0.4754660725593567,0.7581245303153992,0.6580598950386047,0.4826184213161468,0.6799216866493225,0.821964681148529,0.8453811407089233,0.4222586154937744,0.8530297875404358,0.6668642163276672,0.8501288294792175,0.546597957611084,0.8466715216636658,0.0,0.0,0.0,0.0,0.0,0.0,0.0,0.0,0.6100369691848755,0.4623262882232666
0.6006301045417786,0.302040547132492,0.6189905405044556,0.2763587534427643,0.5803738236427307,0.2842631638050079,0.6581531763076782,0.295005738735199,0.5628222823143005,0.3161975741386413,0.719302237033844,0.4482429921627044,0.5340536832809448,0.4782865345478058,0.7721936106681824,0.6574645042419434,0.494476169347763,0.6777849793434143,0.8362430334091187,0.8513734936714172,0.4251391291618347,0.8451176881790161,0.6786524057388306,0.863823413848877,0.5583965182304382,0.8623160719871521,0.0,0.0,0.0,0.0,0.0,0.0,0.0,0.0,0.6241591572761536,0.4620712399482727
0.5983116030693054,0.2990212440490722,0.6165176630020142,0.2727104127407074,0.5788608193397522,0.2801852822303772,0.6568417549133301,0.2891828119754791,0.5621405839920044,0.310852438211441,0.7198230624198914,0.443616658449173,0.5348324179649353,0.4790832698345184,0.7750383615493774,0.6547189950942993,0.4942128360271454,0.6813740730285645,0.84034264087677,0.8510169982910156,0.422752171754837,0.849214494228363,0.6785604357719421,0.8667460083961487,0.5555356740951538,0.865109920501709,0.0,0.0,0.0,0.0,0.0,0.0,0.0,0.0,0.6250450015068054,0.4600025713443756
0.5740602612495422,0.2927041053771972,0.5933607220649719,0.2662500441074371,0.5550019145011902,0.2756496071815491,0.6288173794746399,0.2881136834621429,0.5362520217895508,0.3101227879524231,0.6899823546409607,0.4473525583744049,0.5058165192604065,0.47774738073349,0.7402028441429138,0.6573817133903503,0.4700136184692383,0.675689697265625,0.8046000599861145,0.8482237458229065,0.4013574421405792,0.870466411113739,0.6536466479301453,0.8683751821517944,0.5284110903739929,0.8655796051025391,0.0,0.0,0.0,0.0,0.0,0.0,0.0,0.0,0.596699595451355,0.4627988934516907
0.5259031057357788,0.2828375697135925,0.5423730611801147,0.2581981122493744,0.5036483407020569,0.2664009630680084,0.5761755704879761,0.2785904705524444,0.4835489094257355,0.3009674549102783,0.6390619277954102,0.44240802526474,0.4524588286876678,0.4708073437213897,0.692313551902771,0.6582798957824707,0.4236930012702942,0.6822207570075989,0.7572687864303589,0.8533368706703186,0.3621331751346588,0.8765117526054382,0.6068812608718872,0.8440070748329163,0.4802013337612152,0.8490810394287109,0.0,0.0,0.0,0.0,0.0,0.0,0.0,0.0,0.5432217717170715,0.4572573602199554
0.4895165860652923,0.2786217331886291,0.5071274042129517,0.2533580958843231,0.4686377048492431,0.2631743848323822,0.5433872938156128,0.2754880487918854,0.4510824084281921,0.300833910703659,0.6067543625831604,0.4418304562568664,0.4202567040920257,0.4689159095287323,0.6619685888290405,0.6632437705993652,0.3853764533996582,0.6824914216995239,0.7243584990501404,0.8483134508132935,0.3263068497180938,0.8866444826126099,0.5731658935546875,0.849631667137146,0.4459784030914306,0.8658162355422974,0.0,0.0,0.0,0.0,0.0,0.0,0.0,0.0,0.5109379291534424,0.4560780823230743
0.4533960521221161,0.2775704860687256,0.4689710438251495,0.253154307603836,0.4311176836490631,0.2621814906597137,0.5030307173728943,0.2735515534877777,0.4116623103618622,0.2985866069793701,0.5669680833816528,0.4331680834293365,0.3772586286067962,0.4656485617160797,0.6179634928703308,0.6538581848144531,0.3480736315250397,0.6807783842086792,0.6731979250907898,0.8418687582015991,0.2903175950050354,0.8817495107650757,0.540275514125824,0.8505619168281555,0.4140064716339111,0.849296510219574,0.0,0.0,0.0,0.0,0.0,0.0,0.0,0.0,0.4710638523101806,0.449609100818634
0.4408635199069977,0.263762891292572,0.4592657685279846,0.2386351376771927,0.4201072752475738,0.2472834438085556,0.4982150197029114,0.2621072232723236,0.4033157229423523,0.2838960886001587,0.5626248121261597,0.4289753139019012,0.3709559440612793,0.458296924829483,0.6145763397216797,0.648270308971405,0.3390096724033355,0.6752577424049377,0.6745951771736145,0.8496221303939819,0.279840737581253,0.8812475800514221,0.5323342084884644,0.8616588711738586,0.4035146832466125,0.850808322429657,0.0,0.0,0.0,0.0,0.0,0.0,0.0,0.0,0.4666990935802459,0.4432266652584076
0.4529613852500915,0.2586657702922821,0.4728148579597473,0.2337976843118667,0.4317411780357361,0.2411300390958786,0.511130154132843,0.2601779997348785,0.4106208384037018,0.2771680951118469,0.569493293762207,0.4324175417423248,0.3740861713886261,0.4543576836585998,0.6211967468261719,0.6579123735427856,0.3350183665752411,0.6737362146377563,0.6827438473701477,0.8654924035072327,0.2684165239334106,0.8850206732749939,0.5300083756446838,0.8670709729194641,0.3969967663288116,0.8650771975517273,0.0,0.0,0.0,0.0,0.0,0.0,0.0,0.0,0.4712877571582794,0.4431934654712677
0.4438235163688659,0.2543735802173614,0.4639473557472229,0.2276966273784637,0.4234934747219085,0.2361824214458465,0.5015234351158142,0.2560768723487854,0.4033973515033722,0.2744578421115875,0.557925820350647,0.4326489567756653,0.363772451877594,0.4498623311519623,0.6070717573165894,0.6559547781944275,0.3170185983181,0.6726244688034058,0.6688059568405151,0.8617305755615234,0.2467548102140426,0.8806901574134827,0.5153273344039917,0.868807852268219,0.3764463067054748,0.8678804039955139,0.0,0.0,0.0,0.0,0.0,0.0,0.0,0.0,0.4595749080181122,0.4409276843070984
0.3535325229167938,0.2354302406311035,0.3774440288543701,0.2118281871080398,0.3332046568393707,0.2133340388536453,0.4144766628742218,0.2436385154724121,0.3099417090415954,0.2478476911783218,0.4648125171661377,0.4316515922546386,0.2565531134605407,0.4372264444828033,0.5089207291603088,0.6835781335830688,0.2078722417354583,0.6731950044631958,0.5676590800285339,0.8680699467658997,0.1298172175884246,0.8983518481254578,0.4156534969806671,0.8523316383361816,0.2723560333251953,0.8633647561073303,0.0,0.0,0.0,0.0,0.0,0.0,0.0,0.0,0.359438419342041,0.4337553381919861
0.3191442489624023,0.2318085134029388,0.3431110680103302,0.2071760445833206,0.2980285286903381,0.2094629257917404,0.3805384039878845,0.2377295643091201,0.2731734216213226,0.243992418050766,0.4323728084564209,0.4351746439933777,0.2144835740327835,0.4334658086299896,0.4708276689052582,0.674924910068512,0.1612720340490341,0.6714897155761719,0.5296311378479004,0.8738186955451965,0.0846616402268409,0.895134449005127,0.373017281293869,0.8634262681007385,0.2320715337991714,0.8475505709648132,0.0,0.0,0.0,0.0,0.0,0.0,0.0,0.0,0.3238458037376404,0.4312589764595032
0.2872067093849182,0.2267076224088668,0.3106509149074554,0.1988913565874099,0.2647701203823089,0.2032966911792755,0.3495693206787109,0.2332186847925186,0.2384311109781265,0.2389686554670334,0.3998583257198334,0.4297879338264465,0.1753933727741241,0.4247760474681854,0.4324186742305755,0.6666482090950012,0.1252537071704864,0.6626249551773071,0.496818333864212,0.8654118776321411,0.0405769720673561,0.9033141136169434,0.347801148891449,0.8513025641441345,0.2037094682455063,0.8516513109207153,0.0,0.0,0.0,0.0,0.0,0.0,0.0,0.0,0.2904897332191467,0.4260103702545166
0.2796501815319061,0.2229547649621963,0.3030271828174591,0.1968131959438324,0.2564617991447449,0.1999630033969879,0.3395231068134308,0.2294420003890991,0.2279267609119415,0.2346154451370239,0.3860693573951721,0.4219799637794494,0.1655144542455673,0.4206201434135437,0.4188317358493805,0.6568896174430847,0.113920971751213,0.6584964990615845,0.4918100535869598,0.8487781882286072,0.0383726134896278,0.917840838432312,0.3447761535644531,0.8459485173225403,0.203318640589714,0.8502346277236938,0.0,0.0,0.0,0.0,0.0,0.0,0.0,0.0,0.2760311365127563,0.4200024902820587
0.2866075336933136,0.2303690761327743,0.3101627826690674,0.2034245878458023,0.2633582651615143,0.2050800621509552,0.3462264239788055,0.2367904633283615,0.2312294244766235,0.2383370548486709,0.3830066323280334,0.419710248708725,0.1689550876617431,0.4183340966701507,0.4149349629878998,0.6494510769844055,0.1173513010144233,0.6578344106674194,0.4957632720470428,0.8383186459541321,0.0480700023472309,0.912777543067932,0.3520800173282623,0.8463128805160522,0.2125542908906936,0.8517197370529175,0.0,0.0,0.0,0.0,0.0,0.0,0.0,0.0,0.2766656875610351,0.4177161753177643
0.3156621158123016,0.240405797958374,0.3396745026111603,0.2160541117191314,0.2944199740886688,0.216958686709404,0.3730727136135101,0.2466158121824264,0.2668644487857818,0.24774931371212,0.4083009362220764,0.4334838092327118,0.2042824029922485,0.4273134171962738,0.435997724533081,0.6616410613059998,0.1511929333209991,0.6620953679084778,0.501301646232605,0.8524064421653748,0.0858487039804458,0.8966337442398071,0.3737545013427734,0.8466655611991882,0.242281824350357,0.8465968370437622,0.0,0.0,0.0,0.0,0.0,0.0,0.0,0.0,0.3085450232028961,0.4286131262779236
0.362506628036499,0.2495378702878952,0.3863115012645721,0.228694275021553,0.342705488204956,0.2267334312200546,0.4168088138103485,0.2658812701702118,0.3146972358226776,0.2605784237384796,0.4382243156433105,0.4448292553424835,0.2534611523151397,0.4244894683361053,0.4656167030334472,0.6700786352157593,0.194329097867012,0.6481533646583557,0.5225983262062073,0.8502692580223083,0.1303025931119918,0.8820847272872925,0.4041272699832916,0.834011971950531,0.2801621556282043,0.8338185548782349,0.0,0.0,0.0,0.0,0.0,0.0,0.0,0.0,0.3470745980739593,0.433243840932846
0.4060187041759491,0.267205148935318,0.4301875531673431,0.2455295026302337,0.3876607120037079,0.2443920373916626,0.4585258364677429,0.2799109816551208,0.3625598847866058,0.2745291888713836,0.4789919555187225,0.462236076593399,0.3029150068759918,0.4281327426433563,0.5005047917366028,0.6813153028488159,0.2399959862232208,0.6413471102714539,0.5618253946304321,0.8536980748176575,0.1777081787586212,0.8743200898170471,0.4316956400871277,0.8484420776367188,0.3089399039745331,0.8512491583824158,0.0,0.0,0.0,0.0,0.0,0.0,0.0,0.0,0.3921505510807037,0.4460881650447845
0.4172937572002411,0.2652560770511627,0.4402754306793213,0.2463109791278839,0.3972295820713043,0.245060995221138,0.4702737033367157,0.2817293107509613,0.3722406327724457,0.2796671688556671,0.4878892004489898,0.4602290689945221,0.3123638927936554,0.4330615103244781,0.5105440020561218,0.6790981888771057,0.2528010308742523,0.6419075131416321,0.5767964124679565,0.8550532460212708,0.1910819709300995,0.8805963397026062,0.444789171218872,0.8309286832809448,0.3268742561340332,0.8308873176574707,0.0,0.0,0.0,0.0,0.0,0.0,0.0,0.0,0.399834394454956,0.4473325908184051
0.4030675292015075,0.2646116316318512,0.4255165159702301,0.242563396692276,0.3850076198577881,0.2432427704334259,0.4541112780570984,0.2774374186992645,0.3598584234714508,0.2769323885440826,0.4826979339122772,0.4583925604820251,0.3029988706111908,0.4384243190288543,0.5069006085395813,0.6801771521568298,0.248785063624382,0.6486582159996033,0.5714630484580994,0.8522749543190002,0.1894563883543014,0.8869611024856567,0.4474429190158844,0.8323584198951721,0.3279918134212494,0.8336886167526245,0.0,0.0,0.0,0.0,0.0,0.0,0.0,0.0,0.393323689699173,0.4497275054454803
0.3832581341266632,0.2568343579769134,0.4053163528442383,0.2345680147409439,0.3639917373657226,0.2349742203950882,0.4379074871540069,0.267024964094162,0.3388177752494812,0.2669682800769806,0.4704089760780334,0.4453650116920471,0.2811339497566223,0.4370997846126556,0.5018190145492554,0.668638288974762,0.2344119101762771,0.657609760761261,0.5734072923660278,0.8448291420936584,0.1763647645711898,0.8989599943161011,0.4408986270427704,0.8309522271156311,0.3168517053127289,0.8347534537315369,0.0,0.0,0.0,0.0,0.0,0.0,0.0,0.0,0.3776799142360687,0.4419324398040771
0.372817724943161,0.2569325268268585,0.3946661055088043,0.2321927696466446,0.3536462485790252,0.2347225695848465,0.4308210015296936,0.2610165178775787,0.3299752175807953,0.2670680582523346,0.470710813999176,0.4435150027275085,0.2763644158840179,0.4401039183139801,0.5069516897201538,0.6683019995689392,0.2308113425970077,0.6626383662223816,0.5736638903617859,0.8486772179603577,0.1677723824977874,0.899912416934967,0.4382298290729522,0.8334950804710388,0.308234840631485,0.8457695245742798,0.0,0.0,0.0,0.0,0.0,0.0,0.0,0.0,0.3737850785255432,0.4424622654914856
0.3999562561511993,0.2569034993648529,0.4220723807811737,0.2353499829769134,0.3814055919647217,0.2375669330358505,0.4543281197547912,0.2667648196220398,0.3578621745109558,0.2726812660694122,0.5035678744316101,0.4507279396057129,0.3076825439929962,0.4415288865566253,0.5381616353988647,0.6675678491592407,0.2639956474304199,0.6584425568580627,0.596906840801239,0.8629393577575684,0.2060153931379318,0.8838993310928345,0.4603765606880188,0.8315175771713257,0.3298729956150055,0.8434838652610779,0.0,0.0,0.0,0.0,0.0,0.0,0.0,0.0,0.4045755863189697,0.4464386105537414
0.4304220974445343,0.2567336559295654,0.4519729316234588,0.2334678024053573,0.4098978638648987,0.2369712144136428,0.4866796135902405,0.2666166126728058,0.3870908617973327,0.2738018929958343,0.5319315195083618,0.4511553943157196,0.3343590795993805,0.4444697797298431,0.5639799237251282,0.6690316200256348,0.2947409152984619,0.6669231057167053,0.6360728144645691,0.8601136803627014,0.2408936917781829,0.8794814944267273,0.4903875887393951,0.8475705981254578,0.3562487959861755,0.847629189491272,0.0,0.0,0.0,0.0,0.0,0.0,0.0,0.0,0.4334774315357208,0.4473839104175567
0.4759168922901153,0.2612573504447937,0.4966857731342315,0.2372924834489822,0.4568770229816437,0.2407094240188598,0.5299895405769348,0.2706135809421539,0.4330348670482635,0.2757136523723602,0.5722426772117615,0.4496912956237793,0.3807563781738281,0.445635974407196,0.612172544002533,0.6691729426383972,0.3367244899272918,0.6533830761909485,0.6641961932182312,0.8710599541664124,0.2823871672153473,0.8713305592536926,0.5267525911331177,0.8645947575569153,0.400189459323883,0.8503406643867493,0.0,0.0,0.0,0.0,0.0,0.0,0.0,0.0,0.4763227105140686,0.447085440158844
0.4935591220855713,0.2692314982414245,0.5156658887863159,0.2444985657930374,0.4744656383991241,0.2460242360830307,0.5493490695953369,0.2724775969982147,0.4518775641918182,0.2805220782756805,0.591088593006134,0.4496870934963226,0.4005478918552398,0.4465052485466003,0.6243641972541809,0.6697909235954285,0.3609804809093475,0.6530242562294006,0.6659471392631531,0.8769657015800476,0.3024683594703674,0.8642874956130981,0.5381034016609192,0.8645138144493103,0.4108202159404754,0.8488324284553528,0.0,0.0,0.0,0.0,0.0,0.0,0.0,0.0,0.4953280985355377,0.4471479952335357
0.4946210086345672,0.2811967432498932,0.5150891542434692,0.2571849226951599,0.4751873016357422,0.258753627538681,0.5454031825065613,0.2866693437099457,0.4499261379241943,0.2922358512878418,0.5850556492805481,0.4562170505523681,0.3998625576496124,0.4539909958839416,0.6254842877388,0.670616626739502,0.362710952758789,0.6598294377326965,0.656366229057312,0.8725990056991577,0.3104236423969269,0.870798647403717,0.5386402010917664,0.8625332117080688,0.4142216742038727,0.8466758728027344,0.0,0.0,0.0,0.0,0.0,0.0,0.0,0.0,0.4919343590736389,0.4533321261405945
0.4619991481304168,0.293832927942276,0.4799645841121673,0.2694162130355835,0.4420766532421112,0.2730840146541595,0.5119653344154358,0.2934469580650329,0.4191512167453766,0.3056647479534149,0.5544136762619019,0.460265189409256,0.3736041486263275,0.4640438556671142,0.5856469869613647,0.669940173625946,0.3385472595691681,0.6663135886192322,0.6284860372543335,0.8512409925460815,0.301217645406723,0.871006190776825,0.519916832447052,0.8605415225028992,0.3999800086021423,0.8477292060852051,0.0,0.0,0.0,0.0,0.0,0.0,0.0,0.0,0.4642836153507232,0.461589902639389
0.4482738077640533,0.2978977262973785,0.4646874368190765,0.2733862996101379,0.4276640713214874,0.2808924317359924,0.4968273341655731,0.2964967787265777,0.4065439701080322,0.315892219543457,0.5422261953353882,0.4599741101264953,0.3665805160999298,0.4694791734218597,0.57225102186203,0.6649837493896484,0.3320651054382324,0.6716592907905579,0.6175342202186584,0.8380203247070312,0.3012562394142151,0.8753137588500977,0.5154992938041687,0.8451128005981445,0.4004562795162201,0.8360641598701477,0.0,0.0,0.0,0.0,0.0,0.0,0.0,0.0,0.4542624950408935,0.4648666083812713
0.4509741961956024,0.3090294897556305,0.4671550393104553,0.2844274044036865,0.4310028851032257,0.2922018468379974,0.499046117067337,0.3063695132732391,0.4100032448768616,0.3244964182376861,0.5418816804885864,0.4656945765018463,0.3717654347419739,0.4740226864814758,0.5734415650367737,0.6649575233459473,0.3397218883037567,0.6750411987304688,0.6218752264976501,0.8366750478744507,0.3059723079204559,0.8721000552177429,0.5198702812194824,0.8429568409919739,0.4036334455013275,0.8353443741798401,0.0,0.0,0.0,0.0,0.0,0.0,0.0,0.0,0.4577452838420868,0.4703784584999084
0.4876328408718109,0.3132914900779724,0.5045673847198486,0.2900905609130859,0.4682095646858215,0.2932468056678772,0.5316146612167358,0.3154374063014984,0.44610396027565,0.324842244386673,0.5685682892799377,0.4731945991516113,0.4039690792560577,0.4765944182872772,0.602795422077179,0.6730942130088806,0.3685913980007171,0.6717420220375061,0.6472124457359314,0.8421374559402466,0.3264307677745819,0.8692335486412048,0.539964497089386,0.8335772752761841,0.4316258132457733,0.8315638303756714,0.0,0.0,0.0,0.0,0.0,0.0,0.0,0.0,0.4856900870800018,0.4747518002986908
0.5276696085929871,0.3226907551288605,0.5465169548988342,0.3023111522197723,0.5089510679244995,0.3068659603595733,0.5757664442062378,0.3269576728343963,0.4868809580802917,0.3331097960472107,0.6075494885444641,0.48676398396492,0.4407386481761932,0.4768343865871429,0.6352762579917908,0.683807909488678,0.404214471578598,0.6700236201286316,0.6725364327430725,0.8463395833969116,0.3664846122264862,0.8599967360496521,0.575257420539856,0.8169665336608887,0.4659446775913238,0.8261435627937317,0.0,0.0,0.0,0.0,0.0,0.0,0.0,0.0,0.5231491327285767,0.483633816242218
0.5472750067710876,0.32620570063591,0.5649470686912537,0.3052871525287628,0.5291019678115845,0.3082993924617767,0.5909343361854553,0.3324691653251648,0.5073455572128296,0.3363801836967468,0.6215760111808777,0.4887774884700775,0.4554114937782287,0.4762051999568939,0.6441976428031921,0.6824416518211365,0.4187432825565338,0.6761013269424438,0.6812239289283752,0.8491197228431702,0.380482017993927,0.8552842140197754,0.5844607949256897,0.8162692785263062,0.475574642419815,0.8278555274009705,0.0,0.0,0.0,0.0,0.0,0.0,0.0,0.0,0.537815272808075,0.483999490737915
0.5383453965187073,0.3101521134376526,0.5573038458824158,0.2871010303497314,0.5172151923179626,0.2934576570987701,0.5859460234642029,0.3099876046180725,0.4944329559803009,0.3240077495574951,0.6254406571388245,0.47193044424057,0.4531659483909607,0.4715724587440491,0.6673644185066223,0.6696569323539734,0.4133190810680389,0.6772381067276001,0.7128550410270691,0.8370189070701599,0.3743588328361511,0.8596915006637573,0.5933867692947388,0.8287929892539978,0.484557956457138,0.8310523629188538,0.0,0.0,0.0,0.0,0.0,0.0,0.0,0.0,0.5391124486923218,0.4726402759552002
0.5115800499916077,0.2964847981929779,0.5293930768966675,0.2726490795612335,0.4920834600925445,0.2804694771766662,0.5611556172370911,0.2945370972156524,0.4725630283355713,0.3136290907859802,0.6143535375595093,0.4560668170452118,0.4345750212669372,0.4706861078739166,0.6753052473068237,0.6479274034500122,0.3851845860481262,0.6685781478881836,0.7410447001457214,0.805694043636322,0.3349756896495819,0.8505460023880005,0.5933735966682434,0.8328768014907837,0.4717127382755279,0.8449278473854065,0.0,0.0,0.0,0.0,0.0,0.0,0.0,0.0,0.5230492949485779,0.4630430340766907
0.5381266474723816,0.2744132578372955,0.5569371581077576,0.252687394618988,0.5189535021781921,0.2590672075748443,0.5928239226341248,0.2791747748851776,0.4991140067577362,0.2953615486621856,0.6501969695091248,0.4480612874031067,0.4590466320514679,0.4583248198032379,0.6818370819091797,0.664732038974762,0.4305545389652252,0.6732540726661682,0.7108798623085022,0.8675974011421204,0.389163464307785,0.8724842071533203,0.6167929768562317,0.8480789065361023,0.48956298828125,0.8494146466255188,0.0,0.0,0.0,0.0,0.0,0.0,0.0,0.0,0.5519440770149231,0.4533252716064453
0.609625518321991,0.2475955933332443,0.6298006772994995,0.2242835313081741,0.5905153155326843,0.2300795316696167,0.6696499586105347,0.254631906747818,0.5685063600540161,0.2653942108154297,0.7271015048027039,0.4262206852436065,0.5254926085472107,0.4422296583652496,0.7880842089653015,0.6501494646072388,0.4821886420249939,0.65616375207901,0.8284522891044617,0.8828954696655273,0.4152019321918487,0.8441025018692017,0.6660568118095398,0.8692758679389954,0.5338944792747498,0.8622916340827942,0.0,0.0,0.0,0.0,0.0,0.0,0.0,0.0,0.6241280436515808,0.4335580170154571
0.610309898853302,0.2384078651666641,0.6323400139808655,0.2165093570947647,0.5918022990226746,0.2205636799335479,0.6713687777519226,0.2489458173513412,0.5694351196289062,0.2563361823558807,0.7251625061035156,0.4170102775096893,0.5204960107803345,0.4255235493183136,0.7805381417274475,0.6490057110786438,0.4661278128623962,0.6393232345581055,0.8308178782463074,0.8641545176506042,0.3744576573371887,0.818605363368988,0.6655374765396118,0.8677337765693665,0.5273427367210388,0.8512829542160034,0.0,0.0,0.0,0.0,0.0,0.0,0.0,0.0,0.6213282942771912,0.4218354523181915
0.5597695708274841,0.2266269028186798,0.5814465880393982,0.203487828373909,0.5393746495246887,0.2098986208438873,0.6220480799674988,0.2339015305042266,0.5204445719718933,0.2465519905090332,0.6806856989860535,0.4024107456207275,0.4734973609447479,0.4250585734844208,0.762138843536377,0.6313167214393616,0.4115011990070343,0.6476162075996399,0.8610526919364929,0.8317617177963257,0.2984795272350311,0.823725700378418,0.640163242816925,0.8543490171432495,0.49930539727211,0.847689151763916,0.0,0.0,0.0,0.0,0.0,0.0,0.0,0.0,0.577634871006012,0.4147966504096985
0.5074236392974854,0.223642498254776,0.5302581787109375,0.1992707103490829,0.4878661632537842,0.2061115652322769,0.5687759518623352,0.2288392633199691,0.4654175341129303,0.2429382801055908,0.6320440173149109,0.4000332057476043,0.4232277572154999,0.4127168357372284,0.7281175255775452,0.611637532711029,0.355714350938797,0.645858883857727,0.8514062166213989,0.7735008597373962,0.2403780370950698,0.822128415107727,0.6007246971130371,0.8317814469337463,0.467356413602829,0.8448709845542908,0.0,0.0,0.0,0.0,0.0,0.0,0.0,0.0,0.5266395211219788,0.4068370461463928
0.4795320332050323,0.2271594107151031,0.5008932948112488,0.20021952688694,0.4578770101070404,0.2085829973220825,0.5398016571998596,0.2263475507497787,0.4368984699249267,0.2448527365922927,0.6052088737487793,0.3938255310058594,0.3915230333805084,0.417960375547409,0.7089284062385559,0.6027159690856934,0.3317472338676452,0.6438389420509338,0.8383057713508606,0.7438949942588806,0.2176594883203506,0.8167305588722229,0.5784432291984558,0.8295052647590637,0.4436522424221039,0.8453511595726013,0.0,0.0,0.0,0.0,0.0,0.0,0.0,0.0,0.4979229271411896,0.4063268005847931
0.4554818570613861,0.2373702079057693,0.4759469628334045,0.2110970765352249,0.4324024021625519,0.2199523895978927,0.515229344367981,0.2349073737859726,0.4104979932308197,0.254938393831253,0.577508270740509,0.4076955020427704,0.3701843619346618,0.4274804592132568,0.6835723519325256,0.6083756685256958,0.3081748783588409,0.6519455909729004,0.8035644888877869,0.7580537796020508,0.1977042406797409,0.8360158801078796,0.5624479055404663,0.8321927785873413,0.4341093599796295,0.8476369976997375,0.0,0.0,0.0,0.0,0.0,0.0,0.0,0.0,0.4719172418117523,0.4179144501686096
0.4566532075405121,0.2452749162912368,0.4755228161811828,0.2178538888692855,0.4346841871738434,0.2272405922412872,0.5137043595314026,0.2396406680345535,0.413178414106369,0.2610903084278106,0.5766262412071228,0.4149445593357086,0.3721227049827575,0.4342686831951141,0.673054039478302,0.6218021512031555,0.3135561645030975,0.657421886920929,0.7851747870445251,0.7794150114059448,0.2164235413074493,0.8409987688064575,0.5582695603370667,0.8331618905067444,0.4314827919006347,0.8373858332633972,0.0,0.0,0.0,0.0,0.0,0.0,0.0,0.0,0.4730022251605987,0.4248391985893249
0.4693853557109833,0.2482385337352752,0.4872273504734039,0.2238994389772415,0.4478705525398254,0.2327027022838592,0.5225067734718323,0.2531038522720337,0.4267407357692718,0.2721478343009949,0.5820564031600952,0.4249525070190429,0.3841043412685394,0.4403733909130096,0.6631174683570862,0.643734335899353,0.3307083249092102,0.6586503982543945,0.7578932642936707,0.8094335198402405,0.2429727613925933,0.8537453413009644,0.5576203465461731,0.8437368273735046,0.432187557220459,0.8473941087722778,0.0,0.0,0.0,0.0,0.0,0.0,0.0,0.0,0.4820534288883209,0.431734561920166
0.4991775453090668,0.2647514641284942,0.5200832486152649,0.2408007383346557,0.4786120355129242,0.2462991029024124,0.55486661195755,0.2700847685337066,0.4563727080821991,0.2846738994121551,0.5985981225967407,0.4421116709709167,0.4078846573829651,0.4411082565784454,0.6556087732315063,0.6663865447044373,0.3626333773136139,0.649478018283844,0.7285531759262085,0.846431314945221,0.2876359522342682,0.8537893295288086,0.5590196251869202,0.8351083993911743,0.4347780346870422,0.8366581201553345,0.0,0.0,0.0,0.0,0.0,0.0,0.0,0.0,0.5035391449928284,0.441967636346817
0.511435329914093,0.2735852301120758,0.5323111414909363,0.2532885670661926,0.4932477474212646,0.2555200159549713,0.5616828799247742,0.2824204266071319,0.4713218808174133,0.2885704636573791,0.6058834195137024,0.4522127509117126,0.4176085889339447,0.4414576888084411,0.6510695815086365,0.6727875471115112,0.3707733750343323,0.641675591468811,0.7122103571891785,0.8505341410636902,0.3019014000892639,0.8489363789558411,0.5607203841209412,0.8437210917472839,0.4349966943264007,0.8365246653556824,0.0,0.0,0.0,0.0,0.0,0.0,0.0,0.0,0.5122443437576294,0.4476635158061981
0.5092151165008545,0.2771380543708801,0.5295343399047852,0.2566747367382049,0.4913996160030365,0.2584295272827148,0.5589938163757324,0.2838551104068756,0.4694667458534241,0.2885975241661072,0.6029806137084961,0.4525254368782043,0.4172385036945343,0.4422691166400909,0.6404281854629517,0.668801486492157,0.3704324662685394,0.6449128985404968,0.7002696394920349,0.8522845506668091,0.302570641040802,0.8486040830612183,0.5586617588996887,0.8473634123802185,0.4342501163482666,0.8463618159294128,0.0,0.0,0.0,0.0,0.0,0.0,0.0,0.0,0.5105138421058655,0.4483616054058075
0.4786736667156219,0.2722997367382049,0.498555988073349,0.2479426860809326,0.4599645435810089,0.2536458373069763,0.5321117043495178,0.2739509642124176,0.4406255781650543,0.2851536571979522,0.5770045518875122,0.441478967666626,0.3866164982318878,0.442397266626358,0.6299079656600952,0.655924916267395,0.3336615264415741,0.6464508771896362,0.704317033290863,0.8305145502090454,0.2590956091880798,0.8542319536209106,0.5348281264305115,0.8456964492797852,0.4139893651008606,0.8360546231269836,0.0,0.0,0.0,0.0,0.0,0.0,0.0,0.0,0.4829413294792175,0.4405482411384582
0.4334054589271545,0.2664510905742645,0.4543698728084564,0.2429623454809188,0.4139862358570099,0.249171108007431,0.490457683801651,0.2717224061489105,0.3942643105983734,0.2836886346340179,0.5390212535858154,0.4428494870662689,0.3464251160621643,0.4407024383544922,0.6116004586219788,0.6484964489936829,0.2872097194194793,0.6464905738830566,0.7023776769638062,0.8106425404548645,0.1937910467386245,0.8462785482406616,0.5020720362663269,0.8339024782180786,0.3785284161567688,0.8315463662147522,0.0,0.0,0.0,0.0,0.0,0.0,0.0,0.0,0.4429005980491638,0.4404198229312897
0.4125292897224426,0.2652050256729126,0.4340283274650574,0.2420146614313125,0.3923525512218475,0.247235506772995,0.4717340767383575,0.2721472680568695,0.373344749212265,0.2832897007465362,0.5221559405326843,0.4398458302021026,0.3247661590576172,0.442184716463089,0.5951200723648071,0.6461083292961121,0.2582621872425079,0.6549311280250549,0.6901616454124451,0.8001298308372498,0.1594961732625961,0.8434415459632874,0.4860314726829529,0.8347786664962769,0.3611405491828918,0.8356881141662598,0.0,0.0,0.0,0.0,0.0,0.0,0.0,0.0,0.4233887195587158,0.4408256411552429
0.4006700217723846,0.2605845332145691,0.4215521216392517,0.2362385094165802,0.3819868266582489,0.2422054558992386,0.4567919671535492,0.2642624676227569,0.361287921667099,0.2767732739448547,0.5092147588729858,0.4393543303012848,0.3114637732505798,0.4379070699214935,0.5716158747673035,0.6477071046829224,0.2527634799480438,0.6520587205886841,0.6577350497245789,0.8211756348609924,0.1589302122592926,0.8596965670585632,0.480703204870224,0.8317365050315857,0.3514353632926941,0.8434579968452454,0.0,0.0,0.0,0.0,0.0,0.0,0.0,0.0,0.4098413288593292,0.4382828176021576
0.4144606590270996,0.2541147768497467,0.4344938695430755,0.2280316799879074,0.393340140581131,0.2343240827322006,0.4705215990543365,0.2585470378398895,0.3717254996299743,0.270419180393219,0.5236411690711975,0.4358769953250885,0.3198497593402862,0.436730682849884,0.5634960532188416,0.6504968404769897,0.2762867510318756,0.6596100926399231,0.6276666522026062,0.8508028388023376,0.207074835896492,0.8707697987556458,0.4920063614845276,0.8495039343833923,0.353105366230011,0.8516507744789124,0.0,0.0,0.0,0.0,0.0,0.0,0.0,0.0,0.4206092357635498,0.4362081587314605
0.5023428797721863,0.2084220349788665,0.5270658731460571,0.1841726601123809,0.4831556677818298,0.1902595907449722,0.5725955963134766,0.2113100439310073,0.4633345305919647,0.2280075550079345,0.6324645280838013,0.4017071425914764,0.4179627597332001,0.4105717241764068,0.6764907240867615,0.6249122023582458,0.3758583664894104,0.6552435755729675,0.6839032173156738,0.820963442325592,0.3082121014595032,0.8822045922279358,0.5781180262565613,0.8474950194358826,0.4262376427650451,0.8607782125473022,0.0,0.0,0.0,0.0,0.0,0.0,0.0,0.0,0.523834228515625,0.4045763909816742
0.4635585844516754,0.2034954726696014,0.4865962564945221,0.1777176707983017,0.442832887172699,0.1863070875406265,0.5313435196876526,0.2110903263092041,0.4239044487476349,0.2282005250453949,0.5906811952590942,0.4119561314582824,0.3732371926307678,0.4171577990055084,0.6268095970153809,0.6524692177772522,0.3288505375385284,0.6403996348381042,0.613886833190918,0.8531865477561951,0.2513355612754822,0.8758533596992493,0.5192886590957642,0.8648638725280762,0.3784854114055633,0.8474154472351074,0.0,0.0,0.0,0.0,0.0,0.0,0.0,0.0,0.4797760844230652,0.4131364822387695
0.3891614973545074,0.2052408009767532,0.4126847088336944,0.1804169416427612,0.369073212146759,0.1869904100894928,0.4592094123363495,0.2089288383722305,0.3492513000965118,0.2242699712514877,0.5249669551849365,0.4002240598201751,0.3066975772380829,0.423198401927948,0.5675846934318542,0.6403661370277405,0.263655811548233,0.6654180288314819,0.575201153755188,0.8371334075927734,0.1887305080890655,0.9043198823928832,0.4801399707794189,0.849363386631012,0.3341432213783264,0.852753221988678,0.0,0.0,0.0,0.0,0.0,0.0,0.0,0.0,0.4154799282550812,0.4118390679359436
0.3628233969211578,0.2090628147125244,0.3860295414924621,0.182202473282814,0.3425012528896332,0.1894934624433517,0.4321458041667938,0.208536759018898,0.3233423829078674,0.228119820356369,0.5073307752609253,0.393071711063385,0.2890064418315887,0.4261375367641449,0.5591356754302979,0.6253643035888672,0.260078102350235,0.6689797043800354,0.5781508684158325,0.8127681612968445,0.204993799328804,0.9146723747253418,0.4857977032661438,0.843528151512146,0.3337315917015075,0.8521108031272888,0.0,0.0,0.0,0.0,0.0,0.0,0.0,0.0,0.3962748050689697,0.4086026847362518
0.3620164692401886,0.2194896638393402,0.3851286768913269,0.1891190260648727,0.3421317934989929,0.198971539735794,0.4338031709194183,0.2094598710536956,0.3248752653598785,0.2326426953077316,0.51634281873703,0.3927675783634186,0.2990980148315429,0.4378687739372253,0.5671721696853638,0.6231040954589844,0.2804862260818481,0.6821857690811157,0.5839558243751526,0.8163154721260071,0.234172448515892,0.9064132571220398,0.4966168403625488,0.8379817605018616,0.3495417535305023,0.8532523512840271,0.0,0.0,0.0,0.0,0.0,0.0,0.0,0.0,0.4050171375274658,0.4145314693450928
0.4920260012149811,0.2345559746026992,0.5169002413749695,0.2097879946231842,0.4724607467651367,0.2130177170038223,0.5574358105659485,0.2399910688400268,0.4533905982971191,0.2448593080043792,0.6087771058082581,0.4250436127185821,0.402685135602951,0.4231626689434051,0.6422144770622253,0.6552992463111877,0.3618707656860351,0.6452574729919434,0.6356676816940308,0.8352967500686646,0.3040663301944732,0.8730607628822327,0.5554969906806946,0.8656810522079468,0.4194222092628479,0.8642428517341614,0.0,0.0,0.0,0.0,0.0,0.0,0.0,0.0,0.5065890550613403,0.4234819114208221
0.5087177157402039,0.2379098236560821,0.531857430934906,0.2117023319005966,0.4906134903430938,0.2179575711488723,0.5736504197120667,0.239916130900383,0.4711989462375641,0.2508852183818817,0.6279249787330627,0.4211411774158478,0.4241682887077331,0.424662321805954,0.6636999249458313,0.6449626088142395,0.3828304409980774,0.6527746915817261,0.6606454849243164,0.8314746022224426,0.3306357562541961,0.8813692927360535,0.5813302397727966,0.8651531934738159,0.4343738257884979,0.8701211214065552,0.0,0.0,0.0,0.0,0.0,0.0,0.0,0.0,0.5256331562995911,0.4219611287117004
0.4685199558734894,0.2115443497896194,0.4897534251213074,0.1865013986825943,0.4475060105323791,0.1951341181993484,0.5278496742248535,0.2172581106424331,0.4256282150745392,0.2378276288509369,0.583206295967102,0.4169698655605316,0.3763782382011413,0.4239515960216522,0.6354573369026184,0.6464255452156067,0.3313082754611969,0.6458240747451782,0.6312123537063599,0.8343626856803894,0.3109281361103058,0.8706393241882324,0.548039436340332,0.8646054267883301,0.4054021537303924,0.8628969788551331,0.0,0.0,0.0,0.0,0.0,0.0,0.0,0.0,0.4788555800914764,0.4195178151130676
0.4329855442047119,0.2143937051296234,0.4546509385108948,0.1881235092878341,0.4115055501461029,0.195727989077568,0.495381087064743,0.2164970487356186,0.3900333344936371,0.2367501705884933,0.5518475770950317,0.4142533838748932,0.3389512002468109,0.4263312816619873,0.5942304730415344,0.6392292976379395,0.2924200892448425,0.6621823906898499,0.5956161618232727,0.833268940448761,0.276475727558136,0.8792634606361389,0.5070737600326538,0.8656284213066101,0.3641259968280792,0.8513839840888977,0.0,0.0,0.0,0.0,0.0,0.0,0.0,0.0,0.4455717504024505,0.420087069272995
0.3881257176399231,0.2120547443628311,0.4108373820781708,0.1846924126148224,0.3659878373146057,0.1941876113414764,0.4572469592094421,0.212111547589302,0.3447426259517669,0.2317436635494232,0.5215867161750793,0.4036780297756195,0.2999634444713592,0.4293363392353058,0.5624393224716187,0.6343742609024048,0.2549275755882263,0.6602899432182312,0.5754098296165466,0.8254799246788025,0.2401449680328369,0.88764888048172,0.4862456917762756,0.849243700504303,0.3432404994964599,0.8508940935134888,0.0,0.0,0.0,0.0,0.0,0.0,0.0,0.0,0.4097925126552582,0.4160078465938568
0.5241342186927795,0.2369343489408493,0.5464734435081482,0.2101197689771652,0.5040410757064819,0.2158442884683609,0.5876793265342712,0.2386049181222915,0.4809222519397735,0.251473605632782,0.6420401334762573,0.4319842159748077,0.4278107583522796,0.4227124154567718,0.6430191397666931,0.6719042658805847,0.4056406915187835,0.6508296728134155,0.5914307236671448,0.7343372106552124,0.0,0.0,0.5845246911048889,0.8636518120765686,0.4420389235019684,0.8647446632385254,0.0,0.0,0.0,0.0,0.0,0.0,0.0,0.0,0.5321177244186401,0.424672394990921
0.4815032482147217,0.2318946421146392,0.504909336566925,0.2066156417131424,0.4601597785949707,0.2133315652608871,0.5450047850608826,0.2344838678836822,0.4405190348625183,0.2499380558729171,0.5992006063461304,0.4231932163238525,0.3907610774040222,0.429863303899765,0.6143907904624939,0.6717945337295532,0.3688356280326843,0.6682353615760803,0.0,0.0,0.3900682628154754,0.7233995795249939,0.5633931159973145,0.853553295135498,0.4194843471050262,0.8648412823677063,0.0,0.0,0.0,0.0,0.0,0.0,0.0,0.0,0.4949446618556976,0.4239358007907867
0.4017773568630218,0.2304790019989013,0.4243243634700775,0.200494185090065,0.3800417780876159,0.2088796198368072,0.4686698913574219,0.2264657467603683,0.3594937324523926,0.244524672627449,0.5343787670135498,0.4202589094638824,0.3140323758125305,0.4353232979774475,0.5515650510787964,0.6648651361465454,0.2987464964389801,0.6840590834617615,0.5196319222450256,0.7243161201477051,0.3481400609016418,0.7438402771949768,0.5047865509986877,0.865585207939148,0.3535979390144348,0.8650440573692322,0.0,0.0,0.0,0.0,0.0,0.0,0.0,0.0,0.4247910976409912,0.42919921875
0.3779663443565368,0.2255896478891372,0.3997463881969452,0.1948530972003936,0.3564429879188537,0.205694168806076,0.4425368905067444,0.2180699110031128,0.3362592756748199,0.242435485124588,0.5188776850700378,0.4102872908115387,0.296496719121933,0.4332413077354431,0.5459224581718445,0.6395300626754761,0.2881558239459991,0.6651156544685364,0.5175151228904724,0.7257451415061951,0.3204715251922607,0.7585941553115845,0.4958314001560211,0.8513069152832031,0.3474742472171783,0.8626205325126648,0.0,0.0,0.0,0.0,0.0,0.0,0.0,0.0,0.4054329097270965,0.4222634732723236
0.45882648229599,0.2159245014190673,0.4818572103977203,0.1873915642499923,0.4363970756530761,0.1958585977554321,0.5258392691612244,0.2135413885116577,0.4173000752925873,0.2327930927276611,0.5947198867797852,0.4031634330749511,0.3786116242408752,0.4245138466358185,0.6204897165298462,0.6671474575996399,0.3681158721446991,0.6552356481552124,0.5775684118270874,0.7441175580024719,0.3853505253791809,0.7142964005470276,0.5602128505706787,0.852599024772644,0.4155169427394867,0.8522900938987732,0.0,0.0,0.0,0.0,0.0,0.0,0.0,0.0,0.4848490059375763,0.4130228161811828
0.48836550116539,0.2199557274580001,0.5129556059837341,0.192687302827835,0.4690675139427185,0.20071741938591,0.558998703956604,0.2219276279211044,0.4520778357982635,0.2361713498830795,0.6263023614883423,0.403738260269165,0.4103975892066955,0.4228760898113251,0.6622852087020874,0.6539059281349182,0.4005960524082184,0.651141345500946,0.610120415687561,0.7358250021934509,0.0,0.0,0.5844780802726746,0.8538078665733337,0.4389326572418213,0.8635767698287964,0.0,0.0,0.0,0.0,0.0,0.0,0.0,0.0,0.5169728994369507,0.4107378125190735
0.5114320516586304,0.2289965152740478,0.5358453392982483,0.2004120051860809,0.4924947917461395,0.2080478221178054,0.5817667841911316,0.2254078835248947,0.474335640668869,0.2401414960622787,0.6522585153579712,0.413149744272232,0.4391835331916809,0.4306189119815826,0.6865159869194031,0.655150294303894,0.4327952265739441,0.6556696891784668,0.6374010443687439,0.7585665583610535,0.0,0.0,0.6056027412414551,0.8661350011825562,0.4692601561546325,0.8670766949653625,0.0,0.0,0.0,0.0,0.0,0.0,0.0,0.0,0.5432575345039368,0.4213181138038635
0.5163553953170776,0.2304700911045074,0.539564311504364,0.2021794468164444,0.4975514113903045,0.2108426541090011,0.5858355164527893,0.2266026437282562,0.4797179400920868,0.2444311380386352,0.6567569375038147,0.4171771705150604,0.4440101087093353,0.4344720840454101,0.6915305256843567,0.654730498790741,0.4372445940971374,0.6579402089118958,0.6366419196128845,0.7699542045593262,0.0,0.0,0.6069117784500122,0.8652920722961426,0.4704602062702179,0.865990161895752,0.0,0.0,0.0,0.0,0.0,0.0,0.0,0.0,0.5479558706283569,0.4257059395313263
0.5073762536048889,0.2323188632726669,0.5306692719459534,0.2062960565090179,0.4893500208854675,0.2135779112577438,0.5753987431526184,0.2343879491090774,0.4706288278102875,0.2475090026855468,0.6460157036781311,0.4193035066127777,0.434560477733612,0.4369603097438812,0.6781722903251648,0.6649011969566345,0.4256981015205383,0.667898952960968,0.6299651265144348,0.7454376816749573,0.0,0.0,0.5983069539070129,0.8635197877883911,0.4572554230690002,0.8659003973007202,0.0,0.0,0.0,0.0,0.0,0.0,0.0,0.0,0.5369657278060913,0.427774578332901
0.4713664650917053,0.2341024428606033,0.4928470551967621,0.2099443972110748,0.4517462253570556,0.2162303924560547,0.5329763293266296,0.2377282232046127,0.4333151280879974,0.2533262372016907,0.5996522307395935,0.4155320823192596,0.3977571129798889,0.4417621493339538,0.633741021156311,0.6649789810180664,0.3871411383152008,0.6796083450317383,0.5830615758895874,0.7379971146583557,0.0,0.0,0.5643755197525024,0.8509163856506348,0.424368292093277,0.852329671382904,0.0,0.0,0.0,0.0,0.0,0.0,0.0,0.0,0.4973723888397217,0.4271819293498993
0.4157544672489166,0.253213107585907,0.4348789155483246,0.2247237265110016,0.3925941884517669,0.2357046455144882,0.4742741286754608,0.2486949265003204,0.3718741238117218,0.2761362195014953,0.5454689860343933,0.4202592372894287,0.3412184715270996,0.4520593285560608,0.5808247923851013,0.6537111401557922,0.3367531895637512,0.6841521859169006,0.5337157845497131,0.7408828735351562,0.3695755302906036,0.7270163297653198,0.5155380964279175,0.8641871213912964,0.3738258481025696,0.8635801672935486,0.0,0.0,0.0,0.0,0.0,0.0,0.0,0.0,0.4416465759277344,0.4376237690448761
0.3969042599201202,0.2557590007781982,0.4157249629497528,0.229039579629898,0.3750900626182556,0.2387137413024902,0.4544549584388733,0.2537957727909088,0.3546038269996643,0.2795465886592865,0.5291277170181274,0.4275664985179901,0.3242336213588714,0.4544346332550049,0.562433123588562,0.6660552620887756,0.3203781545162201,0.6745756268501282,0.5177142024040222,0.724118173122406,0.3524761795997619,0.7302533984184265,0.5047035813331604,0.8513043522834778,0.3645839095115661,0.8517374992370605,0.0,0.0,0.0,0.0,0.0,0.0,0.0,0.0,0.4252875745296478,0.4424061179161072
0.4070012271404266,0.2582127451896667,0.4266328811645508,0.2286972999572754,0.3864277899265289,0.2397743463516235,0.4679294526576996,0.2517865002155304,0.3689357936382293,0.2754603922367096,0.5413636565208435,0.4244455695152282,0.3375666439533233,0.4545065462589264,0.5767547488212585,0.6523722410202026,0.3329701125621795,0.6853218674659729,0.5351240634918213,0.7265852689743042,0.3646104335784912,0.7347602248191833,0.5249831676483154,0.86235111951828,0.3838567435741424,0.8626082539558411,0.0,0.0,0.0,0.0,0.0,0.0,0.0,0.0,0.4376704394817352,0.4407382607460022
0.4721733629703522,0.2492738217115402,0.492377907037735,0.2215305119752884,0.4515929818153381,0.2302255630493164,0.5334874987602234,0.2439417839050293,0.4335508644580841,0.2643678486347198,0.6020235419273376,0.4231744110584259,0.3994401395320892,0.446309894323349,0.6304487586021423,0.669514536857605,0.3896520733833313,0.6806241273880005,0.5854954123497009,0.7262841463088989,0.4079437255859375,0.7257022261619568,0.5727359056472778,0.8527240753173828,0.4349696338176727,0.8533650636672974,0.0,0.0,0.0,0.0,0.0,0.0,0.0,0.0,0.499098390340805,0.4349129199981689
0.5016470551490784,0.2531717717647552,0.5233601927757263,0.2252330332994461,0.4804091155529022,0.2347331792116165,0.5646946430206299,0.2510336339473724,0.4620856642723083,0.2743308842182159,0.6289676427841187,0.4272924065589905,0.4251402020454407,0.4453496038913727,0.6636069416999817,0.6658647656440735,0.4175281822681427,0.6749964952468872,0.6123833060264587,0.7276159524917603,0.4430260956287384,0.7420687675476074,0.5969515442848206,0.8518697023391724,0.4627680778503418,0.8629018664360046,0.0,0.0,0.0,0.0,0.0,0.0,0.0,0.0,0.5262178778648376,0.4352962374687195
0.5220438241958618,0.2532069087028503,0.5437846779823303,0.2247398644685745,0.5011467933654785,0.233048066496849,0.587448000907898,0.2460983544588089,0.4800732731819153,0.2686478793621063,0.6553204655647278,0.4266140758991241,0.45011767745018,0.446791797876358,0.6927441954612732,0.6565613150596619,0.4455864727497101,0.6671820878982544,0.6395114660263062,0.7629403471946716,0.4733136594295501,0.7459871172904968,0.616427481174469,0.8540736436843872,0.4852411150932312,0.8524104356765747,0.0,0.0,0.0,0.0,0.0,0.0,0.0,0.0,0.5505173802375793,0.4361372590065002
0.5325424075126648,0.246864303946495,0.5560547113418579,0.2212679237127304,0.5121047496795654,0.2291641980409622,0.6006795167922974,0.2484774738550186,0.4922874271869659,0.2687965333461761,0.6641817688941956,0.419859915971756,0.4610539078712463,0.4435957372188568,0.6971498727798462,0.6522447466850281,0.4547844231128692,0.6545583605766296,0.6567527055740356,0.7457956075668335,0.4714445471763611,0.7394968867301941,0.6190137267112732,0.8533421754837036,0.4867023527622223,0.8504128456115723,0.0,0.0,0.0,0.0,0.0,0.0,0.0,0.0,0.5610743761062622,0.4323408007621765
0.5235212445259094,0.2446644008159637,0.5458343625068665,0.2188847362995147,0.5047181844711304,0.2260081768035888,0.5903889536857605,0.2445180416107177,0.4860081672668457,0.2630633413791656,0.6561512351036072,0.4189812541007995,0.4535678923130035,0.4413539469242096,0.7000996470451355,0.6465293169021606,0.42973193526268,0.6587541699409485,0.6975647807121277,0.8626813888549805,0.4115225970745086,0.86525958776474,0.6100343465805054,0.8487114906311035,0.4782931208610534,0.8497928977012634,0.0,0.0,0.0,0.0,0.0,0.0,0.0,0.0,0.5526360273361206,0.4303012192249298
0.491308718919754,0.2431697100400924,0.5129456520080566,0.2180490791797638,0.4713585972785949,0.2266919612884521,0.5535894632339478,0.2443284541368484,0.4547860026359558,0.264259785413742,0.6200565695762634,0.4129813015460968,0.4229853749275207,0.4438476860523224,0.6740073561668396,0.6383780837059021,0.3920614123344421,0.6715212464332581,0.6751927137374878,0.8684040307998657,0.3655047118663788,0.888710618019104,0.5729487538337708,0.8480499386787415,0.4414985179901123,0.8513869047164917,0.0,0.0,0.0,0.0,0.0,0.0,0.0,0.0,0.520628809928894,0.4283190369606018
0.4433067739009857,0.2533101141452789,0.4604148864746094,0.2263417541980743,0.4224204421043396,0.2402060329914093,0.4979071617126465,0.2495185285806656,0.4067626893520355,0.2814173698425293,0.5724310278892517,0.4213950037956238,0.376089334487915,0.4587366282939911,0.6277748942375183,0.6491588950157166,0.3536989092826843,0.682650625705719,0.6299241185188293,0.8719709515571594,0.3248212337493896,0.9082794785499572,0.530832827091217,0.8636492490768433,0.3986980020999908,0.850142776966095,0.0,0.0,0.0,0.0,0.0,0.0,0.0,0.0,0.4738530218601227,0.4393377304077148
0.4190924763679504,0.25916787981987,0.4395108520984649,0.2335771322250366,0.3981406390666961,0.2451304495334625,0.4837757050991058,0.2592858076095581,0.3827881515026092,0.2862586379051208,0.5516548752784729,0.4257872402667999,0.3561145365238189,0.4680164158344269,0.6001816987991333,0.6579210162162781,0.332468032836914,0.6768907904624939,0.6041355729103088,0.8706530332565308,0.3020406663417816,0.9034847021102904,0.5119068026542664,0.863164484500885,0.3852262794971466,0.8512629866600037,0.0,0.0,0.0,0.0,0.0,0.0,0.0,0.0,0.4535954296588897,0.4467503428459167
0.4032078087329864,0.2597617208957672,0.421771377325058,0.2333759218454361,0.3821063637733459,0.2445541322231292,0.4593985080718994,0.2581767141819,0.3633856177330017,0.2846558094024658,0.5341048836708069,0.4333608448505401,0.3359192907810211,0.4665939211845398,0.5826263427734375,0.6504960656166077,0.3169517517089844,0.6874319911003113,0.5926191210746765,0.8448688387870789,0.2918205559253692,0.9088042378425598,0.5076204538345337,0.8495357632637024,0.3710255324840545,0.8529057502746582,0.0,0.0,0.0,0.0,0.0,0.0,0.0,0.0,0.4325210452079773,0.4509841799736023
0.4052159488201141,0.2665950655937195,0.4235919415950775,0.2395450919866562,0.3834090828895569,0.2508583068847656,0.4619526267051697,0.2623605728149414,0.3638058602809906,0.2884566783905029,0.5362407565116882,0.4359772801399231,0.3361653387546539,0.4676434397697449,0.5812575221061707,0.6424222588539124,0.319398432970047,0.6858401298522949,0.5866943001747131,0.8360719680786133,0.2996421754360199,0.9063395261764526,0.5100384950637817,0.8490080833435059,0.3792261481285095,0.8524542450904846,0.0,0.0,0.0,0.0,0.0,0.0,0.0,0.0,0.4329005777835846,0.4527573883533478
0.439111053943634,0.2663544714450836,0.4576176106929779,0.2419865280389785,0.4179429709911346,0.2509393095970154,0.4939820766448974,0.2690658271312713,0.4007755815982818,0.2901365458965301,0.5545616745948792,0.4393363296985626,0.3653810620307922,0.4588773250579834,0.5952463150024414,0.6528984308242798,0.3357249796390533,0.6770974397659302,0.5973020792007446,0.8348269462585449,0.3187026083469391,0.9001913070678711,0.5286915302276611,0.8435207009315491,0.4041241109371185,0.8468760848045349,0.0,0.0,0.0,0.0,0.0,0.0,0.0,0.0,0.4586707055568695,0.4486613273620605
0.4949093461036682,0.2732729911804199,0.5152304172515869,0.2493606358766555,0.4748565852642059,0.2533929944038391,0.5466433763504028,0.277796059846878,0.4509585499763489,0.2911438047885895,0.5918718576431274,0.4511831104755401,0.4057547450065613,0.4554128646850586,0.6260020136833191,0.6661331057548523,0.3696404993534088,0.6668833494186401,0.6462289690971375,0.8641787767410278,0.3403191268444061,0.8825626969337463,0.5566704869270325,0.8629264831542969,0.4264489710330963,0.8629016876220703,0.0,0.0,0.0,0.0,0.0,0.0,0.0,0.0,0.4973271489143371,0.4516627490520477
0.5389059782028198,0.293549120426178,0.5599347352981567,0.274013489484787,0.5199081301689148,0.2717654407024383,0.5876727104187012,0.3081345558166504,0.4911238551139831,0.3002064824104309,0.6209128499031067,0.4754205346107483,0.4331229329109192,0.4603602886199951,0.6550911068916321,0.6891817450523376,0.3906315267086029,0.6659060716629028,0.6837278604507446,0.8818601965904236,0.353325217962265,0.8723310828208923,0.5825766324996948,0.8495224118232727,0.4586714804172516,0.8645448088645935,0.0,0.0,0.0,0.0,0.0,0.0,0.0,0.0,0.524763286113739,0.4689996242523193
0.556836724281311,0.2926793098449707,0.5775929689407349,0.2740392386913299,0.5368670225143433,0.2696843445301056,0.6000780463218689,0.3091046214103699,0.5060561299324036,0.2949264347553253,0.6288449168205261,0.4783125221729278,0.4450805187225342,0.4553551077842712,0.6570850610733032,0.6936996579170227,0.3980853259563446,0.6572432518005371,0.6750563979148865,0.8905956149101257,0.3472492098808288,0.8634290099143982,0.5874772667884827,0.8496732711791992,0.4700433909893036,0.8521360158920288,0.0,0.0,0.0,0.0,0.0,0.0,0.0,0.0,0.5350150465965271,0.4675826132297516
0.5505322813987732,0.2941329777240753,0.5706290006637573,0.2723108530044555,0.5322111248970032,0.2729385793209076,0.5991977453231812,0.2998742461204529,0.507443368434906,0.2990838587284088,0.6303354501724243,0.478659451007843,0.4473776221275329,0.4564625918865204,0.6528415679931641,0.6953336000442505,0.3965698182582855,0.6570335030555725,0.6626715064048767,0.8862765431404114,0.3424928486347198,0.8609873652458191,0.5862775444984436,0.8519299626350403,0.4676526188850403,0.8528251051902771,0.0,0.0,0.0,0.0,0.0,0.0,0.0,0.0,0.5375992655754089,0.4684016704559326
0.5309814810752869,0.2782598733901977,0.550861120223999,0.2567595541477203,0.5125446319580078,0.2610405385494232,0.5855762362480164,0.2858847081661224,0.4913279414176941,0.2973315119743347,0.6234729886054993,0.4694154262542724,0.4359166026115417,0.4551270008087158,0.6556210517883301,0.6937106847763062,0.3896296620368957,0.6582849621772766,0.6747723817825317,0.8996070027351379,0.3344998955726623,0.8629110455513,0.5803553462028503,0.8532410264015198,0.4539811015129089,0.8646804690361023,0.0,0.0,0.0,0.0,0.0,0.0,0.0,0.0,0.5282579660415649,0.4628489017486572
0.4842042922973633,0.266100138425827,0.5058972239494324,0.2430001348257064,0.4665423035621643,0.2480915337800979,0.5466831922531128,0.2728782296180725,0.4501897394657135,0.2848699688911438,0.5968397259712219,0.4506373405456543,0.4078280627727508,0.453095942735672,0.6364603042602539,0.6711962819099426,0.3730394840240478,0.6645447611808777,0.6532284021377563,0.8909487128257751,0.3158167004585266,0.8778001070022583,0.5533726811408997,0.869499146938324,0.4215328097343445,0.867486298084259,0.0,0.0,0.0,0.0,0.0,0.0,0.0,0.0,0.5011917948722839,0.4518298506736755
0.4117865562438965,0.2599805295467376,0.4341343343257904,0.2315717190504074,0.3957441449165344,0.2420453131198883,0.4806208908557892,0.2519243061542511,0.382378488779068,0.2755074203014374,0.5483448505401611,0.4301689267158508,0.3605336546897888,0.454994261264801,0.5956311821937561,0.6635564565658569,0.3347549140453338,0.6736437678337097,0.608649730682373,0.8902159929275513,0.2712001502513885,0.8778748512268066,0.5014593601226807,0.8829747438430786,0.3700750172138214,0.8718537092208862,0.0,0.0,0.0,0.0,0.0,0.0,0.0,0.0,0.4526551365852356,0.4424929022789001
0.4828967452049255,0.3103082776069641,0.4990703463554382,0.2858538925647735,0.4632153809070587,0.2943076193332672,0.533408522605896,0.3059751987457275,0.448287159204483,0.3260782063007355,0.5987725257873535,0.4472532570362091,0.4272839725017547,0.4903173744678497,0.655547559261322,0.6423968076705933,0.4161092340946197,0.6956018209457397,0.6667424440383911,0.8379460573196411,0.3816368877887726,0.8770384192466736,0.5770575404167175,0.8323959708213806,0.4663686156272888,0.8461944460868835,0.0,0.0,0.0,0.0,0.0,0.0,0.0,0.0,0.5099518895149231,0.468936949968338
0.5918425917625427,0.3445781171321869,0.6075235605239868,0.3224821090698242,0.5725502967834473,0.3293342590332031,0.6387633681297302,0.3394784927368164,0.5553844571113586,0.3566047847270965,0.6930601000785828,0.4822547137737274,0.5314348340034485,0.509099006652832,0.7370768785476685,0.6698872447013855,0.5048566460609436,0.6996283531188965,0.7551994919776917,0.8459511399269104,0.4596060812473297,0.8666178584098816,0.6761985421180725,0.8521191477775574,0.5678519606590271,0.8491325974464417,0.0,0.0,0.0,0.0,0.0,0.0,0.0,0.0,0.6105728149414062,0.4960145056247711
0.665427565574646,0.3718679547309875,0.6796930432319641,0.3524076640605926,0.6499927639961243,0.3565002083778381,0.7061294913291931,0.371244877576828,0.6315521597862244,0.3793669641017914,0.7448850274085999,0.5093574523925781,0.5928810238838196,0.5108882784843445,0.7728821635246277,0.6798223853111267,0.5677701830863953,0.6915697455406189,0.7991431951522827,0.8342311978340149,0.5313235521316528,0.8360635042190552,0.7206535935401917,0.8164371252059937,0.6214906573295593,0.8254443407058716,0.0,0.0,0.0,0.0,0.0,0.0,0.0,0.0,0.6675012707710266,0.5102423429489136
0.6569769978523254,0.3728350698947906,0.6709486842155457,0.3544102013111114,0.6415802240371704,0.360178530216217,0.6965076327323914,0.3713879883289337,0.6250839829444885,0.3834463953971863,0.7369042634963989,0.5055479407310486,0.5880187749862671,0.5114110708236694,0.7676101326942444,0.6731224656105042,0.5649562478065491,0.6906368136405945,0.7919594049453735,0.8199954628944397,0.5306691527366638,0.8331362009048462,0.7127103805541992,0.8117861747741699,0.6159182786941528,0.8141916394233704,0.0,0.0,0.0,0.0,0.0,0.0,0.0,0.0,0.6612911224365234,0.5084138512611389
0.6520594954490662,0.3718377649784088,0.6657140851020813,0.3526430428028106,0.6369136571884155,0.3589041829109192,0.6911857724189758,0.3683927059173584,0.6203934550285339,0.3822584748268127,0.734010636806488,0.5051349997520447,0.5840540528297424,0.5151738524436951,0.7657315135002136,0.6723390221595764,0.563112735748291,0.6925262808799744,0.7922758460044861,0.8230473399162292,0.525924563407898,0.8337324261665344,0.7110344171524048,0.8145657777786255,0.6137593388557434,0.8159853219985962,0.0,0.0,0.0,0.0,0.0,0.0,0.0,0.0,0.657321035861969,0.5097507834434509
0.6589232683181763,0.3701550662517547,0.6734914779663086,0.3524635434150696,0.6440346837043762,0.356807142496109,0.6993705630302429,0.3715023994445801,0.6269091963768005,0.38111612200737,0.7398408651351929,0.5075052976608276,0.5882434248924255,0.5140615701675415,0.7709547281265259,0.6756163835525513,0.5649713277816772,0.6936705708503723,0.8001009225845337,0.8322210907936096,0.5260187983512878,0.8343154788017273,0.717974841594696,0.8156708478927612,0.618588924407959,0.825127899646759,0.0,0.0,0.0,0.0,0.0,0.0,0.0,0.0,0.6629543304443359,0.5104852318763733
0.6582104563713074,0.3581792712211609,0.6736542582511902,0.3403697907924652,0.6418542861938477,0.3441011905670166,0.6972784399986267,0.3621590137481689,0.620466411113739,0.3721488118171692,0.7342042326927185,0.5034715533256531,0.5818353891372681,0.5092656016349792,0.7675107717514038,0.6714467406272888,0.5566949248313904,0.6894789338111877,0.7957616448402405,0.8205021023750305,0.5206922888755798,0.8347153663635254,0.7106205821037292,0.8173850774765015,0.610723078250885,0.8181851506233215,0.0,0.0,0.0,0.0,0.0,0.0,0.0,0.0,0.6560463309288025,0.5061127543449402
0.6328677535057068,0.3573928475379944,0.6481956839561462,0.335742324590683,0.615464985370636,0.3396798074245453,0.6722769141197205,0.355761855840683,0.595231831073761,0.3643843531608581,0.7098358273506165,0.4963743090629577,0.556195080280304,0.4991843402385711,0.7397103905677795,0.6699808835983276,0.5236789584159851,0.6767014265060425,0.7772395014762878,0.8201989531517029,0.4944286942481994,0.8364632725715637,0.6804991960525513,0.8267039656639099,0.5780314207077026,0.825641930103302,0.0,0.0,0.0,0.0,0.0,0.0,0.0,0.0,0.6319988965988159,0.4982106685638428
0.6293449401855469,0.3476479351520538,0.6450791954994202,0.3280759453773498,0.6128352284431458,0.3309362232685089,0.6696323156356812,0.350095272064209,0.5930401086807251,0.3587269186973572,0.7063122391700745,0.4876286387443542,0.5544736981391907,0.4955170154571533,0.7337625622749329,0.6657618284225464,0.5152285695075989,0.6817216277122498,0.7688255310058594,0.8189202547073364,0.4856773912906647,0.8381838798522949,0.6857446432113647,0.8312231302261353,0.5828694105148315,0.8322301506996155,0.0,0.0,0.0,0.0,0.0,0.0,0.0,0.0,0.6303814053535461,0.4925434589385986
0.6468448638916016,0.34538134932518,0.6624951362609863,0.3269113600254059,0.6299133896827698,0.3290655314922333,0.6868016123771667,0.3503847420215606,0.608450710773468,0.3571024537086487,0.7212721705436707,0.4956321716308594,0.5695390701293945,0.4963772892951965,0.7537435293197632,0.6689386963844299,0.5316440463066101,0.679901123046875,0.7917543649673462,0.8259114027023315,0.4934715330600738,0.8377713561058044,0.699180543422699,0.8266372084617615,0.5969805121421814,0.8262156248092651,0.0,0.0,0.0,0.0,0.0,0.0,0.0,0.0,0.644128143787384,0.4965508580207824
0.6419791579246521,0.3367042541503906,0.6588293313980103,0.3165551722049713,0.6239432692527771,0.3192454874515533,0.6866406798362732,0.3414650857448578,0.6019440293312073,0.3493317663669586,0.7249056696891785,0.4919888377189636,0.5617619752883911,0.4915740191936493,0.7601450681686401,0.6737586855888367,0.5206459164619446,0.6824608445167542,0.794644296169281,0.8382335901260376,0.4824166297912597,0.846615731716156,0.692109227180481,0.8307461142539978,0.5833670496940613,0.8290919065475464,0.0,0.0,0.0,0.0,0.0,0.0,0.0,0.0,0.640748918056488,0.4914329349994659
0.5907238125801086,0.3238969147205353,0.6076291799545288,0.3026247918605804,0.5725530982017517,0.3089573681354522,0.6369704008102417,0.3275211453437805,0.5526621341705322,0.33978933095932,0.6826829314231873,0.4776088893413543,0.5168083310127258,0.4856214821338653,0.7170586585998535,0.6687709093093872,0.4843749403953552,0.6822425723075867,0.7471266388893127,0.8429712653160095,0.4400241374969482,0.8563565611839294,0.6507653594017029,0.8437633514404297,0.5342481732368469,0.8334386944770813,0.0,0.0,0.0,0.0,0.0,0.0,0.0,0.0,0.6007956266403198,0.4810638427734375
0.5511407852172852,0.325901061296463,0.5678399205207825,0.3027535378932953,0.5328330993652344,0.3105794489383697,0.5975872874259949,0.32489874958992,0.5155379176139832,0.3413886129856109,0.649649441242218,0.4730596542358398,0.4781248569488525,0.4931103885173797,0.68592768907547,0.6659320592880249,0.4523257911205292,0.687613308429718,0.7178283929824829,0.8394264578819275,0.4070208966732025,0.8667535781860352,0.6128247976303101,0.8427391648292542,0.4964644908905029,0.8466134667396545,0.0,0.0,0.0,0.0,0.0,0.0,0.0,0.0,0.5632397532463074,0.483216792345047
0.5061745047569275,0.3200580179691314,0.5233318209648132,0.2976833879947662,0.4890322387218475,0.3055718541145324,0.5580198764801025,0.3184641301631927,0.4743571877479553,0.3346173763275146,0.613693356513977,0.4642534554004669,0.4441717267036438,0.4913128316402435,0.6566998362541199,0.6632798314094543,0.4195778667926788,0.6907944679260254,0.6967461705207825,0.8366408348083496,0.376268059015274,0.8714627623558044,0.5892187356948853,0.8323432207107544,0.4744727313518524,0.8494036793708801,0.0,0.0,0.0,0.0,0.0,0.0,0.0,0.0,0.5276976823806763,0.4778926074504852
0.495626837015152,0.3127180635929107,0.5135001540184021,0.2896589636802673,0.477028876543045,0.2946578860282898,0.5472921133041382,0.3132671415805816,0.4605060219764709,0.3253470957279205,0.6038298010826111,0.4601075053215027,0.4300681948661804,0.4860015213489532,0.6508970856666565,0.6599351167678833,0.4088541865348816,0.6909838318824768,0.6942209601402283,0.833671510219574,0.3653143942356109,0.8788089156150818,0.5821178555488586,0.828436553478241,0.4669869542121887,0.8464168906211853,0.0,0.0,0.0,0.0,0.0,0.0,0.0,0.0,0.5140975713729858,0.4729595184326172
0.5002918839454651,0.2965657711029053,0.518737256526947,0.2717822790145874,0.4819586873054504,0.2776453793048858,0.5531529188156128,0.2939589023590088,0.4642252922058105,0.3102930188179016,0.6120830774307251,0.4498731791973114,0.4343636035919189,0.4757507741451263,0.6588257551193237,0.6609420776367188,0.4098841845989227,0.6862766146659851,0.7011625170707703,0.8497070074081421,0.3595688939094543,0.878021776676178,0.5804926753044128,0.8456858992576599,0.4638118743896484,0.8637767434120178,0.0,0.0,0.0,0.0,0.0,0.0,0.0,0.0,0.5211154222488403,0.462780237197876
0.5156124234199524,0.2688665986061096,0.5348013043403625,0.2466045916080474,0.4968824088573456,0.2542184591293335,0.5728304982185364,0.273910254240036,0.4809961915016174,0.2936316132545471,0.6335145235061646,0.4351820945739746,0.4498055279254913,0.4570693075656891,0.6782861948013306,0.6517819166183472,0.4242489337921142,0.6737989187240601,0.7086725831031799,0.8620390295982361,0.3639564514160156,0.8756666779518127,0.5936247706413269,0.849739134311676,0.4706212878227234,0.8532450795173645,0.0,0.0,0.0,0.0,0.0,0.0,0.0,0.0,0.5388470888137817,0.4464743733406067
0.535900354385376,0.2538154125213623,0.5573115348815918,0.2299771457910537,0.5170347094535828,0.2348841875791549,0.5960854887962341,0.2596460282802582,0.4959695935249328,0.2715803980827331,0.65631502866745,0.4284849762916565,0.466515451669693,0.4523579478263855,0.7008152604103088,0.6565520167350769,0.437227725982666,0.6734670400619507,0.7199617624282837,0.8784626722335815,0.3769979774951935,0.8700748085975647,0.6130717992782593,0.8641332387924194,0.4819299280643463,0.863856852054596,0.0,0.0,0.0,0.0,0.0,0.0,0.0,0.0,0.55894535779953,0.4403055012226105
0.5318812727928162,0.2335440218448639,0.555601954460144,0.209145039319992,0.5128417611122131,0.2147543728351593,0.5990994572639465,0.2403033822774887,0.491893321275711,0.2534661293029785,0.6594663858413696,0.4172362685203552,0.4607669711112976,0.4397282004356384,0.7035444974899292,0.6527594923973083,0.4294310510158539,0.6741145253181458,0.7296234965324402,0.8899663090705872,0.3695625960826874,0.879825234413147,0.6095919013023376,0.879844069480896,0.4749683439731598,0.8691403269767761,0.0,0.0,0.0,0.0,0.0,0.0,0.0,0.0,0.5586972832679749,0.4292575716972351
0.4973264038562774,0.2100047171115875,0.5222957730293274,0.1852416843175888,0.477485716342926,0.1903133243322372,0.5653159618377686,0.2120899111032486,0.4565855860710144,0.2263031750917434,0.6336748003959656,0.402358204126358,0.4187344908714294,0.4256952106952667,0.6807041764259338,0.6516662836074829,0.3858871161937713,0.6743160486221313,0.720180869102478,0.8968433141708374,0.3187127709388733,0.9065641760826112,0.5872467756271362,0.8831519484519958,0.4398284554481506,0.8873969316482544,0.0,0.0,0.0,0.0,0.0,0.0,0.0,0.0,0.5236856341362,0.4126132130622864
0.4193914532661438,0.1728004366159439,0.4456793367862701,0.1459392011165619,0.3971104025840759,0.1540205031633377,0.49347785115242,0.1812265664339065,0.3756120800971985,0.1955585181713104,0.5675205588340759,0.3779239952564239,0.3374032974243164,0.4110593199729919,0.6198598146438599,0.6316831707954407,0.2989363670349121,0.6733700037002563,0.6498512029647827,0.8736048936843872,0.2209765166044235,0.9087419509887696,0.520161509513855,0.8851334452629089,0.3695845901966095,0.8856012225151062,0.0,0.0,0.0,0.0,0.0,0.0,0.0,0.0,0.4515549838542938,0.3943327367305755
0.3761225342750549,0.1714439839124679,0.4025502800941467,0.1441586762666702,0.3526564240455627,0.1509011536836624,0.4520952105522156,0.1771179735660553,0.3277109265327453,0.1913824379444122,0.5258474946022034,0.3807407021522522,0.2814255356788635,0.4050168395042419,0.581379771232605,0.6476556658744812,0.2268249988555908,0.6823228001594543,0.6302706599235535,0.9016180038452148,0.1341141462326049,0.9405898451805116,0.4847470223903656,0.900366485118866,0.3106535971164703,0.8994390368461609,0.0,0.0,0.0,0.0,0.0,0.0,0.0,0.0,0.4016854166984558,0.3934934735298157
0.3085933625698089,0.139778658747673,0.3358931243419647,0.1161572933197021,0.2848646938800812,0.1209198758006095,0.3832479417324066,0.1590705662965774,0.2578307092189789,0.1682075560092926,0.4525290429592132,0.374972403049469,0.19752898812294,0.3902229368686676,0.5082067251205444,0.6468717455863953,0.1456084251403808,0.6740025877952576,0.5697001814842224,0.8936623930931091,0.0466154143214225,0.9510329961776732,0.3856290280818939,0.919261872768402,0.2055732309818267,0.9047583341598512,0.0,0.0,0.0,0.0,0.0,0.0,0.0,0.0,0.322924792766571,0.3807705044746399
0.1758260875940323,0.0982711464166641,0.2068135887384414,0.0699857920408248,0.149389773607254,0.0722039267420768,0.2604355812072754,0.1126806810498237,0.1179616823792457,0.1215763092041015,0.337809294462204,0.3427302837371826,0.057413063943386,0.3613127768039703,0.3860706686973572,0.6491658091545105,0.0089285718277096,0.6656607389450073,0.4313735365867615,0.903696358203888,0.0,0.0,0.2739060819149017,0.8892119526863098,0.0876497775316238,0.8811635971069336,0.0,0.0,0.0,0.0,0.0,0.0,0.0,0.0,0.1985702812671661,0.3512850105762481
0.1177106350660324,0.0634941160678863,0.1498863250017166,0.0173229034990072,0.0917361453175544,0.0187308155000209,0.2099795043468475,0.0778807029128074,0.0577933713793754,0.0755692645907402,0.2913339734077453,0.3228785097599029,0.0089285718277096,0.3339121341705322,0.35124272108078,0.6500720977783203,0.0,0.0,0.404363602399826,0.8932930827140808,0.0,0.0,0.2347923964262008,0.9024115204811096,0.022267397493124,0.8984633088111877,0.0,0.0,0.0,0.0,0.0,0.0,0.0,0.0,0.1375413388013839,0.330689013004303
0.126759260892868,0.0393142960965633,0.1627542227506637,0.0089285718277096,0.1001214832067489,0.0089285718277096,0.2234587669372558,0.0585229471325874,0.0671499222517013,0.0576107427477836,0.3042831420898437,0.3148209452629089,0.0089285718277096,0.3273015022277832,0.3631012141704559,0.6452360153198242,0.0,0.0,0.4255891442298889,0.9200474619865416,0.0,0.0,0.2391709387302398,0.9213208556175232,0.0417856350541114,0.9171743988990784,0.0,0.0,0.0,0.0,0.0,0.0,0.0,0.0,0.1501403003931045,0.3236706554889679
0.1349111050367355,0.0144388331100344,0.1694925874471664,0.0089285718277096,0.1062876731157302,0.0089285718277096,0.240471214056015,0.0388031862676143,0.0781506523489952,0.0435689464211463,0.3187714219093323,0.2976946234703064,0.0179144646972417,0.3220180571079254,0.3841192424297333,0.6131167411804199,0.0089285718277096,0.5976657867431641,0.4352488219738006,0.9086822867393494,0.0,0.0,0.2451629340648651,0.9018498063087464,0.0509643256664276,0.8868560194969177,0.0,0.0,0.0,0.0,0.0,0.0,0.0,0.0,0.1702867448329925,0.3116277754306793
0.1055727824568748,0.0521200597286224,0.1422388553619384,0.0089285718277096,0.0802531689405441,0.0121528422459959,0.2140766829252243,0.0551807060837745,0.0558651164174079,0.0644509717822074,0.2970314025878906,0.3065887987613678,0.0089285718277096,0.3407718539237976,0.3557629585266113,0.6243918538093567,0.0,0.0,0.3910242021083832,0.916833996772766,0.0,0.0,0.2280284166336059,0.903744339942932,0.0414526462554931,0.901305615901947,0.0,0.0,0.0,0.0,0.0,0.0,0.0,0.0,0.1516275405883789,0.327488899230957
0.0997433811426162,0.0783664584159851,0.1319422423839569,0.044001966714859,0.0767353102564811,0.0486341007053852,0.1992155611515045,0.0816637948155403,0.0507729686796665,0.088530421257019,0.2827306687831878,0.319228321313858,0.0089285718277096,0.3505359292030334,0.3421386182308197,0.6150354146957397,0.0,0.0,0.3920464515686035,0.9075431823730468,0.0,0.0,0.2266238182783126,0.8860592842102051,0.0441819056868553,0.881933867931366,0.0,0.0,0.0,0.0,0.0,0.0,0.0,0.0,0.1384267807006836,0.3383243381977081
0.1800330579280853,0.1312504708766937,0.2102950364351272,0.1039252281188964,0.158316284418106,0.1087639331817627,0.2695580720901489,0.1407881677150726,0.1373637914657592,0.1554981023073196,0.349856823682785,0.3542549610137939,0.0954368263483047,0.3872480392456054,0.3987500965595245,0.6268810033798218,0.060328222811222,0.6636077165603638,0.4460684359073639,0.8896510004997253,0.0089285718277096,0.8495773673057556,0.2885811030864715,0.8863464593887329,0.1207822635769844,0.8808435797691345,0.0,0.0,0.0,0.0,0.0,0.0,0.0,0.0,0.2208293229341507,0.3707351088523865
0.2716196477413177,0.1759277135133743,0.3003569543361664,0.1514058411121368,0.2510831356048584,0.1559554636478424,0.3482287526130676,0.191536545753479,0.2265776097774505,0.1980734318494796,0.4127479493618011,0.3864026069641113,0.1795030832290649,0.4037533402442932,0.4573073089122772,0.6468605995178223,0.1367030292749405,0.6629162430763245,0.4967951476573944,0.897350013256073,0.0438295006752014,0.914336323738098,0.3506896495819092,0.8815836906433105,0.1916376650333404,0.8661947846412659,0.0,0.0,0.0,0.0,0.0,0.0,0.0,0.0,0.2978517413139343,0.3952604830265045
0.319283664226532,0.2052037566900253,0.3471228182315826,0.1808836907148361,0.3002752363681793,0.1798827648162841,0.3933540880680084,0.2169073075056076,0.277952492237091,0.2131877988576889,0.4461453855037689,0.4037159085273742,0.2266374826431274,0.4159923195838928,0.4886600375175476,0.6636785268783569,0.1830690205097198,0.6564397215843201,0.5267309546470642,0.8957720994949341,0.108810618519783,0.8992008566856384,0.3866927027702331,0.8842480778694153,0.2387621849775314,0.867189884185791,0.0,0.0,0.0,0.0,0.0,0.0,0.0,0.0,0.3337869644165039,0.4091390073299408
0.3275754451751709,0.2221249788999557,0.3512552678585052,0.1981121301651001,0.3086950182914734,0.1995222717523574,0.3911673128604889,0.2299678772687912,0.2860479354858398,0.2344342470169067,0.4443485736846924,0.4177025258541107,0.2345659881830215,0.4255173802375793,0.4855583608150482,0.6612551808357239,0.1895322650671005,0.661175549030304,0.5299914479255676,0.8707709312438965,0.1168792769312858,0.9005471467971802,0.3930363059043884,0.8663919568061829,0.2533556222915649,0.8515738248825073,0.0,0.0,0.0,0.0,0.0,0.0,0.0,0.0,0.3383062779903412,0.4212176501750946
0.3045842349529266,0.2298530638217926,0.3277043998241424,0.2044232189655304,0.2845362722873688,0.2091790735721588,0.3703186810016632,0.2312344014644622,0.2636590003967285,0.2436406910419464,0.4261354506015777,0.425441175699234,0.2156350165605545,0.4348861873149872,0.4677608907222748,0.6574441194534302,0.1726301610469818,0.6755273938179016,0.5136967301368713,0.8648217916488647,0.1081796810030937,0.9130514860153198,0.3803295195102691,0.8617329001426697,0.2377622127532959,0.8488131165504456,0.0,0.0,0.0,0.0,0.0,0.0,0.0,0.0,0.320925772190094,0.4290949702262878
0.3197364211082458,0.2232519835233688,0.3442408740520477,0.1979704201221466,0.2989550530910492,0.2010733783245086,0.384396880865097,0.2300017774105072,0.276780754327774,0.2370548397302627,0.4390535950660705,0.4195992946624756,0.2291397005319595,0.4294484257698059,0.4780481457710266,0.6595944762229919,0.1851465404033661,0.6641603112220764,0.5235180854797363,0.8736289143562317,0.1139441654086113,0.907770335674286,0.3885478973388672,0.865382969379425,0.2482408732175827,0.8506278991699219,0.0,0.0,0.0,0.0,0.0,0.0,0.0,0.0,0.3339417278766632,0.4234693348407745
0.3446182906627655,0.2108653634786605,0.3704397082328796,0.1834592074155807,0.3244543969631195,0.1882249414920807,0.4173415303230285,0.2155872732400894,0.3064923286437988,0.2232005298137664,0.4744564592838287,0.4080159962177276,0.2553348839282989,0.4183037281036377,0.5178795456886292,0.6531550288200378,0.2159064710140228,0.6691536903381348,0.5689546465873718,0.8721031546592712,0.1334733814001083,0.9061743021011353,0.4204724431037903,0.8519043922424316,0.2740121483802795,0.8513931035995483,0.0,0.0,0.0,0.0,0.0,0.0,0.0,0.0,0.3651147484779358,0.4117229878902435
0.3455554842948913,0.2003700733184814,0.3744356334209442,0.1739668846130371,0.3265252113342285,0.1744797378778457,0.4226807951927185,0.2045796066522598,0.3078029155731201,0.2063454240560531,0.4767920672893524,0.4044274985790252,0.251398354768753,0.4073598980903625,0.5145116448402405,0.6585603356361389,0.2069823741912841,0.6572633385658264,0.5578822493553162,0.8928075432777405,0.1310441642999649,0.9045961499214172,0.4154790043830871,0.8662869334220886,0.2635409235954284,0.851222574710846,0.0,0.0,0.0,0.0,0.0,0.0,0.0,0.0,0.3641886413097381,0.4034600257873535
0.3165270984172821,0.1908565610647201,0.3451867699623108,0.160542607307434,0.2966079413890838,0.1650494635105133,0.3999809324741363,0.1950653493404388,0.273887425661087,0.2002058774232864,0.4522981643676758,0.3946930468082428,0.2193273156881332,0.3966261744499206,0.4917134344577789,0.6672077775001526,0.1730856150388717,0.6491499543190002,0.5373840928077698,0.8833449482917786,0.0991240963339805,0.9065521955490112,0.3924514949321747,0.8657464385032654,0.2412093579769134,0.8498748540878296,0.0,0.0,0.0,0.0,0.0,0.0,0.0,0.0,0.3334090709686279,0.3940693438053131
0.2965539395809173,0.1969223469495773,0.3244133293628692,0.165149912238121,0.2752873301506042,0.1689870059490203,0.3771978914737701,0.1958173960447311,0.2535973489284515,0.2010329812765121,0.4347054660320282,0.3950105607509613,0.1997138410806656,0.3993218541145324,0.4725358188152313,0.639613151550293,0.1531130969524383,0.6574961543083191,0.5234581828117371,0.8619304895401001,0.0,0.0,0.3872490525245666,0.8644844889640808,0.2391736507415771,0.8635106086730957,0.0,0.0,0.0,0.0,0.0,0.0,0.0,0.0,0.3168048560619354,0.3959707617759704
0.2976548075675964,0.1963107287883758,0.3269570469856262,0.1656069755554199,0.2763185203075409,0.1702988445758819,0.3819993138313293,0.1944496482610702,0.2564118802547455,0.2011839300394058,0.4372394382953644,0.3944859504699707,0.2062266618013382,0.3994850814342499,0.4755126535892486,0.6450454592704773,0.1594884544610977,0.6615949273109436,0.5260111093521118,0.8599826693534851,0.0976466536521911,0.9179878830909728,0.3979680836200714,0.8511970639228821,0.2465256601572036,0.8496884703636169,0.0,0.0,0.0,0.0,0.0,0.0,0.0,0.0,0.3218096792697906,0.3958903849124908
0.342039555311203,0.2018572092056274,0.370176613330841,0.1759458631277084,0.3229568004608154,0.1775004714727401,0.4172818064689636,0.2098053693771362,0.3038705885410309,0.2107159346342086,0.4708573222160339,0.4065804183483124,0.24781434237957,0.4092772603034973,0.5068792104721069,0.6631030440330505,0.2031773030757904,0.6471086144447327,0.5605099201202393,0.8784154057502747,0.1344987004995346,0.895072877407074,0.4242720007896423,0.8672332763671875,0.2764208018779754,0.8642234802246094,0.0,0.0,0.0,0.0,0.0,0.0,0.0,0.0,0.3604337871074676,0.4061918258666992
0.4305295050144195,0.2423759251832962,0.4551552832126617,0.2179311662912368,0.4142888188362121,0.2186198681592941,0.4953994750976562,0.2492991536855697,0.3931383490562439,0.2468033730983734,0.5421610474586487,0.4464678466320038,0.3323142230510711,0.4263186752796173,0.5705172419548035,0.6759714484214783,0.2821782231330871,0.6531931757926941,0.6044480204582214,0.9023047685623168,0.2119927853345871,0.8695444464683533,0.4720381796360016,0.8630069494247437,0.3354975879192352,0.8499285578727722,0.0,0.0,0.0,0.0,0.0,0.0,0.0,0.0,0.4375808835029602,0.4368352890014648
0.4513662755489349,0.2641265392303467,0.4758782684803009,0.2388835102319717,0.4341093897819519,0.2412639409303665,0.5181339979171753,0.265919029712677,0.4138451516628265,0.2683765888214111,0.5529922842979431,0.4564200937747955,0.3541772961616516,0.433020681142807,0.5702008008956909,0.6817910075187683,0.2980547249317169,0.6508284211158752,0.5999992489814758,0.9080787897109984,0.2292655557394027,0.8629288673400879,0.4789769649505615,0.8517155051231384,0.3501672446727752,0.8485834002494812,0.0,0.0,0.0,0.0,0.0,0.0,0.0,0.0,0.4542612731456756,0.4449723660945892
0.4474764466285705,0.2633331418037414,0.4723897874355316,0.2376219779253006,0.430956095457077,0.2403700351715088,0.5173262357711792,0.2634334862232208,0.4122548997402191,0.264469712972641,0.5552015900611877,0.4526603519916534,0.3559097945690155,0.4310750961303711,0.5782956480979919,0.6842799782752991,0.3017464280128479,0.648950457572937,0.6096265912055969,0.9025988578796388,0.2363312989473343,0.853183388710022,0.4784616827964782,0.8524414300918579,0.3494632840156555,0.8475713133811951,0.0,0.0,0.0,0.0,0.0,0.0,0.0,0.0,0.455964058637619,0.4421492516994476
0.4106915295124054,0.2437999993562698,0.436817467212677,0.2160577625036239,0.3920179009437561,0.2198387235403061,0.478905975818634,0.2426500171422958,0.3732792735099792,0.2470266819000244,0.5299866795539856,0.4385594427585602,0.3191145956516266,0.4238390326499939,0.5593395829200745,0.6738086342811584,0.2695387601852417,0.6514301896095276,0.5927082896232605,0.8918803334236145,0.1987397521734237,0.8762933611869812,0.4500403106212616,0.8513965606689453,0.3171838223934173,0.8467475175857544,0.0,0.0,0.0,0.0,0.0,0.0,0.0,0.0,0.4244358539581299,0.4316995441913605
0.377357542514801,0.2351991832256317,0.4016105532646179,0.2088907212018966,0.360982745885849,0.211259976029396,0.446212500333786,0.2355511039495468,0.3424716293811798,0.2385086566209793,0.5029008984565735,0.4337103366851806,0.2875668108463287,0.420855849981308,0.5377155542373657,0.6800808310508728,0.2361024618148803,0.6552163362503052,0.5774353742599487,0.8865155577659607,0.1680069267749786,0.8883119225502014,0.4298660159111023,0.8507820963859558,0.2869560420513153,0.850197434425354,0.0,0.0,0.0,0.0,0.0,0.0,0.0,0.0,0.3934939205646515,0.4260177612304687
0.3452789783477783,0.2246780842542648,0.3723042011260986,0.1972670257091522,0.3265767395496368,0.2015599310398101,0.4183444380760193,0.2273286134004593,0.308262288570404,0.2312049567699432,0.4712465405464172,0.4185472130775451,0.2572129070758819,0.4212024807929992,0.5077778100967407,0.668369472026825,0.2120399177074432,0.6568645238876343,0.5555034279823303,0.8717585802078247,0.140971153974533,0.8960698246955872,0.4215129315853119,0.8532872796058655,0.2783239483833313,0.8625297546386719,0.0,0.0,0.0,0.0,0.0,0.0,0.0,0.0,0.3643067181110382,0.4196646511554718
0.3411234319210052,0.2329125702381134,0.3664868772029876,0.2052985429763794,0.3209957778453827,0.2092943340539932,0.4102988541126251,0.2296960204839706,0.3016361892223358,0.2378691881895065,0.4681590497493744,0.4138301908969879,0.2583204507827759,0.4258358478546142,0.5123042464256287,0.6583186984062195,0.2222324162721634,0.6681315302848816,0.5636098980903625,0.8536321520805359,0.1667595952749252,0.9049317240715028,0.4335894882678985,0.8515084981918335,0.2913584113121032,0.8613163828849792,0.0,0.0,0.0,0.0,0.0,0.0,0.0,0.0,0.3619381785392761,0.4193291664123535
0.3606253564357757,0.2434485256671905,0.3849174380302429,0.2184327542781829,0.3430429399013519,0.2218247503042221,0.4277596175670624,0.2430064678192138,0.3243001103401184,0.2497752606868744,0.489461600780487,0.4246429800987243,0.2829132378101349,0.4355262219905853,0.5343802571296692,0.663861095905304,0.2448334991931915,0.6644707918167114,0.5780804753303528,0.8700157403945923,0.1859190613031387,0.9054432511329652,0.449957937002182,0.8501570820808411,0.3112547099590301,0.8628739714622498,0.0,0.0,0.0,0.0,0.0,0.0,0.0,0.0,0.3850851058959961,0.4299916923046112
0.4442098438739776,0.2776612937450409,0.4647700786590576,0.2531429827213287,0.4259780347347259,0.2582984566688537,0.5039175152778625,0.2792470753192901,0.4082947075366974,0.2935416996479034,0.5508733987808228,0.4566324353218078,0.3624952733516693,0.4541820585727691,0.5844316482543945,0.6821484565734863,0.3163198828697204,0.6713200211524963,0.6179370880126953,0.8716355562210083,0.2589659988880157,0.8831963539123535,0.5054172277450562,0.88055819272995,0.3711769580841064,0.8678399324417114,0.0,0.0,0.0,0.0,0.0,0.0,0.0,0.0,0.4557668268680572,0.4558950066566467
0.4843768179416656,0.3044731020927429,0.505320131778717,0.2795548737049103,0.4672002792358398,0.2833937406539917,0.5449039340019226,0.3083173930644989,0.4491347968578338,0.3132378756999969,0.5869083404541016,0.4830772280693054,0.4033549726009369,0.4664795100688934,0.6127656698226929,0.692087709903717,0.359165757894516,0.6713751554489136,0.6350388526916504,0.8774861693382263,0.3013838231563568,0.8702204823493958,0.5393515229225159,0.8796918988227844,0.4177062809467315,0.8693071007728577,0.0,0.0,0.0,0.0,0.0,0.0,0.0,0.0,0.4954717755317688,0.4739320576190948
0.4724694192409515,0.30116668343544,0.4937805831432342,0.2751098275184631,0.4557905793190002,0.2807489037513733,0.5370098352432251,0.2987111508846283,0.440217912197113,0.3095557391643524,0.5853748917579651,0.4699438214302063,0.4003172516822815,0.4659238755702972,0.6211544275283813,0.6824659109115601,0.3600197732448578,0.6715511083602905,0.6453467607498169,0.8793683052062988,0.3069587647914886,0.871330201625824,0.534697949886322,0.8709821701049805,0.4128694534301758,0.8666941523551941,0.0,0.0,0.0,0.0,0.0,0.0,0.0,0.0,0.4922987818717956,0.4666408002376556
0.4522090256214142,0.2865959107875824,0.4732871353626251,0.2586093544960022,0.4341694414615631,0.2637419700622558,0.5160775780677795,0.2782875001430511,0.418376475572586,0.2952359318733215,0.5653378963470459,0.4564911425113678,0.3766122758388519,0.4572648108005523,0.6035990715026855,0.6781274676322937,0.3369807302951813,0.6663942337036133,0.6322712302207947,0.8766710162162781,0.2822889685630798,0.875785768032074,0.5125288367271423,0.8782901763916016,0.3856167197227478,0.8637946844100952,0.0,0.0,0.0,0.0,0.0,0.0,0.0,0.0,0.4698337018489837,0.4562849104404449
0.36097052693367,0.2485388666391372,0.3841658532619476,0.2206746190786361,0.3427303731441498,0.2268799543380737,0.4289662837982178,0.2461214363574981,0.3241979479789734,0.2603244483470917,0.4922149181365967,0.4370975792407989,0.2806757092475891,0.4455755054950714,0.5324151515960693,0.6832990646362305,0.2388162463903427,0.6877676844596863,0.5730485916137695,0.8967049717903137,0.1715940535068512,0.9125871658325196,0.4290714561939239,0.8702438473701477,0.2819962799549103,0.8659810423851013,0.0,0.0,0.0,0.0,0.0,0.0,0.0,0.0,0.3848454356193542,0.4410392642021179
0.3632044494152069,0.2413127571344375,0.3869058489799499,0.2131361067295074,0.344670295715332,0.2197464704513549,0.4311903417110443,0.2387907356023788,0.32541424036026,0.2527223527431488,0.4971740841865539,0.4304994642734527,0.2855041325092315,0.4408998787403106,0.5433570146560669,0.670527994632721,0.2488522082567215,0.688222348690033,0.592278778553009,0.895429790019989,0.182793840765953,0.9240005612373352,0.4381939768791199,0.8659812211990356,0.2961981892585754,0.8524594902992249,0.0,0.0,0.0,0.0,0.0,0.0,0.0,0.0,0.3894166350364685,0.4355004727840423
0.4030997157096863,0.2306279391050338,0.4280733466148376,0.2000166624784469,0.3830872178077698,0.208262100815773,0.4753166735172272,0.2224069535732269,0.3665430247783661,0.2387039810419082,0.543086588382721,0.4176629483699798,0.3339926600456238,0.4352597594261169,0.5886791348457336,0.6557861566543579,0.2935767769813537,0.6703401803970337,0.6392192840576172,0.8877564668655396,0.2221766859292984,0.8985085487365723,0.4838647544384002,0.8665369153022766,0.3431974053382873,0.8551924824714661,0.0,0.0,0.0,0.0,0.0,0.0,0.0,0.0,0.4377660453319549,0.4266991913318634
0.4799902737140655,0.2160517126321792,0.5065898895263672,0.1857101768255233,0.4605660140514374,0.1938896030187606,0.5562229752540588,0.212033063173294,0.4445199966430664,0.2268883138895034,0.6192147135734558,0.4024222791194916,0.402965098619461,0.4161941111087799,0.6665034294128418,0.6538050770759583,0.36521115899086,0.6573041081428528,0.7086408734321594,0.8995110392570496,0.2869289219379425,0.8816075921058655,0.5617619156837463,0.8672170042991638,0.4138114154338836,0.8675695657730103,0.0,0.0,0.0,0.0,0.0,0.0,0.0,0.0,0.5106996297836304,0.4074870944023132
0.5277131199836731,0.2164798527956009,0.5533104538917542,0.187696948647499,0.5093011856079102,0.1940226256847381,0.6047344207763672,0.216109037399292,0.4907886385917663,0.2267040461301803,0.6641812920570374,0.4131458103656769,0.4501461684703827,0.4218308925628662,0.7086706757545471,0.6673113107681274,0.4082918167114258,0.6554560661315918,0.7393221259117126,0.904163420200348,0.334614485502243,0.884364664554596,0.6155640482902527,0.8696707487106323,0.4719058573246002,0.8822619318962097,0.0,0.0,0.0,0.0,0.0,0.0,0.0,0.0,0.5557968616485596,0.4177381992340088
0.5644993185997009,0.2190080881118774,0.589121401309967,0.1912366896867752,0.5449976325035095,0.1960654705762863,0.6347923874855042,0.2190873920917511,0.5255614519119263,0.2291189879179,0.6944435238838196,0.4083455204963684,0.4871112406253814,0.4246671497821808,0.7371774315834045,0.6625741720199585,0.4467511773109436,0.666296124458313,0.752348780632019,0.9041696190834044,0.3849019110202789,0.8705148100852966,0.6426988840103149,0.8812333941459656,0.4987945556640625,0.8704796433448792,0.0,0.0,0.0,0.0,0.0,0.0,0.0,0.0,0.5898860096931458,0.415894091129303
0.5774194002151489,0.2361683994531631,0.6010193824768066,0.211153507232666,0.5602318048477173,0.2161626666784286,0.6457605361938477,0.2422070801258087,0.5400021076202393,0.2518252432346344,0.7029760479927063,0.426799327135086,0.5035883188247681,0.4425047934055328,0.7468929290771484,0.6594705581665039,0.46816086769104,0.6618954539299011,0.7644187808036804,0.9018945693969728,0.4014372527599334,0.8765922784805298,0.6510507464408875,0.8828722834587097,0.5203139185905457,0.8702467679977417,0.0,0.0,0.0,0.0,0.0,0.0,0.0,0.0,0.6012409329414368,0.4340705871582031
0.5700796246528625,0.2971217632293701,0.5873028635978699,0.2685362994670868,0.5503990650177002,0.2808321118354797,0.6261467933654785,0.2853913307189941,0.535453736782074,0.3146719634532928,0.6977819204330444,0.4400264620780945,0.5170888900756836,0.4855829775333404,0.7481985688209534,0.6478583216667175,0.5043602585792542,0.6942445635795593,0.7918628454208374,0.8494778871536255,0.4620688557624817,0.8829412460327148,0.6722135543823242,0.8623229265213013,0.5525196194648743,0.8508009910583496,0.0,0.0,0.0,0.0,0.0,0.0,0.0,0.0,0.605009138584137,0.4626267850399017
0.6050127148628235,0.2985478043556213,0.6221666932106018,0.2734186947345733,0.5857498049736023,0.2822684049606323,0.6606718301773071,0.2922051250934601,0.569038987159729,0.3173404335975647,0.7258443236351013,0.4433529376983642,0.5494319200515747,0.4839799702167511,0.7751836180686951,0.651889979839325,0.5327609777450562,0.6920613646507263,0.8085116147994995,0.8422139883041382,0.4785235822200775,0.8719083070755005,0.6985918879508972,0.8517509698867798,0.5795854926109314,0.8517622947692871,0.0,0.0,0.0,0.0,0.0,0.0,0.0,0.0,0.6344577670097351,0.4629178047180176
0.6289715766906738,0.3070809543132782,0.646904468536377,0.2811367809772491,0.6099633574485779,0.2911969125270843,0.6861281991004944,0.2997489273548126,0.5959449410438538,0.3221127390861511,0.7446678280830383,0.4567852914333343,0.5676031112670898,0.4812312722206116,0.7893432974815369,0.6561018824577332,0.5441425442695618,0.683050274848938,0.8173643350601196,0.8544369339942932,0.4866392612457275,0.8618297576904297,0.7087627053260803,0.8531798124313354,0.5907899141311646,0.8630696535110474,0.0,0.0,0.0,0.0,0.0,0.0,0.0,0.0,0.6529930233955383,0.4696276783943176
0.6252683997154236,0.300640732049942,0.6420249938964844,0.2771905958652496,0.6054353713989258,0.2856922745704651,0.6758366227149963,0.2958283722400665,0.5873021483421326,0.3194807171821594,0.7344776391983032,0.4550461173057556,0.553210437297821,0.4784103333950043,0.7765661478042603,0.6614025831222534,0.5264037251472473,0.6871682405471802,0.8157839179039001,0.8525564074516296,0.4757319390773773,0.8693260550498962,0.7029184699058533,0.8524128794670105,0.5763857960700989,0.8628560304641724,0.0,0.0,0.0,0.0,0.0,0.0,0.0,0.0,0.6405808329582214,0.4669624269008636
0.5584763884544373,0.2953622043132782,0.5747636556625366,0.2709159255027771,0.5367985963821411,0.2807451784610748,0.6068450808525085,0.2883193790912628,0.5177136063575745,0.3133355975151062,0.6702533960342407,0.454331487417221,0.4853001236915588,0.4793646037578583,0.7093075513839722,0.6597493290901184,0.4606778621673584,0.6831080317497253,0.7541680335998535,0.8520137667655945,0.4088530838489532,0.8778340220451355,0.6352097392082214,0.848260223865509,0.504992663860321,0.8499872088432312,0.0,0.0,0.0,0.0,0.0,0.0,0.0,0.0,0.5750703811645508,0.4682488143444061
0.5114573240280151,0.2952208518981933,0.5301898121833801,0.2701098918914795,0.4918339848518371,0.2792590856552124,0.5645778179168701,0.2912478446960449,0.4739018976688385,0.3122627139091491,0.6210753321647644,0.4552368521690368,0.4407839179039001,0.4728732705116272,0.6594164967536926,0.6654386520385742,0.4110246002674103,0.6841392517089844,0.6903977990150452,0.8628637194633484,0.3615998923778534,0.8804540634155273,0.5828534960746765,0.8491379022598267,0.4619788825511932,0.8511255383491516,0.0,0.0,0.0,0.0,0.0,0.0,0.0,0.0,0.5291754007339478,0.4647606015205383
0.4973662495613098,0.2859678864479065,0.5171098113059998,0.2598342001438141,0.4765226542949676,0.2665470540523529,0.5516884922981262,0.2824644148349762,0.4560032188892364,0.3010432124137878,0.603438675403595,0.4546753466129303,0.4166319072246551,0.4636377394199371,0.6375295519828796,0.6742528080940247,0.3833496570587158,0.6814737915992737,0.6731851696968079,0.8670766949653625,0.3415322601795196,0.8869328498840332,0.5740399956703186,0.8499628901481628,0.4446153044700622,0.8649822473526001,0.0,0.0,0.0,0.0,0.0,0.0,0.0,0.0,0.5081823468208313,0.4592662453651428
0.5056427717208862,0.2762193083763122,0.5256046056747437,0.2537012696266174,0.4854881167411804,0.256856232881546,0.5571818351745605,0.2807252705097198,0.4617721736431122,0.2911135256290436,0.605096697807312,0.4544014632701874,0.4159785807132721,0.4575460255146026,0.636686384677887,0.6755164861679077,0.3832472860813141,0.6739568114280701,0.6753102540969849,0.8731588125228882,0.3378313183784485,0.8842258453369141,0.5695502161979675,0.8492276072502136,0.4367423355579376,0.8658069372177124,0.0,0.0,0.0,0.0,0.0,0.0,0.0,0.0,0.5091954469680786,0.4564993381500244
0.5277029871940613,0.231834277510643,0.5502724051475525,0.2093543708324432,0.508823573589325,0.2152731567621231,0.5913720726966858,0.2451549917459488,0.4874515831470489,0.2578264772891998,0.651550829410553,0.4278125762939453,0.4479532837867737,0.4431133866310119,0.6966155171394348,0.6587770581245422,0.4133675396442413,0.6775894165039062,0.7387418746948242,0.8709712028503418,0.3498216271400451,0.8967300057411194,0.6043723821640015,0.866994321346283,0.4657887816429138,0.8682107925415039,0.0,0.0,0.0,0.0,0.0,0.0,0.0,0.0,0.5474403500556946,0.4364864528179168
0.5433664917945862,0.221565380692482,0.5647405982017517,0.1959303468465805,0.5240302681922913,0.2043669670820236,0.6068053841590881,0.2254111468791961,0.5023236274719238,0.2444528490304947,0.6677230000495911,0.419462502002716,0.4574903547763824,0.432989627122879,0.7115306854248047,0.6621135473251343,0.4255386888980865,0.6748273968696594,0.7531284093856812,0.8804251551628113,0.367280900478363,0.8974687457084656,0.6192784905433655,0.8662031292915344,0.4787422716617584,0.8779192566871643,0.0,0.0,0.0,0.0,0.0,0.0,0.0,0.0,0.5621455311775208,0.4272336959838867
0.5360761284828186,0.2157284468412399,0.5576604008674622,0.1903201341629028,0.5149663090705872,0.1983916014432907,0.6009377241134644,0.2235578596591949,0.4922208786010742,0.2408700883388519,0.6560643315315247,0.4210378527641296,0.443815678358078,0.4238146841526031,0.6913644671440125,0.6586520075798035,0.4039148390293121,0.6545606851577759,0.7352288365364075,0.8867886662483215,0.3420663475990295,0.8888537287712097,0.6108687520027161,0.8478645086288452,0.4702970683574676,0.8481696844100952,0.0,0.0,0.0,0.0,0.0,0.0,0.0,0.0,0.5496984720230103,0.4228197038173675
0.5039330720901489,0.2160689830780029,0.5273929238319397,0.1914088428020477,0.4844100475311279,0.1964986026287078,0.5673888921737671,0.2228943109512329,0.4629902839660644,0.234387993812561,0.6222617030143738,0.4099207818508148,0.4142785668373108,0.419353723526001,0.666081428527832,0.6471391916275024,0.3756511509418487,0.6584199666976929,0.7122980952262878,0.8623889088630676,0.3210615515708923,0.8999851942062378,0.5872856974601746,0.8468097448348999,0.4477914869785309,0.8631959557533264,0.0,0.0,0.0,0.0,0.0,0.0,0.0,0.0,0.5180138945579529,0.4150580465793609
0.4862146079540252,0.2261334508657455,0.5087965726852417,0.1996252536773681,0.464017778635025,0.2053584158420562,0.5480616688728333,0.2304923236370086,0.4416427910327911,0.240978792309761,0.6035585403442383,0.4174058437347412,0.3948817849159241,0.4317399859428406,0.6472021341323853,0.6540228724479675,0.3643247187137604,0.6744648814201355,0.6922286152839661,0.8527541160583496,0.3152840435504913,0.9126094579696656,0.5742953419685364,0.8523645997047424,0.4379143416881561,0.8636857867240906,0.0,0.0,0.0,0.0,0.0,0.0,0.0,0.0,0.49951833486557,0.4230415523052215
0.4744389951229095,0.23936727643013,0.4956489503383636,0.2134652137756347,0.4545510709285736,0.2204512059688568,0.5331584811210632,0.2437409460544586,0.4332709312438965,0.2593003213405609,0.5896062254905701,0.4288946986198425,0.3904965817928314,0.4436952471733093,0.634495198726654,0.6581410765647888,0.3654762804508209,0.675480842590332,0.6819598078727722,0.8470931053161621,0.3226779103279114,0.9089582562446594,0.5729078054428101,0.8624886870384216,0.4352578222751617,0.8646700978279114,0.0,0.0,0.0,0.0,0.0,0.0,0.0,0.0,0.4885190427303314,0.435662031173706
0.4934589266777038,0.2611168026924133,0.5135353803634644,0.2366100847721099,0.4731390178203583,0.2439267486333847,0.5529924631118774,0.2665885984897613,0.4550928771495819,0.2876169383525848,0.6042914390563965,0.4484747350215912,0.4136205017566681,0.4564080238342285,0.64561927318573,0.6749250292778015,0.3803509771823883,0.6757486462593079,0.6896749138832092,0.8618696928024292,0.339027464389801,0.8900150656700134,0.5795559287071228,0.8515104055404663,0.4499851763248443,0.8642469048500061,0.0,0.0,0.0,0.0,0.0,0.0,0.0,0.0,0.507792055606842,0.4527115225791931
0.5269041657447815,0.2903153002262115,0.5445763468742371,0.2686456441879272,0.5073481798171997,0.2718292772769928,0.5747060775756836,0.2973519265651703,0.4836571216583252,0.3063038885593414,0.6140203475952148,0.4740724861621856,0.4336518347263336,0.4649371206760406,0.6462728381156921,0.6886582970619202,0.3992266058921814,0.6756080985069275,0.6831427216529846,0.8669565320014954,0.3635221421718597,0.8801760673522949,0.5810728073120117,0.8426749110221863,0.4664546847343445,0.8487381935119629,0.0,0.0,0.0,0.0,0.0,0.0,0.0,0.0,0.5233104825019836,0.4707120954990387
0.5302682518959045,0.3173455893993377,0.5490432381629944,0.2973519265651703,0.511604368686676,0.3007368147373199,0.577049732208252,0.324177473783493,0.4875332415103912,0.328337162733078,0.6090673208236694,0.4860095381736755,0.4388597309589386,0.4765845835208893,0.6320308446884155,0.6836141347885132,0.4052280783653259,0.6786423325538635,0.6556592583656311,0.8569197654724121,0.3768649995326996,0.8687512278556824,0.5784134268760681,0.831643283367157,0.4663701951503753,0.8349167704582214,0.0,0.0,0.0,0.0,0.0,0.0,0.0,0.0,0.5233038067817688,0.4830840229988098
0.5164211988449097,0.3245894908905029,0.5342492461204529,0.3060735762119293,0.4989410936832428,0.3077082633972168,0.5598477125167847,0.3295192718505859,0.4755067527294159,0.3330329954624176,0.5907508730888367,0.4833079278469085,0.4304261207580566,0.4796876907348633,0.6200774908065796,0.6697019338607788,0.3987298309803009,0.6788555383682251,0.65581214427948,0.8335148692131042,0.3770082294940948,0.8679643273353577,0.5645535588264465,0.8269257545471191,0.4582334458827972,0.8299446702003479,0.0,0.0,0.0,0.0,0.0,0.0,0.0,0.0,0.5093626976013184,0.4817709326744079
0.5086397528648376,0.3302125930786133,0.5257930755615234,0.3100846409797668,0.4898310303688049,0.3140127062797546,0.5518592000007629,0.331169992685318,0.467682272195816,0.3417661786079407,0.5847926735877991,0.4802655875682831,0.4268719553947449,0.486283540725708,0.6121020913124084,0.6660337448120117,0.3970837593078613,0.6830334663391113,0.6481953263282776,0.8237543702125549,0.3779434859752655,0.867878794670105,0.5637875199317932,0.8268949389457703,0.4559982120990753,0.8285314440727234,0.0,0.0,0.0,0.0,0.0,0.0,0.0,0.0,0.5055882334709167,0.4833753108978271
0.5208176970481873,0.327850341796875,0.5368117094039917,0.3097487390041351,0.5030177235603333,0.3130074143409729,0.5617700815200806,0.3335183262825012,0.4826035797595978,0.3410556316375732,0.5984309315681458,0.4835328757762909,0.4413566887378692,0.4856965839862823,0.6265698075294495,0.6713489890098572,0.4123329520225525,0.6814228892326355,0.6592826247215271,0.8384774327278137,0.3859342932701111,0.862608790397644,0.5781264305114746,0.8163949847221375,0.4713583886623382,0.827627956867218,0.0,0.0,0.0,0.0,0.0,0.0,0.0,0.0,0.519631564617157,0.4851230680942535
0.5605210065841675,0.3259038627147674,0.5779714584350586,0.3039931654930115,0.5411276817321777,0.3107297718524933,0.6052260398864746,0.3290867805480957,0.5222688317298889,0.3436403572559356,0.6379331946372986,0.4853784441947937,0.4775989949703216,0.4834159016609192,0.6663490533828735,0.6747283339500427,0.4437489211559295,0.676902174949646,0.7082778811454773,0.8473691344261169,0.4091818630695343,0.8584227561950684,0.6142058372497559,0.8320782780647278,0.5015273690223694,0.8332749009132385,0.0,0.0,0.0,0.0,0.0,0.0,0.0,0.0,0.5591611266136169,0.4844275116920471
0.5880221128463745,0.3237349390983581,0.6061927676200867,0.30485799908638,0.5708221793174744,0.3081904053688049,0.6333522200584412,0.3336988389492035,0.5494932532310486,0.3398671150207519,0.6653082966804504,0.4854868948459625,0.504187822341919,0.4800140857696533,0.6962704062461853,0.675261914730072,0.4669552445411682,0.6714980006217957,0.7464470267295837,0.8486169576644897,0.4341330230236053,0.8575659394264221,0.6485925316810608,0.8422220349311829,0.5348882079124451,0.8353328704833984,0.0,0.0,0.0,0.0,0.0,0.0,0.0,0.0,0.5851100087165833,0.4831306934356689
0.6100364327430725,0.316494733095169,0.6274787187576294,0.2963474094867706,0.5912938714027405,0.3002149760723114,0.6559482216835022,0.3266891837120056,0.5668691396713257,0.3335978984832763,0.6883306503295898,0.4836180508136749,0.521706223487854,0.4749700725078583,0.7236160039901733,0.6842092275619507,0.4847766458988189,0.6739314198493958,0.7728851437568665,0.8523613214492798,0.453155905008316,0.8499032855033875,0.6578882336616516,0.8443145155906677,0.5471957921981812,0.8339055180549622,0.0,0.0,0.0,0.0,0.0,0.0,0.0,0.0,0.6061924695968628,0.4790330529212951
0.6198564171791077,0.3050465583801269,0.639426589012146,0.2832825481891632,0.6020200848579407,0.2866898477077484,0.6710229516029358,0.3147931694984436,0.580071747303009,0.3193591237068176,0.7045878767967224,0.4783334732055664,0.530564546585083,0.4727091491222381,0.7350837588310242,0.6869403123855591,0.4943118989467621,0.6843766570091248,0.7748435735702515,0.8689157366752625,0.457588255405426,0.8680101633071899,0.6721064448356628,0.8607210516929626,0.5581896901130676,0.8463994264602661,0.0,0.0,0.0,0.0,0.0,0.0,0.0,0.0,0.6175035834312439,0.4753797948360443
0.6200496554374695,0.2832053303718567,0.6374527812004089,0.2582966983318329,0.600468099117279,0.2637422084808349,0.6690760850906372,0.2842636406421661,0.5778910517692566,0.2966998517513275,0.7109047174453735,0.456687718629837,0.5325555205345154,0.462934672832489,0.7472283244132996,0.671632707118988,0.502151370048523,0.6807672381401062,0.7902067303657532,0.8583150506019592,0.4653558135032654,0.8780633211135864,0.6863540410995483,0.8457423448562622,0.5684393048286438,0.8358055949211121,0.0,0.0,0.0,0.0,0.0,0.0,0.0,0.0,0.6216116547584534,0.4583904445171356
0.6191924214363098,0.2646120190620422,0.6374562382698059,0.2393199056386947,0.5980996489524841,0.2466461509466171,0.672303318977356,0.2700837254524231,0.5736024975776672,0.2847889363765716,0.7168776392936707,0.4455793499946594,0.5286258459091187,0.4553902447223663,0.7601789832115173,0.6697837114334106,0.5004547238349915,0.6806188821792603,0.8115779161453247,0.8528687357902527,0.4652818143367767,0.8831895589828491,0.6941617131233215,0.849997878074646,0.565974771976471,0.8474593758583069,0.0,0.0,0.0,0.0,0.0,0.0,0.0,0.0,0.6221657395362854,0.4499086439609527
0.6366671323776245,0.2438699007034301,0.6561018824577332,0.2187914401292801,0.6151534914970398,0.2240101844072342,0.6914828419685364,0.2509834468364715,0.5901402235031128,0.2640882134437561,0.743676483631134,0.4367923140525818,0.5405949950218201,0.4452376067638397,0.7806831002235413,0.6760101318359375,0.5107681751251221,0.6735672950744629,0.8388964533805847,0.8787730932235718,0.4674420058727264,0.8959272503852844,0.7149665951728821,0.8641610741615295,0.5760658383369446,0.8670437932014465,0.0,0.0,0.0,0.0,0.0,0.0,0.0,0.0,0.6412163376808167,0.4415416717529297
0.6717879176139832,0.2018477022647857,0.6923395991325378,0.1798273026943206,0.6514354944229126,0.1868204623460769,0.7355563044548035,0.2149494737386703,0.629673957824707,0.2284177988767624,0.800758421421051,0.4043901264667511,0.5810097455978394,0.4283408522605896,0.8493768572807312,0.6574822068214417,0.0,0.0,0.9070272445678712,0.8897725939750671,0.0,0.0,0.7744013071060181,0.8650045394897461,0.6222902536392212,0.8807801604270935,0.0,0.0,0.0,0.0,0.0,0.0,0.0,0.0,0.6874455809593201,0.4179647266864776
0.6907562613487244,0.1854466199874878,0.7137867212295532,0.1546196639537811,0.666333794593811,0.1677916049957275,0.7615556120872498,0.1884764432907104,0.6439499258995056,0.2114759534597396,0.8277279734611511,0.3832366466522217,0.5992403030395508,0.4196756184101105,0.891691267490387,0.6337236762046814,0.5754803419113159,0.6741037368774414,0.9526506066322328,0.897380530834198,0.5220626592636108,0.9047669172286988,0.7882242798805237,0.8787120580673218,0.6397590637207031,0.870728611946106,0.0,0.0,0.0,0.0,0.0,0.0,0.0,0.0,0.7127968072891235,0.4027681946754455
0.6822251677513123,0.1546078026294708,0.7079265713691711,0.126044824719429,0.6581767201423645,0.1380204260349273,0.762039303779602,0.1659261733293533,0.6347546577453613,0.1871223598718643,0.8271069526672363,0.3663966655731201,0.5866696238517761,0.3978559374809265,0.8875964879989624,0.6277864575386047,0.5585726499557495,0.6667638421058655,0.9505243897438048,0.9006544351577759,0.503300130367279,0.9132631421089172,0.7834609150886536,0.8691587448120117,0.6250326037406921,0.8812183141708374,0.0,0.0,0.0,0.0,0.0,0.0,0.0,0.0,0.7037711143493652,0.3825886845588684
0.661392867565155,0.1406290978193283,0.6867980360984802,0.1090037748217582,0.6369709372520447,0.1253748089075088,0.743344247341156,0.1440976560115814,0.6164965629577637,0.1748622357845306,0.8101415634155273,0.3618936240673065,0.5633734464645386,0.3872134089469909,0.8665205240249634,0.6360864043235779,0.5251708626747131,0.6587985157966614,0.9364529252052308,0.8997941613197327,0.4710154235363006,0.9214908480644226,0.7791715264320374,0.8702659606933594,0.6109234690666199,0.8831842541694641,0.0,0.0,0.0,0.0,0.0,0.0,0.0,0.0,0.6842065453529358,0.3748185634613037
0.6178158521652222,0.1196441724896431,0.6422752141952515,0.0861654952168464,0.5892533659934998,0.0992064028978347,0.6912633776664734,0.127521350979805,0.5559206604957581,0.1523642539978027,0.7585679292678833,0.3451803624629974,0.5085358023643494,0.378549724817276,0.8199496269226074,0.6299392580986023,0.4741280972957611,0.6640803217887878,0.8902003169059753,0.8848384618759155,0.4346159100532532,0.9529293775558472,0.7443374395370483,0.8836267590522766,0.5737108588218689,0.9062334895133972,0.0,0.0,0.0,0.0,0.0,0.0,0.0,0.0,0.6320895552635193,0.3598827421665191
0.5905698537826538,0.1137159019708633,0.6150832772254944,0.0810838267207145,0.5632027387619019,0.0925906971096992,0.6610310673713684,0.115736111998558,0.531734049320221,0.1496418267488479,0.7398573160171509,0.337367445230484,0.4897994697093963,0.3789951503276825,0.8026531338691711,0.6284966468811035,0.4580945372581482,0.6647228598594666,0.8805712461471558,0.8770473599433899,0.4233034253120422,0.9572626948356628,0.7404108047485352,0.8823197484016418,0.5658746957778931,0.9014819264411926,0.0,0.0,0.0,0.0,0.0,0.0,0.0,0.0,0.6122713088989258,0.3567390143871307
0.583558201789856,0.1115412265062332,0.6080058217048645,0.0789813920855522,0.5563631653785706,0.0908313319087028,0.653778612613678,0.1138432547450065,0.5260758996009827,0.1448109149932861,0.7356281280517578,0.3374030292034149,0.4795160591602325,0.3799587190151214,0.8014526963233948,0.6307984590530396,0.4527897536754608,0.6724295020103455,0.8835698962211609,0.8795800805091858,0.4203956723213196,0.9738565683364868,0.7308416366577148,0.8836563229560852,0.5571760535240173,0.916386902332306,0.0,0.0,0.0,0.0,0.0,0.0,0.0,0.0,0.6054825186729431,0.3579784035682678
0.5879601240158081,0.1041394621133804,0.6118301153182983,0.0712981671094894,0.5615273714065552,0.0846365541219711,0.6593910455703735,0.1048389300704002,0.5329879522323608,0.1375852078199386,0.739084780216217,0.3369978368282318,0.4820627272129059,0.3758359253406524,0.8035257458686829,0.6343767046928406,0.4561949074268341,0.6660602688789368,0.8852973580360413,0.8840470314025879,0.4168798625469208,0.973239004611969,0.7357598543167114,0.8832129240036011,0.5611022710800171,0.9161093831062316,0.0,0.0,0.0,0.0,0.0,0.0,0.0,0.0,0.6088297963142395,0.3545815050601959
0.617218554019928,0.0958652272820472,0.6435834765434265,0.0652068629860878,0.5891796350479126,0.073567233979702,0.6924346089363098,0.1109890937805175,0.5546587705612183,0.1341231614351272,0.7697713971138,0.3378604352474212,0.5083625316619873,0.3761367201805115,0.8361720442771912,0.6345053911209106,0.4765478670597076,0.6738213300704956,0.9113728404045104,0.901884138584137,0.4279415905475616,0.9795660972595216,0.757348895072937,0.8855168223381042,0.5702428817749023,0.9181795716285706,0.0,0.0,0.0,0.0,0.0,0.0,0.0,0.0,0.6370765566825867,0.3560927808284759
0.6520794034004211,0.0830557495355606,0.6799107193946838,0.0480505339801311,0.6241710782051086,0.0608234219253063,0.7335209846496582,0.0852123722434043,0.5936693549156189,0.1167287454009056,0.811973512172699,0.3263259530067444,0.5388051271438599,0.3684210181236267,0.8758355379104614,0.6291744112968445,0.5089645981788635,0.6698768734931946,0.9787349104881288,0.9049512147903442,0.4530570805072784,0.978275179862976,0.7949008941650391,0.8863701820373535,0.6041577458381653,0.9035358428955078,0.0,0.0,0.0,0.0,0.0,0.0,0.0,0.0,0.6725596189498901,0.3483810126781463
0.6576539874076843,0.0089285718277096,0.0,0.0,0.0,0.0,0.7574977278709412,0.0089285718277096,0.5933777689933777,0.0221775230020284,0.8402997851371765,0.2806937396526336,0.5278184413909912,0.3161502778530121,0.9116591215133668,0.6257827877998352,0.4893171489238739,0.669249951839447,0.0,0.0,0.429402619600296,0.991071343421936,0.0,0.0,0.5795153379440308,0.9373229742050172,0.0,0.0,0.0,0.0,0.0,0.0,0.0,0.0,0.6801091432571411,0.2975874543190002
0.0,0.0,0.0,0.0,0.0,0.0,0.0,0.0,0.5639849305152893,0.0173511896282434,0.8131466507911682,0.2635030448436737,0.4969258904457092,0.3047385811805725,0.8882079720497131,0.6117334365844727,0.4565566480159759,0.6628689765930176,0.0,0.0,0.4018745422363281,0.9910715222358704,0.0,0.0,0.0,0.0,0.0,0.0,0.0,0.0,0.0,0.0,0.0,0.0,0.6521640419960022,0.2830747067928314
0.0,0.0,0.0,0.0,0.0,0.0,0.0,0.0,0.5497199296951294,0.0089285718277096,0.810091495513916,0.2547249794006347,0.4820984899997711,0.2913137972354889,0.8882260918617249,0.6028577089309692,0.4381628334522247,0.6518659591674805,0.9838321805000304,0.9562069773674012,0.363452136516571,0.9784539937973022,0.0,0.0,0.5468584299087524,0.9399787783622742,0.0,0.0,0.0,0.0,0.0,0.0,0.0,0.0,0.6434897780418396,0.2736953198909759
0.0,0.0,0.0,0.0,0.0,0.0,0.549393355846405,0.0089285718277096,0.3983024656772613,0.0089285718277096,0.642462432384491,0.2722354829311371,0.3265265822410583,0.2953392565250397,0.7037290334701538,0.6154899597167969,0.2821503579616546,0.6485246419906616,0.7836441993713379,0.9789047241210938,0.206460565328598,0.978651523590088,0.6015085577964783,0.939232349395752,0.3810153901576996,0.9366039633750916,0.0,0.0,0.0,0.0,0.0,0.0,0.0,0.0,0.4820656478404999,0.2809107005596161
0.3826034069061279,0.0089285718277096,0.0,0.0,0.0,0.0,0.4865908622741699,0.0089285718277096,0.3276348412036896,0.0089285718277096,0.573613166809082,0.2818599641323089,0.2619554102420807,0.3017123639583587,0.6313241720199585,0.6191493272781372,0.2270904332399368,0.6567316651344299,0.7107570767402649,0.9230137467384338,0.1580789238214492,0.976676106452942,0.5415824055671692,0.9541547894477844,0.319619357585907,0.9387760162353516,0.0,0.0,0.0,0.0,0.0,0.0,0.0,0.0,0.4130794405937195,0.2907910645008087
0.3957610726356506,0.0089285718277096,0.0,0.0,0.0,0.0,0.4942117631435394,0.0089285718277096,0.3405558466911316,0.0193553827702999,0.5839632153511047,0.2868482768535614,0.2757861316204071,0.3024995923042297,0.6380204558372498,0.6197234392166138,0.2358654886484146,0.6500363945960999,0.7184060215950012,0.938543438911438,0.1641731709241867,0.9756577610969543,0.5435175895690918,0.9519609808921814,0.3307031691074371,0.9243744611740112,0.0,0.0,0.0,0.0,0.0,0.0,0.0,0.0,0.4258264005184173,0.2959600389003753
0.0,0.0,0.0,0.0,0.0,0.0,0.0,0.0,0.3733283579349518,0.0089285718277096,0.6102731823921204,0.2377140820026397,0.3022353053092956,0.2597794234752655,0.6715341806411743,0.5633813738822937,0.263432890176773,0.5964003205299377,0.7506374716758728,0.882411777973175,0.1820459216833114,0.9173629879951476,0.5571871995925903,0.868661105632782,0.3426583409309387,0.8684145212173462,0.0,0.0,0.0,0.0,0.0,0.0,0.0,0.0,0.4519433975219726,0.2482857853174209
0.0,0.0,0.0,0.0,0.0,0.0,0.0,0.0,0.0,0.0,0.2650271654129028,0.2383715957403183,0.0,0.0,0.0,0.0,0.0,0.0,0.0,0.0,0.0,0.0,0.0,0.0,0.0,0.0,0.0,0.0,0.0,0.0,0.0,0.0,0.0,0.0,0.0,0.0
0.0,0.0,0.0,0.0,0.0,0.0,0.0,0.0,0.0,0.0,0.5571553111076355,0.2328344732522964,0.2430490404367447,0.2402005195617675,0.6024373173713684,0.5460219383239746,0.2060121446847915,0.5702921152114868,0.6751807332038879,0.8472274541854858,0.126999095082283,0.9085279107093812,0.5087187886238098,0.847562849521637,0.2791212499141693,0.8328151106834412,0.0,0.0,0.0,0.0,0.0,0.0,0.0,0.0,0.399400383234024,0.2344491481781005
0.0,0.0,0.0,0.0,0.0,0.0,0.0,0.0,0.0,0.0,0.5322509407997131,0.2284644842147827,0.2297342866659164,0.2481062710285186,0.5899658203125,0.541522204875946,0.1988500356674194,0.5703331828117371,0.6700088381767273,0.8417768478393555,0.1189029365777969,0.9160286784172058,0.5039307475090027,0.8468698859214783,0.2837867140769958,0.8341057896614075,0.0,0.0,0.0,0.0,0.0,0.0,0.0,0.0,0.3798028826713562,0.2393012046813964
0.0,0.0,0.0,0.0,0.0,0.0,0.0,0.0,0.3548515141010284,0.0089285718277096,0.5833409428596497,0.2429311573505401,0.285264790058136,0.2483148723840713,0.6303988695144653,0.5573205351829529,0.2420764863491058,0.5681174993515015,0.696745753288269,0.8510618209838867,0.156315878033638,0.8831027150154114,0.510285496711731,0.8616853952407837,0.3082092404365539,0.8351000547409058,0.0,0.0,0.0,0.0,0.0,0.0,0.0,0.0,0.4304563403129577,0.2458632737398147
0.4114494323730469,0.0089285718277096,0.0,0.0,0.0,0.0,0.4972934126853943,0.0089285718277096,0.3605654835700989,0.0089285718277096,0.5778395533561707,0.2544331848621368,0.2835162580013275,0.2542127966880798,0.6162773370742798,0.565416157245636,0.2373651266098022,0.5747857689857483,0.6865198016166687,0.8529736399650574,0.1577741950750351,0.8889713883399963,0.5184710621833801,0.8475745916366577,0.3123404383659363,0.8349822759628296,0.0,0.0,0.0,0.0,0.0,0.0,0.0,0.0,0.4282013475894928,0.2534915506839752
0.0,0.0,0.0,0.0,0.0,0.0,0.4378538131713867,0.0089285718277096,0.3020866215229034,0.018397182226181,0.5109838843345642,0.2502182126045227,0.2287112772464752,0.2586683630943298,0.570654034614563,0.560030460357666,0.1865320652723312,0.5611233711242676,0.6540371179580688,0.8254614472389221,0.1025243997573852,0.8751005530357361,0.4557151198387146,0.8324575424194336,0.265695571899414,0.8117461204528809,0.0,0.0,0.0,0.0,0.0,0.0,0.0,0.0,0.3700480461120605,0.2540881335735321
0.0,0.0,0.0,0.0,0.0,0.0,0.3873303234577179,0.0089285718277096,0.2571021318435669,0.0089285718277096,0.4587560296058655,0.2557987570762634,0.1766773462295532,0.2532549798488617,0.50922030210495,0.5542646646499634,0.1366503983736038,0.576916515827179,0.5955113172531128,0.8120682835578918,0.061886016279459,0.8797875046730042,0.4297930896282196,0.8127325177192688,0.236226812005043,0.8279781937599182,0.0,0.0,0.0,0.0,0.0,0.0,0.0,0.0,0.3182642757892608,0.2531498670578003
0.313714325428009,0.0089285718277096,0.0,0.0,0.0,0.0,0.3957562446594238,0.0089285718277096,0.2587986886501312,0.0089285718277096,0.4649989306926727,0.2536754608154297,0.1858499348163604,0.2468965798616409,0.5108526349067688,0.5571997165679932,0.1406135112047195,0.5621786713600159,0.5910852551460266,0.814720630645752,0.0586960539221763,0.8665983080863953,0.4267169833183288,0.8146044611930847,0.2358161360025406,0.8292939066886902,0.0,0.0,0.0,0.0,0.0,0.0,0.0,0.0,0.3263342678546905,0.2493187040090561
0.332450121641159,0.0089285718277096,0.0,0.0,0.0,0.0,0.4155645072460174,0.0089285718277096,0.2822335958480835,0.0089285718277096,0.4831448495388031,0.2630852162837982,0.2002898007631302,0.2528912723064422,0.5264731049537659,0.5611490607261658,0.1539050638675689,0.567241907119751,0.6084756255149841,0.842933177947998,0.0698325410485267,0.8742098212242126,0.4299631118774414,0.8306626677513123,0.24046191573143,0.830561101436615,0.0,0.0,0.0,0.0,0.0,0.0,0.0,0.0,0.3444871306419372,0.2581048905849457
0.3418976962566376,0.0089285718277096,0.0,0.0,0.0,0.0,0.4219076037406921,0.0089285718277096,0.2954348921775818,0.0089285718277096,0.4927867949008941,0.2564473152160644,0.2104653120040893,0.2493063509464264,0.5354388356208801,0.5587960481643677,0.1634763479232788,0.5592621564865112,0.6144933700561523,0.8445417284965515,0.0765745788812637,0.8647106885910034,0.4336239695549011,0.8168646097183228,0.2388639152050018,0.815322756767273,0.0,0.0,0.0,0.0,0.0,0.0,0.0,0.0,0.3532975614070892,0.2545778453350067
0.0,0.0,0.0,0.0,0.0,0.0,0.4228009879589081,0.0089285718277096,0.293810099363327,0.0089285718277096,0.4976491332054138,0.2433352023363113,0.2138073742389679,0.2395462989807129,0.5445592999458313,0.5510590672492981,0.1661967188119888,0.546968936920166,0.623630702495575,0.8269640803337097,0.0786797627806663,0.852100670337677,0.4393824934959411,0.8173720240592957,0.2432094365358352,0.8145861029624939,0.0,0.0,0.0,0.0,0.0,0.0,0.0,0.0,0.3570639789104461,0.2417659312486648
0.0,0.0,0.0,0.0,0.0,0.0,0.4242818355560303,0.0089285718277096,0.2933717370033264,0.0089285718277096,0.5004318356513977,0.2376667410135269,0.2156207412481308,0.2362281531095504,0.5495796203613281,0.5441886186599731,0.1678820103406906,0.5422818660736084,0.6343083381652832,0.8027437329292297,0.0798342823982238,0.8519872426986694,0.4435975253582001,0.8150740265846252,0.2469040155410766,0.8130787014961243,0.0,0.0,0.0,0.0,0.0,0.0,0.0,0.0,0.3595133423805237,0.2370131462812423
0.3499906361103058,0.0089285718277096,0.0,0.0,0.0,0.0,0.4226759076118469,0.0089285718277096,0.2960753440856933,0.0089285718277096,0.5018276572227478,0.2427958250045776,0.2161303758621215,0.2473406493663787,0.5609999299049377,0.5587332248687744,0.1715084463357925,0.5580605268478394,0.645013689994812,0.8266900181770325,0.0846028998494148,0.8698350787162781,0.4574472606182098,0.827942430973053,0.2555833458900451,0.8156720995903015,0.0,0.0,0.0,0.0,0.0,0.0,0.0,0.0,0.3600940108299255,0.245000347495079
0.3791610896587372,0.0089285718277096,0.0,0.0,0.0,0.0,0.4689662754535675,0.0089285718277096,0.3318878710269928,0.0089285718277096,0.5412613153457642,0.2469262033700943,0.2650975883007049,0.259148359298706,0.60342937707901,0.5627380013465881,0.2196694910526275,0.556716799736023,0.6806503534317017,0.860104501247406,0.1190370470285415,0.868956446647644,0.4969947934150696,0.8478203415870667,0.2929874062538147,0.8347161412239075,0.0,0.0,0.0,0.0,0.0,0.0,0.0,0.0,0.4014149308204651,0.2525836229324341
0.0,0.0,0.0,0.0,0.0,0.0,0.5656656622886658,0.0089285718277096,0.4342518746852875,0.0089285718277096,0.6459693312644958,0.2296092361211776,0.3646080791950226,0.2480343282222747,0.712595522403717,0.5279974341392517,0.3074922263622284,0.5458745360374451,0.8041996359825134,0.8238948583602905,0.2121103256940841,0.8327351808547974,0.5582082867622375,0.8458170890808105,0.3686961531639099,0.8125079274177551,0.0,0.0,0.0,0.0,0.0,0.0,0.0,0.0,0.5031089186668396,0.2392029762268066
0.0,0.0,0.0,0.0,0.0,0.0,0.0,0.0,0.4434602260589599,0.0089285718277096,0.6609453558921814,0.2250466048717498,0.3771113455295563,0.2410862296819687,0.7207827568054199,0.5195437073707581,0.32387176156044,0.5280795693397522,0.8085571527481079,0.8248996138572693,0.2274569272994995,0.8236487507820129,0.5688270330429077,0.8475022315979004,0.3797356486320495,0.8102779984474182,0.0,0.0,0.0,0.0,0.0,0.0,0.0,0.0,0.5161365270614624,0.2331607639789581
0.4988143742084503,0.0089285718277096,0.0,0.0,0.0,0.0,0.5850246548652649,0.0089285718277096,0.4421887695789337,0.0089285718277096,0.6588425636291504,0.2186408340930938,0.3716396689414978,0.2344173938035965,0.717946469783783,0.5263964533805847,0.3185739517211914,0.5274566411972046,0.7936112284660339,0.8305912613868713,0.2230887413024902,0.8253137469291687,0.5803213119506836,0.8485236167907715,0.3889223933219909,0.8108416199684143,0.0,0.0,0.0,0.0,0.0,0.0,0.0,0.0,0.5147606134414673,0.2255329638719558
0.4872418940067291,0.0089285718277096,0.0,0.0,0.0,0.0,0.0,0.0,0.4343362152576446,0.0089285718277096,0.6545418500900269,0.206333041191101,0.3621380031108856,0.2269951999187469,0.7175198197364807,0.5253987908363342,0.3096258044242859,0.531323254108429,0.8003783226013184,0.8312872052192688,0.2173422276973724,0.826300323009491,0.5981515645980835,0.8332236409187317,0.3984060883522033,0.815298855304718,0.0,0.0,0.0,0.0,0.0,0.0,0.0,0.0,0.5081036686897278,0.2157413959503173
0.0,0.0,0.0,0.0,0.0,0.0,0.0,0.0,0.0,0.0,0.6784698367118835,0.1870768368244171,0.3896055519580841,0.2249057739973068,0.751133143901825,0.5056052803993225,0.3388880789279938,0.5304528474807739,0.8347541093826294,0.8218661546707153,0.2380739450454712,0.8292293548583984,0.628583550453186,0.8314744234085083,0.4257293343544006,0.8250761032104492,0.0,0.0,0.0,0.0,0.0,0.0,0.0,0.0,0.5316573977470398,0.2066499292850494
0.0,0.0,0.0,0.0,0.0,0.0,0.0,0.0,0.0,0.0,0.7350844144821167,0.1704967021942138,0.4409768581390381,0.2191423326730728,0.8181257247924805,0.4874386489391327,0.3974116146564483,0.5226132273674011,0.9038267731666564,0.8086399435997009,0.3018373548984527,0.8315973281860352,0.6844094395637512,0.8163166046142578,0.4800895750522613,0.8126883506774902,0.0,0.0,0.0,0.0,0.0,0.0,0.0,0.0,0.580620288848877,0.1960682868957519
0.0,0.0,0.0,0.0,0.0,0.0,0.0,0.0,0.5279565453529358,0.0089285718277096,0.7660266757011414,0.184012085199356,0.4721042811870575,0.2244606167078018,0.8410905003547668,0.4887885451316833,0.4266770184040069,0.5388607382774353,0.932425618171692,0.8311672806739807,0.3375322520732879,0.8274778723716736,0.691616415977478,0.829487144947052,0.4983094036579132,0.8132144212722778,0.0,0.0,0.0,0.0,0.0,0.0,0.0,0.0,0.6141957640647888,0.2060405313968658
0.0,0.0,0.0,0.0,0.0,0.0,0.0,0.0,0.520416796207428,0.0089285718277096,0.7556050419807434,0.1841900199651718,0.4714673459529876,0.2350753247737884,0.8273234367370605,0.4872402250766754,0.4261139929294586,0.5406984686851501,0.918982982635498,0.8349335789680481,0.3182728290557861,0.825708270072937,0.6853517293930054,0.8283217549324036,0.4905178248882293,0.8119654059410095,0.0,0.0,0.0,0.0,0.0,0.0,0.0,0.0,0.6071319580078125,0.2128380388021469
0.5297148823738098,0.0089285718277096,0.0,0.0,0.0,0.0,0.6303892731666565,0.0089285718277096,0.4875773787498474,0.0192319024354219,0.7081066370010376,0.2296157032251358,0.4298944473266601,0.2769702076911926,0.7836529612541199,0.534651517868042,0.3852434456348419,0.5759444832801819,0.8719115853309631,0.8525457978248596,0.2833897769451141,0.8760501146316528,0.6352524161338806,0.8695268630981445,0.4503090679645538,0.8682504892349243,0.0,0.0,0.0,0.0,0.0,0.0,0.0,0.0,0.5622028708457947,0.257349818944931
0.481234461069107,0.0461674816906452,0.5114682912826538,0.011875563301146,0.4618638455867767,0.0130245666950941,0.5682719349861145,0.0615301430225372,0.4395763278007507,0.0788804292678833,0.6547969579696655,0.28645721077919,0.3858116567134857,0.3194726109504699,0.7204636931419373,0.5804024934768677,0.3427388370037079,0.6215417981147766,0.8005892038345337,0.9086616635322572,0.2519940435886383,0.9075431823730468,0.6004403233528137,0.8891371488571167,0.418956309556961,0.884242832660675,0.0,0.0,0.0,0.0,0.0,0.0,0.0,0.0,0.5160502195358276,0.3049011528491974
0.4169359803199768,0.1393615305423736,0.4493863582611084,0.0980705097317695,0.3943407535552978,0.1092386692762374,0.5218105912208557,0.112051211297512,0.0,0.0,0.6164588332176208,0.317826360464096,0.366535872220993,0.3722363114356994,0.7077617049217224,0.6187120079994202,0.3458379209041595,0.6661733984947205,0.755917489528656,0.9280897378921508,0.2899963557720184,0.9409767389297484,0.6021243333816528,0.8811538815498352,0.4367418587207794,0.8842397332191467,0.0,0.0,0.0,0.0,0.0,0.0,0.0,0.0,0.4905950427055359,0.3439007103443146
0.4495613276958465,0.1631345003843307,0.4791714251041412,0.1153152212500572,0.4234265983104706,0.13047456741333,0.5552189946174622,0.1168349459767341,0.0,0.0,0.6592370271682739,0.3259764611721039,0.4087424278259277,0.378005713224411,0.7424578666687012,0.6284450888633728,0.390042096376419,0.6566663980484009,0.761311948299408,0.9550189971923828,0.326314240694046,0.9414206743240356,0.6339012384414673,0.8995813727378845,0.4706313610076904,0.8986526131629944,0.0,0.0,0.0,0.0,0.0,0.0,0.0,0.0,0.5322061777114868,0.3501512706279754
0.4535721838474273,0.1845176219940185,0.4824111461639404,0.1352685391902923,0.431542307138443,0.1498198211193084,0.5572630167007446,0.1326532959938049,0.0,0.0,0.65900719165802,0.3300624787807464,0.4348356127738952,0.383486807346344,0.7426949143409729,0.6340256333351135,0.4175143539905548,0.6582984924316406,0.0,0.0,0.3375554382801056,0.9325351715087892,0.6332468390464783,0.8695856928825378,0.4864838421344757,0.881612241268158,0.0,0.0,0.0,0.0,0.0,0.0,0.0,0.0,0.5465126633644104,0.3554102480411529
0.4051287174224853,0.1837055534124374,0.4349937736988067,0.1395995020866394,0.3853692412376404,0.154706135392189,0.5046411752700806,0.1411813497543335,0.0,0.0,0.5995226502418518,0.3262740969657898,0.3932212889194488,0.3950585722923279,0.6825398802757263,0.6303948760032654,0.3793944716453552,0.6685619950294495,0.6877500414848328,0.9535186886787416,0.3132916092872619,0.9404700398445128,0.5811934471130371,0.8688072562217712,0.4409924149513244,0.8689624071121216,0.0,0.0,0.0,0.0,0.0,0.0,0.0,0.0,0.4938919246196747,0.3608388006687164
0.3715275228023529,0.1894327700138092,0.4026902019977569,0.1503343880176544,0.3553106784820556,0.1628864258527755,0.4744226336479187,0.157892107963562,0.0,0.0,0.5690086483955383,0.3315155506134033,0.3675716519355774,0.4067338109016418,0.6455597281455994,0.6210170388221741,0.3602829873561859,0.6731030344963074,0.6547585129737854,0.9233654141426086,0.2954813539981842,0.9367576241493224,0.5550596117973328,0.8652990460395813,0.4184043109416961,0.8670557141304016,0.0,0.0,0.0,0.0,0.0,0.0,0.0,0.0,0.4652609825134277,0.3703334927558899
0.3428777158260345,0.1274048686027526,0.3720382153987884,0.086470678448677,0.3231229782104492,0.0995987504720687,0.4518320262432098,0.0955251231789588,0.0,0.0,0.5590949654579163,0.3049885630607605,0.3206837177276611,0.3769094944000244,0.6313546895980835,0.6114712953567505,0.2925819754600525,0.6665158271789551,0.6486092805862427,0.9573280215263368,0.2042040675878524,0.955041766166687,0.5065699815750122,0.9004942178726196,0.3482654392719269,0.8980502486228943,0.0,0.0,0.0,0.0,0.0,0.0,0.0,0.0,0.4376260638236999,0.3397083580493927
0.29534912109375,0.1156873106956482,0.3308918476104736,0.0739678815007209,0.2769415080547333,0.082706794142723,0.4080656468868255,0.084366850554943,0.0,0.0,0.5143185257911682,0.3159861862659454,0.2538419663906097,0.3709589838981628,0.5874027013778687,0.6179856061935425,0.2264774143695831,0.6679579019546509,0.6352433562278748,0.9560191035270692,0.1494217216968536,0.9768471121788024,0.4588086605072021,0.90392005443573,0.2875869870185852,0.9001043438911438,0.0,0.0,0.0,0.0,0.0,0.0,0.0,0.0,0.3816185295581817,0.3423478305339813
0.2082443088293075,0.1081192046403884,0.2424348145723343,0.0623437203466892,0.1861173808574676,0.0781187638640403,0.3229034841060638,0.0707421451807022,0.0,0.0,0.4322230517864227,0.3140936195850372,0.1408811062574386,0.3476846814155578,0.498151957988739,0.6190799474716187,0.1123711690306663,0.6531873345375061,0.559294581413269,0.9007765650749208,0.0523275211453437,0.956341564655304,0.3795618414878845,0.8994547128677368,0.1963803321123123,0.887415885925293,0.0,0.0,0.0,0.0,0.0,0.0,0.0,0.0,0.2830367684364319,0.3283300399780273
0.1851989030838012,0.1267415732145309,0.2186221778392791,0.0795520916581153,0.1595164239406585,0.0904865637421608,0.2936213314533233,0.0885581374168396,0.0,0.0,0.3996007144451141,0.3190805912017822,0.1036564633250236,0.352423757314682,0.4654551148414612,0.6154085993766785,0.0660410448908805,0.6715105175971985,0.527450442314148,0.8915440440177917,0.0150996018201112,0.9776376485824584,0.3641514480113983,0.885496199131012,0.1831079572439193,0.8876367807388306,0.0,0.0,0.0,0.0,0.0,0.0,0.0,0.0,0.25137659907341,0.3351988196372986
0.2144751697778701,0.1510042995214462,0.2477705627679824,0.1054267063736915,0.1867840737104416,0.112424686551094,0.3217262923717499,0.1228932216763496,0.1637501418590545,0.1426350176334381,0.3977921307086944,0.335492879152298,0.1144205331802368,0.3536588847637176,0.448875218629837,0.619810163974762,0.0612867511808872,0.6688036918640137,0.5129643082618713,0.8816408514976501,0.0145556973293423,0.9616766571998596,0.3629088699817657,0.8858345746994019,0.1852660030126571,0.8980802297592163,0.0,0.0,0.0,0.0,0.0,0.0,0.0,0.0,0.255117118358612,0.3420386910438537
0.2921986579895019,0.1772519499063491,0.325149804353714,0.1452019959688186,0.2677094042301178,0.1433926969766616,0.3783454895019531,0.1685410737991333,0.2363345623016357,0.1661509275436401,0.4270462095737457,0.3772139847278595,0.1668187081813812,0.3630082607269287,0.4555914103984833,0.6560467481613159,0.1017654910683631,0.6473698019981384,0.5108708739280701,0.8984002470970154,0.0566585250198841,0.941036820411682,0.3647069334983825,0.8987116813659668,0.2005757540464401,0.8996137976646423,0.0,0.0,0.0,0.0,0.0,0.0,0.0,0.0,0.3002503216266632,0.3633722364902496
0.384366899728775,0.2523379027843475,0.4161495268344879,0.2256020009517669,0.3647296726703644,0.2088403701782226,0.4448629319667816,0.2457813471555709,0.3193879425525665,0.2063917219638824,0.4421437680721283,0.4272246062755584,0.2147843092679977,0.3713781237602234,0.4499480128288269,0.6768386960029602,0.143249362707138,0.6402830481529236,0.5023903250694275,0.9028940200805664,0.0967767983675003,0.9395499229431152,0.3709903061389923,0.8684321641921997,0.2272797971963882,0.8690698742866516,0.0,0.0,0.0,0.0,0.0,0.0,0.0,0.0,0.3304935395717621,0.4014941751956939
0.4164566695690155,0.2645721435546875,0.4455148577690124,0.2417623102664947,0.3968592584133148,0.2179324179887771,0.4603824317455292,0.2715797424316406,0.344438225030899,0.2155267745256424,0.4438106715679168,0.4400181472301483,0.2385631948709488,0.3688428699970245,0.438680499792099,0.6869322657585144,0.1546994745731353,0.6337626576423645,0.4765958786010742,0.9079381227493286,0.1125383749604225,0.9509958624839784,0.3831271529197693,0.8814955353736877,0.2435570061206817,0.8808688521385193,0.0,0.0,0.0,0.0,0.0,0.0,0.0,0.0,0.3403403759002685,0.4070633947849273
0.4025178551673889,0.2378859966993332,0.4339580833911896,0.2125526815652847,0.3846932351589203,0.196162074804306,0.4594483077526092,0.2422191649675369,0.3389199078083038,0.2013334482908249,0.4399966299533844,0.425083726644516,0.2404739409685135,0.3679868280887604,0.4380454123020172,0.6791830062866211,0.160497635602951,0.6488116383552551,0.4947243630886078,0.88836270570755,0.1374953091144561,0.9743093848228456,0.3841871917247772,0.8650640845298767,0.2560394704341888,0.865009605884552,0.0,0.0,0.0,0.0,0.0,0.0,0.0,0.0,0.3399336338043213,0.3988957703113556
0.4561250507831573,0.2387001812458038,0.4866139888763428,0.2136440724134445,0.4382627308368683,0.1989083290100097,0.5141968131065369,0.241952583193779,0.3925926089286804,0.206314817070961,0.4970161020755768,0.4245057702064514,0.2956264615058899,0.3614427447319031,0.4911515712738037,0.6826600432395935,0.219098225235939,0.6348620057106018,0.5360676050186157,0.8855684399604797,0.1827199459075927,0.9765647649765016,0.4363827705383301,0.8489068746566772,0.2979345917701721,0.8495749235153198,0.0,0.0,0.0,0.0,0.0,0.0,0.0,0.0,0.3977220952510834,0.3944891989231109
0.5095813274383545,0.242927074432373,0.5404683351516724,0.2175914496183395,0.4907501637935638,0.2009786665439605,0.5687834620475769,0.2511990368366241,0.4490648210048675,0.2088700979948043,0.561792254447937,0.4272592067718506,0.3510007858276367,0.3685986399650574,0.5611183643341064,0.6793214082717896,0.2769361138343811,0.6344104409217834,0.6094165444374084,0.8986263275146484,0.2366561591625213,0.9178953766822816,0.4899011552333832,0.8658627271652222,0.3517861068248749,0.868430495262146,0.0,0.0,0.0,0.0,0.0,0.0,0.0,0.0,0.4582987129688263,0.4000876247882843
0.5048320889472961,0.2180130928754806,0.5361066460609436,0.1884745359420776,0.485931783914566,0.1794911473989486,0.5739062428474426,0.2181495577096939,0.4496268630027771,0.1942117661237716,0.584014892578125,0.4058927595615387,0.3661682605743408,0.3693318963050842,0.6052654385566711,0.6578148007392883,0.296025812625885,0.6310527920722961,0.6665576696395874,0.8863330483436584,0.2582409381866455,0.9255145788192748,0.5258756875991821,0.8652556538581848,0.384104311466217,0.8665886521339417,0.0,0.0,0.0,0.0,0.0,0.0,0.0,0.0,0.4766693413257599,0.3904574513435364
0.4740795791149139,0.1942280679941177,0.505329430103302,0.1622931808233261,0.4516420066356659,0.1591352522373199,0.550116240978241,0.1977991312742233,0.4210188090801239,0.1879639625549316,0.5859103798866272,0.3976496160030365,0.3495180606842041,0.3772453665733337,0.6177608370780945,0.6667736172676086,0.2913444340229034,0.6440101265907288,0.6897760033607483,0.8994811177253723,0.2430467903614044,0.9256216883659364,0.5411032438278198,0.912668228149414,0.3803478181362152,0.9002225995063782,0.0,0.0,0.0,0.0,0.0,0.0,0.0,0.0,0.4691567718982696,0.3868650496006012
0.4753837883472442,0.1890056878328323,0.5034001469612122,0.1549660414457321,0.4530117511749267,0.1583111733198166,0.5494971871376038,0.1908460855484008,0.4265704452991485,0.1942866593599319,0.6064274907112122,0.3915505409240722,0.3643672168254852,0.3874167501926422,0.6472839117050171,0.6767791509628296,0.3072229325771332,0.6481688618659973,0.7215761542320251,0.9146313667297364,0.2447070032358169,0.9190106391906738,0.5605754256248474,0.8845019936561584,0.397650271654129,0.8871133923530579,0.0,0.0,0.0,0.0,0.0,0.0,0.0,0.0,0.4841727912425995,0.389904260635376
0.5028751492500305,0.3419561982154846,0.5226301550865173,0.3249395191669464,0.4882614016532898,0.3222980499267578,0.5489455461502075,0.3513576686382293,0.4681212902069092,0.3462175726890564,0.5961576104164124,0.5009097456932068,0.4343976378440857,0.5068629384040833,0.6310431361198425,0.7012515068054199,0.393677681684494,0.6887328028678894,0.6673863530158997,0.8972640633583069,0.3430601954460144,0.8781197667121887,0.5583834052085876,0.8299201726913452,0.4457392990589142,0.8306072950363159,0.0,0.0,0.0,0.0,0.0,0.0,0.0,0.0,0.5113360285758972,0.5027270317077637
0.5008428692817688,0.3417368233203888,0.521712064743042,0.3253078758716583,0.4868461787700653,0.3208241760730743,0.5477133989334106,0.3544797003269195,0.4655979573726654,0.3445600569248199,0.5927833914756775,0.5039419531822205,0.4311459958553314,0.5107604265213013,0.6253542304039001,0.7057098150253296,0.3886536657810211,0.6941577792167664,0.6624689698219299,0.8986581563949585,0.3385642468929291,0.8823766708374023,0.5561786890029907,0.8324743509292603,0.4433472454547882,0.8331161737442017,0.0,0.0,0.0,0.0,0.0,0.0,0.0,0.0,0.5082839727401733,0.5067423582077026
0.4996838271617889,0.3414162993431091,0.5204675793647766,0.3251264095306396,0.4857852160930633,0.3204860985279083,0.5460895299911499,0.3553937971591949,0.4644108712673187,0.3446598351001739,0.590879499912262,0.5059634447097778,0.4291844069957733,0.5109760165214539,0.6216491460800171,0.7085458040237427,0.3851018249988556,0.6982696652412415,0.6607566475868225,0.8989310264587402,0.3364105224609375,0.8836594223976135,0.5533097386360168,0.8337175250053406,0.441563993692398,0.8342911601066589,0.0,0.0,0.0,0.0,0.0,0.0,0.0,0.0,0.5065046548843384,0.508090078830719
0.4983537197113037,0.3427949845790863,0.5194019675254822,0.3267610669136047,0.4843924939632416,0.3215340077877044,0.5445899963378906,0.3592125475406647,0.4622451364994049,0.3454540073871612,0.5884497761726379,0.5100406408309937,0.4262267649173736,0.5149000883102417,0.6193003058433533,0.7122294306755066,0.3811351656913757,0.7020167708396912,0.6573191285133362,0.902382791042328,0.3334905803203583,0.8848434090614319,0.549834668636322,0.8445278406143188,0.4383176863193512,0.847094714641571,0.0,0.0,0.0,0.0,0.0,0.0,0.0,0.0,0.5044155716896057,0.5124880075454712
0.4932723939418793,0.3422053754329681,0.5131178498268127,0.3256759345531463,0.4792414009571075,0.3208159804344177,0.5387660264968872,0.3588429987430572,0.4592230319976806,0.3459951877593994,0.5820803642272949,0.5136260390281677,0.4243623912334442,0.5139597058296204,0.6162114143371582,0.7176805138587952,0.3758889734745025,0.7055917382240295,0.652312159538269,0.9021891355514526,0.3291158974170685,0.8861870765686035,0.5416268110275269,0.8477011322975159,0.4339025616645813,0.8492489457130432,0.0,0.0,0.0,0.0,0.0,0.0,0.0,0.0,0.5007810592651367,0.5139106512069702
0.4880279898643493,0.3418223261833191,0.5084584951400757,0.3252325654029846,0.4734093248844147,0.3202137351036072,0.5330542922019958,0.3614883720874786,0.4533075988292694,0.34770268201828,0.5770571827888489,0.5138200521469116,0.4182115495204925,0.5163143873214722,0.6116309762001038,0.7189552187919617,0.3709733784198761,0.7105404138565063,0.6492713093757629,0.9031156301498412,0.3248609900474548,0.8879560828208923,0.5380576848983765,0.8477063179016113,0.4286102652549743,0.8494113683700562,0.0,0.0,0.0,0.0,0.0,0.0,0.0,0.0,0.4950334429740906,0.5152236223220825
0.4836207926273346,0.3412398397922516,0.505551278591156,0.3242930769920349,0.4680132567882538,0.3176012337207794,0.529133141040802,0.3611586093902588,0.4447584748268127,0.3445189893245697,0.5681177973747253,0.5112462639808655,0.4079141914844513,0.5124531388282776,0.6029971241950989,0.7137016654014587,0.3651263117790222,0.7019842863082886,0.6420067548751831,0.8998430967330933,0.3190130293369293,0.8879951238632202,0.5305204391479492,0.8448671102523804,0.4200588762760162,0.8460769057273865,0.0,0.0,0.0,0.0,0.0,0.0,0.0,0.0,0.4866420924663543,0.5115586519241333
0.470048725605011,0.3347480297088623,0.4904507100582123,0.3190882503986358,0.4552897810935974,0.3105407357215881,0.5101970434188843,0.3536836206912994,0.4300354421138763,0.3358798921108246,0.5449232459068298,0.5043288469314575,0.3860499858856201,0.5066410899162292,0.5786481499671936,0.714326024055481,0.3469706177711487,0.6932305693626404,0.6200253367424011,0.8918790817260742,0.3036501705646515,0.8893406987190247,0.516699492931366,0.8446795344352722,0.4055653214454651,0.8448004126548767,0.0,0.0,0.0,0.0,0.0,0.0,0.0,0.0,0.4658561646938324,0.5049670934677124
0.4490976333618164,0.3230281770229339,0.4706455171108246,0.3073230683803558,0.434574544429779,0.3007033169269562,0.4935347139835357,0.3495290279388428,0.4106000959873199,0.3325679004192352,0.532951295375824,0.4994989931583404,0.3680171370506286,0.5091478824615479,0.5721901059150696,0.7081866264343262,0.3363838195800781,0.7021928429603577,0.6169055700302124,0.8976048231124878,0.2954182624816894,0.89524906873703,0.5076181292533875,0.8446841835975647,0.3942188918590545,0.8379726409912109,0.0,0.0,0.0,0.0,0.0,0.0,0.0,0.0,0.4500056803226471,0.504247784614563
0.4420845508575439,0.3108527958393097,0.4636193811893463,0.2931674420833587,0.4258671700954437,0.2900040447711944,0.4916356205940246,0.3362220823764801,0.4031045138835907,0.3264999687671661,0.5349083542823792,0.4979313015937805,0.3597765862941742,0.5080686211585999,0.5729525685310364,0.7065866589546204,0.3283515274524688,0.7069953680038452,0.6207598447799683,0.9047130942344666,0.2837923467159271,0.9019017219543456,0.5047942399978638,0.8517939448356628,0.3859610259532928,0.8541809916496277,0.0,0.0,0.0,0.0,0.0,0.0,0.0,0.0,0.4462019801139831,0.5024997591972351
0.4408609867095947,0.287380963563919,0.4633083641529083,0.2682948410511017,0.4264228343963623,0.2669981718063354,0.4966998696327209,0.3148741722106933,0.4067809283733368,0.3042037189006805,0.540036678314209,0.4870433509349823,0.362735778093338,0.4960128962993622,0.5795716047286987,0.7101563215255737,0.3291560709476471,0.690499484539032,0.6284104585647583,0.9156199097633362,0.2774135768413543,0.8988129496574402,0.505848228931427,0.8506242036819458,0.3861835896968841,0.8521691560745239,0.0,0.0,0.0,0.0,0.0,0.0,0.0,0.0,0.4499478638172149,0.4902931749820709
0.4451322257518768,0.2695673108100891,0.4692613184452057,0.2527957856655121,0.4318224787712097,0.2488912791013717,0.5034266710281372,0.3057200610637665,0.411045104265213,0.2898987233638763,0.5481401681900024,0.4722737967967987,0.3730045855045318,0.4825450479984283,0.585239589214325,0.7053052186965942,0.3305497169494629,0.6912413239479065,0.6362137794494629,0.9198499917984008,0.272771269083023,0.89710533618927,0.5093406438827515,0.8668956160545349,0.38384610414505,0.8671026229858398,0.0,0.0,0.0,0.0,0.0,0.0,0.0,0.0,0.4594238698482513,0.4772610366344452
0.4475207328796386,0.2551473677158355,0.4740715324878692,0.237579733133316,0.4345352053642273,0.2341862171888351,0.5087939500808716,0.2917624115943908,0.4131707549095154,0.2765737473964691,0.5537415742874146,0.4619180262088775,0.3736647963523865,0.4729318022727966,0.5913926362991333,0.6979212164878845,0.328855037689209,0.6917179822921753,0.6440699696540833,0.9214112162590028,0.2675491273403168,0.8995438814163208,0.5119770765304565,0.8823782801628113,0.3822744488716125,0.8721984624862671,0.0,0.0,0.0,0.0,0.0,0.0,0.0,0.0,0.461770087480545,0.4669050872325897
0.4314239621162414,0.2407427728176117,0.4600595831871032,0.2245901525020599,0.4180614054203033,0.2201655805110931,0.4959100186824798,0.276130199432373,0.3982774913311004,0.2562373578548431,0.541160523891449,0.4521135985851288,0.3615134656429291,0.4689978659152984,0.5889503359794617,0.6962210536003113,0.3127139210700989,0.6913293600082397,0.6496604681015015,0.9236119389533995,0.2547121942043304,0.9005163908004761,0.4954188764095306,0.8839443922042847,0.363613873720169,0.8829638361930847,0.0,0.0,0.0,0.0,0.0,0.0,0.0,0.0,0.4487867057323456,0.4592649042606354
0.4127573668956756,0.2398480325937271,0.4422261416912079,0.2275592386722564,0.3993850350379944,0.2195270806550979,0.4729366600513458,0.2823320031166076,0.3775119185447693,0.2576034665107727,0.5162347555160522,0.4488633275032043,0.3369953632354736,0.4677234590053558,0.5676368474960327,0.6921616792678833,0.2895146906375885,0.6919804811477661,0.6315793395042419,0.9152821898460388,0.2329708039760589,0.8982397317886353,0.470419317483902,0.880771279335022,0.3370627760887146,0.880940854549408,0.0,0.0,0.0,0.0,0.0,0.0,0.0,0.0,0.4227963984012604,0.4567045569419861
0.3827476501464844,0.244089275598526,0.4091722965240478,0.2271502465009689,0.3675038814544678,0.2213668972253799,0.4451794028282165,0.2760674655437469,0.3457164168357849,0.2553534507751465,0.4911005795001983,0.4491679072380066,0.3122492730617523,0.4616771042346954,0.5408045053482056,0.6994515657424927,0.2625860869884491,0.6830187439918518,0.6091781258583069,0.9192326664924622,0.2017749696969986,0.9002363085746765,0.4362276494503021,0.8809634447097778,0.3050186038017273,0.8713110685348511,0.0,0.0,0.0,0.0,0.0,0.0,0.0,0.0,0.3989787995815277,0.4531879127025604
0.3479321599006653,0.2422700375318527,0.3752797544002533,0.2252441644668579,0.334811270236969,0.2184899002313614,0.4135799705982208,0.2743909955024719,0.3132195770740509,0.2456824779510498,0.4667203426361084,0.4487659335136413,0.2824152410030365,0.466318666934967,0.5189313292503357,0.7049008011817932,0.2305090874433517,0.6872822642326355,0.6028731465339661,0.9010830521583556,0.1661067754030227,0.9044523239135742,0.4205585122108459,0.8792825937271118,0.287684291601181,0.8718727827072144,0.0,0.0,0.0,0.0,0.0,0.0,0.0,0.0,0.3710297644138336,0.4551311135292053
0.3391664624214172,0.2345038205385208,0.3678451180458069,0.2135020941495895,0.3218751549720764,0.2120295315980911,0.4111577570438385,0.2654756009578705,0.3030045628547668,0.2483181804418563,0.468085765838623,0.443546324968338,0.2738849520683288,0.4636374115943908,0.5222505927085876,0.7015002369880676,0.2239561527967453,0.6912401914596558,0.6130475997924805,0.8732620477676392,0.1486517637968063,0.9071232676506042,0.4288511276245117,0.8682676553726196,0.283662736415863,0.8695712685585022,0.0,0.0,0.0,0.0,0.0,0.0,0.0,0.0,0.3679023087024688,0.4527831971645355
0.3503503799438476,0.2199668735265731,0.3767096698284149,0.19831183552742,0.3323527872562408,0.2004512548446655,0.421766072511673,0.2451786249876022,0.3158168494701385,0.2399073094129562,0.4785762727260589,0.4415006041526794,0.2843440473079681,0.4617618918418884,0.541033923625946,0.70488440990448,0.2269029170274734,0.7000593543052673,0.6229541897773743,0.889286458492279,0.14949332177639,0.9070468544960022,0.431055873632431,0.8824301362037659,0.2908189594745636,0.8837594985961914,0.0,0.0,0.0,0.0,0.0,0.0,0.0,0.0,0.3802706599235534,0.449627548456192
0.3619449734687805,0.1988138407468795,0.3912722170352936,0.1797700822353363,0.344442069530487,0.1830825060606002,0.4391071498394012,0.2347429543733596,0.3267423212528229,0.2293308824300766,0.5023571848869324,0.4335195124149322,0.2895870208740234,0.4528822302818298,0.552647054195404,0.703850269317627,0.2392146289348602,0.6885900497436523,0.6287910342216492,0.9117298722267152,0.1630214601755142,0.9077419638633728,0.4495055973529815,0.879705011844635,0.3011306822299957,0.8843909502029419,0.0,0.0,0.0,0.0,0.0,0.0,0.0,0.0,0.3938278257846832,0.4401633739471435
0.3783919811248779,0.1924257725477218,0.4086150527000427,0.1733560562133789,0.36050745844841,0.1743795126676559,0.4536402523517608,0.2310285419225692,0.3425080478191376,0.2260928899049759,0.5139156579971313,0.433180034160614,0.3056410253047943,0.4494123160839081,0.5635201334953308,0.7056225538253784,0.2464184910058975,0.6979933977127075,0.6385010480880737,0.9252992868423462,0.1699122935533523,0.920894205570221,0.4695634841918945,0.8863958716392517,0.3154787123203277,0.9003118276596069,0.0,0.0,0.0,0.0,0.0,0.0,0.0,0.0,0.4067777693271637,0.4385037720203399
0.3890511095523834,0.1882306039333343,0.4189533293247223,0.1665550619363784,0.3695917427539825,0.1678485870361328,0.466782808303833,0.2246085703372955,0.3507997691631317,0.2212338000535965,0.522651195526123,0.4257530272006988,0.3159201443195343,0.4516245424747467,0.5755522847175598,0.7043665051460266,0.2600100934505462,0.6901105046272278,0.6471470594406128,0.943925678730011,0.1819996386766433,0.9213305711746216,0.4827211201190948,0.90120130777359,0.3258993625640869,0.9046396017074584,0.0,0.0,0.0,0.0,0.0,0.0,0.0,0.0,0.4153349995613098,0.4372836053371429
0.3859037756919861,0.199834331870079,0.4150792956352234,0.1780797243118286,0.3688732087612152,0.1788405328989029,0.4630748629570007,0.2298095226287841,0.3514222800731659,0.2252732217311859,0.518765926361084,0.425245851278305,0.3227908909320831,0.4496757388114929,0.5709108114242554,0.7030839920043945,0.2717278301715851,0.6881219744682312,0.628868043422699,0.9362168908119202,0.2041554152965545,0.9043936729431152,0.4711975753307342,0.9029465913772584,0.3238245844841003,0.9033983945846558,0.0,0.0,0.0,0.0,0.0,0.0,0.0,0.0,0.4159498810768127,0.4371128678321838
0.3768033981323242,0.2203533947467804,0.4042852520942688,0.1996049433946609,0.3620018661022186,0.1996850967407226,0.4490082263946533,0.2461225986480713,0.3413401246070862,0.2415062189102172,0.504660964012146,0.4404458999633789,0.3151340186595917,0.45634526014328,0.5520907044410706,0.7001820206642151,0.2698094546794891,0.6918438076972961,0.6003904938697815,0.9168608784675598,0.2049246281385421,0.915479063987732,0.4476448595523834,0.8705209493637085,0.3134270012378692,0.8825720548629761,0.0,0.0,0.0,0.0,0.0,0.0,0.0,0.0,0.4047319293022156,0.4468570351600647
0.3703575134277344,0.2347132414579391,0.3963018357753753,0.2141927033662796,0.3532671928405761,0.214538961648941,0.4386079907417297,0.2619020342826843,0.3330656886100769,0.2581086158752441,0.4936657249927521,0.4474874436855316,0.3057791590690613,0.4615373313426971,0.5395199060440063,0.7011541128158569,0.2608234584331512,0.694130539894104,0.5894849896430969,0.9150744080543518,0.208353966474533,0.914559006690979,0.4484798610210418,0.8792204856872559,0.3135240375995636,0.8813315629959106,0.0,0.0,0.0,0.0,0.0,0.0,0.0,0.0,0.3971318304538727,0.4525642096996307
0.3790977895259857,0.2600996792316437,0.4028151035308838,0.2387907654047012,0.3626160323619842,0.2403645813465118,0.4427180588245392,0.2766182720661163,0.3462918698787689,0.2785210311412811,0.4948702156543731,0.4531357586383819,0.3200752437114715,0.473160982131958,0.5438873171806335,0.6920256614685059,0.2668232321739197,0.6913828253746033,0.60419762134552,0.9057044386863708,0.2101844847202301,0.8979612588882446,0.4460024833679199,0.8498960733413696,0.3201936781406402,0.8620362877845764,0.0,0.0,0.0,0.0,0.0,0.0,0.0,0.0,0.4045282006263733,0.4599266946315765
0.3972989022731781,0.2810716032981872,0.4184463918209076,0.2574328780174255,0.3812803328037262,0.2622601687908172,0.464546263217926,0.2893830835819244,0.3675817549228668,0.2973577976226806,0.5205787420272827,0.4592789113521576,0.35378098487854,0.4789324700832367,0.5664701461791992,0.6947653889656067,0.2974689602851867,0.6838944554328918,0.619767963886261,0.9092374444007874,0.2289239913225174,0.8962549567222595,0.4693172872066498,0.8518953919410706,0.3486705720424652,0.847104549407959,0.0,0.0,0.0,0.0,0.0,0.0,0.0,0.0,0.4347636103630066,0.4703921973705292
0.4258825480937958,0.2996332049369812,0.4468168914318084,0.2728917300701141,0.4081569612026214,0.2820188701152801,0.4935738444328308,0.3005936741828918,0.39676234126091,0.3166231513023376,0.5510649681091309,0.4822404682636261,0.3814757168292999,0.4982444643974304,0.5967788100242615,0.7083104848861694,0.326048344373703,0.6965662837028503,0.6488938927650452,0.9217608571052552,0.2515137791633606,0.9076806902885436,0.504919707775116,0.8780921697616577,0.3841881155967712,0.8658372163772583,0.0,0.0,0.0,0.0,0.0,0.0,0.0,0.0,0.4646410346031189,0.4893223643302917
0.4648622870445251,0.3235576152801513,0.4844675958156585,0.2971165478229522,0.4508840441703796,0.3021959960460663,0.5290760397911072,0.3244347274303436,0.4391450583934784,0.3293854892253876,0.5879077315330505,0.4944676458835602,0.4236542582511902,0.5015536546707153,0.6215021014213562,0.7173811197280884,0.3804069459438324,0.6955466270446777,0.6473755836486816,0.9195915460586548,0.3178522884845733,0.8936697244644165,0.5432721376419067,0.8541435599327087,0.4278028011322021,0.8643462061882019,0.0,0.0,0.0,0.0,0.0,0.0,0.0,0.0,0.5013291835784912,0.4954870343208313
0.4775237441062927,0.3308872282505035,0.4985738396644592,0.3046816885471344,0.4653787016868591,0.3098754286766052,0.5410638451576233,0.3305687606334686,0.0,0.0,0.594878077507019,0.4955061376094818,0.4366687834262848,0.5056647658348083,0.6213827729225159,0.7102638483047485,0.4024226367473602,0.6853951811790466,0.6441589593887329,0.914800465106964,0.3458082377910614,0.8848577737808228,0.5500255227088928,0.8491939902305603,0.4392708241939544,0.8507696390151978,0.0,0.0,0.0,0.0,0.0,0.0,0.0,0.0,0.5117823481559753,0.4987023174762726
0.4946980774402618,0.3417153358459472,0.5157848596572876,0.3230061829090118,0.482144296169281,0.3219298720359802,0.5504921674728394,0.3511927127838135,0.4681615233421325,0.3469619750976562,0.5947297215461731,0.5042418241500854,0.4367000758647918,0.5099735260009766,0.6193260550498962,0.7107416987419128,0.4060902595520019,0.6964935064315796,0.6353340148925781,0.9014242887496948,0.3762493133544922,0.8850341439247131,0.554495096206665,0.8362356424331665,0.4463267922401428,0.847775936126709,0.0,0.0,0.0,0.0,0.0,0.0,0.0,0.0,0.5128514170646667,0.5059205889701843
0.4963847994804382,0.3497567772865295,0.5173211693763733,0.3338947892189026,0.4839285910129547,0.3293397426605224,0.5449804663658142,0.3680591285228729,0.4651067852973938,0.3528738021850586,0.5856238603591919,0.5139402747154236,0.4304315149784088,0.5191584229469299,0.6116370558738708,0.7120167016983032,0.403587281703949,0.7027559876441956,0.6231575608253479,0.887479305267334,0.3824564814567566,0.8857659101486206,0.5505852103233337,0.8452997803688049,0.4481083452701568,0.8489870429039001,0.0,0.0,0.0,0.0,0.0,0.0,0.0,0.0,0.5059449076652527,0.5157537460327148
0.4860400259494781,0.3592948019504547,0.504841148853302,0.3411927819252014,0.4742316603660583,0.340311586856842,0.5322016477584839,0.3710474967956543,0.4601130187511444,0.3655220866203308,0.5810299515724182,0.5186241865158081,0.4272255599498749,0.5272096991539001,0.6129140853881836,0.7107067704200745,0.4059140086174011,0.7121146321296692,0.6330621838569641,0.8797900080680847,0.3978702127933502,0.893471360206604,0.564229428768158,0.8457040190696716,0.4612120687961578,0.8515209555625916,0.0,0.0,0.0,0.0,0.0,0.0,0.0,0.0,0.5020230412483215,0.5216357707977295
0.4957834780216217,0.3597283065319061,0.5128608345985413,0.3408539593219757,0.4824258983135223,0.341833084821701,0.5416143536567688,0.3653836846351623,0.4676994681358337,0.3680691719055176,0.5930027961730957,0.5104015469551086,0.4352712631225586,0.5310437083244324,0.6296891570091248,0.7010795474052429,0.4216835796833038,0.7121328115463257,0.6546792387962341,0.8673987984657288,0.4191816449165344,0.8862077593803406,0.583896815776825,0.8192188143730164,0.4766076207160949,0.8335276246070862,0.0,0.0,0.0,0.0,0.0,0.0,0.0,0.0,0.5117650628089905,0.5205486416816711
0.521342396736145,0.3626559376716614,0.5373803377151489,0.3425582945346832,0.5078766942024231,0.3481793701648712,0.5681145191192627,0.3689264357089996,0.4946357309818268,0.3807666003704071,0.6202520728111267,0.5094278454780579,0.4654021859169006,0.5268048644065857,0.6490346193313599,0.6974435448646545,0.4492354393005371,0.7065295577049255,0.6747400164604187,0.8683378100395203,0.4464979171752929,0.8775596022605896,0.6066173911094666,0.8259515166282654,0.5018273591995239,0.8281054496765137,0.0,0.0,0.0,0.0,0.0,0.0,0.0,0.0,0.5413582921028137,0.5171220898628235
0.5606420040130615,0.3683728277683258,0.576390266418457,0.3465674221515655,0.5443535447120667,0.3528431951999664,0.606604278087616,0.3642973601818084,0.5306969285011292,0.3825370371341705,0.6658628582954407,0.5170212984085083,0.5086016058921814,0.5319823622703552,0.6865538954734802,0.701461911201477,0.4890465140342712,0.7044129967689514,0.7116256952285767,0.8726766705513,0.4729662537574768,0.8799899220466614,0.6462246179580688,0.8288010358810425,0.5432806015014648,0.828811764717102,0.0,0.0,0.0,0.0,0.0,0.0,0.0,0.0,0.585590660572052,0.5244192481040955
0.6293599009513855,0.3689207732677459,0.6461513638496399,0.3481782078742981,0.6152825355529785,0.3539363741874695,0.6777767539024353,0.3678435683250427,0.6028441190719604,0.382556289434433,0.7333841919898987,0.5160675644874573,0.5778464078903198,0.5254925489425659,0.760460376739502,0.706405758857727,0.5571004152297974,0.7064419984817505,0.7863993048667908,0.8803237676620483,0.5409101843833923,0.8751155734062195,0.7075009346008301,0.8328064680099487,0.6010770797729492,0.8330302834510803,0.0,0.0,0.0,0.0,0.0,0.0,0.0,0.0,0.6520008444786072,0.5202303528785706
0.6541103720664978,0.3689825534820556,0.6723324060440063,0.3499403297901153,0.6419182419776917,0.3547255396842956,0.7071728110313416,0.3722843527793884,0.6294401288032532,0.3824299871921539,0.7561368942260742,0.5187160968780518,0.6027222275733948,0.5287961363792419,0.7890612483024597,0.706146776676178,0.5824349522590637,0.701551079750061,0.8137311935424805,0.8803722262382507,0.5662792325019836,0.8624984622001648,0.727134644985199,0.8290401101112366,0.620776355266571,0.8306813836097717,0.0,0.0,0.0,0.0,0.0,0.0,0.0,0.0,0.6781318783760071,0.523014485836029
0.6798726320266724,0.3774624764919281,0.6976314783096313,0.3592598438262939,0.6678086519241333,0.3593447804450989,0.7251943945884705,0.3840561807155609,0.6512858271598816,0.3828840255737304,0.7677742838859558,0.5260201692581177,0.6239580512046814,0.5359427332878113,0.801199734210968,0.7056779861450195,0.5992661714553833,0.7036758065223694,0.8290517926216125,0.8839901089668274,0.5789607167243958,0.860363781452179,0.7392793893814087,0.8358514904975891,0.6377039551734924,0.8458315134048462,0.0,0.0,0.0,0.0,0.0,0.0,0.0,0.0,0.6950915455818176,0.5290039777755737
0.6996743083000183,0.3987807929515838,0.7155428528785706,0.3818408846855163,0.6882935762405396,0.381603330373764,0.7403640747070312,0.405467540025711,0.6743296980857849,0.403676688671112,0.7810772061347961,0.5370582342147827,0.648669421672821,0.5447713136672974,0.8154621124267578,0.7055651545524597,0.6220135688781738,0.6991737484931946,0.8539095520973206,0.8700402975082397,0.5932934880256653,0.8487468361854553,0.756914496421814,0.8288505673408508,0.6677936911582947,0.8310838341712952,0.0,0.0,0.0,0.0,0.0,0.0,0.0,0.0,0.7139310836791992,0.5387731194496155
0.7031091451644897,0.4042495787143707,0.7201452851295471,0.3882357776165008,0.6923549771308899,0.3885985314846039,0.7463933229446411,0.4157622754573822,0.6807907223701477,0.4132863879203796,0.7885481119155884,0.5416131615638733,0.661332905292511,0.5493531823158264,0.8297648429870605,0.7095166444778442,0.6324530839920044,0.6996486783027649,0.8719411492347717,0.8677654266357422,0.600242555141449,0.8519611358642578,0.769014835357666,0.8299984335899353,0.6822905540466309,0.8277028799057007,0.0,0.0,0.0,0.0,0.0,0.0,0.0,0.0,0.7248775362968445,0.5442261099815369
0.7161699533462524,0.4046003222465515,0.7313558459281921,0.3884598612785339,0.7038387060165405,0.3903665542602539,0.7574819326400757,0.4111373424530029,0.6915361285209656,0.414502888917923,0.8045210838317871,0.5362498164176941,0.6762595176696777,0.549586832523346,0.8455843329429626,0.7000648379325867,0.645885169506073,0.7010470628738403,0.8900917172431946,0.8534502387046814,0.612106204032898,0.844935417175293,0.7882968187332153,0.8265396356582642,0.6989817023277283,0.8181161880493164,0.0,0.0,0.0,0.0,0.0,0.0,0.0,0.0,0.7398967146873474,0.5420293211936951
0.7371941208839417,0.4113513827323913,0.7525392174720764,0.3945470750331878,0.7260242700576782,0.3969979882240295,0.7821412682533264,0.4175519645214081,0.7168899774551392,0.4217260181903839,0.8273876905441284,0.5411662459373474,0.7054319381713867,0.5487502813339233,0.8667556643486023,0.7064757347106934,0.671785295009613,0.694075882434845,0.9135645627975464,0.8612139821052551,0.628633975982666,0.8326906561851501,0.8074789047241211,0.8279050588607788,0.7156264185905457,0.8292388916015625,0.0,0.0,0.0,0.0,0.0,0.0,0.0,0.0,0.7647462487220764,0.5450085997581482
0.7479494214057922,0.4074988663196563,0.7628957629203796,0.3898520171642303,0.7376512885093689,0.3917292058467865,0.7950323820114136,0.4110045135021209,0.7279083132743835,0.4125644564628601,0.8399971127510071,0.5323757529258728,0.7200874090194702,0.541092038154602,0.8786005973815918,0.6992914080619812,0.6817610859870911,0.6904309988021851,0.9248166084289552,0.8596151471138,0.6336144208908081,0.8238261342048645,0.816224217414856,0.825861394405365,0.7278748154640198,0.8252935409545898,0.0,0.0,0.0,0.0,0.0,0.0,0.0,0.0,0.7784405946731567,0.5364111661911011
0.7528820037841797,0.4063545167446136,0.7689606547355652,0.3891793191432953,0.744886040687561,0.3905649483203888,0.8023750185966492,0.4109938144683838,0.0,0.0,0.8475958704948425,0.534718930721283,0.7251817584037781,0.5401687622070312,0.8839369416236877,0.7036077380180359,0.6897653341293335,0.6847231984138489,0.927750289440155,0.8581286072731018,0.6373544931411743,0.8093858957290649,0.8239970207214355,0.8124527931213379,0.7324804663658142,0.8101778626441956,0.0,0.0,0.0,0.0,0.0,0.0,0.0,0.0,0.7849498987197876,0.5372876524925232
0.7534704208374023,0.4102919101715088,0.7692760825157166,0.3934870362281799,0.7435606718063354,0.3947374522686004,0.7999504804611206,0.4141073822975158,0.7328048944473267,0.4138202965259552,0.8439849615097046,0.5340813994407654,0.7222234606742859,0.5418053865432739,0.8783200979232788,0.696780264377594,0.6846514344215393,0.6842558979988098,0.9168132543563844,0.8480969667434692,0.633893609046936,0.8119853734970093,0.8231813311576843,0.8089454770088196,0.7299233078956604,0.8082796335220337,0.0,0.0,0.0,0.0,0.0,0.0,0.0,0.0,0.7812720537185669,0.5381754636764526
0.7420724630355835,0.4153000712394714,0.7570396661758423,0.4004656672477722,0.731331467628479,0.4008852541446686,0.7842730283737183,0.4234562814235687,0.7205358147621155,0.4231148064136505,0.823756992816925,0.5394951701164246,0.7070504426956177,0.5459949970245361,0.8617486357688904,0.7032213807106018,0.6683176159858704,0.6869760155677795,0.8992606401443481,0.8515414595603943,0.6201426386833191,0.8241599798202515,0.8066850900650024,0.8137508630752563,0.7139981985092163,0.8155975341796875,0.0,0.0,0.0,0.0,0.0,0.0,0.0,0.0,0.7642681002616882,0.5429507493972778
0.719405472278595,0.4222734570503235,0.7351050972938538,0.4058868587017059,0.7091085314750671,0.4083857834339142,0.7622578740119934,0.4295013844966888,0.698135256767273,0.432304322719574,0.8016192317008972,0.543152391910553,0.6851945519447327,0.5560169816017151,0.8435219526290894,0.7019574046134949,0.6504195928573608,0.6920055747032166,0.8801431059837341,0.8485193848609924,0.6052528619766235,0.8251789808273315,0.7863176465034485,0.8232561945915222,0.696118175983429,0.8151993751525879,0.0,0.0,0.7015958428382874,0.9910714030265808,0.0,0.0,0.0,0.0,0.7426494359970093,0.5495474934577942
0.699869692325592,0.4311212003231048,0.7128472328186035,0.4152614176273346,0.6881338357925415,0.4167623817920685,0.7362313866615295,0.4366201758384704,0.6757325530052185,0.4379043281078338,0.777047336101532,0.5433542132377625,0.6630827188491821,0.5563822984695435,0.8190743327140808,0.6948121190071106,0.6328778266906738,0.6930357813835144,0.8676201105117798,0.8337504267692566,0.5877466797828674,0.8244026899337769,0.7617995142936707,0.8120997548103333,0.6777468323707581,0.8117408752441406,0.7735520601272583,0.991071343421936,0.6895787119865417,0.9910715222358704,0.0,0.0,0.0,0.0,0.719994068145752,0.5498872995376587
0.6847835183143616,0.4357154965400696,0.6979984641075134,0.4199296832084656,0.6732063889503479,0.4219247698783874,0.7210627794265747,0.4375532269477844,0.660293698310852,0.4413776099681854,0.7645044922828674,0.5486028790473938,0.6433625221252441,0.5606701970100403,0.8037983775138855,0.6982986330986023,0.6114711165428162,0.6970945000648499,0.8513103723526001,0.8271375298500061,0.5766692757606506,0.8257080316543579,0.7513369917869568,0.8107746839523315,0.6674415469169617,0.8124068379402161,0.7630902528762817,0.9910715222358704,0.6767682433128357,0.9910714030265808,0.0,0.0,0.0,0.0,0.7041398882865906,0.5546240210533142
0.6763906478881836,0.4373607039451599,0.687592625617981,0.4213571548461914,0.6630427241325378,0.4234872162342071,0.7080268859863281,0.4387768805027008,0.6485459208488464,0.4452466070652008,0.7493295669555664,0.5486417412757874,0.6292577385902405,0.5631372332572937,0.7916420102119446,0.6956180930137634,0.597476601600647,0.7015573382377625,0.8396471738815308,0.8213983178138733,0.5629696846008301,0.8224836587905884,0.7462869882583618,0.8123193979263306,0.6611657738685608,0.8161001205444336,0.7702844738960266,0.9910715222358704,0.674220860004425,0.991071343421936,0.0,0.0,0.0,0.0,0.6888710856437683,0.5574772953987122
0.6772025227546692,0.4453324675559997,0.6886424422264099,0.4282553791999817,0.6624919176101685,0.432286262512207,0.7098587155342102,0.4443500936031341,0.648097038269043,0.4548191726207733,0.7539549469947815,0.5617807507514954,0.6338431239128113,0.5701611638069153,0.7922577857971191,0.703530490398407,0.599998414516449,0.704468309879303,0.8384881615638733,0.8282158970832825,0.559665858745575,0.8230295777320862,0.7412789463996887,0.8351874947547913,0.6626964211463928,0.8443167805671692,0.0,0.0,0.0,0.0,0.0,0.0,0.0,0.0,0.6934133172035217,0.5675925016403198
0.695370078086853,0.4417946934700012,0.7079426050186157,0.4258243441581726,0.6823368668556213,0.429396241903305,0.7290738821029663,0.4442102313041687,0.6681515574455261,0.4518000483512878,0.7716876864433289,0.5664845108985901,0.642767071723938,0.5669425129890442,0.8015047907829285,0.7099367380142212,0.6060269474983215,0.701124370098114,0.8522229790687561,0.8334879875183105,0.5666126012802124,0.8157011270523071,0.7475136518478394,0.8355993032455444,0.6662026643753052,0.8334349393844604,0.0,0.0,0.0,0.0,0.0,0.0,0.0,0.0,0.7069206237792969,0.5664735436439514
0.7020654082298279,0.4424180090427398,0.7147783637046814,0.4269895255565643,0.689038872718811,0.4292636513710022,0.7356746792793274,0.4499169290065765,0.6750438809394836,0.4537309110164642,0.7770434617996216,0.5655582547187805,0.6525362730026245,0.566684901714325,0.8063734173774719,0.7087625861167908,0.6118008494377136,0.7000436782836914,0.851059079170227,0.830276608467102,0.5745015740394592,0.8168134689331055,0.7548427581787109,0.8429889678955078,0.6733700633049011,0.8346070051193237,0.0,0.0,0.0,0.0,0.0,0.0,0.0,0.0,0.7146773934364319,0.5667357444763184
0.7069970965385437,0.4433144629001617,0.7197452187538147,0.4273056387901306,0.6948572397232056,0.4303465783596039,0.742654025554657,0.4485076069831848,0.6821407675743103,0.4535936415195465,0.7884657979011536,0.5691569447517395,0.6634365916252136,0.5668519139289856,0.8145092129707336,0.7113276720046997,0.6268472075462341,0.7022690773010254,0.8518023490905762,0.829537570476532,0.5916131734848022,0.8176945447921753,0.7607859969139099,0.8316958546638489,0.680411159992218,0.8291912078857422,0.0,0.0,0.6938767433166504,0.991071343421936,0.0,0.0,0.0,0.0,0.724206268787384,0.5685445666313171
0.7184072732925415,0.4443234801292419,0.7309467196464539,0.4299437403678894,0.7059374451637268,0.4305863976478576,0.7500088810920715,0.4521958529949188,0.691569983959198,0.4526425898075104,0.7892698049545288,0.5721179246902466,0.6681380867958069,0.5676318407058716,0.8157365918159485,0.7095581293106079,0.6371394991874695,0.7019473314285278,0.8515709042549133,0.8354602456092834,0.6034253239631653,0.8197682499885559,0.7595652341842651,0.8290290832519531,0.6782302856445312,0.8263845443725586,0.7585912346839905,0.9910714030265808,0.677445113658905,0.991071343421936,0.0,0.0,0.0,0.0,0.7264184355735779,0.5695497989654541
0.722897469997406,0.4430946707725525,0.7368069887161255,0.4297636151313782,0.7116223573684692,0.428308755159378,0.7546824812889099,0.4518303871154785,0.6967386603355408,0.4502694606781006,0.7897576689720154,0.5723751783370972,0.6678655743598938,0.5664043426513672,0.8149701952934265,0.7087686657905579,0.6385008692741394,0.7022799849510193,0.8519495129585266,0.8332492709159851,0.6093701720237732,0.8208240270614624,0.7580946087837219,0.8250517845153809,0.6756183505058289,0.8165578246116638,0.7602165937423706,0.9910714030265808,0.6728699803352356,0.9910714030265808,0.0,0.0,0.0,0.0,0.7263790369033813,0.5687144994735718
0.7220855951309204,0.4403065145015716,0.7353915572166443,0.4271138608455658,0.7104105949401855,0.4257537424564361,0.7518850564956665,0.4502817690372467,0.6940527558326721,0.4487013816833496,0.7816881537437439,0.5685661435127258,0.6626183390617371,0.5625855326652527,0.8015092611312866,0.7058461904525757,0.6333650350570679,0.7009457349777222,0.8345574140548706,0.82663494348526,0.6096066832542419,0.8206095695495605,0.7527241706848145,0.8132732510566711,0.6705763936042786,0.8108023405075073,0.7567211389541626,0.9910714030265808,0.6675685048103333,0.9910715222358704,0.0,0.0,0.0,0.0,0.7208662629127502,0.5654608607292175
0.7129872441291809,0.4397050440311432,0.7263883352279663,0.4263762533664703,0.7004607915878296,0.4236270487308502,0.742477536201477,0.4522501826286316,0.6814337372779846,0.4457572400569916,0.7716647982597351,0.5662776231765747,0.6450991630554199,0.5593615174293518,0.7882501482963562,0.7007259726524353,0.6172899007797241,0.7054080367088318,0.8153382539749146,0.8291260004043579,0.5991167426109314,0.8313320875167847,0.7452558875083923,0.8233160376548767,0.6595058441162109,0.8236951231956482,0.0,0.0,0.0,0.0,0.0,0.0,0.0,0.0,0.7073323130607605,0.5628282427787781
0.6910548210144043,0.4394021034240722,0.7038955688476562,0.4268260896205902,0.6781186461448669,0.4244572520256042,0.7192865014076233,0.4497852027416229,0.6585360765457153,0.4458179175853729,0.7486557364463806,0.5634849071502686,0.6282755136489868,0.5665600299835205,0.7671529650688171,0.7082582712173462,0.5997864603996277,0.7110474705696106,0.7931256890296936,0.8341293931007385,0.5869006514549255,0.844548761844635,0.7270525097846985,0.8176448941230774,0.6394162178039551,0.8265279531478882,0.0,0.0,0.0,0.0,0.0,0.0,0.0,0.0,0.6873094439506531,0.5656751990318298
0.6652265787124634,0.4348931014537811,0.6768876910209656,0.4200770258903503,0.6515873074531555,0.4209466278553009,0.6950570344924927,0.439567893743515,0.6356163620948792,0.4434458613395691,0.7312906980514526,0.5569702982902527,0.6089543700218201,0.5582629442214966,0.7508162260055542,0.7038544416427612,0.579760730266571,0.700774073600769,0.764019787311554,0.8345649838447571,0.570784330368042,0.8336296677589417,0.7079723477363586,0.8122385740280151,0.6238614916801453,0.8166478872299194,0.7271674275398254,0.9910714030265808,0.0,0.0,0.0,0.0,0.0,0.0,0.6692555546760559,0.5573126077651978
0.6422384977340698,0.42916139960289,0.6547150015830994,0.4127741158008575,0.6301149129867554,0.4141383469104767,0.6750205159187317,0.429724633693695,0.6159883141517639,0.4327602386474609,0.7130174040794373,0.5497217774391174,0.5883011817932129,0.5509554147720337,0.735846996307373,0.6898218989372253,0.5611500144004822,0.694018542766571,0.7461215257644653,0.8099251985549927,0.5587071180343628,0.8302597403526306,0.6933495402336121,0.8110113143920898,0.6080065369606018,0.8173729777336121,0.6998093724250793,0.9910714030265808,0.6173876523971558,0.9910715222358704,0.0,0.0,0.0,0.0,0.6496148109436035,0.5510175228118896
0.6355262398719788,0.4275961220264435,0.6486512422561646,0.4101938307285309,0.623603343963623,0.4124948978424072,0.6720676422119141,0.4258012771606445,0.6116608381271362,0.4300420582294464,0.7159482836723328,0.5455120205879211,0.5876213312149048,0.5466698408126831,0.7504405975341797,0.6850274205207825,0.5599961280822754,0.6901491284370422,0.7431582808494568,0.8043575882911682,0.5558222532272339,0.8224679231643677,0.68999183177948,0.8097780346870422,0.6040371656417847,0.8126301169395447,0.6890882253646851,0.991071343421936,0.6180011630058289,0.991071343421936,0.0,0.0,0.0,0.0,0.650306761264801,0.546212375164032
0.6394435167312622,0.4102281630039215,0.6550611853599548,0.3945949673652649,0.6301811933517456,0.3948080241680145,0.6814610362052917,0.4168539345264435,0.6182968020439148,0.4139964580535888,0.7229609489440918,0.5422210097312927,0.5875663161277771,0.5405808687210083,0.7621307969093323,0.6793881058692932,0.5615188479423523,0.684807300567627,0.7482660412788391,0.8004546165466309,0.5548716187477112,0.8095006942749023,0.6926314234733582,0.8098326325416565,0.604038655757904,0.8128213882446289,0.6880190968513489,0.991071343421936,0.6182646155357361,0.991071343421936,0.0,0.0,0.0,0.0,0.6531391739845276,0.5413387417793274
0.6448131799697876,0.3989200592041015,0.6600503325462341,0.382722795009613,0.633842408657074,0.3838712573051452,0.6868003606796265,0.4045363962650299,0.6207619905471802,0.4048660695552826,0.7304622530937195,0.5327522158622742,0.5902453660964966,0.5352008938789368,0.7764714360237122,0.6669002771377563,0.5642870664596558,0.6793814301490784,0.7562827467918396,0.7846283316612244,0.5591279864311218,0.7972807288169861,0.6988051533699036,0.8103739619255066,0.6084616780281067,0.8107736706733704,0.6901975274085999,0.9910714030265808,0.6184505820274353,0.9910715222358704,0.0,0.0,0.0,0.0,0.6585597991943359,0.5339844226837158
0.64730304479599,0.3879539966583252,0.6637388467788696,0.3708772361278534,0.6350269317626953,0.3734920918941498,0.6920866966247559,0.3940717279911041,0.6209853887557983,0.3968417644500732,0.7377550005912781,0.524869441986084,0.5945879220962524,0.529127299785614,0.7996240258216858,0.656460165977478,0.5709074139595032,0.6666103005409241,0.7643419504165649,0.776549220085144,0.5661708116531372,0.7758042216300964,0.7045129537582397,0.8161252737045288,0.6102094054222107,0.8116564154624939,0.0,0.0,0.0,0.0,0.0,0.0,0.0,0.0,0.6650288701057434,0.5264008045196533
0.6453103423118591,0.3827625215053558,0.6615796089172363,0.3650224804878235,0.632350504398346,0.3677138686180115,0.6911254525184631,0.3871731460094452,0.6184009909629822,0.3903796076774597,0.7404676675796509,0.5191547870635986,0.5929358601570129,0.5249727368354797,0.805137574672699,0.6459011435508728,0.5693333148956299,0.6543135643005371,0.7635994553565979,0.7639474272727966,0.5662383437156677,0.755469024181366,0.7041724324226379,0.8249584436416626,0.6087216138839722,0.8126171827316284,0.0,0.0,0.0,0.0,0.0,0.0,0.0,0.0,0.6644896268844604,0.5214022397994995
0.6268481612205505,0.3779889047145843,0.6458900570869446,0.359584093093872,0.6145808100700378,0.3601388931274414,0.6759105324745178,0.3835692107677459,0.6004005074501038,0.3816130757331848,0.7234991788864136,0.5200508236885071,0.5704022645950317,0.5197036862373352,0.7829797863960266,0.6535301804542542,0.5389672517776489,0.6565374732017517,0.7466105818748474,0.7753119468688965,0.5415952801704407,0.7635878324508667,0.693250834941864,0.8131971955299377,0.5938035845756531,0.8108685612678528,0.0,0.0,0.0,0.0,0.0,0.0,0.0,0.0,0.646111011505127,0.518851101398468
0.6062957048416138,0.37577024102211,0.6252241730690002,0.3581331074237823,0.5933893918991089,0.3569945693016052,0.6528357863426208,0.3853757977485657,0.5749724507331848,0.3813932240009308,0.6952946782112122,0.5153340101242065,0.5443224906921387,0.5262290835380554,0.7569074034690857,0.6542859673500061,0.5190703868865967,0.663459300994873,0.7227139472961426,0.7762527465820312,0.5223559737205505,0.7715333700180054,0.6718279123306274,0.8084827065467834,0.5695408582687378,0.8088372945785522,0.0,0.0,0.0,0.0,0.0,0.0,0.0,0.0,0.6192803382873535,0.5191181302070618
0.5703322291374207,0.3680778443813324,0.5885434150695801,0.3496176600456238,0.5566030144691467,0.3501238226890564,0.6182847023010254,0.3749350607395172,0.5393084287643433,0.3774429857730865,0.6608306765556335,0.5114956498146057,0.510248601436615,0.5210312008857727,0.7178981900215149,0.6616716384887695,0.4900598227977752,0.6600595712661743,0.6843329668045044,0.7809315919876099,0.4772087633609772,0.7732511758804321,0.6227447390556335,0.8089636564254761,0.5244541764259338,0.8065983653068542,0.0,0.0,0.0,0.0,0.0,0.0,0.0,0.0,0.5847277045249939,0.5136624574661255
0.523861825466156,0.3635464608669281,0.542308509349823,0.3450558483600616,0.5137288570404053,0.3446719944477081,0.5743165612220764,0.3769309222698211,0.5006657242774963,0.3697101175785064,0.6152596473693848,0.517196774482727,0.466066837310791,0.5219083428382874,0.6743236780166626,0.6744089722633362,0.4436154067516327,0.6768470406532288,0.6390581130981445,0.8016270995140076,0.4264343678951263,0.7997773289680481,0.5729337334632874,0.8288578391075134,0.4763392806053161,0.8244233727455139,0.0,0.0,0.0,0.0,0.0,0.0,0.0,0.0,0.5405789017677307,0.5190702080726624
0.5099776387214661,0.3594949841499328,0.5292529463768005,0.341951310634613,0.4987969994544983,0.340951919555664,0.5592204332351685,0.3713738918304443,0.4811082482337951,0.3654396831989288,0.602440357208252,0.5137189626693726,0.447673350572586,0.5196747183799744,0.6486108899116516,0.6780440211296082,0.4308666586875915,0.6859419941902161,0.6303657293319702,0.8135448098182678,0.412207543849945,0.8144771456718445,0.567505419254303,0.8270667791366577,0.4661236703395843,0.8270209431648254,0.0,0.0,0.0,0.0,0.0,0.0,0.0,0.0,0.5225745439529419,0.5153183341026306
0.5007799863815308,0.3489241600036621,0.5206865668296814,0.332399845123291,0.4886879026889801,0.3299489021301269,0.5517809987068176,0.363596111536026,0.4718587398529053,0.3543595969676971,0.5985003709793091,0.5090290904045105,0.4393071830272674,0.5118206143379211,0.6436677575111389,0.6923667192459106,0.4214906990528106,0.6873574256896973,0.6280088424682617,0.8507683873176575,0.4003521800041199,0.8374987244606018,0.5555321574211121,0.8350600600242615,0.4554798603057861,0.8338192701339722,0.0,0.0,0.0,0.0,0.0,0.0,0.0,0.0,0.5153877139091492,0.5086738467216492
0.5026272535324097,0.3379615247249603,0.5255454182624817,0.3233173787593841,0.4906774461269378,0.3194786608219147,0.5591452121734619,0.3582096099853515,0.4739983975887298,0.344104528427124,0.5997625589370728,0.5049542784690857,0.438195526599884,0.5089582204818726,0.6451442837715149,0.7000719308853149,0.4205297529697418,0.6958603858947754,0.6287171244621277,0.86089688539505,0.3922851085662842,0.8664121627807617,0.5549550652503967,0.8359795212745667,0.4528538584709167,0.8469532132148743,0.0,0.0,0.0,0.0,0.0,0.0,0.0,0.0,0.5147758722305298,0.5051860213279724
0.5106492638587952,0.3190127909183502,0.5343917608261108,0.3047281801700592,0.4979666769504547,0.2978828251361847,0.564680278301239,0.3464758992195129,0.4764061272144317,0.3259828090667724,0.604513943195343,0.4950388371944427,0.4332122802734375,0.5013649463653564,0.6470939517021179,0.6978997588157654,0.4163879752159118,0.6936336159706116,0.6381191611289978,0.8657382726669312,0.391588419675827,0.8732849359512329,0.5578905344009399,0.8344148397445679,0.4519374668598175,0.8471472859382629,0.0,0.0,0.0,0.0,0.0,0.0,0.0,0.0,0.515611469745636,0.4966312348842621
0.5102483034133911,0.3002456724643707,0.5324540734291077,0.2827388942241668,0.4972166121006012,0.2810161113739013,0.5663842558860779,0.3239109218120575,0.4775963127613067,0.3130876421928406,0.6141091585159302,0.4855639040470123,0.4330702424049377,0.4924180209636688,0.6598447561264038,0.7042264342308044,0.416240245103836,0.7001916170120239,0.6486640572547913,0.8816129565238953,0.3822169005870819,0.8797263503074646,0.5669363141059875,0.8494811058044434,0.450960099697113,0.8632041215896606,0.0,0.0,0.0,0.0,0.0,0.0,0.0,0.0,0.5200778245925903,0.4883474707603454
0.5067867636680603,0.2863793969154358,0.5292497873306274,0.2661045491695404,0.4913986027240753,0.2663944661617279,0.5652230978012085,0.3126298785209656,0.471608817577362,0.3015540540218353,0.613941490650177,0.4837668240070343,0.423781156539917,0.4853011667728424,0.6499950289726257,0.7072715163230896,0.3910069763660431,0.6906409859657288,0.6469287872314453,0.90091073513031,0.3588579595088959,0.8874621391296387,0.5635974407196045,0.8672705888748169,0.4342760443687439,0.8679388165473938,0.0,0.0,0.0,0.0,0.0,0.0,0.0,0.0,0.5160189270973206,0.4836225807666778
0.4891041219234466,0.2804597318172455,0.5129339098930359,0.2614459097385406,0.472014456987381,0.2567081451416015,0.544306218624115,0.3139751851558685,0.4485572278499603,0.2958200573921203,0.5872055292129517,0.4881514608860016,0.4053423106670379,0.4776690900325775,0.6136825680732727,0.7140334844589233,0.3562650978565216,0.6985182166099548,0.0,0.0,0.3221895098686218,0.9090308547019958,0.5402654409408569,0.8692019581794739,0.4092151224613189,0.8793417811393738,0.0,0.0,0.0,0.0,0.0,0.0,0.0,0.0,0.4921446740627289,0.4815010130405426
0.4548371434211731,0.2731552720069885,0.4796201586723327,0.2556090652942657,0.4380415081977844,0.247548446059227,0.5090135335922241,0.3085276484489441,0.4126810729503631,0.2843684554100036,0.5414271950721741,0.4905157387256622,0.3542048931121826,0.475616306066513,0.5710154175758362,0.7238465547561646,0.3095655143260956,0.7063986659049988,0.6129501461982727,0.9354019165039062,0.2654921412467956,0.9143258333206176,0.4884081780910492,0.9219905734062196,0.352045327425003,0.9206151962280272,0.0,0.0,0.0,0.0,0.0,0.0,0.0,0.0,0.4491155445575714,0.4815220832824707
0.3792525231838226,0.2563480138778686,0.4029445648193359,0.2374339997768402,0.3630711138248443,0.2358403354883194,0.4349301159381866,0.2868771553039551,0.3386948108673095,0.2770584225654602,0.4777021706104278,0.4772261083126068,0.2862532138824463,0.4711091816425323,0.5048906207084656,0.7282207608222961,0.2191273719072342,0.7007761001586914,0.5493057370185852,0.9524306058883668,0.1542179584503173,0.9241709113121032,0.4151143729686737,0.9036852121353148,0.2779076695442199,0.903805136680603,0.0,0.0,0.0,0.0,0.0,0.0,0.0,0.0,0.3799369037151336,0.474100112915039
0.3413932919502258,0.2455720156431198,0.3667255043983459,0.2263039350509643,0.324006587266922,0.2218634039163589,0.4001019597053528,0.2805153429508209,0.2979815304279327,0.2637544870376587,0.4402353167533874,0.4701535999774933,0.2397387027740478,0.4618509709835052,0.4766468405723572,0.7209075093269348,0.1701326370239257,0.6878746747970581,0.5212958455085754,0.9421258568763732,0.1048177406191825,0.919775664806366,0.3865987956523895,0.8677045106887817,0.2520813643932342,0.8536754846572876,0.0,0.0,0.0,0.0,0.0,0.0,0.0,0.0,0.3382508754730224,0.4652556478977203
0.3142479360103607,0.2287142723798751,0.3396466076374054,0.2079310417175293,0.2974384129047394,0.2078629285097122,0.3794922530651092,0.2594134211540222,0.2778843939304352,0.2497058361768722,0.4263385832309723,0.4541762471199035,0.2217556983232498,0.4523288309574127,0.4675200879573822,0.6904598474502563,0.1448328197002411,0.6731505393981934,0.4971530139446258,0.9165032505989076,0.103129856288433,0.901577353477478,0.3774735629558563,0.8671270608901978,0.2350005954504013,0.8531337380409241,0.0,0.0,0.0,0.0,0.0,0.0,0.0,0.0,0.3229863047599792,0.4517480731010437
0.3163120150566101,0.2168027311563491,0.3418080508708954,0.1928325146436691,0.2974101901054382,0.1987916380167007,0.3855431377887726,0.2430107295513153,0.2810199558734894,0.2459055632352829,0.4396809041500091,0.4489527344703674,0.2365390211343765,0.4550751745700836,0.4773090183734894,0.6904668211936951,0.1803886741399765,0.6660969853401184,0.493438720703125,0.8825972676277161,0.1471810042858123,0.8835157752037048,0.3859217762947082,0.8832769393920898,0.2441443502902984,0.8679853677749634,0.0,0.0,0.0,0.0,0.0,0.0,0.0,0.0,0.3341450095176697,0.4506934285163879
0.3340002000331878,0.1984094679355621,0.3618352115154266,0.1795034855604171,0.3108526170253753,0.1852036267518997,0.4033059477806091,0.2357826679944992,0.2973060607910156,0.2434631437063217,0.4626858830451965,0.4394693076610565,0.2593037784099579,0.4501257538795471,0.5061342120170593,0.6807841062545776,0.2106598764657974,0.663276731967926,0.5169497132301331,0.8704428672790527,0.1696234792470932,0.8694063425064087,0.4176543653011322,0.865893542766571,0.2688243091106415,0.8650302886962891,0.0,0.0,0.0,0.0,0.0,0.0,0.0,0.0,0.3602941930294037,0.4435488581657409
0.3637979328632355,0.1792911291122436,0.3932641148567199,0.1576703488826751,0.3470435738563537,0.1676733195781707,0.4393537044525146,0.2136482000350952,0.3309948146343231,0.2238767892122268,0.5060643553733826,0.4344156384468078,0.2888957560062408,0.4361104369163513,0.5646438598632812,0.6718067526817322,0.2343671321868896,0.6519281268119812,0.5479024052619934,0.8646820187568665,0.209316611289978,0.8514267206192017,0.4487562775611877,0.8683556318283081,0.2990262806415558,0.8670030236244202,0.0,0.0,0.0,0.0,0.0,0.0,0.0,0.0,0.3961866199970245,0.4320210516452789
0.3949111998081207,0.1851368695497512,0.4228794872760772,0.1599737107753753,0.3735145032405853,0.1714912205934524,0.4736144244670868,0.2146793752908706,0.3574140667915344,0.2287466675043106,0.5305443406105042,0.4338288605213165,0.3262507319450378,0.4426117837429046,0.5905173420906067,0.6829700469970703,0.2839098572731018,0.6759580969810486,0.5776262283325195,0.8751148581504822,0.241651102900505,0.870106041431427,0.4780969321727752,0.9033917784690856,0.3223872780799866,0.9011236429214478,0.0,0.0,0.0,0.0,0.0,0.0,0.0,0.0,0.425044983625412,0.4391100406646728
0.4248854219913482,0.1885690242052078,0.4546109735965729,0.1659327000379562,0.4040803909301758,0.1705290377140045,0.5016789436340332,0.2141563594341278,0.3841756880283355,0.2275600731372833,0.5598338842391968,0.4350758492946625,0.346087783575058,0.4560744166374206,0.6252304315567017,0.6957358121871948,0.3109881281852722,0.6943961381912231,0.6129818558692932,0.9153361916542052,0.2660757005214691,0.909595787525177,0.5035470128059387,0.9228938221931458,0.3463412225246429,0.924260437488556,0.0,0.0,0.0,0.0,0.0,0.0,0.0,0.0,0.4502042233943939,0.4430306851863861
0.4377528727054596,0.1884313076734542,0.4679786562919616,0.1630764156579971,0.4190118610858917,0.1672289073467254,0.5155310034751892,0.2159246206283569,0.4010407626628876,0.2210167348384857,0.578166663646698,0.4323218464851379,0.3555207550525665,0.4534168541431427,0.641306459903717,0.7140033841133118,0.3260758519172668,0.7067533135414124,0.6190999746322632,0.9551649689674376,0.2836721837520599,0.9396501183509828,0.5132392048835754,0.9067713022232056,0.3559592068195343,0.903453767299652,0.0,0.0,0.0,0.0,0.0,0.0,0.0,0.0,0.464807778596878,0.4400577247142792
0.4409675598144531,0.1725385189056396,0.4737618863582611,0.1492223441600799,0.4218898415565491,0.152503103017807,0.5213898420333862,0.2096077054738998,0.4022564888000488,0.2146754115819931,0.5817494988441467,0.4328131675720215,0.3509642481803894,0.4471249282360077,0.6285083889961243,0.726343035697937,0.3255439400672912,0.7164516448974609,0.6237740516662598,0.9805174469947816,0.0,0.0,0.5082435011863708,0.9582228660583496,0.3467324078083038,0.953250765800476,0.0,0.0,0.0,0.0,0.0,0.0,0.0,0.0,0.4649399816989898,0.4351882934570312
0.4278715252876282,0.153505340218544,0.4604426324367523,0.1308882534503936,0.4113350510597229,0.1349864304065704,0.5120875835418701,0.1915512084960937,0.3913260102272033,0.1899508386850357,0.5719575881958008,0.4308280348777771,0.3444938957691192,0.4397962093353271,0.6120389103889465,0.7256242036819458,0.3188497126102447,0.6923287510871887,0.6235765814781189,0.9910714030265808,0.0,0.0,0.4963054656982422,0.9571412801742554,0.3346480429172516,0.9542797803878784,0.0,0.0,0.0,0.0,0.0,0.0,0.0,0.0,0.4543666243553161,0.4310471713542938
0.4017954766750335,0.1239283010363578,0.4360627233982086,0.1066720336675643,0.3806188702583313,0.1126483529806137,0.488780528306961,0.1730401366949081,0.3635958135128021,0.1778248995542526,0.5552241802215576,0.4120598137378692,0.3126530647277832,0.4302486479282379,0.5981382727622986,0.7198205590248108,0.2923898994922638,0.6870773434638977,0.611275851726532,0.991071343421936,0.0,0.0,0.4961832165718078,0.9769094586372375,0.3144601881504059,0.9771777391433716,0.0,0.0,0.0,0.0,0.0,0.0,0.0,0.0,0.4301197528839111,0.4199125468730926
0.3635096549987793,0.0924964919686317,0.3952553272247314,0.0701330825686454,0.3427543938159942,0.081398569047451,0.4511535465717315,0.1322171688079834,0.0,0.0,0.5312430262565613,0.3831962645053863,0.2775854766368866,0.401998370885849,0.5738034844398499,0.6946541666984558,0.2542833685874939,0.6882761120796204,0.5870465040206909,0.9910715222358704,0.0,0.0,0.4715092480182647,0.9755998253822328,0.2827745974063873,0.9565647840499878,0.0,0.0,0.0,0.0,0.0,0.0,0.0,0.0,0.4037755131721496,0.3899058699607849
0.3300634026527405,0.0695946887135505,0.3666383922100067,0.0432625114917755,0.3062393069267273,0.0568386726081371,0.4304698407649994,0.1075814440846443,0.0,0.0,0.5112437605857849,0.3702805340290069,0.2481246143579483,0.3981294333934784,0.5637208223342896,0.7029327750205994,0.2192660272121429,0.6903373599052429,0.5743086934089661,0.9910712838172911,0.0,0.0,0.4504741132259369,0.9582918882369996,0.2561049163341522,0.9546942114830016,0.0,0.0,0.0,0.0,0.0,0.0,0.0,0.0,0.3766719400882721,0.3818007409572601
0.2990827560424804,0.0536978766322135,0.3332543969154358,0.014582335948944,0.2755661308765411,0.0425776205956935,0.3999103605747223,0.0936305373907089,0.0,0.0,0.5000327825546265,0.3535606563091278,0.232688769698143,0.3969331085681915,0.5652977824211121,0.7045211791992188,0.1955896764993667,0.7073811292648315,0.5777167081832886,0.9910715222358704,0.0,0.0,0.453091561794281,0.9758750200271606,0.0,0.0,0.0,0.0,0.0,0.0,0.0,0.0,0.0,0.0,0.3632657527923584,0.3743719458580017
0.3122439980506897,0.0515318401157856,0.3473946452140808,0.0145001839846372,0.2922482490539551,0.0440744683146476,0.4161788821220398,0.0872275456786155,0.0,0.0,0.5101081132888794,0.3480086326599121,0.2444744259119033,0.3983364403247833,0.5762849450111389,0.7046241164207458,0.2143253535032272,0.7076668739318848,0.5977633595466614,0.991071343421936,0.0,0.0,0.0,0.0,0.2642724215984344,0.9773631691932678,0.0,0.0,0.0,0.0,0.0,0.0,0.0,0.0,0.3759074509143829,0.3710047900676727
0.3426155745983124,0.0679241865873336,0.378452867269516,0.0383221432566642,0.3233647644519806,0.0544389858841896,0.4541036784648895,0.0925487428903579,0.0,0.0,0.5443991422653198,0.3504015803337097,0.2968532145023346,0.3976731598377228,0.6268166899681091,0.7055374383926392,0.2533605694770813,0.7046117782592773,0.6368512511253357,0.9910715818405152,0.0,0.0,0.0,0.0,0.0,0.0,0.0,0.0,0.0,0.0,0.0,0.0,0.0,0.0,0.4179904758930206,0.3732430636882782
0.427505761384964,0.0839518681168556,0.4640369415283203,0.0530523061752319,0.407227486371994,0.0684617981314659,0.5344462990760803,0.1034267544746398,0.0,0.0,0.6306142807006836,0.3617916703224182,0.381014347076416,0.3982864916324615,0.6901606321334839,0.7068972587585449,0.0,0.0,0.7021540403366089,0.9910714030265808,0.0,0.0,0.562628984451294,0.9546585083007812,0.3708524703979492,0.9254478812217712,0.0,0.0,0.0,0.0,0.0,0.0,0.0,0.0,0.5020736455917358,0.375044971704483
0.4894430935382843,0.1060871258378028,0.5229013562202454,0.0758935958147049,0.4685044884681701,0.0879497528076171,0.5870319604873657,0.1227921396493911,0.0,0.0,0.6754183769226074,0.3743530213832855,0.423800528049469,0.4141810238361358,0.7408408522605896,0.7100291848182678,0.4054877460002899,0.7024882435798645,0.0,0.0,0.0,0.0,0.6288151741027832,0.9910714030265808,0.4375696182250976,0.9910714030265808,0.0,0.0,0.0,0.0,0.0,0.0,0.0,0.0,0.5474510192871094,0.3913631439208984
0.5472046732902527,0.1296629011631012,0.5832748413085938,0.1027135029435157,0.5264657735824585,0.1094720363616943,0.6475324630737305,0.1558257788419723,0.0,0.0,0.7240107655525208,0.3802932202816009,0.4889078736305237,0.4262027740478515,0.7814846634864807,0.6869574785232544,0.4778437614440918,0.7014755606651306,0.0,0.0,0.4167135655879974,0.9742482900619508,0.675728976726532,0.9910714030265808,0.5046971440315247,0.9596017003059388,0.0,0.0,0.0,0.0,0.0,0.0,0.0,0.0,0.6040106415748596,0.4011834263801574
0.5922351479530334,0.1643381118774414,0.6297228932380676,0.1337912380695343,0.5799651741981506,0.1346441954374313,0.6955810189247131,0.1841836273670196,0.0,0.0,0.7627260088920593,0.4006414115428924,0.544388473033905,0.4313245713710785,0.8155726790428162,0.7284461259841919,0.5305430889129639,0.6936352849006653,0.8333984017372131,0.9910715222358704,0.0,0.0,0.6896812319755554,0.9910714030265808,0.5210204720497131,0.9753195643424988,0.0,0.0,0.0,0.0,0.0,0.0,0.0,0.0,0.6535710692405701,0.4136245846748352
0.6020032167434692,0.1774166077375412,0.6360586285591125,0.1501601040363311,0.5889458060264587,0.1494777947664261,0.7007370591163635,0.2025055140256881,0.0,0.0,0.7630321383476257,0.4123335778713226,0.5425407886505127,0.440226286649704,0.8146054148674011,0.7195035219192505,0.510572075843811,0.7003940939903259,0.8298586010932922,0.9910714030265808,0.4382107853889465,0.9197221994400024,0.6964211463928223,0.9910714030265808,0.5290301442146301,0.9562047123908995,0.0,0.0,0.0,0.0,0.0,0.0,0.0,0.0,0.6528447866439819,0.4251274764537811
0.5829352140426636,0.2074385434389114,0.6161537766456604,0.1853252202272415,0.5772568583488464,0.1813757866621017,0.6741346716880798,0.2347241193056106,0.0,0.0,0.7147242426872253,0.4244788587093353,0.541591227054596,0.450962096452713,0.7626319527626038,0.7036307454109192,0.4926433563232422,0.6902050971984863,0.7860913872718811,0.991071343421936,0.4004015028476715,0.8809506297111511,0.6502124667167664,0.9779034852981568,0.5221047401428223,0.974598228931427,0.0,0.0,0.0,0.0,0.0,0.0,0.0,0.0,0.6279365420341492,0.4351150691509247
0.5587462782859802,0.2312869131565094,0.5879856944084167,0.2112913876771927,0.5548964142799377,0.2075081020593643,0.6436153054237366,0.2529055476188659,0.0,0.0,0.6833198666572571,0.4325102269649505,0.5385735630989075,0.4489560425281524,0.7322553396224976,0.7185192108154297,0.4925994277000427,0.6639679074287415,0.7451185584068298,0.9910714030265808,0.388528972864151,0.8622148633003235,0.6295886635780334,0.9412071108818054,0.5115960240364075,0.9208051562309264,0.0,0.0,0.0,0.0,0.0,0.0,0.0,0.0,0.6093794703483582,0.4392814934253692
0.5474125742912292,0.2489990144968032,0.5779966711997986,0.2285483032464981,0.5426329374313354,0.2247718870639801,0.6272922158241272,0.2721709311008453,0.0,0.0,0.67368084192276,0.443200409412384,0.5241460800170898,0.4679648578166961,0.7228907346725464,0.7156972885131836,0.4820590615272522,0.6653780937194824,0.733465850353241,0.9805590510368348,0.3933968544006347,0.8756416440010071,0.6282184720039368,0.9169211983680724,0.5126808881759644,0.898557722568512,0.0,0.0,0.0,0.0,0.0,0.0,0.0,0.0,0.5971149802207947,0.4547354280948639
0.5468055009841919,0.2637347877025604,0.5751618146896362,0.2428189218044281,0.5346227288246155,0.2448958605527877,0.6203294396400452,0.285513162612915,0.0,0.0,0.6748694181442261,0.4551947116851806,0.508846640586853,0.4791169166564941,0.7145571708679199,0.7102890610694885,0.4568438827991485,0.6827163696289062,0.7381758093833923,0.9744133353233336,0.3894979059696197,0.9013725519180298,0.6390445828437805,0.8996247053146362,0.5173836946487427,0.8832575082778931,0.0,0.0,0.0,0.0,0.0,0.0,0.0,0.0,0.5884469151496887,0.4678813517093658
0.5578000545501709,0.2836572825908661,0.5819622278213501,0.2627733051776886,0.5435634255409241,0.2650093734264374,0.6225834488868713,0.3002881407737732,0.5285705924034119,0.3011970818042755,0.6820443272590637,0.4690912067890167,0.5010257959365845,0.4892323613166809,0.7155669331550598,0.7029069662094116,0.4464879333972931,0.6896992921829224,0.7549324035644531,0.923392653465271,0.3836533427238464,0.8894577622413635,0.6393077969551086,0.8683799505233765,0.5190097689628601,0.8656334280967712,0.0,0.0,0.0,0.0,0.0,0.0,0.0,0.0,0.5880168676376343,0.4796892702579498
0.5739837288856506,0.2986969351768493,0.5957363843917847,0.2752507627010345,0.5554351210594177,0.282863438129425,0.6372948288917542,0.3121933937072754,0.5362866520881653,0.3282755017280578,0.6902597546577454,0.488213300704956,0.5070902109146118,0.4982447624206543,0.7222990393638611,0.7064834237098694,0.4546738266944885,0.6900787353515625,0.7711523771286011,0.9057639837265016,0.3882343471050262,0.8941426277160645,0.6454105377197266,0.878836989402771,0.5272367000579834,0.8677116632461548,0.0,0.0,0.0,0.0,0.0,0.0,0.0,0.0,0.597963809967041,0.4925760924816131
0.5889623761177063,0.3146784901618957,0.6052787899971008,0.2905741035938263,0.5694660544395447,0.2997671663761139,0.6395967602729797,0.3225561678409576,0.5513026118278503,0.3430881202220917,0.6949165463447571,0.5046417117118835,0.514637291431427,0.5105419754981995,0.7231928706169128,0.7135148048400879,0.4632919728755951,0.7029719352722168,0.7719236612319946,0.8986501693725586,0.4057439267635345,0.89909827709198,0.6515945196151733,0.8780140280723572,0.5408937335014343,0.8683914542198181,0.0,0.0,0.0,0.0,0.0,0.0,0.0,0.0,0.6057193875312805,0.5056089758872986
0.5942822694778442,0.3312954902648926,0.6132439970970154,0.309403657913208,0.5756939649581909,0.3152771294116974,0.6472741365432739,0.3418489098548889,0.5570412278175354,0.3532733917236328,0.6946786046028137,0.5084206461906433,0.5223501920700073,0.5196576118469238,0.7169217467308044,0.7184180021286011,0.4812853932380676,0.7076658010482788,0.7482017278671265,0.9010054469108582,0.431264728307724,0.8752576112747192,0.6543324589729309,0.8657663464546204,0.542786180973053,0.8631267547607422,0.0,0.0,0.0,0.0,0.0,0.0,0.0,0.0,0.6091079711914062,0.5113130211830139
0.5939059853553772,0.3374553322792053,0.6124387979507446,0.3159597516059875,0.5761703848838806,0.3204983174800873,0.6462344527244568,0.3459634482860565,0.5589569807052612,0.3548327088356018,0.6957627534866333,0.5067353844642639,0.5264600515365601,0.5195468664169312,0.7179298996925354,0.7110126614570618,0.487968385219574,0.7047532200813293,0.7508887648582458,0.88725745677948,0.4402499496936798,0.8757615685462952,0.6511567831039429,0.8632397651672363,0.5420188307762146,0.8497930765151978,0.0,0.0,0.0,0.0,0.0,0.0,0.0,0.0,0.6113743185997009,0.5101330280303955
0.5952107310295105,0.3427775502204895,0.6112715601921082,0.3219471871852875,0.5767351984977722,0.3270670473575592,0.640421986579895,0.3503306806087494,0.5588585138320923,0.3638443052768707,0.6882004737854004,0.5121398568153381,0.5246531367301941,0.5221003890037537,0.7174619436264038,0.7007312178611755,0.4811345636844635,0.7086475491523743,0.7725107073783875,0.8733099699020386,0.4318775832653045,0.8821013569831848,0.6486269235610962,0.8503332138061523,0.5380224585533142,0.8374080061912537,0.0,0.0,0.0,0.0,0.0,0.0,0.0,0.0,0.6080359220504761,0.5147525668144226
0.5720386505126953,0.3496517539024353,0.5872393846511841,0.3306327164173126,0.5555263161659241,0.3339426517486572,0.6129574179649353,0.3526737093925476,0.5381987690925598,0.3645324409008026,0.6597604751586914,0.5122162103652954,0.5057284832000732,0.5148048400878906,0.692127525806427,0.6999369263648987,0.4522934556007385,0.6826779246330261,0.7411629557609558,0.8696141839027405,0.3944065272808075,0.8604686856269836,0.6248096823692322,0.8345468640327454,0.5187660455703735,0.8304451107978821,0.0,0.0,0.0,0.0,0.0,0.0,0.0,0.0,0.5826361775398254,0.5113669037818909
0.5504047870635986,0.3632583916187286,0.5660058856010437,0.345137357711792,0.5354942083358765,0.3485350310802459,0.5911349654197693,0.371269941329956,0.5179930329322815,0.3789466917514801,0.6341460943222046,0.5222983360290527,0.4843231737613678,0.5233262181282043,0.6568271517753601,0.699924647808075,0.4244705736637115,0.6977109313011169,0.6997865438461304,0.8674707412719727,0.3669200241565704,0.8612977862358093,0.5992411375045776,0.8327535390853882,0.4940581917762756,0.8320289850234985,0.0,0.0,0.0,0.0,0.0,0.0,0.0,0.0,0.557934045791626,0.5224155783653259
0.5277979373931885,0.3752705454826355,0.5425570607185364,0.3566437065601349,0.5128819346427917,0.359013557434082,0.5675541162490845,0.3837556540966034,0.4936690926551819,0.3861887156963348,0.6028989553451538,0.5350039005279541,0.4537813365459442,0.5304829478263855,0.6206033825874329,0.7171584963798523,0.4003309905529022,0.6956019997596741,0.6559721231460571,0.8708158135414124,0.353505402803421,0.8594998121261597,0.571979820728302,0.8304634690284729,0.4630360901355743,0.8343872427940369,0.0,0.0,0.0,0.0,0.0,0.0,0.0,0.0,0.5276824831962585,0.5312101244926453
0.502004086971283,0.3787259757518768,0.5159392356872559,0.3612129986286163,0.4860303103923797,0.3623741269111633,0.5378588438034058,0.3880224227905273,0.466563731431961,0.3906839787960052,0.5688301920890808,0.5340002775192261,0.4272527694702148,0.535916268825531,0.5856773257255554,0.7136316895484924,0.3709153532981872,0.6995648741722107,0.6283019781112671,0.8530961275100708,0.328935444355011,0.8713455200195312,0.5445254445075989,0.8456858396530151,0.4413942694664001,0.85085529088974,0.0,0.0,0.0,0.0,0.0,0.0,0.0,0.0,0.4974052608013153,0.534737765789032
0.4812732338905334,0.3884736001491546,0.4931522011756897,0.368643581867218,0.4636666774749756,0.3735583126544952,0.5144163370132446,0.3915389478206634,0.4425387978553772,0.4048495292663574,0.5455544590950012,0.5298739075660706,0.4134617745876312,0.5358157157897949,0.5714673399925232,0.7006124258041382,0.3587863743305206,0.6972523927688599,0.6197381019592285,0.8429818749427795,0.3159697651863098,0.8711158037185669,0.5291479229927063,0.8272126913070679,0.4332506060600281,0.8339696526527405,0.0,0.0,0.0,0.0,0.0,0.0,0.0,0.0,0.4799557626247406,0.5334663987159729
0.4815925657749176,0.3943399488925934,0.4936475753784179,0.3735893070697784,0.463584840297699,0.3793931603431701,0.5147174596786499,0.3956306576728821,0.4421260058879852,0.4094769954681396,0.5442275404930115,0.5303729176521301,0.4140892028808594,0.5373627543449402,0.5715290904045105,0.700027346611023,0.3649064898490906,0.699812114238739,0.6234734654426575,0.8372479677200317,0.3338474631309509,0.8640767335891724,0.5357909798622131,0.8261178135871887,0.4364640116691589,0.8353858590126038,0.0,0.0,0.0,0.0,0.0,0.0,0.0,0.0,0.4795257151126861,0.5343275666236877
0.4931035041809082,0.4018085896968841,0.5043679475784302,0.3813081681728363,0.4756190180778503,0.3875627517700195,0.5261453986167908,0.4003185629844665,0.4584769606590271,0.4174087941646576,0.5572806596755981,0.5376721024513245,0.4342800676822662,0.5431519746780396,0.5855531692504883,0.7083033323287964,0.390453577041626,0.7059431076049805,0.6443564295768738,0.8311408758163452,0.3666528761386871,0.8714094161987305,0.5471594333648682,0.832024097442627,0.4513460993766784,0.847281277179718,0.0,0.0,0.0,0.0,0.0,0.0,0.0,0.0,0.4958632886409759,0.5414368510246277
0.5141927599906921,0.4019774496555328,0.5263752341270447,0.3843660056591034,0.4973104894161224,0.3878180682659149,0.5450246930122375,0.4045885503292084,0.4776786863803863,0.4159221351146698,0.5691574215888977,0.5352017879486084,0.4519087672233581,0.5445848107337952,0.6027439832687378,0.7014076113700867,0.419538676738739,0.7090581655502319,0.6624283194541931,0.8220152258872986,0.4012310206890106,0.8791580200195312,0.5619618892669678,0.8352095484733582,0.4718732535839081,0.8477595448493958,0.0,0.0,0.0,0.0,0.0,0.0,0.0,0.0,0.5119888186454773,0.5407577157020569
0.5378032922744751,0.4026317000389099,0.5474757552146912,0.3847640454769134,0.520794689655304,0.3887552618980407,0.5662462115287781,0.4071671068668365,0.4986342489719391,0.4198116660118103,0.5898705720901489,0.5363197922706604,0.4718096554279327,0.5442391633987427,0.617428719997406,0.6934435963630676,0.4361228048801422,0.7077199220657349,0.6653081178665161,0.8158804178237915,0.432229220867157,0.8690040707588196,0.5808969736099243,0.8282637000083923,0.4915397763252258,0.8327112197875977,0.0,0.0,0.0,0.0,0.0,0.0,0.0,0.0,0.5296021103858948,0.5399623513221741
0.5534242987632751,0.4124829769134521,0.5665390491485596,0.3956817984580993,0.5386289358139038,0.3977225124835968,0.5848932266235352,0.4173929393291473,0.5205507874488831,0.4232673645019531,0.6181526780128479,0.5473332405090332,0.4940825998783111,0.546448290348053,0.637758731842041,0.691402792930603,0.4655077755451202,0.706277072429657,0.6499082446098328,0.8067534565925598,0.4598971307277679,0.8644004464149475,0.6037124395370483,0.827210009098053,0.5153132677078247,0.8294320702552795,0.0,0.0,0.0,0.0,0.0,0.0,0.0,0.0,0.5562085509300232,0.5465778708457947
0.5642467737197876,0.4184273183345794,0.5781949162483215,0.4017773568630218,0.5504927039146423,0.4026453793048858,0.5979366898536682,0.4205115139484405,0.5351212620735168,0.4231089055538177,0.633665919303894,0.5451035499572754,0.5073962807655334,0.5437766909599304,0.6567230224609375,0.677728533744812,0.4741194546222687,0.694682776927948,0.653856098651886,0.7857470512390137,0.4660326540470123,0.8550542593002319,0.6126918792724609,0.8247324824333191,0.5254606604576111,0.8263260126113892,0.0,0.0,0.0,0.0,0.0,0.0,0.0,0.0,0.5697124600410461,0.5429434180259705
0.5759434103965759,0.416731059551239,0.5909749865531921,0.3997024595737457,0.5623818039894104,0.4000608623027801,0.6108536720275879,0.419031411409378,0.5458818078041077,0.4204505980014801,0.641747772693634,0.5457141399383545,0.5126587152481079,0.5446694493293762,0.6702250838279724,0.6702341437339783,0.4725907146930694,0.6926013827323914,0.653914749622345,0.7619971036911011,0.4695184528827667,0.8466798663139343,0.6156275868415833,0.8305807709693909,0.5294605493545532,0.8312992453575134,0.0,0.0,0.0,0.0,0.0,0.0,0.0,0.0,0.5783987045288086,0.5444197058677673
0.5838965773582458,0.4160575270652771,0.599343478679657,0.4000460505485534,0.5720887780189514,0.4003412425518036,0.6185121536254883,0.4206476211547851,0.5560488700866699,0.4226662516593933,0.6456097364425659,0.5480857491493225,0.5176273584365845,0.544590413570404,0.6784428954124451,0.6771476864814758,0.4736569821834564,0.6942505240440369,0.6571816802024841,0.7772635817527771,0.4691731929779053,0.8462592959403992,0.6166601777076721,0.8262507319450378,0.5286675691604614,0.8270935416221619,0.0,0.0,0.0,0.0,0.0,0.0,0.0,0.0,0.5826687216758728,0.5454622507095337
0.5805974006652832,0.4124976694583893,0.5970331430435181,0.3976514339447021,0.5681027173995972,0.3978596329689026,0.617510199546814,0.4209470152854919,0.5519706010818481,0.4209586679935455,0.644443929195404,0.5484997034072876,0.5139272809028625,0.542983889579773,0.6836965680122375,0.673542857170105,0.4623335897922516,0.690930187702179,0.6537891626358032,0.7654417157173157,0.4697282314300537,0.8409807085990906,0.613382875919342,0.825829803943634,0.527574360370636,0.8256721496582031,0.0,0.0,0.0,0.0,0.0,0.0,0.0,0.0,0.5805765390396118,0.5445266962051392
0.5743417739868164,0.4039465487003326,0.5909513235092163,0.3888637125492096,0.5615507364273071,0.3882741034030914,0.6113031506538391,0.4143834114074707,0.5457744002342224,0.410575121641159,0.6376885771751404,0.5421916842460632,0.5095201134681702,0.5393863320350647,0.6789615750312805,0.6637982726097107,0.4634191393852234,0.6901334524154663,0.64771968126297,0.7469244003295898,0.4712851643562317,0.8419701457023621,0.6096387505531311,0.8145055174827576,0.5268874764442444,0.8131257891654968,0.0,0.0,0.0,0.0,0.0,0.0,0.0,0.0,0.5748267769813538,0.5393991470336914
0.5678914189338684,0.3997882306575775,0.5827193856239319,0.3835446834564209,0.5544811487197876,0.3833078742027282,0.6019628643989563,0.4049912989139557,0.5365471243858337,0.4042581021785736,0.6313924193382263,0.538219153881073,0.499262273311615,0.5361121296882629,0.6585552096366882,0.6679339408874512,0.4590214788913727,0.6973884701728821,0.6420797109603882,0.7594971060752869,0.469655692577362,0.8545588850975037,0.6113113760948181,0.8266372084617615,0.5270367860794067,0.8277519345283508,0.0,0.0,0.0,0.0,0.0,0.0,0.0,0.0,0.5652873516082764,0.5364305377006531
0.5623458623886108,0.4017347395420074,0.5780042409896851,0.3845415413379669,0.5482854843139648,0.385025680065155,0.5992794036865234,0.4066949486732483,0.5308767557144165,0.407554417848587,0.6300679445266724,0.5380491018295288,0.4942464232444763,0.5374504327774048,0.6603588461875916,0.672912061214447,0.4502492547035217,0.7012882232666016,0.644440770149231,0.774695098400116,0.4609095752239227,0.8582417368888855,0.607589840888977,0.8107925653457642,0.5198411345481873,0.8112064003944397,0.0,0.0,0.0,0.0,0.0,0.0,0.0,0.0,0.5620293021202087,0.5366405248641968
0.5691151022911072,0.3980425000190735,0.5839194655418396,0.3812452256679535,0.555827796459198,0.3812117874622345,0.6033400893211365,0.4021700918674469,0.5385691523551941,0.4019407927989959,0.6429495215415955,0.5377088785171509,0.5032097697257996,0.537315309047699,0.677681565284729,0.6823700070381165,0.468121200799942,0.6975964307785034,0.6706677079200745,0.8144508600234985,0.469180166721344,0.8570231795310974,0.6218138337135315,0.8076327443122864,0.527698278427124,0.8019291758537292,0.6552335023880005,0.9910715222358704,0.0,0.0,0.0,0.0,0.0,0.0,0.5727750062942505,0.5359430909156799
0.5855599641799927,0.3980846107006073,0.6018993258476257,0.3803866803646087,0.5726702809333801,0.3820270597934723,0.6291099190711975,0.4033680856227875,0.5567417144775391,0.4035583138465881,0.6735419631004333,0.5359423756599426,0.5291966795921326,0.5459751486778259,0.7147402167320251,0.6906999349594116,0.4960055649280548,0.7032225728034973,0.7094933390617371,0.8296395540237427,0.487601101398468,0.8678465485572815,0.648287296295166,0.8253251314163208,0.5522609949111938,0.8178649544715881,0.0,0.0,0.0,0.0,0.0,0.0,0.0,0.0,0.6016833186149597,0.539632260799408
0.612129807472229,0.3961830139160156,0.6283837556838989,0.3760435283184051,0.6004990935325623,0.3792987465858459,0.6575628519058228,0.3970909714698791,0.5870529413223267,0.4010046124458313,0.7019904255867004,0.5351434350013733,0.5618231892585754,0.5399011373519897,0.7361183762550354,0.7077534794807434,0.5292829275131226,0.6930239796638489,0.7491633296012878,0.8613725900650024,0.5065354108810425,0.8654311299324036,0.6775301098823547,0.8445916175842285,0.5732725858688354,0.8369800448417664,0.0,0.0,0.0,0.0,0.0,0.0,0.0,0.0,0.6311191320419312,0.5378000140190125
0.6455310583114624,0.3926988542079925,0.6627627015113831,0.3743883967399597,0.6329842209815979,0.3746349811553955,0.6904505491256714,0.399199515581131,0.6171988248825073,0.3961306512355804,0.7326262593269348,0.5402992367744446,0.5861974954605103,0.538798451423645,0.756822943687439,0.7166121602058411,0.5452571511268616,0.7089694738388062,0.7871760725975037,0.8695608973503113,0.5060809850692749,0.8636077046394348,0.7063851356506348,0.8325789570808411,0.6001845598220825,0.8347497582435608,0.0,0.0,0.0,0.0,0.0,0.0,0.0,0.0,0.656797468662262,0.5399674773216248
0.668950080871582,0.3990862071514129,0.6863231658935547,0.3809040486812591,0.6578273177146912,0.3813395798206329,0.7138980031013489,0.406388521194458,0.6436023116111755,0.4041025638580322,0.7587270736694336,0.5388973355293274,0.6141656041145325,0.536751389503479,0.7896125912666321,0.7105301022529602,0.5601963996887207,0.686491072177887,0.8164035081863403,0.8722563982009888,0.5077191591262817,0.8392499685287476,0.7342192530632019,0.826751708984375,0.6349614858627319,0.817949652671814,0.0,0.0,0.0,0.0,0.0,0.0,0.0,0.0,0.6844673752784729,0.536450982093811
0.6776069402694702,0.3984676301479339,0.6949373483657837,0.38022580742836,0.666587769985199,0.3796983659267425,0.7232780456542969,0.4031206965446472,0.6514939069747925,0.3986434042453766,0.7661313414573669,0.5315531492233276,0.6271390914916992,0.5349565744400024,0.7970395684242249,0.7062596082687378,0.5789456367492676,0.676118016242981,0.8233821988105774,0.8728760480880737,0.5344712138175964,0.8225097060203552,0.739409863948822,0.8174307942390442,0.6402263045310974,0.8157482743263245,0.0,0.0,0.0,0.0,0.0,0.0,0.0,0.0,0.6959267258644104,0.5321511626243591
0.680130124092102,0.3968344330787658,0.6977866888046265,0.3780217468738556,0.6690658330917358,0.3778733313083648,0.7264770269393921,0.4003997147083282,0.6543155908584595,0.39677494764328,0.7680028080940247,0.5300323963165283,0.6345927119255066,0.5359979271888733,0.7946265339851379,0.7004446387290955,0.6004480123519897,0.6729226112365723,0.8170036673545837,0.8670244812965393,0.5729325413703918,0.8064468502998352,0.7395057678222656,0.8259763121604919,0.6406556367874146,0.8150343894958496,0.0,0.0,0.0,0.0,0.0,0.0,0.0,0.0,0.7004473805427551,0.531049370765686
0.6772279143333435,0.3972451090812683,0.6946178674697876,0.3788466453552246,0.6651471257209778,0.3776585757732391,0.7217088937759399,0.3999695479869842,0.6489243507385254,0.3945502340793609,0.761292576789856,0.5309479832649231,0.6244878768920898,0.5385264754295349,0.7879395484924316,0.6998076438903809,0.6042634844779968,0.6802225708961487,0.8083900809288025,0.8610932230949402,0.5784420371055603,0.7951169610023499,0.7295032143592834,0.8256370425224304,0.6322242021560669,0.8171567916870117,0.0,0.0,0.0,0.0,0.0,0.0,0.0,0.0,0.6904661059379578,0.5328036546707153
0.649542510509491,0.3954800963401794,0.6675073504447937,0.3767628371715545,0.6357147097587585,0.3768512606620788,0.6973775625228882,0.3976154029369354,0.6187559962272644,0.3964287638664245,0.7383702397346497,0.521674394607544,0.6019611954689026,0.5362831950187683,0.7712599039077759,0.6970782279968262,0.5869554877281189,0.6900052428245544,0.7964701056480408,0.8617877960205078,0.5529155135154724,0.8146324157714844,0.708177924156189,0.8271260261535645,0.6123363375663757,0.8162316083908081,0.0,0.0,0.0,0.0,0.0,0.0,0.0,0.0,0.6672168374061584,0.5275253653526306
0.6301701664924622,0.3957985043525696,0.6466673612594604,0.3756740689277649,0.6161594986915588,0.3763676583766937,0.672569751739502,0.3941861093044281,0.6005813479423523,0.3950862884521484,0.7160091400146484,0.5225077271461487,0.5817402601242065,0.537398099899292,0.7521630525588989,0.7001070380210876,0.5691399574279785,0.6949462294578552,0.781927764415741,0.8618260622024536,0.526519238948822,0.8377682566642761,0.6882933974266052,0.8304356336593628,0.5907226204872131,0.8276612162590027,0.0,0.0,0.0,0.0,0.0,0.0,0.0,0.0,0.6459442973136902,0.5291483998298645
0.5882288217544556,0.3828804194927215,0.6064824461936951,0.365302175283432,0.576170802116394,0.3620235025882721,0.6350888609886169,0.3866147994995117,0.5583513379096985,0.3772852420806885,0.6717005372047424,0.5150599479675293,0.5399798154830933,0.52629154920578,0.7080685496330261,0.6868065595626831,0.5170018076896667,0.6835274696350098,0.7412479519844055,0.847469687461853,0.480607807636261,0.8378161787986755,0.6514577269554138,0.8334751725196838,0.5530301928520203,0.8314134478569031,0.0,0.0,0.0,0.0,0.0,0.0,0.0,0.0,0.605408787727356,0.5199486017227173
0.5696585774421692,0.3851496279239654,0.5885919332504272,0.3697177767753601,0.5564205050468445,0.3646702170372009,0.6120337247848511,0.3936914801597595,0.5373931527137756,0.383406788110733,0.6526795029640198,0.5172141790390015,0.5134471654891968,0.5294144749641418,0.690010666847229,0.6905642151832581,0.4837657809257507,0.690191924571991,0.7277315258979797,0.8497546911239624,0.4371442794799804,0.8465501070022583,0.6260685920715332,0.8342408537864685,0.5298892259597778,0.8301258683204651,0.0,0.0,0.0,0.0,0.0,0.0,0.0,0.0,0.5811152458190918,0.5228022336959839
0.5429366230964661,0.3746283948421478,0.5628717541694641,0.3563645780086517,0.5315448641777039,0.3541747629642486,0.5936107635498047,0.3814853727817535,0.516851007938385,0.3725722730159759,0.6338313817977905,0.5145901441574097,0.5010807514190674,0.5237963199615479,0.6735067367553711,0.7006202936172485,0.4583241045475006,0.6815932393074036,0.7195611000061035,0.8726679682731628,0.3885629177093506,0.8408298492431641,0.6013994812965393,0.8434109091758728,0.5064861178398132,0.8348346948623657,0.0,0.0,0.0,0.0,0.0,0.0,0.0,0.0,0.5653979778289795,0.5179623961448669
0.5381588339805603,0.3588515818119049,0.5579188466072083,0.340091198682785,0.5287946462631226,0.3390708565711975,0.5925070643424988,0.3719229102134704,0.0,0.0,0.6322542428970337,0.5150870084762573,0.4956364333629608,0.5231713652610779,0.6636561751365662,0.7016439437866211,0.4604441821575165,0.6857778429985046,0.7067840695381165,0.8848094344139099,0.3862622082233429,0.8359578251838684,0.5923776626586914,0.8366215825080872,0.4967579245567322,0.8475748896598816,0.0,0.0,0.0,0.0,0.0,0.0,0.0,0.0,0.5620545744895935,0.5171633958816528
0.534896194934845,0.3399938941001892,0.5571408271789551,0.3227638602256775,0.5256636738777161,0.3197131752967834,0.5937475562095642,0.3535874485969543,0.0,0.0,0.6326570510864258,0.5052966475486755,0.4859452843666076,0.510386049747467,0.6551207304000854,0.7004409432411194,0.4511596262454986,0.6888163685798645,0.6875109672546387,0.8783324956893921,0.3675523698329925,0.8321333527565002,0.5900099873542786,0.8311272263526917,0.4901635944843292,0.8336125016212463,0.0,0.0,0.0,0.0,0.0,0.0,0.0,0.0,0.5584103465080261,0.5073848366737366
0.5304890275001526,0.3315160274505615,0.5522534847259521,0.313164621591568,0.5201992392539978,0.3135624527931213,0.591940701007843,0.3442892432212829,0.0,0.0,0.6329652667045593,0.5049348473548889,0.4797768592834472,0.5081106424331665,0.6629212498664856,0.7059487104415894,0.4483928084373474,0.6936764717102051,0.6916532516479492,0.8927532434463501,0.3557081222534179,0.8335975408554077,0.5910296440124512,0.8477450013160706,0.4836036562919616,0.8499752283096313,0.0,0.0,0.0,0.0,0.0,0.0,0.0,0.0,0.5554865598678589,0.5051893591880798
0.5208973288536072,0.3168816864490509,0.5453592538833618,0.3001973927021026,0.5085911154747009,0.296426922082901,0.5800056457519531,0.3385955393314361,0.4912087321281433,0.3254913687705993,0.6240309476852417,0.4877743721008301,0.4566099047660827,0.500778079032898,0.6572849154472351,0.6997382044792175,0.4308496117591858,0.6956269145011902,0.6806330680847168,0.9003396034240723,0.3549450933933258,0.859961211681366,0.577820360660553,0.8446958661079407,0.4624343812465668,0.8476970791816711,0.0,0.0,0.0,0.0,0.0,0.0,0.0,0.0,0.5401228070259094,0.4934750199317932
0.5003435611724854,0.3131291568279266,0.523826003074646,0.2957876622676849,0.4863804280757904,0.2915423810482025,0.5601573586463928,0.3350323140621185,0.4671288132667541,0.3192296922206878,0.6084403395652771,0.4877439141273498,0.4318066537380218,0.4957755208015442,0.6411256194114685,0.6995182037353516,0.3954645693302154,0.7024913430213928,0.667854905128479,0.9078425168991088,0.3334540426731109,0.8942279815673828,0.5639151334762573,0.8348026871681213,0.4426417350769043,0.8479009866714478,0.0,0.0,0.0,0.0,0.0,0.0,0.0,0.0,0.5160104036331177,0.4903588593006134
0.4627266526222229,0.3134726583957672,0.4869832396507263,0.2944790422916412,0.4481894075870514,0.2895922660827636,0.5216855406761169,0.3344497978687286,0.4269546568393707,0.3183067142963409,0.5682756304740906,0.4966098964214325,0.39882493019104,0.509888231754303,0.601842999458313,0.723787248134613,0.3559065163135528,0.7094779014587402,0.6422365307807922,0.93111914396286,0.2983784079551697,0.9086126089096068,0.523811399936676,0.8862083554267883,0.3970401883125305,0.8826612830162048,0.0,0.0,0.0,0.0,0.0,0.0,0.0,0.0,0.4812815189361572,0.5015631318092346
0.4291098117828369,0.2914588153362274,0.4524540901184082,0.2705946862697601,0.4124996960163116,0.2693348824977875,0.4875723719596863,0.3050506114959717,0.3929898142814636,0.2983405590057373,0.5304921269416809,0.4683714807033539,0.3673658072948456,0.4896568953990936,0.5642270445823669,0.7074260711669922,0.3269148766994476,0.7068021893501282,0.6094567179679871,0.9269834160804749,0.2660402953624725,0.9042495489120485,0.4747292399406433,0.8856350779533386,0.3479602336883545,0.8831515312194824,0.0,0.0,0.0,0.0,0.0,0.0,0.0,0.0,0.4471719861030578,0.4773890376091003
0.381710946559906,0.2685488760471344,0.4047408998012543,0.2509385943412781,0.3637036979198456,0.2448108047246933,0.4324138462543487,0.2976348996162414,0.3354585170745849,0.2834199666976928,0.4822780191898346,0.466169536113739,0.3026344776153564,0.4895417392253876,0.5202223658561707,0.7030563354492188,0.2529743909835815,0.7123939394950867,0.5787703394889832,0.9133809208869934,0.1868377476930618,0.9191835522651672,0.4334742426872253,0.8779734373092651,0.3069998621940613,0.870233416557312,0.0,0.0,0.0,0.0,0.0,0.0,0.0,0.0,0.3905676007270813,0.4765481650829315
0.3512032628059387,0.2580874860286712,0.3783435821533203,0.2378114759922027,0.3364598751068115,0.2330863624811172,0.4157946109771728,0.2792813181877136,0.3163245618343353,0.2643979787826538,0.4671836793422699,0.4487317502498626,0.2877672016620636,0.4760943055152893,0.5055079460144043,0.6926313042640686,0.2327032536268234,0.7064792513847351,0.5637314319610596,0.8974611163139343,0.162617951631546,0.9042882323265076,0.4264681041240692,0.8660648465156555,0.2974186241626739,0.8680238127708435,0.0,0.0,0.0,0.0,0.0,0.0,0.0,0.0,0.3733832538127899,0.4602980315685272
0.3321756720542907,0.2393377274274826,0.3589601218700409,0.217849388718605,0.3149590492248535,0.220683678984642,0.4022771716117859,0.2632898986339569,0.2996926009654999,0.2616903185844421,0.4634872376918793,0.4392148554325104,0.2853410840034485,0.4769378006458282,0.5014519095420837,0.690001904964447,0.243424504995346,0.7085234522819519,0.5492414236068726,0.9214510321617126,0.1758464723825454,0.9166578650474548,0.4148686528205871,0.8854295015335083,0.2838750183582306,0.8983579874038696,0.0,0.0,0.0,0.0,0.0,0.0,0.0,0.0,0.3696270287036896,0.456265777349472
0.343409389257431,0.2187979370355606,0.3711619079113006,0.1956029385328292,0.3271055817604065,0.1997536718845367,0.4204573631286621,0.2424913644790649,0.3134419023990631,0.2404316961765289,0.4839798510074615,0.4298133254051208,0.2981582581996918,0.4655840992927551,0.5309846997261047,0.7087796330451965,0.2609831392765045,0.7021228075027466,0.5847314596176147,0.9437475204467772,0.204776257276535,0.9072683453559875,0.4310970306396484,0.9002144932746887,0.2942507863044739,0.9004643559455872,0.0,0.0,0.0,0.0,0.0,0.0,0.0,0.0,0.3878343403339386,0.442777544260025
0.3618569076061249,0.2000941485166549,0.39077228307724,0.1811031848192215,0.3452218174934387,0.1850352585315704,0.4389540553092956,0.2301095873117447,0.3301626741886139,0.229496955871582,0.5092613697052002,0.4237988293170929,0.310862272977829,0.4538783729076385,0.5591574907302856,0.6925426125526428,0.2640687823295593,0.6994232535362244,0.6201863884925842,0.9250311851501464,0.2000406086444854,0.9074045419692992,0.4589853584766388,0.8833131194114685,0.3152091801166534,0.899030327796936,0.0,0.0,0.0,0.0,0.0,0.0,0.0,0.0,0.4065046608448028,0.4370942115783691
0.4046947360038757,0.1912626326084137,0.4324466586112976,0.1679795980453491,0.3816487491130829,0.1771476566791534,0.4770412445068359,0.2170044481754303,0.3624460995197296,0.2304278165102005,0.545076310634613,0.4208218157291412,0.3283462524414062,0.4563238024711609,0.5923897624015808,0.6937731504440308,0.2724865078926086,0.6947450637817383,0.668123185634613,0.9434179663658142,0.1899993568658828,0.935835301876068,0.5053892731666565,0.8870044350624084,0.3512010276317596,0.9037305116653442,0.0,0.0,0.0,0.0,0.0,0.0,0.0,0.0,0.4353227317333221,0.4391577839851379
0.4478116631507873,0.1884608268737793,0.4752931892871856,0.1596681326627731,0.4234774112701416,0.1703950017690658,0.5221925973892212,0.2095446288585662,0.4051087200641632,0.2268368005752563,0.5866823196411133,0.426281064748764,0.358990341424942,0.4518798291683197,0.632557213306427,0.7109090685844421,0.2945937514305115,0.705413818359375,0.7030268311500549,0.983016312122345,0.2108995616436004,0.9506819844245912,0.5570610165596008,0.9575530886650084,0.3815245032310486,0.9580045342445374,0.0,0.0,0.0,0.0,0.0,0.0,0.0,0.0,0.4729138910770416,0.4391500353813171
0.4780823886394501,0.1745719015598297,0.503981351852417,0.148098737001419,0.4525814950466156,0.1542963236570358,0.5442043542861938,0.2008232623338699,0.4256670176982879,0.2158714085817337,0.6086582541465759,0.4263884425163269,0.3680389523506164,0.4304136931896209,0.6387729048728943,0.7224394083023071,0.3063411712646484,0.6845690608024597,0.7089112401008606,0.9817382097244264,0.223307579755783,0.978365421295166,0.5661683678627014,0.9559683203697203,0.3964989185333252,0.9539934992790222,0.0,0.0,0.0,0.0,0.0,0.0,0.0,0.0,0.4902423322200775,0.4266608357429504
0.4847822189331054,0.1641055643558502,0.5101330876350403,0.1374315917491912,0.4584350287914276,0.1412791162729263,0.5468332767486572,0.1897880136966705,0.4280676245689392,0.2039666026830673,0.6003006100654602,0.4322948157787323,0.3626429438591003,0.4146409630775451,0.6167140007019043,0.7219362258911133,0.2922424674034118,0.6789602041244507,0.6897225379943848,0.9910714030265808,0.2192200273275375,0.9780487418174744,0.5548892617225647,0.9910715222358704,0.0,0.0,0.0,0.0,0.0,0.0,0.0,0.0,0.0,0.0,0.4826739728450775,0.4214093387126922
0.4116438925266266,0.1221630349755287,0.441659152507782,0.1032045930624008,0.3855967223644256,0.1047122403979301,0.4851448535919189,0.1716751903295517,0.3557439744472503,0.1727002710103988,0.5356135964393616,0.4192505180835724,0.2790607810020447,0.4015938639640808,0.5465483665466309,0.7286590337753296,0.1991892158985138,0.7069278955459595,0.634713351726532,0.9845520257949828,0.149156779050827,0.991071343421936,0.4864611029624939,0.9910714030265808,0.0,0.0,0.0,0.0,0.0,0.0,0.0,0.0,0.0,0.0,0.4093907475471496,0.4100019931793213
0.3783202171325683,0.1113333329558372,0.4085622727870941,0.0874081775546073,0.3508842885494232,0.0983483344316482,0.4627286791801452,0.1571600586175918,0.3278501629829407,0.1726265102624893,0.5210227370262146,0.4263466298580169,0.2497553825378418,0.4119623303413391,0.5391091108322144,0.7116919159889221,0.1756432205438614,0.6906999945640564,0.6287857294082642,0.9363823533058168,0.1168771833181381,0.9910714030265808,0.4682634472846985,0.9646967053413392,0.279302030801773,0.9910714030265808,0.0,0.0,0.0,0.0,0.0,0.0,0.0,0.0,0.38963583111763,0.4162187874317169
0.3550167977809906,0.1013090163469314,0.3878602087497711,0.0772822052240371,0.3296963274478912,0.0921594351530075,0.4480564296245575,0.1545357704162597,0.3092265427112579,0.1706890612840652,0.5189442038536072,0.4218931794166565,0.2358558028936386,0.4225724041461944,0.5403159856796265,0.7020604014396667,0.1712550818920135,0.691172182559967,0.6117261648178101,0.916390299797058,0.1193276271224021,0.9910714030265808,0.4577015042304992,0.9910714030265808,0.2735475301742553,0.9772047400474548,0.0,0.0,0.0,0.0,0.0,0.0,0.0,0.0,0.3789111971855163,0.4213523268699646
0.3455487787723541,0.0883070826530456,0.3831954896450043,0.057880949229002,0.3178438544273376,0.0736097320914268,0.4516268670558929,0.1374825984239578,0.0,0.0,0.5328162312507629,0.4370793998241424,0.2338395118713379,0.4383337199687958,0.5584122538566589,0.7400542497634888,0.1807330548763275,0.7545568346977234,0.6084778904914856,0.9823271036148072,0.1359711736440658,0.9910712838172911,0.4547984600067138,0.9910714030265808,0.0,0.0,0.0,0.0,0.0,0.0,0.0,0.0,0.0,0.0,0.3838899135589599,0.4383885860443115
0.3497118651866913,0.08303714543581,0.3897235095500946,0.0519672967493534,0.3216123878955841,0.0620754957199096,0.4669124782085418,0.1293315142393112,0.0,0.0,0.5489266514778137,0.4339198470115661,0.2343839257955551,0.4406906962394714,0.5793322324752808,0.7927395701408386,0.1822169721126556,0.7961178421974182,0.0,0.0,0.0,0.0,0.0,0.0,0.0,0.0,0.0,0.0,0.0,0.0,0.0,0.0,0.0,0.0,0.3894167840480804,0.4384396970272064
0.359119713306427,0.0771028622984886,0.40118408203125,0.0431537441909313,0.3307194411754608,0.05409986525774,0.4746527969837188,0.1199174746870994,0.0,0.0,0.5683187246322632,0.4405361115932464,0.2398956567049026,0.4505251944065094,0.5996400117874146,0.8066234588623047,0.1884560883045196,0.8294431567192078,0.0,0.0,0.0,0.0,0.0,0.0,0.0,0.0,0.0,0.0,0.0,0.0,0.0,0.0,0.0,0.0,0.4011357426643371,0.4477613568305969
0.3772299885749817,0.0227914582937955,0.4174194931983948,0.0089285718277096,0.3547537624835968,0.0089285718277096,0.492494136095047,0.0837654545903205,0.0,0.0,0.5955525040626526,0.4076037406921386,0.2552632987499237,0.4355550110340118,0.6364611983299255,0.8005178570747375,0.1995301991701126,0.8312497735023499,0.0,0.0,0.0,0.0,0.0,0.0,0.0,0.0,0.0,0.0,0.0,0.0,0.0,0.0,0.0,0.0,0.4238049387931824,0.4230320751667022
0.3844403624534607,0.0089285718277096,0.0,0.0,0.3623314201831817,0.0089285718277096,0.5085201859474182,0.0587323382496833,0.0,0.0,0.6050068736076355,0.3988228738307953,0.2629585862159729,0.4230396449565887,0.6510454416275024,0.806860089302063,0.2025090456008911,0.8309268951416016,0.0,0.0,0.0,0.0,0.0,0.0,0.0,0.0,0.0,0.0,0.0,0.0,0.0,0.0,0.0,0.0,0.4355525076389313,0.4102315008640289
0.3965826630592346,0.0089285718277096,0.0,0.0,0.0,0.0,0.5141745209693909,0.0196775030344724,0.0,0.0,0.6153632998466492,0.3698408007621765,0.2724190950393677,0.4030064940452575,0.6516551375389099,0.7930507659912109,0.2107213288545608,0.7972989678382874,0.0,0.0,0.0,0.0,0.0,0.0,0.0,0.0,0.0,0.0,0.0,0.0,0.0,0.0,0.0,0.0,0.4451190829277038,0.3879923820495605
0.392290860414505,0.0089285718277096,0.0,0.0,0.0,0.0,0.5058683156967163,0.017388429492712,0.3655160963535309,0.0089285718277096,0.5999679565429688,0.3359896838665008,0.2749718427658081,0.3780768513679504,0.6563822627067566,0.739215075969696,0.2257733792066574,0.7617456316947937,0.7035786509513855,0.9910714030265808,0.0,0.0,0.0,0.0,0.0,0.0,0.0,0.0,0.0,0.0,0.0,0.0,0.0,0.0,0.437794029712677,0.3578217923641205
0.3758428990840912,0.0472670868039131,0.4146743416786194,0.0117376195266842,0.3556695282459259,0.0089285718277096,0.477202445268631,0.0965023636817932,0.327103316783905,0.0795317739248275,0.5585475564002991,0.3687367439270019,0.2570252120494842,0.407004565000534,0.6064924001693726,0.7221099138259888,0.21346315741539,0.7443405389785767,0.6570611000061035,0.991071343421936,0.1644592583179474,0.9910714030265808,0.0,0.0,0.0,0.0,0.0,0.0,0.0,0.0,0.0,0.0,0.0,0.0,0.4071042835712433,0.3883140087127685
0.3670239150524139,0.0897946283221244,0.4031571447849273,0.0577180050313472,0.3421606719493866,0.0641833245754242,0.4634242057800293,0.1208252161741256,0.319241851568222,0.1222343817353248,0.5401336550712585,0.3836667239665985,0.2534204721450805,0.4152391850948334,0.5775601267814636,0.715606153011322,0.2120600491762161,0.7399355173110962,0.634360671043396,0.9795427918434144,0.1652356088161468,0.9910714030265808,0.0,0.0,0.0,0.0,0.0,0.0,0.0,0.0,0.0,0.0,0.0,0.0,0.397432804107666,0.4006240367889404
0.3756696283817291,0.1213291883468627,0.4059805870056152,0.0901882201433181,0.3500921130180359,0.101184532046318,0.4640965759754181,0.1444260030984878,0.3313834369182586,0.1549360752105713,0.5423526763916016,0.3881705105304718,0.2882759571075439,0.4203416407108307,0.5796806216239929,0.7060099244117737,0.2386899888515472,0.7197402715682983,0.6374930739402771,0.9617491364479064,0.1894473135471344,0.9910715222358704,0.494214117527008,0.9584789276123048,0.3087056577205658,0.9576836824417114,0.0,0.0,0.0,0.0,0.0,0.0,0.0,0.0,0.4117253422737121,0.4043969213962555
0.4017256200313568,0.1611962467432022,0.4328544735908508,0.1292493343353271,0.3781542181968689,0.1435160487890243,0.4903483688831329,0.1724822372198104,0.3632023930549621,0.186410441994667,0.5641719102859497,0.4168655276298523,0.3285559713840484,0.4442363381385803,0.6046034693717957,0.717044472694397,0.2771526575088501,0.718551754951477,0.649681031703949,0.9789685010910034,0.2140015214681625,0.9910714030265808,0.496743768453598,0.954279899597168,0.3321636021137237,0.9260109066963196,0.0,0.0,0.0,0.0,0.0,0.0,0.0,0.0,0.4442896246910095,0.4308373630046844
0.4491057395935058,0.1951949745416641,0.4750813543796539,0.1608927398920059,0.4253353178501129,0.179091528058052,0.532112717628479,0.1984098404645919,0.4152436554431915,0.234210804104805,0.5975419282913208,0.4372236728668213,0.3653092384338379,0.4419853091239929,0.6356410980224609,0.7214753031730652,0.3179952502250671,0.6994398236274719,0.680994987487793,0.9910714030265808,0.252774178981781,0.977056086063385,0.5279355049133301,0.9359948039054872,0.3729910552501678,0.9233044385910034,0.0,0.0,0.0,0.0,0.0,0.0,0.0,0.0,0.4807691276073456,0.4383380115032196
0.477062851190567,0.221962496638298,0.5047401189804077,0.1953882873058319,0.4597502052783966,0.1989096254110336,0.5515387058258057,0.2369194030761718,0.4443009793758392,0.2354197651147842,0.6034541130065918,0.4506986737251282,0.3946301937103271,0.4498727321624756,0.6344160437583923,0.7086000442504883,0.3318996131420135,0.6700490713119507,0.6709952354431152,0.9566062688827516,0.2649545669555664,0.8896556496620178,0.5270636677742004,0.8841989636421204,0.381063163280487,0.8816741704940796,0.0,0.0,0.0,0.0,0.0,0.0,0.0,0.0,0.5001811385154724,0.4481587409973144
0.4737268388271332,0.2350595742464065,0.5013834238052368,0.2106125652790069,0.4561538100242615,0.2120305597782135,0.5436141490936279,0.2559577822685241,0.4376077055931091,0.249425783753395,0.5895165801048279,0.46551114320755,0.3827862441539764,0.4517045021057129,0.6133991479873657,0.7187797427177429,0.3195380866527557,0.6799305081367493,0.6537318229675293,0.9426950812339784,0.2517160177230835,0.8902007937431335,0.5180832743644714,0.88056880235672,0.3798796534538269,0.8547059297561646,0.0,0.0,0.0,0.0,0.0,0.0,0.0,0.0,0.4841393828392029,0.4565005898475647
0.4554126262664795,0.2479776889085769,0.4809247851371765,0.2282232940196991,0.4385277926921844,0.2216024398803711,0.5134053230285645,0.2770150303840637,0.4140873849391937,0.2566365897655487,0.5480948686599731,0.4635619819164276,0.3528916835784912,0.4543945491313934,0.578486979007721,0.7186192274093628,0.2894761860370636,0.6774767637252808,0.6307792067527771,0.9448375105857848,0.2212570756673813,0.8809419870376587,0.489358127117157,0.8522704839706421,0.3535820543766022,0.8494715094566345,0.0,0.0,0.0,0.0,0.0,0.0,0.0,0.0,0.4519202709197998,0.4589544236660003
0.4024642407894134,0.2674747407436371,0.4300307631492615,0.2499197423458099,0.3864303529262543,0.2449670583009719,0.4586986601352691,0.3008464872837066,0.3634332716464996,0.2817581593990326,0.4915294051170349,0.4790303111076355,0.3015471994876861,0.4697076976299286,0.5253797173500061,0.7217797040939331,0.2398086637258529,0.6860349774360657,0.5680260062217712,0.9201365113258362,0.1742834746837616,0.9056435823440552,0.4329462349414825,0.8669070601463318,0.3006923198699951,0.8648250699043274,0.0,0.0,0.0,0.0,0.0,0.0,0.0,0.0,0.397928923368454,0.4737747609615326
0.3630562126636505,0.287959486246109,0.3869231343269348,0.2678367495536804,0.3477404415607452,0.2630482017993927,0.4190611243247986,0.3128811717033386,0.3235123455524444,0.2969827055931091,0.4509155750274658,0.4942962229251861,0.2638962566852569,0.4824101030826568,0.4789065420627594,0.7278444170951843,0.2042048424482345,0.7068656086921692,0.5201399922370911,0.9384740591049194,0.1457049548625946,0.9226279258728028,0.3942018151283264,0.8511814475059509,0.2688933908939361,0.8494595289230347,0.0,0.0,0.0,0.0,0.0,0.0,0.0,0.0,0.3577728867530823,0.487005740404129
0.3409542739391327,0.2974249422550201,0.3652869164943695,0.2774985730648041,0.3247787952423095,0.2725866138935089,0.3950701653957367,0.3213782608509063,0.2998934388160705,0.306450605392456,0.4292778968811035,0.4937314987182617,0.2397446930408477,0.4885237216949463,0.4476527571678161,0.7250310778617859,0.1849770247936248,0.7007349729537964,0.4915801584720611,0.9328306317329408,0.1244248673319816,0.9162648916244508,0.3790260851383209,0.8461700081825256,0.2516387403011322,0.8347105383872986,0.0,0.0,0.0,0.0,0.0,0.0,0.0,0.0,0.3354962468147278,0.4885559678077698
0.3249769210815429,0.3012413680553436,0.3486858308315277,0.279794305562973,0.3070082366466522,0.2774091958999634,0.3812062442302704,0.3222085535526275,0.2817257344722748,0.3143320083618164,0.4160864055156708,0.4977662563323974,0.2267092615365982,0.4957309067249298,0.4381895959377289,0.7217050790786743,0.1743328124284744,0.7054678201675415,0.482029527425766,0.9102219343185424,0.1132505536079406,0.9181494116783142,0.3729185760021209,0.8499282002449036,0.2454102337360382,0.8505931496620178,0.0,0.0,0.0,0.0,0.0,0.0,0.0,0.0,0.3227026462554931,0.4939258694648742
0.3309315145015716,0.3093875050544739,0.3522760272026062,0.2843856513500213,0.3118003010749817,0.2895998358726501,0.3851149678230285,0.319081038236618,0.2910149395465851,0.3266822695732116,0.424041599035263,0.5027652382850647,0.2414550632238388,0.4997465908527374,0.443898856639862,0.7198547720909119,0.1908019334077835,0.708950400352478,0.4879667460918426,0.8977059721946716,0.1354880183935165,0.9154983162879944,0.3766708076000213,0.8621960878372192,0.2614904046058655,0.8521551489830017,0.0,0.0,0.0,0.0,0.0,0.0,0.0,0.0,0.3337783217430115,0.4986161589622497
0.3463311493396759,0.3020587861537933,0.3639804422855377,0.280987799167633,0.3276503980159759,0.2848721742630005,0.3947505056858063,0.3176009058952331,0.3070034980773926,0.3280766308307647,0.4300034046173095,0.5007204413414001,0.2509706616401672,0.4929041862487793,0.449581116437912,0.7125129103660583,0.1991158425807953,0.7028965353965759,0.4933057427406311,0.8861224055290222,0.1482229977846145,0.9167400598526,0.3716419637203216,0.8490180969238281,0.258614718914032,0.8463922739028931,0.0,0.0,0.0,0.0,0.0,0.0,0.0,0.0,0.3411806225776672,0.4951239228248596
0.350353479385376,0.3092856109142303,0.3699365258216858,0.2899533212184906,0.3334202766418457,0.2874937653541565,0.3958472609519958,0.3268415629863739,0.3088346421718597,0.3233648836612701,0.4245970547199249,0.504772424697876,0.2461658269166946,0.488109827041626,0.4428024291992187,0.7188411355018616,0.1907708346843719,0.6985848546028137,0.4815098941326141,0.8841543793678284,0.1414433270692825,0.9087902903556824,0.3656812012195587,0.8440080285072327,0.2519899904727936,0.8331591486930847,0.0,0.0,0.0,0.0,0.0,0.0,0.0,0.0,0.3362703025341034,0.4955838322639465
0.3360327780246734,0.3139277100563049,0.3554930686950683,0.2935703098773956,0.3148477971553802,0.2914356589317322,0.3753637969493866,0.3339232802391052,0.282902181148529,0.3303647041320801,0.384892851114273,0.4975413978099823,0.2291644364595413,0.4803783297538757,0.3979198932647705,0.7044534683227539,0.1643215417861938,0.6945377588272095,0.4472563564777374,0.8702125549316406,0.1146590560674667,0.9224559664726256,0.3453745245933532,0.8448320031166077,0.232969045639038,0.8478808999061584,0.0,0.0,0.0,0.0,0.0,0.0,0.0,0.0,0.3081458210945129,0.4876531064510345
0.3080642819404602,0.3043530881404876,0.3252968788146972,0.2840000689029693,0.2857611179351806,0.2830289304256439,0.3459506332874298,0.3267105519771576,0.253523588180542,0.3248789608478546,0.3528472781181335,0.4962976276874542,0.1991486549377441,0.4709460735321045,0.356223851442337,0.7095068693161011,0.1303751319646835,0.6910647749900818,0.4027078747749328,0.886931836605072,0.0855223909020423,0.9187226295471193,0.3140141665935516,0.86865234375,0.2004975378513336,0.8574334979057312,0.0,0.0,0.0,0.0,0.0,0.0,0.0,0.0,0.2777417004108429,0.4818897545337677
0.2799221277236938,0.293766975402832,0.2970127165317535,0.2742221653461456,0.2563689053058624,0.2746284306049347,0.3156428933143616,0.3137569725513458,0.2217885106801986,0.317627489566803,0.3204604983329773,0.4937447905540466,0.1737831383943557,0.4596348404884338,0.3206463754177093,0.7171617746353149,0.0955419465899467,0.6903148293495178,0.3512981235980987,0.8895925283432007,0.0534963309764862,0.9392460584640504,0.29295215010643,0.8661894202232361,0.1817136704921722,0.8680824637413025,0.0,0.0,0.0,0.0,0.0,0.0,0.0,0.0,0.249143436551094,0.4773012697696686
0.2604599297046661,0.2862350046634674,0.276139885187149,0.2678529620170593,0.2373564392328262,0.2667409181594848,0.294400691986084,0.315020889043808,0.2033077925443649,0.3119778633117676,0.2939334511756897,0.4906800389289856,0.1536972224712371,0.4535581469535827,0.2866805493831634,0.7207646369934082,0.0752734914422035,0.7090501189231873,0.0,0.0,0.0392711423337459,0.9745276570320128,0.2744364440441131,0.8508623242378235,0.1706015914678573,0.8693119287490845,0.0,0.0,0.0,0.0,0.0,0.0,0.0,0.0,0.2247586250305175,0.4723452627658844
0.2501806914806366,0.2728607058525085,0.2644036412239074,0.2534728944301605,0.2248284816741943,0.2535023093223572,0.282803863286972,0.3044668734073639,0.191182404756546,0.3037404119968414,0.2787675559520721,0.4836239814758301,0.1512928307056427,0.4492778480052948,0.266070544719696,0.710121214389801,0.0723025277256965,0.7231301069259644,0.0,0.0,0.041317481547594,0.9746063947677612,0.2703085541725158,0.8457507491111755,0.1771379560232162,0.8646737933158875,0.0,0.0,0.0,0.0,0.0,0.0,0.0,0.0,0.2158928364515304,0.4665468633174896
0.2561347186565399,0.2730738222599029,0.2716467380523681,0.2481620609760284,0.2300699204206466,0.2499776631593704,0.29230996966362,0.2945390045642853,0.1943611055612564,0.3029230535030365,0.2868176996707916,0.4798926711082458,0.1693705469369888,0.452650636434555,0.2880391478538513,0.7236781716346741,0.0907667726278305,0.7201548218727112,0.3258419036865234,0.8708261847496033,0.0642449632287025,0.977932333946228,0.2798162400722503,0.9339370131492616,0.1707794219255447,0.9546905159950256,0.0,0.0,0.0,0.0,0.0,0.0,0.0,0.0,0.2272748500108719,0.4674539864063263
0.2608951032161712,0.2720843553543091,0.2783380150794983,0.2472423166036605,0.2360702902078628,0.2520842552185058,0.3023521602153778,0.2906870245933532,0.2046770751476287,0.3012034296989441,0.3053520023822784,0.4870003759860992,0.1743394434452057,0.4518784582614898,0.307096779346466,0.7345714569091797,0.0997943133115768,0.7179675698280334,0.339478075504303,0.8839821815490723,0.0,0.0,0.2931918501853943,0.9554258584976196,0.0,0.0,0.0,0.0,0.0,0.0,0.0,0.0,0.0,0.0,0.239048033952713,0.4701588153839111
0.2905953824520111,0.2698104977607727,0.3096081912517547,0.2491754442453384,0.2668935656547546,0.2487545311450958,0.3305054605007171,0.3006740212440491,0.2333655208349228,0.2999684512615204,0.3370808959007263,0.4801468849182129,0.1895794123411178,0.4496760666370392,0.3415951430797577,0.7064628005027771,0.1179908663034439,0.6896629333496094,0.3817538619041443,0.8828229308128357,0.0841109156608581,0.952961266040802,0.3257453441619873,0.8805059790611267,0.2180637568235397,0.8849202394485474,0.0,0.0,0.0,0.0,0.0,0.0,0.0,0.0,0.2641714513301849,0.4652612805366516
0.3047726452350616,0.2722691893577575,0.3222017586231231,0.2502453923225403,0.2808870375156402,0.2551893293857574,0.3475187718868255,0.2965225875377655,0.2571074366569519,0.3027234971523285,0.363203763961792,0.4808917045593261,0.2104438096284866,0.4552123546600342,0.3825611472129822,0.7111087441444397,0.1422435194253921,0.6861259341239929,0.4341314733028412,0.8706058263778687,0.102358654141426,0.9384047389030457,0.353353202342987,0.8673633933067322,0.2431893199682235,0.8549188375473022,0.0,0.0,0.0,0.0,0.0,0.0,0.0,0.0,0.2891580760478973,0.4673659801483154
0.322847455739975,0.2779793441295624,0.3383772671222687,0.2546462416648865,0.2985153794288635,0.258295327425003,0.3623831570148468,0.2997548282146454,0.2703959047794342,0.3072497248649597,0.3843216598033905,0.4866721332073211,0.2270728200674057,0.4634890556335449,0.4135058522224426,0.715330958366394,0.1640440374612808,0.6938181519508362,0.4760370254516601,0.881616473197937,0.1196526959538459,0.9425415992736816,0.3717059791088104,0.9023460745811462,0.2569811940193176,0.9174963235855104,0.0,0.0,0.0,0.0,0.0,0.0,0.0,0.0,0.3068129420280456,0.4747588634490967
0.3353554606437683,0.2830287218093872,0.3529322445392608,0.2589582800865173,0.3111460506916046,0.2645596861839294,0.3819852471351623,0.3000978529453277,0.2878352701663971,0.3112296760082245,0.4064585268497467,0.4845784306526184,0.2441331297159195,0.4712184071540832,0.4403949379920959,0.7017148733139038,0.1814965009689331,0.7035680413246155,0.5101693272590637,0.8860096335411072,0.1406826078891754,0.9416031241416932,0.3831370770931244,0.8843327164649963,0.2723965048789978,0.9003010392189026,0.0,0.0,0.0,0.0,0.0,0.0,0.0,0.0,0.3274152278900146,0.478109747171402
0.3570130467414856,0.2838240265846252,0.3741542994976043,0.2620857954025268,0.3342308700084686,0.2675116062164306,0.402333915233612,0.2991621494293213,0.312311977148056,0.3155049979686737,0.4306490421295166,0.4906912744045257,0.2670926451683044,0.4746796786785126,0.4715849757194519,0.7149656414985657,0.1993509829044342,0.7044206857681274,0.537775993347168,0.8817254900932312,0.15745909512043,0.9371165037155152,0.411265105009079,0.9029523730278016,0.295611560344696,0.90072101354599,0.0,0.0,0.0,0.0,0.0,0.0,0.0,0.0,0.3501422107219696,0.4809275269508362
0.3874453604221344,0.2816506028175354,0.4017041623592376,0.2599972784519195,0.3627618253231048,0.2650050818920135,0.4257258772850036,0.2972941994667053,0.33509561419487,0.3105563223361969,0.4472479820251465,0.4821342825889587,0.2924660146236419,0.4714240133762359,0.482159823179245,0.6935073137283325,0.2228166311979293,0.7035132050514221,0.5538969039916992,0.882036030292511,0.1730120033025741,0.9550751447677612,0.4227857887744903,0.8852739930152893,0.3103271424770355,0.8824154734611511,0.0,0.0,0.0,0.0,0.0,0.0,0.0,0.0,0.3727642893791199,0.4760149121284485
0.4026955664157867,0.2619146406650543,0.4180495142936706,0.2406046688556671,0.3761957585811615,0.2471755743026733,0.4452879428863525,0.2905873656272888,0.3476262986660003,0.3100581765174866,0.4657452404499054,0.475097119808197,0.3138680756092071,0.4664474427700043,0.4987309873104095,0.7057849168777466,0.2431183159351349,0.7063441276550293,0.5654544830322266,0.8907299041748047,0.1876169294118881,0.9408440589904784,0.4465859234333038,0.903381884098053,0.335697740316391,0.916654407978058,0.0,0.0,0.0,0.0,0.0,0.0,0.0,0.0,0.3933167159557342,0.470813125371933
0.4333444535732269,0.2468034923076629,0.4424374103546142,0.2253593504428863,0.4030447900295257,0.2294652163982391,0.0,0.0,0.3628996908664703,0.2902496755123138,0.4965293407440185,0.4460861086845398,0.3312217891216278,0.4554666876792907,0.5193928480148315,0.6905142068862915,0.2492548078298568,0.6852773427963257,0.5927137732505798,0.8627251386642456,0.1777224540710449,0.9325644373893738,0.4727354645729065,0.8701162934303284,0.3664805293083191,0.8838324546813965,0.0,0.0,0.0,0.0,0.0,0.0,0.0,0.0,0.4161379635334015,0.452017992734909
0.4738576412200928,0.2474236339330673,0.4783092439174652,0.2248847186565399,0.4429018497467041,0.2284412533044815,0.0,0.0,0.3959558308124542,0.2795356810092926,0.5204998254776001,0.4437074959278106,0.350182294845581,0.4544427096843719,0.5612190961837769,0.6798104047775269,0.2566536664962768,0.6728219985961914,0.636832058429718,0.8484801054000854,0.1748664230108261,0.9140478372573853,0.4959518611431122,0.848789632320404,0.3827908933162689,0.8484306335449219,0.0,0.0,0.0,0.0,0.0,0.0,0.0,0.0,0.4378687739372253,0.4503826200962066
0.5282447338104248,0.2744336426258087,0.5368998050689697,0.2530982196331024,0.5016871690750122,0.2534399926662445,0.0,0.0,0.4500336945056915,0.296669453382492,0.5817307233810425,0.4755894243717193,0.4004263579845428,0.4723292291164398,0.6400521397590637,0.6925886869430542,0.3067246079444885,0.6829934120178223,0.6960911154747009,0.8712059855461121,0.2346758544445037,0.9009857773780824,0.5565100908279419,0.8687919974327087,0.4336729049682617,0.8817063570022583,0.0,0.0,0.0,0.0,0.0,0.0,0.0,0.0,0.4906878769397735,0.4726926386356354
0.5685033202171326,0.2988486886024475,0.5793307423591614,0.2780968248844147,0.5410839915275574,0.277647465467453,0.0,0.0,0.4912305772304535,0.31927490234375,0.6242538094520569,0.4870987236499786,0.4423835277557373,0.4833698868751526,0.7057700753211975,0.686312198638916,0.3342953622341156,0.6752796173095703,0.7531827092170715,0.869235634803772,0.2541502714157104,0.8867354989051819,0.5917605757713318,0.8651108145713806,0.4704239070415497,0.8664332628250122,0.0,0.0,0.0,0.0,0.0,0.0,0.0,0.0,0.5344961285591125,0.4834505915641784
0.5970881581306458,0.3171522319316864,0.6083806157112122,0.2966377139091491,0.5709460973739624,0.2947706878185272,0.0,0.0,0.5256891250610352,0.3329232037067413,0.6588690876960754,0.4862297177314758,0.4747509956359863,0.4835586845874786,0.7454365491867065,0.6702917814254761,0.3569267094135284,0.6394066214561462,0.794303834438324,0.8510874509811401,0.2691428363323211,0.8507218360900879,0.6124659776687622,0.832947850227356,0.4962785243988037,0.8307283520698547,0.0,0.0,0.0,0.0,0.0,0.0,0.0,0.0,0.5674536824226379,0.4823103845119476
0.6014566421508789,0.317683070898056,0.6129137873649597,0.2968282699584961,0.5747857689857483,0.2982909083366394,0.6317053437232971,0.3291289806365967,0.534705638885498,0.3420631885528564,0.6709683537483215,0.4869721531867981,0.4912932515144348,0.4842545986175537,0.7423886060714722,0.6774505972862244,0.3775478303432464,0.6463302373886108,0.7997741103172302,0.8535850644111633,0.2856211364269256,0.8426709771156311,0.620833694934845,0.8467254042625427,0.5056329369544983,0.8328506350517273,0.0,0.0,0.0,0.0,0.0,0.0,0.0,0.0,0.581447958946228,0.4840353429317474
0.5901862978935242,0.3265126645565033,0.606043815612793,0.3061831891536712,0.5669013857841492,0.3096013367176056,0.6279726624488831,0.340088278055191,0.5349904894828796,0.3503368496894836,0.6624302268028259,0.501996636390686,0.4880527853965759,0.4994735717773437,0.7064247131347656,0.7037309408187866,0.4135815799236297,0.675677478313446,0.768762469291687,0.8719466328620911,0.334717720746994,0.8465221524238586,0.6137285828590393,0.8463535308837891,0.5008152723312378,0.8365916609764099,0.0,0.0,0.0,0.0,0.0,0.0,0.0,0.0,0.5745530724525452,0.4974963366985321
0.565125584602356,0.3387874066829681,0.5825071930885315,0.3210653662681579,0.5471858978271484,0.3200709521770477,0.603983461856842,0.3504534363746643,0.5238900780677795,0.3524508774280548,0.6420196890830994,0.5132986903190613,0.4741759300231933,0.5113797783851624,0.687678337097168,0.7126224637031555,0.409061849117279,0.6928384900093079,0.750766932964325,0.8863862752914429,0.3411400318145752,0.8632702231407166,0.5993264317512512,0.8475761413574219,0.4897313416004181,0.8485571146011353,0.0,0.0,0.0,0.0,0.0,0.0,0.0,0.0,0.5577214956283569,0.5106220245361328
0.5274091958999634,0.3562647402286529,0.5433375239372253,0.3380843698978424,0.5139009356498718,0.3396728038787842,0.5688528418540955,0.3678057789802551,0.4964330792427063,0.3670065104961395,0.6103419065475464,0.519799530506134,0.4539642035961151,0.5263780951499939,0.6653777956962585,0.7092939615249634,0.4037225842475891,0.6999698877334595,0.7360175848007202,0.8649781346321106,0.336701363325119,0.8630369901657104,0.5776281356811523,0.8446160554885864,0.476169615983963,0.8521586656570435,0.0,0.0,0.0,0.0,0.0,0.0,0.0,0.0,0.5304266810417175,0.5212202668190002
0.5096436142921448,0.3661394119262695,0.5276606678962708,0.3501489162445068,0.4970625936985016,0.3511552512645721,0.5538564920425415,0.3798445761203766,0.4792616069316864,0.3796955645084381,0.5936668515205383,0.5314359664916992,0.4406984746456146,0.5368652939796448,0.6423646807670593,0.7121325731277466,0.398465096950531,0.708838164806366,0.7070624232292175,0.8601198196411133,0.3486320078372955,0.8834250569343567,0.5723272562026978,0.8344616293907166,0.4699729084968567,0.852042555809021,0.0,0.0,0.0,0.0,0.0,0.0,0.0,0.0,0.5148552060127258,0.5331857204437256
0.5009790062904358,0.3668436110019684,0.5187700390815735,0.3504359424114227,0.487882912158966,0.3502085506916046,0.5435386896133423,0.3782336413860321,0.4705764949321747,0.377975732088089,0.5896801948547363,0.5229086875915527,0.4400177299976349,0.5377114415168762,0.6331936120986938,0.7072916030883789,0.4138153195381164,0.7114667892456055,0.6827319264411926,0.8570132255554199,0.3771564364433288,0.8841437101364136,0.5758064389228821,0.8277005553245544,0.4752767384052276,0.8466402888298035,0.0,0.0,0.0,0.0,0.0,0.0,0.0,0.0,0.5125535726547241,0.5292260050773621
0.5021423697471619,0.3732599914073944,0.5198280811309814,0.3553097248077392,0.4894714057445526,0.3572362065315246,0.5479229688644409,0.3811886012554168,0.4741005599498749,0.3844571709632873,0.5960575938224792,0.5194131135940552,0.4481959044933319,0.5415107011795044,0.6361679434776306,0.6997982263565063,0.4310589432716369,0.7084265947341919,0.6749255061149597,0.8529484868049622,0.4055895507335663,0.8793903589248657,0.5906567573547363,0.8288078308105469,0.4820354878902435,0.844710648059845,0.0,0.0,0.0,0.0,0.0,0.0,0.0,0.0,0.5211541056632996,0.529702365398407
0.5319706797599792,0.3791040480136871,0.5471832156181335,0.3597199022769928,0.5187113285064697,0.3641067445278168,0.5767418742179871,0.3812310993671417,0.5054092407226562,0.3905970752239227,0.6289335489273071,0.5236037969589233,0.4900760054588318,0.5326544642448425,0.6582843661308289,0.6949725151062012,0.4634032845497131,0.70171058177948,0.69536954164505,0.8568482398986816,0.4418012201786041,0.8683726191520691,0.6136892437934875,0.8305779099464417,0.5130519866943359,0.8328987956047058,0.0,0.0,0.0,0.0,0.0,0.0,0.0,0.0,0.5583064556121826,0.5276820063591003
0.5862034559249878,0.3809497356414795,0.6011010408401489,0.3613828718662262,0.5725656151771545,0.3659932613372803,0.6310551762580872,0.3813760876655578,0.5594891309738159,0.3917597234249115,0.6818074584007263,0.5240767002105713,0.5380033254623413,0.5377440452575684,0.713995099067688,0.7007163763046265,0.5132749676704407,0.7022925615310669,0.7416139841079712,0.8632821440696716,0.4874038696289062,0.8715865015983582,0.6652947068214417,0.8332270383834839,0.5601414442062378,0.8351231217384338,0.0,0.0,0.0,0.0,0.0,0.0,0.0,0.0,0.6105179190635681,0.5297654271125793
0.6307907700538635,0.3956983685493469,0.6466392278671265,0.373088538646698,0.6167543530464172,0.3794392049312591,0.6773300766944885,0.3899272084236145,0.6049705743789673,0.402565062046051,0.7293564677238464,0.531841516494751,0.5874435305595398,0.541376531124115,0.7653212547302246,0.7109083533287048,0.5640624761581421,0.7137278318405151,0.7970806360244751,0.8679308295249939,0.5313042998313904,0.8683268427848816,0.6995355486869812,0.8328387141227722,0.5985031723976135,0.8333600759506226,0.0,0.0,0.0,0.0,0.0,0.0,0.0,0.0,0.6556746363639832,0.5367635488510132
0.6448207497596741,0.3998990654945373,0.663465678691864,0.3816642165184021,0.6350087523460388,0.3831985592842102,0.698019802570343,0.4052779078483581,0.622887134552002,0.4047908782958984,0.7428954243659973,0.5364122986793518,0.6079472899436951,0.542018711566925,0.7827039957046509,0.7130260467529297,0.5897701382637024,0.7024161219596863,0.8259359002113342,0.8801902532577515,0.5603101849555969,0.8532153367996216,0.7066184282302856,0.818304717540741,0.6103044748306274,0.8132255673408508,0.0,0.0,0.0,0.0,0.0,0.0,0.0,0.0,0.6723694801330566,0.5379475951194763
0.6480570435523987,0.3991408348083496,0.6674938201904297,0.3831875920295715,0.6393202543258667,0.3827198445796966,0.6998758316040039,0.4081802666187286,0.625651478767395,0.4025495052337646,0.7392538785934448,0.5316528677940369,0.6108362078666687,0.5392180681228638,0.7796804308891296,0.7047386169433594,0.0,0.0,0.8199909925460815,0.868290364742279,0.0,0.0,0.7051305174827576,0.8164022564888,0.6176256537437439,0.8083145022392273,0.0,0.0,0.0,0.0,0.0,0.0,0.0,0.0,0.672623336315155,0.53376704454422
0.6435348391532898,0.4038896858692169,0.6630836725234985,0.3877272605895996,0.633537232875824,0.3872238099575043,0.6947687864303589,0.4107149243354797,0.6192242503166199,0.4045270979404449,0.7277763485908508,0.5322071313858032,0.6077179908752441,0.5389893651008606,0.765637218952179,0.6996143460273743,0.0,0.0,0.8000404238700867,0.8676957488059998,0.0,0.0,0.6894393563270569,0.8141447305679321,0.6094196438789368,0.7984380722045898,0.0,0.0,0.5922675728797913,0.9910714030265808,0.0,0.0,0.0,0.0,0.6654806733131409,0.5347920060157776
0.6334911584854126,0.4065265655517578,0.6513124108314514,0.3891877233982086,0.6255261301994324,0.3884375393390655,0.6837431192398071,0.4130855202674866,0.0,0.0,0.7125237584114075,0.531039834022522,0.608563244342804,0.5350400805473328,0.7566694617271423,0.6966370940208435,0.0,0.0,0.7886720895767212,0.865799605846405,0.0,0.0,0.6776569485664368,0.8307374119758606,0.6061373353004456,0.8151869177818298,0.0,0.0,0.0,0.0,0.0,0.0,0.0,0.0,0.6580410003662109,0.5335012078285217
0.6251044273376465,0.4155615270137787,0.6430676579475403,0.3980552554130554,0.6183272004127502,0.3966605365276336,0.6750805974006653,0.4187529981136322,0.0,0.0,0.6985985636711121,0.5342050194740295,0.6086405515670776,0.5328582525253296,0.7382568120956421,0.6985940337181091,0.0,0.0,0.760798990726471,0.8711222410202026,0.0,0.0,0.6623837351799011,0.83051598072052,0.5996226668357849,0.8137832880020142,0.0,0.0,0.0,0.0,0.0,0.0,0.0,0.0,0.651797890663147,0.5344272255897522
0.6227025985717773,0.4221691489219665,0.6396800875663757,0.4054195284843445,0.6145800948143005,0.4044432342052459,0.6685288548469543,0.4246321320533752,0.6022930145263672,0.4141840934753418,0.698931872844696,0.5356151461601257,0.6027408838272095,0.5336111187934875,0.7340345978736877,0.7011827230453491,0.0,0.0,0.7518919110298157,0.8625286817550659,0.0,0.0,0.6750718951225281,0.8149436712265015,0.6056236028671265,0.800076425075531,0.0,0.0,0.0,0.0,0.0,0.0,0.0,0.0,0.6488280892372131,0.5351685285568237
0.6309854388237,0.4256153106689453,0.6453495621681213,0.4069542586803436,0.6181672215461731,0.4082854390144348,0.6703776717185974,0.4230237007141113,0.6050209403038025,0.4238121211528778,0.708400309085846,0.5391911268234253,0.5961903929710388,0.5476545691490173,0.7408351302146912,0.6992039680480957,0.5840545296669006,0.701210618019104,0.7705590128898621,0.8480788469314575,0.555919349193573,0.8482826352119446,0.6921869516372681,0.8286963105201721,0.6143471002578735,0.8297860026359558,0.0,0.0,0.0,0.0,0.0,0.0,0.0,0.0,0.6506693959236145,0.5438404679298401
0.6423767805099487,0.4213198721408844,0.6557707786560059,0.4023065268993377,0.628083348274231,0.4053559601306915,0.6800566911697388,0.4199202060699463,0.613647997379303,0.4262163043022156,0.7218509912490845,0.5443583130836487,0.5994009375572205,0.5531178712844849,0.7531329989433289,0.7103691697120667,0.579067051410675,0.7071533203125,0.7881544828414917,0.8543535470962524,0.5490308403968811,0.8521748185157776,0.7058213353157043,0.8347102999687195,0.6208783984184265,0.8428022265434265,0.0,0.0,0.0,0.0,0.0,0.0,0.0,0.0,0.6583653092384338,0.549521267414093
0.6655388474464417,0.4082104861736297,0.6799528002738953,0.3922743201255798,0.6511355638504028,0.3926114439964294,0.7007532715797424,0.4165605902671814,0.6348248720169067,0.4180381596088409,0.7407419085502625,0.5398024916648865,0.6087209582328796,0.5490064024925232,0.7692557573318481,0.7050711512565613,0.5764902830123901,0.7026095390319824,0.8015890121459961,0.8505184054374695,0.5449853539466858,0.8386608958244324,0.7277947068214417,0.834261417388916,0.6330699324607849,0.8336724638938904,0.0,0.0,0.0,0.0,0.0,0.0,0.0,0.0,0.6734141111373901,0.5443610548973083
0.6806555986404419,0.4058564305305481,0.6943864822387695,0.3892498910427093,0.6667531132698059,0.3889276385307312,0.7148628830909729,0.4120121002197265,0.6486535668373108,0.4108811914920807,0.7517297863960266,0.5408506989479065,0.6215604543685913,0.5455324053764343,0.7756126523017883,0.6989361643791199,0.5844826698303223,0.701558530330658,0.8093549609184265,0.8479323983192444,0.5506302714347839,0.8351964950561523,0.7368435263633728,0.8348029851913452,0.6415784955024719,0.8350805044174194,0.0,0.0,0.0,0.0,0.0,0.0,0.0,0.0,0.685653805732727,0.5430142879486084
0.6926320195198059,0.4039646685123443,0.7072434425354004,0.3879367411136627,0.6790604591369629,0.3881845474243164,0.7274888753890991,0.4109238088130951,0.6608379483222961,0.4126651287078857,0.7678799629211426,0.541113555431366,0.632752537727356,0.5414141416549683,0.7894173264503479,0.701289713382721,0.5949482917785645,0.6850029826164246,0.8210863471031189,0.847774088382721,0.5617250204086304,0.8237537741661072,0.7425457835197449,0.8327192664146423,0.646744430065155,0.8317422866821289,0.0,0.0,0.0,0.0,0.0,0.0,0.0,0.0,0.6992121338844299,0.5399182438850403
0.6912732124328613,0.4024870991706848,0.7056588530540466,0.3860345780849457,0.67766273021698,0.3864364326000213,0.7256979942321777,0.4076053500175476,0.6592897772789001,0.4087252020835876,0.7650274038314819,0.5353848338127136,0.6286306381225586,0.5362609624862671,0.79176265001297,0.6994372606277466,0.5868121981620789,0.6911203265190125,0.8341776728630066,0.8489962220191956,0.5513595938682556,0.8295656442642212,0.7340947389602661,0.826941967010498,0.638401985168457,0.8263540863990784,0.0,0.0,0.0,0.0,0.0,0.0,0.0,0.0,0.6954694390296936,0.5350028276443481
0.6747234463691711,0.4021169245243072,0.6894847750663757,0.3856085836887359,0.6614691019058228,0.3847306072711944,0.709202229976654,0.4072707593441009,0.6424598693847656,0.4040066599845886,0.7423701286315918,0.5385755896568298,0.6012087464332581,0.5411139130592346,0.7750082612037659,0.704511821269989,0.5643781423568726,0.7009220123291016,0.8194087743759155,0.852583110332489,0.5263556241989136,0.8439532518386841,0.717465341091156,0.8166853189468384,0.6217831373214722,0.824639618396759,0.0,0.0,0.0,0.0,0.0,0.0,0.0,0.0,0.670829176902771,0.539302408695221
0.6449034810066223,0.4016982913017273,0.6603356003761292,0.3848238289356231,0.63274085521698,0.3835806548595428,0.6817935109138489,0.4071071147918701,0.6165603399276733,0.403347909450531,0.717709481716156,0.5414586067199707,0.5826384425163269,0.5376737713813782,0.7460432052612305,0.7099102735519409,0.5383999943733215,0.6924057006835938,0.7901083827018738,0.8558773994445801,0.4996267855167389,0.846718430519104,0.6875694990158081,0.8174724578857422,0.5921677947044373,0.8270864486694336,0.0,0.0,0.0,0.0,0.0,0.0,0.0,0.0,0.6482959985733032,0.5396009087562561
0.6066580414772034,0.3993756771087646,0.6211737990379333,0.3834705650806427,0.5938206911087036,0.3810138702392578,0.6409519910812378,0.4062466323375702,0.5741863250732422,0.4000559449195862,0.677653431892395,0.5367119908332825,0.5397301912307739,0.5443509817123413,0.7030214667320251,0.7010077238082886,0.5050433278083801,0.6896151900291443,0.7348870635032654,0.8496922254562378,0.4641590118408203,0.8495136499404907,0.6536445021629333,0.8295182585716248,0.5536248087882996,0.8294106125831604,0.0,0.0,0.0,0.0,0.0,0.0,0.0,0.0,0.6086000800132751,0.5398920178413391
0.5855551362037659,0.3982626795768738,0.6018036007881165,0.3840429186820984,0.5721705555915833,0.3804020583629608,0.6185188889503479,0.4103302955627441,0.5486029386520386,0.4023647606372833,0.6507689356803894,0.5369822978973389,0.5160166621208191,0.5418833494186401,0.6780134439468384,0.7026418447494507,0.4871070683002472,0.6918547749519348,0.7201938629150391,0.8452757596969604,0.4502148628234863,0.8383806347846985,0.6356548070907593,0.8274039030075073,0.5374176502227783,0.8266221284866333,0.0,0.0,0.0,0.0,0.0,0.0,0.0,0.0,0.5818336606025696,0.5402406454086304
0.5652965903282166,0.3992943465709686,0.5803689956665039,0.3832054436206817,0.5528622269630432,0.3812963366508484,0.5994989275932312,0.4031671583652496,0.5351393818855286,0.3986054062843323,0.6360993981361389,0.5308813452720642,0.5084559321403503,0.5390228033065796,0.6669378876686096,0.6966854929924011,0.4777545630931854,0.6921713948249817,0.7126572728157043,0.8466116786003113,0.4443740546703338,0.8536049127578735,0.6208764314651489,0.8183645606040955,0.528225839138031,0.8281909823417664,0.0,0.0,0.0,0.0,0.0,0.0,0.0,0.0,0.5698052644729614,0.534171462059021
0.5637930035591125,0.3956064879894256,0.5784127116203308,0.3791274428367615,0.5511266589164734,0.3774142861366272,0.5979512929916382,0.4000315368175506,0.5342110991477966,0.3957920968532562,0.6367120146751404,0.529741108417511,0.5084387063980103,0.5401498079299927,0.6650136709213257,0.6939697861671448,0.4807051718235016,0.6941449046134949,0.7101325392723083,0.8460728526115417,0.4504961967468261,0.8541237115859985,0.6210522055625916,0.8287360072135925,0.5277068018913269,0.8314536213874817,0.0,0.0,0.0,0.0,0.0,0.0,0.0,0.0,0.5699560046195984,0.5340757369995117
0.5704344511032104,0.392227828502655,0.5851045846939087,0.3763778209686279,0.557338535785675,0.3736170828342438,0.6036486625671387,0.3978422284126282,0.5392700433731079,0.3916713893413543,0.6429499983787537,0.5312538743019104,0.510151743888855,0.537847638130188,0.6660773158073425,0.6966127753257751,0.4843990206718445,0.6941169500350952,0.711142897605896,0.8508103489875793,0.4545914232730865,0.8588250875473022,0.6255513429641724,0.8279094099998474,0.530292272567749,0.8289704322814941,0.0,0.0,0.0,0.0,0.0,0.0,0.0,0.0,0.5742405652999878,0.5340542197227478
0.5818799734115601,0.3742614686489105,0.598752498626709,0.3586529195308685,0.5683366656303406,0.3566466867923736,0.6200951337814331,0.3835243284702301,0.5481778979301453,0.3801601231098175,0.6610021591186523,0.5250266790390015,0.5160443782806396,0.5324939489364624,0.6821339726448059,0.7027302384376526,0.486907958984375,0.6931701302528381,0.7225791811943054,0.8536099791526794,0.4511561095714569,0.8583605885505676,0.6427597999572754,0.8492991328239441,0.5354301333427429,0.8479210138320923,0.0,0.0,0.0,0.0,0.0,0.0,0.0,0.0,0.5878885388374329,0.5287448763847351
0.5912072062492371,0.3584015071392059,0.6082773208618164,0.3384962975978851,0.5760766863822937,0.3400302827358246,0.6346513628959656,0.3644590675830841,0.5572379231452942,0.3664808571338653,0.6770578622817993,0.5082659125328064,0.5282930135726929,0.524101197719574,0.7028524279594421,0.6838216781616211,0.4948135316371918,0.688601016998291,0.7397673726081848,0.8501781821250916,0.4544372856616974,0.8458714485168457,0.6515755653381348,0.8435698747634888,0.5447086095809937,0.8338594436645508,0.0,0.0,0.0,0.0,0.0,0.0,0.0,0.0,0.6029905676841736,0.5145625472068787
0.5966764688491821,0.354523092508316,0.6140959858894348,0.3343463540077209,0.5809236168861389,0.3354659676551819,0.6408513784408569,0.361467570066452,0.5628728270530701,0.3625558912754059,0.6805590987205505,0.5047942996025085,0.5302689671516418,0.518238365650177,0.7124620079994202,0.6844267845153809,0.4972964823246002,0.6817780137062073,0.7583162188529968,0.8533120155334473,0.4589099884033203,0.8431911468505859,0.651102602481842,0.8449892997741699,0.5437487959861755,0.8432289361953735,0.0,0.0,0.0,0.0,0.0,0.0,0.0,0.0,0.6071434020996094,0.5096160173416138
0.5810841917991638,0.3496367037296295,0.6011831164360046,0.3324725925922394,0.5660715103149414,0.3299768269062042,0.6280002593994141,0.3620367348194122,0.5457811951637268,0.3565437793731689,0.664103627204895,0.5063046813011169,0.5099156498908997,0.512008547782898,0.6916507482528687,0.6919269561767578,0.4755489528179168,0.6884228587150574,0.7337810397148132,0.8645790815353394,0.4394071996212005,0.8582378625869751,0.6358281373977661,0.8481927514076233,0.5250345468521118,0.8472445607185364,0.0,0.0,0.0,0.0,0.0,0.0,0.0,0.0,0.5859573483467102,0.5082440972328186
0.5588216781616211,0.3398736417293548,0.5801975131034851,0.3243433833122253,0.5447282195091248,0.3178213536739349,0.6025229692459106,0.3560971915721893,0.5234929323196411,0.3440585434436798,0.637193500995636,0.4989321827888489,0.4864423871040344,0.5020025372505188,0.6679988503456116,0.6827725172042847,0.4474937617778778,0.6866269111633301,0.7131532430648804,0.8506636619567871,0.4159443378448486,0.8593971133232117,0.6163414120674133,0.8425101041793823,0.5052229762077332,0.8356168866157532,0.0,0.0,0.0,0.0,0.0,0.0,0.0,0.0,0.5610018968582153,0.4986362755298614
0.5110093355178833,0.3268426358699798,0.5321119427680969,0.3110015094280243,0.497605413198471,0.3099177181720733,0.5592885613441467,0.3449603021144867,0.476631224155426,0.3387723863124847,0.5995426177978516,0.4906999766826629,0.4371545016765594,0.505824863910675,0.6395896077156067,0.6827011108398438,0.4007395207881927,0.6873294711112976,0.6924628615379333,0.852394700050354,0.3666560053825378,0.871086597442627,0.582213282585144,0.8326016664505005,0.4661288559436798,0.8492207527160645,0.0,0.0,0.0,0.0,0.0,0.0,0.0,0.0,0.5158405900001526,0.496915340423584
0.4865009188652038,0.3259337842464447,0.5069583058357239,0.3065510392189026,0.4728170335292816,0.3057103455066681,0.537285327911377,0.3433202803134918,0.4560649991035461,0.3365301191806793,0.5822590589523315,0.4924471378326416,0.4232735931873321,0.5025482773780823,0.6333950161933899,0.678441047668457,0.376941442489624,0.678520143032074,0.68235844373703,0.847806990146637,0.330877810716629,0.8725401759147644,0.5647385120391846,0.8348745107650757,0.4542739987373352,0.8586103320121765,0.0,0.0,0.0,0.0,0.0,0.0,0.0,0.0,0.4986224472522735,0.4958076179027557
0.4776914119720459,0.3249433934688568,0.4977687895298004,0.3038139641284942,0.4623579680919647,0.304141491651535,0.5297911167144775,0.3432701230049133,0.4436001479625702,0.3376011252403259,0.5777567625045776,0.4866937100887298,0.4195632636547088,0.5027719140052795,0.6382824778556824,0.6582633852958679,0.370870977640152,0.6808149218559265,0.6678732633590698,0.8271523118019104,0.3320760130882263,0.8689277768135071,0.5587854385375977,0.8331391215324402,0.4507766664028168,0.8498784303665161,0.0,0.0,0.0,0.0,0.0,0.0,0.0,0.0,0.493887186050415,0.4919631779193878
0.4797889292240143,0.3184601962566376,0.5001785159111023,0.297123908996582,0.4660521447658539,0.2986696362495422,0.5359669923782349,0.3319821357727051,0.4509408473968506,0.3299787640571594,0.5903863310813904,0.4830017387866974,0.4300427734851837,0.4992965757846832,0.6679154634475708,0.6556981801986694,0.3925770819187164,0.6766558289527893,0.6473575234413147,0.8112756013870239,0.3742855191230774,0.8515022397041321,0.5560721755027771,0.8342471122741699,0.4493564963340759,0.8359326124191284,0.0,0.0,0.0,0.0,0.0,0.0,0.0,0.0,0.5057190656661987,0.4899799227714538
0.4865544140338897,0.3074610233306885,0.5086625218391418,0.2866356968879699,0.4731419384479522,0.2861540615558624,0.549498975276947,0.3239978849887848,0.457945168018341,0.3134174346923828,0.6042481064796448,0.4775476157665252,0.4333167970180511,0.4966470897197723,0.6847270131111145,0.6516445875167847,0.399944394826889,0.6802083849906921,0.6522825956344604,0.806381344795227,0.3872403800487518,0.8487268090248108,0.5634092688560486,0.8481761813163757,0.4550257325172424,0.851531982421875,0.0,0.0,0.0,0.0,0.0,0.0,0.0,0.0,0.5152298808097839,0.4870260059833526
0.5013704895973206,0.2921569049358368,0.5240471959114075,0.2703774869441986,0.4865022301673889,0.2741982340812683,0.5641818046569824,0.3094086647033691,0.468951553106308,0.3090215623378753,0.6166748404502869,0.4690971672534942,0.4357531368732452,0.4891798496246338,0.7024383544921875,0.6479082107543945,0.3907245993614197,0.673218309879303,0.6632543802261353,0.8072828054428101,0.3891327381134033,0.8573783040046692,0.5724374055862427,0.8516398668289185,0.4595017731189728,0.8636237978935242,0.0,0.0,0.0,0.0,0.0,0.0,0.0,0.0,0.5246273279190063,0.4780111014842987
0.516643226146698,0.2739181816577911,0.5399600863456726,0.2532267272472381,0.5031229257583618,0.2568743824958801,0.580005943775177,0.2949831485748291,0.4903638064861297,0.2988187670707702,0.6400728821754456,0.4669060409069061,0.4565726220607757,0.4837903976440429,0.7287666201591492,0.6583661437034607,0.3968918323516845,0.6738128066062927,0.6782211065292358,0.8271504044532776,0.396789014339447,0.8504992723464966,0.5941078066825867,0.8695974946022034,0.4723617732524872,0.8685883283615112,0.0,0.0,0.0,0.0,0.0,0.0,0.0,0.0,0.5479623079299927,0.4722838699817657
0.5219725370407104,0.2655198574066162,0.5468663573265076,0.2449192702770233,0.5071523785591125,0.247119516134262,0.5875426530838013,0.290409117937088,0.4924051165580749,0.2907213568687439,0.6454304456710815,0.4656325876712799,0.4623737931251526,0.4784024357795715,0.7320519089698792,0.665858268737793,0.4053384363651275,0.6733649969100952,0.6899670362472534,0.8456730842590332,0.3857880234718323,0.8684510588645935,0.5981591939926147,0.8659464120864868,0.4709930717945099,0.8650473952293396,0.0,0.0,0.0,0.0,0.0,0.0,0.0,0.0,0.5527001023292542,0.4694523215293884
0.5194414854049683,0.2631365954875946,0.5445954203605652,0.244084283709526,0.5047385096549988,0.2444424480199813,0.5825226902961731,0.2897635996341705,0.4880235493183136,0.2891950011253357,0.6344308257102966,0.4677335917949676,0.4526621401309967,0.4816994667053222,0.7026696801185608,0.6812263131141663,0.4012729823589325,0.6860820651054382,0.6883217096328735,0.8853837847709656,0.3723986744880676,0.8850464224815369,0.5868459343910217,0.8845311999320984,0.4576485455036163,0.8859272003173828,0.0,0.0,0.0,0.0,0.0,0.0,0.0,0.0,0.5431221127510071,0.4721500277519226
0.480985939502716,0.2676839232444763,0.50547194480896,0.2474288046360016,0.4653306007385254,0.2440780699253082,0.5396326780319214,0.2975740730762481,0.444770872592926,0.2823065221309662,0.5932114720344543,0.4742624163627624,0.4108547866344452,0.4796650111675262,0.6205572485923767,0.7113555073738098,0.3544061779975891,0.7028060555458069,0.6564631462097168,0.9248765110969543,0.2960861623287201,0.9057754874229432,0.5321579575538635,0.9004083275794983,0.4064880907535553,0.8999900221824646,0.0,0.0,0.0,0.0,0.0,0.0,0.0,0.0,0.4961146414279938,0.4774876236915588
0.4481154382228851,0.2634245157241821,0.4726363122463226,0.2442001849412918,0.4319333434104919,0.2402938455343246,0.5056905150413513,0.2920563220977783,0.4081711769104004,0.2763554751873016,0.5506418943405151,0.4668289124965668,0.3700733184814453,0.4782862663269043,0.6002254486083984,0.7087464332580566,0.3081123828887939,0.6913062930107117,0.6506418585777283,0.9095888733863832,0.2396659404039383,0.9044228196144104,0.5040260553359985,0.8965669274330139,0.3744888007640838,0.8840582966804504,0.0,0.0,0.0,0.0,0.0,0.0,0.0,0.0,0.4594705402851105,0.4723991453647613
0.4234082102775574,0.2612160146236419,0.4500021040439605,0.2451044023036956,0.4092372953891754,0.240912452340126,0.4853085577487945,0.2910607755184173,0.3915413916110992,0.2731172442436218,0.5307567119598389,0.4665328562259674,0.3509225845336914,0.4789563715457916,0.5779007077217102,0.7073072195053101,0.2928301990032196,0.6890347599983215,0.6460727453231812,0.920045793056488,0.221485286951065,0.903344988822937,0.4807895720005035,0.8857824206352234,0.3526563048362732,0.8837693929672241,0.0,0.0,0.0,0.0,0.0,0.0,0.0,0.0,0.4384848475456238,0.4727906286716461
0.4110263288021087,0.2644919455051422,0.4367354214191437,0.2489962577819824,0.3940942287445068,0.2452474981546402,0.4677556157112121,0.2996807098388672,0.3730760514736175,0.2899653017520904,0.516186535358429,0.4713815152645111,0.3285404145717621,0.4856414198875427,0.5672563910484314,0.7176011204719543,0.2710829079151153,0.6924428939819336,0.6447779536247253,0.9311469793319702,0.1865382492542266,0.9166324734687804,0.4705500602722168,0.8840731978416443,0.3386043608188629,0.8872928023338318,0.0,0.0,0.0,0.0,0.0,0.0,0.0,0.0,0.4217579960823059,0.4783205986022949
0.4038548171520233,0.2646843194961548,0.4295780062675476,0.2460962980985641,0.3871702253818512,0.2452519983053207,0.4628564417362213,0.2964848577976227,0.3673328757286072,0.290600061416626,0.5090580582618713,0.4734346568584442,0.3184625208377838,0.4852205812931061,0.5638903379440308,0.7239053845405579,0.257355660200119,0.7031193375587463,0.6490642428398132,0.9196518063545228,0.1682237237691879,0.8992021679878235,0.4686656892299652,0.8872278332710266,0.3348025977611542,0.8880420327186584,0.0,0.0,0.0,0.0,0.0,0.0,0.0,0.0,0.4133455157279968,0.4784157276153564
0.4038029313087463,0.2638721764087677,0.4289117753505707,0.2437414973974228,0.3865890800952911,0.2455223798751831,0.4653824269771576,0.2903161942958832,0.368489921092987,0.2899789810180664,0.5156079530715942,0.4698159992694855,0.3308954834938049,0.4904467165470123,0.5431812405586243,0.7071205377578735,0.286719411611557,0.7177925109863281,0.6331877708435059,0.8780256509780884,0.1775122582912445,0.8687531352043152,0.4753255248069763,0.9183902740478516,0.3366737961769104,0.9185888171195984,0.0,0.0,0.0,0.0,0.0,0.0,0.0,0.0,0.4219454228878021,0.4796020686626434
0.4213644564151764,0.258148044347763,0.4454115033149719,0.236848309636116,0.4040624499320984,0.238836333155632,0.4813280403614044,0.2791464626789093,0.3876539766788482,0.2757250964641571,0.5347855687141418,0.4605791866779327,0.3555732667446136,0.472410500049591,0.5642563104629517,0.693282961845398,0.3180986940860748,0.6838832497596741,0.6369580626487732,0.8434106111526489,0.2296331971883773,0.8192225098609924,0.494354099035263,0.9009693264961244,0.3641440570354461,0.9021881818771362,0.0,0.0,0.0,0.0,0.0,0.0,0.0,0.0,0.4424789547920227,0.4674021601676941
0.5000829100608826,0.2611346244812011,0.5276010036468506,0.2410297244787216,0.485431045293808,0.2396010607481002,0.5656365752220154,0.2881071865558624,0.4646965563297272,0.2770747244358063,0.6147822737693787,0.4673581421375274,0.419777363538742,0.465501993894577,0.7008426785469055,0.687167227268219,0.3248681426048279,0.6752529740333557,0.7300010919570923,0.9019321203231812,0.2812799513339996,0.8934043645858765,0.5594666600227356,0.8645657300949097,0.4277566373348236,0.8660224676132202,0.0,0.0,0.0,0.0,0.0,0.0,0.0,0.0,0.5156934261322021,0.4635384976863861
0.5001624822616577,0.2618823945522308,0.5285491347312927,0.2426526248455047,0.4853980243206024,0.2396200448274612,0.5645316243171692,0.2904534935951233,0.4633640944957733,0.2752441763877868,0.61522376537323,0.4677931368350982,0.4183901846408844,0.4675427079200744,0.726597249507904,0.6698096990585327,0.3026873171329498,0.6547790765762329,0.7128557562828064,0.8804711103439331,0.294835090637207,0.8683385848999023,0.5584233999252319,0.8522717356681824,0.4255513548851013,0.8659594655036926,0.0,0.0,0.0,0.0,0.0,0.0,0.0,0.0,0.5151998400688171,0.4653506278991699
0.4995003044605255,0.2651981711387634,0.5265641212463379,0.2461950331926345,0.4837210774421692,0.2420664280653,0.5609523057937622,0.2948893010616302,0.4600677788257599,0.2781855463981628,0.6119247674942017,0.4675915539264679,0.4179249405860901,0.4687421917915344,0.7231101393699646,0.6647946238517761,0.2989482581615448,0.6480287313461304,0.6916698217391968,0.8602736592292786,0.2997973263263702,0.8539032340049744,0.5547969341278076,0.8524447083473206,0.423247754573822,0.8642064929008484,0.0,0.0,0.0,0.0,0.0,0.0,0.0,0.0,0.5125156044960022,0.4667110443115234
0.49252650141716,0.2671019434928894,0.5187726020812988,0.2462273091077804,0.4774001240730285,0.2431321144104004,0.5546764731407166,0.2916921079158783,0.4574150443077087,0.2773733735084533,0.6073399186134338,0.4677799344062805,0.4164164364337921,0.4687875807285309,0.7145228981971741,0.6643815040588379,0.299614667892456,0.6535628437995911,0.6758695840835571,0.8527498245239258,0.3087035715579986,0.8642754554748535,0.5492150187492371,0.8664178252220154,0.4193364977836609,0.8698549270629883,0.0,0.0,0.0,0.0,0.0,0.0,0.0,0.0,0.5090793371200562,0.4673081338405609
0.4847768247127533,0.2695733606815338,0.5094529390335083,0.2472306042909622,0.4685057997703552,0.2461936324834823,0.5466052889823914,0.2946017682552337,0.4494824409484863,0.2859886586666107,0.6014452576637268,0.4706245064735412,0.4108719527721405,0.4686103761196136,0.7059035301208496,0.6648993492126465,0.2993773818016052,0.6552411317825317,0.674511730670929,0.8566986322402954,0.3040281236171722,0.8638319373130798,0.5426686406135559,0.866432785987854,0.4143273532390594,0.8675946593284607,0.0,0.0,0.0,0.0,0.0,0.0,0.0,0.0,0.5036424994468689,0.4692227840423584
0.4778146743774414,0.2713373005390167,0.5022794604301453,0.2486386448144912,0.4609138667583465,0.2474225014448166,0.5389154553413391,0.294704258441925,0.4427927136421203,0.2839291393756866,0.5954709649085999,0.4689282774925232,0.4043169915676117,0.4739129841327667,0.7027039527893066,0.6591358780860901,0.2952434718608856,0.6612241864204407,0.6751229166984558,0.8542731404304504,0.2956986725330353,0.8651049733161926,0.5384474396705627,0.8646612167358398,0.4115678966045379,0.8663932085037231,0.0,0.0,0.0,0.0,0.0,0.0,0.0,0.0,0.4972030222415924,0.4717288017272949
0.4703527390956878,0.2724655568599701,0.4948306381702423,0.2464693933725357,0.4539570808410644,0.2496774941682815,0.537824809551239,0.2876042425632477,0.4366251826286316,0.2859771251678467,0.5936828851699829,0.4669674038887024,0.4011369347572326,0.4732098579406738,0.7018731236457825,0.6575120687484741,0.2931677401065826,0.6625447273254395,0.6736806631088257,0.8520957827568054,0.292668342590332,0.8644424080848694,0.5361143946647644,0.8663519024848938,0.4057113826274872,0.8779510855674744,0.0,0.0,0.0,0.0,0.0,0.0,0.0,0.0,0.494080126285553,0.4692497551441192
0.4664019644260406,0.2719296813011169,0.4910238087177276,0.2470066547393798,0.4522380828857422,0.2483818531036377,0.5345131754875183,0.288311243057251,0.4350974261760711,0.2828171551227569,0.5908812880516052,0.4633879959583282,0.3983411192893982,0.4751527905464172,0.6992091536521912,0.6572015881538391,0.291310042142868,0.6637147665023804,0.6714738607406616,0.8525766730308533,0.2914656102657318,0.8661599159240723,0.5343523621559143,0.869172990322113,0.4036634564399719,0.87990802526474,0.0,0.0,0.0,0.0,0.0,0.0,0.0,0.0,0.4911635220050812,0.4681992530822754
0.4664417207241058,0.2698320746421814,0.4912638962268829,0.2459474503993988,0.452081024646759,0.2456022650003433,0.5329645276069641,0.2876090705394745,0.4336046576499939,0.2791309654712677,0.5884602665901184,0.4623861908912658,0.3973866999149322,0.4722576141357422,0.6996690630912781,0.6575607061386108,0.2901515364646911,0.6613612771034241,0.6709861159324646,0.8507404923439026,0.2884345650672912,0.866428792476654,0.5318382382392883,0.8792991638183594,0.4006005227565765,0.8791003227233887,0.0,0.0,0.0,0.0,0.0,0.0,0.0,0.0,0.4902035295963287,0.4660165905952453
0.4668745696544647,0.2685360610485077,0.4919396936893463,0.2448924630880355,0.4524600207805633,0.2439475208520889,0.5328958630561829,0.2875625789165497,0.4333410561084747,0.2776177227497101,0.5878706574440002,0.4620931148529053,0.3968739807605743,0.4721405506134033,0.6990731954574585,0.657440185546875,0.2892413139343261,0.6615310311317444,0.670659065246582,0.8507815599441528,0.2854506075382232,0.8676788210868835,0.5337361693382263,0.8676522970199585,0.4035167694091797,0.8656271696090698,0.0,0.0,0.0,0.0,0.0,0.0,0.0,0.0,0.48975470662117,0.4657972753047943
0.4666524231433868,0.2683936953544616,0.4917704463005066,0.2438247203826904,0.4533657133579254,0.2428766041994094,0.5334540009498596,0.2837617397308349,0.4357848465442657,0.2735185623168945,0.587812066078186,0.4632997512817383,0.3974251449108124,0.4718497395515442,0.6980756521224976,0.6589607000350952,0.2895003855228424,0.6614422798156738,0.6702543497085571,0.851540207862854,0.2851682603359222,0.8677701354026794,0.5332356691360474,0.8676862120628357,0.4027950465679168,0.8659915924072266,0.0,0.0,0.0,0.0,0.0,0.0,0.0,0.0,0.489908218383789,0.4661646485328674
0.4694027304649353,0.2643242478370666,0.494173526763916,0.2404146194458007,0.4563376009464264,0.2407306134700775,0.5354637503623962,0.281400591135025,0.4395205676555633,0.272157222032547,0.592521607875824,0.4659637808799743,0.3979836404323578,0.473222941160202,0.6930228471755981,0.6714491248130798,0.291647344827652,0.6673718094825745,0.6811109185218811,0.8884877562522888,0.2817501723766327,0.8822911977767944,0.5380639433860779,0.8671048283576965,0.4046166241168976,0.8791413307189941,0.0,0.0,0.0,0.0,0.0,0.0,0.0,0.0,0.4922304153442383,0.4680779278278351
0.482879489660263,0.2609453499317169,0.5069413781166077,0.2369259893894195,0.4665540158748626,0.2384300380945205,0.5470824837684631,0.2780209481716156,0.4483564794063568,0.2749384045600891,0.5994492769241333,0.4633734226226806,0.4120966494083404,0.4636825621128082,0.6578091382980347,0.7042733430862427,0.3347517549991607,0.6726917028427124,0.6977734565734863,0.9009719491004944,0.280261367559433,0.8982319831848145,0.5497143268585205,0.8549604415893555,0.4153970181941986,0.8673362731933594,0.0,0.0,0.0,0.0,0.0,0.0,0.0,0.0,0.5036665201187134,0.4619038701057434
0.492065817117691,0.2590883672237396,0.518328070640564,0.233158454298973,0.476906269788742,0.2354513704776764,0.5617598295211792,0.2687662541866302,0.4611780643463135,0.2675407528877258,0.6182647347450256,0.4651007056236267,0.4207713901996612,0.4688702523708343,0.6653473973274231,0.708828866481781,0.3505878746509552,0.683680534362793,0.7014622688293457,0.909956395626068,0.2893846333026886,0.9079097509384156,0.5685954689979553,0.8805249333381653,0.4309257864952087,0.8736997246742249,0.0,0.0,0.0,0.0,0.0,0.0,0.0,0.0,0.5186704993247986,0.4635281562805176
0.5085023045539856,0.2596024870872497,0.5336762070655823,0.2345670610666275,0.4937148690223694,0.2354966700077057,0.5800237655639648,0.271028608083725,0.4765662848949432,0.2649219334125519,0.6406965851783752,0.4616497457027435,0.4483203291893005,0.4661201536655426,0.6868004202842712,0.7089810967445374,0.3659917414188385,0.6804536581039429,0.7258392572402954,0.9254613518714904,0.301485151052475,0.9023712873458862,0.5816785097122192,0.9002241492271423,0.442497581243515,0.8980182409286499,0.0,0.0,0.0,0.0,0.0,0.0,0.0,0.0,0.5432592034339905,0.4617238044738769
0.5026362538337708,0.2467235177755355,0.5298591256141663,0.2205949872732162,0.4857061803340912,0.222802922129631,0.5803545117378235,0.2564364373683929,0.4666755199432373,0.2559178173542022,0.6446962356567383,0.4576020538806915,0.4358336329460144,0.4571430683135986,0.6868019104003906,0.7090256810188293,0.3549799025058746,0.6873343586921692,0.7394105195999146,0.9342349171638488,0.2912244200706482,0.9232614636421204,0.5807175636291504,0.9186163544654846,0.4375670552253723,0.9048551321029664,0.0,0.0,0.0,0.0,0.0,0.0,0.0,0.0,0.5390788316726685,0.4556958377361297
0.4497770667076111,0.2214735597372055,0.4807740747928619,0.1906812340021133,0.4271900653839111,0.193425178527832,0.5357627272605896,0.2285208851099014,0.4083020687103271,0.2292998135089874,0.6117202043533325,0.4434464871883392,0.3803649544715881,0.4559038579463959,0.655700147151947,0.7232822179794312,0.3111401498317718,0.7015858292579651,0.719982922077179,0.9414929747581482,0.2510620057582855,0.9798945784568788,0.5603616833686829,0.9766515493392944,0.3988685011863708,0.9558082222938538,0.0,0.0,0.0,0.0,0.0,0.0,0.0,0.0,0.4977352023124695,0.4471962749958038
0.312225878238678,0.1319998353719711,0.350966602563858,0.0881767272949218,0.2921749651432037,0.0993700474500656,0.4303552806377411,0.1234186738729476,0.0,0.0,0.5350736379623413,0.3700384199619293,0.2628083825111389,0.4103142917156219,0.5830844640731812,0.6732964515686035,0.2171693593263626,0.7085962295532227,0.6452277302742004,0.9140108227729796,0.0,0.0,0.5037323832511902,0.9576740264892578,0.0,0.0,0.0,0.0,0.0,0.0,0.0,0.0,0.0,0.0,0.3980940282344818,0.3840792775154114
0.3624379336833954,0.1176642924547195,0.3972856998443603,0.0830210521817207,0.3419923186302185,0.0968681499361991,0.4671731889247894,0.131491407752037,0.0,0.0,0.5605015754699707,0.3846623301506042,0.2977004945278168,0.4096716046333313,0.6002635955810547,0.6865168213844299,0.2439573109149933,0.6993212699890137,0.6606125831604004,0.9371562600135804,0.0,0.0,0.5195927619934082,0.9910714030265808,0.3352399468421936,0.9910714030265808,0.0,0.0,0.0,0.0,0.0,0.0,0.0,0.0,0.4293172061443329,0.3964436650276184
0.461372047662735,0.1762813627719879,0.4911193549633026,0.1463725268840789,0.4397329986095428,0.1565804183483123,0.5465052127838135,0.1963322311639785,0.4249773621559143,0.2127542197704315,0.6260238885879517,0.4271984994411468,0.387774646282196,0.4406525492668152,0.6506322622299194,0.7109529376029968,0.323422759771347,0.6920599937438965,0.6980941891670227,0.9743879437446594,0.2635570168495178,0.9798324704170228,0.5790139436721802,0.9611794352531432,0.414567768573761,0.9571408033370972,0.0,0.0,0.0,0.0,0.0,0.0,0.0,0.0,0.5089318156242371,0.4303576648235321
0.5136603116989136,0.2101104110479354,0.5398829579353333,0.1877231895923614,0.4955529272556305,0.1959629207849502,0.5878259539604187,0.234978586435318,0.4800685346126556,0.2461641281843185,0.658757209777832,0.4580779671669006,0.4363071918487549,0.4604646861553192,0.6860666871070862,0.7225903272628784,0.3661409914493561,0.6946271061897278,0.7280281186103821,0.9452956318855286,0.3094839751720428,0.9549113512039183,0.6008620262145996,0.9583519697189332,0.4487930238246918,0.95734304189682,0.0,0.0,0.0,0.0,0.0,0.0,0.0,0.0,0.5462943911552429,0.4584799706935882
0.5526676774024963,0.2409187108278274,0.5818400979042053,0.2203624099493026,0.5405026078224182,0.2209414690732956,0.6243833303451538,0.2675186991691589,0.5229405760765076,0.2588249444961548,0.6787869334220886,0.4661884903907776,0.4721128642559051,0.4676004350185394,0.7168406844139099,0.7170011401176453,0.4087112843990326,0.6848269104957581,0.7595930099487305,0.9418886303901672,0.3513531982898712,0.8872617483139038,0.6098952889442444,0.8877506256103516,0.4748682975769043,0.8850435614585876,0.0,0.0,0.0,0.0,0.0,0.0,0.0,0.0,0.5748077034950256,0.4658753573894501
0.5508267879486084,0.2707378566265106,0.5787827372550964,0.2543874084949493,0.5383814573287964,0.2498728930950164,0.6149078011512756,0.3083286881446838,0.5192036628723145,0.2916046679019928,0.6583218574523926,0.4808143079280853,0.4636397957801819,0.4844128787517547,0.6894566416740417,0.7120550274848938,0.4054827392101288,0.6896205544471741,0.7351962924003601,0.9226389527320862,0.3456605076789856,0.8908434510231018,0.6008089780807495,0.8534131050109863,0.4717139601707458,0.8660029172897339,0.0,0.0,0.0,0.0,0.0,0.0,0.0,0.0,0.5596643686294556,0.4803182780742645
0.5303622484207153,0.2932437360286712,0.5575817823410034,0.2759467661380768,0.5183824300765991,0.2717435956001282,0.5939666032791138,0.3221862614154815,0.4999653697013855,0.3027087152004242,0.6313807368278503,0.4894962906837463,0.45608851313591,0.4949871599674225,0.6658665537834167,0.7121652960777283,0.4006073772907257,0.6920018196105957,0.7017623782157898,0.9198445081710817,0.336690604686737,0.8856077790260315,0.5770871043205261,0.8534010648727417,0.4542191624641418,0.8665708303451538,0.0,0.0,0.0,0.0,0.0,0.0,0.0,0.0,0.5424911379814148,0.491417646408081
0.4782003760337829,0.3255041539669037,0.5015547871589661,0.3068753778934479,0.4666383564472198,0.3047346770763397,0.5331578850746155,0.3509078621864319,0.4491996765136719,0.3373858034610748,0.5790690183639526,0.5048896074295044,0.413929283618927,0.5098454356193542,0.6139393448829651,0.7062041163444519,0.3675551116466522,0.6924389600753784,0.6560429930686951,0.8867359757423401,0.3198305070400238,0.8927698135375977,0.5348953604698181,0.8332844376564026,0.4254423081874847,0.8342346549034119,0.0,0.0,0.0,0.0,0.0,0.0,0.0,0.0,0.4926177561283111,0.5063287615776062
0.4678304493427276,0.3348555564880371,0.4877880215644836,0.3152168691158294,0.4514124393463135,0.318180501461029,0.5203732252120972,0.3519856035709381,0.4352808594703674,0.3561225235462188,0.5715819001197815,0.5077511072158813,0.4055220782756805,0.5227375030517578,0.6140164732933044,0.7037572860717773,0.3621446192264557,0.7160124182701111,0.6693195700645447,0.8603555560112,0.3147870004177093,0.8928465843200684,0.539365828037262,0.8449500203132629,0.4291013777256012,0.8479867577552795,0.0,0.0,0.0,0.0,0.0,0.0,0.0,0.0,0.486533373594284,0.5132905840873718
0.4702658951282501,0.3356017768383026,0.4900549948215484,0.3151944577693939,0.4538855254650116,0.3207404017448425,0.5268955826759338,0.3477605283260345,0.4420415461063385,0.3570759892463684,0.5826743841171265,0.5030658841133118,0.421473741531372,0.521136999130249,0.6269583106040955,0.6972817778587341,0.3807408213615417,0.7124467492103577,0.6836134195327759,0.8612861037254333,0.3327880203723907,0.8962916731834412,0.5502702593803406,0.8162470459938049,0.4407172799110412,0.8299525380134583,0.0,0.0,0.0,0.0,0.0,0.0,0.0,0.0,0.499290406703949,0.5097859501838684
0.5113250017166138,0.3326754868030548,0.5300981402397156,0.3132771849632263,0.4963701665401459,0.3204021751880646,0.5661153793334961,0.3415137231349945,0.4880318343639374,0.3549512922763824,0.6228263974189758,0.4962690472602844,0.4575310051441192,0.5164767503738403,0.6575000882148743,0.6919652819633484,0.4321703612804413,0.7099562883377075,0.7155090570449829,0.8638865351676941,0.3879848122596741,0.898952841758728,0.5990689396858215,0.8313969969749451,0.4840435087680816,0.8362278938293457,0.0,0.0,0.0,0.0,0.0,0.0,0.0,0.0,0.5401948094367981,0.5059452652931213
0.5475429892539978,0.3291219770908355,0.5653527975082397,0.3070715963840484,0.5292730331420898,0.3176403045654297,0.598456084728241,0.3349409997463226,0.5175865888595581,0.3608565926551819,0.6529737114906311,0.5000040531158447,0.4884011447429657,0.5138112306594849,0.6842426657676697,0.6990147829055786,0.4663497805595398,0.711502730846405,0.7389587163925171,0.8687489628791809,0.4209864437580108,0.8884044885635376,0.6295917630195618,0.8515180349349976,0.511605441570282,0.8636271357536316,0.0,0.0,0.0,0.0,0.0,0.0,0.0,0.0,0.5704638361930847,0.5060358643531799
0.5927650332450867,0.3299202919006347,0.6091089844703674,0.3090687692165375,0.5734153985977173,0.3189592361450195,0.6430121064186096,0.3410765528678894,0.5602799654006958,0.3638624846935272,0.699845016002655,0.4977557361125946,0.5339207053184509,0.520328164100647,0.729461669921875,0.7013540267944336,0.5075427293777466,0.7051825523376465,0.7819899320602417,0.8662318587303162,0.4657621383666992,0.8851960897445679,0.6746822595596313,0.835314154624939,0.5614516735076904,0.8475033044815063,0.0,0.0,0.0,0.0,0.0,0.0,0.0,0.0,0.6165894865989685,0.5065621137619019
0.6202545166015625,0.3389442861080169,0.6386042833328247,0.3161478042602539,0.6024612188339233,0.3260397911071777,0.6739829182624817,0.3429870307445526,0.5907145738601685,0.3648708462715149,0.73243248462677,0.5059657692909241,0.5621189475059509,0.5155904293060303,0.7595410943031311,0.7056812047958374,0.5303540825843811,0.7044025659561157,0.8080125451087952,0.8788941502571106,0.4856131076812744,0.8795502781867981,0.692288339138031,0.8463435173034668,0.5779143571853638,0.8489308953285217,0.0,0.0,0.0,0.0,0.0,0.0,0.0,0.0,0.6441454887390137,0.5099613070487976
0.6288061738014221,0.3475652039051056,0.6485176086425781,0.3257635533809662,0.6150622963905334,0.3298981785774231,0.6853064298629761,0.3492134511470794,0.6038536429405212,0.3604204654693603,0.7388838529586792,0.5047983527183533,0.576084554195404,0.50999516248703,0.7721891403198242,0.6989356279373169,0.5450679659843445,0.6902632117271423,0.8114646673202515,0.877685546875,0.4880086481571197,0.8615649938583374,0.6918425559997559,0.8423677682876587,0.5834227204322815,0.8342251181602478,0.0,0.0,0.0,0.0,0.0,0.0,0.0,0.0,0.6539222002029419,0.5067444443702698
0.6296309232711792,0.3558891415596008,0.6486245393753052,0.3336658477783203,0.6152080297470093,0.336985170841217,0.6824673414230347,0.3580405116081238,0.6014547348022461,0.3639457821846008,0.7308329939842224,0.5131734013557434,0.5744667053222656,0.5140534043312073,0.7719486951828003,0.6984124779701233,0.5361653566360474,0.6881747841835022,0.800946056842804,0.8718620538711548,0.4808735251426697,0.8423097729682922,0.6867074370384216,0.8416146039962769,0.5800662636756897,0.8333503007888794,0.0,0.0,0.0,0.0,0.0,0.0,0.0,0.0,0.6488375663757324,0.5134547352790833
0.6001596450805664,0.3717478811740875,0.618651807308197,0.3512966334819793,0.5872793197631836,0.3518782258033752,0.6499540209770203,0.3746635019779205,0.5704970359802246,0.3760505020618438,0.691397488117218,0.5187659859657288,0.55315101146698,0.5212226510047913,0.7750062346458435,0.6760032773017883,0.5152367353439331,0.6685935854911804,0.7475194334983826,0.8419300317764282,0.4795868098735809,0.8136669993400574,0.6541224718093872,0.8445654511451721,0.5590149760246277,0.8343387246131897,0.0,0.0,0.0,0.0,0.0,0.0,0.0,0.0,0.6210615038871765,0.5187457799911499
0.5760846138000488,0.3798514306545257,0.594502866268158,0.3612610697746277,0.5638230443000793,0.3608024716377258,0.6262673139572144,0.3844749331474304,0.5480239987373352,0.3810035586357116,0.6692712903022766,0.5186377167701721,0.5369643568992615,0.5284907221794128,0.7700613141059875,0.6490041017532349,0.5098824501037598,0.6686296463012695,0.7234601974487305,0.7846032381057739,0.4890992939472198,0.7991271018981934,0.6415745615959167,0.8181816339492798,0.5539189577102661,0.8142513036727905,0.0,0.0,0.0,0.0,0.0,0.0,0.0,0.0,0.6009089350700378,0.5212031006813049
0.5607563853263855,0.382431298494339,0.5793501734733582,0.3625666797161102,0.5482129454612732,0.3636717498302459,0.6111801266670227,0.3838806450366974,0.5358178019523621,0.3856731951236725,0.662117063999176,0.5109233260154724,0.5261224508285522,0.5305371284484863,0.7688322067260742,0.6156588792800903,0.5021517872810364,0.6715349555015564,0.7109785676002502,0.7303295135498047,0.5002087354660034,0.7909407615661621,0.6446077227592468,0.8091948628425598,0.5572260022163391,0.8088544011116028,0.0,0.0,0.5588690042495728,0.9910714030265808,0.0,0.0,0.0,0.0,0.5922425985336304,0.5189716219902039
0.5781315565109253,0.3642104566097259,0.5966199636459351,0.3432765305042267,0.5644286870956421,0.3487444221973419,0.6337408423423767,0.3686525225639343,0.5511893033981323,0.3786359131336212,0.680195152759552,0.5053427815437317,0.5347861647605896,0.5239325761795044,0.7793971300125122,0.6296296715736389,0.5052858591079712,0.6685277819633484,0.7237388491630554,0.7405853271484375,0.505250096321106,0.8056373000144958,0.6532462239265442,0.8155022263526917,0.5609968900680542,0.8137608170509338,0.0,0.0,0.0,0.0,0.0,0.0,0.0,0.0,0.605433464050293,0.512723982334137
0.5945078134536743,0.3563156425952911,0.6140894293785095,0.3344254195690155,0.5775026679039001,0.3385723531246185,0.6473385691642761,0.3618725836277008,0.5600622296333313,0.3707547485828399,0.6949983835220337,0.5090821385383606,0.5349030494689941,0.5221527218818665,0.7868833541870117,0.6432609558105469,0.4942458271980285,0.6735810041427612,0.7270814776420593,0.7636342644691467,0.4994696676731109,0.8183950185775757,0.6668300628662109,0.8348320126533508,0.5656654834747314,0.8354677557945251,0.0,0.0,0.0,0.0,0.0,0.0,0.0,0.0,0.6139875054359436,0.5133951306343079
0.6052441000938416,0.340603619813919,0.6235596537590027,0.3191457092761993,0.5885437726974487,0.3217642903327942,0.6555711030960083,0.3492870032787323,0.5708776116371155,0.3541397154331207,0.7143133878707886,0.5018628835678101,0.5419288873672485,0.5109668970108032,0.7969610095024109,0.6484362483024597,0.4894523024559021,0.6713570356369019,0.7372893691062927,0.7662692666053772,0.4907901287078857,0.8229041695594788,0.6805076599121094,0.8202912211418152,0.562613844871521,0.827262818813324,0.0,0.0,0.0,0.0,0.0,0.0,0.0,0.0,0.626338005065918,0.5038463473320007
0.5027914047241211,0.2308397442102432,0.5296117663383484,0.2049125134944915,0.4905701279640198,0.2077794969081878,0.5801068544387817,0.2439926862716674,0.0,0.0,0.6350628733634949,0.4631670415401459,0.4193086922168731,0.4555473327636719,0.7110244035720825,0.7112523317337036,0.3360769748687744,0.6874423623085022,0.7285519242286682,0.9771779775619508,0.2757398784160614,0.921043336391449,0.562853217124939,0.9362549781799316,0.4161599278450012,0.9222082495689392,0.0,0.0,0.0,0.0,0.0,0.0,0.0,0.0,0.5273092985153198,0.456188291311264
0.4982268214225769,0.2284935563802719,0.5250694155693054,0.2009956687688827,0.4826501309871673,0.2060126215219497,0.5784505009651184,0.239877387881279,0.4667665064334869,0.2400114983320236,0.6328296661376953,0.4605845510959625,0.4193374216556549,0.4512558281421661,0.7119670510292053,0.7125205993652344,0.3318569362163543,0.6900819540023804,0.7370015382766724,0.9807725548744202,0.2665770649909973,0.9189590215682985,0.5536455512046814,0.9536094665527344,0.399190604686737,0.9384321570396424,0.0,0.0,0.0,0.0,0.0,0.0,0.0,0.0,0.5261702537536621,0.4524995684623718
0.4279861450195312,0.2083829194307327,0.455533355474472,0.1888253986835479,0.4097576439380646,0.1896394342184066,0.500775933265686,0.2367826551198959,0.3882388770580292,0.2364323288202285,0.5483840703964233,0.4433619976043701,0.332987368106842,0.4511432945728302,0.5951768755912781,0.7056865096092224,0.2766573131084442,0.6762625575065613,0.6501017212867737,0.9063429832458496,0.2189514636993408,0.9033175110816956,0.4937521815299988,0.9042556881904602,0.3514486253261566,0.9031646847724916,0.0,0.0,0.0,0.0,0.0,0.0,0.0,0.0,0.4418374001979828,0.446571797132492
0.3734450042247772,0.2253434658050537,0.3952453136444092,0.2010954767465591,0.3537370860576629,0.21193328499794,0.4376719892024994,0.24205282330513,0.337300032377243,0.2729473114013672,0.5091539621353149,0.4391212165355682,0.3049708306789398,0.4604844748973846,0.5431165099143982,0.6616889238357544,0.2614498436450958,0.6902021169662476,0.5950492024421692,0.8323025703430176,0.2269898951053619,0.9149917960166932,0.4790143668651581,0.8364948034286499,0.3455689549446106,0.8505498766899109,0.0,0.0,0.0,0.0,0.0,0.0,0.0,0.0,0.4057404100894928,0.4482033848762512
0.4743256270885467,0.3100717961788177,0.4967597126960754,0.2843913733959198,0.4577609896659851,0.2896446585655212,0.5372558832168579,0.3218835294246673,0.4425524175167084,0.3259422183036804,0.5959725379943848,0.4900674223899841,0.4192352890968323,0.499496191740036,0.6389099955558777,0.6997317671775818,0.3802864253520965,0.7090680003166199,0.6667525172233582,0.8981912732124329,0.3408128619194031,0.9027565121650696,0.5610389113426208,0.8664630055427551,0.4382195472717285,0.8685411214828491,0.0,0.0,0.0,0.0,0.0,0.0,0.0,0.0,0.5027281641960144,0.4929720461368561
0.4996675550937652,0.3197761476039886,0.5225896835327148,0.301104724407196,0.4876646101474762,0.2996356189250946,0.562059760093689,0.3354054093360901,0.4722204804420471,0.3268108069896698,0.6114334464073181,0.4930054843425751,0.4372231662273407,0.5017784237861633,0.6463446617126465,0.7070636749267578,0.4063858389854431,0.6908236145973206,0.6773143410682678,0.901516318321228,0.3642332255840301,0.8725258708000183,0.5619243383407593,0.8513970971107483,0.4449001252651214,0.8611248135566711,0.0,0.0,0.0,0.0,0.0,0.0,0.0,0.0,0.5223160982131958,0.4962292015552521
0.4879848957061767,0.3366689682006836,0.5101715922355652,0.318865954875946,0.4753458201885223,0.3142963349819183,0.5400357842445374,0.3529611527919769,0.4572299122810364,0.3378012478351593,0.583265483379364,0.5071993470191956,0.4269536137580871,0.5085133910179138,0.6126604080200195,0.7081666588783264,0.3847880065441131,0.6915563344955444,0.6479704976081848,0.8849453330039978,0.3431796431541443,0.8736094832420349,0.5428210496902466,0.8446887135505676,0.4373619258403778,0.8498750329017639,0.0,0.0,0.0,0.0,0.0,0.0,0.0,0.0,0.5014626383781433,0.5073366165161133
0.4683798253536224,0.3442396223545074,0.4896819591522217,0.3258387446403503,0.4552489221096039,0.3223187029361725,0.5208866000175476,0.3589385449886322,0.4381842017173767,0.3476719260215759,0.5623412132263184,0.5033639669418335,0.4083983898162842,0.5144604444503784,0.5989983677864075,0.698380172252655,0.3766038119792938,0.6994782090187073,0.6425533890724182,0.8615166544914246,0.3490940928459167,0.8778061866760254,0.5462074279785156,0.8290167450904846,0.4390884935855865,0.8362940549850464,0.0,0.0,0.0,0.0,0.0,0.0,0.0,0.0,0.4832681715488434,0.5083143711090088
0.4762999713420868,0.3496895134449005,0.496344655752182,0.3300392627716064,0.4631553292274475,0.3317387998104095,0.5288483500480652,0.3591516315937042,0.4504768550395965,0.3621017932891845,0.582951009273529,0.5067214369773865,0.4236596524715423,0.5264755487442017,0.6218684911727905,0.6925585865974426,0.3967265486717224,0.7094382047653198,0.6698312163352966,0.8483681082725525,0.3799193501472473,0.8854380249977112,0.5624232888221741,0.8282274603843689,0.4519954323768616,0.8364447951316833,0.0,0.0,0.0,0.0,0.0,0.0,0.0,0.0,0.5019280910491943,0.5150148868560791
0.606860339641571,0.3459721207618713,0.6262730360031128,0.3237113356590271,0.5903727412223816,0.3260059654712677,0.6598909497261047,0.35215824842453,0.5740793943405151,0.3564008176326751,0.7077469229698181,0.5112771391868591,0.5453792214393616,0.5153259634971619,0.7326166033744812,0.7079622149467468,0.5094990134239197,0.6887899041175842,0.781523585319519,0.8776325583457947,0.4711721539497375,0.8645840287208557,0.6658127903938293,0.8451701998710632,0.5590993762016296,0.8364738821983337,0.0,0.0,0.0,0.0,0.0,0.0,0.0,0.0,0.6256186366081238,0.5126652717590332
0.5731250643730164,0.2394616454839706,0.5931196808815002,0.2156147956848144,0.5501813292503357,0.217071458697319,0.6193782091140747,0.2417313009500503,0.5193496346473694,0.2492074817419052,0.6718021631240845,0.4124004244804382,0.4691937565803528,0.4173232913017273,0.7162274718284607,0.6175876259803772,0.4060258269309997,0.6235717535018921,0.7252165675163269,0.8155176043510437,0.3976011872291565,0.807765781879425,0.6383603811264038,0.8499554395675659,0.4942207634449005,0.835910439491272,0.0,0.0,0.0,0.0,0.0,0.0,0.0,0.0,0.5709929466247559,0.4150765538215637
0.5732442140579224,0.2383801937103271,0.59331876039505,0.2149237543344497,0.5503678917884827,0.2160375267267227,0.6191965937614441,0.2418195456266403,0.518904983997345,0.2483767420053482,0.6712121367454529,0.4121478497982025,0.4658544361591339,0.4171222150325775,0.7167806625366211,0.6198580861091614,0.4091525971889496,0.6431261301040649,0.7265962362289429,0.8122963905334473,0.4033624231815338,0.8287448287010193,0.6415422558784485,0.8488497138023376,0.4938220679759979,0.8445876240730286,0.0,0.0,0.0,0.0,0.0,0.0,0.0,0.0,0.5686042904853821,0.4151953160762787
0.5730419158935547,0.2386909574270248,0.5935619473457336,0.2144626379013061,0.5504090189933777,0.2160484790802002,0.6197730302810669,0.2412777096033096,0.5191588401794434,0.2476967275142669,0.6712945103645325,0.4126497209072113,0.4664905965328216,0.4166493117809295,0.7173981070518494,0.6178580522537231,0.4089756608009338,0.6446678042411804,0.7310048937797546,0.8116407990455627,0.4070413410663605,0.8200618028640747,0.6418333649635315,0.8500939607620239,0.4970975220203399,0.8461899757385254,0.0,0.0,0.0,0.0,0.0,0.0,0.0,0.0,0.569427490234375,0.4144963324069977
0.5730890035629272,0.2379501909017563,0.5943211317062378,0.2133909910917282,0.5511507391929626,0.215180292725563,0.6227349638938904,0.2415356934070587,0.5216440558433533,0.246833324432373,0.6747357249259949,0.4124916493892669,0.4688470959663391,0.4127915203571319,0.7187885046005249,0.620599091053009,0.4139978289604187,0.6342801451683044,0.7255550026893616,0.8128198981285095,0.406907856464386,0.8165292739868164,0.6381982564926147,0.8497263193130493,0.4947689175605774,0.8434794545173645,0.0,0.0,0.0,0.0,0.0,0.0,0.0,0.0,0.5724112391471863,0.4129423499107361
0.5766071081161499,0.2382238954305648,0.5974072813987732,0.2140200436115265,0.5546244978904724,0.215427741408348,0.6234799027442932,0.2409946918487548,0.5229515433311462,0.2450692802667617,0.6741184592247009,0.4096657335758209,0.469822883605957,0.4120857119560241,0.7164381742477417,0.6117890477180481,0.4167957901954651,0.6285948157310486,0.72956782579422,0.7961238622665405,0.4058206379413605,0.8129454851150513,0.6388288736343384,0.8462543487548828,0.4957550168037414,0.8340100646018982,0.0,0.0,0.0,0.0,0.0,0.0,0.0,0.0,0.5725470781326294,0.4111420810222626
0.5773935317993164,0.2363311350345611,0.5981646776199341,0.2121820449829101,0.5555640459060669,0.2140917629003524,0.624885618686676,0.2395900040864944,0.5240077972412109,0.2444404363632202,0.6744149327278137,0.409150093793869,0.4694500267505646,0.412883996963501,0.7197451591491699,0.6185485124588013,0.4141813814640045,0.631046712398529,0.7332273721694946,0.8136979937553406,0.405228704214096,0.8144189119338989,0.6437941193580627,0.8499061465263367,0.4954176843166351,0.8442349433898926,0.0,0.0,0.0,0.0,0.0,0.0,0.0,0.0,0.5730484127998352,0.4119440615177154
0.5733137130737305,0.2380165010690689,0.5949186682701111,0.2135879248380661,0.5511294007301331,0.2146869152784347,0.6230791211128235,0.2416469156742096,0.5202401876449585,0.2457596212625503,0.6728357076644897,0.4121558666229248,0.4661579430103302,0.413345605134964,0.7178683280944824,0.6199677586555481,0.408776044845581,0.6294399499893188,0.733791708946228,0.8146848678588867,0.4001020789146423,0.81302410364151,0.6433490514755249,0.8470298647880554,0.4936771392822265,0.8346841931343079,0.0,0.0,0.0,0.0,0.0,0.0,0.0,0.0,0.5700193643569946,0.4125787913799286
0.568909227848053,0.2398812770843505,0.5886219143867493,0.2151592671871185,0.5456158518791199,0.2173604220151901,0.6151377558708191,0.2398648411035537,0.5141310095787048,0.249112382531166,0.6646674871444702,0.4139569699764251,0.4621724188327789,0.4149069786071777,0.7138866186141968,0.6179391741752625,0.4053572714328766,0.6205792427062988,0.7317038178443909,0.8109541535377502,0.3957612812519073,0.8059867024421692,0.6356564164161682,0.8441858291625977,0.4902642369270324,0.8340323567390442,0.0,0.0,0.0,0.0,0.0,0.0,0.0,0.0,0.5635679364204407,0.4150415360927582
0.5601020455360413,0.2476257085800171,0.5792940258979797,0.2205379903316497,0.5357540249824524,0.2246857583522796,0.6064968705177307,0.2404932975769043,0.5063130259513855,0.2525770366191864,0.659138560295105,0.4185884594917297,0.4566948115825653,0.4182462692260742,0.7070766687393188,0.6301959156990051,0.4013724327087402,0.622520387172699,0.7243755459785461,0.8117598295211792,0.3918198645114898,0.8136505484580994,0.6309977173805237,0.8343101739883423,0.4876098334789276,0.8347792029380798,0.0,0.0,0.0,0.0,0.0,0.0,0.0,0.0,0.557121217250824,0.4191117286682129
0.5588280558586121,0.2498382627964019,0.5776885151863098,0.2239086478948593,0.53489089012146,0.2270350307226181,0.604580283164978,0.2459754943847656,0.5061350464820862,0.2561327517032623,0.6577931046485901,0.4194003939628601,0.456044852733612,0.4215211570262909,0.7018965482711792,0.6203995943069458,0.4005473554134369,0.633425235748291,0.718805193901062,0.8080335259437561,0.3931403756141662,0.8262378573417664,0.6284206509590149,0.8338404297828674,0.4877092540264129,0.8341293931007385,0.0,0.0,0.0,0.0,0.0,0.0,0.0,0.0,0.5563615560531616,0.4211089611053467
0.5690173506736755,0.2496704757213592,0.5890238881111145,0.2243989557027816,0.5463188290596008,0.2250602394342422,0.6157932877540588,0.2484330236911773,0.5161722898483276,0.2555343508720398,0.6651960015296936,0.4189896881580353,0.4634680151939392,0.4215523898601532,0.7077841758728027,0.6320234537124634,0.407691478729248,0.6382643580436707,0.7211400270462036,0.8142674565315247,0.3991688191890716,0.8196642994880676,0.6396239995956421,0.8457183837890625,0.4928917586803436,0.836083710193634,0.0,0.0,0.0,0.0,0.0,0.0,0.0,0.0,0.5646610856056213,0.420816034078598
0.5946692824363708,0.2445018291473388,0.6135018467903137,0.2203492671251297,0.5722717642784119,0.2223142683506012,0.6398932337760925,0.2463048249483108,0.541747510433197,0.2494323998689651,0.6869179606437683,0.4189912974834442,0.4853248298168182,0.4126535058021545,0.7290266156196594,0.6160611510276794,0.4308853447437286,0.6188542246818542,0.7383880615234375,0.811074435710907,0.407356709241867,0.8034487962722778,0.6486322283744812,0.8450444936752319,0.5050564408302307,0.8299550414085388,0.0,0.0,0.0,0.0,0.0,0.0,0.0,0.0,0.5864081978797913,0.4163745045661926
0.6126564145088196,0.2466277182102203,0.632592499256134,0.2224795818328857,0.5915507078170776,0.2239371240139007,0.6589409112930298,0.2487580478191375,0.5606812238693237,0.2512145936489105,0.7046433091163635,0.425151526927948,0.5030008554458618,0.4160695374011993,0.7446197271347046,0.6240731477737427,0.4447369277477264,0.6203659176826477,0.7547646760940552,0.8371828198432922,0.4226095676422119,0.8067381978034973,0.6584760546684265,0.8507614731788635,0.5137035250663757,0.8308581113815308,0.0,0.0,0.0,0.0,0.0,0.0,0.0,0.0,0.6037545204162598,0.4203685224056244
0.6288866400718689,0.2559202313423157,0.6490346789360046,0.2295916527509689,0.6068248748779297,0.228989690542221,0.6753692626953125,0.2597562968730926,0.5761933922767639,0.2586811780929565,0.7171235680580139,0.4365521371364593,0.514820396900177,0.4177689552307129,0.7536581158638,0.6382611989974976,0.4540042877197265,0.6125157475471497,0.7702650427818298,0.846074640750885,0.4367862343788147,0.7960854768753052,0.6709140539169312,0.8644618391990662,0.5261862874031067,0.8447300791740417,0.0,0.0,0.0,0.0,0.0,0.0,0.0,0.0,0.6139820218086243,0.4285544455051422
0.6276350021362305,0.2535597383975982,0.6480292677879333,0.22812320291996,0.6054401397705078,0.226987287402153,0.6738067269325256,0.2603015899658203,0.5742413401603699,0.2571026384830475,0.718800961971283,0.4351406991481781,0.5162349343299866,0.4189361035823822,0.7585412859916687,0.6352686882019043,0.4565940201282501,0.6132708787918091,0.770418643951416,0.8435255885124207,0.4373542368412018,0.7975460290908813,0.6691243052482605,0.8651657700538635,0.5282267928123474,0.8444438576698303,0.0,0.0,0.0,0.0,0.0,0.0,0.0,0.0,0.6157355308532715,0.4264507889747619
0.6171541213989258,0.2481144815683365,0.6370291113853455,0.2233825176954269,0.5961539149284363,0.2254800349473953,0.6645001769065857,0.2526369094848633,0.5657593607902527,0.2566033899784088,0.7125471234321594,0.4278305172920227,0.5087534785270691,0.4204750955104828,0.7548465132713318,0.6333554983139038,0.4507492184638977,0.6309798955917358,0.7651034593582153,0.8461083769798279,0.4284371435642242,0.8073050379753113,0.6687332391738892,0.8641675114631653,0.523382842540741,0.835879385471344,0.0,0.0,0.0,0.0,0.0,0.0,0.0,0.0,0.60992830991745,0.4246963560581207
0.6031897664070129,0.2440381199121475,0.6215507388114929,0.2211260497570037,0.5810328125953674,0.2231372147798538,0.6484774351119995,0.2496906369924545,0.5528364181518555,0.2543475031852722,0.6989301443099976,0.4183323085308075,0.497320145368576,0.4178447127342224,0.7451174855232239,0.6219117045402527,0.4398432672023773,0.6305569410324097,0.7570715546607971,0.8340097069740295,0.4134888052940368,0.8115159273147583,0.6629617810249329,0.8623408079147339,0.5139915347099304,0.8438906669616699,0.0,0.0,0.0,0.0,0.0,0.0,0.0,0.0,0.5987100005149841,0.4181716442108154
0.5827909708023071,0.2425837814807891,0.6025910973548889,0.2169295698404312,0.5612058043479919,0.2203951179981231,0.6318358778953552,0.2421375960111618,0.5325917601585388,0.2489178478717804,0.6868370771408081,0.4126971065998077,0.4793830811977386,0.4158723056316376,0.7362569570541382,0.6131696105003357,0.4237997829914093,0.6344965696334839,0.7508381009101868,0.8286343812942505,0.4028569161891937,0.8185802698135376,0.6509886384010315,0.8509740829467773,0.498227447271347,0.8358554840087891,0.0,0.0,0.0,0.0,0.0,0.0,0.0,0.0,0.5839446783065796,0.4145527184009552
0.5686672925949097,0.2383445650339126,0.5884537100791931,0.2139491736888885,0.5464208722114563,0.2167352586984634,0.6156628727912903,0.2395907342433929,0.517372190952301,0.2487296909093856,0.6715522408485413,0.4101852476596832,0.4660874009132385,0.4169377386569977,0.7216443419456482,0.6190237998962402,0.4073913991451263,0.6365914344787598,0.7390123605728149,0.8150175213813782,0.3947536051273346,0.8263970613479614,0.6415443420410156,0.8491545915603638,0.4865026175975799,0.8360477089881897,0.0,0.0,0.0,0.0,0.0,0.0,0.0,0.0,0.5692941546440125,0.4143541753292084
0.5474135279655457,0.237232431769371,0.5682088732719421,0.2107938528060913,0.5267037153244019,0.2150754481554031,0.597632884979248,0.2346983402967453,0.4998829364776611,0.2452461719512939,0.6567606925964355,0.4125645756721496,0.4500576555728912,0.4195199608802795,0.7049511075019836,0.6301406621932983,0.395334929227829,0.6232120394706726,0.7245756983757019,0.8168865442276001,0.3812699913978576,0.8275907635688782,0.6251059174537659,0.8443908095359802,0.4742889702320099,0.8339508175849915,0.0,0.0,0.0,0.0,0.0,0.0,0.0,0.0,0.5524754524230957,0.4165652096271515
0.5357677340507507,0.239868015050888,0.5559096932411194,0.2159460037946701,0.5127516388893127,0.218948408961296,0.5816473960876465,0.2409019023180008,0.4835687279701233,0.2543442547321319,0.6390825510025024,0.4130190014839172,0.4371661245822906,0.420267254114151,0.6863399147987366,0.6335127949714661,0.3781121373176574,0.631212055683136,0.7071488499641418,0.8139641880989075,0.3717885017395019,0.829698920249939,0.6095596551895142,0.8492590188980103,0.4661817252635956,0.8426284193992615,0.0,0.0,0.0,0.0,0.0,0.0,0.0,0.0,0.537318229675293,0.4177368283271789
0.5251877903938293,0.2479533106088638,0.5427806973457336,0.2229770123958587,0.5028266310691833,0.2277754545211792,0.5694735646247864,0.2468765079975128,0.4748650193214416,0.2627692818641662,0.6296858787536621,0.4172781109809875,0.425695389509201,0.4307905733585357,0.6793314218521118,0.6140500903129578,0.3742591738700866,0.6354776620864868,0.6971109509468079,0.7992469072341919,0.3627166748046875,0.8346583247184753,0.5963472127914429,0.8338505029678345,0.4528591930866241,0.8313156962394714,0.0,0.0,0.0,0.0,0.0,0.0,0.0,0.0,0.5278116464614868,0.4242742657661438
0.5215234756469727,0.2450597584247589,0.5399524569511414,0.2209116071462631,0.4989259541034698,0.2252455800771713,0.5675949454307556,0.2455306500196457,0.4706877171993255,0.2605974078178406,0.6276663541793823,0.4150970876216888,0.4243156313896179,0.4253089725971222,0.6793322563171387,0.6130302548408508,0.3726806044578552,0.6372269988059998,0.6940017342567444,0.808039665222168,0.3564892113208771,0.835832953453064,0.597114622592926,0.8450068235397339,0.450591504573822,0.8334047198295593,0.0,0.0,0.0,0.0,0.0,0.0,0.0,0.0,0.5253849029541016,0.4204210340976715
0.5232433080673218,0.2420413643121719,0.5416076183319092,0.2185975760221481,0.5002104640007019,0.2222102433443069,0.5682432055473328,0.2437604814767837,0.4707435667514801,0.2569382190704345,0.6287462115287781,0.4145069718360901,0.4230397641658783,0.424323558807373,0.6813925504684448,0.6183900237083435,0.3734760582447052,0.6392630934715271,0.7030133605003357,0.8087872862815857,0.3587134480476379,0.841693103313446,0.6001091599464417,0.8503723740577698,0.451557844877243,0.8464703559875488,0.0,0.0,0.0,0.0,0.0,0.0,0.0,0.0,0.5251724720001221,0.4197149574756622
0.5183461308479309,0.2444220334291458,0.5374518036842346,0.2212543487548828,0.4963526725769043,0.2244603186845779,0.5647318363189697,0.2471343725919723,0.4691595137119293,0.2595090866088867,0.6257663369178772,0.4161061346530914,0.4219584763050079,0.4264797866344452,0.6826966404914856,0.6116116642951965,0.3715805113315582,0.635343611240387,0.7063964009284973,0.7844353318214417,0.3577944934368133,0.8281383514404297,0.5974908471107483,0.835082471370697,0.4518000781536102,0.8315704464912415,0.0,0.0,0.0,0.0,0.0,0.0,0.0,0.0,0.523004949092865,0.4218282103538513
0.5163996815681458,0.2548287808895111,0.5358251929283142,0.2302880734205246,0.4943485856056213,0.2341707497835159,0.5627487301826477,0.2570211589336395,0.4672175347805023,0.2702038288116455,0.6253448724746704,0.4202610850334167,0.4206984341144562,0.4318356513977051,0.6802427172660828,0.6111391186714172,0.3691930472850799,0.6391497850418091,0.7009264230728149,0.7805054783821106,0.3586360812187195,0.833490788936615,0.5944449305534363,0.845188319683075,0.4494926929473877,0.8326013684272766,0.0,0.0,0.0,0.0,0.0,0.0,0.0,0.0,0.5227771401405334,0.4263000786304474
0.5197340250015259,0.2486238926649093,0.5388247966766357,0.2246026247739792,0.497817724943161,0.2282406836748123,0.5657593011856079,0.250823050737381,0.470371812582016,0.2634000778198242,0.6241539716720581,0.4193651974201202,0.4215640127658844,0.425305426120758,0.6767158508300781,0.6140589118003845,0.3689800798892975,0.6372175812721252,0.6912667155265808,0.7995753288269043,0.3589749336242676,0.8354848027229309,0.5915996432304382,0.8471574783325195,0.4480607211589813,0.8352742791175842,0.0,0.0,0.0,0.0,0.0,0.0,0.0,0.0,0.5224865078926086,0.4228682816028595
0.5188122987747192,0.2530775666236877,0.5380608439445496,0.2275434732437133,0.4972021281719208,0.2316534668207168,0.5656245946884155,0.252191960811615,0.4705263078212738,0.2661134600639343,0.6276038885116577,0.4210477471351623,0.4215869605541229,0.4301285445690155,0.6778321266174316,0.6162115931510925,0.3696899116039276,0.644949734210968,0.687938392162323,0.8014562726020813,0.353095144033432,0.8383585214614868,0.5867490768432617,0.8445796370506287,0.4456250369548797,0.8334370851516724,0.0,0.0,0.0,0.0,0.0,0.0,0.0,0.0,0.5245566368103027,0.4254776537418365
0.5230196118354797,0.2555662393569946,0.5417377948760986,0.2298712879419326,0.5011521577835083,0.2331843078136444,0.5676606297492981,0.2524412274360657,0.472177654504776,0.263866126537323,0.6276308298110962,0.4227948486804962,0.4233792126178741,0.4273912608623504,0.6771823167800903,0.6187414526939392,0.3681551814079284,0.6402273178100586,0.6927885413169861,0.8088417649269104,0.3502287566661834,0.8379701375961304,0.5889631509780884,0.8339468836784363,0.4456574320793152,0.8317307233810425,0.0,0.0,0.0,0.0,0.0,0.0,0.0,0.0,0.5256637930870056,0.4249064028263092
0.5312241911888123,0.2497808635234832,0.5484023690223694,0.2242311239242553,0.5080969929695129,0.2297620475292205,0.574494481086731,0.2480177581310272,0.4792437255382538,0.2650609910488128,0.6324797868728638,0.4183892905712127,0.4324754178524017,0.430388480424881,0.6826507449150085,0.6219676733016968,0.3741468489170074,0.6357797384262085,0.703544020652771,0.8061748743057251,0.3579036593437195,0.8374059796333313,0.6006860733032227,0.8348790407180786,0.4554448127746582,0.8330801129341125,0.0,0.0,0.0,0.0,0.0,0.0,0.0,0.0,0.5319902300834656,0.4246479868888855
0.544313907623291,0.2439315170049667,0.5640732049942017,0.2203252464532852,0.523339033126831,0.223981574177742,0.590884268283844,0.2425744533538818,0.4950798153877258,0.2555894553661346,0.6500037312507629,0.4143349826335907,0.4488030076026916,0.4243538677692413,0.6973391771316528,0.6206640601158142,0.3882351815700531,0.6347096562385559,0.7164359092712402,0.8132265210151672,0.372653067111969,0.8325156569480896,0.6162866950035095,0.8469336628913879,0.4731286168098449,0.8460354208946228,0.0,0.0,0.0,0.0,0.0,0.0,0.0,0.0,0.5474125742912292,0.420992374420166
0.570518434047699,0.23316390812397,0.5906282663345337,0.2108428031206131,0.5487688779830933,0.2115997225046157,0.6169157028198242,0.2394755184650421,0.5181060433387756,0.245801106095314,0.6697719693183899,0.4084296822547912,0.466621071100235,0.4168206751346588,0.7199990153312683,0.6195625066757202,0.4067886471748352,0.6354435086250305,0.7331073880195618,0.8170858025550842,0.3945024311542511,0.8241932988166809,0.6374550461769104,0.8445615768432617,0.489615648984909,0.8321159482002258,0.0,0.0,0.0,0.0,0.0,0.0,0.0,0.0,0.5683225989341736,0.4133085608482361
0.5981515645980835,0.2373559772968292,0.6163142323493958,0.2137215435504913,0.5758496522903442,0.2156077623367309,0.6430002450942993,0.241800457239151,0.5466638207435608,0.2458912581205368,0.6915947198867798,0.4134690761566162,0.4918548464775085,0.4107203483581543,0.7372056841850281,0.6156610250473022,0.4334658086299896,0.6201425790786743,0.7531020045280457,0.8265210390090942,0.40904301404953,0.8097976446151733,0.651874840259552,0.8469258546829224,0.5067343711853027,0.8287180066108704,0.0,0.0,0.0,0.0,0.0,0.0,0.0,0.0,0.5925599932670593,0.4122357964515686
0.616148054599762,0.2422198951244354,0.636559009552002,0.2188684046268463,0.5954570770263672,0.2187249660491943,0.6621540188789368,0.2491150945425033,0.5633074641227722,0.2486724108457565,0.7065359354019165,0.4223007559776306,0.5062776207923889,0.4161438047885895,0.7512972950935364,0.6255244612693787,0.4444384276866913,0.6311882138252258,0.7655742764472961,0.8347586393356323,0.4170145690441131,0.8110209107398987,0.6654717326164246,0.8505087494850159,0.5201416611671448,0.8306814432144165,0.0,0.0,0.0,0.0,0.0,0.0,0.0,0.0,0.6066897511482239,0.4192674160003662
0.6218487024307251,0.2440477758646011,0.6434064507484436,0.2198850214481353,0.6009877324104309,0.2191418558359146,0.6695967316627502,0.2494646608829498,0.570015549659729,0.2484623193740844,0.7127013802528381,0.4246296882629394,0.5117751955986023,0.4170584976673126,0.7566437721252441,0.6279258131980896,0.4484578669071197,0.6299376487731934,0.7747755646705627,0.8356829285621643,0.4194834530353546,0.8081955313682556,0.6712355613708496,0.8649422526359558,0.5240128636360168,0.8448036909103394,0.0,0.0,0.0,0.0,0.0,0.0,0.0,0.0,0.6124353408813477,0.421610414981842
0.6191626787185669,0.2451971918344497,0.6403096914291382,0.2207858115434646,0.5989004969596863,0.2204987704753875,0.6669746041297913,0.2497035562992096,0.5681949257850647,0.2494528591632843,0.7119652628898621,0.4267294704914093,0.5100753903388977,0.4190157949924469,0.755082905292511,0.630540668964386,0.4511897265911102,0.623930811882019,0.7748662233352661,0.8210082054138184,0.4218656122684479,0.8024495840072632,0.6679781675338745,0.8635696768760681,0.5235627889633179,0.8450111746788025,0.0,0.0,0.0,0.0,0.0,0.0,0.0,0.0,0.6107155084609985,0.4234906136989593
0.6097526550292969,0.2446040958166122,0.6295710206031799,0.2218321114778518,0.5880985856056213,0.222819298505783,0.6547845005989075,0.2519771754741668,0.55754554271698,0.2525432705879211,0.7019628286361694,0.4216901659965515,0.5033648610115051,0.4202334880828857,0.7534276843070984,0.6170786023139954,0.4462149739265442,0.6026467084884644,0.7714120745658875,0.8065095543861389,0.4269051849842071,0.771722137928009,0.6650480628013611,0.8490027785301208,0.522386372089386,0.8321576118469238,0.0,0.0,0.0,0.0,0.0,0.0,0.0,0.0,0.602542519569397,0.420831024646759
0.600043773651123,0.2447915077209472,0.6181812882423401,0.2219780832529068,0.5778066515922546,0.2234685868024826,0.6438996195793152,0.2491861134767532,0.5480486750602722,0.2537296712398529,0.6952783465385437,0.4199856221675873,0.4941434860229492,0.4193786978721618,0.7507413029670715,0.602352499961853,0.4387969374656677,0.5985916256904602,0.7642633318901062,0.7642694711685181,0.42401984333992,0.7481730580329895,0.6579652428627014,0.8529685139656067,0.5213483572006226,0.8355913162231445,0.0,0.0,0.0,0.0,0.0,0.0,0.0,0.0,0.5952271223068237,0.4197621345520019
0.5896739363670349,0.2443046569824218,0.6099128127098083,0.2212377935647964,0.5681915283203125,0.2228717356920242,0.6373271942138672,0.2494435608386993,0.540439784526825,0.2519718706607818,0.6905659437179565,0.4178699553012848,0.4869843423366546,0.418561726808548,0.7430798411369324,0.60222989320755,0.4340177178382873,0.6028918623924255,0.759280800819397,0.7733948826789856,0.4190889000892639,0.7622939944267273,0.6537917852401733,0.8510686755180359,0.5121895670890808,0.8422055244445801,0.0,0.0,0.0,0.0,0.0,0.0,0.0,0.0,0.5886272192001343,0.4182512760162353
0.5863369107246399,0.2406016886234283,0.6059734225273132,0.216051310300827,0.5647757649421692,0.2186106890439987,0.6340814232826233,0.2439809888601303,0.5363315939903259,0.24786277115345,0.6874114274978638,0.4157790243625641,0.4833967983722687,0.4174323081970215,0.7379897832870483,0.6167839765548706,0.4299536049365997,0.6179563403129578,0.7539324760437012,0.8157014846801758,0.4089576303958893,0.8039718270301819,0.6515019536018372,0.8489227294921875,0.5026946663856506,0.8324161171913147,0.0,0.0,0.0,0.0,0.0,0.0,0.0,0.0,0.5853984951972961,0.4165492355823517
0.5834327340126038,0.2330195754766464,0.6052641272544861,0.2074812203645706,0.5627957582473755,0.210550457239151,0.6361545920372009,0.2368259280920028,0.5346704125404358,0.2419924587011337,0.6860805749893188,0.4134628474712372,0.4806514084339142,0.4150901436805725,0.7349868416786194,0.6163653135299683,0.4221319854259491,0.6368264555931091,0.7483223080635071,0.8307204246520996,0.4020212292671203,0.828109622001648,0.6499587893486023,0.8504199981689453,0.4980454742908478,0.8357911705970764,0.0,0.0,0.0,0.0,0.0,0.0,0.0,0.0,0.584281325340271,0.4145200550556183
0.5839719176292419,0.2299560308456421,0.6055812835693359,0.2044169455766677,0.5632588267326355,0.2066465467214584,0.6367374658584595,0.2347917109727859,0.5349723100662231,0.2382572144269943,0.6864023208618164,0.4139712452888489,0.4805049896240234,0.4138728678226471,0.7309436202049255,0.6175066828727722,0.4250753223896026,0.6301506161689758,0.7468656897544861,0.8288544416427612,0.3993892073631286,0.8188257217407227,0.6480671167373657,0.8506248593330383,0.4960996508598327,0.8441837430000305,0.0,0.0,0.0,0.0,0.0,0.0,0.0,0.0,0.5847195982933044,0.4140090346336365
0.5838165283203125,0.2297581732273101,0.6059160828590393,0.2049851566553115,0.562992513179779,0.206647977232933,0.6368061304092407,0.2357762604951858,0.5344491600990295,0.2382776439189911,0.6870112419128418,0.412738174200058,0.4797178208827972,0.4126723110675812,0.7375783324241638,0.6154752969741821,0.4246039688587188,0.6199726462364197,0.7491238713264465,0.8265356421470642,0.4041642546653747,0.815261721611023,0.648003876209259,0.8497797250747681,0.5014177560806274,0.8348663449287415,0.0,0.0,0.0,0.0,0.0,0.0,0.0,0.0,0.5845064520835876,0.412734717130661
0.5824306607246399,0.2306152880191803,0.6040725111961365,0.2061847895383834,0.5616752505302429,0.2082866728305816,0.6344690322875977,0.2370839565992355,0.5328104496002197,0.2401393353939056,0.6823931336402893,0.4119008183479309,0.4773826897144317,0.4102101624011993,0.7315568923950195,0.6168952584266663,0.4218321740627289,0.6137446165084839,0.7351583242416382,0.8263978362083435,0.4203983843326568,0.7974192500114441,0.6460133194923401,0.8461331725120544,0.5026131868362427,0.8304533958435059,0.0,0.0,0.0,0.0,0.0,0.0,0.0,0.0,0.5802613496780396,0.4119243621826172
0.5792380571365356,0.2306972444057464,0.6006554365158081,0.2068642377853393,0.5577388405799866,0.208865150809288,0.6292062401771545,0.2374969869852066,0.527267575263977,0.2420657873153686,0.6768625974655151,0.408860981464386,0.472682774066925,0.4100276827812195,0.7253860235214233,0.6133302450180054,0.4187439084053039,0.619384765625,0.7294597029685974,0.8164951205253601,0.4200125634670257,0.8055905103683472,0.6464046835899353,0.8445911407470703,0.5034113526344299,0.8313956260681152,0.0,0.0,0.0,0.0,0.0,0.0,0.0,0.0,0.5752387642860413,0.4099667072296142
0.5655235052108765,0.2293559163808822,0.5861777663230896,0.2040460258722305,0.5424753427505493,0.2072876244783401,0.6156274080276489,0.2300404608249664,0.512215793132782,0.2408247888088226,0.6728177666664124,0.4058168232440948,0.4612930715084076,0.4122584462165832,0.7217406630516052,0.6191510558128357,0.4051420986652374,0.6307365298271179,0.7435795068740845,0.8142107725143433,0.3849569261074066,0.8171333074569702,0.6458429098129272,0.8512592315673828,0.4901919364929199,0.8462185859680176,0.0,0.0,0.0,0.0,0.0,0.0,0.0,0.0,0.5675813555717468,0.4092327058315277
0.555517315864563,0.2288205921649933,0.5766251683235168,0.2034431248903274,0.532093346118927,0.2059071958065033,0.6070805191993713,0.2284753769636154,0.5018060803413391,0.2382456362247467,0.6655057072639465,0.4008727371692657,0.4510347545146942,0.4150325953960418,0.7127504348754883,0.6061475872993469,0.3979721367359161,0.6349690556526184,0.7343366742134094,0.8117472529411316,0.3821729719638824,0.8346611261367798,0.6401880383491516,0.845947265625,0.4810903072357178,0.8454540371894836,0.0,0.0,0.0,0.0,0.0,0.0,0.0,0.0,0.5567491054534912,0.4087332785129547
0.5487383604049683,0.2320943921804428,0.568592369556427,0.2055487632751464,0.5254303812980652,0.2087386697530746,0.5966437458992004,0.2313828468322754,0.4946888387203216,0.2434098273515701,0.6591447591781616,0.4062522053718567,0.4410343468189239,0.4227137863636017,0.7001366019248962,0.6044416427612305,0.3973285257816314,0.6386810541152954,0.6971719861030579,0.7663249969482422,0.4043297469615936,0.8173388838768005,0.6344708204269409,0.84551602602005,0.482308954000473,0.844793438911438,0.0,0.0,0.0,0.0,0.0,0.0,0.0,0.0,0.548736035823822,0.4151935875415802
0.5486322045326233,0.2348737567663192,0.5683035254478455,0.2064347118139267,0.5251377820968628,0.2113387733697891,0.5965232253074646,0.2300285547971725,0.4944899678230285,0.2440174669027328,0.6593790650367737,0.4090855717658996,0.4425901770591736,0.4214746654033661,0.6987225413322449,0.6129630208015442,0.408496230840683,0.6167276501655579,0.7016904950141907,0.7820351719856262,0.4253919124603271,0.740595281124115,0.6412928700447083,0.8368932604789734,0.4877908229827881,0.8455929756164551,0.0,0.0,0.0,0.0,0.0,0.0,0.0,0.0,0.5495786070823669,0.4159084856510162
0.5589826107025146,0.2313925474882125,0.580935001373291,0.2043559551239013,0.5347045660018921,0.2088989317417144,0.6141580939292908,0.2282201200723648,0.5043557286262512,0.2406893670558929,0.6730093359947205,0.4074421226978302,0.4492576420307159,0.4170942008495331,0.7117051482200623,0.601167619228363,0.4177962243556976,0.6179465055465698,0.7003072500228882,0.7780132293701172,0.0,0.0,0.6448401212692261,0.8345515131950378,0.4927647113800049,0.8328500390052795,0.0,0.0,0.0,0.0,0.0,0.0,0.0,0.0,0.5616032481193542,0.4118742048740387
0.5730150938034058,0.2266203165054321,0.5942405462265015,0.2018083184957504,0.5499513745307922,0.2050464302301406,0.6245609521865845,0.2332389205694198,0.5188039541244507,0.2398977577686309,0.6826160550117493,0.4068508148193359,0.4615921974182129,0.4114699065685272,0.7273768782615662,0.6024392247200012,0.424905389547348,0.6188745498657227,0.7115774750709534,0.7763916850090027,0.4562276303768158,0.702987790107727,0.6507452726364136,0.8339439630508423,0.5031902194023132,0.8331616520881653,0.0,0.0,0.0,0.0,0.0,0.0,0.0,0.0,0.5726587176322937,0.407950609922409
0.5865124464035034,0.225784495472908,0.6074690818786621,0.1995401084423065,0.5646926760673523,0.2027995139360427,0.6390370726585388,0.2303586453199386,0.5362854599952698,0.2365119904279709,0.6913307905197144,0.4087889790534973,0.4763243198394775,0.4073308110237121,0.7355890870094299,0.6137145757675171,0.4333265423774719,0.6168769001960754,0.7201939821243286,0.780668318271637,0.4527508616447449,0.6866116523742676,0.6620239615440369,0.8358019590377808,0.5168923139572144,0.8318800926208496,0.0,0.0,0.0,0.0,0.0,0.0,0.0,0.0,0.5842800140380859,0.4078187346458435
0.6081072688102722,0.2236427217721939,0.6291593313217163,0.1983368545770645,0.5851555466651917,0.2004328668117523,0.6566025614738464,0.229862168431282,0.5537850856781006,0.233273297548294,0.7036570906639099,0.4091741740703583,0.4959603250026703,0.4049563705921173,0.7523382306098938,0.6195722222328186,0.4452745020389557,0.6124743819236755,0.7274483442306519,0.7938938140869141,0.4613188207149505,0.6741107702255249,0.6710923910140991,0.8494665026664734,0.5280590057373047,0.8334822654724121,0.0,0.0,0.0,0.0,0.0,0.0,0.0,0.0,0.5994922518730164,0.4070682227611542
0.6284828782081604,0.2283089458942413,0.650486946105957,0.2037825137376785,0.6059626340866089,0.2024966180324554,0.679197371006012,0.2324263751506805,0.5752236247062683,0.234231948852539,0.7244442105293274,0.4172411859035492,0.5137900710105896,0.4055401384830475,0.7604159116744995,0.6119919419288635,0.4628618061542511,0.59620600938797,0.0,0.0,0.4884952008724212,0.6828356385231018,0.6784767508506775,0.8494544625282288,0.5376967191696167,0.8314300775527954,0.0,0.0,0.0,0.0,0.0,0.0,0.0,0.0,0.6173213720321655,0.4115856289863586
0.6371272802352905,0.2304247319698333,0.6593977212905884,0.2064441293478012,0.6133618354797363,0.2045712620019912,0.6888106465339661,0.2387942373752594,0.5813133120536804,0.2375742644071579,0.7350682616233826,0.4221879541873932,0.5182803273200989,0.4053208529949188,0.7651582956314087,0.6213685274124146,0.4667735695838928,0.5911130905151367,0.0,0.0,0.4890206158161163,0.6776941418647766,0.6797579526901245,0.8464902639389038,0.5412513613700867,0.826349675655365,0.0,0.0,0.0,0.0,0.0,0.0,0.0,0.0,0.6245523691177368,0.4134824872016907
0.636955201625824,0.2300966084003448,0.6590064167976379,0.2061862796545028,0.6135916709899902,0.2043013423681259,0.6880040764808655,0.2391288131475448,0.5817465782165527,0.2377682775259018,0.7335817217826843,0.4234667122364044,0.5182689428329468,0.4070648550987243,0.766516387462616,0.6162697076797485,0.4680476486682892,0.5934478044509888,0.0,0.0,0.4892432987689972,0.6759565472602844,0.6794740557670593,0.8477351069450378,0.5428425669670105,0.8282579779624939,0.0,0.0,0.0,0.0,0.0,0.0,0.0,0.0,0.6237552762031555,0.4148319065570831
0.630149781703949,0.2284524291753769,0.6520509719848633,0.2042230516672134,0.6067903637886047,0.2044667154550552,0.6821206212043762,0.2354168891906738,0.5764812231063843,0.2384525835514068,0.7278414368629456,0.414131224155426,0.5202305316925049,0.4087779819965362,0.76537024974823,0.6158660054206848,0.4669303894042969,0.5839353203773499,0.0,0.0,0.4801599681377411,0.6724051833152771,0.6825851202011108,0.8492640852928162,0.5443957448005676,0.828399121761322,0.0,0.0,0.0,0.0,0.0,0.0,0.0,0.0,0.6226194500923157,0.4121439158916473
0.6278359293937683,0.2288396507501602,0.6491843461990356,0.2039810866117477,0.6053107976913452,0.2043948471546173,0.679625928401947,0.2310386449098587,0.5761088132858276,0.236400693655014,0.7261137962341309,0.4137588143348694,0.5171549916267395,0.410502016544342,0.7637103796005249,0.6201233267784119,0.4626784324645996,0.5990562438964844,0.7250127792358398,0.7644261717796326,0.4799501299858093,0.6713619232177734,0.6832898259162903,0.8501587510108948,0.5452918410301208,0.8294551968574524,0.0,0.0,0.0,0.0,0.0,0.0,0.0,0.0,0.620425283908844,0.412512719631195
0.6273112893104553,0.2285007238388061,0.6485885381698608,0.2036303281784057,0.6047344207763672,0.2038610726594925,0.6782093048095703,0.2319315373897552,0.5749492645263672,0.236672893166542,0.7255883812904358,0.4128214418888092,0.5161411166191101,0.4067884981632232,0.7629715204238892,0.6058021187782288,0.4612736701965332,0.585189163684845,0.0,0.0,0.4730670750141144,0.6716274619102478,0.6836361289024353,0.8453580141067505,0.5444101095199585,0.8261998295783997,0.0,0.0,0.0,0.0,0.0,0.0,0.0,0.0,0.6197403073310852,0.4094518721103668
0.6243577599525452,0.2272790372371673,0.6456298828125,0.2040755450725555,0.6026131510734558,0.202610045671463,0.6739429235458374,0.2347040325403213,0.5724985003471375,0.2353172302246093,0.7245157957077026,0.4131328165531158,0.5142418742179871,0.4095385670661926,0.7601771354675293,0.6178656220436096,0.4612171649932861,0.5966952443122864,0.0,0.0,0.4787296950817108,0.6838365197181702,0.681684136390686,0.8457297682762146,0.5424948930740356,0.8272907137870789,0.0,0.0,0.0,0.0,0.0,0.0,0.0,0.0,0.6179340481758118,0.4106064438819885
0.6214219331741333,0.2283792197704315,0.6431507468223572,0.2043526023626327,0.5998449325561523,0.203739121556282,0.6722747683525085,0.2351583987474441,0.5701462030410767,0.2357187569141388,0.7218033075332642,0.413638174533844,0.5117786526679993,0.4125812649726867,0.7601128220558167,0.6167898774147034,0.4587823450565338,0.6139877438545227,0.0,0.0,0.4778460562229156,0.6744721531867981,0.6814756989479065,0.8504944443702698,0.5416558384895325,0.833556592464447,0.0,0.0,0.0,0.0,0.0,0.0,0.0,0.0,0.6154751777648926,0.4133320450782776
0.6200515627861023,0.2270452976226806,0.6411751508712769,0.2031244784593582,0.5988926887512207,0.2028791010379791,0.6701850891113281,0.2342092841863632,0.5687903761863708,0.2353370487689972,0.719101071357727,0.4142771363258362,0.51054847240448,0.4075400233268738,0.7578259110450745,0.6148437857627869,0.4644255638122558,0.6008715629577637,0.0,0.0,0.4906995296478271,0.6851240992546082,0.6810221076011658,0.847059428691864,0.5410344004631042,0.8300666213035583,0.0,0.0,0.0,0.0,0.0,0.0,0.0,0.0,0.6138556599617004,0.410280704498291
0.6181196570396423,0.2268266677856445,0.6391878128051758,0.2026683092117309,0.5971794128417969,0.2030229121446609,0.6686358451843262,0.2335710078477859,0.5683249831199646,0.2350314706563949,0.7168697714805603,0.4077173173427582,0.5130590796470642,0.4055223166942596,0.7547865509986877,0.6002748608589172,0.4680981040000915,0.5849980115890503,0.0,0.0,0.4739564061164856,0.6875039935112,0.6825911402702332,0.8460769653320312,0.5426096320152283,0.8291365504264832,0.0,0.0,0.0,0.0,0.0,0.0,0.0,0.0,0.6150122880935669,0.407146543264389
0.6184583306312561,0.2281283140182495,0.6392536163330078,0.2033838182687759,0.5972647070884705,0.204488068819046,0.6694676280021667,0.2337153106927871,0.5688861012458801,0.2369251549243927,0.7194786071777344,0.4122190773487091,0.5129977464675903,0.408429890871048,0.7588371634483337,0.6185302138328552,0.4611161053180694,0.6192535758018494,0.7632086873054504,0.8341158032417297,0.4484118521213531,0.8162395358085632,0.6752689480781555,0.850911021232605,0.5332032442092896,0.8348808288574219,0.0,0.0,0.0,0.0,0.0,0.0,0.0,0.0,0.6152123808860779,0.4105752110481262
0.6231117248535156,0.2305838316679,0.6446705460548401,0.2059995085000991,0.6014795303344727,0.2060600519180297,0.6739729642868042,0.235449343919754,0.5729118585586548,0.2381511032581329,0.7200770974159241,0.4174403548240661,0.5184102058410645,0.4073838591575622,0.7686963081359863,0.6128193736076355,0.4593631327152252,0.6045018434524536,0.7947669625282288,0.8197899460792542,0.4305355548858642,0.8080412149429321,0.6801021695137024,0.8493170142173767,0.5399945378303528,0.8326432108879089,0.0,0.0,0.0,0.0,0.0,0.0,0.0,0.0,0.6180663108825684,0.4133527278900146
0.6319480538368225,0.2403852194547653,0.6527565121650696,0.2131626158952713,0.6082196235656738,0.2161131352186203,0.6833978295326233,0.2397004216909408,0.5788040161132812,0.2465586960315704,0.7297600507736206,0.4235529601573944,0.5233485698699951,0.4142880141735077,0.7720894813537598,0.6186074018478394,0.4663905501365661,0.6167059540748596,0.7857477068901062,0.833859920501709,0.4420806467533111,0.8107752799987793,0.6855683922767639,0.8517737984657288,0.5419100522994995,0.8337098360061646,0.0,0.0,0.0,0.0,0.0,0.0,0.0,0.0,0.624255359172821,0.4192892909049988
0.6407829523086548,0.246836319565773,0.6629449725151062,0.223313570022583,0.6176207661628723,0.2219729572534561,0.6903077960014343,0.2537588477134704,0.5856246948242188,0.2536838054656982,0.7361342310905457,0.434342473745346,0.5248852372169495,0.4183736741542816,0.7717150449752808,0.6397048830986023,0.4662981331348419,0.6203455924987793,0.7659958600997925,0.84954434633255,0.4423169791698456,0.8088182806968689,0.6806479096412659,0.8635460138320923,0.539474606513977,0.8347038626670837,0.0,0.0,0.0,0.0,0.0,0.0,0.0,0.0,0.6274370551109314,0.4265069961547851
0.6359013915061951,0.2450211495161056,0.6567898392677307,0.221406951546669,0.6127540469169617,0.221191257238388,0.6848258376121521,0.2538821101188659,0.5809149742126465,0.2543196976184845,0.7323821187019348,0.4338614344596863,0.5236501097679138,0.418367326259613,0.7691429257392883,0.6383675336837769,0.4650230705738067,0.6203433871269226,0.7665172815322876,0.8644396662712097,0.4410505592823028,0.8138271570205688,0.6749065518379211,0.8641802668571472,0.5364042520523071,0.8354118466377258,0.0,0.0,0.0,0.0,0.0,0.0,0.0,0.0,0.6245750784873962,0.4267590045928955
0.6186390519142151,0.2425999492406845,0.6395768523216248,0.2189393788576126,0.5980607867240906,0.2193382531404495,0.6675885915756226,0.2477936446666717,0.5679506063461304,0.248002603650093,0.7154674530029297,0.4246038496494293,0.509156346321106,0.415824830532074,0.7600657343864441,0.6343092322349548,0.4528078734874725,0.6295015215873718,0.7718685865402222,0.8493574857711792,0.4275681376457214,0.8219047784805298,0.6664751768112183,0.8629869818687439,0.518267035484314,0.8439497351646423,0.0,0.0,0.0,0.0,0.0,0.0,0.0,0.0,0.6117600202560425,0.4199915826320648
0.6038488149642944,0.2329545021057129,0.6234080195426941,0.2095594406127929,0.5824812650680542,0.2111602127552032,0.651213526725769,0.2398573905229568,0.5535029768943787,0.2431433498859405,0.7002787590026855,0.4160082936286926,0.4925725162029266,0.4062608778476715,0.7508780360221863,0.6186812520027161,0.4350981414318084,0.6113917231559753,0.7601979970932007,0.8164373636245728,0.4119021296501159,0.8049443364143372,0.6538477540016174,0.847964346408844,0.5073079466819763,0.8303087949752808,0.0,0.0,0.0,0.0,0.0,0.0,0.0,0.0,0.5971728563308716,0.4112665355205536
0.5837430357933044,0.2295414209365844,0.6063539385795593,0.2049596607685089,0.562714695930481,0.2067137509584427,0.6372935175895691,0.2377549558877945,0.5330072641372681,0.239750862121582,0.6848083734512329,0.410601407289505,0.4732677638530731,0.4069900214672088,0.734165370464325,0.6139102578163147,0.4206695556640625,0.6110972762107849,0.7360414266586304,0.8299410939216614,0.4150390326976776,0.8074327707290649,0.6409963965415955,0.8462346196174622,0.4959577918052673,0.8311437964439392,0.0,0.0,0.0,0.0,0.0,0.0,0.0,0.0,0.5794791579246521,0.4089695513248443
0.573002278804779,0.2262150198221206,0.5944626927375793,0.2027908861637115,0.5511709451675415,0.2047130018472671,0.6228274703025818,0.2342410385608673,0.5200448036193848,0.238678827881813,0.673027515411377,0.4048580825328827,0.462746649980545,0.403317391872406,0.7156482934951782,0.5837826132774353,0.4178466796875,0.6034027338027954,0.6955927610397339,0.7840290665626526,0.4351724088191986,0.7985357642173767,0.6198219060897827,0.8351446390151978,0.4922544062137604,0.8282480239868164,0.0,0.0,0.0,0.0,0.0,0.0,0.0,0.0,0.5673101544380188,0.4044035375118255
0.5612906217575073,0.2241681963205337,0.5829826593399048,0.2002711147069931,0.5374215841293335,0.2017241418361663,0.6115811467170715,0.2282235771417617,0.5041442513465881,0.2334223538637161,0.6636250615119934,0.4016049206256866,0.4476005733013153,0.3946775794029236,0.699008047580719,0.5993331670761108,0.4105878174304962,0.5866541266441345,0.6525086164474487,0.8023256659507751,0.4448506832122803,0.7801259756088257,0.606052815914154,0.8266029953956604,0.4722988903522491,0.7975049018859863,0.0,0.0,0.0,0.0,0.0,0.0,0.0,0.0,0.5532209873199463,0.3991609513759613
0.5461302995681763,0.2248407304286956,0.5670181512832642,0.2018257677555084,0.5259248614311218,0.2008928805589676,0.5945010781288147,0.2313166707754135,0.4953349232673645,0.2322571575641632,0.6482390761375427,0.3997237086296081,0.4386439323425293,0.3956721127033233,0.6908582448959351,0.5892471075057983,0.4036743342876434,0.5944467782974243,0.6343588829040527,0.791687548160553,0.4466021358966827,0.7826255559921265,0.6027645468711853,0.8135480284690857,0.4717744886875152,0.7973688840866089,0.0,0.0,0.0,0.0,0.0,0.0,0.0,0.0,0.541153073310852,0.3976179659366607
0.5373347997665405,0.2258293330669403,0.5564535856246948,0.2018469721078872,0.5144166946411133,0.2025634795427322,0.5820153951644897,0.229871317744255,0.4795046150684356,0.2372651100158691,0.6355465054512024,0.3981549739837646,0.4283084869384765,0.3951901495456695,0.6834303736686707,0.5848363637924194,0.392968088388443,0.6003509759902954,0.6318879723548889,0.774042546749115,0.4417316913604736,0.7764090895652771,0.5946917533874512,0.8289927244186401,0.4600112736225128,0.810274064540863,0.0,0.0,0.0,0.0,0.0,0.0,0.0,0.0,0.5302503705024719,0.3961329460144043
0.5314421057701111,0.2306235283613205,0.5497680306434631,0.2063510864973068,0.5081010460853577,0.2093614339828491,0.5766026377677917,0.2326099127531051,0.4753749966621399,0.2466190755367279,0.6322075128555298,0.4004373550415039,0.4273795783519745,0.397471010684967,0.6750492453575134,0.5955420136451721,0.3914214074611664,0.6045608520507812,0.6275270581245422,0.7645947337150574,0.446850061416626,0.7793996930122375,0.5945950150489807,0.8136580586433411,0.4567723572254181,0.8118972778320312,0.0,0.0,0.0,0.0,0.0,0.0,0.0,0.0,0.5275672674179077,0.3993321061134338
0.5414367318153381,0.2281478494405746,0.561522364616394,0.2040978670120239,0.5210065245628357,0.2064916640520095,0.5909391045570374,0.2304079532623291,0.4910271465778351,0.2402226775884628,0.6496796607971191,0.3990009427070617,0.4390504658222198,0.4007177948951721,0.6898483037948608,0.5837498307228088,0.4043900370597839,0.6018021702766418,0.6367208361625671,0.7567070722579956,0.4653617441654205,0.7728577852249146,0.611293613910675,0.8150378465652466,0.4698327481746673,0.8098509907722473,0.0,0.0,0.0,0.0,0.0,0.0,0.0,0.0,0.5427438616752625,0.3997760713100433
0.5661095976829529,0.2239268124103546,0.5869870781898499,0.2006836682558059,0.5422366857528687,0.2047375291585922,0.6174355745315552,0.2304945737123489,0.5124298334121704,0.2409831285476684,0.6735541224479675,0.3974954187870025,0.461677074432373,0.4040629267692566,0.7052022218704224,0.5932008624076843,0.4310534596443176,0.6024286150932312,0.6527129411697388,0.7583437561988831,0.489522248506546,0.7787513136863708,0.625569760799408,0.8408156633377075,0.4804676175117492,0.8096837401390076,0.0,0.0,0.0,0.0,0.0,0.0,0.0,0.0,0.5680078864097595,0.4027247428894043
0.5879163146018982,0.2307825088500976,0.6089723706245422,0.2050938308238983,0.5661412477493286,0.2088148444890976,0.6427415013313293,0.23527492582798,0.5399899482727051,0.241163745522499,0.6965376734733582,0.3976864516735077,0.4921334385871887,0.4035172760486603,0.7360473275184631,0.576574981212616,0.4573456645011902,0.6082073450088501,0.6798189282417297,0.7496641874313354,0.5064122080802917,0.77861487865448,0.6551269888877869,0.8134124875068665,0.5238745212554932,0.7959495782852173,0.0,0.0,0.0,0.0,0.0,0.0,0.0,0.0,0.5938715934753418,0.400806188583374
0.5949167013168335,0.2366123050451278,0.6142739057540894,0.2132671028375625,0.572602391242981,0.215006485581398,0.6432590484619141,0.2428589314222335,0.5436047315597534,0.2457347363233566,0.6935118436813354,0.4024353623390198,0.4908105731010437,0.4024918973445892,0.7353165745735168,0.5788050889968872,0.4543065428733825,0.6115790009498596,0.6706118583679199,0.7743126153945923,0.5033375024795532,0.7964735627174377,0.6516371369361877,0.8124815225601196,0.5176423788070679,0.798011839389801,0.0,0.0,0.0,0.0,0.0,0.0,0.0,0.0,0.5931372046470642,0.4026176035404205
0.5841355919837952,0.2339887917041778,0.6051558256149292,0.2104741334915161,0.5620580315589905,0.2121788263320922,0.635007381439209,0.2436083555221557,0.5316687226295471,0.2457058727741241,0.6836969256401062,0.4059907793998718,0.4778866767883301,0.4011047482490539,0.7241258025169373,0.585277259349823,0.4384782314300537,0.6164774894714355,0.6646991968154907,0.7619377374649048,0.4965260326862335,0.7894315123558044,0.6305460333824158,0.8276404738426208,0.4881111681461334,0.8087409138679504,0.0,0.0,0.0,0.0,0.0,0.0,0.0,0.0,0.5822858810424805,0.4032478928565979
0.5778387784957886,0.2352779805660247,0.5986675024032593,0.2129756063222885,0.555565595626831,0.2133535146713256,0.6251527070999146,0.2440923154354095,0.5228427052497864,0.2458605468273162,0.6753373742103577,0.4038112163543701,0.4711978435516357,0.4009846150875091,0.7117506265640259,0.5977293252944946,0.4353782534599304,0.6026529669761658,0.6534578204154968,0.7917994260787964,0.4913327097892761,0.7936652302742004,0.6310590505599976,0.8320727348327637,0.4883677065372467,0.8276965022087097,0.0,0.0,0.0,0.0,0.0,0.0,0.0,0.0,0.5744925737380981,0.403146743774414
0.5738618969917297,0.2344901412725448,0.5950555205345154,0.211216315627098,0.5513485670089722,0.212300032377243,0.6231021285057068,0.24115090072155,0.5190377831459045,0.2465890198945999,0.6744083762168884,0.4050521850585937,0.4700553119182586,0.4025230705738067,0.7118008732795715,0.59637051820755,0.4351608455181122,0.6094964742660522,0.6539422869682312,0.7926401495933533,0.4945732653141022,0.7977322340011597,0.6315168738365173,0.8297604322433472,0.4891374707221985,0.7808152437210083,0.0,0.0,0.0,0.0,0.0,0.0,0.0,0.0,0.5731043219566345,0.4049650132656097
0.5746684670448303,0.2346150428056717,0.5959516763687134,0.2116413414478302,0.5526591539382935,0.2126223146915435,0.6241406202316284,0.2410913556814193,0.5209574103355408,0.2453290969133377,0.6754370331764221,0.4020662307739258,0.4693833291530609,0.4031411111354828,0.7159909009933472,0.5987080931663513,0.4362304806709289,0.6115099787712097,0.6544171571731567,0.7912626266479492,0.4940953552722931,0.7980042099952698,0.6329501867294312,0.8293319344520569,0.4880006611347198,0.7811095118522644,0.0,0.0,0.0,0.0,0.0,0.0,0.0,0.0,0.5730400085449219,0.4036084711551666
0.5773417353630066,0.2350131273269653,0.5988563299179077,0.2118240147829055,0.5547098517417908,0.2125090062618255,0.6269664764404297,0.2426317483186721,0.5218815803527832,0.2447308599948883,0.6772444844245911,0.4045158922672272,0.4717757701873779,0.4018600881099701,0.7196030020713806,0.5964652895927429,0.4372436106204986,0.6114526391029358,0.6547113656997681,0.7906417846679688,0.4950676560401916,0.8007744550704956,0.6311753392219543,0.8324124217033386,0.489952027797699,0.8261298537254333,0.0,0.0,0.0,0.0,0.0,0.0,0.0,0.0,0.5755475163459778,0.403071790933609
0.5783268809318542,0.232777327299118,0.5995718836784363,0.2095233350992202,0.5559605956077576,0.2111222594976425,0.6286347508430481,0.2415418624877929,0.524409830570221,0.2451931238174438,0.6800908446311951,0.4036716818809509,0.4733182489871979,0.4033984839916229,0.7271095514297485,0.5849451422691345,0.4397757351398468,0.614286482334137,0.6558791399002075,0.7928348779678345,0.4952390491962433,0.7983511686325073,0.6342652440071106,0.8290219902992249,0.4925346374511719,0.7808107137680054,0.0,0.0,0.0,0.0,0.0,0.0,0.0,0.0,0.5776389241218567,0.4033357501029968
0.5786382555961609,0.2315324544906616,0.6000128388404846,0.2084374576807022,0.5568212866783142,0.2101766169071197,0.6297281384468079,0.2409977167844772,0.5262956023216248,0.2444550842046737,0.6806145906448364,0.4030304551124573,0.4738380312919616,0.4030115306377411,0.7251228094100952,0.5939663052558899,0.438849002122879,0.6126764416694641,0.6562585830688477,0.7903057336807251,0.4953047931194305,0.7954618334770203,0.6347695589065552,0.830135703086853,0.4947112202644348,0.7964082956314087,0.0,0.0,0.0,0.0,0.0,0.0,0.0,0.0,0.5783887505531311,0.4024422466754913
0.579539954662323,0.2328321635723114,0.6011734008789062,0.2086701244115829,0.5574118494987488,0.2107614427804947,0.6308026909828186,0.2411717623472213,0.5265976190567017,0.2446295469999313,0.681097149848938,0.4051303267478943,0.4745115935802459,0.403409481048584,0.7243863940238953,0.5936443209648132,0.4399076998233795,0.6129946112632751,0.655756950378418,0.7933627367019653,0.4949104785919189,0.7956835031509399,0.6364838480949402,0.8288975954055786,0.4955203533172607,0.7953071594238281,0.0,0.0,0.0,0.0,0.0,0.0,0.0,0.0,0.5791054368019104,0.4039134085178375
0.5801344513893127,0.2336930185556411,0.6017640233039856,0.2090973109006881,0.5576880574226379,0.2115762531757354,0.631238579750061,0.2409502267837524,0.5265430808067322,0.2449100911617279,0.6811890006065369,0.4049199521541595,0.4747392535209656,0.403361976146698,0.7245509028434753,0.5872724652290344,0.4399355053901672,0.6126673817634583,0.657072901725769,0.7875927090644836,0.4944818317890167,0.7950611710548401,0.6337400674819946,0.8282013535499573,0.4934127330780029,0.795168399810791,0.0,0.0,0.0,0.0,0.0,0.0,0.0,0.0,0.5793611407279968,0.4040247499942779
0.5791628956794739,0.2330345809459686,0.6005828976631165,0.2092239111661911,0.5572209358215332,0.2113588154315948,0.6300572156906128,0.2410394102334976,0.5266635417938232,0.2445417791604995,0.6805962324142456,0.4031693935394287,0.4735689461231231,0.4028629660606384,0.7271808981895447,0.5838645100593567,0.4393799901008606,0.6120353937149048,0.6593645215034485,0.7803397178649902,0.4947400689125061,0.7950440049171448,0.6352505683898926,0.8266198039054871,0.4934949874877929,0.7937914133071899,0.0,0.0,0.0,0.0,0.0,0.0,0.0,0.0,0.5784378051757812,0.4027110636234283
0.578755795955658,0.2342095375061035,0.6001085638999939,0.2108133882284164,0.5569812655448914,0.2120600640773773,0.6291394829750061,0.2422172278165817,0.5261508822441101,0.2447367906570434,0.6798030734062195,0.4036145806312561,0.4726265370845794,0.403868705034256,0.726199746131897,0.5838214159011841,0.43880096077919,0.6140660047531128,0.6600690484046936,0.7795472741127014,0.4950046837329864,0.7956260442733765,0.6362577676773071,0.830666184425354,0.4930104315280914,0.7816595435142517,0.0,0.0,0.0,0.0,0.0,0.0,0.0,0.0,0.577278196811676,0.4036513864994049
0.5788792967796326,0.2343511283397674,0.6000849008560181,0.2115015685558319,0.5571346282958984,0.2123256772756576,0.6284142136573792,0.2432248890399933,0.5259945392608643,0.245290994644165,0.6798896193504333,0.4049036204814911,0.4734112322330475,0.4037958979606628,0.7260530591011047,0.5824969410896301,0.4382934272289276,0.6129792928695679,0.6623355150222778,0.7779768109321594,0.4960801303386688,0.7959743738174438,0.6363750100135803,0.8284949064254761,0.4932335019111633,0.7946785092353821,0.0,0.0,0.0,0.0,0.0,0.0,0.0,0.0,0.577494740486145,0.4045024216175079
0.5787917375564575,0.2374515235424041,0.5997681021690369,0.2141651362180709,0.5569334626197815,0.2149991691112518,0.627644956111908,0.2447756379842758,0.5251584649085999,0.2465093284845352,0.6801902651786804,0.4057524502277374,0.4732233881950378,0.4050192832946777,0.7261200547218323,0.5865235924720764,0.4393815100193023,0.6116563677787781,0.6655350923538208,0.7679005265235901,0.4965584576129913,0.7971700429916382,0.6360068917274475,0.8300071954727173,0.4924471974372864,0.7959892153739929,0.0,0.0,0.0,0.0,0.0,0.0,0.0,0.0,0.5777838826179504,0.4055213928222656
0.5784620642662048,0.2400874346494674,0.5992516279220581,0.2158327847719192,0.5567007064819336,0.2163321524858474,0.6268648505210876,0.2442091852426529,0.5252127051353455,0.2459956258535385,0.6797623634338379,0.4058811068534851,0.4726957976818084,0.4054964184761047,0.725919783115387,0.5864826440811157,0.440049260854721,0.6119877696037292,0.6602544188499451,0.7784004211425781,0.4962465465068817,0.7963900566101074,0.6376176476478577,0.830640435218811,0.4934693276882171,0.825992226600647,0.0,0.0,0.0,0.0,0.0,0.0,0.0,0.0,0.5777648091316223,0.4061287045478821
0.5779600143432617,0.239536166191101,0.598743736743927,0.215763047337532,0.556148886680603,0.2161174714565277,0.6262483596801758,0.2436367124319076,0.5240697264671326,0.2457016706466674,0.6794995665550232,0.4060989022254944,0.4711847305297851,0.4072553217411041,0.7253493070602417,0.5928543210029602,0.4357414543628692,0.6038756966590881,0.660544216632843,0.7937682867050171,0.477431058883667,0.7976255416870117,0.631235659122467,0.8314951062202454,0.4964929223060608,0.8265336751937866,0.0,0.0,0.0,0.0,0.0,0.0,0.0,0.0,0.5765703916549683,0.407254546880722
0.5734281539916992,0.2331855148077011,0.5953512787818909,0.2107806205749511,0.551332950592041,0.2112677246332168,0.6240416169166565,0.2420710176229477,0.5194787383079529,0.2456377297639846,0.6739014387130737,0.4099678099155426,0.4641073644161224,0.4130857586860657,0.7201229333877563,0.5979242324829102,0.410382330417633,0.6140437126159668,0.7128907442092896,0.8150416612625122,0.4120255410671234,0.8079429864883423,0.6266436576843262,0.8314860463142395,0.4881496727466583,0.8256457448005676,0.0,0.0,0.0,0.0,0.0,0.0,0.0,0.0,0.5693078637123108,0.4118854701519012
0.5676872134208679,0.2298447042703628,0.5884864926338196,0.2061744034290313,0.5453696250915527,0.2074137181043625,0.616409182548523,0.2352863252162933,0.5127370357513428,0.2404712438583374,0.6703797578811646,0.4093465507030487,0.4556419551372528,0.4130685329437256,0.7207009196281433,0.6156939268112183,0.390752226114273,0.6271435618400574,0.7344115972518921,0.8124798536300659,0.3733814358711242,0.8340505957603455,0.6304395794868469,0.8433674573898315,0.4799412190914154,0.841635525226593,0.0,0.0,0.0,0.0,0.0,0.0,0.0,0.0,0.5638098120689392,0.4122571349143982
0.5499370694160461,0.2285779565572738,0.5714783072471619,0.2036541253328323,0.5281361937522888,0.2042779177427292,0.600257933139801,0.230219617486,0.4972429573535919,0.2358504086732864,0.653002917766571,0.4106497466564178,0.4396724104881286,0.4096944034099579,0.6967148184776306,0.6219962239265442,0.3801614344120025,0.622970700263977,0.7243552207946777,0.8017048239707947,0.356658011674881,0.8324490785598755,0.6165938973426819,0.8474494218826294,0.4612781405448913,0.8451398015022278,0.0,0.0,0.0,0.0,0.0,0.0,0.0,0.0,0.5450173020362854,0.4113353192806244
0.5347338914871216,0.2273967266082763,0.5546392798423767,0.2028098106384277,0.511937141418457,0.2041373252868652,0.5809205174446106,0.2313814610242843,0.4792243540287018,0.2401782274246215,0.6337651610374451,0.4053558707237243,0.4245962798595428,0.4054243564605713,0.6837645769119263,0.6109102368354797,0.3702673017978668,0.6209326982498169,0.7023760080337524,0.78138267993927,0.3526396453380584,0.8312249779701233,0.6001977324485779,0.8348028063774109,0.4497617185115814,0.8329052329063416,0.0,0.0,0.0,0.0,0.0,0.0,0.0,0.0,0.5277811884880066,0.405936062335968
0.5176152586936951,0.2294609397649765,0.5397917032241821,0.2062062472105026,0.4962237775325775,0.2073370367288589,0.5685149431228638,0.235542431473732,0.4659850895404815,0.2414101660251617,0.6188451647758484,0.4065812230110168,0.4060522019863128,0.405796080827713,0.6730471253395081,0.6034706830978394,0.3549769222736358,0.6261187791824341,0.6924170851707458,0.8080638647079468,0.3484803140163421,0.827092170715332,0.5967913866043091,0.8354495167732239,0.4430425763130188,0.8327105641365051,0.0,0.0,0.0,0.0,0.0,0.0,0.0,0.0,0.5121399164199829,0.4069258570671081
0.5267949104309082,0.2314202785491943,0.5461408495903015,0.2076975256204605,0.5036389231681824,0.21127749979496,0.5733650922775269,0.2345234006643295,0.4725007116794586,0.2476779669523239,0.6234036684036255,0.4046506881713867,0.4172399938106537,0.4051397144794464,0.6786292195320129,0.6114421486854553,0.3600614070892334,0.6178442239761353,0.6964143514633179,0.8132081627845764,0.3523733019828796,0.816864550113678,0.6019439697265625,0.836302638053894,0.4473001062870025,0.8305574655532837,0.0,0.0,0.0,0.0,0.0,0.0,0.0,0.0,0.5199153423309326,0.4052609503269195
0.5668469071388245,0.2265229076147079,0.5877118110656738,0.20265993475914,0.5437748432159424,0.2051110714673996,0.6170045733451843,0.2309396564960479,0.5133964419364929,0.2389411032199859,0.6688829064369202,0.4040175378322601,0.4591559469699859,0.4070880115032196,0.7130678296089172,0.6110602617263794,0.39872607588768,0.6211205124855042,0.7292004227638245,0.7995872497558594,0.377346009016037,0.8279446959495544,0.6349256634712219,0.8461994528770447,0.4804385006427765,0.8417558670043945,0.0,0.0,0.0,0.0,0.0,0.0,0.0,0.0,0.5653773546218872,0.4063532054424286
0.5870576500892639,0.2291284054517746,0.6081262230873108,0.2027240097522735,0.5650841593742371,0.205861821770668,0.6402526497840881,0.2297473847866058,0.5369436740875244,0.2363386899232864,0.6862401366233826,0.4067616164684295,0.4798495769500732,0.4046171009540558,0.7348297834396362,0.6134224534034729,0.418637603521347,0.6138993501663208,0.7456976771354675,0.8098196983337402,0.396241694688797,0.8196059465408325,0.6444391012191772,0.8466078639030457,0.4951159060001373,0.8313809037208557,0.0,0.0,0.0,0.0,0.0,0.0,0.0,0.0,0.5853779911994934,0.4058568775653839
0.5992793440818787,0.227473497390747,0.6197038888931274,0.2026645243167877,0.5767878293991089,0.2052835375070572,0.6499234437942505,0.2321565598249435,0.5486342310905457,0.2377026230096817,0.6976562738418579,0.4142420291900635,0.4896957874298095,0.4037421345710754,0.7393331527709961,0.6194028258323669,0.4304976165294647,0.6148332357406616,0.7450453042984009,0.8166117072105408,0.4096778929233551,0.8142191767692566,0.6452497839927673,0.8494478464126587,0.503217875957489,0.8315907716751099,0.0,0.0,0.0,0.0,0.0,0.0,0.0,0.0,0.5941582918167114,0.4088493883609772
0.5962110757827759,0.2284920066595077,0.617250919342041,0.2041054666042328,0.5743597745895386,0.2061028033494949,0.6477112770080566,0.2340381294488906,0.5459287166595459,0.2373785972595214,0.6926292777061462,0.4123075306415558,0.4863926768302917,0.4027112424373626,0.7340828776359558,0.6176562309265137,0.4341221451759338,0.6052107810974121,0.73713618516922,0.8197869658470154,0.4170109629631042,0.8096073865890503,0.6475261449813843,0.8487087488174438,0.5039883852005005,0.8316025137901306,0.0,0.0,0.0,0.0,0.0,0.0,0.0,0.0,0.5905658602714539,0.4080111086368561
0.5868658423423767,0.2282209396362304,0.6082032322883606,0.2030474245548248,0.5654453039169312,0.2056541740894317,0.6393784880638123,0.2331564277410507,0.5371749401092529,0.2375769466161728,0.6862406134605408,0.4099332690238952,0.4783142209053039,0.4060053527355194,0.7309150099754333,0.6293104290962219,0.4271681904792785,0.6152402758598328,0.7332845330238342,0.8330678343772888,0.4141089618206024,0.8131652474403381,0.6433781385421753,0.8494355082511902,0.5010808110237122,0.832456648349762,0.0,0.0,0.0,0.0,0.0,0.0,0.0,0.0,0.5839048624038696,0.4084901213645935
0.5808504223823547,0.2279227972030639,0.6026307940483093,0.2031441628932953,0.5599509477615356,0.2056727558374405,0.6337288618087769,0.234403446316719,0.5306611657142639,0.2385791838169098,0.6816840171813965,0.40789794921875,0.4739780724048614,0.4062419831752777,0.7304038405418396,0.6179280281066895,0.4210914969444275,0.6294269561767578,0.7313941717147827,0.8318972587585449,0.4120538830757141,0.8154147863388062,0.6440434455871582,0.8484105467796326,0.5016396641731262,0.8336843848228455,0.0,0.0,0.0,0.0,0.0,0.0,0.0,0.0,0.578093945980072,0.4070386588573456
0.5779573321342468,0.2276051044464111,0.6001656651496887,0.2029550373554229,0.5571094751358032,0.20576973259449,0.6320093274116516,0.2337413281202316,0.5278604626655579,0.238570287823677,0.6845878958702087,0.4117190241813659,0.4701523184776306,0.4076039493083954,0.7283421754837036,0.621843159198761,0.4165678024291992,0.6361123919487,0.7310022115707397,0.8306132555007935,0.4133208394050598,0.8148003816604614,0.6435171365737915,0.8489504456520081,0.4996753334999084,0.8338366150856018,0.0,0.0,0.0,0.0,0.0,0.0,0.0,0.0,0.577765941619873,0.409548819065094
0.5764646530151367,0.2264555692672729,0.5991808176040649,0.2023953348398208,0.5559050440788269,0.2050918191671371,0.6316366791725159,0.2340641021728515,0.5271192193031311,0.2381926476955413,0.6829833984375,0.4099612236022949,0.4691779911518097,0.4073615968227386,0.730186402797699,0.6205325722694397,0.4147418439388275,0.6378371119499207,0.7320795059204102,0.8335619568824768,0.4121950268745422,0.8184817433357239,0.6445603966712952,0.8601671457290649,0.4997652471065521,0.8440432548522949,0.0,0.0,0.0,0.0,0.0,0.0,0.0,0.0,0.5766550898551941,0.4094557464122772
0.5800520777702332,0.2278228104114532,0.6022921800613403,0.2026885598897934,0.5590178370475769,0.2054266482591629,0.6335636377334595,0.233979120850563,0.5292953252792358,0.2378872483968734,0.6827496290206909,0.406096488237381,0.4717161357402801,0.4062427878379822,0.7299981117248535,0.6185463666915894,0.4176287651062011,0.6326327323913574,0.7347043752670288,0.8303380608558655,0.4123104512691498,0.8148432970046997,0.6454960703849792,0.8609418869018555,0.5027180314064026,0.8359401822090149,0.0,0.0,0.0,0.0,0.0,0.0,0.0,0.0,0.5781582593917847,0.4066184163093567
0.5805237889289856,0.22803895175457,0.6026031374931335,0.202329471707344,0.5593215823173523,0.2054724693298339,0.6343620419502258,0.233661487698555,0.52977055311203,0.2385351657867431,0.6853399872779846,0.4072556793689728,0.4738588333129883,0.4057369828224182,0.7349324822425842,0.6123208999633789,0.4248810112476349,0.6136048436164856,0.7376399636268616,0.8158579468727112,0.4142804145812988,0.807103157043457,0.6455841064453125,0.8595468401908875,0.5034467577934265,0.8332465887069702,0.0,0.0,0.0,0.0,0.0,0.0,0.0,0.0,0.5805462002754211,0.4063727557659149
0.5827633142471313,0.2277192920446396,0.6040863990783691,0.2025069445371627,0.5614811182022095,0.2059225738048553,0.6359394192695618,0.2329795509576797,0.5330621600151062,0.2383198887109756,0.6861463785171509,0.4054120182991028,0.4758764803409576,0.4059863984584808,0.7343449592590332,0.6133705377578735,0.4277324974536896,0.6136140823364258,0.7407810091972351,0.8169673085212708,0.4161685407161712,0.808765709400177,0.6503238081932068,0.8512808680534363,0.5067861676216125,0.8354567885398865,0.0,0.0,0.0,0.0,0.0,0.0,0.0,0.0,0.5827918648719788,0.4060430228710174
0.5859737396240234,0.2278574556112289,0.6073150634765625,0.2021799236536026,0.5647233724594116,0.205438882112503,0.6397150754928589,0.2300048768520355,0.5378068089485168,0.2366563528776168,0.6893617510795593,0.4085225760936737,0.4798041880130768,0.4054479897022247,0.736301839351654,0.6139793992042542,0.4330171942710876,0.6010155081748962,0.7432906031608582,0.8188934326171875,0.4176170229911804,0.7928922772407532,0.6493085622787476,0.8513070940971375,0.5089804530143738,0.8442427515983582,0.0,0.0,0.0,0.0,0.0,0.0,0.0,0.0,0.5866261124610901,0.4074796736240387
0.5878896117210388,0.2283249646425247,0.609333336353302,0.2026685774326324,0.5666244626045227,0.2061942368745803,0.6415162682533264,0.2313357293605804,0.5400596261024475,0.2381108254194259,0.692219614982605,0.4073812961578369,0.48553466796875,0.4041900932788849,0.7390996813774109,0.6151298880577087,0.4338186681270599,0.6131085753440857,0.7438398599624634,0.8199438452720642,0.4194448888301849,0.8250332474708557,0.6507939100265503,0.8502988219261169,0.5062681436538696,0.8344565629959106,0.0,0.0,0.0,0.0,0.0,0.0,0.0,0.0,0.590575098991394,0.4058882892131805
0.5933793783187866,0.2310989648103714,0.6135141253471375,0.2054325640201568,0.5711095929145813,0.2090333700180053,0.6451212167739868,0.2316794693470001,0.5440834760665894,0.2402674406766891,0.6922217011451721,0.4072332382202148,0.4873619377613067,0.4054791927337646,0.7406052350997925,0.6140459179878235,0.4350960850715637,0.6112586259841919,0.7441423535346985,0.8277168273925781,0.4240013659000397,0.8090892434120178,0.6523758172988892,0.8511119484901428,0.5088202357292175,0.8353115320205688,0.0,0.0,0.0,0.0,0.0,0.0,0.0,0.0,0.5913153886795044,0.4071151912212372
0.5967297554016113,0.2312273234128952,0.616532027721405,0.2054861336946487,0.5746483206748962,0.2099744826555252,0.6486319899559021,0.2311891019344329,0.5489771366119385,0.2415142506361007,0.6996222734451294,0.4115648865699768,0.4927619993686676,0.4054896533489227,0.7465618252754211,0.6220652461051941,0.4400090277194977,0.6127910017967224,0.7454924583435059,0.8346759676933289,0.4261341691017151,0.8109721541404724,0.6544731855392456,0.8511574864387512,0.5116335153579712,0.8436988592147827,0.0,0.0,0.0,0.0,0.0,0.0,0.0,0.0,0.5962824821472168,0.4081294238567352
0.6074267625808716,0.2372379302978515,0.6285925507545471,0.2130732834339141,0.5852648019790649,0.2143383920192718,0.6561691164970398,0.2436844259500503,0.5560738444328308,0.2447869926691055,0.7032705545425415,0.4187736511230469,0.497137576341629,0.4134929478168487,0.7492106556892395,0.6306605935096741,0.4435255229473114,0.6237993836402893,0.7473127245903015,0.8519133925437927,0.4241842627525329,0.8185543417930603,0.6547840237617493,0.8632953763008118,0.511208713054657,0.8453704714775085,0.0,0.0,0.0,0.0,0.0,0.0,0.0,0.0,0.6007088422775269,0.4168453812599182
0.6010643243789673,0.2380718290805816,0.6209183931350708,0.2128835916519165,0.5792604088783264,0.2156112343072891,0.6498522758483887,0.2416449040174484,0.5515104532241821,0.2451846450567245,0.6971108317375183,0.415306955575943,0.4923048913478851,0.4081963896751404,0.7452869415283203,0.6297062039375305,0.4375342726707458,0.6197466850280762,0.7466176748275757,0.8451290726661682,0.4145950973033905,0.812589704990387,0.6535481810569763,0.8506039977073669,0.5115405917167664,0.8332508206367493,0.0,0.0,0.0,0.0,0.0,0.0,0.0,0.0,0.595447838306427,0.4120612144470215
0.5814976692199707,0.234429195523262,0.6044438481330872,0.2079246193170547,0.5602024793624878,0.2107805758714676,0.6359437704086304,0.2379189282655716,0.5303480625152588,0.2418745011091232,0.68364417552948,0.412281334400177,0.4740694463253021,0.4101807773113251,0.7333893775939941,0.6188245415687561,0.4155730605125427,0.6319524645805359,0.742302417755127,0.8121293783187866,0.3981354832649231,0.8176142573356628,0.6470454931259155,0.8476815819740295,0.4962020516395569,0.8327129483222961,0.0,0.0,0.0,0.0,0.0,0.0,0.0,0.0,0.5798363089561462,0.4118628799915313
0.5479789972305298,0.2292395532131195,0.5700706243515015,0.2045451700687408,0.5269501209259033,0.2049428969621658,0.5995131134986877,0.2305940687656402,0.4971107542514801,0.2353340834379196,0.6482291221618652,0.4065430164337158,0.4375407993793487,0.4077812135219574,0.6925806403160095,0.6141985654830933,0.3836909830570221,0.6224668622016907,0.716566264629364,0.8000581860542297,0.3718533217906952,0.8295448422431946,0.6164288520812988,0.8424246907234192,0.4678564071655273,0.8314405083656311,0.0,0.0,0.0,0.0,0.0,0.0,0.0,0.0,0.5423895716667175,0.4076395034790039
0.4959987103939056,0.2291335612535476,0.5165343284606934,0.204684242606163,0.4725513458251953,0.2053270190954208,0.5440109372138977,0.2353726625442505,0.442223310470581,0.2402737289667129,0.5959776043891907,0.4005882143974304,0.3819363117218017,0.4050810933113098,0.6504039764404297,0.6039861440658569,0.3335449993610382,0.6190657019615173,0.6770773530006409,0.7933311462402344,0.3281969428062439,0.826142430305481,0.5863909125328064,0.8363127112388611,0.4324827194213867,0.8478670120239258,0.0,0.0,0.0,0.0,0.0,0.0,0.0,0.0,0.4888530373573303,0.4029333293437958
0.4884743988513946,0.2315731197595596,0.5090352892875671,0.2061451524496078,0.4654755890369415,0.2077688872814178,0.5383320450782776,0.2347604185342788,0.4365486800670624,0.2413703054189682,0.5915342569351196,0.401249498128891,0.3788936138153076,0.4071884751319885,0.6491269469261169,0.6105257868766785,0.3289481103420257,0.6313959956169128,0.6749054193496704,0.8021724820137024,0.3190884888172149,0.8309908509254456,0.5826398134231567,0.8621647953987122,0.4244358837604522,0.8605754971504211,0.0,0.0,0.0,0.0,0.0,0.0,0.0,0.0,0.4845926761627197,0.4048147201538086
0.5151047110557556,0.2375963777303695,0.5371657013893127,0.2106657922267913,0.4926057159900665,0.2159695327281952,0.568719208240509,0.2363707721233368,0.4647943675518036,0.2496510297060012,0.6273828148841858,0.4095667004585266,0.4175400137901306,0.4176190793514251,0.6846259832382202,0.6116483807563782,0.3614460527896881,0.629224956035614,0.7038794755935669,0.7779478430747986,0.3324049413204193,0.8246212601661682,0.6004295349121094,0.8308209776878357,0.4404546618461609,0.8301357626914978,0.0,0.0,0.0,0.0,0.0,0.0,0.0,0.0,0.520409107208252,0.4135530889034271
0.5566283464431763,0.2354078292846679,0.5785478353500366,0.2062096744775772,0.532156765460968,0.2146724164485931,0.6146473288536072,0.2257765978574752,0.5064191222190857,0.2475477904081344,0.6758806109428406,0.4013451039791107,0.4650019705295563,0.4235469698905945,0.7381508946418762,0.6136249899864197,0.4026584923267364,0.6345366835594177,0.7567654848098755,0.8121955990791321,0.3675637543201446,0.8295268416404724,0.6473115682601929,0.8618607521057129,0.4913473725318908,0.8512668013572693,0.0,0.0,0.0,0.0,0.0,0.0,0.0,0.0,0.570907473564148,0.4128212928771972
0.5860289335250854,0.2408035844564438,0.6076304316520691,0.2139421999454498,0.5642374157905579,0.2170572727918625,0.6386257410049438,0.2432837039232254,0.5350210666656494,0.2460215836763382,0.6874006986618042,0.4148227274417877,0.4785977900028229,0.4080853760242462,0.7492240071296692,0.6192263960838318,0.4120475649833679,0.6221903562545776,0.7904708981513977,0.8163561224937439,0.3816235065460205,0.8162503838539124,0.6557040214538574,0.8657660484313965,0.497053325176239,0.8626628518104553,0.0,0.0,0.0,0.0,0.0,0.0,0.0,0.0,0.5841240286827087,0.4120640456676483
0.5809521675109863,0.2382494062185287,0.603029191493988,0.2132079452276229,0.5593445301055908,0.2146660387516021,0.6318269371986389,0.2454788237810135,0.5273772478103638,0.2455933392047882,0.6763115525245667,0.4158471226692199,0.4703521132469177,0.4073818027973175,0.7308325171470642,0.6224460601806641,0.4016163349151611,0.6203038096427917,0.7717746496200562,0.8118936419487,0.3714477121829986,0.8182907104492188,0.6490594148635864,0.8522466421127319,0.4916697442531585,0.852130115032196,0.0,0.0,0.0,0.0,0.0,0.0,0.0,0.0,0.5748701095581055,0.4119255542755127
0.5605514049530029,0.2440093606710434,0.5818425416946411,0.2191400080919265,0.5374003648757935,0.2211135625839233,0.610567569732666,0.2470668703317642,0.5077675580978394,0.2524994313716888,0.6632212400436401,0.423873096704483,0.4522538185119629,0.4225272536277771,0.7033490538597107,0.6397762894630432,0.3890227973461151,0.6356855630874634,0.7298966646194458,0.8179261088371277,0.3606520295143127,0.8369566798210144,0.6252642273902893,0.8690515756607056,0.4681818187236786,0.8660911321640015,0.0,0.0,0.0,0.0,0.0,0.0,0.0,0.0,0.5575242638587952,0.4238133132457733
0.5550711154937744,0.2441503554582595,0.5759725570678711,0.220608189702034,0.5319374203681946,0.2226472198963165,0.6035923957824707,0.2473245710134506,0.5028465986251831,0.25462406873703,0.657712459564209,0.4212813675403595,0.445391446352005,0.4293887317180633,0.7052205204963684,0.6366605758666992,0.3915715515613556,0.6400331258773804,0.7316619753837585,0.8130887150764465,0.3666750788688659,0.8433574438095093,0.6293572783470154,0.86620032787323,0.4702822864055633,0.8676421046257019,0.0,0.0,0.0,0.0,0.0,0.0,0.0,0.0,0.5505335330963135,0.4251615405082702
0.5528486967086792,0.2427785843610763,0.5739697217941284,0.2188340127468109,0.530028223991394,0.2212403565645218,0.6016578674316406,0.2443536818027496,0.5007200837135315,0.253019630908966,0.6569001078605652,0.4169572293758392,0.447348028421402,0.4271413385868072,0.7171868085861206,0.6262775659561157,0.3914626240730285,0.6448308825492859,0.7474714517593384,0.809502124786377,0.3616208434104919,0.8452301025390625,0.6352570652961731,0.8533770442008972,0.4754221439361572,0.8790741562843323,0.0,0.0,0.0,0.0,0.0,0.0,0.0,0.0,0.5506580471992493,0.4227503836154938
0.5519105792045593,0.2406702041625976,0.5733168721199036,0.2166014611721038,0.529123067855835,0.2194185554981231,0.6018781065940857,0.2432831376791,0.5002613663673401,0.2509658932685852,0.655559241771698,0.4133923649787903,0.4485917687416076,0.4261730015277862,0.7185430526733398,0.6178493499755859,0.3892281055450439,0.6379314064979553,0.7477797865867615,0.7850030064582825,0.3595335781574249,0.8442047238349915,0.6370956301689148,0.8531546592712402,0.4731101989746094,0.867652952671051,0.0,0.0,0.0,0.0,0.0,0.0,0.0,0.0,0.5504845976829529,0.4210858643054962
0.5524672269821167,0.2400399297475814,0.5745262503623962,0.2133318483829498,0.5297403931617737,0.2172166854143142,0.6049997210502625,0.2395236492156982,0.5016890168190002,0.2487817853689193,0.6576371192932129,0.4156530797481537,0.4497830271720886,0.4250486493110657,0.7169328927993774,0.6205620765686035,0.3898187577724457,0.636570394039154,0.7480517029762268,0.8142977952957153,0.3614082038402557,0.8387897610664368,0.633244514465332,0.8661606907844543,0.4736290276050567,0.8675142526626587,0.0,0.0,0.0,0.0,0.0,0.0,0.0,0.0,0.552077054977417,0.4213176369667053
0.5598061680793762,0.2347813695669174,0.5820189118385315,0.2087379246950149,0.5368538498878479,0.2116343080997467,0.6132434606552124,0.2366886287927627,0.5068250894546509,0.2452910095453262,0.6651065945625305,0.4195654392242431,0.451259046792984,0.4229424595832824,0.7163652777671814,0.628838062286377,0.394939512014389,0.638229250907898,0.7445346117019653,0.8150054216384888,0.3689270317554474,0.8494397401809692,0.6315717101097107,0.8661785125732422,0.4711280167102813,0.8658800721168518,0.0,0.0,0.0,0.0,0.0,0.0,0.0,0.0,0.5571436285972595,0.4212862849235534
0.5661502480506897,0.2342665046453476,0.5873766541481018,0.2091722786426544,0.5437144637107849,0.2109212875366211,0.6157099604606628,0.2383077591657638,0.5117692351341248,0.2460653632879257,0.6662225723266602,0.418590784072876,0.4519589245319366,0.4224291741847992,0.7201799154281616,0.6314103007316589,0.3946377635002136,0.6319994330406189,0.7457113265991211,0.8172198534011841,0.3673064112663269,0.836790919303894,0.6347300410270691,0.8663421273231506,0.4737637937068939,0.8670735359191895,0.0,0.0,0.0,0.0,0.0,0.0,0.0,0.0,0.5588151216506958,0.4205382168292999
0.5654021501541138,0.2349078953266143,0.5870423913002014,0.2100523561239242,0.5436009168624878,0.2115092277526855,0.615997850894928,0.2405112087726593,0.5129255652427673,0.2464217245578766,0.6689926981925964,0.4165191352367401,0.4537603557109833,0.4216121137142181,0.7253895998001099,0.632391095161438,0.3935215175151825,0.6341255307197571,0.7517545819282532,0.8329263925552368,0.3621492683887481,0.8309360146522522,0.6371157765388489,0.8688197135925293,0.475292831659317,0.8801689147949219,0.0,0.0,0.0,0.0,0.0,0.0,0.0,0.0,0.5614510178565979,0.4195046722888946
0.5671604871749878,0.2334914952516555,0.5896162390708923,0.2106377184391021,0.5459364056587219,0.2106008678674698,0.617330014705658,0.2439689934253692,0.513692319393158,0.2453930079936981,0.6683457493782043,0.4174726009368896,0.4540171921253204,0.4208241403102875,0.7258957624435425,0.6354327201843262,0.3882169425487518,0.6312175393104553,0.7520914077758789,0.8331590890884399,0.3600775897502899,0.8180779814720154,0.6372870802879333,0.8808579444885254,0.4744184613227844,0.8820293545722961,0.0,0.0,0.0,0.0,0.0,0.0,0.0,0.0,0.5610097050666809,0.4195189476013183
0.5676166415214539,0.2328865975141525,0.5901946425437927,0.2099232673645019,0.5464566946029663,0.2093211859464645,0.618007481098175,0.2431658506393432,0.5132962465286255,0.2433054894208908,0.6681184768676758,0.4166834950447082,0.4540737271308899,0.4197991490364074,0.7237449884414673,0.6323789358139038,0.390006273984909,0.6300889849662781,0.7476350665092468,0.8183668851852417,0.3606714308261871,0.8271092772483826,0.6309570074081421,0.8688545823097229,0.4689236283302307,0.8673176765441895,0.0,0.0,0.0,0.0,0.0,0.0,0.0,0.0,0.5611523985862732,0.4188339114189148
0.5658523440361023,0.2353457510471344,0.5875117182731628,0.2103187143802642,0.5437492728233337,0.2110112756490707,0.6156113743782043,0.2393093854188919,0.5111525654792786,0.2437793016433715,0.663728654384613,0.4214023053646087,0.4499906599521637,0.4176929295063019,0.7143160700798035,0.6489963531494141,0.3807711005210876,0.635063648223877,0.7345183491706848,0.819755494594574,0.3466423153877258,0.8282780647277832,0.6166539192199707,0.8828158974647522,0.4495067298412323,0.8675748705863953,0.0,0.0,0.0,0.0,0.0,0.0,0.0,0.0,0.5560453534126282,0.4203919768333435
0.5609747171401978,0.2387477606534958,0.5837212204933167,0.2124939858913421,0.5391095280647278,0.213042065501213,0.613440990447998,0.2400923818349838,0.5077043771743774,0.2422070652246475,0.6586136221885681,0.4273402690887451,0.4425389766693115,0.4139722883701324,0.6989995241165161,0.6500228047370911,0.3733296990394592,0.6167322397232056,0.7244144678115845,0.8282815217971802,0.3250121772289276,0.8162586092948914,0.6086363792419434,0.881233811378479,0.442466676235199,0.8670907020568848,0.0,0.0,0.0,0.0,0.0,0.0,0.0,0.0,0.5494343042373657,0.4209798276424408
0.5618793368339539,0.2389964610338211,0.5845397710800171,0.2132133543491363,0.5398136973381042,0.2134751975536346,0.6133774518966675,0.2413934171199798,0.5079202651977539,0.2425702661275863,0.6576054692268372,0.4258398115634918,0.4443519413471222,0.4096621572971344,0.6945404410362244,0.648594319820404,0.3745345771312713,0.6035929322242737,0.7166538834571838,0.8434138298034668,0.32562917470932,0.7906113266944885,0.6097883582115173,0.8664495348930359,0.4427798390388489,0.8506398797035217,0.0,0.0,0.0,0.0,0.0,0.0,0.0,0.0,0.5512735247612,0.4181683659553528
0.5638435482978821,0.2385784387588501,0.5857373476028442,0.2127135246992111,0.541731059551239,0.2140507251024246,0.6142884492874146,0.2391710728406906,0.510334849357605,0.2437353432178497,0.6667630076408386,0.4235801994800567,0.4522181153297424,0.4164201319217682,0.712297260761261,0.6518164277076721,0.3808475136756897,0.6198070645332336,0.7287428975105286,0.8494907021522522,0.3367533683776855,0.8161541223526001,0.6172819137573242,0.8810528516769409,0.4493386149406433,0.8688255548477173,0.0,0.0,0.0,0.0,0.0,0.0,0.0,0.0,0.5589010715484619,0.4204945564270019
0.5664011240005493,0.2378014773130417,0.5879084467887878,0.2126248180866241,0.5447379350662231,0.2135816663503646,0.6153095364570618,0.2417921274900436,0.513271152973175,0.2461266070604324,0.6685064435005188,0.4208059906959533,0.4530645310878753,0.4210374653339386,0.722051739692688,0.638418972492218,0.3874877095222473,0.6371113061904907,0.7424288392066956,0.8288416862487793,0.3611889481544494,0.8299040794372559,0.6287040710449219,0.883824348449707,0.4619880020618438,0.8679091334342957,0.0,0.0,0.0,0.0,0.0,0.0,0.0,0.0,0.5606610178947449,0.4216531217098236
0.5680201649665833,0.2361449152231216,0.5903192162513733,0.2125476598739624,0.5466769933700562,0.2122261226177215,0.6174011826515198,0.2445742636919021,0.5143832564353943,0.245383620262146,0.670062243938446,0.420640081167221,0.453030526638031,0.4186739027500152,0.7207466959953308,0.6332166790962219,0.3888346254825592,0.6319359540939331,0.7461649179458618,0.8168962597846985,0.3613966405391693,0.8253650665283203,0.6294168829917908,0.8805912733078003,0.4615640342235565,0.8664137125015259,0.0,0.0,0.0,0.0,0.0,0.0,0.0,0.0,0.5611634850502014,0.4201478362083435
0.5572034120559692,0.2386059314012527,0.5801173448562622,0.2127517610788345,0.5357990264892578,0.2154357880353927,0.6122927069664001,0.2411843985319137,0.5080451369285583,0.2469042837619781,0.6664119958877563,0.422788918018341,0.4504718482494354,0.4215492904186249,0.7143884301185608,0.6511220335960388,0.3837342858314514,0.6337668299674988,0.7329660058021545,0.8361233472824097,0.3417518436908722,0.8189789652824402,0.6190394163131714,0.8708668351173401,0.4511444866657257,0.8673356175422668,0.0,0.0,0.0,0.0,0.0,0.0,0.0,0.0,0.5581260323524475,0.422888696193695
0.5486578345298767,0.2385799586772918,0.5727593302726746,0.211335614323616,0.5292330980300903,0.2152374535799026,0.6083027720451355,0.2395732849836349,0.5058204531669617,0.2457569688558578,0.6683883666992188,0.4187736809253692,0.4530298709869385,0.4261140823364258,0.72191321849823,0.6462752223014832,0.3924432694911957,0.6310930848121643,0.7330098152160645,0.8525501489639282,0.3530763983726501,0.808246910572052,0.6193637251853943,0.8800106644630432,0.4533449113368988,0.8646056056022644,0.0,0.0,0.0,0.0,0.0,0.0,0.0,0.0,0.5592999458312988,0.423340231180191
0.5452859997749329,0.2386895716190338,0.5695222616195679,0.2107052356004715,0.5269566774368286,0.2155245989561081,0.6079558730125427,0.2394661158323288,0.5070180296897888,0.2467794120311737,0.6708942651748657,0.4089390635490417,0.4597609639167785,0.4292214810848236,0.7325361967086792,0.6280915141105652,0.4060892760753631,0.6383652687072754,0.7452104687690735,0.8494719862937927,0.3781812489032745,0.8139466643333435,0.6218942999839783,0.8809105157852173,0.4680899977684021,0.8658340573310852,0.0,0.0,0.0,0.0,0.0,0.0,0.0,0.0,0.5625225901603699,0.4210379719734192
0.5433019399642944,0.2398305684328079,0.5671929717063904,0.2124759703874588,0.5253382921218872,0.2181589603424072,0.6071651577949524,0.239842876791954,0.5067545771598816,0.2496072500944137,0.6734212040901184,0.4041830897331238,0.4698229134082794,0.4283613860607147,0.7346803545951843,0.621786892414093,0.4246752262115478,0.6326449513435364,0.743567168712616,0.848723828792572,0.39713254570961,0.8315603137016296,0.6220042109489441,0.8657217025756836,0.4760064482688904,0.8512033820152283,0.0,0.0,0.0,0.0,0.0,0.0,0.0,0.0,0.5673109889030457,0.4190808832645416
0.541926383972168,0.2398596554994583,0.5658737421035767,0.2119522839784622,0.5243260860443115,0.2181645333766937,0.6077780723571777,0.2382297962903976,0.506693422794342,0.2495476752519607,0.6737166047096252,0.4031853675842285,0.4760635793209076,0.4260276854038238,0.7311210632324219,0.6322790384292603,0.4389807283878326,0.6140870451927185,0.7335107922554016,0.848031222820282,0.4078492820262909,0.8341757655143738,0.6156360507011414,0.8671274185180664,0.4723823070526123,0.8503926992416382,0.0,0.0,0.0,0.0,0.0,0.0,0.0,0.0,0.5710313320159912,0.4165638089179992
0.5410405993461609,0.2389320880174636,0.565187394618988,0.2110238522291183,0.5234881639480591,0.2167230695486068,0.6060390472412109,0.236527994275093,0.5047683119773865,0.2478694021701812,0.6720129251480103,0.4017910063266754,0.471599817276001,0.4294503033161163,0.7280750274658203,0.618426501750946,0.4296189844608307,0.6216157674789429,0.7271877527236938,0.8300981521606445,0.4013449549674988,0.8255030512809753,0.6136947274208069,0.8636805415153503,0.4737807810306549,0.849696159362793,0.0,0.0,0.0,0.0,0.0,0.0,0.0,0.0,0.5675564408302307,0.4176976382732391
0.5433614253997803,0.2379818111658096,0.56806480884552,0.2106240540742874,0.5250928997993469,0.2145866900682449,0.6060556173324585,0.2380711883306503,0.5042142271995544,0.2459240406751632,0.6712962985038757,0.407207190990448,0.4676993489265442,0.4280105531215668,0.7275585532188416,0.6337688565254211,0.4168212115764618,0.6348806619644165,0.7311800718307495,0.8471564650535583,0.3862493336200714,0.8147932887077332,0.6119879484176636,0.8689885139465332,0.4626760482788086,0.8625155091285706,0.0,0.0,0.0,0.0,0.0,0.0,0.0,0.0,0.5646296143531799,0.4207935631275177
0.5471992492675781,0.2383693605661392,0.5719779133796692,0.2100547105073928,0.5283783078193665,0.2138631492853164,0.6088013648986816,0.2373713999986648,0.5058218836784363,0.2449350655078888,0.671483039855957,0.4095182120800018,0.4609653651714325,0.4268679022789001,0.7295103669166565,0.6371442079544067,0.4053848385810852,0.6319761276245117,0.7391842007637024,0.8496171236038208,0.3775657117366791,0.8088197708129883,0.6171709895133972,0.8688689470291138,0.4630298316478729,0.8636451363563538,0.0,0.0,0.0,0.0,0.0,0.0,0.0,0.0,0.5632290244102478,0.421009361743927
0.5573462247848511,0.2331898659467697,0.5810127854347229,0.20705246925354,0.5350878834724426,0.2091597318649292,0.6141441464424133,0.2369658797979354,0.5066108107566833,0.2428832352161407,0.670246422290802,0.414797693490982,0.4523060619831085,0.4229864478111267,0.7241920232772827,0.6351219415664673,0.3954060077667236,0.6372003555297852,0.740474283695221,0.8353615999221802,0.3664972484111786,0.8282016515731812,0.6222080588340759,0.8693737983703613,0.4622528254985809,0.8672270774841309,0.0,0.0,0.0,0.0,0.0,0.0,0.0,0.0,0.559348464012146,0.4200329482555389
0.562980055809021,0.2314516007900238,0.5853458046913147,0.2055791765451431,0.539763331413269,0.2076266705989837,0.6156463027000427,0.2337114512920379,0.5079416632652283,0.2406223118305206,0.6662449836730957,0.4204348623752594,0.4509436786174774,0.4177201092243194,0.7113723158836365,0.6411008834838867,0.382672518491745,0.6334158778190613,0.7328006625175476,0.8460312485694885,0.3509491980075836,0.8334921002388,0.6257533431053162,0.8824917674064636,0.4590663015842438,0.8683792352676392,0.0,0.0,0.0,0.0,0.0,0.0,0.0,0.0,0.557938277721405,0.4196764826774597
0.5660988092422485,0.2306060642004013,0.5874825716018677,0.2054757177829742,0.5413077473640442,0.2070045322179794,0.6151970624923706,0.2308794111013412,0.5056244134902954,0.23834328353405,0.6592777371406555,0.419422835111618,0.4480176270008087,0.4132179319858551,0.7067117094993591,0.6523764729499817,0.3767132759094238,0.628637433052063,0.7313303351402283,0.8307552337646484,0.3475485444068908,0.8367423415184021,0.6258431077003479,0.8802711367607117,0.4598193168640136,0.8675317168235779,0.0,0.0,0.0,0.0,0.0,0.0,0.0,0.0,0.552392303943634,0.416649580001831
0.5651992559432983,0.2304892987012863,0.5861533284187317,0.2054952085018158,0.540199875831604,0.2065062522888183,0.6133096814155579,0.2302867323160171,0.5044002532958984,0.2371651232242584,0.655494213104248,0.4183506965637207,0.4476037621498108,0.4097850918769836,0.6983173489570618,0.6380273699760437,0.3739888668060303,0.6268859505653381,0.7269557118415833,0.8160018920898438,0.3438847661018371,0.837673544883728,0.6201716661453247,0.8679720759391785,0.4579489529132843,0.8642276525497437,0.0,0.0,0.0,0.0,0.0,0.0,0.0,0.0,0.5502228736877441,0.4151487350463867
0.559004545211792,0.2305348664522171,0.5799165368080139,0.20528045296669,0.5341183543205261,0.2053604871034622,0.6062580347061157,0.2306790351867675,0.4985399842262268,0.236058235168457,0.6511736512184143,0.417745292186737,0.4425714612007141,0.4116584658622741,0.6951346397399902,0.637359619140625,0.3721918761730194,0.6234854459762573,0.7237488627433777,0.8183642625808716,0.3415738940238952,0.8308525681495667,0.616684079170227,0.8694115877151489,0.4539559185504913,0.8666211366653442,0.0,0.0,0.0,0.0,0.0,0.0,0.0,0.0,0.5455510020256042,0.4151414334774017
0.5520764589309692,0.2289954125881195,0.5724738240242004,0.2040413916110992,0.5285875201225281,0.2039273679256439,0.5985667109489441,0.2311169207096099,0.4949588179588318,0.2363628596067428,0.6509138941764832,0.4096996486186981,0.4402705132961273,0.4126017391681671,0.6995887160301208,0.6190152764320374,0.3732803463935852,0.6229017376899719,0.7275883555412292,0.8011714220046997,0.3416515290737152,0.8321065306663513,0.6222758293151855,0.8666132092475891,0.4582090973854065,0.8651404976844788,0.0,0.0,0.0,0.0,0.0,0.0,0.0,0.0,0.5440737009048462,0.4130917489528656
0.5382985472679138,0.2293016910552978,0.5588086843490601,0.2035132348537445,0.5144129991531372,0.2039959281682968,0.584617555141449,0.231378361582756,0.4781756997108459,0.238359659910202,0.6352881789207458,0.4042334258556366,0.4258974492549896,0.4094679057598114,0.6927255392074585,0.6150169372558594,0.3627926707267761,0.620730459690094,0.724349319934845,0.7995300889015198,0.330077975988388,0.8323037028312683,0.6191983222961426,0.863807737827301,0.4506168067455292,0.8662117123603821,0.0,0.0,0.0,0.0,0.0,0.0,0.0,0.0,0.5296598076820374,0.4079609513282776
0.5104779601097107,0.2195752710103988,0.5314751267433167,0.196262389421463,0.4865450263023376,0.195627212524414,0.5551153421401978,0.2300101667642593,0.4505224525928497,0.2316409051418304,0.6030368804931641,0.4021317660808563,0.386898785829544,0.4024562239646911,0.6675626039505005,0.6103680729866028,0.3302585780620575,0.6178122162818909,0.6922796368598938,0.7852929830551147,0.3115126192569732,0.8362497687339783,0.5938625335693359,0.8592453598976135,0.4240464270114898,0.8605614900588989,0.0,0.0,0.0,0.0,0.0,0.0,0.0,0.0,0.4953156113624573,0.402547687292099
0.4871454834938049,0.2156290709972381,0.5069090723991394,0.1896847486495971,0.4613853394985199,0.1908187866210937,0.532188355922699,0.2243602573871612,0.4268240332603454,0.2267219871282577,0.5816789269447327,0.3980898857116699,0.3691231310367584,0.3948476016521454,0.6312150955200195,0.6151002645492554,0.3128130733966827,0.6168962717056274,0.6557477116584778,0.8104046583175659,0.3011669218540191,0.8291112184524536,0.5738619565963745,0.8518852591514587,0.4155392050743103,0.867104709148407,0.0,0.0,0.0,0.0,0.0,0.0,0.0,0.0,0.4732742011547088,0.3967344164848327
0.4986932873725891,0.2162371575832367,0.5175729393959045,0.1911187916994094,0.4743453562259674,0.191905990242958,0.5434859991073608,0.228663682937622,0.4398790001869201,0.2347993999719619,0.595308244228363,0.398442655801773,0.3780930638313293,0.400968849658966,0.6426402926445007,0.6037667393684387,0.3247332274913788,0.6200303435325623,0.6586464643478394,0.7986885905265808,0.3040223121643066,0.8340597152709961,0.5783336758613586,0.8439021110534668,0.4210136532783508,0.8479284048080444,0.0,0.0,0.0,0.0,0.0,0.0,0.0,0.0,0.4864246249198913,0.3993368148803711
0.5341619849205017,0.2114368230104446,0.5530121922492981,0.1898528039455413,0.5095131993293762,0.1895265877246856,0.5781069397926331,0.2240486443042755,0.473617821931839,0.2278667837381363,0.6295934319496155,0.3989223539829254,0.4165630936622619,0.3982987701892853,0.6807027459144592,0.6127184629440308,0.3552679121494293,0.6050047278404236,0.6883406043052673,0.8192259073257446,0.3266999423503876,0.8244059681892395,0.5979370474815369,0.8469008803367615,0.4411492049694061,0.8342109322547913,0.0,0.0,0.0,0.0,0.0,0.0,0.0,0.0,0.5217010378837585,0.3988361358642578
0.5661570429801941,0.2115789353847503,0.5895365476608276,0.1891002207994461,0.5432141423225403,0.1878691166639328,0.6198979616165161,0.2252881228923797,0.5098555088043213,0.2253948748111724,0.668685793876648,0.4028432369232178,0.4508810639381408,0.399753987789154,0.7172113060951233,0.6194307208061218,0.3886355459690094,0.6123847365379333,0.7376567125320435,0.815098226070404,0.3586612641811371,0.8141016960144043,0.6227425336837769,0.8493837714195251,0.4615416228771209,0.8340938687324524,0.0,0.0,0.0,0.0,0.0,0.0,0.0,0.0,0.5577697157859802,0.4030491709709167
0.5698661208152771,0.2120883017778396,0.5935006141662598,0.1899973601102829,0.5476158261299133,0.1880418062210083,0.6241389513015747,0.2248262166976928,0.5141306519508362,0.2240643799304962,0.6743559837341309,0.4049519896507263,0.4522727131843567,0.4021144807338714,0.7236922383308411,0.6289114356040955,0.3923738598823547,0.6158967614173889,0.7397071123123169,0.8149431943893433,0.362249344587326,0.8147433400154114,0.6247227787971497,0.8636947870254517,0.462817907333374,0.8452154397964478,0.0,0.0,0.0,0.0,0.0,0.0,0.0,0.0,0.5619967579841614,0.4046107232570648
0.556890070438385,0.2116836160421371,0.5797181725502014,0.1875987946987152,0.5336853265762329,0.1882434040307998,0.6116381883621216,0.2186526954174041,0.5029733777046204,0.2206169366836547,0.6575156450271606,0.4004731476306915,0.4414864182472229,0.3980442881584167,0.6995088458061218,0.6189970970153809,0.3827832043170929,0.6169304847717285,0.7130573391914368,0.8103931546211243,0.3564034104347229,0.8258839845657349,0.6119533777236938,0.8514151573181152,0.4580004811286926,0.846545398235321,0.0,0.0,0.0,0.0,0.0,0.0,0.0,0.0,0.5468833446502686,0.4001060128211975
0.5422431826591492,0.2103860527276992,0.5650458335876465,0.1871445327997207,0.5215851068496704,0.1874396502971649,0.5957452654838562,0.2213902026414871,0.4900367558002472,0.2233148962259292,0.6431571245193481,0.401678591966629,0.4335200190544128,0.397909551858902,0.6875472664833069,0.6189880967140198,0.3744883835315704,0.6160992980003357,0.7010018229484558,0.816157341003418,0.3522345125675201,0.8242939114570618,0.6013050079345703,0.8515444993972778,0.4520106613636017,0.8487796187400818,0.0,0.0,0.0,0.0,0.0,0.0,0.0,0.0,0.5353003740310669,0.4008870124816894
0.5373250842094421,0.2110771685838699,0.557517409324646,0.1898635625839233,0.513680636882782,0.1884349435567855,0.5833114385604858,0.2244948595762252,0.4779755175113678,0.2264266461133957,0.6335880160331726,0.401680052280426,0.4221570491790771,0.3988557457923889,0.6856294274330139,0.6214346885681152,0.3678374886512756,0.6136868596076965,0.6978669166564941,0.8278325796127319,0.3491298854351043,0.8255473971366882,0.6028457283973694,0.8611353039741516,0.4457763731479645,0.8480222821235657,0.0,0.0,0.0,0.0,0.0,0.0,0.0,0.0,0.5263375043869019,0.4009380340576172
0.5359894633293152,0.214596226811409,0.5554562211036682,0.192397192120552,0.5124121904373169,0.1912572681903839,0.5797966718673706,0.2262670695781707,0.4763980507850647,0.2289270460605621,0.6317378878593445,0.4030064642429352,0.4197050034999847,0.4016358554363251,0.6803740859031677,0.611638069152832,0.3649837374687195,0.6232881546020508,0.6905723810195923,0.8165892362594604,0.3507311642169952,0.8351894617080688,0.5978609919548035,0.8510660529136658,0.4457157254219055,0.8506353497505188,0.0,0.0,0.0,0.0,0.0,0.0,0.0,0.0,0.5243509411811829,0.4030925333499908
0.5387873649597168,0.2117997407913208,0.5591633915901184,0.1910323053598404,0.5170601606369019,0.1899465322494506,0.5864195823669434,0.2256565392017364,0.4834252297878265,0.226985365152359,0.6380966305732727,0.4026506841182709,0.4273994863033294,0.3990617096424103,0.6862292289733887,0.6298404932022095,0.3721875846385956,0.6177091002464294,0.7007142305374146,0.8155795931816101,0.363100916147232,0.8279406428337097,0.6020922660827637,0.8516074419021606,0.4504352509975433,0.8468061089515686,0.0,0.0,0.0,0.0,0.0,0.0,0.0,0.0,0.5310043096542358,0.4020017683506012
0.543272078037262,0.2137248516082763,0.5639256238937378,0.1911039501428604,0.5223248600959778,0.190412625670433,0.5910376310348511,0.2246617376804351,0.4890789091587066,0.2264056205749511,0.6402379870414734,0.4012115895748138,0.4305343329906463,0.3985263705253601,0.6907815933227539,0.6183176636695862,0.3729828000068664,0.6161864995956421,0.702793300151825,0.8109331727027893,0.3668631613254547,0.8287924528121948,0.6036809682846069,0.8492127656936646,0.4537833631038666,0.8457674384117126,0.0,0.0,0.0,0.0,0.0,0.0,0.0,0.0,0.5329009890556335,0.4016596376895904
0.5459932684898376,0.2142622172832489,0.5676215887069702,0.1902322471141815,0.525438666343689,0.1905903369188308,0.596310555934906,0.2233519703149795,0.4942655861377716,0.225016787648201,0.647063136100769,0.4004711508750915,0.4344223439693451,0.3944949209690094,0.694694995880127,0.6095200181007385,0.3804865479469299,0.6052156686782837,0.6868306994438171,0.8099578619003296,0.3798509240150451,0.8125001192092896,0.6007699966430664,0.8464977145195007,0.4671354591846466,0.842806339263916,0.0,0.0,0.0,0.0,0.0,0.0,0.0,0.0,0.53809654712677,0.3988054096698761
0.5486738085746765,0.2128463089466095,0.5704830884933472,0.189753770828247,0.5278052091598511,0.1900828033685684,0.5988175272941589,0.2242593467235565,0.4962663948535919,0.2249857932329177,0.6500526070594788,0.4018355309963226,0.4356668889522552,0.3964227139949798,0.6948867440223694,0.6078572273254395,0.3867290616035461,0.6191996932029724,0.6722857356071472,0.8016661405563354,0.3970943093299866,0.8151101469993591,0.6037954092025757,0.8482345938682556,0.4726376533508301,0.8442339301109314,0.0,0.0,0.0,0.0,0.0,0.0,0.0,0.0,0.5408080816268921,0.3999560475349426
0.5533741116523743,0.2152530401945114,0.5755330324172974,0.1920083612203598,0.5308571457862854,0.1915609985589981,0.6031850576400757,0.2266410291194915,0.4976912438869476,0.2259893119335174,0.653687059879303,0.4031947255134582,0.4367003738880157,0.3951265811920166,0.6998031735420227,0.6140115857124329,0.3857401311397552,0.6134510040283203,0.676727294921875,0.7961703538894653,0.4069380760192871,0.8097314238548279,0.6060972213745117,0.8491732478141785,0.4693197906017303,0.8434685468673706,0.0,0.0,0.0,0.0,0.0,0.0,0.0,0.0,0.542382538318634,0.400041788816452
0.553572952747345,0.2162385880947113,0.5755770802497864,0.1925019025802612,0.5311034917831421,0.1925704926252365,0.6036854982376099,0.2257515639066696,0.4983359277248382,0.2264324724674224,0.6532989740371704,0.4021758437156677,0.4373409450054168,0.3950251042842865,0.6995177865028381,0.6103323698043823,0.3847494125366211,0.615134596824646,0.6709328889846802,0.8017004132270813,0.4076151847839355,0.8118367195129395,0.6049628257751465,0.8504485487937927,0.4691376388072967,0.8421061635017395,0.0,0.0,0.0,0.0,0.0,0.0,0.0,0.0,0.5426822900772095,0.3997029662132263
0.5512138605117798,0.2154515832662582,0.5737975239753723,0.1930336058139801,0.5293133854866028,0.1919810324907302,0.6017721891403198,0.2283811569213867,0.4968943297863006,0.2264608144760131,0.6512083411216736,0.4014849960803985,0.4356659352779388,0.3946824073791504,0.6991947293281555,0.6134647130966187,0.3858655989170074,0.6142778992652893,0.6700108647346497,0.8032518029212952,0.4037564694881439,0.8028432726860046,0.6043089628219604,0.8496958613395691,0.4689421653747558,0.8432397842407227,0.0,0.0,0.0,0.0,0.0,0.0,0.0,0.0,0.5407869815826416,0.3986991941928863
0.5482656359672546,0.2171356379985809,0.5695920586585999,0.1929268687963485,0.5269902348518372,0.1938114464282989,0.597986102104187,0.2258451282978058,0.4954856038093567,0.2281494587659835,0.6492746472358704,0.4030726552009582,0.4354216754436493,0.3949987590312958,0.6991147398948669,0.6132211685180664,0.3839155733585357,0.6152971982955933,0.6690864562988281,0.8019404411315918,0.4039868712425232,0.8088445663452148,0.6020087599754333,0.8506771922111511,0.4671787917613983,0.8432117700576782,0.0,0.0,0.0,0.0,0.0,0.0,0.0,0.0,0.5402050018310547,0.3994918167591095
0.5469356775283813,0.2188430726528167,0.5681216716766357,0.1936529576778412,0.5257830023765564,0.1947381794452667,0.5970295071601868,0.2251824587583542,0.4944882392883301,0.2285204231739044,0.6490002870559692,0.4044602811336517,0.4353702962398529,0.3963682353496551,0.6982361078262329,0.6135259866714478,0.3812244236469269,0.6183974146842957,0.6691346168518066,0.8028959631919861,0.4035875797271728,0.808967649936676,0.6014471054077148,0.8521450757980347,0.4674180150032043,0.8445191383361816,0.0,0.0,0.0,0.0,0.0,0.0,0.0,0.0,0.5401060581207275,0.4010918736457824
0.5473334193229675,0.219203233718872,0.5679977536201477,0.1941162496805191,0.5260324478149414,0.1950272619724273,0.5955271124839783,0.226598635315895,0.4939867556095123,0.2299707978963852,0.6465675234794617,0.4037488102912903,0.4342658817768097,0.3972812294960022,0.6952716112136841,0.6168931722640991,0.379007488489151,0.6211614012718201,0.6688249707221985,0.8017491698265076,0.4025772511959076,0.8124152421951294,0.6024208068847656,0.8521302342414856,0.4674782752990722,0.8445964455604553,0.0,0.0,0.0,0.0,0.0,0.0,0.0,0.0,0.5384042263031006,0.4014995098114013
0.5478618144989014,0.2190375179052353,0.5680880546569824,0.1947449445724487,0.5261765718460083,0.1948784440755844,0.5941063165664673,0.2264820039272308,0.4927065372467041,0.228896751999855,0.6454609632492065,0.4034245014190674,0.4333392083644867,0.3948947489261627,0.6967154741287231,0.6169730424880981,0.3805429339408874,0.6175841093063354,0.6652346849441528,0.8109055757522583,0.4015062749385834,0.8098569512367249,0.6006950736045837,0.849875271320343,0.4640524685382843,0.8424250483512878,0.0,0.0,0.0,0.0,0.0,0.0,0.0,0.0,0.5371266603469849,0.3996132910251617
0.5448866486549377,0.2205699384212494,0.5654751658439636,0.1962548196315765,0.5242372155189514,0.1964034587144851,0.5928789377212524,0.2273413240909576,0.4922567903995514,0.2295861393213272,0.6438139081001282,0.4043286144733429,0.4331318438053131,0.3957913517951965,0.6966685652732849,0.6141234636306763,0.3780147433280945,0.62144935131073,0.6629155278205872,0.8137778043746948,0.4013571143150329,0.8130335807800293,0.5974408388137817,0.8536424040794373,0.4604092240333557,0.8447168469429016,0.0,0.0,0.0,0.0,0.0,0.0,0.0,0.0,0.5363835096359253,0.4010877907276153
0.5429093241691589,0.2209733426570892,0.5635745525360107,0.1969219595193863,0.5222795605659485,0.1965224742889404,0.5916916728019714,0.225764587521553,0.4895727932453155,0.22825388610363,0.6434670686721802,0.4038932025432586,0.4326098263263702,0.3972327709197998,0.6948063969612122,0.6128321886062622,0.3788253366947174,0.6223312616348267,0.666358470916748,0.8036975860595703,0.3981817662715912,0.8140193223953247,0.5993003845214844,0.8514378666877747,0.4619589149951935,0.8444474935531616,0.0,0.0,0.0,0.0,0.0,0.0,0.0,0.0,0.5359081029891968,0.4011384844779968
0.5426899790763855,0.21940279006958,0.5633116960525513,0.1950108259916305,0.5218410491943359,0.1954331845045089,0.5913411974906921,0.2249947935342788,0.4896831512451172,0.2292140275239944,0.640406608581543,0.4019431471824646,0.4321432709693908,0.3959769606590271,0.6917997002601624,0.6174702048301697,0.3784822523593902,0.6156395077705383,0.6700068116188049,0.8349117040634155,0.3859915435314178,0.8270760774612427,0.6013773679733276,0.8493136763572693,0.4656906723976135,0.8457297682762146,0.0,0.0,0.0,0.0,0.0,0.0,0.0,0.0,0.5348972678184509,0.4003286957740783
0.5450358390808105,0.2164496332406997,0.5660423040390015,0.1917784661054611,0.5237887501716614,0.1922556161880493,0.5934978723526001,0.2235530763864517,0.4909160733222961,0.2266557216644287,0.6435061693191528,0.4032486975193023,0.4300731718540191,0.3991166651248932,0.691574215888977,0.620066225528717,0.3734602332115173,0.628182053565979,0.6928483843803406,0.8205181360244751,0.3709244132041931,0.8278166055679321,0.6003767848014832,0.8504227995872498,0.4568034708499908,0.8450625538825989,0.0,0.0,0.0,0.0,0.0,0.0,0.0,0.0,0.5348838567733765,0.4024772644042969
0.5469450354576111,0.2148171514272689,0.5684258341789246,0.1898527592420578,0.525740921497345,0.1902485191822052,0.5971299409866333,0.2215295732021331,0.4937022030353546,0.2238525450229644,0.645669162273407,0.3994810581207275,0.4336135983467102,0.3978569507598877,0.6944007873535156,0.6209367513656616,0.3781268894672394,0.6224746108055115,0.6918964385986328,0.8357939720153809,0.3677815794944763,0.8332083821296692,0.6061992049217224,0.8634975552558899,0.4585081934928894,0.850365161895752,0.0,0.0,0.0,0.0,0.0,0.0,0.0,0.0,0.5367204546928406,0.4001707434654236
0.5482001900672913,0.2094328105449676,0.5707924962043762,0.1864695250988006,0.5269041657447815,0.1872026622295379,0.6006024479866028,0.2211762219667434,0.4952398240566253,0.222349151968956,0.6493814587593079,0.4026608467102051,0.4335100948810577,0.3974993228912353,0.6904847025871277,0.6172571182250977,0.380826324224472,0.6281594634056091,0.6792029738426208,0.817388117313385,0.3847527801990509,0.8335675597190857,0.6052514910697937,0.8518613576889038,0.4582673609256744,0.8491659760475159,0.0,0.0,0.0,0.0,0.0,0.0,0.0,0.0,0.5378465056419373,0.400789737701416
0.5534360408782959,0.2120191901922226,0.5769438147544861,0.1878571659326553,0.5308864712715149,0.1876461803913116,0.608305037021637,0.2210989445447921,0.498734563589096,0.2202592343091964,0.6548400521278381,0.4025085270404815,0.4348885715007782,0.3967518508434295,0.6947449445724487,0.6202950477600098,0.3854508996009826,0.6181946396827698,0.6810494065284729,0.8150975108146667,0.395508348941803,0.8245725035667419,0.6049529910087585,0.8617543578147888,0.4566725194454193,0.8469853401184082,0.0,0.0,0.0,0.0,0.0,0.0,0.0,0.0,0.5410116910934448,0.3999679982662201
0.5592596530914307,0.2106858342885971,0.5824921727180481,0.1873364746570587,0.5349815487861633,0.1879967004060745,0.6135491728782654,0.2225288450717926,0.503296971321106,0.2241816818714141,0.6630589365959167,0.4011951982975006,0.4388816058635711,0.3953291475772857,0.6975092887878418,0.6151976585388184,0.3874409198760986,0.6178877949714661,0.6888478994369507,0.7987239956855774,0.391693115234375,0.8130045533180237,0.6090391278266907,0.8504584431648254,0.4600076675415039,0.8446172475814819,0.0,0.0,0.0,0.0,0.0,0.0,0.0,0.0,0.5466324090957642,0.3987277150154114
0.5604764223098755,0.2108846753835678,0.5832623243331909,0.1867231875658035,0.53626549243927,0.1883956342935562,0.6152907013893127,0.2211580127477646,0.5047754049301147,0.2251370698213577,0.6649508476257324,0.4035375714302063,0.440937340259552,0.395691841840744,0.6980964541435242,0.6165223121643066,0.3884356319904327,0.6179285049438477,0.6893108487129211,0.8003897666931152,0.3920603692531585,0.8146433234214783,0.6110609769821167,0.8509736061096191,0.4631251990795135,0.8443766832351685,0.0,0.0,0.0,0.0,0.0,0.0,0.0,0.0,0.5490083694458008,0.4000017344951629
0.5622805953025818,0.2115329056978225,0.5848216414451599,0.1877418756484985,0.5382795333862305,0.1890148073434829,0.6157287955284119,0.2223744094371795,0.5062848329544067,0.2258578687906265,0.6627653241157532,0.4020719528198242,0.4417550563812256,0.3958260715007782,0.69776451587677,0.6156641244888306,0.3865155279636383,0.6182126402854919,0.6881937384605408,0.7998164296150208,0.3913645446300506,0.8045758605003357,0.6135069131851196,0.8610483407974243,0.4646899402141571,0.8457789421081543,0.0,0.0,0.0,0.0,0.0,0.0,0.0,0.0,0.5490767359733582,0.3995612561702728
0.5622535943984985,0.212140753865242,0.5846871137619019,0.1882656812667846,0.5382766723632812,0.1891227215528488,0.6152304410934448,0.2228734642267227,0.5061880350112915,0.2251731306314468,0.6634368300437927,0.4025441110134125,0.4424373805522918,0.3952444493770599,0.6972894072532654,0.617525041103363,0.3877386748790741,0.6175938844680786,0.6866970062255859,0.8098406195640564,0.3914972245693207,0.8047682046890259,0.6131353378295898,0.8609012961387634,0.4633006155490875,0.8450030088424683,0.0,0.0,0.0,0.0,0.0,0.0,0.0,0.0,0.5498843193054199,0.3996493518352508
0.5613154768943787,0.2116087675094604,0.5838524103164673,0.1885057389736175,0.5371854901313782,0.1891218423843383,0.6131418347358704,0.2246840149164199,0.5044742822647095,0.2264081686735153,0.6611012816429138,0.4032346904277801,0.4387591779232025,0.3975854516029358,0.6980587840080261,0.6156536936759949,0.3875379264354706,0.6209613084793091,0.6883216500282288,0.8001796007156372,0.3920466303825378,0.8247866034507751,0.6115065813064575,0.8495079874992371,0.4620764851570129,0.8445140719413757,0.0,0.0,0.0,0.0,0.0,0.0,0.0,0.0,0.5465509295463562,0.401070088148117
0.5593132376670837,0.2119635492563247,0.5815521478652954,0.1884274333715438,0.5352447032928467,0.188800424337387,0.6115975379943848,0.2224502861499786,0.5029293894767761,0.2239982187747955,0.6579994559288025,0.4022290706634521,0.437955379486084,0.3963960707187652,0.693893313407898,0.6181899309158325,0.3849128186702728,0.6182370781898499,0.6876712441444397,0.8083528876304626,0.3895555436611175,0.8036260008811951,0.6098881959915161,0.8496214747428894,0.4599494636058807,0.8437992334365845,0.0,0.0,0.0,0.0,0.0,0.0,0.0,0.0,0.5444563031196594,0.4001777172088623
0.5569059252738953,0.2123595476150512,0.5798315405845642,0.1889361292123794,0.5331477522850037,0.1886962652206421,0.6094927787780762,0.2236989885568618,0.5003525614738464,0.2233669310808181,0.6551307439804077,0.4011848866939544,0.4365876019001007,0.3969686627388,0.6939302086830139,0.6149713397026062,0.384171575307846,0.6183093190193176,0.6847782731056213,0.8108077049255371,0.388427585363388,0.8252857327461243,0.6091682314872742,0.8500344157218933,0.4596854150295257,0.8463749885559082,0.0,0.0,0.0,0.0,0.0,0.0,0.0,0.0,0.5422468185424805,0.3998555243015289
0.5528491139411926,0.2137553393840789,0.5754889249801636,0.1885751336812973,0.5297392010688782,0.1888364106416702,0.6056352853775024,0.2212163060903549,0.4972730576992035,0.2225059568881988,0.6546414494514465,0.4045776724815368,0.4344047904014587,0.3990699350833893,0.6906486749649048,0.6337407231330872,0.3805727064609527,0.6288576126098633,0.684859573841095,0.8438859581947327,0.3766383826732635,0.8316026329994202,0.6042508482933044,0.8516319990158081,0.4616860747337341,0.8475421667098999,0.0,0.0,0.0,0.0,0.0,0.0,0.0,0.0,0.5416920781135559,0.4025938808917999
0.5419174432754517,0.2160720080137252,0.5634125471115112,0.1910954415798187,0.519568145275116,0.1911714524030685,0.5916295647621155,0.2212614119052887,0.483895868062973,0.2248659878969192,0.6381486058235168,0.398205041885376,0.4276182651519775,0.3969597816467285,0.6911218762397766,0.6039972305297852,0.3681874871253967,0.6140241026878357,0.7203474044799805,0.7969380021095276,0.347784548997879,0.8159365057945251,0.6111602187156677,0.8335599303245544,0.4544905722141266,0.8317918181419373,0.0,0.0,0.0,0.0,0.0,0.0,0.0,0.0,0.5316239595413208,0.3976266086101532
0.5317690372467041,0.2216876894235611,0.5508586764335632,0.1969029903411865,0.5079735517501831,0.1980262845754623,0.5759605169296265,0.2253753691911697,0.4729721248149872,0.2342411428689956,0.628909707069397,0.3992355465888977,0.4167201220989227,0.4000985324382782,0.6849111318588257,0.600978434085846,0.3567611873149872,0.6128987669944763,0.7141407132148743,0.8105106353759766,0.335973173379898,0.8261324167251587,0.6130584478378296,0.8423749804496765,0.4542098939418793,0.8362597227096558,0.0,0.0,0.0,0.0,0.0,0.0,0.0,0.0,0.5212123990058899,0.4002111256122589
0.5344808101654053,0.2234228104352951,0.5537112951278687,0.1965478211641311,0.5101558566093445,0.1984468400478363,0.5788446068763733,0.2219618856906891,0.4745660424232483,0.2316536903381347,0.6333039999008179,0.39921435713768,0.4230020344257355,0.4037031531333923,0.6838458776473999,0.6107540726661682,0.3645555078983307,0.6218276023864746,0.7038778066635132,0.8005374073982239,0.3494394719600677,0.8308133482933044,0.6118629574775696,0.8321624994277954,0.4583247005939483,0.8343580961227417,0.0,0.0,0.0,0.0,0.0,0.0,0.0,0.0,0.5272583961486816,0.4019956290721893
0.5459575057029724,0.2183637470006942,0.567710280418396,0.1909462660551071,0.523878276348114,0.1939539015293121,0.5982435345649719,0.2185910940170288,0.4929592609405517,0.2280174344778061,0.6535249948501587,0.3999777436256408,0.4387646019458771,0.4052989482879638,0.7008538246154785,0.6158576011657715,0.3772065937519073,0.6268827319145203,0.71949303150177,0.8078432679176331,0.3615154922008514,0.8336589932441711,0.6255003809928894,0.8445059657096863,0.4703498184680938,0.8458392024040222,0.0,0.0,0.0,0.0,0.0,0.0,0.0,0.0,0.5443959832191467,0.4035790860652923
0.5708433389663696,0.2121095806360244,0.5933518409729004,0.1889145523309707,0.5479479432106018,0.1904673874378204,0.6252279281616211,0.2214473485946655,0.5162193179130554,0.227949783205986,0.6786245703697205,0.3942765891551971,0.4649777710437774,0.401993066072464,0.7323625683784485,0.6011977195739746,0.4027838706970215,0.6166523694992065,0.7441063523292542,0.8000384569168091,0.3771727383136749,0.8183525800704956,0.6437826156616211,0.8462279438972473,0.4893485903739929,0.833574652671814,0.0,0.0,0.0,0.0,0.0,0.0,0.0,0.0,0.5709910988807678,0.3973759710788727
0.6068310141563416,0.212487906217575,0.6287911534309387,0.189527153968811,0.583713948726654,0.188930869102478,0.6574555039405823,0.2234834283590316,0.5519683361053467,0.2226307690143585,0.7044638395309448,0.4040708243846893,0.491773396730423,0.3965660035610199,0.7588764429092407,0.6177611351013184,0.423770397901535,0.6108084917068481,0.7772541642189026,0.8316875100135803,0.385014533996582,0.7990264296531677,0.6648839712142944,0.8623930811882019,0.508868396282196,0.8442440629005432,0.0,0.0,0.0,0.0,0.0,0.0,0.0,0.0,0.5989012718200684,0.400931566953659
0.5884296298027039,0.2094834893941879,0.6105417609214783,0.1858387142419815,0.5662983655929565,0.1870023757219314,0.6401600241661072,0.2215805351734161,0.5381502509117126,0.2229862511157989,0.6897131204605103,0.4009183049201965,0.4764553904533386,0.3944299519062042,0.7394474148750305,0.6110590696334839,0.4069491922855377,0.6113373041152954,0.7555522918701172,0.827058732509613,0.3752627670764923,0.8025927543640137,0.6444664001464844,0.8501569032669067,0.4880261123180389,0.8440178036689758,0.0,0.0,0.0,0.0,0.0,0.0,0.0,0.0,0.583882749080658,0.3971615135669708
0.570198118686676,0.2061541527509689,0.5946531891822815,0.1847295314073562,0.5479320883750916,0.1834010630846023,0.62604820728302,0.2215874940156936,0.5146143436431885,0.2241300046443939,0.6753177046775818,0.4029253423213959,0.4541489779949188,0.3990513384342193,0.7206818461418152,0.6145802736282349,0.388329267501831,0.6109667420387268,0.7375221252441406,0.8150588274002075,0.3557222783565521,0.8135489821434021,0.6270898580551147,0.851026177406311,0.4634719789028168,0.8468877673149109,0.0,0.0,0.0,0.0,0.0,0.0,0.0,0.0,0.5648697018623352,0.4010453820228576
0.5464493036270142,0.2072930634021759,0.5702022910118103,0.182974562048912,0.5248773694038391,0.1844049245119094,0.6023262143135071,0.2164936512708664,0.4932408332824707,0.2201659977436065,0.6535097360610962,0.4003194272518158,0.4341350197792053,0.3978619277477264,0.7036423087120056,0.609768807888031,0.3662561476230621,0.6091814041137695,0.7353958487510681,0.7800360321998596,0.3169402182102203,0.7972034811973572,0.6218687891960144,0.8508285284042358,0.4507277309894562,0.8612037301063538,0.0,0.0,0.0,0.0,0.0,0.0,0.0,0.0,0.5398518443107605,0.4004451930522918
0.5394658446311951,0.2053080946207046,0.5614153742790222,0.1838561743497848,0.5165451765060425,0.1832657307386398,0.5914818644523621,0.220698595046997,0.4821249544620514,0.2234460562467575,0.6437061429023743,0.3962732851505279,0.4269770681858063,0.3951430320739746,0.7059227228164673,0.5983094573020935,0.3554478287696838,0.5981045365333557,0.7502760291099548,0.776985228061676,0.296999841928482,0.7774335145950317,0.6220917701721191,0.8483839631080627,0.4425468444824219,0.8496316075325012,0.0,0.0,0.0,0.0,0.0,0.0,0.0,0.0,0.5321722030639648,0.3948116302490234
0.5315021872520447,0.2029957771301269,0.5513644814491272,0.1810791939496994,0.5063279271125793,0.181019976735115,0.5805197954177856,0.2182212769985199,0.4724878966808319,0.2238326072692871,0.633962094783783,0.3917696177959442,0.4157626330852508,0.395451009273529,0.6932284235954285,0.5953071713447571,0.343066930770874,0.6049140691757202,0.7453054189682007,0.7748088240623474,0.279893010854721,0.776829183101654,0.619420051574707,0.8505457639694214,0.4402210712432861,0.8512693643569946,0.0,0.0,0.0,0.0,0.0,0.0,0.0,0.0,0.5242071747779846,0.3922782838344574
0.5202239155769348,0.2064293920993805,0.5405756235122681,0.1818433552980423,0.4943739473819732,0.1829666644334793,0.5704343318939209,0.2132920026779174,0.4615220427513122,0.2200603634119033,0.6264545321464539,0.3934285342693329,0.4035280346870422,0.394520491361618,0.6871275901794434,0.5927654504776001,0.3362977206707001,0.6016836166381836,0.7374352216720581,0.7750486135482788,0.2759833931922912,0.7654548287391663,0.6089122891426086,0.8489295840263367,0.4303050935268402,0.8494170904159546,0.0,0.0,0.0,0.0,0.0,0.0,0.0,0.0,0.513271689414978,0.391908198595047
0.4930508732795715,0.2078925371170044,0.5144259333610535,0.1823930293321609,0.4683187007904053,0.1841859519481659,0.5444379448890686,0.221831277012825,0.4366231560707092,0.2271895110607147,0.6023269295692444,0.3889086544513702,0.37503382563591,0.3953193724155426,0.663912832736969,0.5948384404182434,0.3159025609493255,0.6131792664527893,0.7090794444084167,0.7826730608940125,0.2618577778339386,0.7990917563438416,0.5968224406242371,0.8589668869972229,0.4200241267681122,0.8608812689781189,0.0,0.0,0.0,0.0,0.0,0.0,0.0,0.0,0.48676198720932,0.3903723657131195
0.4850149154663086,0.2127477675676345,0.505959689617157,0.1861179322004318,0.4587390124797821,0.1899765431880951,0.5368698835372925,0.2209643870592117,0.4291941523551941,0.2293974459171295,0.599901556968689,0.3922033011913299,0.3767916560173034,0.4028672277927398,0.6612789034843445,0.599932849407196,0.3181366920471191,0.6259994506835938,0.7037657499313354,0.790666937828064,0.2720845341682434,0.8291398882865906,0.5908703207969666,0.8611563444137573,0.4156261384487152,0.8639928102493286,0.0,0.0,0.0,0.0,0.0,0.0,0.0,0.0,0.4861418306827545,0.3980418741703033
0.5167322754859924,0.2107590436935424,0.5381885766983032,0.186150386929512,0.4920940101146698,0.1893281489610672,0.5703686475753784,0.2173391729593277,0.462625116109848,0.2279142439365387,0.6358118057250977,0.3951181471347809,0.4168687164783478,0.4050767123699188,0.692685067653656,0.5974464416503906,0.3536352813243866,0.6162746548652649,0.7361111640930176,0.775593638420105,0.3071244657039642,0.8045783042907715,0.6203392148017883,0.8458164930343628,0.4434176385402679,0.8503254055976868,0.0,0.0,0.0,0.0,0.0,0.0,0.0,0.0,0.5235668420791626,0.4000468254089355
0.546514630317688,0.210565760731697,0.5687037706375122,0.1846421957015991,0.5244054794311523,0.1890803575515747,0.6037126779556274,0.2152602225542068,0.495525449514389,0.2268044203519821,0.6667637825012207,0.3953339755535126,0.4436692595481872,0.411929041147232,0.7313428521156311,0.6114905476570129,0.3814175426959991,0.630667507648468,0.7677025198936462,0.7947745323181152,0.3347392082214355,0.8295536637306213,0.6473757028579712,0.8618755340576172,0.4718314111232757,0.8630589842796326,0.0,0.0,0.0,0.0,0.0,0.0,0.0,0.0,0.5524564385414124,0.4032021164894104
0.5728744864463806,0.2112371176481247,0.5969399809837341,0.1877775937318802,0.5499691367149353,0.1910482794046402,0.6308526396751404,0.222654789686203,0.5214691758155823,0.2309031635522842,0.6894394159317017,0.3969435095787048,0.4756752848625183,0.4068424105644226,0.7547735571861267,0.6018062233924866,0.41316819190979,0.6182769536972046,0.7951550483703613,0.8106924891471863,0.3665443956851959,0.8196631669998169,0.6646566987037659,0.851795494556427,0.5101385116577148,0.849203884601593,0.0,0.0,0.0,0.0,0.0,0.0,0.0,0.0,0.5838828086853027,0.402489423751831
0.6025646328926086,0.2126279175281524,0.6249052882194519,0.1893958300352096,0.5790066123008728,0.1897102892398834,0.653924822807312,0.2249868214130401,0.5490472912788391,0.2260936796665191,0.7038591504096985,0.4035618901252746,0.4944742023944855,0.4022225737571716,0.7658365368843079,0.6071847677230835,0.4272003769874573,0.6029039025306702,0.8101786971092224,0.82884281873703,0.3689859509468078,0.796847939491272,0.6632804870605469,0.851399302482605,0.5143259167671204,0.8490579724311829,0.0,0.0,0.0,0.0,0.0,0.0,0.0,0.0,0.5994860529899597,0.4033924043178558
0.5854400992393494,0.2108481228351593,0.6090384721755981,0.186520367860794,0.5636692643165588,0.1871647387742996,0.6396859884262085,0.2234368175268173,0.5348833799362183,0.2237104475498199,0.6919249892234802,0.402118980884552,0.4766590297222137,0.4020640850067138,0.747866153717041,0.6129578948020935,0.4015876352787018,0.6004815101623535,0.7886738777160645,0.8327212333679199,0.3353351056575775,0.7905521988868713,0.6636193990707397,0.8641901016235352,0.4949636161327362,0.8491793274879456,0.0,0.0,0.0,0.0,0.0,0.0,0.0,0.0,0.5855638384819031,0.4015961289405823
0.5718849897384644,0.2082495242357254,0.5968119502067566,0.1862983405590057,0.549713671207428,0.1860182583332061,0.6298203468322754,0.2229487001895904,0.5178065896034241,0.2263198345899582,0.680884838104248,0.4043777585029602,0.4589415192604065,0.4036271274089813,0.7309136390686035,0.6200271248817444,0.3815633952617645,0.6115347743034363,0.7594581246376038,0.828529417514801,0.3111500740051269,0.7984068989753723,0.6400628685951233,0.8552464842796326,0.4722816348075866,0.8625680804252625,0.0,0.0,0.0,0.0,0.0,0.0,0.0,0.0,0.5710424184799194,0.4032949805259704
0.5616672039031982,0.2098978012800216,0.5862026810646057,0.1865609884262085,0.5385524034500122,0.1861234009265899,0.6185609102249146,0.2233432680368423,0.505501925945282,0.2231977432966232,0.6733236312866211,0.4062783122062683,0.4449692368507385,0.4039673805236816,0.7229118347167969,0.6284531354904175,0.374300867319107,0.6129774451255798,0.7527404427528381,0.8269659280776978,0.3174050450325012,0.7999562621116638,0.6332637071609497,0.879921555519104,0.458458811044693,0.8674948811531067,0.0,0.0,0.0,0.0,0.0,0.0,0.0,0.0,0.5583898425102234,0.4064406752586365
0.548006534576416,0.2088812589645385,0.5717538595199585,0.1838095188140869,0.525312602519989,0.1854897886514663,0.6041255593299866,0.2172117680311203,0.4924756586551666,0.2210565358400344,0.6609878540039062,0.3992674052715301,0.4349110126495361,0.4044924080371856,0.7189491391181946,0.6187463998794556,0.3724178969860077,0.6271618604660034,0.7517262697219849,0.7998853921890259,0.3235929906368255,0.819404661655426,0.6369975805282593,0.8701915740966797,0.4568105041980743,0.8697093725204468,0.0,0.0,0.0,0.0,0.0,0.0,0.0,0.0,0.5443975925445557,0.4031586349010467
0.5410181879997253,0.2079901397228241,0.5645524263381958,0.1838321387767791,0.5187621116638184,0.1857406944036483,0.5976603627204895,0.2180531471967697,0.4868715405464172,0.2238729149103164,0.6564330458641052,0.395350843667984,0.4351970553398132,0.4056724607944488,0.7183004021644592,0.6110730171203613,0.3726778328418731,0.6216394305229187,0.7516471743583679,0.7992123961448669,0.317573606967926,0.8221101760864258,0.6352405548095703,0.8665279746055603,0.457377016544342,0.8683587312698364,0.0,0.0,0.0,0.0,0.0,0.0,0.0,0.0,0.5428250432014465,0.4017845690250397
0.5445391535758972,0.2055293321609497,0.5680040717124939,0.1810330599546432,0.5220869779586792,0.1841557770967483,0.6020113229751587,0.2161330729722976,0.4918155074119568,0.2231182754039764,0.6637983918190002,0.3973122537136078,0.4386428296566009,0.4082294404506683,0.7224735021591187,0.6139882802963257,0.3755001425743103,0.6221004128456116,0.7546722292900085,0.8000766038894653,0.323205292224884,0.810795783996582,0.6367271542549133,0.8671678900718689,0.4607750475406647,0.8674426078796387,0.0,0.0,0.0,0.0,0.0,0.0,0.0,0.0,0.5486932396888733,0.4037478864192962
0.5591077208518982,0.2034045606851577,0.5838167071342468,0.1787048429250717,0.5333806872367859,0.1811142414808273,0.6183273196220398,0.2155639976263046,0.5008252859115601,0.2201954275369644,0.6732773780822754,0.3977693617343902,0.4447090029716491,0.4004229009151459,0.7254238128662109,0.6101902723312378,0.3825332820415497,0.6169384121894836,0.7583478689193726,0.7973166108131409,0.3303276896476745,0.8105319142341614,0.6382949948310852,0.8656111359596252,0.4686923027038574,0.8660458326339722,0.0,0.0,0.0,0.0,0.0,0.0,0.0,0.0,0.5576249361038208,0.3993940353393554
0.5648676156997681,0.2058306485414505,0.5890443921089172,0.1810307204723358,0.5409721732139587,0.1808923780918121,0.6210663914680481,0.2163243740797042,0.506088376045227,0.2193169742822647,0.6743432879447937,0.4021137356758117,0.4480071663856506,0.400581419467926,0.7263395190238953,0.6180204153060913,0.3811054825782776,0.6154347658157349,0.7579395174980164,0.810788631439209,0.3298228681087494,0.8019176721572876,0.6388089060783386,0.8672033548355103,0.4690914750099182,0.8661947846412659,0.0,0.0,0.0,0.0,0.0,0.0,0.0,0.0,0.5604493618011475,0.4020688235759735
0.5638337135314941,0.2064294815063476,0.5874732136726379,0.183050736784935,0.5396925210952759,0.183515265583992,0.6197543740272522,0.2194985449314117,0.5057607293128967,0.2232637554407119,0.6751099228858948,0.4039283692836761,0.4477109014987945,0.4028472006320953,0.723673939704895,0.62012779712677,0.3794622421264648,0.6159919500350952,0.7569359540939331,0.8277736902236938,0.3289482295513153,0.8010640144348145,0.6373559236526489,0.866833508014679,0.4674796462059021,0.8645926713943481,0.0,0.0,0.0,0.0,0.0,0.0,0.0,0.0,0.5608721971511841,0.4043745696544647
0.5607649087905884,0.2024853527545929,0.585130512714386,0.1780151575803756,0.5359853506088257,0.180912971496582,0.6193317174911499,0.2163662165403366,0.5043374300003052,0.2223099023103714,0.6737262606620789,0.4046172201633453,0.4456149935722351,0.4021971225738525,0.7270423769950867,0.6302903294563293,0.3756633698940277,0.6174139380455017,0.7564402222633362,0.8080190420150757,0.3194069266319275,0.809021532535553,0.6363069415092468,0.8683062195777893,0.4612306654453277,0.8684009909629822,0.0,0.0,0.0,0.0,0.0,0.0,0.0,0.0,0.5589597225189209,0.4049576222896576
0.5685740113258362,0.1988109052181244,0.5939755439758301,0.1774952113628387,0.544868528842926,0.1765260696411132,0.625113844871521,0.2190833985805511,0.5118147134780884,0.2197875827550888,0.6772483587265015,0.4085349142551422,0.4500560760498047,0.3942086696624756,0.7268796563148499,0.6352466344833374,0.3762713968753814,0.6017280220985413,0.7616314888000488,0.850956380367279,0.3151265978813171,0.7817366719245911,0.6338591575622559,0.8845576047897339,0.4585173428058624,0.880905270576477,0.0,0.0,0.0,0.0,0.0,0.0,0.0,0.0,0.5624662041664124,0.4022390246391296
0.5739910006523132,0.1952232420444488,0.5996097326278687,0.1732221692800521,0.5516887307167053,0.1729205846786499,0.6310790181159973,0.2166991531848907,0.5196672081947327,0.2205949872732162,0.6816900372505188,0.4079320430755615,0.4586371481418609,0.391645222902298,0.7303061485290527,0.6309610605239868,0.3840122818946838,0.5952936410903931,0.7538748979568481,0.8309871554374695,0.320105642080307,0.7681930661201477,0.63336181640625,0.8823212385177612,0.4574158787727356,0.8652809858322144,0.0,0.0,0.0,0.0,0.0,0.0,0.0,0.0,0.5692785978317261,0.4004172384738922
0.5799292325973511,0.1944421678781509,0.6060532331466675,0.1720753908157348,0.5595711469650269,0.1712047904729843,0.6375274658203125,0.2160794734954834,0.5303907990455627,0.2127904444932937,0.6888290643692017,0.396329402923584,0.4751550555229187,0.3922754228115082,0.7443380951881409,0.6069865822792053,0.4081931412220001,0.5834765434265137,0.7647820115089417,0.8188285827636719,0.3512583076953888,0.7747688889503479,0.6377029418945312,0.8511085510253906,0.480338990688324,0.8440161347389221,0.0,0.0,0.0,0.0,0.0,0.0,0.0,0.0,0.5825783610343933,0.3935694694519043
0.5851603150367737,0.195852443575859,0.6110026240348816,0.1686408221721649,0.5643311142921448,0.1712169200181961,0.6518972516059875,0.2046888768672943,0.542940616607666,0.2108911126852035,0.7055708765983582,0.3950692117214203,0.4985998272895813,0.3923006653785705,0.7733110785484314,0.6227940917015076,0.4356286823749542,0.596355140209198,0.7995021939277649,0.903340458869934,0.3861103355884552,0.7922222018241882,0.653265118598938,0.8816356658935547,0.4946408569812774,0.864690899848938,0.0,0.0,0.0,0.0,0.0,0.0,0.0,0.0,0.600213348865509,0.3936896920204162
0.5948565602302551,0.1946201771497726,0.6192616820335388,0.168312594294548,0.5710212588310242,0.1706062257289886,0.656326413154602,0.206418290734291,0.5454046130180359,0.2131167650222778,0.7060845494270325,0.3901598155498504,0.4984355866909027,0.390679121017456,0.7796964049339294,0.6101680397987366,0.4374752342700958,0.6001065373420715,0.8120735287666321,0.8454250693321228,0.38860884308815,0.7965986132621765,0.6497390866279602,0.8667365908622742,0.4988324642181396,0.8621910214424133,0.0,0.0,0.0,0.0,0.0,0.0,0.0,0.0,0.6005352735519409,0.3904661238193512
0.5943244099617004,0.1915751546621322,0.6176788210868835,0.166624903678894,0.5691002607345581,0.1694037020206451,0.6508589386940002,0.2064235955476761,0.53960120677948,0.2135332822799682,0.7001671195030212,0.3942992091178894,0.4871493875980377,0.3887227177619934,0.7693161368370056,0.6054253578186035,0.420047789812088,0.5844517946243286,0.8048297762870789,0.8151298761367798,0.3714487254619598,0.7695696949958801,0.6618075370788574,0.8634577989578247,0.5066900849342346,0.8504244685173035,0.0,0.0,0.0,0.0,0.0,0.0,0.0,0.0,0.5937261581420898,0.3912135064601898
0.5746813416481018,0.1921689212322235,0.6009531021118164,0.1689480096101761,0.551154375076294,0.1689219176769256,0.6320180296897888,0.2083626538515091,0.516598641872406,0.2116022258996963,0.685829222202301,0.3951249122619629,0.4581775665283203,0.3949215710163116,0.7410430312156677,0.6114965081214905,0.3837386965751648,0.5989595651626587,0.7711502313613892,0.8117693662643433,0.3096024394035339,0.7829492688179016,0.6497282981872559,0.8517388105392456,0.4849308133125305,0.8486352562904358,0.0,0.0,0.0,0.0,0.0,0.0,0.0,0.0,0.5723710060119629,0.3925055861473083
0.569104790687561,0.1960319280624389,0.5939774513244629,0.1727049499750137,0.5439779162406921,0.1725712120532989,0.624899685382843,0.2095836400985717,0.5095752477645874,0.2130137830972671,0.6790328025817871,0.3984370529651642,0.4537937343120575,0.3914308547973633,0.726425290107727,0.613451361656189,0.3753347396850586,0.6030675172805786,0.7550064325332642,0.8145530819892883,0.3064561486244201,0.7984136343002319,0.6400651335716248,0.8531294465065002,0.4767386019229889,0.8523191213607788,0.0,0.0,0.0,0.0,0.0,0.0,0.0,0.0,0.5649225115776062,0.3951472640037536
0.5603742003440857,0.1981365829706192,0.5855994820594788,0.1736271232366562,0.5358322262763977,0.1750752627849578,0.6194455027580261,0.2104139477014541,0.5037961006164551,0.2139233648777008,0.6744664311408997,0.398910254240036,0.4474434852600097,0.3958590030670166,0.726761519908905,0.612826943397522,0.3782918453216553,0.611389696598053,0.7525070905685425,0.7993810772895813,0.3270623683929443,0.809526264667511,0.6379590630531311,0.8657189607620239,0.4696254134178161,0.8657323122024536,0.0,0.0,0.0,0.0,0.0,0.0,0.0,0.0,0.5592760443687439,0.3980037271976471
0.5605862736701965,0.1971197575330734,0.5856256484985352,0.1732504367828369,0.5353680849075317,0.1763897389173507,0.6201600432395935,0.2105874568223953,0.5042587518692017,0.2194477766752243,0.6746488809585571,0.3953826129436493,0.4476024210453033,0.3956336379051208,0.7359448075294495,0.6107096672058105,0.39061239361763,0.6143312454223633,0.7644945979118347,0.797038197517395,0.3561201989650726,0.8114685416221619,0.6395455002784729,0.867124080657959,0.471821516752243,0.8663239479064941,0.0,0.0,0.0,0.0,0.0,0.0,0.0,0.0,0.5589717626571655,0.3963121771812439
0.5643804669380188,0.1982433050870895,0.5891836881637573,0.1738370954990387,0.5397445559501648,0.1766140609979629,0.6221518516540527,0.2119105756282806,0.5075315237045288,0.2199504375457763,0.6766560673713684,0.3946446776390075,0.4501025080680847,0.3958885669708252,0.7402108311653137,0.6058168411254883,0.3924736380577087,0.6202287077903748,0.7685370445251465,0.7987542748451233,0.3653349280357361,0.8275346159934998,0.6412286758422852,0.8540596961975098,0.4761857390403747,0.8632248044013977,0.0,0.0,0.0,0.0,0.0,0.0,0.0,0.0,0.5608079433441162,0.3958576321601867
0.5666301846504211,0.1966070979833603,0.5913057327270508,0.1732430309057235,0.5421892404556274,0.1754570007324218,0.6236943006515503,0.2120822370052337,0.5099813342094421,0.220758318901062,0.6797435879707336,0.395772784948349,0.4526305198669433,0.3980671465396881,0.7418587803840637,0.6070765256881714,0.3925349116325378,0.622749924659729,0.7721290588378906,0.7973718643188477,0.3668332099914551,0.8274472951889038,0.6413912773132324,0.8534911274909973,0.4768792986869812,0.8651686310768127,0.0,0.0,0.0,0.0,0.0,0.0,0.0,0.0,0.5633634328842163,0.3970531821250915
0.5686716437339783,0.1952747553586959,0.5927194356918335,0.1724700182676315,0.5438839197158813,0.1739352196455001,0.6243261694908142,0.2107942253351211,0.5110974311828613,0.2195983827114105,0.6801462173461914,0.3982666432857513,0.4533807337284088,0.4001015126705169,0.7382639050483704,0.6138836145401001,0.3913706243038177,0.6181106567382812,0.7686493992805481,0.8076761364936829,0.3490723967552185,0.8316596746444702,0.6412496566772461,0.8666099905967712,0.4738545417785644,0.8678483963012695,0.0,0.0,0.0,0.0,0.0,0.0,0.0,0.0,0.5654069185256958,0.3997022211551666
0.569132924079895,0.1952062398195266,0.5943477749824524,0.1729872375726699,0.5441544055938721,0.1725550442934036,0.6249516606330872,0.2119299322366714,0.5096449851989746,0.2170603424310684,0.6803880929946899,0.3993039131164551,0.4527972340583801,0.3955828845500946,0.7332767248153687,0.6136473417282104,0.3813711702823639,0.6169520616531372,0.7583745718002319,0.8106545209884644,0.3289422392845154,0.8154889941215515,0.6415295004844666,0.8697695136070251,0.4708681404590606,0.8805801272392273,0.0,0.0,0.0,0.0,0.0,0.0,0.0,0.0,0.5653982162475586,0.3969740271568298
0.5697484016418457,0.1954921036958694,0.5929847955703735,0.1715090125799179,0.5444712042808533,0.1724294126033783,0.6228560209274292,0.2064223736524582,0.5097223520278931,0.2116240262985229,0.674186110496521,0.4004871845245361,0.4498301148414612,0.3903442919254303,0.721721351146698,0.6202413439750671,0.3729597628116607,0.608859658241272,0.7471404075622559,0.8001774549484253,0.3227110505104065,0.8119242787361145,0.6406965851783752,0.854407787322998,0.4705223441123962,0.8632376790046692,0.0,0.0,0.0,0.0,0.0,0.0,0.0,0.0,0.5605872273445129,0.3958674967288971
0.5636218786239624,0.1960667073726654,0.5869559049606323,0.1714577972888946,0.5382648706436157,0.1736620962619781,0.6181807518005371,0.2068944871425628,0.5038883090019226,0.2132091522216797,0.6648856401443481,0.3967487812042236,0.4493972361087799,0.3890113830566406,0.710017204284668,0.6146634221076965,0.3733892440795898,0.6014954447746277,0.7439454197883606,0.8003290295600891,0.3185974955558777,0.8089352250099182,0.6384226083755493,0.8542717695236206,0.4692888259887695,0.8625156283378601,0.0,0.0,0.0,0.0,0.0,0.0,0.0,0.0,0.5555431246757507,0.3927469551563263
0.5558642148971558,0.1979690641164779,0.581193745136261,0.1723470240831375,0.5305382609367371,0.174155592918396,0.6149926781654358,0.2074952274560928,0.4980449974536896,0.2122725695371627,0.6681223511695862,0.3970675468444824,0.4436674416065216,0.3976182043552398,0.7182785272598267,0.6155372858047485,0.3715474605560303,0.60932457447052,0.7468727231025696,0.800589919090271,0.3157597482204437,0.8011870384216309,0.6361451745033264,0.8529424071311951,0.4657398760318756,0.8519564270973206,0.0,0.0,0.0,0.0,0.0,0.0,0.0,0.0,0.5537103414535522,0.3979833722114563
0.5543039441108704,0.1979698836803436,0.5808020234107971,0.1733455955982208,0.5290914177894592,0.1748311668634414,0.6164008975028992,0.2092157155275344,0.4988730847835541,0.2153666019439697,0.6751083135604858,0.3984864056110382,0.4441776573657989,0.4006188213825226,0.732315719127655,0.6206188797950745,0.3780443966388702,0.6130266189575195,0.7560519576072693,0.814555823802948,0.3213065266609192,0.7966729998588562,0.639837384223938,0.8689736723899841,0.4665465950965881,0.8673741221427917,0.0,0.0,0.0,0.0,0.0,0.0,0.0,0.0,0.5579513311386108,0.4003311693668365
0.5547714233398438,0.1957767158746719,0.5817657709121704,0.1721178442239761,0.5315584540367126,0.1721436083316803,0.6169491410255432,0.2095378935337066,0.501923680305481,0.2098495662212371,0.6695826649665833,0.3980291187763214,0.4441790580749511,0.3913062214851379,0.753593921661377,0.6258684396743774,0.3642789721488952,0.6016296744346619,0.7907148003578186,0.8346194624900818,0.2939081788063049,0.7740927338600159,0.6317231059074402,0.8670238256454468,0.461162269115448,0.863253116607666,0.0,0.0,0.0,0.0,0.0,0.0,0.0,0.0,0.5546739101409912,0.3955073654651642
0.5540238618850708,0.2009326219558715,0.5805586576461792,0.1761230677366256,0.530125617980957,0.1753900051116943,0.615349292755127,0.2128810882568359,0.4990822970867157,0.2117479145526886,0.6643357276916504,0.4005354046821594,0.4392441213130951,0.3845737278461456,0.7626363039016724,0.6103907823562622,0.3517525792121887,0.595241129398346,0.8056154847145081,0.8147392868995667,0.2735763788223266,0.7624755501747131,0.6198955774307251,0.8529114723205566,0.4583875238895416,0.8342710733413696,0.0,0.0,0.0,0.0,0.0,0.0,0.0,0.0,0.54878830909729,0.3926123082637787
0.5480638742446899,0.2021452635526657,0.5735424160957336,0.177068829536438,0.5247069001197815,0.1774491220712661,0.6080395579338074,0.2116183042526245,0.4932608902454376,0.213177278637886,0.6621456742286682,0.3988822996616363,0.4342327713966369,0.389350026845932,0.7585613131523132,0.6110729575157166,0.3355095386505127,0.5913887619972229,0.7958387732505798,0.8297728300094604,0.270378053188324,0.749213695526123,0.6366227269172668,0.8533810377120972,0.466433435678482,0.8477369546890259,0.0,0.0,0.0,0.0,0.0,0.0,0.0,0.0,0.5458512902259827,0.3944181799888611
0.5469269156455994,0.2005597651004791,0.5705227255821228,0.17604860663414,0.5236468315124512,0.1777828782796859,0.6039695739746094,0.2101028710603714,0.4913846850395202,0.2162299156188964,0.6641340255737305,0.394766092300415,0.4360297620296478,0.389350414276123,0.7599529027938843,0.6022188067436218,0.3440410196781158,0.5673992037773132,0.7810012698173523,0.81086665391922,0.3010244965553283,0.7555413842201233,0.6490111947059631,0.8515920042991638,0.4682607054710388,0.844558835029602,0.0,0.0,0.0,0.0,0.0,0.0,0.0,0.0,0.5476780533790588,0.3913191258907318
0.551001250743866,0.2019547969102859,0.575682520866394,0.1772636920213699,0.5263755917549133,0.1792420297861099,0.6101378798484802,0.2111001759767532,0.4954104721546173,0.2173045426607132,0.6688586473464966,0.3919349014759063,0.4399468004703522,0.3886492252349853,0.7688552141189575,0.5955995917320251,0.3459754884243011,0.5649383664131165,0.778934121131897,0.7979691624641418,0.314058244228363,0.7764458656311035,0.6512386202812195,0.862121045589447,0.468565434217453,0.8476021885871887,0.0,0.0,0.0,0.0,0.0,0.0,0.0,0.0,0.5510410070419312,0.3906871378421783
0.5566142201423645,0.2038288861513137,0.5809035301208496,0.1789339780807495,0.531572699546814,0.1806679219007492,0.6152296662330627,0.2138669937849044,0.499912828207016,0.2185148447751999,0.6710065007209778,0.3972421586513519,0.4424152076244354,0.3970099985599518,0.7529959678649902,0.6132754683494568,0.3585031628608703,0.5950002074241638,0.7757071852684021,0.8154093027114868,0.324177086353302,0.7956818342208862,0.6500018239021301,0.8691912889480591,0.4752842783927917,0.8654372096061707,0.0,0.0,0.0,0.0,0.0,0.0,0.0,0.0,0.5545991659164429,0.3989183902740478
0.557972252368927,0.2037331312894821,0.5823209881782532,0.1781685203313827,0.5326038002967834,0.1809228956699371,0.6164554357528687,0.2126488387584686,0.5010051727294922,0.2197915613651275,0.6716719269752502,0.3980100154876709,0.4443705081939697,0.3957719504833221,0.7196044921875,0.6162685751914978,0.3866502642631531,0.6149062514305115,0.7323054671287537,0.8290651440620422,0.362352192401886,0.8297243118286133,0.6261615753173828,0.8661074042320251,0.4633916020393371,0.8519795536994934,0.0,0.0,0.0,0.0,0.0,0.0,0.0,0.0,0.555596649646759,0.3971090018749237
0.5573000311851501,0.2017061710357666,0.5825158357620239,0.1758234500885009,0.5324550271034241,0.1784782856702804,0.6169413328170776,0.2107549011707306,0.5008654594421387,0.2176573127508163,0.6716911196708679,0.3987320363521576,0.4437269270420074,0.3958290219306946,0.7130221128463745,0.6186372637748718,0.3897410929203033,0.6219581961631775,0.7227045297622681,0.8174465298652649,0.3728871345520019,0.8356367945671082,0.6312969923019409,0.8812233209609985,0.4699280560016632,0.8667159676551819,0.0,0.0,0.0,0.0,0.0,0.0,0.0,0.0,0.5557070970535278,0.3975850939750671
0.5596095323562622,0.1971665173768997,0.5848554968833923,0.17238350212574,0.5339147448539734,0.1754747927188873,0.6193391680717468,0.2091429233551025,0.5020279288291931,0.2151533216238021,0.6742488145828247,0.399381548166275,0.4462831318378448,0.3924722969532013,0.7103328108787537,0.6178237795829773,0.3903765082359314,0.619283139705658,0.7284299731254578,0.8188619017601013,0.3727295994758606,0.8330098986625671,0.6325837969779968,0.8812222480773926,0.467911958694458,0.8670471906661987,0.0,0.0,0.0,0.0,0.0,0.0,0.0,0.0,0.557545006275177,0.3964256346225738
0.5662518739700317,0.1962189525365829,0.5906168222427368,0.172651007771492,0.5412581562995911,0.1751335859298706,0.6227841377258301,0.2105228453874588,0.5084748864173889,0.2198692709207534,0.6798813939094543,0.40076944231987,0.4513726830482483,0.3967962265014648,0.7301056981086731,0.6220241189002991,0.3867678940296173,0.6120969653129578,0.7551604509353638,0.8308175206184387,0.3445951342582702,0.8337404131889343,0.6401007771492004,0.8680809736251831,0.4670658707618713,0.8655335307121277,0.0,0.0,0.0,0.0,0.0,0.0,0.0,0.0,0.5639439225196838,0.3987573087215423
0.5714457631111145,0.1457738876342773,0.5971760749816895,0.117953173816204,0.5435377359390259,0.1217198446393013,0.6325082778930664,0.1542638391256332,0.5075787901878357,0.1631619930267334,0.6943179965019226,0.3612959086894989,0.4493608474731445,0.3649793565273285,0.7539563179016113,0.6105504631996155,0.377256840467453,0.6171960234642029,0.7798609137535095,0.8471225500106812,0.3363306224346161,0.8460676074028015,0.6663506627082825,0.8824414610862732,0.4779899418354034,0.8819318413734436,0.0,0.0,0.0,0.0,0.0,0.0,0.0,0.0,0.5733050107955933,0.3606172502040863
0.6224681735038757,0.128490462899208,0.6495137810707092,0.0982786417007446,0.5949015617370605,0.1030566021800041,0.6877194046974182,0.1354933083057403,0.5594022870063782,0.1519855707883834,0.7458478808403015,0.3431796133518219,0.5040211081504822,0.3499128520488739,0.8164492845535278,0.591581404209137,0.4190466105937958,0.604054868221283,0.8516789674758911,0.848220944404602,0.3769931197166443,0.8293440937995911,0.720058262348175,0.8847420811653137,0.5291555523872375,0.8833770155906677,0.0,0.0,0.0,0.0,0.0,0.0,0.0,0.0,0.6259725689888,0.3457879722118377
0.6618204712867737,0.1165240034461021,0.6907321214675903,0.090187482535839,0.6335768103599548,0.0960851982235908,0.7281064391136169,0.1328862607479095,0.5991758108139038,0.1520551443099975,0.7913287281990051,0.352019339799881,0.5348591208457947,0.3452282845973968,0.8587358593940735,0.6144737601280212,0.4553664028644562,0.5969740152359009,0.8915963768959045,0.848766028881073,0.4065844714641571,0.8152047991752625,0.7352277636528015,0.8878189921379089,0.5425354242324829,0.8664003610610962,0.0,0.0,0.0,0.0,0.0,0.0,0.0,0.0,0.6599506735801697,0.347074806690216
0.7264183759689331,0.1159984543919563,0.7585262656211853,0.0899466648697853,0.7017837762832642,0.0893125087022781,0.795952320098877,0.1388293206691742,0.6640141606330872,0.1331819146871566,0.850049614906311,0.368535965681076,0.5843225717544556,0.3369486629962921,0.925973892211914,0.6327114701271057,0.492931991815567,0.5860663056373596,0.9273999333381652,0.916506290435791,0.4428228735923767,0.8056206107139587,0.7637042999267578,0.903080940246582,0.5754386782646179,0.8810737729072571,0.0,0.0,0.0,0.0,0.0,0.0,0.0,0.0,0.7154378294944763,0.3529257774353027
0.7616510391235352,0.113889954984188,0.793470025062561,0.0871044918894767,0.7355637550354004,0.0839393213391304,0.8280169367790222,0.1418917328119278,0.6934839487075806,0.1291833966970443,0.8653610944747925,0.3730293810367584,0.6013767123222351,0.3270778357982635,0.9301002621650696,0.6508285403251648,0.504947304725647,0.5703415274620056,0.9312567710876464,0.9256992936134338,0.4509223401546478,0.7932415008544922,0.7664976119995117,0.9063743352890016,0.5774970650672913,0.8798540830612183,0.0,0.0,0.0,0.0,0.0,0.0,0.0,0.0,0.7315556406974792,0.3512084782123565
0.7790476083755493,0.1133787184953689,0.812435507774353,0.0886260643601417,0.7533882260322571,0.0799646228551864,0.8421161770820618,0.1461806446313858,0.7057219743728638,0.1218826249241828,0.8678045272827148,0.3807431161403656,0.6067628860473633,0.3197101950645447,0.9308115839958192,0.6477050185203552,0.5043410062789917,0.569790244102478,0.9305299520492554,0.925337255001068,0.4507430493831634,0.7916227579116821,0.7718039155006409,0.915665090084076,0.5812874436378479,0.8831130862236023,0.0,0.0,0.0,0.0,0.0,0.0,0.0,0.0,0.7367553114891052,0.3506745994091034
0.7707021832466125,0.1118036732077598,0.8020161986351013,0.0881053060293197,0.7438095808029175,0.0802613645792007,0.8289194107055664,0.1471946537494659,0.6956218481063843,0.1223473697900772,0.8574161529541016,0.3786861598491668,0.5991601943969727,0.318082332611084,0.918681502342224,0.6507917642593384,0.4945688247680664,0.564809262752533,0.9293278455734252,0.9224289655685424,0.4429624676704407,0.7978372573852539,0.7711296081542969,0.9204567074775696,0.5812894105911255,0.8885377645492554,0.0,0.0,0.0,0.0,0.0,0.0,0.0,0.0,0.7269309759140015,0.3470092117786407
0.7486563324928284,0.1114616394042968,0.7780812978744507,0.0873583927750587,0.7199235558509827,0.0834290608763694,0.8053451776504517,0.1400575935840606,0.6716136932373047,0.1269908845424652,0.8364290595054626,0.3709421157836914,0.581242024898529,0.3189042508602142,0.8994848132133484,0.6351994872093201,0.475100576877594,0.5768958926200867,0.9169136881828308,0.916175901889801,0.4275085926055908,0.8101582527160645,0.7630833983421326,0.9193342924118042,0.5672638416290283,0.8988975286483765,0.0,0.0,0.0,0.0,0.0,0.0,0.0,0.0,0.7077721953392029,0.3452913761138916
0.7089391946792603,0.1087689474225044,0.7379161715507507,0.0863692015409469,0.6809810400009155,0.0817736461758613,0.7647255659103394,0.1331707090139389,0.6314674019813538,0.1256667226552963,0.8007553219795227,0.3616437613964081,0.5452463626861572,0.3205766081809997,0.8482921719551086,0.6281192898750305,0.4492445588111877,0.566727340221405,0.8831604719161987,0.8854964971542358,0.4020126163959503,0.8110503554344177,0.7250775098800659,0.9035292863845824,0.5328517556190491,0.8701453804969788,0.0,0.0,0.0,0.0,0.0,0.0,0.0,0.0,0.6733207106590271,0.3385309278964996
0.6431931853294373,0.1055874451994896,0.671313464641571,0.0770443752408027,0.6141989827156067,0.0780809670686721,0.7044190168380737,0.1151109486818313,0.5694553852081299,0.1238827034831047,0.7578927874565125,0.3348930776119232,0.49947190284729,0.3276846408843994,0.8057337403297424,0.5909178853034973,0.4044780731201172,0.5908465385437012,0.825161874294281,0.8448904156684875,0.3659244179725647,0.8308765292167664,0.7127661108970642,0.8841306567192078,0.5141652822494507,0.8836268186569214,0.0,0.0,0.0,0.0,0.0,0.0,0.0,0.0,0.6304697394371033,0.3320077359676361
0.5908857583999634,0.1134527325630188,0.6151866316795349,0.0823274478316307,0.5617759227752686,0.0905886963009834,0.6522175073623657,0.1139956340193748,0.523469090461731,0.1374701857566833,0.7148954272270203,0.3432145118713379,0.4588089883327484,0.3462352454662323,0.7715468406677246,0.6017709970474243,0.3765684962272644,0.6165261268615723,0.8014516830444336,0.8688769340515137,0.3410748541355133,0.8610400557518005,0.7007166743278503,0.8844168782234192,0.5044354796409607,0.8827083706855774,0.0,0.0,0.0,0.0,0.0,0.0,0.0,0.0,0.5876466631889343,0.3446442782878876
0.5538766384124756,0.1355775743722915,0.5786713361740112,0.1025461703538894,0.5223623514175415,0.1126141101121902,0.6181085705757141,0.1393365710973739,0.4874010980129242,0.1658130139112472,0.6890506744384766,0.3458020687103271,0.438505619764328,0.3705285489559173,0.7644800543785095,0.5958848595619202,0.3755106925964355,0.6221650242805481,0.801886260509491,0.8193038105964661,0.3378527760505676,0.8621585965156555,0.6758610010147095,0.8691921234130859,0.4899235665798187,0.8798255324363708,0.0,0.0,0.0,0.0,0.0,0.0,0.0,0.0,0.5643184781074524,0.3564359843730926
0.5691803097724915,0.1460573375225067,0.5938646197319031,0.1141533702611923,0.5416340231895447,0.1219518259167671,0.6309977769851685,0.14492829144001,0.5095135569572449,0.1607116907835006,0.7034465074539185,0.3510325849056244,0.461724042892456,0.3731384873390198,0.7779399156570435,0.5941711068153381,0.3967955708503723,0.6203595399856567,0.8165518045425415,0.845302939414978,0.3630194067955017,0.8636268377304077,0.6924992799758911,0.8813945651054382,0.506079375743866,0.8712218999862671,0.0,0.0,0.0,0.0,0.0,0.0,0.0,0.0,0.582419753074646,0.3611090183258056
0.6004635095596313,0.1577795594930648,0.6232113838195801,0.1253683269023895,0.5726576447486877,0.132774144411087,0.6635140180587769,0.1550120115280151,0.5434104204177856,0.1759909689426422,0.7301983833312988,0.3561427295207977,0.4987258613109588,0.3732216656208038,0.801056981086731,0.5969143509864807,0.4322583079338074,0.6165348291397095,0.8376765251159668,0.8504845499992371,0.3917956352233886,0.842711865901947,0.7108401656150818,0.882773220539093,0.5319241285324097,0.8805244565010071,0.0,0.0,0.0,0.0,0.0,0.0,0.0,0.0,0.6153619885444641,0.3652307987213135
0.6604902148246765,0.1773097366094589,0.683700680732727,0.1511998027563095,0.6339996457099915,0.1551236808300018,0.716884434223175,0.1838747262954712,0.5997265577316284,0.1977673321962356,0.7740439176559448,0.3864364326000213,0.5392537117004395,0.3812630772590637,0.8308011889457703,0.630843460559845,0.469768613576889,0.6186702847480774,0.8562358617782593,0.8628560900688171,0.4334017336368561,0.8299673795700073,0.7330854535102844,0.8700605630874634,0.5611227750778198,0.8672388792037964,0.0,0.0,0.0,0.0,0.0,0.0,0.0,0.0,0.6552479863166809,0.3831339180469513
0.6841724514961243,0.1870911866426468,0.7090237736701965,0.1589624434709549,0.6568648219108582,0.1633469313383102,0.7417510747909546,0.1933159679174423,0.6199408173561096,0.200680986046791,0.7897249460220337,0.4005193412303924,0.5586039423942566,0.3799610435962677,0.8345288634300232,0.6383877396583557,0.4821295738220215,0.5988885760307312,0.8549289107322693,0.8736647367477417,0.4418708682060241,0.8082510232925415,0.734474778175354,0.8829588890075684,0.565987229347229,0.8641285300254822,0.0,0.0,0.0,0.0,0.0,0.0,0.0,0.0,0.671735405921936,0.3883019983768463
0.6944498419761658,0.1950491815805435,0.7201538681983948,0.1709170639514923,0.6701434850692749,0.1688446700572967,0.7509101033210754,0.2067046165466308,0.6323773264884949,0.2020227760076522,0.787249743938446,0.402488499879837,0.5638781785964966,0.3787764608860016,0.8294248580932617,0.6335753202438354,0.482166439294815,0.5952795147895813,0.854591429233551,0.8684197664260864,0.4363453090190887,0.8006120324134827,0.7249472737312317,0.870913028717041,0.5640471577644348,0.8511520028114319,0.0,0.0,0.0,0.0,0.0,0.0,0.0,0.0,0.6742997169494629,0.3894263207912445
0.6788758039474487,0.1986972987651825,0.7026293873786926,0.1746276319026947,0.652450680732727,0.1737694591283798,0.7356554865837097,0.2116296291351318,0.6141588091850281,0.214006021618843,0.7756408452987671,0.4044016003608703,0.5503962635993958,0.3827671408653259,0.8181003928184509,0.6197534203529358,0.4724700152873993,0.5985293388366699,0.8468438386917114,0.8493281602859497,0.4249232113361358,0.7941702604293823,0.7180887460708618,0.8674293160438538,0.5583959817886353,0.8628937602043152,0.0,0.0,0.0,0.0,0.0,0.0,0.0,0.0,0.6629742383956909,0.3920835554599762
0.6458792090415955,0.1950604170560836,0.6706797480583191,0.1727185547351837,0.6215162873268127,0.1727261245250702,0.7005462050437927,0.2104230672121048,0.5883706212043762,0.2170290499925613,0.7480320334434509,0.399616926908493,0.5241139531135559,0.3865305781364441,0.7934221625328064,0.6147225499153137,0.450502872467041,0.5940887331962585,0.8195157647132874,0.8450007438659668,0.4050944149494171,0.7961276173591614,0.6998119950294495,0.8482398390769958,0.5419363379478455,0.833027720451355,0.0,0.0,0.0,0.0,0.0,0.0,0.0,0.0,0.6337780356407166,0.3917089104652405
0.6118648648262024,0.1971027553081512,0.6345155835151672,0.1719065010547638,0.588405430316925,0.1746832132339477,0.6667202711105347,0.2082041352987289,0.5588089823722839,0.2193255871534347,0.7140689492225647,0.3952626287937164,0.5040509700775146,0.3868644535541534,0.7686179876327515,0.6089101433753967,0.4306249916553497,0.5995557904243469,0.7943295240402222,0.8215923309326172,0.3895788192749023,0.7950083613395691,0.6743300557136536,0.8607092499732971,0.5164359211921692,0.8460798859596252,0.0,0.0,0.0,0.0,0.0,0.0,0.0,0.0,0.6071951985359192,0.390363872051239
0.5727630257606506,0.2006957083940506,0.5966151356697083,0.1772132664918899,0.5501894354820251,0.180666834115982,0.6294134855270386,0.2118415832519531,0.5208883285522461,0.2231591045856475,0.684887707233429,0.3942454159259796,0.4680254161357879,0.3965271115303039,0.7383090853691101,0.6093448400497437,0.4002273082733154,0.614478588104248,0.7609496116638184,0.8021301031112671,0.3714279532432556,0.8144160509109497,0.6521481275558472,0.8473259806632996,0.4930223822593689,0.8468173742294312,0.0,0.0,0.0,0.0,0.0,0.0,0.0,0.0,0.5762146711349487,0.3947175145149231
0.5515722632408142,0.2074033915996551,0.5752121806144714,0.182914525270462,0.5276826620101929,0.1861982345581054,0.610196590423584,0.2154278606176376,0.4978068172931671,0.2243266403675079,0.6647375822067261,0.397053450345993,0.4423550069332123,0.4024474322795868,0.7155500650405884,0.6041761040687561,0.383782297372818,0.6158468127250671,0.7456740736961365,0.7813069224357605,0.3551777005195617,0.8258119225502014,0.6331430673599243,0.8449702858924866,0.4710874557495117,0.8466010093688965,0.0,0.0,0.0,0.0,0.0,0.0,0.0,0.0,0.5504430532455444,0.400364339351654
0.5369961261749268,0.2132371217012405,0.5559888482093811,0.1905343979597091,0.5127999186515808,0.1906856149435043,0.5814276337623596,0.2228366285562515,0.4775104820728302,0.2291140705347061,0.6389867663383484,0.3978064358234405,0.4264144003391266,0.4045648276805877,0.6908286809921265,0.6039738655090332,0.3685890138149261,0.6199487447738647,0.7264392971992493,0.7970024943351746,0.3365974426269531,0.8352345824241638,0.6197093725204468,0.8340340256690979,0.4581493735313415,0.8464027047157288,0.0,0.0,0.0,0.0,0.0,0.0,0.0,0.0,0.5306054353713989,0.4021110832691192
0.5232797861099243,0.2213413268327713,0.5423477292060852,0.1976516097784042,0.497293472290039,0.1995791941881179,0.5670387148857117,0.2263243496417999,0.4635101854801178,0.2396458387374878,0.628176212310791,0.3996566236019134,0.4175297617912292,0.4097530245780945,0.6847630143165588,0.6000529527664185,0.3625464737415313,0.6175123453140259,0.7132161855697632,0.7932575941085815,0.3346726298332214,0.8267005085945129,0.6112735867500305,0.8325098156929016,0.4528099596500397,0.8347187638282776,0.0,0.0,0.0,0.0,0.0,0.0,0.0,0.0,0.520848274230957,0.4058025181293487
0.5162137746810913,0.2240677922964096,0.5362396836280823,0.2008815556764602,0.4920747578144073,0.2028097659349441,0.5618046522140503,0.2302853912115097,0.4599630236625671,0.2410662472248077,0.6261478066444397,0.4007646143436432,0.4159819483757019,0.4133110642433166,0.6815619468688965,0.6095728278160095,0.3624961376190185,0.6185907125473022,0.712918221950531,0.794594407081604,0.3382011950016022,0.8324887156486511,0.6124297976493835,0.8411997556686401,0.4541058242321014,0.8341343998908997,0.0,0.0,0.0,0.0,0.0,0.0,0.0,0.0,0.5184190273284912,0.4076261818408966
0.53459233045578,0.2258529514074325,0.5524049997329712,0.2020113915205001,0.5104892253875732,0.2056800872087478,0.5789799690246582,0.2309374809265136,0.4771780967712402,0.2489200383424759,0.6398348212242126,0.40281742811203,0.4327280521392822,0.4177111685276031,0.6980296969413757,0.6106010675430298,0.3771757483482361,0.6272698044776917,0.7273038029670715,0.796082079410553,0.3559453785419464,0.833315908908844,0.618852436542511,0.8433343768119812,0.4609429240226745,0.8347783088684082,0.0,0.0,0.0,0.0,0.0,0.0,0.0,0.0,0.5338743329048157,0.4120381474494934
0.5554682612419128,0.2264128178358078,0.5777184367179871,0.2009415477514267,0.53260737657547,0.2035810649394989,0.6098334193229675,0.2257574796676635,0.50331050157547,0.2357314825057983,0.6684112548828125,0.3980612456798553,0.4547741115093231,0.4143877327442169,0.7216716408729553,0.603210985660553,0.3990404307842254,0.6211633086204529,0.7456241846084595,0.7956423163414001,0.3737373650074005,0.8194074034690857,0.6396183371543884,0.8464657068252563,0.4867660105228424,0.8446642160415649,0.0,0.0,0.0,0.0,0.0,0.0,0.0,0.0,0.5613393783569336,0.4074540734291076
0.5793223977088928,0.2258309125900268,0.6016903519630432,0.2010478079319,0.5577977895736694,0.204570323228836,0.633921205997467,0.2341540157794952,0.5283714532852173,0.239932432770729,0.6882590651512146,0.4046409130096435,0.4786910116672516,0.4127833247184753,0.7412839531898499,0.6091193556785583,0.4256022274494171,0.620918869972229,0.7600221633911133,0.7970954775810242,0.3902405202388763,0.8147898316383362,0.6623674035072327,0.8462548851966858,0.5074957013130188,0.8329030275344849,0.0,0.0,0.0,0.0,0.0,0.0,0.0,0.0,0.5850715041160583,0.4088320434093475
0.6120009422302246,0.231718823313713,0.6330887675285339,0.2064700573682785,0.5909919142723083,0.2082161456346511,0.6645479202270508,0.2355667203664779,0.5631650686264038,0.2401793450117111,0.7142672538757324,0.4139780402183532,0.5114824771881104,0.4134113490581512,0.7647127509117126,0.6215931177139282,0.4504021108150482,0.618809163570404,0.7869869470596313,0.8492922186851501,0.4153572022914886,0.8062351942062378,0.6729270219802856,0.8616341352462769,0.5256381630897522,0.8324375152587891,0.0,0.0,0.0,0.0,0.0,0.0,0.0,0.0,0.6115875840187073,0.4141481518745422
0.6352936029434204,0.2391273975372314,0.6582594513893127,0.2147061079740524,0.6125791668891907,0.213412806391716,0.6884075403213501,0.2449312657117843,0.5821706652641296,0.2448470890522003,0.7337169647216797,0.4249603748321533,0.5251161456108093,0.4141752123832702,0.7782248258590698,0.6196759939193726,0.4635603725910187,0.6110488772392273,0.7995427250862122,0.8304405212402344,0.4267560839653015,0.7966495156288147,0.6772118806838989,0.8449752926826477,0.5349989533424377,0.8302496671676636,0.0,0.0,0.0,0.0,0.0,0.0,0.0,0.0,0.6275469660758972,0.4190481007099151
0.6450821757316589,0.2384905666112899,0.669558048248291,0.2149944752454757,0.623184859752655,0.2128407955169677,0.6991630792617798,0.2466226816177368,0.5904746055603027,0.244849607348442,0.7429868578910828,0.4264795482158661,0.5314862132072449,0.4137766659259796,0.7890392541885376,0.6263936758041382,0.46608567237854,0.613542377948761,0.8039889335632324,0.8323454260826111,0.424452394247055,0.7928295135498047,0.6865351796150208,0.8490167260169983,0.5447015166282654,0.8344874978065491,0.0,0.0,0.0,0.0,0.0,0.0,0.0,0.0,0.6367754936218262,0.4201110303401947
0.641543984413147,0.2329511642456054,0.6665107607841492,0.2096637338399887,0.6189870834350586,0.206324428319931,0.6952342391014099,0.2423115968704223,0.5854610800743103,0.2387937754392624,0.7383909821510315,0.4246678650379181,0.525901734828949,0.4125082790851593,0.7841405868530273,0.6220269799232483,0.4582372009754181,0.6061392426490784,0.8041698336601257,0.8481561541557312,0.4069804847240448,0.7929149270057678,0.6852179169654846,0.8490554094314575,0.5422040224075317,0.8354247808456421,0.0,0.0,0.0,0.0,0.0,0.0,0.0,0.0,0.6313157081604004,0.4190051555633545
0.6228088140487671,0.2264215052127838,0.6460652947425842,0.202592134475708,0.6010347604751587,0.2002453655004501,0.6740111112594604,0.2352452129125595,0.5696324706077576,0.2322468757629394,0.7202673554420471,0.4145290851593017,0.5125356316566467,0.4086390435695648,0.7712317705154419,0.6149290204048157,0.4433460235595703,0.6042213439941406,0.80298912525177,0.8328155279159546,0.3901597559452057,0.7931010127067566,0.6723844408988953,0.8495802283287048,0.5293425917625427,0.8333683609962463,0.0,0.0,0.0,0.0,0.0,0.0,0.0,0.0,0.6159601807594299,0.4120658040046692
0.6004586219787598,0.2155243158340454,0.6218727827072144,0.1907283514738083,0.5785651803016663,0.1923588365316391,0.6511306762695312,0.2243013679981231,0.5492660403251648,0.2267569452524185,0.700113832950592,0.4054797291755676,0.4924423098564148,0.4025987684726715,0.7563351392745972,0.6121745705604553,0.4198521673679352,0.611786961555481,0.7914924025535583,0.816182017326355,0.3708389103412628,0.8114452958106995,0.6668104529380798,0.8649653196334839,0.5095728039741516,0.847553551197052,0.0,0.0,0.0,0.0,0.0,0.0,0.0,0.0,0.5969521403312683,0.4040615558624267
0.557410478591919,0.2022631168365478,0.5819286704063416,0.1774795800447464,0.5338496565818787,0.1804275959730148,0.6170614361763,0.2111285030841827,0.5043219327926636,0.2185676991939544,0.6729452013969421,0.3997414708137512,0.4475557804107666,0.3964817225933075,0.7261931300163269,0.6182379126548767,0.3825063407421112,0.6164074540138245,0.7505527138710022,0.8168891072273254,0.34847292304039,0.8298067450523376,0.6329795122146606,0.8520493507385254,0.4624675214290619,0.8489955067634583,0.0,0.0,0.0,0.0,0.0,0.0,0.0,0.0,0.5581619143486023,0.3976406753063202
0.5371094346046448,0.1946676969528198,0.5592184662818909,0.1732208579778671,0.5126762986183167,0.1718830615282058,0.5918335318565369,0.2100077420473098,0.4780642092227936,0.2141232043504715,0.6464179754257202,0.3913102447986603,0.4251473248004913,0.3941309750080108,0.6985346078872681,0.6101903319358826,0.3658953309059143,0.6135784983634949,0.7228678464889526,0.7941078543663025,0.3401516377925873,0.8317561745643616,0.6179220080375671,0.8478593826293945,0.4453117549419403,0.8498769998550415,0.0,0.0,0.0,0.0,0.0,0.0,0.0,0.0,0.5317913293838501,0.3922602832317352
0.5128295421600342,0.2014927417039871,0.5356005430221558,0.1758229285478592,0.4872548282146454,0.177832692861557,0.5665852427482605,0.2107453346252441,0.4553475975990295,0.2189531028270721,0.6257041096687317,0.3899942934513092,0.4027125537395477,0.3963333666324615,0.6858773827552795,0.5969064831733704,0.3481318950653076,0.6128392815589905,0.7118093371391296,0.7929339408874512,0.323403924703598,0.833318829536438,0.6132339835166931,0.848354697227478,0.4385178685188293,0.849246084690094,0.0,0.0,0.0,0.0,0.0,0.0,0.0,0.0,0.512234091758728,0.3915307819843292
0.5100799798965454,0.2018404006958007,0.5326036214828491,0.1767563968896865,0.4841667711734772,0.1784696877002716,0.5622112154960632,0.2113882303237915,0.4510613977909088,0.2189987450838089,0.6251069903373718,0.3887609541416168,0.4016187489032745,0.3974206149578094,0.6876610517501831,0.5959664583206177,0.3433630168437958,0.61269611120224,0.7148739099502563,0.7920710444450378,0.3177458345890045,0.8291984796524048,0.6147254109382629,0.8455103039741516,0.4406471252441406,0.8496135473251343,0.0,0.0,0.0,0.0,0.0,0.0,0.0,0.0,0.5115119218826294,0.391203224658966
0.5186906456947327,0.1977353394031524,0.5407875776290894,0.1722555309534073,0.4915526807308197,0.1744166314601898,0.5754953026771545,0.2076090723276138,0.4603404998779297,0.2186348587274551,0.6385012269020081,0.3899659216403961,0.4085802435874939,0.3990113437175751,0.6956008672714233,0.5986822247505188,0.3522510528564453,0.6155571937561035,0.7281427979469299,0.7948428988456726,0.3184248805046081,0.8357738852500916,0.6218787431716919,0.8500139117240906,0.4476027190685272,0.8618346452713013,0.0,0.0,0.0,0.0,0.0,0.0,0.0,0.0,0.5225943326950073,0.3950478732585907
0.5640767812728882,0.1871794015169143,0.589333176612854,0.1618322432041168,0.5399995446205139,0.1647460758686065,0.6222413182258606,0.198929876089096,0.5080069899559021,0.2052815705537796,0.6819563508033752,0.3863487839698791,0.4500576555728912,0.3910903930664062,0.7350829243659973,0.6044194102287292,0.3818786442279815,0.6162669062614441,0.763952910900116,0.7987009286880493,0.336957037448883,0.8170281052589417,0.6562865376472473,0.8502645492553711,0.4791345000267029,0.8489960432052612,0.0,0.0,0.0,0.0,0.0,0.0,0.0,0.0,0.5631753206253052,0.3879037201404571
0.6046371459960938,0.1852014511823654,0.6269852519035339,0.157610073685646,0.5784627199172974,0.162952110171318,0.6580625772476196,0.1923222243785858,0.5465298891067505,0.2042558044195175,0.7049277424812317,0.3811154067516327,0.4912645518779754,0.378758817911148,0.7629912495613098,0.6036103963851929,0.4131954610347748,0.6024789214134216,0.79550701379776,0.8466778993606567,0.3717301785945892,0.8131853342056274,0.6734808087348938,0.8613871932029724,0.5145792365074158,0.8467642664909363,0.0,0.0,0.0,0.0,0.0,0.0,0.0,0.0,0.5987252593040466,0.3802222907543182
0.6310925483703613,0.1873882561922073,0.6562849879264832,0.1593839824199676,0.6053873896598816,0.1609569638967514,0.6883754730224609,0.1937736719846725,0.5724931359291077,0.2026093453168869,0.7353704571723938,0.3906502425670624,0.5114223957061768,0.38143190741539,0.7865497469902039,0.6116463541984558,0.4405198693275451,0.598817765712738,0.8102278709411621,0.8334622383117676,0.3946065306663513,0.8072057366371155,0.6905243992805481,0.8623899221420288,0.5265185236930847,0.8475216031074524,0.0,0.0,0.0,0.0,0.0,0.0,0.0,0.0,0.621464729309082,0.3861658573150635
0.6459868550300598,0.1817043274641037,0.6717255711555481,0.157123178243637,0.6214490532875061,0.1558804959058761,0.7009094953536987,0.1924168318510055,0.5871211886405945,0.1941277086734771,0.7530434727668762,0.3901137411594391,0.5207746624946594,0.3795540034770965,0.7983642816543579,0.6269108653068542,0.4509639739990234,0.6039867997169495,0.8089140057563782,0.843230128288269,0.4111973345279693,0.8119508624076843,0.6983975768089294,0.8680757284164429,0.5291708111763,0.8523780107498169,0.0,0.0,0.0,0.0,0.0,0.0,0.0,0.0,0.6348132491111755,0.3858524858951568
0.6376226544380188,0.1819678246974945,0.6647423505783081,0.1552086323499679,0.6121404767036438,0.1539429128170013,0.6945466995239258,0.1909261792898178,0.5777514576911926,0.1924019306898117,0.7433558702468872,0.3877923190593719,0.5145898461341858,0.3734143078327179,0.7889390587806702,0.6166462302207947,0.444509357213974,0.5962690711021423,0.7978886365890503,0.8524249196052551,0.402274340391159,0.8091020584106445,0.6896319389343262,0.8696771860122681,0.5156968832015991,0.8628631234169006,0.0,0.0,0.0,0.0,0.0,0.0,0.0,0.0,0.6277814507484436,0.3813193440437317
0.6168084740638733,0.174948364496231,0.6411831974983215,0.1493536084890365,0.5928944945335388,0.1500075310468673,0.6718140840530396,0.1875213086605072,0.5577656030654907,0.1905182898044586,0.7186708450317383,0.3823345303535461,0.4958441853523254,0.3697310090065002,0.769419252872467,0.6054879426956177,0.4259421229362488,0.6078178286552429,0.7880821228027344,0.8466055989265442,0.3876711726188659,0.8103232979774475,0.6745274662971497,0.8627801537513733,0.5098718404769897,0.8467833399772644,0.0,0.0,0.0,0.0,0.0,0.0,0.0,0.0,0.6080281138420105,0.3763018250465393
0.5888311266899109,0.1738961637020111,0.6130194664001465,0.1492167562246322,0.564576268196106,0.1511130034923553,0.6449836492538452,0.1854029148817062,0.5301633477210999,0.1901619732379913,0.6945152282714844,0.3800753653049469,0.4710591733455658,0.3736682534217834,0.7557665705680847,0.6101252436637878,0.4021634757518768,0.6139031052589417,0.7760295867919922,0.8463538289070129,0.3767719864845276,0.8304794430732727,0.668411910533905,0.8644441366195679,0.5046703219413757,0.8502835035324097,0.0,0.0,0.0,0.0,0.0,0.0,0.0,0.0,0.5830194354057312,0.3759234249591827
0.5648070573806763,0.181157186627388,0.590114951133728,0.1528515070676803,0.5394709706306458,0.1553536355495453,0.6232958436012268,0.1883479356765747,0.5055814981460571,0.1934905797243118,0.6770672798156738,0.3775639533996582,0.4479353427886963,0.3823970258235931,0.7346965670585632,0.6092401742935181,0.3881842792034149,0.6263381838798523,0.7549765706062317,0.8145087957382202,0.3681327700614929,0.843083918094635,0.6539929509162903,0.8625208139419556,0.4889378845691681,0.8528558611869812,0.0,0.0,0.0,0.0,0.0,0.0,0.0,0.0,0.5607298016548157,0.3785708546638489
0.5547479391098022,0.1864699423313141,0.5804420709609985,0.1612235009670257,0.5290247201919556,0.1626041680574417,0.6148567795753479,0.2020746916532516,0.4964246451854706,0.2056929320096969,0.670535683631897,0.3854210972785949,0.4415344893932342,0.3891274333000183,0.7273025512695312,0.6111754179000854,0.3854643404483795,0.6218942403793335,0.7445191740989685,0.8098360300064087,0.3648598790168762,0.8452849388122559,0.6407855153083801,0.8519687652587891,0.4768491685390472,0.8524487614631653,0.0,0.0,0.0,0.0,0.0,0.0,0.0,0.0,0.553102433681488,0.3882732689380646
0.5607969164848328,0.1851973384618759,0.5866881012916565,0.1584764719009399,0.5367395281791687,0.1607256084680557,0.6210697293281555,0.1959463208913803,0.5050551295280457,0.199894443154335,0.6764220595359802,0.3853263258934021,0.4461443722248077,0.3868274092674255,0.7324047684669495,0.612769603729248,0.387927770614624,0.621180534362793,0.7483157515525818,0.845445454120636,0.3652791082859039,0.8456867933273315,0.6454161405563354,0.8645106554031372,0.4753558039665222,0.8624746203422546,0.0,0.0,0.0,0.0,0.0,0.0,0.0,0.0,0.5596532225608826,0.3859378695487976
0.5695996284484863,0.1833625882863998,0.5942445993423462,0.1579255610704422,0.5452660322189331,0.1599525958299636,0.6270696520805359,0.1973311007022857,0.512927234172821,0.2023465186357498,0.6834515333175659,0.3827748596668243,0.4559555053710937,0.3865143954753876,0.7377309799194336,0.6046455502510071,0.3941224217414856,0.6199377179145813,0.7549592852592468,0.8470742106437683,0.369263082742691,0.8374252319335938,0.6481844186782837,0.8655480742454529,0.4836065769195556,0.8517877459526062,0.0,0.0,0.0,0.0,0.0,0.0,0.0,0.0,0.5682972073554993,0.3829357028007507
0.5777177214622498,0.1816217750310897,0.6031030416488647,0.156385987997055,0.5547271370887756,0.1590534448623657,0.6358283162117004,0.1945338696241378,0.5237465500831604,0.2019147127866745,0.6897211074829102,0.3859986960887909,0.4680963158607483,0.3828815817832947,0.7492851614952087,0.6049283742904663,0.4046774804592132,0.6094514727592468,0.7653668522834778,0.8455950021743774,0.3783071935176849,0.8262196779251099,0.6524204015731812,0.8653019666671753,0.4917133152484894,0.8501263856887817,0.0,0.0,0.0,0.0,0.0,0.0,0.0,0.0,0.5786914229393005,0.3834650218486786
0.5860508680343628,0.1828257739543914,0.611450731754303,0.155646875500679,0.562588095664978,0.1597769409418106,0.6458328366279602,0.1903709471225738,0.5329059958457947,0.1999976187944412,0.697858452796936,0.3832142949104309,0.4740867614746094,0.3769052624702453,0.7569063305854797,0.609819233417511,0.4110331237316131,0.6018429398536682,0.7730326652526855,0.8523135781288147,0.3839600384235382,0.8162316083908081,0.6572592854499817,0.8682920336723328,0.4942430853843689,0.852458655834198,0.0,0.0,0.0,0.0,0.0,0.0,0.0,0.0,0.5869006514549255,0.3796695172786712
0.5957747101783752,0.1817824989557266,0.6193692088127136,0.1542312800884246,0.5699493885040283,0.159927487373352,0.6538807153701782,0.1909164190292358,0.5405927896499634,0.2022221535444259,0.7034708857536316,0.3890896737575531,0.4810771942138672,0.3749092221260071,0.7597394585609436,0.6066175699234009,0.4137812554836273,0.6016197800636292,0.77644282579422,0.8620467185974121,0.3842003643512726,0.8088998198509216,0.6577735543251038,0.8686694502830505,0.4957285225391388,0.8511747717857361,0.0,0.0,0.0,0.0,0.0,0.0,0.0,0.0,0.5936121940612793,0.3830761909484863
0.6017084121704102,0.1793345957994461,0.625528872013092,0.1532121002674102,0.5756862759590149,0.1564917266368866,0.6579409241676331,0.1913933306932449,0.5441934466362,0.1988292932510376,0.7043675184249878,0.3828848302364349,0.4838780462741852,0.3710248172283172,0.7623308300971985,0.6056960225105286,0.4151129722595215,0.5979785323143005,0.7781820297241211,0.8689082264900208,0.3847130835056305,0.8104997873306274,0.6616901159286499,0.8805361390113831,0.4963706433773041,0.8532811999320984,0.0,0.0,0.0,0.0,0.0,0.0,0.0,0.0,0.5959870219230652,0.3776108622550964
0.6001205444335938,0.1787754595279693,0.6239549517631531,0.1525559276342392,0.5737949013710022,0.1551461964845657,0.6568750143051147,0.1906644105911255,0.5422022938728333,0.1957024037837982,0.7030593156814575,0.3817839920520782,0.4816784560680389,0.3709776103496551,0.7621027827262878,0.612441897392273,0.4164115786552429,0.5952564477920532,0.7763575315475464,0.8680115342140198,0.386737585067749,0.8143224120140076,0.6635965704917908,0.8796952962875366,0.4952807128429413,0.8622600436210632,0.0,0.0,0.0,0.0,0.0,0.0,0.0,0.0,0.5947757363319397,0.376686155796051
0.5985196232795715,0.1778323203325271,0.6227455735206604,0.1520637422800064,0.5721412301063538,0.154573917388916,0.6564392447471619,0.1896403282880783,0.5410453081130981,0.1944367438554763,0.7032780051231384,0.3818226456642151,0.4806964993476867,0.3699274659156799,0.761201798915863,0.6149423718452454,0.4140807092189789,0.602746844291687,0.7734376788139343,0.8724578619003296,0.3860457241535187,0.8298148512840271,0.6628128886222839,0.8813675045967102,0.4952712059020996,0.8644698858261108,0.0,0.0,0.0,0.0,0.0,0.0,0.0,0.0,0.5940820574760437,0.3757179379463196
0.5958424806594849,0.1760449260473251,0.620036780834198,0.1509021073579788,0.5690080523490906,0.154344230890274,0.6534124612808228,0.1894316524267196,0.5383425951004028,0.1976586878299713,0.7024595141410828,0.3825353682041168,0.4799080193042755,0.3708647191524505,0.7593598961830139,0.6113502383232117,0.4126856625080108,0.6072138547897339,0.7701846957206726,0.8648577332496643,0.3887131214141845,0.8320767283439636,0.6643885970115662,0.8781737685203552,0.4980864822864532,0.8626696467399597,0.0,0.0,0.0,0.0,0.0,0.0,0.0,0.0,0.5929298996925354,0.3765675127506256
0.592798113822937,0.175507977604866,0.6154430508613586,0.1485785096883773,0.5658372044563293,0.1538816839456558,0.648307740688324,0.1835875660181045,0.5343485474586487,0.1960385888814926,0.700502336025238,0.3803531229496002,0.4759339690208435,0.3740492463111877,0.7582017183303833,0.6147521138191223,0.4135999381542206,0.6036890745162964,0.763940691947937,0.8514350056648254,0.402454137802124,0.8281227350234985,0.66828453540802,0.8801383972167969,0.5091047883033752,0.8626765608787537,0.0,0.0,0.0,0.0,0.0,0.0,0.0,0.0,0.5890774726867676,0.3766273856163025
0.5994712710380554,0.1752078235149383,0.6210507154464722,0.147292211651802,0.5717120170593262,0.1530574560165405,0.6542192101478577,0.1821944564580917,0.5413128137588501,0.195849135518074,0.7072362303733826,0.3776732087135315,0.4853847920894623,0.3677634298801422,0.7638527750968933,0.6139071583747864,0.427053302526474,0.601647675037384,0.7616497874259949,0.8645264506340027,0.414551705121994,0.8120443224906921,0.6712408065795898,0.8797202706336975,0.5128639340400696,0.8626785278320312,0.0,0.0,0.0,0.0,0.0,0.0,0.0,0.0,0.5976113080978394,0.3718883693218231
0.6093558073043823,0.1747793108224868,0.6326519846916199,0.1479314863681793,0.5837884545326233,0.1506781876087188,0.6655087471008301,0.1847048997879028,0.5511903166770935,0.193566545844078,0.7224636077880859,0.384767472743988,0.4931703507900238,0.3700401186943054,0.7735336422920227,0.6169865727424622,0.4348516762256622,0.6019503474235535,0.7667531967163086,0.8649434447288513,0.4214126765727997,0.828281044960022,0.6748751401901245,0.8816938400268555,0.512714684009552,0.8638132810592651,0.0,0.0,0.0,0.0,0.0,0.0,0.0,0.0,0.6077762246131897,0.3778068423271179
0.6111577153205872,0.1772963106632232,0.6355639100074768,0.1517243087291717,0.586326539516449,0.1538033634424209,0.6690005660057068,0.1901642084121704,0.5550547242164612,0.1960422247648239,0.7204987406730652,0.3841484189033508,0.4942865073680877,0.3706619143486023,0.772598922252655,0.61402428150177,0.4349303543567657,0.6004106402397156,0.768009603023529,0.8562186360359192,0.4171890914440155,0.813010573387146,0.6726340651512146,0.8708268404006958,0.5119274258613586,0.8621960282325745,0.0,0.0,0.0,0.0,0.0,0.0,0.0,0.0,0.6072961688041687,0.3775985836982727
0.5957549214363098,0.1760270893573761,0.6194743514060974,0.1510708332061767,0.569562554359436,0.1544991582632064,0.6527376770973206,0.1893683969974517,0.5394442677497864,0.1976537257432937,0.7028947472572327,0.3792065680027008,0.4793805778026581,0.3699434101581573,0.7567461729049683,0.6110972166061401,0.4194628894329071,0.6011889576911926,0.7613442540168762,0.8509172797203064,0.406509131193161,0.8303812742233276,0.6702851057052612,0.88018798828125,0.5110194087028503,0.863889217376709,0.0,0.0,0.0,0.0,0.0,0.0,0.0,0.0,0.592131495475769,0.3734947144985199
0.5859294533729553,0.1724359095096588,0.6085506081581116,0.1474541574716568,0.5612216591835022,0.1515676230192184,0.638884425163269,0.184226393699646,0.5279574990272522,0.1943723857402801,0.6965933442115784,0.38137286901474,0.4683513939380646,0.3753485381603241,0.7526465058326721,0.6097709536552429,0.408940702676773,0.6141117215156555,0.7561973929405212,0.8464733362197876,0.4034038186073303,0.8325682282447815,0.6662918925285339,0.8683314919471741,0.509219229221344,0.8632041215896606,0.0,0.0,0.0,0.0,0.0,0.0,0.0,0.0,0.5808701515197754,0.3780247569084167
0.5847204327583313,0.1745824664831161,0.6075944304466248,0.149501770734787,0.5602489709854126,0.1541411876678466,0.6389654874801636,0.1843006461858749,0.5277495980262756,0.1975410431623459,0.698472797870636,0.3790743052959442,0.4676014482975006,0.3758768439292907,0.7550983428955078,0.6110386848449707,0.4098276495933532,0.6127578616142273,0.7531238198280334,0.837189257144928,0.4068147838115692,0.8265751004219055,0.6653587222099304,0.8666634559631348,0.5098735094070435,0.8525582551956177,0.0,0.0,0.0,0.0,0.0,0.0,0.0,0.0,0.5819538831710815,0.3772364556789398
0.5881434679031372,0.1751316636800766,0.6112290024757385,0.1488045156002044,0.5633291602134705,0.153899535536766,0.6433138251304626,0.182830810546875,0.5314862728118896,0.1953104883432388,0.7002664804458618,0.3785066902637481,0.4732736051082611,0.3703097999095917,0.7549033164978027,0.6096580624580383,0.4149560928344726,0.5982216596603394,0.7574555277824402,0.8368721604347229,0.4073191583156585,0.8160367608070374,0.6639924645423889,0.869493842124939,0.5083343386650085,0.8632750511169434,0.0,0.0,0.0,0.0,0.0,0.0,0.0,0.0,0.5868892073631287,0.3734205067157745
0.5985291600227356,0.1778108030557632,0.6216875314712524,0.1522683203220367,0.5720990300178528,0.1557797342538833,0.6542680859565735,0.1897908747196197,0.5407941937446594,0.198136568069458,0.7040956616401672,0.3739069402217865,0.478077620267868,0.3605387508869171,0.7570762038230896,0.6126100420951843,0.418735533952713,0.5818514227867126,0.7578134536743164,0.8630483746528625,0.4113098680973053,0.8096857070922852,0.6670159697532654,0.8692456483840942,0.5089931488037109,0.8620313405990601,0.0,0.0,0.0,0.0,0.0,0.0,0.0,0.0,0.5916699171066284,0.3673020899295807
0.5976311564445496,0.1786480993032455,0.6207041144371033,0.1532662957906723,0.5712897181510925,0.1570981591939926,0.6531936526298523,0.1907350867986679,0.5403789281845093,0.1995839029550552,0.7033916711807251,0.3726768493652344,0.4786303341388702,0.3611984252929687,0.757266104221344,0.612709105014801,0.418740838766098,0.5835499167442322,0.7573177218437195,0.8514652252197266,0.4122983813285827,0.8096112012863159,0.6687568426132202,0.8692665100097656,0.5115088224411011,0.862640380859375,0.0,0.0,0.0,0.0,0.0,0.0,0.0,0.0,0.5912962555885315,0.3670423924922943
0.5951908230781555,0.1792432367801666,0.6177236437797546,0.1531652063131332,0.5689538717269897,0.1586078554391861,0.6511603593826294,0.1881406158208847,0.5393765568733215,0.2010698318481445,0.7040465474128723,0.3783502280712127,0.478415310382843,0.3647541999816894,0.7549053430557251,0.6141953468322754,0.4198766052722931,0.5847474336624146,0.7567467093467712,0.8502033948898315,0.4119836688041687,0.8107569813728333,0.6679793000221252,0.869993269443512,0.5108830332756042,0.8638394474983215,0.0,0.0,0.0,0.0,0.0,0.0,0.0,0.0,0.591528594493866,0.3711532950401306
0.5916818976402283,0.1765261590480804,0.6143627166748047,0.1514396667480468,0.5661022663116455,0.1561420708894729,0.6473718881607056,0.1888740509748459,0.5366036891937256,0.2016516029834747,0.6991100311279297,0.3863248825073242,0.4773454070091247,0.3763482570648193,0.7560287117958069,0.6154810786247253,0.4114314615726471,0.6060689687728882,0.76313716173172,0.8526921272277832,0.0,0.0,0.6672109365463257,0.8803814649581909,0.5075052380561829,0.8628984689712524,0.0,0.0,0.0,0.0,0.0,0.0,0.0,0.0,0.5886861681938171,0.3811810910701751
0.5760473012924194,0.1763778775930404,0.6007828712463379,0.1519562900066375,0.5513600707054138,0.1538725644350052,0.6329436302185059,0.1904400289058685,0.5161653161048889,0.1957470327615738,0.6912676692008972,0.3794877827167511,0.4633581042289734,0.3844355940818786,0.758234977722168,0.5960555672645569,0.3905772864818573,0.6092997193336487,0.8072577714920044,0.8150083422660828,0.3410652577877044,0.817280650138855,0.6676045060157776,0.8621500134468079,0.5081421136856079,0.851528525352478,0.0,0.0,0.0,0.0,0.0,0.0,0.0,0.0,0.5771251320838928,0.3807986378669739
0.6287489533424377,0.1797582358121872,0.6508030891418457,0.1504078358411789,0.6011682748794556,0.1556103527545929,0.6835940480232239,0.1841417998075485,0.5691313147544861,0.2016605138778686,0.7418518662452698,0.3720832467079162,0.516939103603363,0.3793381154537201,0.7991763353347778,0.5922804474830627,0.4378897547721863,0.6014449000358582,0.8457989692687988,0.8163389563560486,0.3793694376945495,0.8012666702270508,0.6948085427284241,0.8506659865379333,0.5343304872512817,0.8444611430168152,0.0,0.0,0.0,0.0,0.0,0.0,0.0,0.0,0.6291225552558899,0.3742043673992157
0.5450410842895508,0.3123349547386169,0.5605561137199402,0.3027102351188659,0.5294316411018372,0.3021173477172851,0.5746951103210449,0.3089961409568786,0.5166034698486328,0.3075328469276428,0.6209774017333984,0.3725823163986206,0.4676269888877868,0.3717416524887085,0.6413030028343201,0.44407719373703,0.4357864260673523,0.4462489485740661,0.6436436772346497,0.5139697194099426,0.4171556830406189,0.511915922164917,0.566068708896637,0.5255938172340393,0.4811665415763855,0.522078812122345,0.5405304431915283,0.6362583041191101,0.4771432280540466,0.6337156295776367,0.5103715658187866,0.7261450886726379,0.466974675655365,0.7274214029312134,0.5443021953105927,0.3721619844436645
0.5450410842895508,0.3123349547386169,0.5605561137199402,0.3027102351188659,0.5294316411018372,0.3021173477172851,0.5746951103210449,0.3089961409568786,0.5166034698486328,0.3075328469276428,0.6209774017333984,0.3725823163986206,0.4676269888877868,0.3717416524887085,0.6413030028343201,0.44407719373703,0.4357864260673523,0.4462489485740661,0.6436436772346497,0.5139697194099426,0.4171556830406189,0.511915922164917,0.566068708896637,0.5255938172340393,0.4811665415763855,0.522078812122345,0.5405304431915283,0.6362583041191101,0.4771432280540466,0.6337156295776367,0.5103715658187866,0.7261450886726379,0.466974675655365,0.7274214029312134,0.5443021953105927,0.3721619844436645
0.5528082251548767,0.2227748334407806,0.572242259979248,0.2112776935100555,0.5288910269737244,0.209057867527008,0.5887565612792969,0.2216125130653381,0.5076565742492676,0.2195120453834533,0.6504393815994263,0.3163443505764007,0.4364629685878753,0.3177583813667297,0.6813610792160034,0.4205445945262909,0.392936110496521,0.4236697256565094,0.6808534860610962,0.5164097547531128,0.3781453669071197,0.5188652276992798,0.5944973826408386,0.5353620052337646,0.4706819951534271,0.5342195630073547,0.5717174410820007,0.6893017888069153,0.4769775867462158,0.6873836517333984,0.5495560169219971,0.8174961805343628,0.4802772998809814,0.8146497011184692,0.5434511750936508,0.3170513659715652
0.5485738515853882,0.2211582362651825,0.5687581300735474,0.2102707475423813,0.524778425693512,0.208333358168602,0.585305392742157,0.2199234962463379,0.5046535134315491,0.2182885706424713,0.6471413373947144,0.3145657777786255,0.4364381432533264,0.314752459526062,0.6736383438110352,0.4175805747509002,0.3909677267074585,0.421303391456604,0.6714663505554199,0.5162970423698425,0.369005799293518,0.5149113535881042,0.5875169634819031,0.5329956412315369,0.4641044735908508,0.5308382511138916,0.5631310939788818,0.6870192289352417,0.4676643311977386,0.6838430762290955,0.5408475995063782,0.8149086236953735,0.4724065661430359,0.8142176866531372,0.5417897403240204,0.3146591186523437
0.5393165349960327,0.2178804576396942,0.5610430836677551,0.2067537009716034,0.5166753530502319,0.2046597599983215,0.5774118304252625,0.2166058421134948,0.4973475337028503,0.2146828472614288,0.6390320062637329,0.3095127046108246,0.4309936463832855,0.3105378746986389,0.6704272031784058,0.4114672541618347,0.3823787569999695,0.4153232872486114,0.6661166548728943,0.5116164684295654,0.363748162984848,0.5143272280693054,0.5800480246543884,0.5268365740776062,0.4549930691719055,0.5233142375946045,0.5573058128356934,0.6808000206947327,0.4615829586982727,0.6756613850593567,0.5295326113700867,0.8105824589729309,0.4636966586112976,0.8060263395309448,0.5350128263235092,0.3100252896547317
0.5313625335693359,0.2129082381725311,0.552444338798523,0.2021897137165069,0.5077642798423767,0.199235051870346,0.5687283873558044,0.2128018736839294,0.4881875514984131,0.2097730040550232,0.6301508545875549,0.3087387681007385,0.418688952922821,0.3087896704673767,0.6580327749252319,0.41411092877388,0.3742944002151489,0.4138577580451965,0.6551969647407532,0.510357141494751,0.3558101952075958,0.5084972977638245,0.5701492428779602,0.5261020064353943,0.4463372826576233,0.5238505601882935,0.5443853735923767,0.6818691492080688,0.4500866532325744,0.6765972971916199,0.5215776562690735,0.8077184557914734,0.4524843096733093,0.8054431080818176,0.524419903755188,0.3087642192840576
0.5305580496788025,0.2092646658420562,0.5499301552772522,0.1973881125450134,0.5067350268363953,0.1956881880760193,0.5665263533592224,0.2072708308696746,0.486358106136322,0.2057856917381286,0.629815399646759,0.3050104975700378,0.4169461131095886,0.3045485615730285,0.6555865406990051,0.4099798202514648,0.3729662299156189,0.4097572863101959,0.6566452980041504,0.5067685842514038,0.3568726181983948,0.5078657865524292,0.5685904622077942,0.5206674933433533,0.4441520571708679,0.5183680057525635,0.5417512655258179,0.6756624579429626,0.4446879923343658,0.6741237640380859,0.5175773501396179,0.8007773756980896,0.4474665522575378,0.799799382686615,0.5233807563781738,0.3047795295715332
0.5315560102462769,0.2087225914001464,0.5525947213172913,0.1970202326774597,0.5094122290611267,0.1950804144144058,0.5701203346252441,0.2073974609375,0.4906183779239654,0.2053235620260238,0.6335453987121582,0.3048103749752044,0.4196968674659729,0.3037048876285553,0.6614344120025635,0.4096419513225555,0.3779083490371704,0.4084403216838836,0.6627593040466309,0.5060738325119019,0.3573775291442871,0.5040905475616455,0.5725993514060974,0.5200372934341431,0.4470718502998352,0.5168968439102173,0.5440587997436523,0.6769154071807861,0.4499402046203613,0.6745736598968506,0.5186949372291565,0.8006764650344849,0.454407125711441,0.7993394136428833,0.5266211330890656,0.3042576313018799
0.5342445373535156,0.2072583138942718,0.5551554560661316,0.1955314576625824,0.5109740495681763,0.193643718957901,0.571071207523346,0.2043963372707367,0.4914921820163727,0.2029673159122467,0.6342005729675293,0.2998887896537781,0.4216309487819671,0.3009306192398071,0.6611565351486206,0.40398770570755,0.3788792490959167,0.4061555564403534,0.6597933769226074,0.5027084350585938,0.3577455580234527,0.500688374042511,0.5719675421714783,0.5174758434295654,0.4466110169887543,0.51474529504776,0.5474032163619995,0.6721977591514587,0.4511048197746277,0.6694135069847107,0.5237617492675781,0.7978274822235107,0.4577249586582184,0.7935370206832886,0.5279157608747482,0.3004097044467926
0.5362555980682373,0.2015592157840728,0.5563641786575317,0.1893752515316009,0.5132575035095215,0.1878046095371246,0.5740819573402405,0.1994094252586364,0.4928500056266784,0.197914570569992,0.6396290063858032,0.2954356372356415,0.4275141358375549,0.2959974706172943,0.6663339138031006,0.3992858529090881,0.3798229098320007,0.4010475575923919,0.663672924041748,0.4990614056587219,0.3610905110836029,0.4992573857307434,0.5788819193840027,0.514037549495697,0.4522075057029724,0.5112444758415222,0.5510412454605103,0.6683708429336548,0.4558691382408142,0.6656482219696045,0.5268067717552185,0.7943687438964844,0.4613441824913025,0.7916521430015564,0.5335715711116791,0.2957165539264679
0.5347951054573059,0.1977687180042266,0.5560913681983948,0.1863353848457336,0.5115014314651489,0.1854538321495056,0.5742128491401672,0.1955792903900146,0.4918416142463684,0.1947861313819885,0.6363539099693298,0.2893205881118774,0.4285251498222351,0.2915456891059875,0.6696065068244934,0.3895508944988251,0.3797094821929931,0.3936255276203155,0.6677060127258301,0.4891069829463959,0.3640372157096863,0.4932285249233246,0.5767828822135925,0.5076823234558105,0.4526594281196594,0.5057389736175537,0.5529632568359375,0.6601143479347229,0.4561072885990143,0.6581873297691345,0.5322877168655396,0.7928476333618164,0.4602351188659668,0.7858091592788696,0.5324395298957825,0.2904331386089325
0.5252388715744019,0.200440227985382,0.5460186004638672,0.1882416605949401,0.501850426197052,0.187354564666748,0.5646438598632812,0.1972044557332992,0.481998860836029,0.1965777575969696,0.6282939910888672,0.29191854596138,0.4171609878540039,0.2916207313537597,0.6561174392700195,0.3969812095165252,0.3703376054763794,0.3967672288417816,0.656298041343689,0.4948047995567322,0.3514905273914337,0.493735134601593,0.567954957485199,0.5095914006233215,0.4422103762626648,0.5067979097366333,0.5419514179229736,0.6649649739265442,0.4448686242103576,0.6621829271316528,0.5188937187194824,0.7918641567230225,0.4544392228126526,0.7886044979095459,0.5227274894714355,0.2917696386575699
0.5167291760444641,0.1971887946128845,0.5379374623298645,0.1853614151477813,0.4932363629341125,0.1836614310741424,0.5561572313308716,0.1946853995323181,0.4734819531440735,0.1925905048847198,0.6189707517623901,0.2887913882732391,0.4062318205833435,0.2898176312446594,0.6472353935241699,0.3933714628219604,0.3644236922264099,0.3966369032859802,0.6478062868118286,0.4923267364501953,0.3437657058238983,0.4901613593101501,0.5592063665390015,0.5054712891578674,0.4333849847316742,0.502848207950592,0.5315224528312683,0.6626170873641968,0.4364255964756012,0.6605466604232788,0.5069870352745056,0.7875299453735352,0.4393861889839172,0.7875534892082214,0.5126012861728668,0.2893045097589493
0.517541766166687,0.2013165652751922,0.5369837284088135,0.1894751191139221,0.4937038421630859,0.1883072853088379,0.554619550704956,0.1993401050567627,0.4734777808189392,0.1982962787151336,0.6194242835044861,0.2952214777469635,0.4070384502410888,0.2933772802352905,0.6472268104553223,0.3987808227539062,0.3633953928947449,0.3997213542461395,0.6471315026283264,0.4968090951442718,0.343184232711792,0.4971222877502441,0.5596576929092407,0.5097695589065552,0.4348122179508209,0.507440984249115,0.5331470966339111,0.6671375632286072,0.4372538626194,0.6654094457626343,0.5085156559944153,0.7923929691314697,0.4406211972236633,0.7902980446815491,0.5132313668727875,0.294299378991127
0.5116531848907471,0.210259348154068,0.5325676202774048,0.1986225247383117,0.4888796806335449,0.1975142061710357,0.5499059557914734,0.2074370682239532,0.4696976542472839,0.2065795063972473,0.6134575605392456,0.3021509945392608,0.4037702083587646,0.3021664917469024,0.642796516418457,0.404299259185791,0.3553284406661987,0.4059196710586548,0.6438241004943848,0.5028170347213745,0.336651086807251,0.5044688582420349,0.5522195100784302,0.5204185843467712,0.4313324987888336,0.5181925892829895,0.5254998803138733,0.6758133769035339,0.4338569641113281,0.6733834743499756,0.5074452757835388,0.80110764503479,0.4360007345676422,0.8006350994110107,0.5086138844490051,0.3021587431430816
0.512800931930542,0.2042138576507568,0.5330467224121094,0.1922599673271179,0.4882636964321136,0.1916038691997528,0.5500673055648804,0.2013934254646301,0.4670465588569641,0.2011246383190155,0.6115798354148865,0.2958031296730041,0.4039288461208343,0.2980202734470367,0.6418064832687378,0.3969436287879944,0.3583175837993622,0.4020900726318359,0.6419309377670288,0.4977273046970367,0.3383330702781677,0.4985855221748352,0.5525407195091248,0.5134192109107971,0.4315858781337738,0.5107318162918091,0.5274951457977295,0.6681012511253357,0.4342828691005707,0.6644010543823242,0.5032408237457275,0.7958593368530273,0.4358993470668793,0.791237473487854,0.5077543407678604,0.2969117015600204
0.5297111868858337,0.205052375793457,0.5482344627380371,0.1931449770927429,0.5049006342887878,0.1913923323154449,0.5641006827354431,0.2029162794351577,0.4839631021022796,0.2016578614711761,0.6265387535095215,0.2969724535942077,0.4168049693107605,0.2966823577880859,0.6544545292854309,0.4000963568687439,0.3719643354415893,0.4014495015144348,0.6507212519645691,0.4988785982131958,0.3517628908157348,0.4990960955619812,0.5648000836372375,0.5130767822265625,0.4406612515449524,0.5098825693130493,0.5380478501319885,0.6685171127319336,0.4430782794952392,0.6656180620193481,0.5117892026901245,0.794284999370575,0.4494760632514953,0.788346529006958,0.521671861410141,0.2968274056911468
0.5310312509536743,0.2074153125286102,0.5499567985534668,0.1954942643642425,0.5069805383682251,0.1935722529888153,0.5658838748931885,0.2044106870889663,0.4861779808998108,0.2032727599143982,0.6299861669540405,0.3008109331130981,0.4189806580543518,0.2989266216754913,0.6541338562965393,0.4056452810764313,0.3693112730979919,0.4023206830024719,0.6531164646148682,0.5030239224433899,0.3520824611186981,0.5002277493476868,0.5658853054046631,0.5168078541755676,0.44088014960289,0.5128694772720337,0.5361359119415283,0.6701793670654297,0.4428916871547699,0.6657745242118835,0.5106834769248962,0.796787679195404,0.4461168348789215,0.7948235273361206,0.5244834125041962,0.2998687773942947
0.5293903350830078,0.2070274353027343,0.5489531755447388,0.1955209076404571,0.506023108959198,0.1928806006908416,0.5663158893585205,0.2042617797851562,0.4854916036128998,0.2017535269260406,0.6284202337265015,0.2996436357498169,0.418896734714508,0.2974830269813537,0.6533297896385193,0.4024861752986908,0.3685520887374878,0.4023639261722564,0.6484057307243347,0.5023565888404846,0.3502295017242431,0.4990664720535278,0.5636155009269714,0.5177241563796997,0.4407074451446533,0.5145010948181152,0.5341031551361084,0.6694310903549194,0.4404764771461487,0.665594756603241,0.5067033767700195,0.7971616387367249,0.4430375695228576,0.7950384616851807,0.5236584842205048,0.2985633313655853
0.5370690822601318,0.2043420970439911,0.5550052523612976,0.1925588250160217,0.5125598311424255,0.1908137500286102,0.571629524230957,0.2028287053108215,0.4908465445041656,0.2012594789266586,0.6355936527252197,0.2989088892936706,0.4235219359397888,0.2978327870368957,0.661579966545105,0.4030195474624634,0.3749753832817077,0.4015337824821472,0.6575692892074585,0.5009599924087524,0.3552758395671844,0.4976024031639099,0.5701391696929932,0.5159677267074585,0.4448606371879577,0.5120863914489746,0.5402640104293823,0.6696256399154663,0.4447909295558929,0.6640833020210266,0.5156971216201782,0.7951832413673401,0.4503471255302429,0.7906831502914429,0.5295577943325043,0.2983708381652832
0.5342980623245239,0.2011160552501678,0.5540259480476379,0.1893427073955536,0.5106985569000244,0.1879224777221679,0.570519208908081,0.1982240974903106,0.4899166524410248,0.1969727128744125,0.6353409290313721,0.2935077846050262,0.4236344397068023,0.2915283739566803,0.6624815464019775,0.3963090777397156,0.3783958554267883,0.3978665471076965,0.6617990732192993,0.4965519607067108,0.3596708476543426,0.4967129528522491,0.5735623240470886,0.5093212723731995,0.4481565952301025,0.505829930305481,0.5437129735946655,0.6647369265556335,0.4491053521633148,0.6616870164871216,0.5191361904144287,0.7915810346603394,0.4545064568519592,0.7884458899497986,0.5294876843690872,0.2925180792808532
0.5336389541625977,0.204770803451538,0.5527753829956055,0.1928638517856598,0.509198784828186,0.1910818219184875,0.568693220615387,0.2020947337150573,0.4888474345207214,0.2009031176567077,0.6313503980636597,0.2966857552528381,0.4206384718418121,0.2972699105739593,0.65958571434021,0.4002730250358581,0.3749989867210388,0.4049369692802429,0.6588406562805176,0.4980623126029968,0.3542959094047546,0.4969280958175659,0.5718104839324951,0.5125856399536133,0.4461283087730407,0.5101416707038879,0.5434567928314209,0.6672894954681396,0.4478451609611511,0.6635735630989075,0.5231657028198242,0.7938671112060547,0.4542230665683746,0.790339469909668,0.5259944349527359,0.2969778329133987
0.5318025946617126,0.2006129622459411,0.5520445704460144,0.1885158717632293,0.5095926523208618,0.1872729361057281,0.5696861147880554,0.197984829545021,0.4898852705955505,0.1973139345645904,0.6344491243362427,0.2933519184589386,0.4219607412815094,0.293952465057373,0.660214900970459,0.398442268371582,0.3770482242107391,0.4017279744148254,0.6605755686759949,0.4963328242301941,0.3558979034423828,0.4942304193973541,0.5736087560653687,0.5104869604110718,0.4474569261074066,0.5083357691764832,0.5477403402328491,0.6666077375411987,0.4534664750099182,0.6632320284843445,0.5262290239334106,0.7930226922035217,0.4610338807106018,0.7899003624916077,0.528204932808876,0.2936521917581558
0.5415893197059631,0.1847161948680877,0.5623827576637268,0.1725945472717285,0.518206775188446,0.1709882915019989,0.5808911323547363,0.1824158728122711,0.4969288408756256,0.1806987822055816,0.6430732011795044,0.2771043181419372,0.4308081269264221,0.2760968208312988,0.6698632836341858,0.3809964060783386,0.3876147270202636,0.3831100165843963,0.6717900037765503,0.4793533086776733,0.3682072162628174,0.4778209328651428,0.5834042429924011,0.4926498830318451,0.457423597574234,0.4894657135009765,0.5591999888420105,0.6485128402709961,0.4658450484275818,0.6464108228683472,0.539279043674469,0.7739074230194092,0.4730106294155121,0.7739126682281494,0.5369406640529633,0.276600569486618
0.5148398280143738,0.147080659866333,0.5341236591339111,0.1345761120319366,0.4912711083889007,0.1338930130004882,0.5511690378189087,0.1430792510509491,0.4728924334049225,0.1437371671199798,0.620507538318634,0.2374012768268585,0.4071316719055176,0.2453025430440902,0.655099630355835,0.3400376141071319,0.3730922639369964,0.3528237640857696,0.6602505445480347,0.4370306134223938,0.359138548374176,0.4472820162773132,0.5750980973243713,0.4539644122123718,0.4514501094818115,0.4548132717609405,0.5585780739784241,0.608526885509491,0.4660525918006897,0.6081327795982361,0.5490634441375732,0.7346519231796265,0.4775639176368713,0.7364755272865295,0.5138196051120758,0.2413519099354744
0.5193668007850647,0.2234062552452087,0.5419137477874756,0.2117814719676971,0.4989387392997741,0.210364282131195,0.5606943964958191,0.2218365371227264,0.481019914150238,0.2198234498500824,0.6247406005859375,0.3179437518119812,0.4148813188076019,0.315562903881073,0.6466827988624573,0.4221288561820984,0.3663467764854431,0.4208570420742035,0.6465902924537659,0.5170798301696777,0.3469114601612091,0.5157063007354736,0.5610547065734863,0.530391275882721,0.4384897351264953,0.5282614231109619,0.5344587564468384,0.6839248538017273,0.4426587224006653,0.6821165084838867,0.5201401710510254,0.8092470169067383,0.4452546238899231,0.8097831606864929,0.5198109596967697,0.3167533278465271
0.5178259611129761,0.2767224013805389,0.5354806780815125,0.2664667963981628,0.4985318779945373,0.2649506628513336,0.5511269569396973,0.2749336957931518,0.4802679121494293,0.2737067937850952,0.6040961742401123,0.3568970859050751,0.4229779839515686,0.3564135730266571,0.6328338980674744,0.4443405866622925,0.3774863481521606,0.4453923404216766,0.6258280873298645,0.533057451248169,0.3583892583847046,0.5318934917449951,0.5489484071731567,0.546428918838501,0.4396678805351257,0.5435311198234558,0.5222229361534119,0.6809111833572388,0.4410542845726013,0.677562952041626,0.4975431561470032,0.7943086624145508,0.4388336539268493,0.7885898947715759,0.5135370790958405,0.3566553294658661
0.5105370283126831,0.2601608633995056,0.5285221934318542,0.2494246065616607,0.4899355769157409,0.248279720544815,0.5432099103927612,0.2583998739719391,0.4731456637382507,0.2572751939296722,0.5999044179916382,0.3405196070671081,0.4153556227684021,0.3451841473579407,0.632621705532074,0.4290047883987427,0.3806686401367187,0.4378810524940491,0.6329774856567383,0.5144132971763611,0.3666028380393982,0.5224693417549133,0.5562180280685425,0.5300953388214111,0.4458180069923401,0.529900312423706,0.535849392414093,0.6652595400810242,0.454666793346405,0.6644965410232544,0.5225725769996643,0.77693772315979,0.4672489762306213,0.7755889892578125,0.5076300203800201,0.3428518772125244
0.528435230255127,0.3009741902351379,0.5438284277915955,0.2928892374038696,0.5102177262306213,0.2907556295394897,0.5560324788093567,0.2991240322589874,0.4946500658988952,0.2981442511081695,0.6046915054321289,0.3720965683460235,0.4446330964565277,0.3724908828735351,0.6318778395652771,0.4486320614814758,0.4075687527656555,0.4513846635818481,0.6294902563095093,0.5245521664619446,0.3936164379119873,0.5271578431129456,0.5626793503761292,0.5374022722244263,0.4666109681129455,0.5368284583091736,0.5450600981712341,0.6552873253822327,0.4731958508491516,0.6530025005340576,0.5269636511802673,0.7542280554771423,0.475607305765152,0.7540484666824341,0.5246623009443283,0.3722937256097793
0.4709307551383972,0.304764449596405,0.4829440712928772,0.2942250967025757,0.4498932957649231,0.2938769161701202,0.4937630593776703,0.2998580932617187,0.4299240708351135,0.3003550469875335,0.547285795211792,0.3779928982257843,0.3743863105773926,0.3792886734008789,0.5807558298110962,0.4600434601306915,0.3413736522197723,0.4693562388420105,0.5993552803993225,0.5399594902992249,0.3298375010490417,0.5520374178886414,0.5138749480247498,0.5622518062591553,0.4097829461097717,0.5622650980949402,0.4953160285949707,0.6919885873794556,0.4239512383937835,0.6915299296379089,0.4887906908988952,0.8001068234443665,0.4256401658058166,0.8082587122917175,0.4608360528945923,0.3786407858133316
0.532717227935791,0.2331942617893219,0.5433619618415833,0.2228425145149231,0.5106128454208374,0.2240913212299347,0.5548520684242249,0.2296688556671142,0.4920088648796081,0.2330282330513,0.6209743618965149,0.3082500696182251,0.4459869265556335,0.3188473880290985,0.6638762354850769,0.3870730400085449,0.4231183528900146,0.4123722910881042,0.6904506683349609,0.4685063660144806,0.418708860874176,0.4954587817192077,0.6021384000778198,0.4968317151069641,0.5002859234809875,0.5008506774902344,0.5948050022125244,0.6263704299926758,0.525774359703064,0.627143144607544,0.5919535756111145,0.7336779236793518,0.5352351069450378,0.7386347055435181,0.5334806442260742,0.3135487288236618
0.5517247915267944,0.2651667594909668,0.5649922490119934,0.2549296915531158,0.5302634239196777,0.255858302116394,0.5783514976501465,0.2613139748573303,0.5130302906036377,0.2640204727649688,0.6398861408233643,0.3389462232589721,0.4662182331085205,0.3489885032176971,0.6848779320716858,0.4133231341838836,0.4414575099945068,0.4409787356853485,0.7070159912109375,0.498501718044281,0.4360958635807037,0.5224107503890991,0.6184044480323792,0.5276116132736206,0.5166237950325012,0.5322526097297668,0.6105653643608093,0.6587303876876831,0.5408461093902588,0.6582460403442383,0.6065984964370728,0.766892671585083,0.5470372438430786,0.7680959105491638,0.5530521869659424,0.3439673632383346
0.5343073010444641,0.2974580228328705,0.545490026473999,0.2877165377140045,0.5121778249740601,0.2880204021930694,0.5560964941978455,0.2932941317558288,0.4926977157592773,0.2954437434673309,0.6174694895744324,0.3717053532600403,0.442598432302475,0.3798488974571228,0.6577838659286499,0.451629102230072,0.4169334769248962,0.4720079302787781,0.6824036240577698,0.5314230918884277,0.4105185568332672,0.5549687147140503,0.5938469767570496,0.5599530339241028,0.4920324385166168,0.5636254549026489,0.5802012085914612,0.688279926776886,0.5103576183319092,0.6895734071731567,0.5757103562355042,0.7985674142837524,0.5189464092254639,0.8046401739120483,0.5300339609384537,0.3757771253585815
0.5096823573112488,0.3521399199962616,0.5225088596343994,0.3416675925254822,0.4886074960231781,0.3418500125408172,0.5338124632835388,0.3484443128108978,0.4699860215187073,0.3498116731643677,0.5940220952033997,0.4261389970779419,0.418662965297699,0.4321606755256653,0.632392942905426,0.504977285861969,0.3915894031524658,0.5230880379676819,0.6550185680389404,0.5882469415664673,0.3825460970401764,0.6086564660072327,0.5675487518310547,0.6126131415367126,0.4687400460243225,0.6168617606163025,0.5541946291923523,0.7434291839599609,0.4861964285373688,0.7450249195098877,0.5475887656211853,0.85514235496521,0.4903902113437652,0.8607863187789917,0.5063425302505493,0.4291498363018036
0.543512761592865,0.3500059843063354,0.5560230612754822,0.3397675454616546,0.5226757526397705,0.3404968976974487,0.5662510395050049,0.3459104895591736,0.5029856562614441,0.3487582504749298,0.6244770884513855,0.4244535565376282,0.4506174921989441,0.4313799738883972,0.662342369556427,0.5014883875846863,0.4202991127967834,0.5208750367164612,0.6835078001022339,0.5848433375358582,0.4114444851875305,0.6018256545066833,0.5954983830451965,0.6113871335983276,0.4949754178524017,0.6147943139076233,0.5824203491210938,0.7416533827781677,0.5123900175094604,0.7423825860023499,0.574164867401123,0.8538463115692139,0.5183817744255066,0.8581886291503906,0.5375472903251648,0.4279167652130127
0.51317298412323,0.3335278332233429,0.5255699157714844,0.3229579329490661,0.4919753968715668,0.3235759139060974,0.5379472374916077,0.3292124569416046,0.4731449484825134,0.3313852846622467,0.5968888998031616,0.4081739783287048,0.4231716990470886,0.4135645627975464,0.6345768570899963,0.4870285093784332,0.3940087854862213,0.5046643614768982,0.6566371917724609,0.5701292157173157,0.385299801826477,0.5891658663749695,0.5683348774909973,0.5954535603523254,0.4681978821754455,0.5985038876533508,0.5571209788322449,0.7235259413719177,0.4848859906196594,0.7251584529876709,0.5494749546051025,0.8367066979408264,0.4899076521396637,0.8403074741363525,0.5100302994251251,0.4108692705631256
0.5421350598335266,0.3362582325935364,0.5556139349937439,0.3259874582290649,0.521467924118042,0.3256847560405731,0.5679395198822021,0.3317468464374542,0.5027657151222229,0.3323365449905395,0.6246315836906433,0.4118813872337341,0.4491710066795349,0.4129011332988739,0.6594256162643433,0.4897722899913788,0.4158453941345215,0.5024546384811401,0.6748749613761902,0.5756040215492249,0.4038835167884826,0.5860803723335266,0.5871224403381348,0.5983210802078247,0.4879491925239563,0.5990167260169983,0.5692106485366821,0.7276906371116638,0.4979159235954284,0.7263852953910828,0.556114673614502,0.8386873602867126,0.497073233127594,0.8423248529434204,0.5369012951850891,0.412391260266304
0.5339716076850891,0.3235174119472503,0.5470975041389465,0.3137390911579132,0.5130378007888794,0.3132357001304626,0.5586023926734924,0.3193777501583099,0.4935020804405212,0.3199507892131805,0.6138799786567688,0.3984025120735168,0.4379003643989563,0.401606947183609,0.6475206613540649,0.4823768734931946,0.4058091640472412,0.4928577542304992,0.6659666299819946,0.5627794861793518,0.3928496837615967,0.5776179432868958,0.5769921541213989,0.5852957963943481,0.4759939312934875,0.586281418800354,0.5572636723518372,0.715633749961853,0.4896934628486633,0.7141582369804382,0.5493538975715637,0.8247749209403992,0.4881183505058288,0.8286661505699158,0.5258901715278625,0.4000047296285629
0.5385021567344666,0.3399887382984161,0.5523250699043274,0.329847514629364,0.5179272890090942,0.3296302258968353,0.5648107528686523,0.3354946076869964,0.499389499425888,0.3363754153251648,0.6200889945030212,0.4157928228378296,0.444257915019989,0.4173402786254883,0.6548295617103577,0.4978477358818054,0.4105502963066101,0.5080305933952332,0.6724538803100586,0.5782511830329895,0.3952985405921936,0.5907281041145325,0.5807759165763855,0.6028057336807251,0.4793127179145813,0.6023861169815063,0.5603146553039551,0.7327077388763428,0.4895447194576263,0.7328598499298096,0.5522518157958984,0.841973066329956,0.4948605895042419,0.8458930253982544,0.5321734547615051,0.4165665507316589
0.577236533164978,0.3352033793926239,0.5916526913642883,0.3249071836471557,0.5569426417350769,0.3243429958820343,0.604249119758606,0.3312120735645294,0.5391594171524048,0.3316445648670196,0.6570930480957031,0.4111497104167938,0.4823864102363586,0.4125163853168487,0.692404568195343,0.4917284250259399,0.449251264333725,0.5019046068191528,0.7069348096847534,0.5762984752655029,0.4373152256011963,0.5845304131507874,0.6184520721435547,0.5972689390182495,0.5173324346542358,0.5974393486976624,0.5992987155914307,0.7272292971611023,0.5282683968544006,0.7255336046218872,0.5885961055755615,0.8391491174697876,0.5321018695831299,0.8427200317382812,0.5697397291660309,0.4118330478668213
0.5999324321746826,0.3495332598686218,0.6152217388153076,0.3388461172580719,0.5796456336975098,0.3380164206027984,0.6284995675086975,0.3447032868862152,0.5614127516746521,0.3443031311035156,0.6817411184310913,0.4255608320236206,0.5048446655273438,0.4269019663333893,0.7176329493522644,0.5075111389160156,0.4712498784065246,0.5177594423294067,0.7320572137832642,0.5934931039810181,0.4574920237064361,0.6001399755477905,0.643103301525116,0.6127846240997314,0.5394445061683655,0.6137151718139648,0.6218750476837158,0.7494507431983948,0.5528363585472107,0.7457770705223083,0.611351490020752,0.8607965111732483,0.5512772798538208,0.8628156185150146,0.5932928919792175,0.4262313991785049
0.5803394317626953,0.3423313498497009,0.5968694686889648,0.3313383460044861,0.5583477020263672,0.3303931057453155,0.6079161167144775,0.3370860815048218,0.539833664894104,0.3364912271499634,0.6649400591850281,0.4204165339469909,0.4816928803920746,0.4202429950237274,0.7008401155471802,0.5052334666252136,0.4432688355445862,0.5142372250556946,0.7120324373245239,0.595640242099762,0.4284537732601166,0.6012886762619019,0.6184167861938477,0.6184543967247009,0.5120384097099304,0.6174942255020142,0.5974816679954529,0.7542475461959839,0.5221375226974487,0.7505689859390259,0.5836617350578308,0.8716339468955994,0.5233583450317383,0.8746862411499023,0.5733164697885513,0.4203297644853592
0.514686644077301,0.3509307205677032,0.5311564207077026,0.3399170339107513,0.4938589930534363,0.3389796912670135,0.5456089377403259,0.3461273312568664,0.4756570756435394,0.3454327881336212,0.6033716201782227,0.4323152303695678,0.41512131690979,0.4314484596252441,0.6385996341705322,0.5197441577911377,0.3777412474155426,0.5276846289634705,0.651157796382904,0.6102098822593689,0.3588964641094208,0.6165855526924133,0.5583697557449341,0.6303917169570923,0.4474702477455139,0.6292725801467896,0.5359495878219604,0.7699208855628967,0.4605183005332947,0.767666220664978,0.5261152386665344,0.8893123865127563,0.464509904384613,0.8916879892349243,0.5092464685440063,0.431881844997406
0.4623906016349792,0.366137683391571,0.4792744517326355,0.35507732629776,0.4395490288734436,0.3545113205909729,0.4918329119682312,0.3615665137767792,0.4210817813873291,0.3616166710853576,0.5519114136695862,0.4464918375015259,0.3616971373558044,0.4463736712932586,0.5905000567436218,0.5335464477539062,0.3245106041431427,0.5430042147636414,0.6033943891525269,0.6258848905563354,0.3097648322582245,0.6331360936164856,0.5086404085159302,0.65125972032547,0.3969616293907165,0.6513326168060303,0.4882298409938812,0.7897090911865234,0.4102019667625427,0.7903602123260498,0.4764789640903473,0.90811687707901,0.4180612564086914,0.9164144992828368,0.4568042755126953,0.4464327543973923
0.4646733403205871,0.3721353709697723,0.4813620448112488,0.3596760928630829,0.4435204565525055,0.3588679432868957,0.4944157004356384,0.3664469420909881,0.4233348369598388,0.3652264773845672,0.5544456839561462,0.452545702457428,0.3609296083450317,0.4509347081184387,0.59056556224823,0.5401565432548523,0.3218734264373779,0.5486474633216858,0.601140558719635,0.6325846314430237,0.3080618977546692,0.6376051306724548,0.5074558258056641,0.6555885672569275,0.397268146276474,0.6560297012329102,0.4872488379478454,0.7965959310531616,0.409587949514389,0.7957761287689209,0.472133457660675,0.9197126626968384,0.4137300848960876,0.9246185421943665,0.457687646150589,0.4517402052879333
0.4772797524929046,0.3729953467845917,0.4935539364814758,0.360666960477829,0.4553166329860687,0.3605806231498718,0.5074658989906311,0.3675906062126159,0.4353706836700439,0.3682486116886139,0.5672041177749634,0.4563498497009277,0.3731406331062317,0.455838680267334,0.6063854694366455,0.546737551689148,0.3361501097679138,0.5549036264419556,0.6225780248641968,0.6403555274009705,0.3212194442749023,0.6467211842536926,0.5227658152580261,0.6659835577011108,0.4104776382446289,0.6665187478065491,0.5028926134109497,0.8113517761230469,0.4221545159816742,0.8107911348342896,0.4876671731472015,0.9390407800674438,0.4338832497596741,0.947754204273224,0.4701723754405975,0.4560942649841308
0.4876024723052978,0.3747384250164032,0.5042736530303955,0.3635950982570648,0.4646430611610412,0.3626522719860077,0.517227292060852,0.3710446655750274,0.444366991519928,0.3700746297836303,0.5762544870376587,0.4594754576683044,0.3785986602306366,0.4606528878211975,0.6117699146270752,0.5519917011260986,0.3405576944351196,0.5614874958992004,0.6296277046203613,0.647942304611206,0.3250755965709686,0.6525102853775024,0.5283957719802856,0.6743585467338562,0.4170421659946441,0.6740007400512695,0.5059890151023865,0.8214675188064575,0.4247829914093017,0.8180102109909058,0.4898382723331451,0.9472010135650636,0.4370939135551452,0.9542673230171204,0.4774265736341476,0.460064172744751
0.4646908342838287,0.3627065122127533,0.4816518723964691,0.3507874310016632,0.4425855576992035,0.3501829504966736,0.4966691136360168,0.3586365580558777,0.4217320084571838,0.3585961163043976,0.5575382113456726,0.446055144071579,0.3576367497444153,0.4424720406532287,0.594201922416687,0.535905659198761,0.3140255212783813,0.542159914970398,0.608025074005127,0.6304329633712769,0.3022547364234924,0.6372586488723755,0.5027483701705933,0.6582562923431396,0.389847993850708,0.6581894159317017,0.4862187504768371,0.8016809225082397,0.4064467549324035,0.799187421798706,0.4711038470268249,0.9270980954170228,0.4094317853450775,0.9322496056556702,0.4575874805450439,0.4442635923624038
0.4712408185005188,0.3345889449119568,0.487682580947876,0.3223043084144592,0.4492253363132477,0.3220761120319366,0.5015726685523987,0.3290964066982269,0.427360862493515,0.329254686832428,0.5611741542816162,0.4154173731803894,0.3643536567687988,0.4150100946426391,0.6004116535186768,0.5077828168869019,0.3259437084197998,0.5171253085136414,0.6246098875999451,0.5999407172203064,0.3114590048789978,0.61098712682724,0.5167470574378967,0.6254302859306335,0.3999165892601013,0.6241283416748047,0.4985951483249664,0.7752342820167542,0.4172148108482361,0.7727496027946472,0.4919628500938415,0.8958295583724976,0.4323325157165527,0.9024542570114136,0.4627639055252075,0.4152137339115143
0.4923492968082428,0.3410155475139618,0.508808970451355,0.3295535445213318,0.4719523787498474,0.3280237019062042,0.5242102146148682,0.3362716734409332,0.4527364373207092,0.3350464403629303,0.582112193107605,0.4225962460041046,0.3922244310379028,0.4184429049491882,0.6183266639709473,0.5103493332862854,0.35470712184906,0.5163500308990479,0.6338270902633667,0.6003628373146057,0.3414333462715149,0.6093997955322266,0.5381109714508057,0.6203891038894653,0.42649707198143,0.621018648147583,0.5182793736457825,0.7647644281387329,0.4391960501670837,0.7641781568527222,0.5095089077949524,0.8846232891082764,0.4475246369838714,0.8921724557876587,0.4871683120727539,0.4205195754766464
0.4778934121131897,0.3420669138431549,0.4928526878356933,0.3312000036239624,0.4586239457130432,0.3306825757026672,0.505773663520813,0.338074266910553,0.4415130615234375,0.3380804657936096,0.5622315406799316,0.4183942079544067,0.3843016326427459,0.4185015559196472,0.5964409112930298,0.4981820285320282,0.3501874804496765,0.5068153738975525,0.6112571954727173,0.5815042853355408,0.3354752659797668,0.5895341038703918,0.5220386981964111,0.6043940782546997,0.4203824996948242,0.6046257615089417,0.5059738159179688,0.7355222702026367,0.43355792760849,0.7347007989883423,0.4964797496795654,0.8453192114830017,0.4427778720855713,0.8485152721405029,0.4732665866613388,0.418447881937027
0.4909084737300873,0.3831711113452911,0.5059601068496704,0.3734492063522339,0.4720765054225921,0.3721353709697723,0.519003689289093,0.3794315159320831,0.4541248679161072,0.3779135942459106,0.5692022442817688,0.4571085572242737,0.3975088000297546,0.4540097117424011,0.6031319499015808,0.5350784063339233,0.3617834448814392,0.5407739281654358,0.6166505813598633,0.6198842525482178,0.3428158164024353,0.6235471367835999,0.5273091793060303,0.6393223404884338,0.4262285232543945,0.6387624740600586,0.5081374645233154,0.7709450125694275,0.4353070259094238,0.7688451409339905,0.4991013407707214,0.878902792930603,0.4445836544036865,0.884381890296936,0.4833555221557617,0.4555591344833374
0.533478856086731,0.3657904863357544,0.5496528744697571,0.3559762835502624,0.5149241089820862,0.3548659682273865,0.5612356066703796,0.3616215884685516,0.4979535043239593,0.3610565960407257,0.6132165789604187,0.4403333365917206,0.4401517510414123,0.4401107132434845,0.6466015577316284,0.5214983820915222,0.4045448899269104,0.5267454981803894,0.663226306438446,0.6032742261886597,0.3864894509315491,0.6070675253868103,0.5706364512443542,0.6235164403915405,0.4695939123630523,0.6216073632240295,0.5527944564819336,0.752924919128418,0.482259601354599,0.7510343790054321,0.5481007099151611,0.8633401393890381,0.4936667382717132,0.8659597039222717,0.5266841650009155,0.4402220249176025
0.5912293791770935,0.1688342094421386,0.6190186142921448,0.1549105644226074,0.5666107535362244,0.1527393907308578,0.6399009227752686,0.1685239374637603,0.5435305833816528,0.1642639636993408,0.6964147090911865,0.2959591746330261,0.4493086338043213,0.2687843739986419,0.698316216468811,0.4245175719261169,0.3825989961624145,0.3882683515548706,0.6717513203620911,0.5371614694595337,0.3849672675132751,0.5160564184188843,0.588250458240509,0.5196059346199036,0.4558138251304626,0.5080570578575134,0.5604007840156555,0.6931781768798828,0.4508730769157409,0.6742221117019653,0.5324625372886658,0.8080683946609497,0.4425620436668396,0.7942273616790771,0.5728616714477539,0.282371774315834
0.5811304450035095,0.1486280262470245,0.6104520559310913,0.134307250380516,0.5566874146461487,0.1320955157279968,0.6302351355552673,0.1457413136959076,0.5345868468284607,0.1428407281637191,0.696844220161438,0.2643736600875854,0.4507518410682678,0.2541950941085815,0.7081061601638794,0.3873918950557709,0.4042180478572845,0.3747477829456329,0.6971802711486816,0.5003859996795654,0.4170507788658142,0.4917957484722137,0.614247739315033,0.4870248138904571,0.4853015840053558,0.4847728610038757,0.5982561707496643,0.6551547646522522,0.4935676455497741,0.6421756148338318,0.5807539224624634,0.7683433294296265,0.4846104681491852,0.7586339712142944,0.5737980306148529,0.2592843770980835
0.4467122554779053,0.1229131892323494,0.4721744954586029,0.1097675263881683,0.4152032732963562,0.1068395897746086,0.4949192106723785,0.1249527633190155,0.3877694010734558,0.1226242780685424,0.5780507326126099,0.2592894732952118,0.3082781732082367,0.2597930133342743,0.5984421968460083,0.3969178199768066,0.272443413734436,0.4007602632045746,0.5827695727348328,0.5280977487564087,0.2898136973381042,0.521687924861908,0.5040298700332642,0.5195517539978027,0.3576430380344391,0.5229743123054504,0.5019495487213135,0.6958476305007935,0.3968239426612854,0.6890515685081482,0.4910759031772613,0.8074102401733398,0.407759815454483,0.821793794631958,0.4431644529104233,0.259541243314743
0.4390354752540588,0.1245017945766449,0.467437207698822,0.1104795262217521,0.4093360006809234,0.1069512665271759,0.4881744384765625,0.1235654354095459,0.37494096159935,0.1186907291412353,0.5617696642875671,0.2561807930469513,0.2909915745258331,0.2338941991329193,0.5953894853591919,0.3913561701774597,0.251634269952774,0.3885560035705566,0.5842176675796509,0.5191401243209839,0.2890682220458984,0.5297375321388245,0.5000699758529663,0.5167553424835205,0.3496273458003998,0.5222958326339722,0.5001369714736938,0.7036360502243042,0.3838798999786377,0.6992983222007751,0.4850498139858246,0.8148794174194336,0.4001799523830414,0.8223685622215271,0.4263806194067001,0.2450374960899353
0.4388808310031891,0.1205181404948234,0.4669247269630432,0.1051182746887207,0.406749427318573,0.1045176982879638,0.490269273519516,0.1190730333328247,0.3777737915515899,0.1185038387775421,0.5671116709709167,0.2562726140022278,0.2837218642234802,0.2547065019607544,0.5939188003540039,0.3947144746780395,0.2511106729507446,0.3985296785831451,0.5897563099861145,0.518486499786377,0.2828807830810547,0.5241761207580566,0.5054659843444824,0.521217942237854,0.3588007688522339,0.5272508263587952,0.5073193311691284,0.6995890140533447,0.3894675970077514,0.6983336806297302,0.4899372458457947,0.8119983673095703,0.4028670191764831,0.8217631578445435,0.4254167675971985,0.2554895579814911
0.4528234601020813,0.1246727705001831,0.4790857434272766,0.1094253063201904,0.4203904271125793,0.108303278684616,0.5008663535118103,0.1224037930369377,0.390281081199646,0.1212612092494964,0.5766309499740601,0.2544577121734619,0.2964498400688171,0.2538179159164428,0.6068506240844727,0.3932100534439087,0.2577161788940429,0.3993832468986511,0.6013779640197754,0.5187574625015259,0.2715091705322265,0.5286266207695007,0.5197330117225647,0.5224642753601074,0.3672146499156952,0.528083324432373,0.5206069946289062,0.7067932486534119,0.3987317681312561,0.706492006778717,0.5069704055786133,0.8149138689041138,0.4203357696533203,0.8252496719360352,0.4365403950214386,0.2541378140449524
0.4555583894252777,0.1245299875736236,0.4834381639957428,0.1086060106754303,0.4232782423496246,0.106836587190628,0.5061630010604858,0.121489405632019,0.3951857089996338,0.1193493083119392,0.5818868279457092,0.2469825744628906,0.3055021166801452,0.253772109746933,0.616809606552124,0.3872087299823761,0.271280974149704,0.3966822028160095,0.6071642637252808,0.5160412788391113,0.2750077545642853,0.5227872729301453,0.5308086276054382,0.5151436924934387,0.3786315023899078,0.5194411277770996,0.5280564427375793,0.6975792646408081,0.4015587866306305,0.6980198621749878,0.5122795104980469,0.8080800771713257,0.4276176989078522,0.8138370513916016,0.4436944723129272,0.2503773421049118
0.4548409581184387,0.120004802942276,0.4875522553920746,0.1040618419647216,0.4242454469203949,0.1013834476470947,0.514742374420166,0.1185976788401603,0.4021551012992859,0.1161108911037445,0.597405195236206,0.2530263662338257,0.3140286207199096,0.2514362931251526,0.6284425854682922,0.3887228369712829,0.28342005610466,0.3878017961978912,0.6206841468811035,0.5136421322822571,0.2935982942581177,0.5139386057853699,0.5404691696166992,0.5113974213600159,0.3907690644264221,0.5140759348869324,0.5354116559028625,0.6909146904945374,0.413867712020874,0.6908913850784302,0.521277904510498,0.8027982711791992,0.4379240870475769,0.8075393438339233,0.4557169079780578,0.2522313296794891
0.4646821618080139,0.112630158662796,0.4965392053127289,0.0971994400024414,0.43312868475914,0.094567060470581,0.5253115296363831,0.1110950410366058,0.4109563827514648,0.1082613766193389,0.5984079241752625,0.2421638369560241,0.3287301957607269,0.2464113235473632,0.629000186920166,0.3767264485359192,0.29923215508461,0.3895822465419769,0.6246032118797302,0.5033894181251526,0.3112622499465942,0.5159605145454407,0.5504408478736877,0.5007660984992981,0.3995671570301056,0.5042814612388611,0.5440637469291687,0.6845057010650635,0.423595517873764,0.6839632391929626,0.5290758609771729,0.7937543392181396,0.4530039429664612,0.7997506856918335,0.4635690599679947,0.2442875802516937
0.4660125374794006,0.082459956407547,0.49845090508461,0.0657314360141754,0.4348361492156982,0.0643056333065033,0.523229718208313,0.0777380168437957,0.4093939661979675,0.0764933302998542,0.6052912473678589,0.211007684469223,0.3269241154193878,0.2193975746631622,0.6271724700927734,0.3496891260147095,0.3053182959556579,0.3612499535083771,0.6253025531768799,0.4805342853069305,0.3277681469917297,0.4877416491508484,0.555063009262085,0.4735505282878876,0.4035744071006775,0.4795058667659759,0.549751341342926,0.653759241104126,0.4276568293571472,0.653107225894928,0.5371910333633423,0.7595349550247192,0.4550025463104248,0.7618574500083923,0.4661076813936233,0.2152026295661926
0.537325382232666,0.1387423872947693,0.5689429640769958,0.1231207549571991,0.5065146088600159,0.1215169131755828,0.5973092913627625,0.1368909478187561,0.4810945391654968,0.1352521479129791,0.6729204058647156,0.2648330628871918,0.3962857127189636,0.2639659941196441,0.6917126774787903,0.4069183468818664,0.3604208827018738,0.4058791995048523,0.6784366369247437,0.5292074084281921,0.3739413022994995,0.5395698547363281,0.6138764023780823,0.5250149369239807,0.4610989987850189,0.5260377526283264,0.5925954580307007,0.7066623568534851,0.4730384349822998,0.7037574052810669,0.5742961168289185,0.8187702894210815,0.4949974417686462,0.8201510310173035,0.5346030592918396,0.2643995285034179
0.5686264634132385,0.3360423743724823,0.5890659689903259,0.3239906728267669,0.5471204519271851,0.3206424117088318,0.6039896607398987,0.3327250182628631,0.5209935903549194,0.3274125158786773,0.6491194367408752,0.4367007613182068,0.4352171421051025,0.4077890515327453,0.6726927757263184,0.5387631058692932,0.3337687849998474,0.4713865518569946,0.6881213784217834,0.6348983645439148,0.3462225794792175,0.5471338033676147,0.5704212784767151,0.6318353414535522,0.4570524096488952,0.6263232827186584,0.5540854334831238,0.7703912258148193,0.4439290165901184,0.7630731463432312,0.5350350737571716,0.8677858710289001,0.4259451031684875,0.8756235837936401,0.5421682894229889,0.4222449064254761
0.5578027963638306,0.3185273706912994,0.5783352255821228,0.3055959641933441,0.5360907316207886,0.3049382865428924,0.597359299659729,0.3144848942756653,0.512624204158783,0.3127786219120025,0.6547214984893799,0.4090550541877746,0.441260278224945,0.3967003226280212,0.6785907745361328,0.5149035453796387,0.3708000481128692,0.4822948575019836,0.6820726990699768,0.6120901107788086,0.4165173470973968,0.5498438477516174,0.601308286190033,0.6055685877799988,0.4880983233451843,0.6034669280052185,0.600360631942749,0.7574711441993713,0.4986966252326965,0.7418434619903564,0.59793621301651,0.8582589626312256,0.504518449306488,0.8566920757293701,0.5479908883571625,0.4028776884078979
0.5537861585617065,0.2160071432590484,0.5781411528587341,0.1992551237344741,0.5289832949638367,0.1984156668186187,0.5981807708740234,0.2107446491718292,0.5043119788169861,0.2094584852457046,0.6728129982948303,0.333355575799942,0.4145159125328064,0.316596657037735,0.6947143077850342,0.4627770185470581,0.34074467420578,0.421417236328125,0.6924936771392822,0.5773401856422424,0.3643300533294678,0.5096681118011475,0.6019108295440674,0.5689272284507751,0.4651986956596374,0.5648024678230286,0.6014367341995239,0.7438662052154541,0.4807348251342773,0.7298567295074463,0.6007115840911865,0.8604336977005005,0.4797221720218658,0.8659039735794067,0.5436644554138184,0.3249761164188385
0.6881926655769348,0.2117288708686828,0.7042603492736816,0.1938698887825012,0.6579598784446716,0.1881807446479797,0.7063371539115906,0.202600210905075,0.6143103837966919,0.1955507099628448,0.7682281732559204,0.3189387321472168,0.5050029158592224,0.3142830729484558,0.803987979888916,0.4634459316730499,0.4437053203582763,0.4499258399009704,0.7605767846107483,0.4790016710758209,0.5002391338348389,0.4738006889820099,0.6977769732475281,0.5616457462310791,0.5618607997894287,0.5617170333862305,0.6812753081321716,0.7340848445892334,0.5678016543388367,0.7288152575492859,0.670883059501648,0.8533309698104858,0.5558661222457886,0.8518735766410828,0.6366155445575714,0.3166109025478363
0.6033201813697815,0.2310411632061004,0.6256245374679565,0.2161114811897277,0.5761910080909729,0.2092931568622589,0.6383777856826782,0.2255509495735168,0.5407535433769226,0.2169882208108902,0.6974149942398071,0.3366731107234955,0.441012293100357,0.3304994702339172,0.7182093858718872,0.4635083079338074,0.3916802108287811,0.4514334499835968,0.6938043832778931,0.5695165991783142,0.4075259566307068,0.5683081150054932,0.6230868697166443,0.5732962489128113,0.483717679977417,0.5732495188713074,0.603906512260437,0.7531200647354126,0.4931217133998871,0.7433839440345764,0.5982867479324341,0.8681820631027222,0.4898087382316589,0.8680018186569214,0.5692136436700821,0.3335862904787063
0.5394378900527954,0.2302028536796569,0.5568558573722839,0.2120758444070816,0.5060823559761047,0.2109379768371582,0.5705791711807251,0.2192437946796417,0.474813848733902,0.2204651832580566,0.6454951763153076,0.3251104950904846,0.3940320611000061,0.3348415493965149,0.6892979741096497,0.446962296962738,0.3528679609298706,0.4595913290977478,0.6488350033760071,0.5530585646629333,0.4191000461578369,0.56550532579422,0.6055009961128235,0.5655200481414795,0.4648335874080658,0.5736826062202454,0.6176143884658813,0.7438706159591675,0.4971636235713959,0.7423616051673889,0.622839629650116,0.8606378436088562,0.5008461475372314,0.8689250946044922,0.5197636187076569,0.3299760222434997
0.5501024723052979,0.2324710488319397,0.5659405589103699,0.2141317725181579,0.5154529809951782,0.2140487730503082,0.5797882080078125,0.221615731716156,0.4852880835533142,0.2254078984260559,0.6643186211585999,0.330669105052948,0.4104834496974945,0.339986115694046,0.7061858177185059,0.4497905969619751,0.3751490414142608,0.4597882628440857,0.6721534729003906,0.5556546449661255,0.413200318813324,0.5626447200775146,0.6244702935218811,0.5716676712036133,0.4848005771636963,0.5791953206062317,0.6312747597694397,0.7494585514068604,0.5154297351837158,0.7413033246994019,0.6456445455551147,0.8718316555023193,0.5256266593933105,0.8741594552993774,0.5374010354280472,0.335327610373497
0.5850765705108643,0.236878901720047,0.5990636944770813,0.2176060974597931,0.5519835352897644,0.2169078886508941,0.608485221862793,0.2254323065280914,0.5163662433624268,0.2258267700672149,0.6892746090888977,0.3368009924888611,0.429642379283905,0.342654675245285,0.7237876653671265,0.4641884565353393,0.402219146490097,0.4719749689102173,0.7088315486907959,0.5761644840240479,0.4384694993495941,0.5845720171928406,0.6441961526870728,0.5832834839820862,0.4986467957496643,0.5868362784385681,0.6431520581245422,0.750504195690155,0.5301482677459717,0.7496044039726257,0.6550450325012207,0.8717027306556702,0.5335547924041748,0.8748857975006104,0.5594584941864014,0.339727833867073
0.3806208968162536,0.2395446598529815,0.4011856019496918,0.2234188616275787,0.3498792946338653,0.2211888134479522,0.4160650372505188,0.2299183309078216,0.3189696967601776,0.2277140319347381,0.4839049279689789,0.3321223258972168,0.2364903688430786,0.3327518999576568,0.5331185460090637,0.4549165368080139,0.1820527911186218,0.4574286639690399,0.4736424386501312,0.5678797364234924,0.2224880158901214,0.5698084235191345,0.4306283891201019,0.5771483778953552,0.2928179204463959,0.5797377228736877,0.4310010075569153,0.7456396818161011,0.3165098428726196,0.744362473487854,0.4395856261253357,0.8698812127113342,0.3227275013923645,0.8792153596878052,0.3601976484060287,0.3324371129274368
0.3228361904621124,0.2529631555080414,0.3542806506156921,0.2378259003162384,0.323047399520874,0.23736372590065,0.3997014462947845,0.251872718334198,0.3344424366950989,0.2472068220376968,0.4992408156394958,0.3641632795333862,0.253824383020401,0.3601952791213989,0.5265524983406067,0.4875955283641815,0.2131484746932983,0.4843500256538391,0.4653037488460541,0.6046484112739563,0.2507949471473694,0.6012145280838013,0.4327231347560882,0.6071956157684326,0.2968921363353729,0.6057931780815125,0.427928626537323,0.7710049748420715,0.3176465034484863,0.7709878087043762,0.4309695661067962,0.8948862552642822,0.3200402855873108,0.903584599494934,0.3765325993299484,0.3621792793273926
0.3994781970977783,0.2380313873291015,0.4280131459236145,0.2227820754051208,0.4031968116760254,0.2216177582740783,0.476635992527008,0.2358351647853851,0.4211020469665527,0.2323830127716064,0.5892652273178101,0.3477519750595093,0.3388660252094269,0.3422453999519348,0.6167054772377014,0.4749178290367126,0.3015497326850891,0.4676976203918457,0.547446072101593,0.5869163274765015,0.3491886854171753,0.5844339728355408,0.5207902193069458,0.5852230191230774,0.3881793618202209,0.5855026245117188,0.5226463079452515,0.7506982088088989,0.4055331349372864,0.7513114213943481,0.5175521969795227,0.877963662147522,0.4110643863677978,0.876719057559967,0.4640656262636184,0.344998687505722
0.4442117214202881,0.2367913424968719,0.4760123193264007,0.2193112969398498,0.447138249874115,0.2194464802742004,0.5231866240501404,0.2318268120288849,0.4630011916160583,0.2287403643131256,0.63079833984375,0.3492902517318725,0.3805320262908935,0.3430495262145996,0.652411162853241,0.4756268560886383,0.3324171304702759,0.4659394025802612,0.5923570394515991,0.5830256342887878,0.3848848938941955,0.581799328327179,0.5568864345550537,0.5849813222885132,0.4235392212867737,0.5832889676094055,0.5556440353393555,0.7532163858413696,0.4405306875705719,0.7439123392105103,0.5458986759185791,0.8713102340698242,0.4418129920959472,0.8761705756187439,0.5056651830673218,0.3461698889732361
0.5913968086242676,0.2407234013080597,0.6032949090003967,0.2223618924617767,0.5592553019523621,0.2208495438098907,0.6070398092269897,0.2306077480316162,0.5183583498001099,0.230289489030838,0.6784197688102722,0.3356876075267792,0.4250235557556152,0.3376249372959137,0.7235043048858643,0.4509181976318359,0.3740435838699341,0.4573065340518951,0.6553620100021362,0.5430051684379578,0.4369116723537445,0.5673959255218506,0.6157687902450562,0.5688337087631226,0.4779618382453918,0.5689669251441956,0.6073039174079895,0.7446256279945374,0.4886647760868072,0.7404821515083313,0.6085942983627319,0.8696273565292358,0.4866219460964203,0.873186469078064,0.5517216622829437,0.3366562724113464
0.6123679280281067,0.2314899563789367,0.6272565126419067,0.2156978994607925,0.582404375076294,0.2121229469776153,0.6305481791496277,0.2226110398769378,0.5403851270675659,0.2200867831707,0.6849991083145142,0.3250506222248077,0.4397496283054352,0.3252866566181183,0.708367109298706,0.4554733037948608,0.3956348598003387,0.4516778588294983,0.5823986530303955,0.5199095010757446,0.4626297354698181,0.5460074543952942,0.6254206895828247,0.5634865164756775,0.4902292788028717,0.5658456683158875,0.6151885986328125,0.7450801134109497,0.4961753785610199,0.7361308336257935,0.6135911345481873,0.8580346703529358,0.4930854737758636,0.8605382442474365,0.5623743683099747,0.325168639421463
0.6106520891189575,0.2401259839534759,0.6247946619987488,0.2236644327640533,0.5825061798095703,0.218225821852684,0.6230037212371826,0.2283273041248321,0.5371551513671875,0.2223767936229705,0.6809176206588745,0.3325184881687164,0.427928626537323,0.3314114212989807,0.7098478078842163,0.4537264704704284,0.3768896460533142,0.4567541480064392,0.6494666337966919,0.5598564743995667,0.4409942030906677,0.5669596791267395,0.6124039888381958,0.5643048882484436,0.4782934188842773,0.5688246488571167,0.6046462059020996,0.730658769607544,0.4891893267631531,0.7310291528701782,0.6045069694519043,0.8555139303207397,0.4834360182285309,0.8600375056266785,0.5544231235980988,0.3319649547338485
0.4702982306480407,0.2037215530872345,0.4978352189064026,0.1872867941856384,0.4758409857749939,0.1868015825748443,0.5506711006164551,0.1999337077140808,0.4967355728149414,0.1982262432575225,0.6642155647277832,0.3194309175014496,0.4143293499946594,0.3128687143325805,0.6873891353607178,0.4490394592285156,0.3675588965415954,0.4390745759010315,0.6878662705421448,0.5677602291107178,0.3879280090332031,0.5609133839607239,0.5956655740737915,0.5625409483909607,0.4628046154975891,0.5624961853027344,0.592365026473999,0.7282699942588806,0.4671359956264496,0.7223246097564697,0.5901830792427063,0.8423871994018555,0.4680458903312683,0.847387433052063,0.5392724573612213,0.3161498159170151
0.6330766081809998,0.2235355973243713,0.6582990288734436,0.2059766203165054,0.6041945815086365,0.2041921317577362,0.6791051626205444,0.2140622735023498,0.5778740048408508,0.2130226492881775,0.742878794670105,0.3293736577033996,0.4929107129573822,0.3244615495204925,0.7645875215530396,0.4618637859821319,0.4503825306892395,0.4543094038963318,0.7558468580245972,0.5814653635025024,0.465200126171112,0.5770981311798096,0.6734941005706787,0.5775415897369385,0.5400580167770386,0.5775788426399231,0.6575767993927002,0.7486907243728638,0.5306525230407715,0.741741418838501,0.6534754037857056,0.8582961559295654,0.5251795649528503,0.860485315322876,0.6178947538137436,0.3269176036119461
0.6255905032157898,0.2198022902011871,0.6476882696151733,0.2031183838844299,0.5981323719024658,0.2010080218315124,0.6666136980056763,0.2134188264608383,0.5698788166046143,0.2121139466762542,0.736535370349884,0.3295512795448303,0.4838120341300964,0.3277657330036163,0.7632485032081604,0.4599036574363708,0.4465422034263611,0.4564827084541321,0.7522965669631958,0.5789756178855896,0.4575533270835876,0.5832532048225403,0.6704732179641724,0.5740563869476318,0.5349148511886597,0.5743716359138489,0.6543015241622925,0.7494124174118042,0.5211374163627625,0.7372500896453857,0.6475275754928589,0.8518190383911133,0.5230364799499512,0.8505439758300781,0.6101737022399902,0.3286585062742233
0.6629392504692078,0.290722906589508,0.6606989502906799,0.2770854532718658,0.6373233199119568,0.2749831080436706,0.6362062692642212,0.2801463305950165,0.590265691280365,0.278305321931839,0.6917515397071838,0.3818378448486328,0.4743239283561706,0.3748943209648132,0.7129712700843811,0.4984701573848724,0.4380365312099457,0.4876213371753692,0.712116539478302,0.6078992486000061,0.4177709221839905,0.5913804769515991,0.6348980665206909,0.6005819439888,0.5123558044433594,0.6003288626670837,0.61725914478302,0.7562800645828247,0.4997921586036682,0.7488259673118591,0.607475757598877,0.8526720404624939,0.4864992201328277,0.8615142107009888,0.5830377340316772,0.378366082906723
0.664808452129364,0.2978491485118866,0.6753769516944885,0.2836970686912536,0.6382297873497009,0.2819020450115204,0.6817846298217773,0.2924651205539703,0.6033177375793457,0.2907042205333709,0.7367342710494995,0.3937151730060577,0.5144445300102234,0.382572591304779,0.7802109122276306,0.5003913640975952,0.4656113982200622,0.4917125701904297,0.7292352914810181,0.5101330876350403,0.5441294312477112,0.5228779315948486,0.6770726442337036,0.6146115660667419,0.5549639463424683,0.6120601892471313,0.6536861062049866,0.7713620662689209,0.5321977734565735,0.7634225487709045,0.6416366100311279,0.871044397354126,0.5151586532592773,0.872306227684021,0.6255894005298615,0.3881438821554184
0.6802510023117065,0.2796268165111542,0.6980887651443481,0.2655773758888244,0.6548821926116943,0.2622362971305847,0.709440290927887,0.2743365466594696,0.6228194832801819,0.2696852385997772,0.7554492950439453,0.3755664825439453,0.5357552170753479,0.3649252653121948,0.7871852517127991,0.4977739453315735,0.4958900809288025,0.4852169752120971,0.7137994766235352,0.4617678821086883,0.5960168242454529,0.4540141820907593,0.6948257088661194,0.595003068447113,0.5732528567314148,0.5895954966545105,0.6726516485214233,0.7516145706176758,0.5531962513923645,0.7441283464431763,0.659168541431427,0.8519660234451294,0.5317257046699524,0.8567315340042114,0.6456022560596466,0.37024587392807
0.700493574142456,0.3240249454975128,0.7140598893165588,0.3118095099925995,0.6799530386924744,0.3075171113014221,0.7166303992271423,0.3185075223445892,0.6469098925590515,0.3127000033855438,0.7498167157173157,0.4181928038597107,0.5532900094985962,0.403403639793396,0.7618959546089172,0.5231859683990479,0.5266069769859314,0.5129945874214172,0.7897043228149414,0.6185712218284607,0.4944725632667541,0.6158425211906433,0.6755220890045166,0.616511881351471,0.5686083436012268,0.612791121006012,0.6512021422386169,0.7621250748634338,0.5383185148239136,0.7577947974205017,0.6304556727409363,0.8546690344810486,0.5114182829856873,0.8648780584335327,0.6515533626079559,0.4107982218265533
0.5770002603530884,0.2868379950523376,0.5970284938812256,0.2714253962039947,0.5495280027389526,0.2670852839946747,0.6088850498199463,0.2805464565753937,0.5141775608062744,0.2752291262149811,0.6647364497184753,0.3882331252098083,0.4230242371559143,0.3816172778606415,0.6957722306251526,0.5013707280158997,0.3725517392158508,0.4985880255699157,0.6999231576919556,0.5992223620414734,0.4255677759647369,0.6018486022949219,0.6059184670448303,0.6333386898040771,0.4780769944190979,0.6326242685317993,0.6058897972106934,0.8036649227142334,0.4621235430240631,0.7815698981285095,0.5978928208351135,0.9401988387107848,0.46646648645401,0.8784318566322327,0.5438803434371948,0.3849252015352249
0.5749871730804443,0.2385063171386718,0.5936744809150696,0.2219649702310562,0.5454007983207703,0.2202285230159759,0.609231173992157,0.2281918227672577,0.5155576467514038,0.2275532335042953,0.6759581565856934,0.3219510316848755,0.4428226947784424,0.3305605947971344,0.7234656810760498,0.4237362742424011,0.3948429822921753,0.4363598227500915,0.6550806760787964,0.4920733571052551,0.4510432183742523,0.4882845282554626,0.6343541741371155,0.5644240975379944,0.5082537531852722,0.5667938590049744,0.6457347869873047,0.7170790433883667,0.5261016488075256,0.7100812196731567,0.6673281788825989,0.8559597134590149,0.5404632687568665,0.8138078451156616,0.5593904256820679,0.3262558132410049
0.5270639657974243,0.2428340315818786,0.547646701335907,0.2276400923728943,0.5044180750846863,0.2284620702266693,0.567284882068634,0.2368159592151641,0.485261857509613,0.2386806011199951,0.6389472484588623,0.3308120369911194,0.4301741123199463,0.3406882584095001,0.668951690196991,0.4410388171672821,0.4105927348136902,0.4529973268508911,0.7037914991378784,0.5402227640151978,0.4003447592258453,0.5482954382896423,0.6036919355392456,0.5430775880813599,0.488311231136322,0.5472692251205444,0.608414351940155,0.6982172131538391,0.5134270787239075,0.6809561848640442,0.6252826452255249,0.8091525435447693,0.533937394618988,0.7816135287284851,0.5345606803894043,0.3357501477003097
0.5824401378631592,0.2787739932537079,0.6061663627624512,0.2666019797325134,0.568752646446228,0.2659217119216919,0.6278538107872009,0.2755600810050964,0.5608309507369995,0.2751730680465698,0.6928670406341553,0.3643014132976532,0.506352961063385,0.3602544367313385,0.7223100662231445,0.4615071415901184,0.462310254573822,0.450884997844696,0.7428082227706909,0.5502452254295349,0.4292486310005188,0.5367067456245422,0.6457549929618835,0.5542647838592529,0.5409871339797974,0.5512863397598267,0.6503919959068298,0.6822367906570435,0.5548825860023499,0.6793676018714905,0.6568517684936523,0.7635606527328491,0.561951756477356,0.77278733253479,0.5996100008487701,0.3622779250144958
0.6685318350791931,0.2686294019222259,0.6911287307739258,0.255048394203186,0.6462483406066895,0.2543724477291107,0.7072359323501587,0.2647627592086792,0.6259394884109497,0.261821299791336,0.7645962238311768,0.3698165118694305,0.5452134609222412,0.3530201017856598,0.7767565250396729,0.4786040186882019,0.4876180291175842,0.4565569758415222,0.6861305236816406,0.5556842088699341,0.5027737021446228,0.559596598148346,0.6860018968582153,0.5802059769630432,0.5633864402770996,0.5778018236160278,0.6715113520622253,0.7245386242866516,0.5605375170707703,0.7348611354827881,0.6624167561531067,0.8274037837982178,0.5466225743293762,0.852131724357605,0.654904842376709,0.3614183068275451
0.6128696799278259,0.2710115611553192,0.6370862126350403,0.2569815516471863,0.5924994945526123,0.2538371682167053,0.6540183424949646,0.2654192149639129,0.5702077746391296,0.2597613036632538,0.7012818455696106,0.3751611113548279,0.4811924397945404,0.3534058332443237,0.7140462398529053,0.4884913265705108,0.4272448122501373,0.4629957377910614,0.7393599152565002,0.5912153124809265,0.4186393618583679,0.5714691281318665,0.6060460209846497,0.5918065309524536,0.4922114014625549,0.5841990113258362,0.5778704285621643,0.7462224364280701,0.4682697653770447,0.7477781176567078,0.5594678521156311,0.8373185396194458,0.4500680863857269,0.8698244094848633,0.5912371426820755,0.3642834722995758
0.4107929170131683,0.3082616627216339,0.4403234124183655,0.2939784228801727,0.408497154712677,0.2939614951610565,0.4759365022182464,0.3012561500072479,0.4157442450523376,0.2997069358825683,0.5612962245941162,0.4076842069625854,0.3421909511089325,0.394137978553772,0.6095821857452393,0.5119813680648804,0.2911431789398193,0.5037772059440613,0.6526452302932739,0.6155034303665161,0.2788618505001068,0.6104978919029236,0.4828426241874695,0.6256290078163147,0.3635813295841217,0.6203573346138,0.4663135409355163,0.7786074280738831,0.3335338234901428,0.7746514081954956,0.4487277865409851,0.8786773681640625,0.3219425082206726,0.880279541015625,0.4517435878515243,0.4009110927581787
0.2892642319202423,0.2932941019535064,0.3117110729217529,0.2786570787429809,0.2680572271347046,0.2811488509178161,0.3348594009876251,0.289162278175354,0.2547745406627655,0.2935458421707153,0.4118469655513763,0.3926194012165069,0.1911444365978241,0.3875659704208374,0.4294353127479553,0.507631778717041,0.1491108834743499,0.5094262957572937,0.3730064034461975,0.6028335690498352,0.1772991865873336,0.6204957365989685,0.3657917380332947,0.6232419610023499,0.2442828714847564,0.627069890499115,0.388670265674591,0.7804555296897888,0.2487554103136062,0.7785508632659912,0.403771698474884,0.8856367468833923,0.2611295282840729,0.8802765607833862,0.3014957010746002,0.3900926858186722
0.5508553385734558,0.3641183078289032,0.562104344367981,0.3500925898551941,0.5277167558670044,0.3462117314338684,0.5617637038230896,0.3559220433235168,0.4878157675266266,0.3528341650962829,0.6102056503295898,0.4379836916923523,0.3997917175292969,0.4397065043449402,0.6433206796646118,0.5311130881309509,0.3466418385505676,0.5439494848251343,0.6361483931541443,0.6224186420440674,0.3007162511348724,0.6349901556968689,0.581867516040802,0.6574730277061462,0.4569242596626282,0.6620963215827942,0.6012033224105835,0.7990452647209167,0.4658852219581604,0.7986087799072266,0.6147946119308472,0.9207274317741394,0.4744367599487304,0.893673300743103,0.5049986839294434,0.4388450980186462
0.3861211538314819,0.2527058124542236,0.4092017114162445,0.2369127869606018,0.3608406186103821,0.236968457698822,0.4268271923065185,0.2452278137207031,0.3380630910396576,0.2439279854297638,0.4910202026367187,0.350470632314682,0.2613287568092346,0.345446228981018,0.5130730867385864,0.4683756828308105,0.2246978729963302,0.4648686647415161,0.5075745582580566,0.5781947374343872,0.2316498756408691,0.5780580639839172,0.4314424395561218,0.5741201043128967,0.3026009202003479,0.573790967464447,0.4125300049781799,0.7408580183982849,0.3115275204181671,0.720993161201477,0.4108834266662597,0.8342309594154358,0.3214069604873657,0.8415976762771606,0.3761744797229767,0.34795843064785
0.4515911638736725,0.2379937171936035,0.4759191572666168,0.2210897803306579,0.4292889237403869,0.2220573127269745,0.4988893568515777,0.228510245680809,0.4184070229530334,0.2306486964225769,0.5871120691299438,0.3269036710262298,0.3586878478527069,0.3309254348278045,0.6169772744178772,0.4313366115093231,0.3377984762191772,0.4253633916378021,0.5507357716560364,0.499783307313919,0.4149495661258697,0.4839313328266144,0.5343199372291565,0.541154682636261,0.410980761051178,0.5400407314300537,0.5204216837882996,0.7183005809783936,0.4287413954734802,0.7078371644020081,0.4999004900455475,0.8451167345046997,0.43458953499794,0.8373996615409851,0.4728999584913254,0.3289145529270172
0.3745876550674438,0.3145166635513305,0.4013087749481201,0.2998636960983276,0.3512455523014068,0.3006977438926697,0.4234417974948883,0.3083188235759735,0.3374379277229309,0.3100521266460418,0.5037767291069031,0.4065256714820862,0.2787035703659057,0.4061953723430633,0.5375821590423584,0.505481481552124,0.2499204128980636,0.5004392862319946,0.4754036962985992,0.5748782753944397,0.3171482682228088,0.5531033277511597,0.44939985871315,0.6330872774124146,0.3254613280296325,0.628595232963562,0.4380942285060882,0.8032058477401733,0.3417510986328125,0.7900413870811462,0.4128428995609283,0.9299309253692628,0.3475874662399292,0.9143262505531312,0.3912401497364044,0.4063605219125747
0.4817934930324554,0.2321890294551849,0.5082265138626099,0.2150452435016632,0.4579767286777496,0.2153280377388,0.5311481952667236,0.2224698364734649,0.4460269808769226,0.2240733802318573,0.6255032420158386,0.3233776092529297,0.3879700899124145,0.3294752240180969,0.6611846685409546,0.4300384223461151,0.3718530237674713,0.4273087382316589,0.5917949676513672,0.5039156675338745,0.4436958730220794,0.4812186062335968,0.5719970464706421,0.5504043698310852,0.4413104951381683,0.5466551184654236,0.563195526599884,0.725900411605835,0.4668141305446625,0.7147006988525391,0.5459145307540894,0.8526912331581116,0.4778233170509338,0.8446686267852783,0.5067366659641266,0.3264264166355133
0.4599934220314026,0.2195149362087249,0.4617857336997986,0.2025545686483383,0.4243535101413727,0.2030131220817566,0.4563036859035492,0.2102870047092437,0.3839700520038605,0.2143127918243408,0.5396466255187988,0.3200374543666839,0.3003026843070984,0.3248251080513,0.5726509690284729,0.4389405250549316,0.289660096168518,0.4345633685588836,0.4971380829811096,0.4954039752483368,0.3802587389945984,0.4890758693218231,0.4981102347373962,0.5448166728019714,0.3663906455039978,0.5459563136100769,0.4916232228279114,0.7174609899520874,0.3967238068580627,0.7148653268814087,0.4760481715202331,0.858198881149292,0.3945121467113495,0.830582857131958,0.4199746549129486,0.322431281208992
0.528469443321228,0.2315559685230255,0.5534659624099731,0.216944083571434,0.5012850165367126,0.2175032794475555,0.5755224823951721,0.2286863923072815,0.4809812605381012,0.2297371476888656,0.6565325260162354,0.345277726650238,0.4057351648807525,0.3463678359985351,0.6775522828102112,0.4705685973167419,0.3499795794486999,0.4620470702648163,0.6421358585357666,0.578374981880188,0.3955018818378448,0.5736931562423706,0.5903292298316956,0.5847931504249573,0.4506468772888183,0.5835458040237427,0.5988228917121887,0.7580971121788025,0.4577375054359436,0.748766303062439,0.5956531167030334,0.8739540576934814,0.4463948309421539,0.8562392592430115,0.531133845448494,0.3458227813243866
0.5358484387397766,0.2368833422660827,0.5576251149177551,0.2199225723743438,0.5069091320037842,0.2186600118875503,0.5769731998443604,0.2298775613307953,0.4822205901145935,0.228549987077713,0.6564066410064697,0.341786652803421,0.404864490032196,0.344231516122818,0.670377790927887,0.4645161032676697,0.3553635478019714,0.460271805524826,0.6385983824729919,0.5719923377037048,0.3937435746192932,0.5706800222396851,0.5889375805854797,0.580618679523468,0.4489969313144684,0.5795458555221558,0.5970620512962341,0.7579030990600586,0.4529127478599548,0.7435434460639954,0.5914856195449829,0.8678656816482544,0.4417399764060974,0.8481267094612122,0.5306355655193329,0.3430090844631195
0.5488095283508301,0.2293791770935058,0.5744976997375488,0.2128638625144958,0.5223941802978516,0.2114138305187225,0.5930140018463135,0.2216880619525909,0.5040357708930969,0.2207673490047454,0.671972393989563,0.3322962522506714,0.431272804737091,0.331555038690567,0.6806759834289551,0.4550232887268066,0.3869695663452148,0.444593071937561,0.6421100497245789,0.5639744400978088,0.4006527066230774,0.5533995032310486,0.5976659059524536,0.5692111849784851,0.4574954509735107,0.564226508140564,0.601916491985321,0.739331066608429,0.4710779190063476,0.7277700901031494,0.5988106727600098,0.8510169982910156,0.455311119556427,0.8358789682388306,0.551622599363327,0.3319256454706192
0.5133988857269287,0.2418499886989593,0.5383856892585754,0.2250530123710632,0.4870219230651855,0.2231274545192718,0.5585306882858276,0.2339110672473907,0.467186838388443,0.2319443821907043,0.6343940496444702,0.342283695936203,0.3959699273109436,0.3421132266521454,0.6505036354064941,0.4633105397224426,0.3539784550666809,0.4580888152122497,0.6204409003257751,0.5719597339630127,0.3434163928031921,0.5638368129730225,0.5587574243545532,0.5767338871955872,0.4235545098781585,0.5712377429008484,0.5636500716209412,0.7439063787460327,0.4343236982822418,0.7330494523048401,0.5603665113449097,0.8525605797767639,0.4246291518211365,0.8399633169174194,0.5151819884777069,0.3421984612941742
0.5015192031860352,0.2508218586444855,0.5220443606376648,0.2344934940338134,0.4742442965507507,0.2319264709949493,0.5390531420707703,0.2433312237262725,0.4471632540225982,0.2396406233310699,0.6078107357025146,0.351608544588089,0.3609138131141662,0.3498750030994415,0.6242504119873047,0.474790096282959,0.3200928568840027,0.4705152809619903,0.603496789932251,0.575964093208313,0.337059736251831,0.5775630474090576,0.5374937653541565,0.5894254446029663,0.4035119414329529,0.5855395793914795,0.5377942323684692,0.7611463665962219,0.4096423983573913,0.746713399887085,0.5423222184181213,0.8659554719924927,0.3986742198467254,0.8529469966888428,0.4843622744083404,0.3507417738437652
0.5411227941513062,0.2543375790119171,0.561295211315155,0.2391286492347717,0.5136550664901733,0.2356924712657928,0.5767422914505005,0.2488457560539245,0.4845315814018249,0.243832916021347,0.6452996730804443,0.3567981123924255,0.3991563320159912,0.3579950928688049,0.6682170629501343,0.4784920811653137,0.3753812313079834,0.4825380146503448,0.6744654774665833,0.5819864273071289,0.3813371062278747,0.5905376076698303,0.5871988534927368,0.5817734003067017,0.4572088718414306,0.5817429423332214,0.5857107043266296,0.7513703107833862,0.4544733166694641,0.7402842044830322,0.5870353579521179,0.8652383089065552,0.4449897706508636,0.8537248969078064,0.5222280025482178,0.3573966026306152
0.5297648310661316,0.2574460804462433,0.5554883480072021,0.2413339614868164,0.5039375424385071,0.2414765954017639,0.5754132270812988,0.2509561479091644,0.4854592382907867,0.2513380050659179,0.6520900726318359,0.3614221215248108,0.4090267121791839,0.363334596157074,0.6847437620162964,0.4805559813976288,0.3687217235565185,0.4790393710136413,0.7024637460708618,0.5935390591621399,0.3553494811058044,0.5835374593734741,0.5969032049179077,0.5898776650428772,0.4682126939296722,0.5910885334014893,0.6012564897537231,0.7639508843421936,0.4721082746982574,0.7537781596183777,0.6103118658065796,0.8706002831459045,0.4683089256286621,0.862758994102478,0.53055839240551,0.3623783588409424
0.496968924999237,0.2541360855102539,0.5280628800392151,0.2385856509208679,0.4799062609672546,0.2385129630565643,0.5549072623252869,0.248941034078598,0.4707059860229492,0.2495200932025909,0.6390184164047241,0.3588875532150268,0.398601621389389,0.3593091070652008,0.6596288084983826,0.4859572649002075,0.3683295547962188,0.4830055236816406,0.6513299942016602,0.599219024181366,0.365178644657135,0.5959079265594482,0.5770001411437988,0.5911981463432312,0.4457957148551941,0.5905560851097107,0.5797870755195618,0.7687463760375977,0.445596307516098,0.7558960318565369,0.5909282565116882,0.8684847354888916,0.4463817477226257,0.8616031408309937,0.5188100188970566,0.3590983301401138
0.346280962228775,0.2380021661520004,0.3677698969841003,0.2209896147251129,0.3543905615806579,0.2209995687007904,0.4142529964447021,0.2279516160488128,0.3877996802330017,0.2284766584634781,0.5596083998680115,0.3389288485050201,0.3273276090621948,0.3412730395793915,0.5815131664276123,0.4666232466697693,0.2807386219501495,0.4589857757091522,0.5744951367378235,0.5832058787345886,0.2849925756454468,0.5739981532096863,0.5047548413276672,0.5797329545021057,0.373027354478836,0.5759772658348083,0.527249276638031,0.7598609924316406,0.3944952189922333,0.7420088052749634,0.5492647886276245,0.8595718145370483,0.403078943490982,0.8482942581176758,0.4434680044651031,0.3401009440422058
0.3465974628925323,0.2248003482818603,0.3692975044250488,0.2047968804836273,0.3578962087631225,0.2047019600868225,0.4181555807590484,0.2116182893514633,0.3949954509735107,0.2120447754859924,0.5749403238296509,0.3276149928569793,0.3373551070690155,0.3290566802024841,0.6077213883399963,0.4587081372737884,0.2945263385772705,0.4476088583469391,0.618151068687439,0.5741725564002991,0.2926449179649353,0.5674665570259094,0.5232651233673096,0.5767086148262024,0.3834837973117828,0.576485812664032,0.5477796792984009,0.7453904747962952,0.4122459888458252,0.7366002202033997,0.5725442171096802,0.8711740970611572,0.426085889339447,0.8534663915634155,0.4561477154493332,0.3283358365297317
0.3605988323688507,0.2312445640563964,0.3817936778068542,0.211139291524887,0.3730297088623047,0.2127132713794708,0.4294423460960388,0.2164333164691925,0.4107977747917175,0.2178378403186798,0.582107424736023,0.3272761404514313,0.3623457252979278,0.3341441750526428,0.6239011287689209,0.4626432657241821,0.3229662775993347,0.453683465719223,0.6423412561416626,0.5887724161148071,0.3112509846687317,0.5651551485061646,0.53908371925354,0.590607762336731,0.4030002653598785,0.5881384611129761,0.5703890919685364,0.7693014144897461,0.4265182912349701,0.7514649033546448,0.6038692593574524,0.893291711807251,0.4451034665107727,0.8687013983726501,0.4722265750169754,0.330710157752037
0.4544954895973205,0.2490285038948059,0.4775466322898865,0.2312654107809066,0.4692006111145019,0.2305386960506439,0.530988335609436,0.2388831973075866,0.5113261938095093,0.2384986579418182,0.6570581197738647,0.3493300676345825,0.4830170273780823,0.3571535050868988,0.6671501398086548,0.4994514882564544,0.4381903111934662,0.4731110036373138,0.5713570713996887,0.6175038814544678,0.382864773273468,0.5744458436965942,0.6164785623550415,0.6216886043548584,0.4932153820991516,0.6169021725654602,0.6081683039665222,0.8065452575683594,0.5037009716033936,0.7893155813217163,0.6249895691871643,0.9641870856285096,0.5228221416473389,0.9074835181236268,0.5700375735759735,0.3532417863607406
0.4988245368003845,0.3645855784416199,0.517462968826294,0.3519526422023773,0.4777694344520569,0.3525430858135223,0.5352000594139099,0.3592066764831543,0.4602389931678772,0.3607080280780792,0.5905025005340576,0.4399047493934631,0.4047502875328064,0.438893049955368,0.6255531907081604,0.5243488550186157,0.3646481931209564,0.5294533967971802,0.6265274286270142,0.6101785898208618,0.3818718791007995,0.6119523644447327,0.5602538585662842,0.6297217011451721,0.4557657241821289,0.6306995153427124,0.5552670955657959,0.757781982421875,0.4678450226783752,0.7543761730194092,0.5471747517585754,0.8549947142601013,0.4782110154628753,0.8461730480194092,0.497626394033432,0.4393988996744156
0.5194898843765259,0.3699560463428497,0.5363708734512329,0.3579668700695038,0.4962697625160217,0.3578103184700012,0.553898811340332,0.3641518354415893,0.4777062535285949,0.3650738596916199,0.609880805015564,0.4434639811515808,0.4228843748569488,0.4439231157302856,0.6459493637084961,0.5286288261413574,0.3818379342556,0.534739077091217,0.6428776979446411,0.6124305129051208,0.3995078504085541,0.6167951226234436,0.5780406594276428,0.6339057087898254,0.4740415215492248,0.635050356388092,0.5703760385513306,0.7667253017425537,0.4810172021389007,0.765037477016449,0.5603455305099487,0.8624734282493591,0.4938081800937652,0.8537473678588867,0.5163825899362564,0.4436935484409332
0.5431509613990784,0.3653455376625061,0.5622895359992981,0.3527102768421173,0.5225569009780884,0.3528347313404083,0.5803258419036865,0.3589698076248169,0.5051735043525696,0.3595034480094909,0.6357856392860413,0.4375657439231872,0.4473713338375091,0.4365534484386444,0.6668320298194885,0.5269218683242798,0.4093808531761169,0.5270622968673706,0.6645008325576782,0.6129868030548096,0.4222418367862701,0.6112803220748901,0.5997917056083679,0.628747820854187,0.4937041401863098,0.6303755640983582,0.584397554397583,0.7570841312408447,0.5010004043579102,0.7537142038345337,0.5760855078697205,0.8545185327529907,0.5090044140815735,0.8430070877075195,0.5415784865617752,0.4370595961809158
0.5756998062133789,0.3797945082187652,0.5949763655662537,0.3677695691585541,0.5544037222862244,0.3672936260700226,0.6119663119316101,0.3741637766361236,0.5362346172332764,0.3742392957210541,0.6644042730331421,0.4553872346878052,0.4760634303092956,0.4505274593830108,0.6939736008644104,0.5435667037963867,0.4338296949863434,0.5420739054679871,0.6908482909202576,0.628996729850769,0.4476707875728607,0.6267828345298767,0.6244336366653442,0.6462283730506897,0.5204137563705444,0.6457639336585999,0.6072796583175659,0.7750539183616638,0.5226507186889648,0.7689931988716125,0.5971480011940002,0.8717489838600159,0.5283721089363098,0.8604773879051208,0.5702338516712189,0.452957347035408
0.5871461033821106,0.3492425382137298,0.6057756543159485,0.3365347683429718,0.5660426020622253,0.3360103964805603,0.6232478618621826,0.3434453308582306,0.5480263233184814,0.3427651822566986,0.67594313621521,0.423409104347229,0.4869565367698669,0.4203932881355285,0.703466534614563,0.5122560262680054,0.4436827600002289,0.5111384987831116,0.697279155254364,0.597219705581665,0.4555230736732483,0.5925206542015076,0.6312988996505737,0.6141557097434998,0.5247854590415955,0.6126437783241272,0.6122204065322876,0.742802083492279,0.5256044268608093,0.737050473690033,0.5992556810379028,0.8413684964179993,0.5305558443069458,0.8304305672645569,0.5814498364925385,0.4219011962413788
0.6122180819511414,0.3854641914367676,0.6296460628509521,0.37344890832901,0.589850902557373,0.3723296523094177,0.6455463171005249,0.3809321224689483,0.5699461102485657,0.3795792758464813,0.6951470375061035,0.4628046154975891,0.5077415108680725,0.4554855227470398,0.7222663164138794,0.5503618121147156,0.4605210423469543,0.5451120734214783,0.7168163061141968,0.6344155669212341,0.471453994512558,0.6273137927055359,0.6488637924194336,0.6543703079223633,0.5422654151916504,0.6511611342430115,0.6321966648101807,0.7856341004371643,0.5419802665710449,0.7787889838218689,0.6148859858512878,0.8807971477508545,0.5456124544143677,0.8690037131309509,0.601444274187088,0.4591450691223144
0.6198375225067139,0.404377669095993,0.6381866931915283,0.3925660848617553,0.5978606939315796,0.3915367424488067,0.6543017029762268,0.3990331888198852,0.578624427318573,0.39820197224617,0.7045929431915283,0.480997622013092,0.5155770778656006,0.4744713604450226,0.728257417678833,0.5720463991165161,0.4657090306282043,0.5630694031715393,0.7240079641342163,0.6559149622917175,0.4782323241233825,0.6480494141578674,0.6564744710922241,0.6730512976646423,0.5515760183334351,0.671212911605835,0.6342771649360657,0.8040085434913635,0.5475220084190369,0.7959533333778381,0.6151503920555115,0.8995152711868286,0.547914981842041,0.8899179100990295,0.6100850105285645,0.4777344912290573
0.6412097811698914,0.3934262990951538,0.6610181331634521,0.3819737732410431,0.62087482213974,0.3803715407848358,0.6766242384910583,0.3893822729587555,0.6015973687171936,0.3876955807209015,0.7225800156593323,0.4713100790977478,0.538258969783783,0.4615730345249176,0.7489624619483948,0.5614662766456604,0.4884865880012512,0.5499217510223389,0.7436269521713257,0.6443784832954407,0.497274100780487,0.6354418396949768,0.6753914952278137,0.6617754697799683,0.5707093477249146,0.6575585007667542,0.6515312194824219,0.7903271913528442,0.5648149847984314,0.7825600504875183,0.6329007744789124,0.8888848423957825,0.5656063556671143,0.8731811046600342,0.6304194927215576,0.4664415568113327
0.6425789594650269,0.3563150763511657,0.6623409986495972,0.3454625308513641,0.622320294380188,0.3446515500545501,0.677913248538971,0.3536633253097534,0.6033405065536499,0.3520085513591766,0.7276743650436401,0.4366210699081421,0.5387285351753235,0.4282527565956116,0.7553135752677917,0.5250406265258789,0.4915209412574768,0.5179547071456909,0.7489391565322876,0.6083409190177917,0.5032247304916382,0.5997628569602966,0.6806418299674988,0.627402126789093,0.5752536058425903,0.6246426105499268,0.6596601605415344,0.7569738030433655,0.5692377090454102,0.7482978701591492,0.6407511830329895,0.8505252599716187,0.5730945467948914,0.8403819799423218,0.6332014501094818,0.4324369132518768
0.6704286932945251,0.3893456161022186,0.686428427696228,0.3764192759990692,0.6489474177360535,0.3769200444221496,0.7024186849594116,0.3842140436172485,0.6299463510513306,0.3842044770717621,0.7546821236610413,0.4635162949562073,0.5714068412780762,0.4564434885978699,0.7789839506149292,0.5492323040962219,0.5259002447128296,0.542222797870636,0.7723060846328735,0.6298819184303284,0.5346176624298096,0.620399534702301,0.7060445547103882,0.6458900570869446,0.6046574115753174,0.6427367925643921,0.6832935810089111,0.7725252509117126,0.5988383293151855,0.7642983198165894,0.6659567356109619,0.8666173219680786,0.600824236869812,0.8545703887939453,0.6630444824695587,0.4599798917770386
0.593828558921814,0.3597853779792785,0.6150382161140442,0.3488740622997284,0.574764609336853,0.3498121798038482,0.6300591826438904,0.3578671813011169,0.5632189512252808,0.359447181224823,0.6813609004020691,0.4339145720005035,0.5157061219215393,0.4219471514225006,0.7646740078926086,0.4957066774368286,0.44551682472229,0.4505196213722229,0.8604685068130493,0.536713182926178,0.5680876970291138,0.4577954709529876,0.641308605670929,0.6161429286003113,0.5422399640083313,0.6128685474395752,0.6302511692047119,0.7335580587387085,0.5337660908699036,0.735406756401062,0.6158121228218079,0.8272190093994141,0.5475379824638367,0.8165187239646912,0.5985335111618042,0.4279308617115021
0.6051867008209229,0.3661786913871765,0.6249222755432129,0.3555478751659393,0.5872061848640442,0.3548209071159363,0.642271101474762,0.3628851771354675,0.5730175971984863,0.3634455502033233,0.6939215660095215,0.4408408403396606,0.521551787853241,0.4327669739723205,0.7488627433776855,0.508307695388794,0.4338580965995788,0.4887347817420959,0.808088481426239,0.553751528263092,0.4740975797176361,0.43237966299057,0.644019603729248,0.6202589869499207,0.5457603335380554,0.6165732145309448,0.6279287338256836,0.7395116090774536,0.5364490747451782,0.7389789819717407,0.6115403771400452,0.8294311165809631,0.5453464984893799,0.8230318427085876,0.6077366769313812,0.4368039071559906
0.5510678291320801,0.3683252930641174,0.565997302532196,0.3560366332530975,0.5287147164344788,0.3547621071338653,0.5806833505630493,0.3620941936969757,0.5087841749191284,0.3606202304363251,0.6268435120582581,0.4366220533847809,0.4486159384250641,0.4307249188423157,0.6487851738929749,0.5211916565895081,0.4037371575832367,0.5135137438774109,0.6322731971740723,0.596415102481842,0.4142626821994781,0.592613160610199,0.5830358266830444,0.6156119108200073,0.4855126738548279,0.6142356991767883,0.5698403120040894,0.739721417427063,0.4878051280975342,0.7360973358154297,0.5554037094116211,0.8293929696083069,0.4928884506225586,0.822327196598053,0.5377297252416611,0.4336734861135483
0.5430567264556885,0.3785978257656097,0.5592139959335327,0.3667533993721008,0.5214232802391052,0.3653923869132995,0.5742262601852417,0.3717605173587799,0.5020291805267334,0.3710387051105499,0.6203288435935974,0.4452298879623413,0.4409118592739105,0.4409948289394378,0.6469902992248535,0.529964029788971,0.3983186483383178,0.5252635478973389,0.634696364402771,0.6092302203178406,0.4085059762001037,0.6044918298721313,0.5784347057342529,0.625103235244751,0.481314092874527,0.6246276497840881,0.5608676671981812,0.7484316229820251,0.4825789332389831,0.7416289448738098,0.551252007484436,0.8386189937591553,0.4878855645656585,0.8305680751800537,0.530620351433754,0.4431123584508896
0.5449877381324768,0.3822334110736847,0.5618957877159119,0.3707522451877594,0.5239825248718262,0.3702786862850189,0.5758777856826782,0.3773228228092193,0.5059484243392944,0.3767990171909332,0.6189088821411133,0.4539788067340851,0.445622444152832,0.4454705119132995,0.6464102268218994,0.5384811758995056,0.3983043134212494,0.529455304145813,0.6502892374992371,0.6168485283851624,0.4096164107322693,0.6115140914916992,0.5778223276138306,0.6313032507896423,0.4842594265937805,0.6312977075576782,0.5597449541091919,0.7507261037826538,0.4842222332954407,0.7475452423095703,0.5517711043357849,0.8441693782806396,0.4890405237674713,0.8347765803337097,0.5322656631469727,0.4497246593236923
0.5400221943855286,0.3905517160892486,0.5563051700592041,0.3801629245281219,0.5179153084754944,0.3779644668102264,0.5695220232009888,0.3856346905231476,0.4978094696998596,0.3820367455482483,0.6104026436805725,0.4595843553543091,0.4349998533725738,0.4503040909767151,0.6400243043899536,0.5456006526947021,0.3888002634048462,0.535204291343689,0.6440891027450562,0.6255317330360413,0.4006299078464508,0.6157187819480896,0.5691896677017212,0.6371931433677673,0.4714618623256683,0.6371461749076843,0.5473002195358276,0.7593135833740234,0.4719942212104797,0.7533773183822632,0.5365540385246277,0.8511354327201843,0.4744725227355957,0.843832790851593,0.5227012485265732,0.4549442231655121
0.555999755859375,0.3865697085857391,0.5719553828239441,0.3756329417228699,0.5350005030632019,0.3739961981773376,0.5857126712799072,0.3827250599861145,0.514674186706543,0.3796634674072265,0.6268061399459839,0.4602286517620086,0.4528945982456207,0.4503766894340515,0.6534773707389832,0.5455213189125061,0.4048880934715271,0.5358728170394897,0.6531640291213989,0.624381422996521,0.4140678346157074,0.6163243055343628,0.5829590559005737,0.6391028165817261,0.4877124726772308,0.6377427577972412,0.5655356645584106,0.7614153027534485,0.4869229197502136,0.7564595341682434,0.5538910627365112,0.8554939031600952,0.4897685945034027,0.844796359539032,0.5398503690958023,0.4553026705980301
0.6048214435577393,0.3904008567333221,0.6242125034332275,0.3797840476036072,0.5864310264587402,0.3775178492069244,0.6380499005317688,0.3878688812255859,0.567861795425415,0.3840762674808502,0.6778356432914734,0.4658304452896118,0.5009071826934814,0.4535456299781799,0.7010496854782104,0.5530142188072205,0.4499828815460205,0.5395156741142273,0.6902600526809692,0.6329955458641052,0.4582749307155609,0.6218238472938538,0.6279700994491577,0.6440418362617493,0.5326487421989441,0.6418697834014893,0.6058743000030518,0.7666119337081909,0.5286709666252136,0.7603771686553955,0.5882858037948608,0.8557671308517456,0.5254327654838562,0.85049968957901,0.5893714129924774,0.4596880376338959
0.6560115218162537,0.4073905348777771,0.672812819480896,0.3962360322475433,0.6359612941741943,0.3943261802196502,0.6870892643928528,0.4048464596271515,0.6155128479003906,0.4010584652423858,0.7273654341697693,0.4826270341873169,0.546358048915863,0.4713859558105469,0.7453771829605103,0.5706091523170471,0.4969739317893982,0.5572351217269897,0.7335531115531921,0.6494008898735046,0.50296950340271,0.6377235054969788,0.6728062033653259,0.6635904908180237,0.5748633146286011,0.6601994037628174,0.6474743485450745,0.7893218398094177,0.565568745136261,0.7820431590080261,0.6286818385124207,0.8800118565559387,0.5635373592376709,0.872895359992981,0.6368617415428162,0.4770064949989319
0.6460387110710144,0.4010642468929291,0.6643387079238892,0.3918532431125641,0.6258886456489563,0.3881706595420837,0.6792653203010559,0.3996608853340149,0.6066550612449646,0.3937992453575134,0.7164825797080994,0.4784151911735534,0.5391545295715332,0.4652212262153625,0.7347534894943237,0.5643696188926697,0.4855735301971435,0.5485253930091858,0.7257158160209656,0.6448304057121277,0.4899736046791076,0.6301429271697998,0.6595191955566406,0.6579147577285767,0.5607296824455261,0.6531038880348206,0.631920337677002,0.7842122912406921,0.5493860840797424,0.7767683267593384,0.6117627024650574,0.8719745874404907,0.5454315543174744,0.8659690618515015,0.6278185546398163,0.471818208694458
0.6096007823944092,0.377847671508789,0.6267678141593933,0.3676666617393493,0.5887629389762878,0.3642602562904358,0.6405713558197021,0.3743606805801391,0.569091260433197,0.3698838055133819,0.6797318458557129,0.4525515735149383,0.5013951063156128,0.4412676990032196,0.6994924545288086,0.5397112369537354,0.4526540637016296,0.5243932008743286,0.6896805763244629,0.6143507361412048,0.4574555456638336,0.6034123301506042,0.6252615451812744,0.6302856802940369,0.528400719165802,0.6272206902503967,0.6018707752227783,0.7552851438522339,0.5215181112289429,0.7457913756370544,0.5856969952583313,0.8444401025772095,0.5216701626777649,0.8368086218833923,0.5905634760856628,0.446909636259079
0.6014231443405151,0.3845787644386291,0.6196789145469666,0.3739889562129974,0.581089198589325,0.3722225427627563,0.6336926817893982,0.3808518648147583,0.5631441473960876,0.3778331875801086,0.6727550625801086,0.4571462869644165,0.498568594455719,0.4464708864688873,0.6976110935211182,0.5432785153388977,0.4486657977104187,0.5304243564605713,0.6905962228775024,0.6214344501495361,0.4562553465366363,0.6132600903511047,0.6259363293647766,0.6357923150062561,0.5283399224281311,0.6334503889083862,0.604576587677002,0.7625280022621155,0.5257227420806885,0.7536635994911194,0.5903674364089966,0.851494550704956,0.5274359583854675,0.8429747819900513,0.5856618285179138,0.4518085867166519
