noseX,noseY,left_eyeX,left_eyeY,right_eyeX,right_eyeY,left_earX,left_earY,right_earX,right_earY,left_shoulderX,left_shoulderY,right_shoulderX,right_shoulderY,left_elbowX,left_elbowY,right_elbowX,right_elbowY,left_wristX,left_wristY,right_wristX,right_wristY,left_hipX,left_hipY,right_hipX,right_hipY,left_kneeX,left_kneeY,right_kneeX,right_kneeY,left_ankleX,left_ankleY,right_ankleX,right_ankleY,neckX,neckY
0.5817511677742004,0.3026606440544128,0.6031480431556702,0.2728967368602752,0.5612896680831909,0.2703821957111358,0.6347997784614563,0.2738140821456909,0.5297121405601501,0.2671769559383392,0.6706209778785706,0.4326117038726806,0.4739909172058105,0.4124516546726227,0.7752562165260315,0.5902538299560547,0.3217403292655945,0.4345357716083526,0.8150826096534729,0.435677021741867,0.1337100267410278,0.4211291670799255,0.6252193450927734,0.8288236260414124,0.4897322654724121,0.827335000038147,0.0,0.0,0.0,0.0,0.0,0.0,0.0,0.0,0.5729153752326965,0.4195883870124817
0.5795466303825378,0.300679475069046,0.6007428765296936,0.2706463932991028,0.5586775541305542,0.2696153521537781,0.6325596570968628,0.2698449790477752,0.5279121398925781,0.2678976058959961,0.6702555418014526,0.432639330625534,0.4738322794437408,0.4124097824096679,0.7755206823348999,0.591340959072113,0.3168785274028778,0.4357531368732452,0.8135113716125488,0.4340915381908417,0.1314929872751236,0.4229971468448639,0.6244782209396362,0.8273522257804871,0.4893103539943695,0.8269734382629395,0.0,0.0,0.0,0.0,0.0,0.0,0.0,0.0,0.5728563666343689,0.4197421669960022
0.5649778842926025,0.2563700973987579,0.5871401429176331,0.2260870784521103,0.5423499345779419,0.2286124229431152,0.622416615486145,0.2492357939481735,0.512483537197113,0.2580205798149109,0.6638212203979492,0.4279254972934723,0.4659787714481354,0.4065850675106048,0.7748656272888184,0.591044008731842,0.3086952865123749,0.4355550408363342,0.8060018420219421,0.4339504241943359,0.1133447363972663,0.4271820187568664,0.6168091893196106,0.8276242017745972,0.4823743402957916,0.8272436857223511,0.0,0.0,0.0,0.0,0.0,0.0,0.0,0.0,0.5648580193519592,0.4141293168067932
0.5628113150596619,0.2517550587654114,0.5843439698219299,0.2218940109014511,0.5396044254302979,0.2253131419420242,0.6207509636878967,0.2469216138124466,0.5112563371658325,0.256346046924591,0.6628465056419373,0.4278028905391693,0.4628684222698211,0.4059143364429474,0.7742762565612793,0.5897262692451477,0.3067856729030609,0.4344785511493683,0.8057065606117249,0.4332138001918793,0.1061095520853996,0.4226405620574951,0.6157858967781067,0.8300111889839172,0.4801730215549469,0.8284680247306824,0.0,0.0,0.0,0.0,0.0,0.0,0.0,0.0,0.5638368725776672,0.4137960076332092
0.5469792485237122,0.2384253293275833,0.5701928734779358,0.2106416523456573,0.5265825390815735,0.216641291975975,0.6124549508094788,0.2414533346891403,0.5035893321037292,0.252916008234024,0.6560837030410767,0.4263188242912292,0.4559047520160675,0.4062488079071045,0.7649497985839844,0.5907959342002869,0.2984629273414612,0.4333982467651367,0.8275704979896545,0.4294066727161407,0.1009318679571151,0.4206584095954895,0.6113706827163696,0.8328466415405273,0.4784367978572845,0.8323525786399841,0.0,0.0,0.0,0.0,0.0,0.0,0.0,0.0,0.5583379864692688,0.4158768653869629
0.5466402769088745,0.2370718419551849,0.5695096850395203,0.2090357989072799,0.5255224704742432,0.21522818505764,0.6102257966995239,0.2395891994237899,0.5012226700782776,0.2519071102142334,0.6554264426231384,0.4273368418216705,0.4545609951019287,0.4063870310783386,0.7680063247680664,0.5861835479736328,0.2968728244304657,0.4331337511539459,0.8456841111183167,0.449691504240036,0.0982406213879585,0.422692209482193,0.6085764765739441,0.8329160809516907,0.4772333800792694,0.8319753408432007,0.0,0.0,0.0,0.0,0.0,0.0,0.0,0.0,0.5570012927055359,0.4170160889625549
0.5458323359489441,0.2362340688705444,0.5689783692359924,0.2090519964694976,0.5242663025856018,0.214191272854805,0.6088980436325073,0.2417045533657074,0.4989163875579834,0.2523716390132904,0.6530869603157043,0.4266671538352966,0.4522926807403564,0.4062261581420898,0.773296058177948,0.5826777815818787,0.2944983541965484,0.4333216845989227,0.8674461245536804,0.4524109959602356,0.0962435081601142,0.4236349165439605,0.6085476279258728,0.8325285911560059,0.4772854745388031,0.8320041298866272,0.0,0.0,0.0,0.0,0.0,0.0,0.0,0.0,0.554583728313446,0.4170126020908355
0.542025625705719,0.2332491129636764,0.5636121034622192,0.2060365676879882,0.5217408537864685,0.2125343531370163,0.604987621307373,0.236921027302742,0.4984007179737091,0.2511436343193054,0.652858555316925,0.4248675405979156,0.4518623650074005,0.4062198102474212,0.7773856520652771,0.5758987069129944,0.2941522300243377,0.4342882931232452,0.908961832523346,0.458823949098587,0.0964281111955642,0.4272696077823639,0.6077936291694641,0.8335636258125305,0.4773055016994476,0.8332629799842834,0.0,0.0,0.0,0.0,0.0,0.0,0.0,0.0,0.5542855858802795,0.4165822565555572
0.5386514663696289,0.2306912094354629,0.5606135129928589,0.2049889117479324,0.5186592936515808,0.2120580971240997,0.6011613011360168,0.2382865250110626,0.4947616159915924,0.2529753744602203,0.6524702310562134,0.4249543845653534,0.4493136405944824,0.4080115854740143,0.775163471698761,0.5784050822257996,0.2922552525997162,0.4368422329425812,0.9214285612106324,0.487445592880249,0.0938946604728698,0.4346706867218017,0.607318103313446,0.8429157137870789,0.4748687446117401,0.8341645002365112,0.0,0.0,0.0,0.0,0.0,0.0,0.0,0.0,0.5530666708946228,0.4172579348087311
0.5379267334938049,0.230959877371788,0.5597996115684509,0.2048249691724777,0.5179629921913147,0.2119835764169693,0.6007190942764282,0.238129124045372,0.4940769374370575,0.2528328597545624,0.6504436135292053,0.4254988729953766,0.4491526484489441,0.4085757136344909,0.7735602259635925,0.5802512168884277,0.2856143414974212,0.4376706480979919,0.9013832211494446,0.460903912782669,0.092160128057003,0.4352241158485412,0.6053324341773987,0.8363080024719238,0.474731832742691,0.8343269228935242,0.0,0.0,0.0,0.0,0.0,0.0,0.0,0.0,0.5517401099205017,0.4181089103221893
0.5372660756111145,0.2310976982116699,0.55924391746521,0.2046059072017669,0.5169080495834351,0.2118793576955795,0.6004868149757385,0.2370219230651855,0.4930071830749511,0.2522352039813995,0.6494288444519043,0.4251384139060974,0.4494303166866302,0.4088622033596039,0.7726640701293945,0.5833531618118286,0.2916207611560821,0.4389452934265136,0.8787409067153931,0.4535450935363769,0.0921788662672042,0.4376413822174072,0.6044842004776001,0.8365917205810547,0.4744585454463959,0.8343943357467651,0.0,0.0,0.0,0.0,0.0,0.0,0.0,0.0,0.5512498617172241,0.4179324805736542
0.5377818942070007,0.2299425899982452,0.5597420930862427,0.2037271410226822,0.517961859703064,0.2103236615657806,0.6006184220314026,0.2362538427114486,0.4931275248527527,0.2494475990533828,0.6487704515457153,0.425802618265152,0.4490743577480316,0.4086536765098572,0.7668103575706482,0.5857495665550232,0.2852282226085663,0.4387889206409454,0.8291934132575989,0.4283557534217834,0.0885820984840393,0.4376462399959564,0.6052900552749634,0.836004912853241,0.4745786786079407,0.8342611193656921,0.0,0.0,0.0,0.0,0.0,0.0,0.0,0.0,0.5506358742713928,0.4173578917980194
0.5367177724838257,0.2302623093128204,0.5583913326263428,0.2036687433719635,0.5171611905097961,0.2100839465856552,0.5979529619216919,0.2361709326505661,0.4930408000946045,0.2484068870544433,0.6481032371520996,0.4256888031959533,0.448575884103775,0.408343493938446,0.7618247270584106,0.591244101524353,0.2913684248924255,0.4370852410793304,0.8024801015853882,0.4351284205913543,0.0879059880971908,0.4356319904327392,0.6069250106811523,0.8351567983627319,0.4751401841640472,0.8341780304908752,0.0,0.0,0.0,0.0,0.0,0.0,0.0,0.0,0.5500775575637817,0.416782796382904
0.5370160937309265,0.2293294966220855,0.5586780309677124,0.2038589864969253,0.5173508524894714,0.2093378603458404,0.5956813097000122,0.236256718635559,0.4919106960296631,0.2476768791675567,0.6459975242614746,0.4240213930606842,0.4446551203727722,0.4081360995769501,0.756595253944397,0.5948594212532043,0.2823027372360229,0.4354886412620544,0.7811676263809204,0.4365078508853912,0.0829024985432624,0.4331699907779693,0.6061517000198364,0.8366245031356812,0.4736522138118744,0.8435621857643127,0.0,0.0,0.0,0.0,0.0,0.0,0.0,0.0,0.5479744672775269,0.4158291220664978
0.5362957119941711,0.2272686511278152,0.5576954483985901,0.2023760229349136,0.516332745552063,0.2083378732204437,0.5932314991950989,0.2356383055448532,0.4905842840671539,0.2480300813913345,0.6456114053726196,0.4237549304962158,0.443077951669693,0.4072719216346741,0.7548837065696716,0.5992861986160278,0.2837598323822021,0.4308494031429291,0.7665553092956543,0.4408668577671051,0.0909566208720207,0.4219917953014374,0.6053577065467834,0.8353077173233032,0.4734560847282409,0.8345176577568054,0.0,0.0,0.0,0.0,0.0,0.0,0.0,0.0,0.5474863648414612,0.415442019701004
0.5346971154212952,0.2263940274715423,0.5558851361274719,0.2011547088623047,0.5146157145500183,0.206681877374649,0.5910180807113647,0.2352112829685211,0.4878217875957489,0.2466241121292114,0.6419864892959595,0.4265639781951904,0.4399128258228302,0.4081996083259582,0.7527914643287659,0.6012805700302124,0.2799974381923675,0.427503377199173,0.7626601457595825,0.4324232637882232,0.0788880810141563,0.4150745272636413,0.6018096804618835,0.8350337743759155,0.4686750769615173,0.8342079520225525,0.0,0.0,0.0,0.0,0.0,0.0,0.0,0.0,0.5448214411735535,0.4163548052310943
0.5372439622879028,0.2279976457357406,0.559285044670105,0.2031359523534774,0.5169839859008789,0.208037182688713,0.594423770904541,0.237412616610527,0.4897701144218445,0.2477907985448837,0.6413674354553223,0.4319327175617218,0.4400145411491394,0.4074647426605224,0.7426764369010925,0.605118453502655,0.2818552553653717,0.4252684414386749,0.7782093286514282,0.4502083957195282,0.0748083218932151,0.4129190742969513,0.5982150435447693,0.8357883095741272,0.4662921130657196,0.8344143033027649,0.0,0.0,0.0,0.0,0.0,0.0,0.0,0.0,0.5438641905784607,0.418479174375534
0.5423660278320312,0.2275923490524292,0.5639989972114563,0.203689694404602,0.5228242874145508,0.2069926261901855,0.5992370247840881,0.2401352822780609,0.4951537251472473,0.2466466575860977,0.6448597311973572,0.4339369833469391,0.4432190358638763,0.4068843424320221,0.7393122315406799,0.6121817231178284,0.2831231355667114,0.4320118725299835,0.8147560358047485,0.4708676338195801,0.0792804732918739,0.4298656582832336,0.598849892616272,0.834370493888855,0.4687847793102264,0.8344264030456543,0.0,0.0,0.0,0.0,0.0,0.0,0.0,0.0,0.5466555953025818,0.4206399321556091
0.5479201078414917,0.2300959974527359,0.5692874789237976,0.2047343701124191,0.526667594909668,0.2093632072210312,0.6051195859909058,0.2383356541395187,0.5002790689468384,0.2479921877384185,0.6503119468688965,0.4328021705150604,0.4504011273384094,0.4088886082172394,0.7404235601425171,0.6085417866706848,0.2849324941635132,0.4418384134769439,0.8623839020729065,0.5103947520256042,0.0870827957987785,0.4425309300422668,0.6055210828781128,0.8325790166854858,0.4755429625511169,0.8318839073181152,0.0,0.0,0.0,0.0,0.0,0.0,0.0,0.0,0.5524085760116577,0.4218592643737793
0.5522821545600891,0.2319839000701904,0.5736589431762695,0.2061199843883514,0.5296828746795654,0.2109184712171554,0.6095336675643921,0.2384140491485595,0.5020589828491211,0.2491215616464615,0.6536363363265991,0.4312317967414856,0.452474981546402,0.4092870354652405,0.7453750967979431,0.6117578744888306,0.2840794622898102,0.4486647248268127,0.8815708160400391,0.5431689023971558,0.0904827043414115,0.454937070608139,0.610715925693512,0.8333630561828613,0.4773312509059906,0.8321689367294312,0.0,0.0,0.0,0.0,0.0,0.0,0.0,0.0,0.5552284717559814,0.4211489856243133
0.5551987886428833,0.2341010719537735,0.5759085416793823,0.2083920687437057,0.5314874649047852,0.2133986204862594,0.6118831038475037,0.241925835609436,0.5037551522254944,0.2536023259162903,0.6537963151931763,0.433300256729126,0.4555575847625732,0.4101869761943817,0.7454685568809509,0.6107997298240662,0.2877561748027801,0.447515457868576,0.8718592524528503,0.5076143145561218,0.0948731750249862,0.4518789649009704,0.6113485097885132,0.8309909701347351,0.4794912338256836,0.8309526443481445,0.0,0.0,0.0,0.0,0.0,0.0,0.0,0.0,0.5564953684806824,0.4228437840938568
0.5497669577598572,0.2354152947664261,0.5713549852371216,0.2093155235052108,0.5277396440505981,0.2155864387750625,0.6074131727218628,0.2419579476118087,0.5014649629592896,0.2545073330402374,0.6524143815040588,0.4326562881469726,0.4558044970035553,0.4118116497993469,0.7507367134094238,0.6109305024147034,0.2877833247184753,0.4501406252384186,0.8298758268356323,0.4769196212291717,0.0941052958369255,0.4562365710735321,0.611075222492218,0.8313655257225037,0.4788149297237396,0.8317553400993347,0.0,0.0,0.0,0.0,0.0,0.0,0.0,0.0,0.5555352568626404,0.4218995869159698
0.5456109642982483,0.233644813299179,0.5672746300697327,0.2083457261323928,0.5243586301803589,0.2140438854694366,0.6018771529197693,0.2419876307249069,0.4976651668548584,0.2534378468990326,0.6497614979743958,0.4337288439273834,0.4528618454933166,0.4131021499633789,0.7503395676612854,0.6112019419670105,0.2808748781681061,0.4556294083595276,0.7976455688476562,0.4525612294673919,0.0895386785268783,0.4649785459041595,0.609586238861084,0.831405758857727,0.4775074124336242,0.8313552141189575,0.0,0.0,0.0,0.0,0.0,0.0,0.0,0.0,0.5535450577735901,0.4218564331531524
0.5402900576591492,0.2357827275991439,0.562602162361145,0.211244598031044,0.5206493735313416,0.2165530025959015,0.5981181859970093,0.2442432641983032,0.4956872463226318,0.25456503033638,0.6474184989929199,0.4339688420295715,0.4508982598781585,0.4130185544490814,0.7509211897850037,0.6127680540084839,0.2800526022911072,0.4582715332508087,0.7821314930915833,0.4519312679767608,0.0905141979455947,0.4717918038368225,0.608024537563324,0.8293972015380859,0.4768747985363006,0.8292811512947083,0.0,0.0,0.0,0.0,0.0,0.0,0.0,0.0,0.5514443516731262,0.4217076599597931
0.5665425062179565,0.2749227285385132,0.5896119475364685,0.2462688982486724,0.5450999140739441,0.2483545839786529,0.6228811144828796,0.2649930417537689,0.5168947577476501,0.2724539935588836,0.657143771648407,0.4449564516544342,0.4670016467571258,0.4190119206905365,0.7507173418998718,0.6254310607910156,0.3186072409152984,0.4613039791584015,0.7839376330375671,0.4688379168510437,0.1210684925317764,0.4798499941825866,0.6126851439476013,0.8180174827575684,0.4834012389183044,0.8173037171363831,0.0,0.0,0.0,0.0,0.0,0.0,0.0,0.0,0.56312096118927,0.4300577044486999
0.559154748916626,0.2523215711116791,0.5789816975593567,0.2223616391420364,0.5365069508552551,0.2295547723770141,0.6165485978126526,0.2503728568553924,0.5126546621322632,0.2683733999729156,0.6572133302688599,0.4402784705162048,0.463040828704834,0.4178701937198639,0.7509608864784241,0.6272976994514465,0.3116467297077179,0.4532668590545654,0.7995405197143555,0.4728260040283203,0.1079507991671562,0.4621850848197937,0.6100708246231079,0.8295852541923523,0.4801909327507019,0.8290613889694214,0.0,0.0,0.0,0.0,0.0,0.0,0.0,0.0,0.5610545873641968,0.4269440770149231
0.5495919585227966,0.240054577589035,0.571670413017273,0.2123030573129654,0.5280284881591797,0.2199465483427047,0.6112154722213745,0.2451367080211639,0.5036537647247314,0.2587171792984009,0.6534875631332397,0.4373674988746643,0.4574288427829742,0.4123983383178711,0.7469977736473083,0.6195162534713745,0.2990324795246124,0.447692722082138,0.8439111113548279,0.5054342746734619,0.0983814969658851,0.4529894888401031,0.6043828129768372,0.8333131670951843,0.475414901971817,0.8318038582801819,0.0,0.0,0.0,0.0,0.0,0.0,0.0,0.0,0.5566507577896118,0.4251315593719482
0.5481874346733093,0.2348442822694778,0.5705130100250244,0.2082251757383346,0.5264435410499573,0.214054062962532,0.6077844500541687,0.2411328703165054,0.4996371269226074,0.253377765417099,0.6516917943954468,0.4346348643302917,0.4529972374439239,0.4104049503803253,0.7522162795066833,0.6127006411552429,0.2867538332939148,0.4486539661884308,0.8673345446586609,0.4995112717151642,0.0930369421839714,0.4521536529064178,0.6020011901855469,0.8329802751541138,0.4733749032020569,0.8311272263526917,0.0,0.0,0.0,0.0,0.0,0.0,0.0,0.0,0.5544968843460083,0.4232698976993561
0.5439863801002502,0.2288364619016647,0.5651029944419861,0.2042678445577621,0.5244374871253967,0.2099473774433136,0.6033837199211121,0.2398539036512375,0.4987740516662597,0.2520413994789123,0.6504273414611816,0.4325247704982757,0.4505936205387115,0.4095065891742706,0.751406729221344,0.6081528663635254,0.2834444940090179,0.4488498866558075,0.8779563903808594,0.5090487003326416,0.082000732421875,0.4571831822395324,0.6012019515037537,0.8339372873306274,0.4706776142120361,0.8323034048080444,0.0,0.0,0.0,0.0,0.0,0.0,0.0,0.0,0.552010178565979,0.4221503734588623
0.5427191853523254,0.2257481515407562,0.5632358193397522,0.2001357823610305,0.5223187208175659,0.2071676105260849,0.5995606184005737,0.2355983406305313,0.4951652884483337,0.250027596950531,0.6480696797370911,0.4296498894691467,0.4477788507938385,0.4084301590919494,0.7499109506607056,0.6050066947937012,0.2801892161369324,0.4505408406257629,0.884263813495636,0.5162738561630249,0.0788273960351944,0.4589463770389557,0.600965142250061,0.8360689282417297,0.4695611596107483,0.8337976336479187,0.0,0.0,0.0,0.0,0.0,0.0,0.0,0.0,0.5489481091499329,0.4200336039066314
0.539260745048523,0.2231710702180862,0.5593193173408508,0.1979454904794693,0.519555389881134,0.2056870609521865,0.5979489088058472,0.2343355864286422,0.493753045797348,0.2485530525445938,0.6473535299301147,0.4299729764461517,0.444775253534317,0.4076083600521087,0.7467018365859985,0.6063395142555237,0.2788284122943878,0.4506659805774688,0.8814228773117065,0.5197312235832214,0.0734436064958572,0.4593426883220672,0.5989814400672913,0.8442663550376892,0.4675044417381286,0.8353402018547058,0.0,0.0,0.0,0.0,0.0,0.0,0.0,0.0,0.547565758228302,0.4195626676082611
0.5354233384132385,0.2158308774232864,0.5550277233123779,0.1915199756622314,0.5154221057891846,0.2013343274593353,0.5958395600318909,0.2293105572462082,0.4921021163463592,0.2479506433010101,0.6453129649162292,0.4295913577079773,0.4426064193248749,0.4066198766231537,0.7421173453330994,0.6116675734519958,0.2754176259040832,0.4490269124507904,0.863686740398407,0.4882598221302032,0.0670497864484787,0.4594414830207824,0.5967544317245483,0.8433129191398621,0.4658209979534149,0.8347722887992859,0.0,0.0,0.0,0.0,0.0,0.0,0.0,0.0,0.5455194115638733,0.4188322722911834
0.5314636826515198,0.2174202650785446,0.5514722466468811,0.1911293268203735,0.5121994018554688,0.2008850127458572,0.5931472778320312,0.2261372357606887,0.4901083409786224,0.2443626374006271,0.6446737051010132,0.429812490940094,0.440649926662445,0.407133400440216,0.7434903383255005,0.6152834892272949,0.2718306481838226,0.4507574141025543,0.8252321481704712,0.4750427305698395,0.0648608282208442,0.4633252620697021,0.5965669751167297,0.844327986240387,0.4635999202728271,0.8432913422584534,0.0,0.0,0.0,0.0,0.0,0.0,0.0,0.0,0.5443030595779419,0.4185532033443451
0.5320222973823547,0.2153700143098831,0.5514498949050903,0.1904429644346237,0.5122121572494507,0.1996009200811386,0.5910549163818359,0.2269729077816009,0.4888029098510742,0.243475079536438,0.6421223282814026,0.4284660816192627,0.439031183719635,0.4075763523578644,0.7430833578109741,0.6163000464439392,0.2657031714916229,0.451566606760025,0.7987837195396423,0.4667788445949554,0.0629311501979827,0.4633638858795166,0.5988057851791382,0.8359126448631287,0.4661154150962829,0.8343513607978821,0.0,0.0,0.0,0.0,0.0,0.0,0.0,0.0,0.5431638956069946,0.4182685017585754
0.5361926555633545,0.2108958661556244,0.5554026961326599,0.1894952058792114,0.5151829123497009,0.1964543610811233,0.5885860323905945,0.2279657572507858,0.4875343143939972,0.2423524111509323,0.6380444169044495,0.4259847700595855,0.436713844537735,0.407701164484024,0.7392721176147461,0.6162165403366089,0.2594150006771087,0.4543447196483612,0.7716665863990784,0.4605273604393005,0.0580730997025966,0.4658236503601074,0.5992187261581421,0.83537757396698,0.4663422405719757,0.833756148815155,0.0,0.0,0.0,0.0,0.0,0.0,0.0,0.0,0.5406420826911926,0.4165601432323456
0.5362628102302551,0.2127491980791092,0.5554394125938416,0.1913426220417022,0.5149426460266113,0.1970426887273788,0.5874885320663452,0.2311676442623138,0.4862676560878753,0.2414605170488357,0.6366592049598694,0.4256550967693329,0.4356624186038971,0.4081211686134338,0.7362141013145447,0.6188008189201355,0.2584337592124939,0.4562496542930603,0.7596511244773865,0.4525821506977081,0.0556384697556495,0.4682132601737976,0.5998625755310059,0.8355989456176758,0.4679531455039978,0.8342025876045227,0.0,0.0,0.0,0.0,0.0,0.0,0.0,0.0,0.5394452214241028,0.4163015484809875
0.5359025597572327,0.212053045630455,0.5551490783691406,0.1909191608428955,0.5147027373313904,0.1961243897676468,0.5870453119277954,0.2309781461954116,0.4856657683849334,0.240120381116867,0.6358019709587097,0.4303810894489288,0.4340379238128662,0.4088509678840637,0.7336178421974182,0.6201359033584595,0.2591985464096069,0.4539198875427246,0.7681606411933899,0.4591324925422668,0.0475336574018001,0.4652664363384247,0.5968623161315918,0.8354790806770325,0.4632904827594757,0.8330466151237488,0.0,0.0,0.0,0.0,0.0,0.0,0.0,0.0,0.5375383496284485,0.4191532433032989
0.5358262658119202,0.212321326136589,0.5554218888282776,0.1909940093755722,0.5142500400543213,0.1968931853771209,0.5889008641242981,0.234203889966011,0.4862547814846039,0.2432132959365844,0.6381359100341797,0.429286926984787,0.4344489574432373,0.4081888198852539,0.730889618396759,0.6191226840019226,0.2615984976291656,0.4512117505073547,0.8199151754379272,0.4886801242828369,0.0508915521204471,0.46151003241539,0.5962058901786804,0.8442474603652954,0.4617879390716553,0.8445333242416382,0.0,0.0,0.0,0.0,0.0,0.0,0.0,0.0,0.536458432674408,0.4195725619792938
0.5449708104133606,0.2130588740110397,0.563774585723877,0.1941306591033935,0.5241782069206238,0.1972515732049942,0.5939580798149109,0.2389257401227951,0.4929377436637878,0.2439373284578323,0.6426196694374084,0.4310371279716491,0.4400084316730499,0.4078176319599151,0.7327000498771667,0.6193035244941711,0.2729018032550812,0.4490391910076141,0.8558060526847839,0.5257731080055237,0.0639833807945251,0.4632030129432678,0.5987764000892639,0.8441886901855469,0.4686885476112366,0.8446952104568481,0.0,0.0,0.0,0.0,0.0,0.0,0.0,0.0,0.5426181554794312,0.4206701815128326
0.5544434785842896,0.2187239080667495,0.5726499557495117,0.1971578449010849,0.5335192084312439,0.2016975432634353,0.6029121279716492,0.236348956823349,0.5049393773078918,0.2451808452606201,0.6490885615348816,0.4323754906654358,0.4479303359985351,0.4069240987300873,0.7420099377632141,0.6166144609451294,0.2809397578239441,0.4486346840858459,0.8718021512031555,0.5373576283454895,0.0804172232747078,0.4591067731380462,0.6054487228393555,0.8342226147651672,0.474168598651886,0.8326765894889832,0.0,0.0,0.0,0.0,0.0,0.0,0.0,0.0,0.5498201251029968,0.4208617508411407
0.5558833479881287,0.2210866063833236,0.5745764374732971,0.1996676921844482,0.5342355370521545,0.2040446698665619,0.6042487025260925,0.2386308908462524,0.5048443078994751,0.2483399361371994,0.6499704122543335,0.4349623024463653,0.4500978291034698,0.4093864262104034,0.7401925325393677,0.6210320591926575,0.2836431562900543,0.4461565911769867,0.8508144617080688,0.4993397295475006,0.0832299143075943,0.4505980312824249,0.606722354888916,0.834346354007721,0.4767868518829345,0.8339108824729919,0.0,0.0,0.0,0.0,0.0,0.0,0.0,0.0,0.5518040060997009,0.4233222603797912
0.5500172972679138,0.2228161990642547,0.5697354674339294,0.20304836332798,0.5292544960975647,0.2054852992296219,0.598892092704773,0.2435588985681533,0.4994621872901916,0.2501116693019867,0.6458740830421448,0.4348298013210296,0.4481122195720672,0.4103274643421173,0.7364674210548401,0.6266142129898071,0.2826735079288482,0.4457614123821258,0.8032587170600891,0.4844116568565368,0.0826828703284263,0.4471174776554107,0.6083654165267944,0.8334161639213562,0.4749849438667297,0.8343114256858826,0.0,0.0,0.0,0.0,0.0,0.0,0.0,0.0,0.5494208335876465,0.4227073490619659
0.5409857034683228,0.2255935370922088,0.5612269043922424,0.2025113552808761,0.5214388966560364,0.2079925537109375,0.5946105718612671,0.2382862120866775,0.4931847751140594,0.2529458403587341,0.6407150626182556,0.434003621339798,0.4434364736080169,0.4119567275047302,0.7273811101913452,0.6330018043518066,0.2760925889015198,0.4521062970161438,0.7604889869689941,0.4741757214069366,0.0773447677493095,0.458919495344162,0.6041193604469299,0.8321266174316406,0.4722387492656708,0.8331446647644043,0.0,0.0,0.0,0.0,0.0,0.0,0.0,0.0,0.5456380844116211,0.4205248057842254
0.5358895659446716,0.2243997752666473,0.5563782453536987,0.2018963247537613,0.5166195034980774,0.2077690660953521,0.590480387210846,0.2402944862842559,0.4894097447395324,0.2535311579704284,0.6381145119667053,0.4370871186256408,0.4411375224590301,0.4134869575500488,0.7278178930282593,0.6309463381767273,0.2723813056945801,0.4523288309574127,0.7679163217544556,0.4754343032836914,0.0721358880400657,0.4564857184886932,0.6022891998291016,0.8336016535758972,0.471217006444931,0.8340719938278198,0.0,0.0,0.0,0.0,0.0,0.0,0.0,0.0,0.5430153608322144,0.4237821102142334
0.5419197678565979,0.2280163913965225,0.5638405084609985,0.2061177641153335,0.5220906734466553,0.2088398039340973,0.5972725749015808,0.2481497973203659,0.4924749732017517,0.253792941570282,0.639773428440094,0.4370662569999695,0.442909300327301,0.4103325009346008,0.7302135825157166,0.6205653548240662,0.2815690338611603,0.4414791762828827,0.8435860872268677,0.5127337574958801,0.0803241804242134,0.4416421949863434,0.5988406538963318,0.8350762128829956,0.4697370231151581,0.8349661231040955,0.0,0.0,0.0,0.0,0.0,0.0,0.0,0.0,0.5428639650344849,0.4245682656764984
0.5495352745056152,0.2262897938489914,0.5707773566246033,0.2055325210094452,0.5286000967025757,0.2074503600597381,0.6014264822006226,0.244037315249443,0.4991931915283203,0.2494047582149505,0.6439868807792664,0.4378047585487366,0.4467974007129669,0.4120213389396667,0.7348529696464539,0.6219382882118225,0.2799300849437713,0.4583891034126282,0.8294677138328552,0.4907924234867096,0.082091636955738,0.4795220494270324,0.6012412309646606,0.8296073079109192,0.4716279804706573,0.8303521275520325,0.0,0.0,0.0,0.0,0.0,0.0,0.0,0.0,0.5467907786369324,0.4247907102108001
0.5500554442405701,0.225827470421791,0.571078360080719,0.2053086906671524,0.5288664698600769,0.2060134708881378,0.6003798842430115,0.24404077231884,0.4992010593414306,0.2476330250501632,0.643824577331543,0.4367730021476745,0.4487915933132171,0.4142806231975555,0.7344937324523926,0.621768057346344,0.2760708034038543,0.4865412712097168,0.8086307644844055,0.4853149354457855,0.0917621105909347,0.5413362383842468,0.6045659780502319,0.8172162175178528,0.4752292931079864,0.818510890007019,0.0,0.0,0.0,0.0,0.0,0.0,0.0,0.0,0.5478888750076294,0.4254197776317596
0.5450731515884399,0.2245333194732666,0.5653837323188782,0.2016409933567047,0.5244458913803101,0.2055480778217315,0.5977047681808472,0.2386802434921264,0.4962086379528045,0.2482828348875045,0.6445433497428894,0.4345981776714325,0.4488714039325714,0.413788378238678,0.7368150949478149,0.6192896962165833,0.2780857980251312,0.4925445020198822,0.810562014579773,0.4746997654438019,0.0921495333313942,0.5553083419799805,0.6042221784591675,0.8174433708190918,0.4728634655475616,0.8183684349060059,0.0,0.0,0.0,0.0,0.0,0.0,0.0,0.0,0.5474404692649841,0.4235225617885589
0.542488157749176,0.2234465032815933,0.562955379486084,0.2002785354852676,0.5232847929000854,0.2045187950134277,0.595353901386261,0.2380097657442093,0.4957427978515625,0.2463542968034744,0.6431447267532349,0.4346205294132232,0.4450102746486664,0.4118199646472931,0.73897784948349,0.6200483441352844,0.2770881652832031,0.4835813641548157,0.7939502596855164,0.4648098349571228,0.0883641615509986,0.537570059299469,0.6023951172828674,0.8290827870368958,0.4703589975833893,0.8279628753662109,0.0,0.0,0.0,0.0,0.0,0.0,0.0,0.0,0.5458841919898987,0.4218126833438873
0.5436373949050903,0.2239580899477005,0.5641393661499023,0.2014942914247512,0.524511992931366,0.2046945840120315,0.5962287783622742,0.2391325533390045,0.4963636696338653,0.2462214082479477,0.640367329120636,0.4361423850059509,0.4428402781486511,0.4076458811759949,0.7365304231643677,0.6294234991073608,0.2753324210643768,0.4556387066841125,0.7770601511001587,0.4740288853645324,0.07400494068861,0.4690937101840973,0.6004651784896851,0.834560215473175,0.4682688117027282,0.8334296941757202,0.0,0.0,0.0,0.0,0.0,0.0,0.0,0.0,0.5449851751327515,0.4208578765392303
0.5509868860244751,0.2229136526584625,0.5713969469070435,0.2003655731678009,0.5306714177131653,0.2038205862045288,0.6020569205284119,0.2381381094455719,0.5026429891586304,0.2443384975194931,0.6435004472732544,0.4404813945293426,0.4442441761493683,0.4049941599369049,0.7306161522865295,0.6352189779281616,0.2944534718990326,0.4109863936901092,0.7762109637260437,0.4858768880367279,0.0768609195947647,0.3711671531200409,0.5983760952949524,0.8352447748184204,0.4679619967937469,0.8345103859901428,0.0,0.0,0.0,0.0,0.0,0.0,0.0,0.0,0.5470627546310425,0.420851469039917
0.5575826168060303,0.2274506390094757,0.5792926549911499,0.2055375576019287,0.5350830554962158,0.2082369327545166,0.6114638447761536,0.2450079023838043,0.5057622194290161,0.2484300136566162,0.6454291939735413,0.4433290362358093,0.4488353729248047,0.3968073725700378,0.7295134663581848,0.6379244923591614,0.276903361082077,0.3588214516639709,0.7714563608169556,0.4915052354335785,0.098111942410469,0.2775421142578125,0.6010431051254272,0.8346337080001831,0.4668574631214142,0.8334750533103943,0.0,0.0,0.0,0.0,0.0,0.0,0.0,0.0,0.5499569177627563,0.4182380735874176
0.5575830936431885,0.2258723676204681,0.5778936743736267,0.2057569175958633,0.5342236161231995,0.2083490341901779,0.6080086827278137,0.2477641552686691,0.5038365721702576,0.2526740431785583,0.6460314393043518,0.4416959285736084,0.4485467076301574,0.3996096551418304,0.7356651425361633,0.6269594430923462,0.2752051055431366,0.3595957159996032,0.8298143744468689,0.5068379640579224,0.0968833789229393,0.2803268432617187,0.6009791493415833,0.8351901769638062,0.4677856266498565,0.834585964679718,0.0,0.0,0.0,0.0,0.0,0.0,0.0,0.0,0.5482895970344543,0.421330839395523
0.559908926486969,0.2295013815164566,0.5805057883262634,0.2098777741193771,0.5362981557846069,0.2118709236383438,0.6112560629844666,0.252702385187149,0.5060919523239136,0.2560645043849945,0.6464990973472595,0.4433033168315887,0.4499891400337219,0.4009535610675812,0.7398576140403748,0.6260367631912231,0.2770776450634002,0.360700786113739,0.8621352314949036,0.5161108374595642,0.0987872257828712,0.2811113893985748,0.6020362973213196,0.8351694345474243,0.4703820347785949,0.835009753704071,0.0,0.0,0.0,0.0,0.0,0.0,0.0,0.0,0.5494096875190735,0.423373132944107
0.5636441111564636,0.2331621795892715,0.5838985443115234,0.2120823413133621,0.5406290292739868,0.2145367860794067,0.6162996888160706,0.255202978849411,0.511417031288147,0.2591950893402099,0.6501494646072388,0.4443981051445007,0.4538531899452209,0.4011521339416504,0.746420681476593,0.6256327629089355,0.2799259722232818,0.363986074924469,0.871442437171936,0.5386626124382019,0.1034901067614555,0.2914874255657196,0.605129599571228,0.8350164294242859,0.4735372364521026,0.8332113027572632,0.0,0.0,0.0,0.0,0.0,0.0,0.0,0.0,0.5528948307037354,0.4238707423210144
0.5668243765830994,0.2388415485620498,0.586642861366272,0.2155628949403762,0.5440140962600708,0.2181955277919769,0.6183443069458008,0.2567313611507416,0.5140910148620605,0.2622048258781433,0.6511107683181763,0.448213130235672,0.4549019336700439,0.4045470654964447,0.7431527376174927,0.6318724751472473,0.2834646105766296,0.3656985163688659,0.8664255738258362,0.5347316861152649,0.112454630434513,0.2954223752021789,0.6070780754089355,0.8338126540184021,0.4762150645256042,0.8325705528259277,0.0,0.0,0.0,0.0,0.0,0.0,0.0,0.0,0.5536444187164307,0.4265403747558594
0.5673341155052185,0.2425385415554046,0.5867432951927185,0.2178816795349121,0.5441562533378601,0.2218726724386215,0.6189557313919067,0.257081001996994,0.5152177214622498,0.2643109858036041,0.6517205834388733,0.4483976364135742,0.4567107856273651,0.4077675640583038,0.7383102178573608,0.6370038986206055,0.2910358309745788,0.3701578974723816,0.8331281542778015,0.5217965841293335,0.1170479133725166,0.297929435968399,0.6089282035827637,0.832173228263855,0.4773329794406891,0.8308854103088379,0.0,0.0,0.0,0.0,0.0,0.0,0.0,0.0,0.5550331473350525,0.4282057285308838
0.5603397488594055,0.2429971843957901,0.5807153582572937,0.2198928147554397,0.5372118353843689,0.2253342866897583,0.6132284998893738,0.2589392066001892,0.509445309638977,0.2690809965133667,0.6483486890792847,0.4473594725131988,0.4560604095458984,0.4107258021831512,0.7329789996147156,0.6370684504508972,0.2920625507831573,0.3773024976253509,0.8021587133407593,0.5121775269508362,0.116116963326931,0.3080702126026153,0.6090599298477173,0.8302274346351624,0.4780210852622986,0.8305015563964844,0.0,0.0,0.0,0.0,0.0,0.0,0.0,0.0,0.5534085035324097,0.4284617602825165
0.5534641146659851,0.2433598488569259,0.573269784450531,0.219845175743103,0.5322445631027222,0.2264885902404785,0.606191098690033,0.2559197247028351,0.5079949498176575,0.2667626738548279,0.6469458341598511,0.4489416480064392,0.4548489153385162,0.4136587977409363,0.7314769625663757,0.6352618932723999,0.2904696464538574,0.3811363577842712,0.7982803583145142,0.5044381618499756,0.1131025627255439,0.3178495466709137,0.6083284020423889,0.8296471238136292,0.4785367548465729,0.8301531672477722,0.0,0.0,0.0,0.0,0.0,0.0,0.0,0.0,0.5521661639213562,0.4293691515922546
0.5482481122016907,0.2411987334489822,0.5683043003082275,0.2207818478345871,0.5278106331825256,0.2248261272907257,0.5989347100257874,0.2602405250072479,0.5018098950386047,0.2646071910858154,0.6422713994979858,0.448298692703247,0.4498332142829895,0.4139711260795593,0.7265090942382812,0.6365426778793335,0.2810747027397156,0.3844344913959503,0.7761943936347961,0.4973497986793518,0.1002232208847999,0.3223153054714203,0.6056086421012878,0.8318620324134827,0.4757073521614074,0.8316383957862854,0.0,0.0,0.0,0.0,0.0,0.0,0.0,0.0,0.5482944846153259,0.429241418838501
0.5397300720214844,0.2418680042028427,0.5610611438751221,0.2195197790861129,0.5193662047386169,0.2255395948886871,0.594821572303772,0.2565055191516876,0.4931625723838806,0.2654264569282532,0.6352950930595398,0.4489946663379669,0.4421069622039795,0.4152522087097168,0.7213307619094849,0.6358821988105774,0.2750372290611267,0.3951863348484039,0.7704759240150452,0.4883587062358856,0.0929241925477981,0.3383667767047882,0.6012740731239319,0.832892119884491,0.4711157381534576,0.8335780501365662,0.0,0.0,0.0,0.0,0.0,0.0,0.0,0.0,0.5418676733970642,0.4298768937587738
0.5294539332389832,0.2438875138759613,0.5512580275535583,0.2205608189105987,0.509040892124176,0.2246685028076172,0.5863633751869202,0.2559121549129486,0.4830652773380279,0.2628863155841827,0.6279395818710327,0.4442351758480072,0.4367267787456512,0.4194338917732239,0.7254117727279663,0.629851758480072,0.2773356139659881,0.4396786987781524,0.8041964769363403,0.4904993176460266,0.0850798487663269,0.4312768280506134,0.597149670124054,0.8335554003715515,0.4689182341098785,0.8343284726142883,0.0,0.0,0.0,0.0,0.0,0.0,0.0,0.0,0.5345494151115417,0.431584745645523
0.5351473689079285,0.24304960668087,0.5580899715423584,0.2179268598556518,0.5140331387519836,0.2233649492263794,0.5937857031822205,0.2524488270282745,0.4879986941814422,0.2596709132194519,0.6378964185714722,0.4407772421836853,0.4440479874610901,0.4175825119018554,0.7296971082687378,0.6247948408126831,0.2780243158340454,0.4620881378650665,0.8205775618553162,0.4949634075164795,0.0860299617052078,0.4787577092647552,0.6010104417800903,0.8313786387443542,0.4729175865650177,0.8316136002540588,0.0,0.0,0.0,0.0,0.0,0.0,0.0,0.0,0.5427788496017456,0.42915078997612
0.5408599972724915,0.24123215675354,0.5628952980041504,0.2174084037542343,0.5200976133346558,0.2215570956468582,0.5973190069198608,0.2527453899383545,0.493333488702774,0.2582111358642578,0.6441227793693542,0.4388958811759949,0.4466874599456787,0.4172788560390472,0.7315207123756409,0.6257242560386658,0.286875456571579,0.4685989916324615,0.8252877593040466,0.4997437596321106,0.084483191370964,0.4962269365787506,0.6033118367195129,0.8285130858421326,0.4743672311306,0.8301218152046204,0.0,0.0,0.0,0.0,0.0,0.0,0.0,0.0,0.5481099486351013,0.4273242354393005
0.542889416217804,0.2410030364990234,0.5649548768997192,0.2176665067672729,0.5227624773979187,0.2220210582017898,0.599031388759613,0.2530435919761657,0.496891975402832,0.260234922170639,0.6458595991134644,0.4403347373008728,0.4507205188274383,0.4195356369018554,0.7356024384498596,0.6238952279090881,0.2856575548648834,0.4769292175769806,0.8299494981765747,0.4986952841281891,0.0883740559220314,0.512130081653595,0.6050536036491394,0.8272971510887146,0.4769781529903412,0.8283459544181824,0.0,0.0,0.0,0.0,0.0,0.0,0.0,0.0,0.5498377084732056,0.4292132556438446
0.5426000356674194,0.2405891567468643,0.5635259747505188,0.2171253710985183,0.5214864611625671,0.2226077318191528,0.5974137187004089,0.2530421316623688,0.4951141774654388,0.2624112963676452,0.645905077457428,0.4407840371131897,0.4506140351295471,0.4218915998935699,0.7364832162857056,0.6203619241714478,0.2881018221378326,0.4791872203350067,0.8519288301467896,0.5073422789573669,0.0927148684859275,0.5148802399635315,0.6053367853164673,0.8192488551139832,0.4786007702350616,0.8273130059242249,0.0,0.0,0.0,0.0,0.0,0.0,0.0,0.0,0.549367368221283,0.4308971762657165
0.5429264307022095,0.2412367612123489,0.5641945600509644,0.2178399115800857,0.5225605368614197,0.223330020904541,0.5982885956764221,0.2541931271553039,0.4965800344944,0.2624983489513397,0.6463800668716431,0.4421244263648987,0.4518711268901825,0.4200370609760284,0.7460785508155823,0.6187672019004822,0.2932963669300079,0.4607526659965515,0.8355239033699036,0.492384672164917,0.0997322350740432,0.4763502478599548,0.6055064797401428,0.8269727826118469,0.4784214794635772,0.8277258276939392,0.0,0.0,0.0,0.0,0.0,0.0,0.0,0.0,0.5498896241188049,0.4306332767009735
0.5436415076255798,0.2407370507717132,0.5648093819618225,0.2188464701175689,0.5237062573432922,0.2235398292541504,0.5978739857673645,0.2562526762485504,0.4978824555873871,0.2638740837574005,0.6452199816703796,0.4439634382724762,0.4511203169822693,0.4173560440540313,0.7430375814437866,0.6288026571273804,0.2964136898517608,0.436831533908844,0.8039408922195435,0.4661223292350769,0.1031126976013183,0.4230174720287323,0.6059045791625977,0.8334274291992188,0.4774795472621918,0.8335621953010559,0.0,0.0,0.0,0.0,0.0,0.0,0.0,0.0,0.5499438047409058,0.4296430647373199
0.5442191958427429,0.2413524091243744,0.5644524097442627,0.2194405496120453,0.5242078900337219,0.2240548133850097,0.5960882902145386,0.2560869753360748,0.4972259104251861,0.2646850943565368,0.6414178609848022,0.4473345875740051,0.4485211670398712,0.4175877869129181,0.738639771938324,0.6339252591133118,0.2958519458770752,0.4252456128597259,0.7787637710571289,0.4736800491809845,0.103837601840496,0.3996130526065826,0.6040608286857605,0.8337216973304749,0.4751343131065368,0.8324712514877319,0.0,0.0,0.0,0.0,0.0,0.0,0.0,0.0,0.5472248196601868,0.4304734766483307
0.5393076539039612,0.242998793721199,0.5604051351547241,0.2191124260425567,0.5181705951690674,0.2271574735641479,0.5957797169685364,0.2546890676021576,0.4917655885219574,0.2708031237125397,0.6386095285415649,0.449172705411911,0.4442422986030578,0.4191730916500091,0.734107494354248,0.6330533623695374,0.2844857275485992,0.4228270947933197,0.7617049217224121,0.4575567543506622,0.0985153317451477,0.394336849451065,0.6027715802192688,0.8331788778305054,0.4728035628795624,0.8329097628593445,0.0,0.0,0.0,0.0,0.0,0.0,0.0,0.0,0.5447483658790588,0.4316418170928955
0.5359565019607544,0.2413939088582992,0.5567721128463745,0.2182625085115432,0.5152453184127808,0.2262336164712906,0.5918408036231995,0.253925085067749,0.4897632300853729,0.2680244445800781,0.6377716660499573,0.4475738108158111,0.442367285490036,0.4193003177642822,0.7355324625968933,0.6302539110183716,0.2842194736003876,0.4261112809181213,0.7919686436653137,0.4856015145778656,0.1007062047719955,0.4011926054954529,0.6025199294090271,0.8363615870475769,0.4724778532981872,0.8445022702217102,0.0,0.0,0.0,0.0,0.0,0.0,0.0,0.0,0.5424074530601501,0.4319241046905517
0.538780689239502,0.2417853772640228,0.5598320364952087,0.2182913571596145,0.5174540281295776,0.2250958234071731,0.5938078761100769,0.253890722990036,0.4901296198368072,0.2663097977638244,0.6392247080802917,0.4456580281257629,0.4438395500183105,0.4189942181110382,0.7402249574661255,0.6202338933944702,0.2848791182041168,0.4294793903827667,0.8578540682792664,0.4995605051517486,0.0983467027544975,0.4073167145252228,0.6008747220039368,0.8354334831237793,0.4719111323356628,0.842896580696106,0.0,0.0,0.0,0.0,0.0,0.0,0.0,0.0,0.5428215265274048,0.4321761429309845
0.5440368056297302,0.2416309416294098,0.5647204518318176,0.2192733585834503,0.5230357050895691,0.2236035913228988,0.5963761210441589,0.2567883431911468,0.4945187568664551,0.2640036046504974,0.6409908533096313,0.445553570985794,0.4461975991725921,0.4181782305240631,0.7488414645195007,0.6137417554855347,0.2923863232135772,0.4309522807598114,0.8777536153793335,0.5158308744430542,0.1011501029133796,0.4133771955966949,0.6015487313270569,0.8346465826034546,0.4743792116641998,0.8338610529899597,0.0,0.0,0.0,0.0,0.0,0.0,0.0,0.0,0.545450747013092,0.4314680695533752
0.5448490381240845,0.2416820526123047,0.5656166672706604,0.2198351472616195,0.5243151783943176,0.2234937846660614,0.5968428254127502,0.2565689384937286,0.4965620338916778,0.2623771727085113,0.6457540392875671,0.4462645351886749,0.4485266804695129,0.416764348745346,0.7569996118545532,0.6116849780082703,0.2919215559959411,0.4339218735694885,0.9037501215934752,0.5513871312141418,0.1001555472612381,0.4177261292934418,0.6052538156509399,0.8308905959129333,0.4768165051937103,0.8314364552497864,0.0,0.0,0.0,0.0,0.0,0.0,0.0,0.0,0.5485423803329468,0.4299497902393341
0.5480261445045471,0.2397221475839615,0.5684948563575745,0.2174328863620758,0.5267021059989929,0.222223162651062,0.599502444267273,0.2536930441856384,0.498599499464035,0.261156678199768,0.6476473212242126,0.4443614482879638,0.4492478668689728,0.4143367707729339,0.7557154297828674,0.6155334115028381,0.2926805913448334,0.4336192309856415,0.9018672108650208,0.5465553402900696,0.0995221808552742,0.4173860251903534,0.6080730557441711,0.8305355310440063,0.4787859916687011,0.8311309218406677,0.0,0.0,0.0,0.0,0.0,0.0,0.0,0.0,0.5499710440635681,0.4292264282703399
0.5481563210487366,0.2394615709781646,0.568799614906311,0.2174722701311111,0.5269746780395508,0.2222219258546829,0.6002529263496399,0.2542977333068847,0.4998392462730407,0.2615048587322235,0.6471285223960876,0.4439935982227325,0.4514016807079315,0.4153610169887543,0.7435802817344666,0.6242478489875793,0.2939803302288055,0.434379905462265,0.8661035895347595,0.4975462555885315,0.0998361706733703,0.4198221862316131,0.6064092516899109,0.830208957195282,0.4789978861808777,0.8305066227912903,0.0,0.0,0.0,0.0,0.0,0.0,0.0,0.0,0.5509064793586731,0.4301052391529083
0.5440626740455627,0.2390296459197998,0.5654277205467224,0.2167703956365585,0.5234558582305908,0.22227843105793,0.598619282245636,0.2534787356853485,0.4974885284900665,0.2634510695934295,0.6466654539108276,0.4400979876518249,0.4517473876476288,0.4156994819641113,0.7425237894058228,0.627590000629425,0.2942099571228027,0.4399959146976471,0.8016814589500427,0.4718802571296692,0.0998619273304939,0.4222990870475769,0.6076089143753052,0.8300066590309143,0.4784251153469085,0.8311144709587097,0.0,0.0,0.0,0.0,0.0,0.0,0.0,0.0,0.5508232712745667,0.4272622466087341
0.516383945941925,0.244202122092247,0.5397249460220337,0.2167388051748275,0.5028309226036072,0.2257287949323654,0.5884266495704651,0.2450185716152191,0.4881545901298523,0.2612696290016174,0.6431773900985718,0.4425219893455505,0.4456988871097564,0.4163211286067962,0.742254376411438,0.6279756426811218,0.2914280593395233,0.4233961105346679,0.7792807221412659,0.4579568207263946,0.101523533463478,0.3978514373302459,0.6046437621116638,0.8315462470054626,0.4758636355400085,0.8319001793861389,0.0,0.0,0.0,0.0,0.0,0.0,0.0,0.0,0.5473662614822388,0.4278711974620819
0.5223144292831421,0.2424834966659546,0.5452790856361389,0.2171707898378372,0.5068389177322388,0.2248410880565643,0.5919473767280579,0.2498735189437866,0.489952027797699,0.2638082206249237,0.6406570672988892,0.440472811460495,0.4450716376304626,0.4098531603813171,0.7346348166465759,0.6287599802017212,0.2953391671180725,0.4121410548686981,0.8590055108070374,0.5450539588928223,0.0966625437140464,0.3815344870090484,0.5995672941207886,0.836085319519043,0.4714901447296142,0.8350039720535278,0.0,0.0,0.0,0.0,0.0,0.0,0.0,0.0,0.5452641248703003,0.4250743091106415
0.5282660722732544,0.2415729761123657,0.5512338876724243,0.2156582623720169,0.5097056031227112,0.2228058725595474,0.5927316546440125,0.2510270774364471,0.4880121052265167,0.2620976865291595,0.6359416246414185,0.4433607161045074,0.4414725005626678,0.4134328663349151,0.7424998879432678,0.6197162866592407,0.283295214176178,0.4213865399360657,0.8817785382270813,0.5602210164070129,0.0970842465758323,0.4011310935020447,0.598827064037323,0.8333125114440918,0.4705751836299896,0.8333646655082703,0.0,0.0,0.0,0.0,0.0,0.0,0.0,0.0,0.5409677028656006,0.4278156161308288
0.535469114780426,0.2403072565793991,0.557860255241394,0.2158154249191284,0.5144210457801819,0.2224518209695816,0.5947051644325256,0.2533264458179474,0.4887673854827881,0.262448787689209,0.6379353404045105,0.4445005357265472,0.4429789185523987,0.4153151512145996,0.7465245127677917,0.621293842792511,0.2849850356578827,0.4265807569026947,0.8842669725418091,0.5596057772636414,0.0959930196404457,0.4114488661289215,0.6007336974143982,0.8336280584335327,0.471679538488388,0.8340187668800354,0.0,0.0,0.0,0.0,0.0,0.0,0.0,0.0,0.5419368147850037,0.4297133088111877
0.543746829032898,0.2420110702514648,0.5649359822273254,0.2174276411533355,0.5226913690567017,0.2228105068206787,0.5984352827072144,0.2523409724235534,0.4949208796024322,0.261421263217926,0.6422106027603149,0.4421141743659973,0.4450565278530121,0.4150762557983398,0.7451967597007751,0.619547426700592,0.2824161350727081,0.4322296977043152,0.8731518983840942,0.5272549986839294,0.0937931314110755,0.4247026145458221,0.6040837168693542,0.833396315574646,0.4751437306404114,0.8330430388450623,0.0,0.0,0.0,0.0,0.0,0.0,0.0,0.0,0.5462614893913269,0.4288406074047088
0.5426351428031921,0.2417363673448562,0.564604640007019,0.2171605974435806,0.5215727090835571,0.222465232014656,0.5984733700752258,0.2522715628147125,0.4940539896488189,0.2608677446842193,0.6434418559074402,0.4422655999660492,0.4467181265354156,0.4150418639183044,0.747466504573822,0.6181463599205017,0.2846428751945495,0.4317871630191803,0.8677753210067749,0.4955139458179474,0.096757598221302,0.417821317911148,0.6041049957275391,0.831207275390625,0.4771738052368164,0.8319254517555237,0.0,0.0,0.0,0.0,0.0,0.0,0.0,0.0,0.5472656488418579,0.4288265109062195
0.5423394441604614,0.241057276725769,0.5641071200370789,0.2174124717712402,0.521657407283783,0.2223776280879974,0.5970109701156616,0.251553475856781,0.4941551983356476,0.2594088613986969,0.6437877416610718,0.440842717885971,0.4468599855899811,0.416090577840805,0.7422815561294556,0.6253873705863953,0.2855972349643707,0.4357800483703613,0.806090772151947,0.471893697977066,0.097478799521923,0.4241774678230285,0.6079477071762085,0.8314176797866821,0.477595567703247,0.8327874541282654,0.0,0.0,0.0,0.0,0.0,0.0,0.0,0.0,0.5476200580596924,0.427445501089096
0.5375627875328064,0.2391987740993499,0.5593830347061157,0.215801402926445,0.5161157846450806,0.2205294519662857,0.5915853381156921,0.2485975176095962,0.4883822500705719,0.2584036886692047,0.638178288936615,0.4411110579967499,0.4431036412715912,0.4160416722297668,0.736339271068573,0.6262427568435669,0.2812543213367462,0.4381088614463806,0.7739641070365906,0.4618740081787109,0.0874685794115066,0.4339657127857208,0.603917121887207,0.833318829536438,0.4745944440364837,0.8334479928016663,0.0,0.0,0.0,0.0,0.0,0.0,0.0,0.0,0.5442047119140625,0.4265100955963135
0.5349151492118835,0.2386901080608368,0.5579223036766052,0.2151573598384857,0.5139515995979309,0.2195013463497162,0.5921220779418945,0.2507146894931793,0.4869651794433594,0.2584749162197113,0.636109471321106,0.4402368068695068,0.4415367245674133,0.4157900214195251,0.7355722188949585,0.62529057264328,0.280687004327774,0.4380849003791809,0.7695767283439636,0.4565910995006561,0.0865300744771957,0.4344106018543243,0.6012257933616638,0.8319947123527527,0.4720924198627472,0.8331261873245239,0.0,0.0,0.0,0.0,0.0,0.0,0.0,0.0,0.5423337817192078,0.4263578355312347
0.5357802510261536,0.2363067418336868,0.5579468011856079,0.2148592174053192,0.5146316885948181,0.2174956649541854,0.5901452302932739,0.2538187801837921,0.4858348071575165,0.2589405179023742,0.6340755224227905,0.4435221254825592,0.4379949569702148,0.417384535074234,0.7367562651634216,0.6266027688980103,0.2791249752044678,0.4327659606933594,0.7822076082229614,0.4618845283985138,0.0901209861040115,0.4222171008586883,0.5979880690574646,0.8342348337173462,0.4699979126453399,0.8349342942237854,0.0,0.0,0.0,0.0,0.0,0.0,0.0,0.0,0.5385911464691162,0.4289137721061706
0.5438838601112366,0.2376513034105301,0.5658422708511353,0.2161443531513214,0.5217509269714355,0.2167619168758392,0.5956626534461975,0.2558146715164184,0.4898677468299866,0.2559255063533783,0.6361597180366516,0.4416652619838714,0.4403574764728546,0.415147602558136,0.7416778802871704,0.6144229173660278,0.2810637652873993,0.428568422794342,0.8676010966300964,0.5049538612365723,0.0921821743249893,0.4133162200450897,0.5984358787536621,0.84404456615448,0.4706677496433258,0.8452185988426208,0.0,0.0,0.0,0.0,0.0,0.0,0.0,0.0,0.5394601225852966,0.4286510646343231
0.5568971037864685,0.2405407875776291,0.5764638185501099,0.2156960666179657,0.5325809121131897,0.2199424803256988,0.6066262125968933,0.2495472729206085,0.5032848119735718,0.2568320631980896,0.6507160067558289,0.4435895085334778,0.4511333107948303,0.4123937785625458,0.7534083127975464,0.6207596063613892,0.2990295886993408,0.4273493587970733,0.8912767767906189,0.5652395486831665,0.1001450791954994,0.4115343391895294,0.6067143082618713,0.8298460841178894,0.4779241383075714,0.8306921720504761,0.0,0.0,0.0,0.0,0.0,0.0,0.0,0.0,0.5526720285415649,0.4273737967014313
0.5610682368278503,0.2426615953445434,0.5798689723014832,0.2169888019561767,0.5360797643661499,0.2221665829420089,0.6104997396469116,0.2501948773860931,0.5059281587600708,0.2621199786663055,0.6511308550834656,0.4436051845550537,0.453618586063385,0.4144130349159241,0.749527633190155,0.6238881945610046,0.2989176213741302,0.4289188683032989,0.8774619698524475,0.5242382884025574,0.1053141728043556,0.4130853712558746,0.6106585264205933,0.830742359161377,0.4800848960876465,0.8306336998939514,0.0,0.0,0.0,0.0,0.0,0.0,0.0,0.0,0.5534824132919312,0.4293397963047027
0.5555431246757507,0.2432605326175689,0.5757307410240173,0.2184597551822662,0.5316210985183716,0.2236068248748779,0.6073134541511536,0.253423124551773,0.5041278600692749,0.2620190978050232,0.649625301361084,0.4420278370380401,0.4537077248096466,0.4149962961673736,0.7437422871589661,0.6309894323348999,0.2992944419384002,0.430053561925888,0.8214113116264343,0.4914469420909881,0.1057221367955207,0.4125370681285858,0.6112842559814453,0.8312458992004395,0.4787493646144867,0.8311327695846558,0.0,0.0,0.0,0.0,0.0,0.0,0.0,0.0,0.5529094338417053,0.4285698533058166
0.5410716533660889,0.2395856529474258,0.5623637437820435,0.2165828645229339,0.5203193426132202,0.2206484079360962,0.5945668816566467,0.2519348561763763,0.492790162563324,0.2579246461391449,0.6418079137802124,0.4409678280353546,0.4460569024085998,0.4163894355297088,0.7427772879600525,0.6245784163475037,0.284984290599823,0.4383558332920074,0.7976933121681213,0.4689528346061706,0.0955957993865013,0.4327979385852813,0.605538547039032,0.833943247795105,0.4757384359836578,0.8344261050224304,0.0,0.0,0.0,0.0,0.0,0.0,0.0,0.0,0.5466114282608032,0.4271325469017029
0.6511741876602173,0.2413290441036224,0.671603798866272,0.21804079413414,0.630937397480011,0.2233815342187881,0.7055200338363647,0.2559009194374084,0.6055623888969421,0.2651133835315704,0.7595725655555725,0.4225694239139557,0.5645548105239868,0.4189866483211517,0.9131577610969543,0.5224171876907349,0.4105746150016784,0.4454660713672638,0.979533553123474,0.3432011604309082,0.2240237146615982,0.438126266002655,0.7272191643714905,0.8355473279953003,0.596987783908844,0.8473964333534241,0.0,0.0,0.0,0.0,0.0,0.0,0.0,0.0,0.6619134545326233,0.4201576113700866
0.6668099761009216,0.2425923347473144,0.6871228218078613,0.2173719555139541,0.6458156704902649,0.2238763570785522,0.7227938771247864,0.2518636882305145,0.6192039251327515,0.2664006352424621,0.7776583433151245,0.4240929186344147,0.5765005350112915,0.4198715686798095,0.9290400147438048,0.5262104868888855,0.4189014136791229,0.4566391110420227,0.9910715222358704,0.3575727939605713,0.2427345961332321,0.4513772428035736,0.7399708032608032,0.8359436392784119,0.6099979281425476,0.8353714942932129,0.0,0.0,0.0,0.0,0.0,0.0,0.0,0.0,0.6775276064872742,0.4228036403656006
0.6710547208786011,0.2432206869125366,0.6929795145988464,0.219200849533081,0.6499705910682678,0.2238907665014267,0.7298325896263123,0.2545646727085113,0.6231858134269714,0.2639354467391968,0.7839863896369934,0.4263838231563568,0.5834788084030151,0.4200544655323028,0.9291229844093324,0.5341922640800476,0.4321934282779693,0.4602377712726593,0.0,0.0,0.2418556213378906,0.461303561925888,0.7465133666992188,0.8314085602760315,0.6149863600730896,0.832656979560852,0.0,0.0,0.0,0.0,0.0,0.0,0.0,0.0,0.6837008595466614,0.4243897497653961
0.6677085161209106,0.2444703578948974,0.68829745054245,0.219229593873024,0.6470381617546082,0.2259473949670791,0.7270219922065735,0.2527927458286285,0.62164705991745,0.267131894826889,0.7829433679580688,0.4267758429050445,0.5805363059043884,0.4199636578559875,0.9308417439460754,0.5296697020530701,0.4259196817874908,0.4611089527606964,0.0,0.0,0.2397976368665695,0.4604810178279876,0.7449960708618164,0.8325249552726746,0.6136083006858826,0.8342461585998535,0.0,0.0,0.0,0.0,0.0,0.0,0.0,0.0,0.6813592314720154,0.4248117506504059
0.6628138422966003,0.2461339980363845,0.6821023225784302,0.2203625291585922,0.6421942114830017,0.2280243188142776,0.7181402444839478,0.2537348866462707,0.6176536679267883,0.2712821066379547,0.7780799269676208,0.4200882315635681,0.5752536058425903,0.4228318631649017,0.9411629438400269,0.5046014189720154,0.4207329750061035,0.4622468054294586,0.9510408043861388,0.3142715990543365,0.2381647527217865,0.4603953957557678,0.7447724938392639,0.836186408996582,0.6132067441940308,0.8452454805374146,0.0,0.0,0.0,0.0,0.0,0.0,0.0,0.0,0.675632119178772,0.4233894050121307
0.653879702091217,0.2507591545581817,0.673815131187439,0.2250627428293228,0.6332733035087585,0.2326923161745071,0.7098779678344727,0.2563202381134033,0.6102338433265686,0.2725429832935333,0.7717734575271606,0.4179639816284179,0.5691466927528381,0.4249499440193176,0.9410120248794556,0.4960245192050934,0.4174920916557312,0.4659838378429413,0.8898929357528687,0.3188368678092956,0.2390366792678833,0.4706204533576965,0.7437494397163391,0.8339356184005737,0.610672652721405,0.8433645963668823,0.0,0.0,0.0,0.0,0.0,0.0,0.0,0.0,0.6702129244804382,0.4222528636455536
0.6492162942886353,0.2489432096481323,0.6704277396202087,0.2260958403348922,0.6289797425270081,0.2332201153039932,0.7060715556144714,0.2603453993797302,0.6068206429481506,0.2762153744697571,0.7687680125236511,0.4186711609363556,0.5670455694198608,0.4245760440826416,0.9361920356750488,0.4902221858501434,0.4105294644832611,0.4666928350925445,0.8781194090843201,0.3243034183979034,0.2354757785797119,0.469876080751419,0.7418634295463562,0.8308202028274536,0.6088191270828247,0.8332788348197937,0.0,0.0,0.0,0.0,0.0,0.0,0.0,0.0,0.6682209968566895,0.4222548305988312
0.6481790542602539,0.2509089112281799,0.6695228815078735,0.2276987731456756,0.6280704140663147,0.2340753525495529,0.7052074074745178,0.2613163292407989,0.6054502725601196,0.2760615050792694,0.7647508382797241,0.4185562431812286,0.5660133957862854,0.4248989224433899,0.9340258240699768,0.4925808310508728,0.4100259244441986,0.4674074351787567,0.8756248354911804,0.3309778273105621,0.235019639134407,0.4697601199150085,0.7402800917625427,0.8332657814025879,0.6084696054458618,0.8351699113845825,0.0,0.0,0.0,0.0,0.0,0.0,0.0,0.0,0.6661345362663269,0.4223603904247284
0.647585928440094,0.2517680823802948,0.6688138246536255,0.2276104986667633,0.6270432472229004,0.2343702465295791,0.7047054171562195,0.259628027677536,0.6041828989982605,0.2760301828384399,0.7648639678955078,0.4191100299358368,0.5640285611152649,0.4254003465175628,0.9323408007621764,0.4982969760894775,0.4065581858158111,0.4687590301036834,0.8697818517684937,0.3408817648887634,0.2311999648809433,0.470982015132904,0.7383822202682495,0.8309275507926941,0.60615473985672,0.832658588886261,0.0,0.0,0.0,0.0,0.0,0.0,0.0,0.0,0.6650506854057312,0.4227157235145569
0.6481655836105347,0.2510197162628174,0.6694791913032532,0.2267701625823974,0.627267062664032,0.2336745113134384,0.7043561339378357,0.257786363363266,0.6036190986633301,0.2754977643489837,0.7638610005378723,0.4200550615787506,0.5637897849082947,0.4262231290340423,0.9294877648353576,0.5072933435440063,0.4049534499645233,0.4694906175136566,0.8637531995773315,0.3497334122657776,0.2241944223642349,0.475227028131485,0.7371875643730164,0.8298335075378418,0.6066798567771912,0.8323674201965332,0.0,0.0,0.0,0.0,0.0,0.0,0.0,0.0,0.6633635759353638,0.4237670302391052
0.6480673551559448,0.2509562075138092,0.6697842478752136,0.2277323752641677,0.6272303462028503,0.2335658371448516,0.7048792839050293,0.2610263526439667,0.6028738021850586,0.2752538025379181,0.7654971480369568,0.4250973761081695,0.5622836351394653,0.4265981018543243,0.9252661466598512,0.5142814517021179,0.4014229476451874,0.468505859375,0.8830975890159607,0.3417853713035583,0.2216717451810836,0.4726764559745788,0.735458493232727,0.8292175531387329,0.6040903329849243,0.8315070271492004,0.0,0.0,0.0,0.0,0.0,0.0,0.0,0.0,0.6634259223937988,0.425930917263031
0.6481392979621887,0.2508441507816314,0.6696702241897583,0.2270888835191726,0.6268843412399292,0.2332437932491302,0.7054340243339539,0.2619831562042236,0.602335512638092,0.2757860124111175,0.7640911936759949,0.4279443919658661,0.5626218318939209,0.4264178276062011,0.9223350882530212,0.5199398994445801,0.4039003551006317,0.4660638272762298,0.9012965559959412,0.3437919020652771,0.2236340343952179,0.4695311486721039,0.7348029017448425,0.8298863172531128,0.6046776175498962,0.8321744799613953,0.0,0.0,0.0,0.0,0.0,0.0,0.0,0.0,0.6622098088264465,0.4272939264774322
0.6501949429512024,0.2484567165374755,0.6718021035194397,0.2253787964582443,0.6292186379432678,0.2302043288946151,0.706733763217926,0.2634003460407257,0.6038991808891296,0.2739783227443695,0.7621570229530334,0.4333688914775848,0.5626649260520935,0.4258129298686981,0.9144170880317688,0.5283199548721313,0.4058466255664825,0.4645686745643616,0.9405319094657898,0.3564772605895996,0.2242515236139297,0.4692073762416839,0.7333378195762634,0.8308318257331848,0.6040340662002563,0.8346667289733887,0.0,0.0,0.0,0.0,0.0,0.0,0.0,0.0,0.661670982837677,0.4286416471004486
0.6529908776283264,0.247125506401062,0.673600971698761,0.2244233340024948,0.6316401362419128,0.2293235212564468,0.7071446776390076,0.2611347436904907,0.6059457063674927,0.2727881968021393,0.7620786428451538,0.4334838092327118,0.5630304217338562,0.4251635372638702,0.9147210121154784,0.5320297479629517,0.4077016413211822,0.4643033146858215,0.960020899772644,0.3566188216209411,0.2255187034606933,0.4687513411045074,0.7333217859268188,0.831453263759613,0.6034029722213745,0.8349631428718567,0.0,0.0,0.0,0.0,0.0,0.0,0.0,0.0,0.6621183156967163,0.4288852214813232
0.6540830731391907,0.2476177364587783,0.6746893525123596,0.2245218604803085,0.6329835057258606,0.229338064789772,0.7085639238357544,0.2617656588554382,0.6071691513061523,0.2730849385261535,0.7625080347061157,0.4339620471000671,0.5642302632331848,0.4248398244380951,0.9153712391853333,0.5332950949668884,0.4132492244243622,0.4635664820671081,0.9802948832511902,0.3648121356964111,0.2279149144887924,0.4684056341648102,0.7337153553962708,0.8304103016853333,0.6045605540275574,0.8332054018974304,0.0,0.0,0.0,0.0,0.0,0.0,0.0,0.0,0.6626504063606262,0.4289521872997284
0.6554463505744934,0.2471048682928085,0.6762834191322327,0.2238151729106903,0.6343425512313843,0.2274675816297531,0.7097960114479065,0.2606537044048309,0.6079227328300476,0.2685399055480957,0.7630943059921265,0.4306007027626037,0.5656646490097046,0.4249496459960937,0.9208689332008362,0.5277959704399109,0.4091764986515045,0.4649410545825958,0.9613471031188964,0.3489580452442169,0.2258509844541549,0.4694324135780334,0.7358389496803284,0.8328180313110352,0.6059121489524841,0.8346691131591797,0.0,0.0,0.0,0.0,0.0,0.0,0.0,0.0,0.6636655926704407,0.4276207387447357
0.6560553312301636,0.2477733939886093,0.6762370467185974,0.2226700484752655,0.6351779699325562,0.2290941029787063,0.7112696766853333,0.2552716434001922,0.6104320287704468,0.2704624831676483,0.769781768321991,0.4269099235534668,0.5682207942008972,0.4242056906223297,0.9322536587715148,0.52055424451828,0.4107238352298736,0.4667491316795349,0.9367448091506958,0.3424086570739746,0.2259675711393356,0.4728192389011383,0.7391530871391296,0.832737922668457,0.608276903629303,0.8337681889533997,0.0,0.0,0.0,0.0,0.0,0.0,0.0,0.0,0.6683714985847473,0.425820529460907
0.6570968627929688,0.2467101663351059,0.6774075627326965,0.2221108227968216,0.6364845037460327,0.2286209315061569,0.7127679586410522,0.2562061846256256,0.6121006608009338,0.2706851065158844,0.7721757888793945,0.4242860674858093,0.5693925023078918,0.4252142012119293,0.9384059309959412,0.5151467323303223,0.4095592200756073,0.4684222638607025,0.916315495967865,0.3295780122280121,0.2252417653799057,0.474329799413681,0.742820680141449,0.8355587720870972,0.610034167766571,0.8442582488059998,0.0,0.0,0.0,0.0,0.0,0.0,0.0,0.0,0.6705983281135559,0.4253506064414978
0.6577675938606262,0.2465718984603881,0.6780881285667419,0.2216177284717559,0.6372905373573303,0.2280057519674301,0.7142381072044373,0.2546427845954895,0.6132355332374573,0.2670745253562927,0.7752227187156677,0.4211404025554657,0.5710935592651367,0.4248189330101013,0.9399301409721376,0.5122852921485901,0.4150574505329132,0.4683464169502258,0.8974089622497559,0.3341192305088043,0.2311894595623016,0.4748602211475372,0.7455574870109558,0.833764910697937,0.6120783090591431,0.8438974618911743,0.0,0.0,0.0,0.0,0.0,0.0,0.0,0.0,0.6729422807693481,0.4239962995052337
0.6585583090782166,0.2472383081912994,0.6781444549560547,0.2219632863998413,0.6380833387374878,0.22843599319458,0.7133664488792419,0.2521486282348633,0.6138963103294373,0.2674291431903839,0.775138258934021,0.419804185628891,0.5710918307304382,0.4260124266147613,0.9390800595283508,0.5068280100822449,0.4148377478122711,0.4702250063419342,0.8835617899894714,0.3438579142093658,0.2344008684158325,0.4776789247989654,0.7467139959335327,0.8346861600875854,0.6138004660606384,0.8445859551429749,0.0,0.0,0.0,0.0,0.0,0.0,0.0,0.0,0.6733795404434204,0.4237990081310272
0.6597625017166138,0.2463635951280594,0.6791661381721497,0.2211012542247772,0.6392560601234436,0.2277251034975052,0.7148754000663757,0.2510641813278198,0.6148773431777954,0.2662502229213714,0.7758973240852356,0.4200490415096283,0.5730624794960022,0.4252166450023651,0.936504364013672,0.5108444094657898,0.4167827069759369,0.4705116152763366,0.8849606513977051,0.3469722270965576,0.2353185564279556,0.4803492128849029,0.7464815378189087,0.8337963223457336,0.6134467720985413,0.8437719941139221,0.0,0.0,0.0,0.0,0.0,0.0,0.0,0.0,0.6736775636672974,0.4238342642784118
0.6624694466590881,0.24587944149971,0.6818695068359375,0.2200955897569656,0.6412277221679688,0.2276471853256225,0.7180004119873047,0.25140580534935,0.6159453988075256,0.2675784826278686,0.7765702605247498,0.4236585795879364,0.5712621212005615,0.4239098727703094,0.9359635710716248,0.5240457653999329,0.4159393906593323,0.4688096642494201,0.9199541211128236,0.3492206931114197,0.2308930158615112,0.4782052040100097,0.7449170351028442,0.8348636031150818,0.6118010878562927,0.8440486788749695,0.0,0.0,0.0,0.0,0.0,0.0,0.0,0.0,0.6735725998878479,0.4248750209808349
0.6635128855705261,0.2457510977983474,0.6829710602760315,0.2200797498226165,0.6416364312171936,0.2269525080919265,0.718388557434082,0.2542668879032135,0.6154249906539917,0.2672931253910064,0.7717528939247131,0.4256141781806946,0.5695493817329407,0.4233208298683166,0.9240803718566896,0.5204493403434753,0.4148971438407898,0.4680170118808746,0.988153040409088,0.359800785779953,0.2336872667074203,0.4803360104560852,0.7434598803520203,0.8364941477775574,0.6121726036071777,0.8461119532585144,0.0,0.0,0.0,0.0,0.0,0.0,0.0,0.0,0.6707631349563599,0.4255299270153045
0.6621761918067932,0.2459402531385421,0.6819136738777161,0.2196137756109237,0.6403589844703674,0.2260319888591766,0.7169663310050964,0.2543670535087585,0.6138797998428345,0.2667033076286316,0.7723020911216736,0.4259835183620453,0.569553792476654,0.4231876730918884,0.920491099357605,0.5172971487045288,0.4100697040557861,0.4694456756114959,0.0,0.0,0.2306890487670898,0.4856627881526947,0.7434261441230774,0.8352370262145996,0.6121574640274048,0.8444378972053528,0.0,0.0,0.0,0.0,0.0,0.0,0.0,0.0,0.6705431938171387,0.4258981049060821
0.6649760007858276,0.2447607219219207,0.6845283508300781,0.2193260490894317,0.6431961059570312,0.2253135442733764,0.7191498875617981,0.2552900910377502,0.6157239675521851,0.2659798860549927,0.7738741040229797,0.4258507788181305,0.570877194404602,0.4229335784912109,0.922315239906311,0.5188843011856079,0.4155289530754089,0.469206154346466,0.0,0.0,0.2310454696416854,0.4885943531990051,0.7434587478637695,0.8334130048751831,0.6122660040855408,0.8435296416282654,0.0,0.0,0.0,0.0,0.0,0.0,0.0,0.0,0.6724576354026794,0.4259649217128753
0.6691864132881165,0.2431907653808593,0.6889894604682922,0.2192588895559311,0.6477034687995911,0.2234562784433365,0.7223393321037292,0.2562676966190338,0.6190304756164551,0.2654322385787964,0.7775150537490845,0.4291653633117676,0.5738576054573059,0.4221594035625458,0.9230046272277832,0.526241660118103,0.4186566770076751,0.4682102501392364,0.0,0.0,0.232767567038536,0.4862849712371826,0.745490550994873,0.8335655927658081,0.6129340529441833,0.8438995480537415,0.0,0.0,0.0,0.0,0.0,0.0,0.0,0.0,0.6749196648597717,0.4267794787883758
0.6713494062423706,0.2434226423501968,0.691970705986023,0.2196911424398422,0.6496723294258118,0.222471997141838,0.7250521779060364,0.257573664188385,0.6200838685035706,0.2627106010913849,0.7783788442611694,0.4283371865749359,0.5753248929977417,0.4229469001293182,0.92316073179245,0.5269908308982849,0.4199911952018738,0.4688124060630798,0.0,0.0,0.2356249988079071,0.487828642129898,0.7486570477485657,0.831832230091095,0.6153980493545532,0.834725558757782,0.0,0.0,0.0,0.0,0.0,0.0,0.0,0.0,0.6761860251426697,0.4272102415561676
0.6711111664772034,0.2442815750837326,0.6913023591041565,0.2193319648504257,0.6489824652671814,0.2235911786556244,0.7250300645828247,0.254848450422287,0.6202388405799866,0.2636146545410156,0.7805432081222534,0.4265198111534118,0.578492283821106,0.4233303070068359,0.9283026456832886,0.5267223119735718,0.4282941818237304,0.4711719155311584,0.0,0.0,0.2385057061910629,0.495252400636673,0.752781093120575,0.830276370048523,0.6183229684829712,0.8330308198928833,0.0,0.0,0.0,0.0,0.0,0.0,0.0,0.0,0.6795674562454224,0.4263779520988464
0.6733608245849609,0.2411504089832306,0.6949627995491028,0.2175144255161285,0.6506644487380981,0.2224561721086502,0.7299386262893677,0.2556735873222351,0.6217550039291382,0.2657980322837829,0.7835649251937866,0.4234423339366913,0.5812121629714966,0.4232162833213806,0.934042751789093,0.5184357166290283,0.4243733584880829,0.4692568182945251,0.0,0.0,0.2412336021661758,0.4902732968330383,0.7560600638389587,0.8314849138259888,0.6197420358657837,0.8344997763633728,0.0,0.0,0.0,0.0,0.0,0.0,0.0,0.0,0.6823621392250061,0.4254723489284515
0.675214946269989,0.2438852488994598,0.6962796449661255,0.2183368057012558,0.6533956527709961,0.2253227084875106,0.7317662239074707,0.2514447867870331,0.6270386576652527,0.2648174464702606,0.788241446018219,0.4193144142627716,0.5864924192428589,0.4222610890865326,0.9437247514724731,0.507391095161438,0.4347913861274719,0.4649885594844818,0.0,0.0,0.2502035200595855,0.4797113537788391,0.759511411190033,0.8323310613632202,0.6221616864204407,0.8428972959518433,0.0,0.0,0.0,0.0,0.0,0.0,0.0,0.0,0.6865555047988892,0.4224636852741241
0.6779815554618835,0.2434688955545425,0.6987051367759705,0.2173214852809906,0.6559644341468811,0.2246222048997879,0.7323183417320251,0.248109683394432,0.6295929551124573,0.262720376253128,0.790356457233429,0.4152687191963196,0.5876806974411011,0.4222290515899658,0.9537447690963744,0.4930033981800079,0.4357394576072693,0.4646757543087005,0.0,0.0,0.243312805891037,0.4767206311225891,0.7621492743492126,0.8311201930046082,0.6231285929679871,0.8433302044868469,0.0,0.0,0.0,0.0,0.0,0.0,0.0,0.0,0.6883176565170288,0.4196029007434845
0.6749982833862305,0.2445733994245529,0.696057140827179,0.2195142060518264,0.653290867805481,0.2263436019420623,0.7320306897163391,0.2506486475467682,0.6280521750450134,0.2645223736763,0.7940675020217896,0.4096289575099945,0.5875407457351685,0.4228499233722687,0.958463728427887,0.476801335811615,0.4359838664531708,0.4662466645240783,0.9910714030265808,0.2969091832637787,0.2467181831598281,0.479504644870758,0.7652294039726257,0.8311944007873535,0.6245207786560059,0.8437469601631165,0.0,0.0,0.0,0.0,0.0,0.0,0.0,0.0,0.6907191276550293,0.4179736971855163
0.6746334433555603,0.2450961768627166,0.6943831443786621,0.2196015864610672,0.6523566246032715,0.227064162492752,0.7299794554710388,0.2473996132612228,0.6264376044273376,0.2647834122180938,0.7964677810668945,0.4055691361427307,0.586602509021759,0.4253442287445068,0.9571205973625184,0.4631949067115783,0.4397361874580383,0.4749394357204437,0.9787365198135376,0.2754580974578857,0.2440154403448104,0.4945521354675293,0.7652570605278015,0.8275155425071716,0.6265681982040405,0.8319359421730042,0.0,0.0,0.0,0.0,0.0,0.0,0.0,0.0,0.6915855407714844,0.4173027575016022
0.6732282638549805,0.2461324036121368,0.691923975944519,0.2202851623296737,0.6512376666069031,0.2279559075832367,0.7275670170783997,0.247551828622818,0.6255921125411987,0.2670428156852722,0.7942771911621094,0.399184912443161,0.5867465734481812,0.4280224442481994,0.962055504322052,0.4418005347251892,0.4392498135566711,0.4932443797588348,0.946414589881897,0.2602015733718872,0.257961094379425,0.5293559432029724,0.7649115920066833,0.8261962532997131,0.6268316507339478,0.8295807242393494,0.0,0.0,0.0,0.0,0.0,0.0,0.0,0.0,0.6904255747795105,0.4145407080650329
0.6697737574577332,0.2489690035581588,0.6872510313987732,0.2226471751928329,0.6477017998695374,0.2318415194749832,0.723186194896698,0.2505269050598144,0.6227913498878479,0.2722077667713165,0.7920141816139221,0.4006626009941101,0.5852858424186707,0.4312012493610382,0.9632624983787536,0.4325359761714935,0.4403553307056427,0.5063744783401489,0.9375560879707336,0.2551365494728088,0.2548357844352722,0.5550251603126526,0.7621652483940125,0.8184829354286194,0.6252150535583496,0.8281135559082031,0.0,0.0,0.0,0.0,0.0,0.0,0.0,0.0,0.6883711814880371,0.4172571301460266
0.6669970154762268,0.2503567337989807,0.6841612458229065,0.2236844599246978,0.6448343992233276,0.2334715873003006,0.7188965678215027,0.2503661215305328,0.6193704009056091,0.2736060321331024,0.7895657420158386,0.400421142578125,0.5815695524215698,0.4346405863761902,0.959423840045929,0.4337895214557647,0.4346323609352112,0.524774968624115,0.9285227060317992,0.2584578096866607,0.2572157680988312,0.575899064540863,0.7631210684776306,0.8269184827804565,0.6245031356811523,0.8300219774246216,0.0,0.0,0.0,0.0,0.0,0.0,0.0,0.0,0.6842983961105347,0.4194651544094085
0.6633925437927246,0.2519996464252472,0.6799891591072083,0.2252733707427978,0.6412191390991211,0.2360824644565582,0.7160356640815735,0.2505269646644592,0.6179003715515137,0.275338739156723,0.7885926961898804,0.4041541516780853,0.579884946346283,0.4355263411998749,0.9580646753311156,0.4454675316810608,0.4434225559234619,0.5341724157333374,0.9132720232009888,0.2745809555053711,0.2662520110607147,0.6037934422492981,0.7580879330635071,0.8277621865272522,0.6220571398735046,0.829308032989502,0.0,0.0,0.0,0.0,0.0,0.0,0.0,0.0,0.6822014451026917,0.4223567545413971
0.6564425230026245,0.2537614405155182,0.6749992370605469,0.2273132652044296,0.6355069875717163,0.2358448207378387,0.7110190987586975,0.2548054158687591,0.614116370677948,0.2756690680980682,0.7800164222717285,0.4073426723480224,0.5773167014122009,0.4348670542240143,0.947557270526886,0.453156441450119,0.4443435072898865,0.5412653684616089,0.8956762552261353,0.2948612570762634,0.264673501253128,0.625342845916748,0.7488779425621033,0.8304167985916138,0.6156206727027893,0.8334555625915527,0.0,0.0,0.0,0.0,0.0,0.0,0.0,0.0,0.6768293976783752,0.4237608611583709
0.6478919982910156,0.2507304549217224,0.6677042841911316,0.2277935296297073,0.6260467171669006,0.2355862855911255,0.7027669548988342,0.2594166398048401,0.6036521792411804,0.2786731123924255,0.7692877650260925,0.4098499715328216,0.5659996867179871,0.4377421438694,0.9375638365745544,0.456068605184555,0.4263909459114074,0.5425897240638733,0.8890800476074219,0.2998681664466858,0.2549200654029846,0.619156002998352,0.740215003490448,0.8321124911308289,0.6085247993469238,0.834226667881012,0.0,0.0,0.0,0.0,0.0,0.0,0.0,0.0,0.6662339568138123,0.4256512820720672
0.5770095586776733,0.2516535222530365,0.597701370716095,0.2288791388273239,0.5566023588180542,0.2345458716154098,0.6312703490257263,0.2619108557701111,0.532271683216095,0.2764341831207275,0.6884942054748535,0.4198265969753265,0.4880217909812927,0.4339103996753692,0.8568426966667175,0.4907233715057373,0.3410927951335907,0.5019992589950562,0.8455854058265686,0.3112550377845764,0.1630460917949676,0.5396339893341064,0.6406983137130737,0.826917827129364,0.5030832886695862,0.8194523453712463,0.0,0.0,0.0,0.0,0.0,0.0,0.0,0.0,0.5856065154075623,0.4252068102359772
0.5607052445411682,0.2530322670936584,0.5800023674964905,0.2288678437471389,0.5387409925460815,0.235430434346199,0.6134828925132751,0.2650667428970337,0.5143102407455444,0.2765204012393951,0.6702286005020142,0.4267045855522156,0.4671787321567535,0.432417631149292,0.8269354701042175,0.4990937113761902,0.325929194688797,0.4889233708381653,0.8290578126907349,0.3165152966976166,0.1237753033638,0.5126871466636658,0.6242979764938354,0.8303907513618469,0.4867803156375885,0.8296328783035278,0.0,0.0,0.0,0.0,0.0,0.0,0.0,0.0,0.5658929944038391,0.4281934797763824
0.5499456524848938,0.252762496471405,0.568818211555481,0.2284100502729416,0.5288355946540833,0.2349516600370407,0.599651038646698,0.2630670964717865,0.505929172039032,0.2775226831436157,0.6562218070030212,0.4241688549518585,0.4567253887653351,0.4300593435764313,0.8219718933105469,0.5000420808792114,0.3162907063961029,0.4808715283870697,0.8219930529594421,0.3157493472099304,0.1099696978926658,0.4999082386493683,0.6135411262512207,0.8307182192802429,0.480512797832489,0.8317528367042542,0.0,0.0,0.0,0.0,0.0,0.0,0.0,0.0,0.5562103986740112,0.4268495142459869
0.5453924536705017,0.24808169901371,0.5648806095123291,0.2263155132532119,0.5250011682510376,0.2320366948843002,0.5964590311050415,0.2635900974273681,0.5020700097084045,0.2754392027854919,0.6538071632385254,0.4223544895648956,0.4523531794548034,0.4282862544059753,0.8188591003417969,0.497708797454834,0.3078603148460388,0.4752592742443084,0.8196588158607483,0.3160652220249176,0.1005103960633277,0.4931319653987884,0.6139470934867859,0.8319991230964661,0.4806008636951446,0.8338724374771118,0.0,0.0,0.0,0.0,0.0,0.0,0.0,0.0,0.5524274110794067,0.4254772961139679
0.5423775315284729,0.248322382569313,0.562627375125885,0.2270093411207199,0.5219759345054626,0.232664480805397,0.5953596830368042,0.2648393511772156,0.4984945356845855,0.2751732468605041,0.6505492925643921,0.4223100244998932,0.4514528214931488,0.4266107380390167,0.8141129612922668,0.5028147101402283,0.305329293012619,0.4694269597530365,0.8314676880836487,0.3143683969974518,0.0981905609369278,0.4796150624752044,0.6130868196487427,0.8304831385612488,0.480606734752655,0.8322756886482239,0.0,0.0,0.0,0.0,0.0,0.0,0.0,0.0,0.5506240129470825,0.4247856140136719
0.5333603024482727,0.2475421577692031,0.5546682476997375,0.2242632210254669,0.5123090147972107,0.2303702682256698,0.5903167128562927,0.2578951418399811,0.4876654148101806,0.2710084915161133,0.6410103440284729,0.4194338321685791,0.4431093335151672,0.4204629361629486,0.8023549318313599,0.5040258765220642,0.275618314743042,0.4630491435527801,0.8328863978385925,0.3251347243785858,0.0760486125946044,0.4600934982299804,0.6016234159469604,0.8357610106468201,0.4708943665027618,0.8341633677482605,0.0,0.0,0.0,0.0,0.0,0.0,0.0,0.0,0.5430344343185425,0.4208459854125976
0.5166555047035217,0.2462758123874664,0.5367022156715393,0.2228721529245376,0.4965569674968719,0.2273744493722915,0.5688574910163879,0.2577208578586578,0.4714793860912323,0.2681976854801178,0.6198258996009827,0.4241548478603363,0.4226296842098236,0.4154980778694153,0.7837069630622864,0.5120247006416321,0.2565951943397522,0.4492672383785248,0.8337024450302124,0.3362268507480621,0.0545466877520084,0.4401797354221344,0.573639988899231,0.8272144198417664,0.4419402778148651,0.8308488726615906,0.0,0.0,0.0,0.0,0.0,0.0,0.0,0.0,0.5202886462211609,0.4201538264751434
0.5023027658462524,0.2461017221212387,0.5235087871551514,0.2241970747709274,0.4817703366279602,0.2274548262357711,0.5567787289619446,0.262246161699295,0.4561670124530792,0.269051730632782,0.6049090623855591,0.4323594570159912,0.408921331167221,0.4180620312690735,0.7667927742004395,0.522915244102478,0.2428105622529983,0.438995748758316,0.8586472868919373,0.3671097159385681,0.0450249314308166,0.4322306513786316,0.5556203722953796,0.8281482458114624,0.420870691537857,0.8307053446769714,0.0,0.0,0.0,0.0,0.0,0.0,0.0,0.0,0.5055386424064636,0.4232219755649566
0.4953474402427673,0.2454943209886551,0.5164676904678345,0.2219951003789901,0.4741678535938263,0.2251301258802414,0.5485357046127319,0.2583520710468292,0.4477112889289856,0.2672628462314605,0.5979863405227661,0.4354886710643768,0.3998467326164245,0.4196147918701172,0.757073700428009,0.5297693610191345,0.2288376837968826,0.4351288378238678,0.8747075200080872,0.3953190445899963,0.0223010014742612,0.4236893057823181,0.546942949295044,0.8297951817512512,0.4129398465156555,0.832009494304657,0.0,0.0,0.0,0.0,0.0,0.0,0.0,0.0,0.4964320957660675,0.4255570471286773
0.4931268095970154,0.2439542859792709,0.5139132738113403,0.220703974366188,0.4714527130126953,0.2237638086080551,0.5451564192771912,0.2591117322444916,0.4436920285224914,0.2676840126514435,0.5941815972328186,0.4332945346832275,0.3963222205638885,0.4171448051929474,0.7524963021278381,0.5313577651977539,0.2256854921579361,0.4331603348255157,0.8864673972129822,0.4272431433200836,0.0200544353574514,0.4193888306617737,0.5454856753349304,0.8275243043899536,0.4136517941951751,0.8309332132339478,0.0,0.0,0.0,0.0,0.0,0.0,0.0,0.0,0.4930970072746277,0.4234760701656341
0.492920458316803,0.2448623478412628,0.5136058926582336,0.2212833017110824,0.4712032973766327,0.224708691239357,0.5450217723846436,0.2598944008350372,0.443591296672821,0.2681956887245178,0.5946361422538757,0.4335057735443115,0.3968997895717621,0.4180100858211517,0.7535635232925415,0.5301381945610046,0.2266188561916351,0.4324110448360443,0.8903933167457581,0.4406397342681885,0.021241320297122,0.4192580580711365,0.5460028052330017,0.8262481689453125,0.4140776693820953,0.829012930393219,0.0,0.0,0.0,0.0,0.0,0.0,0.0,0.0,0.4935764372348785,0.4234993755817413
0.4946096539497375,0.2449916303157806,0.5157003402709961,0.2219825536012649,0.4733929932117462,0.224470630288124,0.5468617677688599,0.2586968541145324,0.4468296468257904,0.265872061252594,0.5968577265739441,0.43367999792099,0.3990042209625244,0.4173801243305206,0.7561096549034119,0.5330415368080139,0.235165849328041,0.4326644837856293,0.90272718667984,0.4516190588474273,0.0229449160397052,0.4193166196346283,0.5518566370010376,0.8276406526565552,0.4187030792236328,0.8310040235519409,0.0,0.0,0.0,0.0,0.0,0.0,0.0,0.0,0.4953672289848327,0.4233743846416473
0.4971686899662018,0.2469393908977508,0.5189453959465027,0.221753254532814,0.4758419394493103,0.2266349494457245,0.5528191328048706,0.2557415664196014,0.4513385891914367,0.2674089074134826,0.605300784111023,0.4328741431236267,0.405644804239273,0.4175076782703399,0.7654886245727539,0.5245972275733948,0.2430439293384552,0.4342995584011078,0.9070044755935668,0.421556293964386,0.0429426096379756,0.4233410060405731,0.554951012134552,0.8272013068199158,0.4209871292114258,0.8307251334190369,0.0,0.0,0.0,0.0,0.0,0.0,0.0,0.0,0.5029360055923462,0.4227841794490814
0.4994438290596008,0.246092215180397,0.5205462574958801,0.2218319028615951,0.4781961441040039,0.2274479120969772,0.5554323792457581,0.2567629516124725,0.4536233842372894,0.2706940770149231,0.6067590117454529,0.4274308085441589,0.408867746591568,0.4167353510856628,0.7718687653541565,0.5132170915603638,0.2452964037656784,0.4375175535678863,0.8804668188095093,0.3667906820774078,0.0451116673648357,0.4305503368377685,0.5571148991584778,0.8276850581169128,0.4237088859081268,0.831389307975769,0.0,0.0,0.0,0.0,0.0,0.0,0.0,0.0,0.5058795809745789,0.4201873242855072
0.4975064098834991,0.247355580329895,0.5190380811691284,0.2222546488046646,0.4762324392795563,0.2284549921751022,0.5549101233482361,0.2561650276184082,0.4525551199913025,0.2711435556411743,0.6063064336776733,0.4235799908638,0.4091562628746032,0.4173669815063476,0.773961067199707,0.497280865907669,0.2458218336105346,0.4416699707508087,0.8431380987167358,0.3323040008544922,0.049231220036745,0.4396003186702728,0.5531104803085327,0.8269382119178772,0.4203861355781555,0.8287934064865112,0.0,0.0,0.0,0.0,0.0,0.0,0.0,0.0,0.5062088966369629,0.4187817275524139
0.4913553893566131,0.2521939277648926,0.512415885925293,0.2253157794475555,0.4699845016002655,0.2325770556926727,0.5479964017868042,0.2577278017997741,0.4457998871803283,0.2745150029659271,0.6012255549430847,0.4228799641132355,0.402356892824173,0.4220046401023865,0.7716009020805359,0.4884478449821472,0.2347888946533203,0.4516097009181976,0.8007469177246094,0.2980104982852936,0.0372550375759601,0.4508751332759857,0.5473212599754333,0.8288353085517883,0.415706068277359,0.8290876150131226,0.0,0.0,0.0,0.0,0.0,0.0,0.0,0.0,0.5006850957870483,0.4206928312778473
0.4860642850399017,0.2560774981975555,0.5053936243057251,0.2311816215515136,0.4656223952770233,0.2380541712045669,0.541094958782196,0.2651822865009308,0.441000372171402,0.2785556614398956,0.5977820158004761,0.4258646965026855,0.3982967436313629,0.4281933605670929,0.7626411318778992,0.482665866613388,0.230274960398674,0.461867481470108,0.7352970838546753,0.2933767139911651,0.0392801649868488,0.4655748009681701,0.5491396188735962,0.8293768763542175,0.4168438613414764,0.829006016254425,0.0,0.0,0.0,0.0,0.0,0.0,0.0,0.0,0.4965436458587646,0.4246922135353088
0.4884714186191559,0.2587106823921203,0.5087490677833557,0.2355390638113021,0.4676468968391418,0.241803303360939,0.5457735061645508,0.2700752317905426,0.4459403157234192,0.2832907438278198,0.6005439162254333,0.4255847036838531,0.4051104485988617,0.4298851191997528,0.7627743482589722,0.4829221665859222,0.2379174679517746,0.4669323563575744,0.7153892517089844,0.311222106218338,0.045935396105051,0.4717223644256592,0.5553796887397766,0.8282588720321655,0.4244298934936523,0.8285428881645203,0.0,0.0,0.0,0.0,0.0,0.0,0.0,0.0,0.5033954977989197,0.4255938231945038
0.4964792132377624,0.2623763978481293,0.5185955762863159,0.2397371679544448,0.4757458567619324,0.2465510815382003,0.5562372803688049,0.2752335965633392,0.4562318027019501,0.2897006571292877,0.6105499267578125,0.4284538924694061,0.4154094755649566,0.4319153428077698,0.7705503106117249,0.4934821426868438,0.2528586089611053,0.4705342650413513,0.7165868878364563,0.3284349143505096,0.0601841993629932,0.4748265743255615,0.5664311647415161,0.8183697462081909,0.4369292259216308,0.8276700377464294,0.0,0.0,0.0,0.0,0.0,0.0,0.0,0.0,0.5129258036613464,0.4286143779754638
0.5135189294815063,0.2692523002624511,0.5324159860610962,0.2469533234834671,0.494841992855072,0.2560880184173584,0.567097544670105,0.278197705745697,0.4784397482872009,0.2986089587211609,0.6271128058433533,0.4389149248600006,0.4335575103759765,0.4380109012126922,0.7812166213989258,0.5220282673835754,0.2767182886600494,0.4724636971950531,0.7667708396911621,0.3532078862190246,0.0936056748032569,0.4726500213146209,0.5787934064865112,0.8279675841331482,0.4509401619434356,0.8288541436195374,0.0,0.0,0.0,0.0,0.0,0.0,0.0,0.0,0.5313156247138977,0.4365386664867401
0.522621214389801,0.269379585981369,0.5412968397140503,0.2486183494329452,0.5028184652328491,0.2565186023712158,0.5748844146728516,0.2836721837520599,0.4841442108154297,0.2995594143867492,0.6281418204307556,0.4431807696819305,0.4384664595127105,0.4379864037036896,0.7800461053848267,0.5323723554611206,0.291471004486084,0.4700762927532196,0.8213157653808594,0.3762083947658539,0.0996311381459236,0.4664733409881592,0.5818382501602173,0.8285694122314453,0.4575708210468292,0.8294439911842346,0.0,0.0,0.0,0.0,0.0,0.0,0.0,0.0,0.5353941321372986,0.4389213919639587
0.5221666693687439,0.2707886397838592,0.541171133518219,0.249827966094017,0.5022441148757935,0.2573925852775574,0.5747507810592651,0.2833371758460998,0.4830750823020935,0.2990450859069824,0.626954197883606,0.4472533166408539,0.4377806186676025,0.4388875961303711,0.7786291241645813,0.5398681163787842,0.2826944887638092,0.4679284393787384,0.8825181722640991,0.4118944108486175,0.0995841398835182,0.4610151946544647,0.5741741061210632,0.8272261619567871,0.4498681724071502,0.8279264569282532,0.0,0.0,0.0,0.0,0.0,0.0,0.0,0.0,0.5337971448898315,0.4416119158267975
0.5189594030380249,0.2710784375667572,0.5369488000869751,0.2493176311254501,0.4987847208976745,0.2565874755382538,0.5677486658096313,0.2833038568496704,0.4787636697292328,0.2999995350837707,0.6219172477722168,0.4504382610321045,0.4333411753177643,0.4391925036907196,0.7701973915100098,0.5406040549278259,0.277310162782669,0.4677470028400421,0.8993998169898987,0.4353820979595184,0.0944970771670341,0.4609966278076172,0.5656124353408813,0.8167966604232788,0.4423930943012237,0.8172239661216736,0.0,0.0,0.0,0.0,0.0,0.0,0.0,0.0,0.5284886956214905,0.4435845911502838
0.5096259713172913,0.2740660309791565,0.5291505455970764,0.2536121010780334,0.4901739656925201,0.2572693228721618,0.5586291551589966,0.2831307351589203,0.4680117070674896,0.2939167022705078,0.6139766573905945,0.4507068693637848,0.420598953962326,0.4378437399864197,0.7635173201560974,0.5451204776763916,0.2718709409236908,0.4677596390247345,0.8992026448249817,0.4526211321353912,0.0,0.0,0.5571171641349792,0.8165044188499451,0.4320117533206939,0.8169062733650208,0.0,0.0,0.0,0.0,0.0,0.0,0.0,0.0,0.516880452632904,0.4420755803585052
0.5064491033554077,0.273142009973526,0.5268093943595886,0.254230260848999,0.4867154657840729,0.2559836506843567,0.5569656491279602,0.2883548140525818,0.4615338444709778,0.2933925986289978,0.6078904271125793,0.4509720802307129,0.415982037782669,0.4388017654418945,0.7526876330375671,0.5475074648857117,0.2636459767818451,0.4660384058952331,0.8836415410041809,0.4458155632019043,0.0762733742594719,0.4530994892120361,0.5509997606277466,0.8172760009765625,0.4250481128692627,0.8249040842056274,0.0,0.0,0.0,0.0,0.0,0.0,0.0,0.0,0.5106984972953796,0.4429148733615875
0.5118470788002014,0.2736124098300934,0.5318886041641235,0.2530077397823334,0.4929781854152679,0.257913738489151,0.5638876557350159,0.2870640158653259,0.4735896587371826,0.2978687882423401,0.6186133623123169,0.4497534334659576,0.4268995821475982,0.4403262436389923,0.7745035886764526,0.5303691625595093,0.2725516259670257,0.4657987654209137,0.8476837873458862,0.3838728070259094,0.09334547072649,0.4536022245883941,0.5627967715263367,0.8172053098678589,0.4373467266559601,0.8176769614219666,0.0,0.0,0.0,0.0,0.0,0.0,0.0,0.0,0.5231693387031555,0.4428687393665313
0.5339122414588928,0.2704743444919586,0.5526324510574341,0.2484189420938491,0.5137590169906616,0.2552423179149627,0.5883045792579651,0.2790067791938782,0.4948449432849884,0.2944922149181366,0.6399840712547302,0.4376740157604217,0.4504912197589874,0.4377668499946594,0.7946954369544983,0.5194884538650513,0.3112899363040924,0.4693783819675445,0.8381576538085938,0.3474566340446472,0.1194510087370872,0.4538938403129577,0.5952929258346558,0.8317800760269165,0.4696357250213623,0.8317956924438477,0.0,0.0,0.0,0.0,0.0,0.0,0.0,0.0,0.5455718636512756,0.4362263679504394
0.5481684803962708,0.2698151767253876,0.5681491494178772,0.2459257543087005,0.529682993888855,0.2551242709159851,0.6043024063110352,0.2780868113040924,0.5128502249717712,0.2950484156608581,0.6619433164596558,0.4382020831108093,0.4710145592689514,0.4398820996284485,0.8188770413398743,0.5104157328605652,0.3296423256397247,0.472249686717987,0.8367934823036194,0.3254344165325165,0.1461547166109085,0.4668233096599579,0.611957848072052,0.8299851417541504,0.4831576645374298,0.8274941444396973,0.0,0.0,0.0,0.0,0.0,0.0,0.0,0.0,0.5649879574775696,0.4385490715503692
0.5683722496032715,0.2731862366199493,0.5887848734855652,0.2470491677522659,0.5491222739219666,0.255383551120758,0.6282210350036621,0.2716710269451141,0.5317978262901306,0.2899418473243713,0.67939293384552,0.4293706119060516,0.4871136844158172,0.4358146786689758,0.839341938495636,0.5103003978729248,0.3461858928203583,0.4724606573581695,0.7780287861824036,0.3486535847187042,0.1648220121860504,0.4678274691104889,0.630549430847168,0.8308075666427612,0.4975993931293487,0.8272597193717957,0.0,0.0,0.0,0.0,0.0,0.0,0.0,0.0,0.5813197493553162,0.4304589331150055
0.5610382556915283,0.2712108194828033,0.5827284455299377,0.2468992322683334,0.5419901609420776,0.2540804743766784,0.6216686964035034,0.2766128480434418,0.5242334604263306,0.2926200032234192,0.6747681498527527,0.43576380610466,0.4802258610725403,0.437279999256134,0.8330867886543274,0.5156851410865784,0.3377659618854522,0.4713161587715149,0.773374080657959,0.3522809147834778,0.1633187979459762,0.4672964513301849,0.6264071464538574,0.8292621970176697,0.4918315410614013,0.8276509642601013,0.0,0.0,0.0,0.0,0.0,0.0,0.0,0.0,0.5764726996421814,0.4344634413719177
0.5584186911582947,0.271491527557373,0.5791234970092773,0.2475049644708633,0.538843035697937,0.256488561630249,0.6165676116943359,0.2773288190364837,0.5206120610237122,0.2959659397602081,0.6702075004577637,0.440125048160553,0.4768050611019134,0.4383514821529388,0.8283729553222656,0.5206782817840576,0.3351068496704101,0.4721633791923523,0.7783811688423157,0.3530705571174621,0.1570043265819549,0.4672844111919403,0.6214923858642578,0.8292074799537659,0.4888586401939392,0.8275266289710999,0.0,0.0,0.0,0.0,0.0,0.0,0.0,0.0,0.5731446146965027,0.4378878772258758
0.5597003102302551,0.2709711492061615,0.5813854932785034,0.2469412982463836,0.5405499339103699,0.2550215721130371,0.619796872138977,0.2771800756454468,0.5226993560791016,0.2943654954433441,0.6740928292274475,0.4383872449398041,0.4790282547473907,0.4380934834480285,0.8291506171226501,0.5236738920211792,0.3351557850837707,0.4705970585346222,0.8171899914741516,0.3440999686717987,0.1571290343999862,0.460838109254837,0.627599835395813,0.8293242454528809,0.4928611814975738,0.8281283378601074,0.0,0.0,0.0,0.0,0.0,0.0,0.0,0.0,0.5755773782730103,0.4366689026355743
0.5749492645263672,0.2710607349872589,0.5946373343467712,0.246735468506813,0.5535290241241455,0.2542101442813873,0.6282142400741577,0.274897426366806,0.5323241353034973,0.2907931506633758,0.6829515695571899,0.43936488032341,0.4887987673282623,0.4365384578704834,0.8333202004432678,0.5264246463775635,0.3465102314949035,0.4688563942909241,0.8766494393348694,0.3570738732814789,0.1688692569732666,0.4584696292877197,0.6368126273155212,0.8266722559928894,0.5036272406578064,0.8171736598014832,0.0,0.0,0.0,0.0,0.0,0.0,0.0,0.0,0.5835965871810913,0.4353023469448089
0.5938615202903748,0.2716254293918609,0.6112130284309387,0.2485291063785553,0.571711003780365,0.2569885849952698,0.646720826625824,0.2762527763843536,0.5503038763999939,0.2966573238372803,0.6998931169509888,0.4387665688991546,0.5121051073074341,0.4394241273403168,0.8497465252876282,0.5315641760826111,0.3614682555198669,0.4607694447040558,0.9621262550354004,0.4137731194496155,0.1860501915216446,0.4507938921451568,0.6571804881095886,0.8275813460350037,0.5276270508766174,0.8265371322631836,0.0,0.0,0.0,0.0,0.0,0.0,0.0,0.0,0.605071485042572,0.4390653669834137
0.5953055024147034,0.2720037996768951,0.613396942615509,0.2493400573730468,0.5741906762123108,0.2563312649726867,0.6498454809188843,0.2787284553050995,0.5527287125587463,0.2950224280357361,0.7014870643615723,0.4410039782524109,0.5123173594474792,0.4378546178340912,0.8505358099937439,0.5450524687767029,0.3633923828601837,0.4613687098026275,0.9910714030265808,0.5123634934425354,0.1838428974151611,0.4542765319347381,0.6551986336708069,0.8275729417800903,0.5271082520484924,0.8254879713058472,0.0,0.0,0.0,0.0,0.0,0.0,0.0,0.0,0.6068412661552429,0.4388167262077331
0.591106116771698,0.2695911526679992,0.6091187596321106,0.2468281686305999,0.5696266889572144,0.2540483772754669,0.6441768407821655,0.2769047915935516,0.5476282238960266,0.2946915328502655,0.6921443939208984,0.4415007531642914,0.5041226148605347,0.4336296617984772,0.8389591574668884,0.5514143109321594,0.3613322675228119,0.4615335762500763,0.9910714030265808,0.5429310202598572,0.1803175956010818,0.4543242752552032,0.6454357504844666,0.8253167867660522,0.5123899579048157,0.8163274526596069,0.0,0.0,0.0,0.0,0.0,0.0,0.0,0.0,0.5975402593612671,0.4359701573848724
0.5814453363418579,0.2751438915729522,0.6009688973426819,0.2514807283878326,0.5613784193992615,0.2578074038028717,0.6340120434761047,0.2793871462345123,0.5400003790855408,0.2920427918434143,0.6852283477783203,0.4448710978031158,0.4947633743286133,0.432529866695404,0.8307180404663086,0.5539251565933228,0.3516723811626434,0.462831437587738,0.9806957840919496,0.4833572506904602,0.1733176261186599,0.4525680541992187,0.6363496780395508,0.824185311794281,0.504147469997406,0.8149036169052124,0.0,0.0,0.0,0.0,0.0,0.0,0.0,0.0,0.5890178680419922,0.4369246065616607
0.5797091126441956,0.2740974426269531,0.5991230607032776,0.2505359947681427,0.5600940585136414,0.2570259571075439,0.6318902373313904,0.2773383259773254,0.5393667817115784,0.2912537157535553,0.684633731842041,0.4439048767089844,0.4949623644351959,0.4353549480438232,0.8383659720420837,0.5406405329704285,0.3580845892429352,0.4634204804897308,0.9456297159194946,0.4186058044433594,0.174012079834938,0.452983558177948,0.6386964917182922,0.8243036866188049,0.5059095621109009,0.8164697885513306,0.0,0.0,0.0,0.0,0.0,0.0,0.0,0.0,0.5883055329322815,0.4386368095874786
0.5932321548461914,0.2704573571681976,0.6104263067245483,0.2473770231008529,0.5710421800613403,0.2560049593448639,0.6455326080322266,0.2743768990039825,0.5488996505737305,0.2955320477485657,0.6986575126647949,0.4361317157745361,0.5089319944381714,0.4396044313907623,0.8540054559707642,0.5199170112609863,0.3637489378452301,0.4665330350399017,0.9048115611076356,0.3541958332061767,0.1871020793914795,0.4600535333156585,0.656985342502594,0.8184823989868164,0.5269362330436707,0.8170666098594666,0.0,0.0,0.0,0.0,0.0,0.0,0.0,0.0,0.6025080680847168,0.4375714361667633
0.5991210341453552,0.2722440063953399,0.6176952123641968,0.2488378137350082,0.577427327632904,0.2562573552131653,0.6540489196777344,0.276035875082016,0.5553373098373413,0.2938670814037323,0.7066091895103455,0.4357523918151855,0.5178434252738953,0.4392190277576446,0.8620091676712036,0.5244922637939453,0.3689051568508148,0.467578649520874,0.8834348320960999,0.3482895791530609,0.1957229673862457,0.4615062177181244,0.6674179434776306,0.8182138204574585,0.5386033654212952,0.8159528374671936,0.0,0.0,0.0,0.0,0.0,0.0,0.0,0.0,0.609982967376709,0.4370205700397491
0.5964773297309875,0.2887013256549835,0.6138600707054138,0.2635796368122101,0.5750584602355957,0.2718667089939117,0.6484453082084656,0.2852118909358978,0.5521501302719116,0.3090674579143524,0.6968768239021301,0.4467668831348419,0.5130704045295715,0.449613869190216,0.843936562538147,0.5442698001861572,0.3795937895774841,0.4762446880340576,0.8379716277122498,0.3839252293109894,0.2008311599493026,0.4695024788379669,0.6613786816596985,0.8160578608512878,0.5338835716247559,0.81487637758255,0.0,0.0,0.0,0.0,0.0,0.0,0.0,0.0,0.6045204997062683,0.4474324285984039
0.5773805975914001,0.3026910424232483,0.5958174467086792,0.2785468697547912,0.5565678477287292,0.2870154678821563,0.6309057474136353,0.3086862862110138,0.5348944664001465,0.3235008716583252,0.670698344707489,0.4579125344753265,0.4926160871982574,0.4549604058265686,0.8124379515647888,0.5499436855316162,0.3662845492362976,0.487548291683197,0.8107506632804871,0.4047789573669433,0.1998085677623748,0.4779708087444305,0.6369386911392212,0.8121318221092224,0.5122371315956116,0.8124502897262573,0.0,0.0,0.0,0.0,0.0,0.0,0.0,0.0,0.5806367993354797,0.4572308659553528
0.5757811665534973,0.3105476200580597,0.5936363935470581,0.2860498428344726,0.5549638867378235,0.2923347949981689,0.624137282371521,0.3156057298183441,0.5323411226272583,0.3276662528514862,0.6647897362709045,0.4663561880588531,0.4938066303730011,0.4591231346130371,0.8028176426887512,0.5582443475723267,0.3700821697711944,0.4901124536991119,0.8340530395507812,0.419844388961792,0.2025989294052124,0.4766562283039093,0.6332703232765198,0.8112059235572815,0.511882483959198,0.8095123171806335,0.0,0.0,0.0,0.0,0.0,0.0,0.0,0.0,0.5777298212051392,0.4628238677978515
0.582593560218811,0.3169837296009063,0.5999634861946106,0.2939688861370086,0.5629595518112183,0.3014298379421234,0.6321986317634583,0.3217412531375885,0.5437044501304626,0.3389073014259338,0.6751993894577026,0.4699404239654541,0.5082412362098694,0.468059629201889,0.8089126944541931,0.5663761496543884,0.3871741890907287,0.4918568134307861,0.8893753290176392,0.4505917727947235,0.225809246301651,0.4751166701316833,0.6448239684104919,0.8133841156959534,0.5293553471565247,0.8101576566696167,0.0,0.0,0.0,0.0,0.0,0.0,0.0,0.0,0.5899943113327026,0.4693323671817779
0.5967837572097778,0.3221127092838287,0.6131575703620911,0.2988642752170563,0.5762672424316406,0.3071593642234802,0.6447493433952332,0.3236939609050751,0.5546900033950806,0.3425426185131073,0.6876783967018127,0.4728767275810241,0.5222012996673584,0.4675090610980987,0.814480185508728,0.5735254883766174,0.3934164047241211,0.4912304580211639,0.917704701423645,0.4843766093254089,0.2453636825084686,0.4731000363826751,0.6577590703964233,0.8118533492088318,0.5445612072944641,0.8122144937515259,0.0,0.0,0.0,0.0,0.0,0.0,0.0,0.0,0.6035656332969666,0.4703602194786072
0.612368106842041,0.325017511844635,0.6283693313598633,0.3028655350208282,0.5936838984489441,0.3082726597785949,0.6551459431648254,0.3301442265510559,0.5703274607658386,0.3444147706031799,0.6982892155647278,0.4748856723308563,0.5328453183174133,0.4695852398872375,0.8232654333114624,0.5737299919128418,0.4013203084468841,0.4928068518638611,0.9462165236473083,0.4982877075672149,0.2662314474582672,0.4767627418041229,0.6652013063430786,0.8128687739372253,0.5553770661354065,0.8127752542495728,0.0,0.0,0.0,0.0,0.0,0.0,0.0,0.0,0.6127785444259644,0.4716756939888
0.6130519509315491,0.3288731276988983,0.6297487020492554,0.305532157421112,0.5951467752456665,0.3121739029884338,0.6592890620231628,0.332318365573883,0.5745589137077332,0.3468707203865051,0.6996351480484009,0.4784300625324249,0.537971556186676,0.470374047756195,0.8241797089576721,0.5771531462669373,0.4081149697303772,0.4973161816596985,0.9553492665290833,0.5256937742233276,0.2766723930835724,0.4846967756748199,0.6641666293144226,0.8102954030036926,0.5561949014663696,0.8098818063735962,0.0,0.0,0.0,0.0,0.0,0.0,0.0,0.0,0.6161083579063416,0.4734809398651123
0.6065264940261841,0.3355047106742859,0.6220916509628296,0.3137986660003662,0.5884208083152771,0.3183982074260711,0.6511812210083008,0.3385372757911682,0.5671334862709045,0.3512381613254547,0.6922175288200378,0.4811439216136932,0.532529890537262,0.4741358160972595,0.8164964318275452,0.5776970982551575,0.4076391756534576,0.4984018504619598,0.9113776087760924,0.4777596592903137,0.2764511406421661,0.4853493571281433,0.6551505923271179,0.8088027834892273,0.5472399592399597,0.8078338503837585,0.0,0.0,0.0,0.0,0.0,0.0,0.0,0.0,0.6104599237442017,0.4772807657718658
0.6014791131019592,0.3342444002628326,0.617053210735321,0.3115258514881134,0.5813441276550293,0.3184462487697601,0.6482143402099609,0.3378368020057678,0.5605789422988892,0.3543709814548492,0.6902475953102112,0.4828416705131531,0.5271217226982117,0.4781762063503265,0.8204079866409302,0.5688078999519348,0.4057299792766571,0.4996309578418731,0.8757559061050415,0.4417891204357147,0.2749570608139038,0.4847701489925384,0.6539543867111206,0.812084972858429,0.5430215001106262,0.8103513121604919,0.0,0.0,0.0,0.0,0.0,0.0,0.0,0.0,0.6074428558349609,0.4794718325138092
0.6003150939941406,0.3298969268798828,0.6164945363998413,0.3070860207080841,0.5804980993270874,0.314275175333023,0.6490408182144165,0.3373239040374756,0.5579225420951843,0.3525638580322265,0.6893585324287415,0.4794261157512665,0.523469090461731,0.4792171120643616,0.8255590796470642,0.5587883591651917,0.3984295427799225,0.5011732578277588,0.827252209186554,0.4103600978851318,0.2626888453960418,0.4881513714790344,0.6600921750068665,0.8125853538513184,0.5461261868476868,0.8129278421401978,0.0,0.0,0.0,0.0,0.0,0.0,0.0,0.0,0.6060248017311096,0.4781923294067383
0.6049739718437195,0.3251567780971527,0.6205877661705017,0.3021655678749084,0.5855345129966736,0.3102617561817169,0.6542416214942932,0.3340839445590973,0.5642016530036926,0.3500017821788788,0.6973039507865906,0.4734321236610412,0.5304027199745178,0.4795020520687103,0.833884060382843,0.558875322341919,0.3984297811985016,0.5024441480636597,0.8177878260612488,0.4100755155086517,0.258592277765274,0.4919822514057159,0.6716682314872742,0.8179044723510742,0.5557451844215393,0.817925751209259,0.0,0.0,0.0,0.0,0.0,0.0,0.0,0.0,0.613155722618103,0.475949227809906
0.6120010614395142,0.3180398941040039,0.628535270690918,0.2953550517559051,0.5913692116737366,0.3021791279315948,0.6604012846946716,0.3277534544467926,0.5675298571586609,0.3422662913799286,0.7045068144798279,0.471175879240036,0.5336382985115051,0.4757139980792999,0.8432021737098694,0.561005711555481,0.3969283699989319,0.5035119652748108,0.8148469924926758,0.4206092953681946,0.2548287212848663,0.4948669373989105,0.6806803345680237,0.830065906047821,0.5633891224861145,0.8296957015991211,0.0,0.0,0.0,0.0,0.0,0.0,0.0,0.0,0.617655336856842,0.4721136093139648
0.6002349257469177,0.3099973201751709,0.6193599104881287,0.2873905301094055,0.5791698098182678,0.2924093604087829,0.6519699692726135,0.3159844577312469,0.5549266934394836,0.3304929137229919,0.7009343504905701,0.4670908451080322,0.5210667252540588,0.4690069556236267,0.8401088118553162,0.5651612877845764,0.3862450122833252,0.5035873651504517,0.8508462309837341,0.4187818169593811,0.225805327296257,0.49843430519104,0.6727764010429382,0.834865152835846,0.5493749976158142,0.8320508599281311,0.0,0.0,0.0,0.0,0.0,0.0,0.0,0.0,0.6092533469200134,0.4669035077095032
0.5905846953392029,0.2958042621612549,0.6080196499824524,0.270650178194046,0.5698093175888062,0.2796485126018524,0.6430554389953613,0.2961441576480865,0.5489264726638794,0.3202159106731415,0.6909360885620117,0.456908643245697,0.5094074606895447,0.4615201354026794,0.8307963013648987,0.5626660585403442,0.3768314719200134,0.5002966523170471,0.8938974738121033,0.4263760149478912,0.2102604359388351,0.5007970333099365,0.6550627946853638,0.817887008190155,0.5346843600273132,0.8166126012802124,0.0,0.0,0.0,0.0,0.0,0.0,0.0,0.0,0.5987934470176697,0.4587323665618896
0.5806022882461548,0.2919452786445617,0.5993803143501282,0.2648331522941589,0.5612097382545471,0.2739042341709137,0.6321152448654175,0.288313090801239,0.5431162714958191,0.3088054955005646,0.6863499283790588,0.4494441449642181,0.5007014870643616,0.4498046040534973,0.8279405832290649,0.5607495903968811,0.3664775788784027,0.4936559796333313,0.9386997818946838,0.4475720226764679,0.199478268623352,0.4951905608177185,0.652212917804718,0.81670081615448,0.52668297290802,0.8149250149726868,0.0,0.0,0.0,0.0,0.0,0.0,0.0,0.0,0.5928433537483215,0.4506217837333679
0.5938652753829956,0.2783942818641662,0.6104532480239868,0.2541739344596863,0.5723142027854919,0.262204498052597,0.6442573666572571,0.2776673436164856,0.5502533912658691,0.2999114394187927,0.6983243823051453,0.4437244236469269,0.5095019936561584,0.4471821188926697,0.8465136885643005,0.5603750348091125,0.3705003559589386,0.4863380789756775,0.979155957698822,0.4570061266422272,0.2006866782903671,0.4907297492027282,0.6692689657211304,0.8282212018966675,0.5380484461784363,0.8279884457588196,0.0,0.0,0.0,0.0,0.0,0.0,0.0,0.0,0.6044989228248596,0.4452845454216003
0.6068902611732483,0.2681167721748352,0.6258682608604431,0.2432058006525039,0.5854105353355408,0.2502662539482116,0.6641885042190552,0.2702582776546478,0.5629914402961731,0.2855206429958343,0.7196893692016602,0.4429711401462555,0.5253698825836182,0.4423857629299164,0.871189534664154,0.5577822327613831,0.3830938637256622,0.4772639274597168,0.9769052863121032,0.4056673347949981,0.202002003788948,0.4829373061656952,0.6862503886222839,0.8319843411445618,0.5528660416603088,0.833050549030304,0.0,0.0,0.0,0.0,0.0,0.0,0.0,0.0,0.6207945942878723,0.4425604939460754
0.6013022065162659,0.2616651952266693,0.6211333274841309,0.2371945083141327,0.578923225402832,0.2441315203905105,0.6585105657577515,0.26682910323143,0.555837094783783,0.282281756401062,0.710010826587677,0.4384260773658752,0.5163254141807556,0.4380087256431579,0.8688092231750488,0.5388261079788208,0.3758779466152191,0.4744470715522766,0.908473551273346,0.3625284135341644,0.1833274811506271,0.4777018427848816,0.6721184849739075,0.8310300707817078,0.5348506569862366,0.8281240463256836,0.0,0.0,0.0,0.0,0.0,0.0,0.0,0.0,0.6114053726196289,0.4379529058933258
0.5835121273994446,0.2565190196037292,0.6033391952514648,0.2300293892621994,0.5618001222610474,0.2414459884166717,0.641698956489563,0.2585330605506897,0.5404689908027649,0.2813697457313537,0.6996023058891296,0.4329565167427063,0.497024804353714,0.4339759647846222,0.8606382012367249,0.5294631719589233,0.3595516383647918,0.4748608469963074,0.8456926941871643,0.346298485994339,0.1658795326948166,0.4753972589969635,0.6536588668823242,0.830114483833313,0.5140979886054993,0.8274717330932617,0.0,0.0,0.0,0.0,0.0,0.0,0.0,0.0,0.5952667593955994,0.4320015013217926
0.5581416487693787,0.2507313787937164,0.5764184594154358,0.222858190536499,0.5357416868209839,0.2314037084579467,0.6130170226097107,0.2531679570674896,0.5132483839988708,0.2729867696762085,0.6722275018692017,0.4240313470363617,0.4691764414310455,0.4309477806091308,0.8311412930488586,0.5179809927940369,0.3169780671596527,0.4735236465930938,0.7705826163291931,0.3435490131378174,0.1152337864041328,0.4754130244255066,0.6271936297416687,0.8338890075683594,0.4867226183414459,0.8310274481773376,0.0,0.0,0.0,0.0,0.0,0.0,0.0,0.0,0.5683411359786987,0.4261265695095062
0.5448959469795227,0.244402214884758,0.5655348896980286,0.2201318591833114,0.5238147377967834,0.2270836979150772,0.5999110341072083,0.2524621188640594,0.500314474105835,0.2665418684482574,0.6587191820144653,0.4228981435298919,0.4557525515556335,0.4278570115566253,0.8232536315917969,0.5238606333732605,0.3116090893745422,0.4737025797367096,0.7910365462303162,0.3467535972595215,0.1006385833024978,0.4857735335826874,0.6225458979606628,0.8341708779335022,0.481542557477951,0.8326805233955383,0.0,0.0,0.0,0.0,0.0,0.0,0.0,0.0,0.5574675798416138,0.4247203469276428
0.5541549324989319,0.24103344976902,0.5736586451530457,0.2141564935445785,0.5306535363197327,0.223619058728218,0.6120920181274414,0.2463939636945724,0.5077131390571594,0.2666628956794739,0.6709014773368835,0.4235810339450836,0.459508866071701,0.4278817772865295,0.8319770693778992,0.5368481278419495,0.3112900853157043,0.482879102230072,0.8306460380554199,0.3451593816280365,0.0986305102705955,0.509491503238678,0.6268427968025208,0.8348833322525024,0.4848866462707519,0.8328782916069031,0.0,0.0,0.0,0.0,0.0,0.0,0.0,0.0,0.5629338622093201,0.4245271682739258
0.5750042796134949,0.2325507551431656,0.5949569344520569,0.2078399509191513,0.5528407692909241,0.2151265889406204,0.6325331330299377,0.2426118701696396,0.5288897156715393,0.257510632276535,0.6892455816268921,0.4207001030445099,0.4806697368621826,0.4220280647277832,0.8550726771354675,0.5406704545021057,0.3264038860797882,0.4893190860748291,0.8613658547401428,0.3524021804332733,0.1238428801298141,0.5366280674934387,0.6471208333969116,0.8365052342414856,0.4978479743003845,0.8473386168479919,0.0,0.0,0.0,0.0,0.0,0.0,0.0,0.0,0.5824854969978333,0.4195743203163147
0.5787785649299622,0.2289265841245651,0.600723922252655,0.2034777849912643,0.5575371980667114,0.211423635482788,0.6385336518287659,0.2401882857084274,0.5329877138137817,0.2567590177059173,0.6920827627182007,0.4172209799289703,0.4839920699596405,0.4217466413974762,0.8624516725540161,0.5332678556442261,0.3235509395599365,0.496675968170166,0.871817409992218,0.3368806838989258,0.1299726217985153,0.5457715392112732,0.6521567702293396,0.8346635103225708,0.5024548172950745,0.8459383845329285,0.0,0.0,0.0,0.0,0.0,0.0,0.0,0.0,0.5855372548103333,0.4172203838825226
0.5696612000465393,0.2238871157169342,0.5908551216125488,0.1965375691652298,0.5464856028556824,0.2052503079175949,0.6286038160324097,0.2290247231721878,0.5220980048179626,0.2471323907375335,0.6858944296836853,0.4086919128894806,0.4736718833446502,0.4191913902759552,0.8541513085365295,0.5237540006637573,0.3065306544303894,0.5115442872047424,0.8638486862182617,0.3278426229953766,0.115967072546482,0.5697338581085205,0.6398312449455261,0.8371883630752563,0.4915089607238769,0.8443285226821899,0.0,0.0,0.0,0.0,0.0,0.0,0.0,0.0,0.5768527984619141,0.4131787419319153
0.5533414483070374,0.2250460237264633,0.5734215378761292,0.1983437091112136,0.5321177244186401,0.205648273229599,0.6106348037719727,0.227840170264244,0.5084174871444702,0.2440435141324997,0.6694620847702026,0.4057807624340057,0.4606679081916809,0.4186132550239563,0.8318390846252441,0.5206757187843323,0.2970685660839081,0.5116299986839294,0.8486236929893494,0.3236017525196075,0.1019624695181846,0.5690926909446716,0.6307585835456848,0.8441663384437561,0.4833798408508301,0.8436994552612305,0.0,0.0,0.0,0.0,0.0,0.0,0.0,0.0,0.5627278089523315,0.4118378758430481
0.545670747756958,0.23448446393013,0.567225456237793,0.2082746475934982,0.5247349739074707,0.2143173664808273,0.6036189794540405,0.2411705106496811,0.4998869597911834,0.2532906532287597,0.6615026593208313,0.4110346436500549,0.4575482010841369,0.4236975610256195,0.8238076567649841,0.5212725400924683,0.296023428440094,0.515238344669342,0.8301362991333008,0.3304948806762695,0.1086155250668525,0.5725880861282349,0.6250924468040466,0.833055853843689,0.4809679687023163,0.8317874670028687,0.0,0.0,0.0,0.0,0.0,0.0,0.0,0.0,0.5583170652389526,0.4164984226226806
0.5569981932640076,0.2526937127113342,0.5748195648193359,0.2249805927276611,0.5356491804122925,0.2351817041635513,0.6109742522239685,0.2563726603984833,0.5143771171569824,0.2765138447284698,0.6702977418899536,0.4262191653251648,0.4715839922428131,0.4416313171386719,0.8285848498344421,0.524002194404602,0.3287021815776825,0.5310141444206238,0.8312464356422424,0.3359908759593963,0.1537362784147262,0.5909925103187561,0.6351782083511353,0.8338745832443237,0.4942449033260345,0.8319994807243347,0.0,0.0,0.0,0.0,0.0,0.0,0.0,0.0,0.5680544972419739,0.4337118268013
0.5791128873825073,0.2605858445167541,0.5997028946876526,0.2360131442546844,0.5581721067428589,0.2444550544023513,0.6370347142219543,0.2655561864376068,0.5364934802055359,0.2852664589881897,0.693581223487854,0.4337009489536285,0.4949478209018707,0.440397173166275,0.8485598564147949,0.5256837010383606,0.3525813519954681,0.5042258501052856,0.842833399772644,0.3466918170452118,0.1779594719409942,0.5280941128730774,0.6532987356185913,0.8295040130615234,0.5157510638237,0.8271632194519043,0.0,0.0,0.0,0.0,0.0,0.0,0.0,0.0,0.5918184518814087,0.4351074993610382
0.5960999131202698,0.2701964974403381,0.6142664551734924,0.2472080141305923,0.5736953616142273,0.2553551495075226,0.6497756242752075,0.2756388187408447,0.5510382056236267,0.2959001958370209,0.7014949917793274,0.437304675579071,0.5100823640823364,0.4421344101428985,0.8589138984680176,0.5358542203903198,0.3693081736564636,0.4777587056159973,0.8563613891601562,0.3636675179004669,0.1891931593418121,0.479891687631607,0.6625065803527832,0.8255866169929504,0.5288618206977844,0.8165091276168823,0.0,0.0,0.0,0.0,0.0,0.0,0.0,0.0,0.604812741279602,0.4383343160152435
0.6005287170410156,0.2763620913028717,0.6185528635978699,0.2530577778816223,0.5791735053062439,0.2581162750720978,0.6514765620231628,0.2774200737476349,0.5550923347473145,0.2932304739952087,0.7014258503913879,0.43974569439888,0.5136548280715942,0.4423117339611053,0.8585802316665649,0.5378023386001587,0.3643419444561004,0.4725862443447113,0.8547037839889526,0.3674205243587494,0.1927179992198944,0.4687957763671875,0.6654805541038513,0.8274363875389099,0.5328418016433716,0.8256769776344299,0.0,0.0,0.0,0.0,0.0,0.0,0.0,0.0,0.6067562699317932,0.43983194231987
0.5894861221313477,0.2758037149906158,0.6079282164573669,0.2538212239742279,0.5692201256752014,0.2594546675682068,0.6398540735244751,0.2804804742336273,0.5462471842765808,0.2971586585044861,0.6898323893547058,0.442492663860321,0.5036976933479309,0.4429500997066498,0.8412584662437439,0.532744824886322,0.3619129955768585,0.462354451417923,0.8373864889144897,0.3628883957862854,0.1893860846757888,0.4467741847038269,0.6496901512145996,0.8180931806564331,0.5216576457023621,0.8176303505897522,0.0,0.0,0.0,0.0,0.0,0.0,0.0,0.0,0.5960068106651306,0.4412634670734405
0.5788128972053528,0.2802805304527282,0.5984521508216858,0.2584929764270782,0.5582646727561951,0.2625965774059295,0.6298170685768127,0.2916310131549835,0.5342474579811096,0.2986477017402649,0.6761934161186218,0.4441198706626892,0.4900224506855011,0.4425984025001526,0.8289273381233215,0.5307375192642212,0.351984292268753,0.466001808643341,0.8274140954017639,0.3635988533496856,0.1809722036123275,0.4495227038860321,0.6409578919410706,0.8151010274887085,0.5080450177192688,0.8143767714500427,0.0,0.0,0.0,0.0,0.0,0.0,0.0,0.0,0.5814996361732483,0.4416136741638183
0.5681688189506531,0.2920639812946319,0.5859450101852417,0.263217031955719,0.544897198677063,0.2736098170280456,0.6191078424453735,0.2860750555992126,0.5220740437507629,0.3047371208667755,0.6694473624229431,0.4451912045478821,0.47983318567276,0.4451940059661865,0.8226156830787659,0.5418649315834045,0.3428687751293182,0.4662666618824005,0.8134900331497192,0.3717709183692932,0.175413966178894,0.4399991929531097,0.6319373846054077,0.8273583054542542,0.5002422332763672,0.8268393874168396,0.0,0.0,0.0,0.0,0.0,0.0,0.0,0.0,0.5745579600334167,0.4441315531730652
0.5779266357421875,0.2887473702430725,0.5961570739746094,0.2621545791625976,0.5556319952011108,0.2740144431591034,0.630344569683075,0.2877138555049896,0.5338455438613892,0.3123778998851776,0.6790085434913635,0.4473681449890136,0.4902723431587219,0.4485151171684265,0.8297727704048157,0.539360523223877,0.3581296801567077,0.4808622300624847,0.8238839507102966,0.3740497231483459,0.1721337139606475,0.4730858206748962,0.6433276534080505,0.825104832649231,0.5091411471366882,0.815950334072113,0.0,0.0,0.0,0.0,0.0,0.0,0.0,0.0,0.5839864015579224,0.4471263587474823
0.591424822807312,0.2833010852336883,0.607308030128479,0.2605650424957275,0.5686090588569641,0.2678915560245514,0.6363754272460938,0.2860862910747528,0.5428098440170288,0.3095363676548004,0.6885818243026733,0.4495819211006164,0.4956935942173004,0.4516060650348663,0.8387141823768616,0.539084255695343,0.3618029654026031,0.4964419305324554,0.8313848376274109,0.3737497329711914,0.1857205331325531,0.499700129032135,0.6543899774551392,0.8168017268180847,0.5257802605628967,0.817111611366272,0.0,0.0,0.0,0.0,0.0,0.0,0.0,0.0,0.5914651155471802,0.4503238797187805
0.6016557812690735,0.2827177941799164,0.6182065606117249,0.258081704378128,0.5784910917282104,0.2651267945766449,0.6496405005455017,0.2828018963336944,0.5518491864204407,0.3026987612247467,0.7000354528427124,0.4467876553535461,0.5102039575576782,0.4526042342185974,0.8550414443016052,0.5392726063728333,0.3642935752868652,0.5062758326530457,0.8442224264144897,0.3733697235584259,0.2043640166521072,0.520405650138855,0.6722686886787415,0.8286864161491394,0.5409585237503052,0.8292192816734314,0.0,0.0,0.0,0.0,0.0,0.0,0.0,0.0,0.6037901043891907,0.4484666883945465
0.6123756170272827,0.2818087935447693,0.6302390098571777,0.2563009560108185,0.5904965996742249,0.2643842995166778,0.6634400486946106,0.2841639220714569,0.5666821002960205,0.3018668591976166,0.7158765196800232,0.4492655098438263,0.528486430644989,0.4544935524463653,0.8691733479499817,0.5448099374771118,0.3708360493183136,0.5242581963539124,0.8647517561912537,0.382387638092041,0.2141328305006027,0.5619307160377502,0.6843271851539612,0.8272957801818848,0.5595330595970154,0.8312270045280457,0.0,0.0,0.0,0.0,0.0,0.0,0.0,0.0,0.6205943822860718,0.4513355195522308
0.623680055141449,0.2713062167167663,0.6429225206375122,0.2460015565156936,0.600662887096405,0.2554862797260284,0.6790444254875183,0.274399071931839,0.5775078535079956,0.2921741306781769,0.7276631593704224,0.440299779176712,0.5380527377128601,0.4422184526920318,0.8877336382865906,0.5316234230995178,0.3878273367881775,0.4941891729831695,0.878029465675354,0.3684025108814239,0.2174187004566192,0.5105510950088501,0.6864134669303894,0.8187248110771179,0.5633116960525513,0.8167338371276855,0.0,0.0,0.0,0.0,0.0,0.0,0.0,0.0,0.6326245069503784,0.440269261598587
0.615328848361969,0.2683964669704437,0.6364491581916809,0.2454944849014282,0.5938383936882019,0.2505634725093841,0.672264039516449,0.2793555557727813,0.5693191289901733,0.2870843112468719,0.7213838696479797,0.4411074221134186,0.5288025736808777,0.4348376393318176,0.880053699016571,0.5374646782875061,0.3821454346179962,0.4608761966228485,0.8737335801124573,0.3693199753761291,0.1945524364709854,0.4505334496498108,0.6766442656517029,0.8261300325393677,0.5457969307899475,0.8253383636474609,0.0,0.0,0.0,0.0,0.0,0.0,0.0,0.0,0.624254584312439,0.4370070993900299
0.6016505360603333,0.261551946401596,0.6214576363563538,0.236563891172409,0.5790772438049316,0.243700161576271,0.6593968272209167,0.265428364276886,0.5555956959724426,0.2810395061969757,0.7088647484779358,0.436192512512207,0.5161052942276001,0.4292130768299103,0.8663043975830078,0.5305572152137756,0.3571049869060516,0.4504604935646057,0.8630242943763733,0.3665967881679535,0.1860870271921157,0.4366061091423034,0.6585251688957214,0.8278128504753113,0.5249980092048645,0.8264735341072083,0.0,0.0,0.0,0.0,0.0,0.0,0.0,0.0,0.6101393103599548,0.430696040391922
0.565539538860321,0.2571108341217041,0.5854411125183105,0.2264705747365951,0.5432512164115906,0.2383381128311157,0.6258155703544617,0.2519867122173309,0.5220015645027161,0.2763010561466217,0.6764352917671204,0.4306939244270324,0.4774649739265442,0.4205585420131683,0.8337542414665222,0.5303347110748291,0.3178119957447052,0.4202364385128021,0.8315251469612122,0.3537537753582001,0.1365328431129455,0.3797694146633148,0.6306781768798828,0.8426669836044312,0.493628442287445,0.8362900614738464,0.0,0.0,0.0,0.0,0.0,0.0,0.0,0.0,0.575115978717804,0.4228608608245849
0.5626859068870544,0.2571950256824493,0.5825371742248535,0.2259456217288971,0.540311336517334,0.237972617149353,0.6232791543006897,0.2526807487010956,0.5188757181167603,0.2759974598884582,0.6728342771530151,0.432189404964447,0.4738398492336273,0.4187192916870117,0.8305265307426453,0.5347064137458801,0.3100003898143768,0.4113304316997528,0.8280504941940308,0.3596666753292084,0.1273418217897415,0.3470228016376495,0.627744734287262,0.8459151387214661,0.4900061190128326,0.844219982624054,0.0,0.0,0.0,0.0,0.0,0.0,0.0,0.0,0.5723289847373962,0.4230656325817108
0.5752951502799988,0.2487018853425979,0.595037579536438,0.2206799089908599,0.5532124042510986,0.2322645336389541,0.6331753730773926,0.2519454658031463,0.5314635038375854,0.2744857370853424,0.6896280646324158,0.4294098019599914,0.487710028886795,0.4197514653205871,0.8505311608314514,0.5327109098434448,0.3334164917469024,0.4248199760913849,0.8468650579452515,0.3560561239719391,0.1437152922153473,0.3935544788837433,0.6444731950759888,0.8343778252601624,0.5049535632133484,0.8452078104019165,0.0,0.0,0.0,0.0,0.0,0.0,0.0,0.0,0.5866541266441345,0.421607494354248
0.5825272798538208,0.2408810406923294,0.6032759547233582,0.2129320949316024,0.5605685710906982,0.222996637225151,0.6425877213478088,0.2444323152303695,0.5377063751220703,0.2659587860107422,0.6972233653068542,0.4215089976787567,0.4927847683429718,0.4201290607452392,0.8669729828834534,0.52364182472229,0.3364826142787933,0.464571863412857,0.8673965334892273,0.346670925617218,0.1428822726011276,0.4694007039070129,0.6556636095046997,0.8334582448005676,0.5124595165252686,0.8322895169258118,0.0,0.0,0.0,0.0,0.0,0.0,0.0,0.0,0.5931392312049866,0.4188165366649627
0.5735167264938354,0.232395738363266,0.593993067741394,0.2065235525369644,0.5511249899864197,0.2150437086820602,0.6333478093147278,0.2391448467969894,0.528260350227356,0.2564246356487274,0.6905657052993774,0.4160916209220886,0.4819716811180115,0.4186433851718902,0.8646886944770813,0.5246212482452393,0.3287415504455566,0.4881999790668487,0.8676376342773438,0.3370013535022735,0.1290832906961441,0.5313406586647034,0.6482182741165161,0.8477905988693237,0.4989838004112243,0.8449290990829468,0.0,0.0,0.0,0.0,0.0,0.0,0.0,0.0,0.5840150713920593,0.4155157208442688
0.55295729637146,0.2187159359455108,0.5731025338172913,0.1866464167833328,0.5310402512550354,0.1989902406930923,0.6176605820655823,0.2128700166940689,0.5103649497032166,0.2385224401950836,0.6812114715576172,0.4023126661777496,0.4632030427455902,0.411926656961441,0.8587135076522827,0.5131984949111938,0.2924405634403229,0.5149790048599243,0.8580704927444458,0.3093132078647613,0.0898269191384315,0.5918406248092651,0.6349796056747437,0.8492283225059509,0.4809392988681793,0.8484411239624023,0.0,0.0,0.0,0.0,0.0,0.0,0.0,0.0,0.5683994293212891,0.4067018926143646
0.5445607900619507,0.1918767392635345,0.5657238364219666,0.1604616940021515,0.520619809627533,0.1733293384313583,0.6140881776809692,0.1895062178373336,0.4984338581562042,0.2185763865709304,0.6766608953475952,0.3827651143074035,0.4548690319061279,0.4032874405384063,0.8654573559761047,0.49106365442276,0.2897227108478546,0.5342161059379578,0.8721184730529785,0.2938470542430877,0.0839245468378067,0.6365743279457092,0.6390253901481628,0.8533973693847656,0.4842605590820312,0.8537244200706482,0.0,0.0,0.0,0.0,0.0,0.0,0.0,0.0,0.5622332692146301,0.3931381702423095
0.5627080202102661,0.183693066239357,0.5844897627830505,0.1500401645898819,0.5367007255554199,0.1652876287698745,0.6323848962783813,0.1816755384206771,0.5160284042358398,0.2124762386083603,0.705147385597229,0.3781015276908874,0.4745048582553863,0.4066419303417206,0.9008944630622864,0.4773294627666473,0.3147556483745575,0.5537337064743042,0.9073798060417176,0.2504315376281738,0.0985399410128593,0.6843793988227844,0.6760372519493103,0.8641418814659119,0.5094757676124573,0.8700637221336365,0.0,0.0,0.0,0.0,0.0,0.0,0.0,0.0,0.5879998803138733,0.3915019929409027
0.5688509941101074,0.1850762665271759,0.5925257802009583,0.1516776829957962,0.5443940758705139,0.1646871566772461,0.6397815942764282,0.1792248785495758,0.5234956741333008,0.2069844454526901,0.7172139883041382,0.3795836865901947,0.4847469329833984,0.4140767753124237,0.9158676266670228,0.5044384002685547,0.315321683883667,0.575137734413147,0.9149792790412904,0.2704690098762512,0.1154377683997154,0.7023317217826843,0.6880750060081482,0.8712395429611206,0.520200788974762,0.884978175163269,0.0,0.0,0.0,0.0,0.0,0.0,0.0,0.0,0.599108874797821,0.3953951895236969
0.5724255442619324,0.1891207844018936,0.5968733429908752,0.1547441631555557,0.5480913519859314,0.1673498600721359,0.6442471146583557,0.1864329427480697,0.5271418690681458,0.210704043507576,0.710547149181366,0.4062312543392181,0.4814958572387695,0.4189141392707824,0.9014350175857544,0.557580292224884,0.3078676760196686,0.5790295600891113,0.945464015007019,0.3359052836894989,0.1005487889051437,0.703544020652771,0.6725918650627136,0.8894103765487671,0.50421541929245,0.8874110579490662,0.0,0.0,0.0,0.0,0.0,0.0,0.0,0.0,0.5964556932449341,0.4113763868808746
0.5664880871772766,0.1797027885913849,0.5916489958763123,0.1498637497425079,0.5426436066627502,0.1587667316198349,0.636921763420105,0.1876376569271087,0.5189713835716248,0.2063627690076828,0.6984061598777771,0.4050458371639251,0.4679908156394958,0.4037584960460663,0.8821638226509094,0.5545573830604553,0.2955915629863739,0.5577924847602844,0.95197731256485,0.3424180150032043,0.0760684534907341,0.6831504106521606,0.6388431191444397,0.8867696523666382,0.4745623171329498,0.881710410118103,0.0,0.0,0.0,0.0,0.0,0.0,0.0,0.0,0.5826663970947266,0.40491384267807
0.5510888695716858,0.1777350455522537,0.5775426030158997,0.1445449441671371,0.5265718102455139,0.1570962220430374,0.6275263428688049,0.176339104771614,0.5042327046394348,0.2025296539068222,0.6895270347595215,0.3954629302024841,0.4544394016265869,0.3970077335834503,0.8794598579406738,0.5264046788215637,0.2871371805667877,0.5452755093574524,0.923864483833313,0.3145958483219147,0.0679656863212585,0.666985809803009,0.6317816376686096,0.878871738910675,0.4671885371208191,0.8650375008583069,0.0,0.0,0.0,0.0,0.0,0.0,0.0,0.0,0.5698146224021912,0.3964768052101135
0.5568763017654419,0.1848337352275848,0.5798664689064026,0.1526589542627334,0.5315983891487122,0.1648618131875991,0.6260295510292053,0.1845981776714325,0.5085710287094116,0.209350898861885,0.6877879500389099,0.3947987556457519,0.4616654515266418,0.3889430165290832,0.8644391894340515,0.526839554309845,0.2782445549964905,0.4893304705619812,0.927349865436554,0.3252635598182678,0.060521014034748,0.5480426549911499,0.6368314027786255,0.8637396097183228,0.4791865348815918,0.8532798886299133,0.0,0.0,0.0,0.0,0.0,0.0,0.0,0.0,0.5725650787353516,0.3913884460926056
0.5662783980369568,0.1869846135377884,0.5898600816726685,0.1567687541246414,0.5420469045639038,0.1677674949169159,0.631748616695404,0.1921695321798324,0.518705427646637,0.2131409794092178,0.6914865374565125,0.3954420983791351,0.4711950123310089,0.3858632743358612,0.8720769882202148,0.5214136242866516,0.2919058203697204,0.4653267860412597,0.912181794643402,0.3209736943244934,0.0749332681298255,0.4950203001499176,0.6395555138587952,0.8528295755386353,0.484340637922287,0.8512870073318481,0.0,0.0,0.0,0.0,0.0,0.0,0.0,0.0,0.579721987247467,0.3902771770954132
0.569970965385437,0.1907731592655182,0.5946429371833801,0.1597887277603149,0.5462672710418701,0.1714440137147903,0.6393424272537231,0.195179745554924,0.5244311094284058,0.2138217836618423,0.6975670456886292,0.3941845595836639,0.4786749482154846,0.3833256065845489,0.8829873204231262,0.5193590521812439,0.2952453792095184,0.4484012722969055,0.9004310965538025,0.3050791621208191,0.0788702294230461,0.4653204083442688,0.6451488137245178,0.8491681218147278,0.4900499284267425,0.8495437502861023,0.0,0.0,0.0,0.0,0.0,0.0,0.0,0.0,0.5866249203681946,0.386742502450943
0.5763777494430542,0.1907047033309936,0.6014589667320251,0.1597141176462173,0.5538815259933472,0.1706365197896957,0.6463295817375183,0.1947128623723983,0.5318495035171509,0.21482615172863,0.704338014125824,0.3901386559009552,0.4822497963905334,0.3791454136371612,0.8930649757385254,0.5175945162773132,0.3146983981132507,0.4177907109260559,0.8888573050498962,0.2989249527454376,0.078509084880352,0.4013074338436126,0.6532132029533386,0.8496772050857544,0.4954128265380859,0.8456369042396545,0.0,0.0,0.0,0.0,0.0,0.0,0.0,0.0,0.593575119972229,0.3823351263999939
0.5760654807090759,0.1875904947519302,0.6007444262504578,0.1573822349309921,0.5538636445999146,0.1678375303745269,0.6449273824691772,0.1930535584688186,0.5319636464118958,0.2116608172655105,0.7010573148727417,0.3935930728912353,0.4799302518367767,0.3775462806224823,0.8901246786117554,0.5230633020401001,0.3075235784053802,0.4030193388462066,0.8953359723091125,0.3065612316131592,0.066944271326065,0.3715517222881317,0.6513971090316772,0.8529478907585144,0.4912731647491455,0.8504224419593811,0.0,0.0,0.0,0.0,0.0,0.0,0.0,0.0,0.5911346673965454,0.3829262852668762
0.5128844380378723,0.2905398905277252,0.5408899188041687,0.2584172189235687,0.487249344587326,0.268581748008728,0.5940695405006409,0.2909885942935943,0.4614769518375397,0.3194289803504944,0.662348747253418,0.5044423937797546,0.4026122391223907,0.5090897679328918,0.8769077062606812,0.6519109606742859,0.1858926713466644,0.579823911190033,0.8692085146903992,0.4097014963626861,0.0,0.0,0.0,0.0,0.0,0.0,0.0,0.0,0.0,0.0,0.0,0.0,0.0,0.0,0.5339565873146057,0.5089221596717834
0.5497313737869263,0.3377394378185272,0.575876772403717,0.3067952692508697,0.5248275399208069,0.3145458400249481,0.6227267384529114,0.336144357919693,0.4968740940093994,0.354463517665863,0.6896573305130005,0.5467384457588196,0.4387086927890777,0.5386315584182739,0.9062318801879884,0.7068910002708435,0.2201113551855087,0.6063565015792847,0.8995224833488464,0.4679642617702484,0.0089285718277096,0.6099871397018433,0.0,0.0,0.0,0.0,0.0,0.0,0.0,0.0,0.0,0.0,0.0,0.0,0.5648266077041626,0.5427656769752502
0.5434443354606628,0.3470424711704254,0.5700505375862122,0.3184005916118622,0.5178722143173218,0.3251364827156067,0.6215105652809143,0.3522922992706299,0.4910180270671844,0.3702423274517059,0.689623236656189,0.5547952055931091,0.4378793835639953,0.5467078685760498,0.9068437814712524,0.7087705731391907,0.2056163400411605,0.623054027557373,0.8960428833961487,0.462334007024765,0.0089285718277096,0.6257655024528503,0.0,0.0,0.0,0.0,0.0,0.0,0.0,0.0,0.0,0.0,0.0,0.0,0.5652293562889099,0.5498710870742798
0.5402403473854065,0.3455156981945038,0.5669815540313721,0.3146262764930725,0.5129649043083191,0.3228574693202972,0.6207900643348694,0.3472894132137298,0.4852298200130462,0.3675095438957214,0.6891461610794067,0.5513685941696167,0.4366875290870666,0.547042727470398,0.9097602963447572,0.6991156339645386,0.2010582834482193,0.625638484954834,0.8938522338867188,0.4563038945198059,0.0089285718277096,0.6301811337471008,0.0,0.0,0.0,0.0,0.0,0.0,0.0,0.0,0.0,0.0,0.0,0.0,0.5639671683311462,0.5489007830619812
0.5406187176704407,0.3438214957714081,0.5679095983505249,0.314260184764862,0.5129414796829224,0.32185760140419,0.6210786700248718,0.3488813042640686,0.4847164750099182,0.3679983615875244,0.6884313225746155,0.5525303483009338,0.4374394118785858,0.5455301403999329,0.9109697341918944,0.702700674533844,0.202255293726921,0.6217517852783203,0.8980656266212463,0.4558981955051422,0.0089285718277096,0.626376748085022,0.0,0.0,0.0,0.0,0.0,0.0,0.0,0.0,0.0,0.0,0.0,0.0,0.5633065700531006,0.5485360026359558
0.5355453491210938,0.3510493338108063,0.5621572732925415,0.3214280605316162,0.511371374130249,0.3301120400428772,0.6182785630226135,0.3568037152290344,0.4862067103385925,0.3758525252342224,0.6878038644790649,0.5607021450996399,0.4356529116630554,0.5547435283660889,0.9097982048988342,0.7015253901481628,0.2005249410867691,0.6323805451393127,0.9579119682312012,0.458071768283844,0.0089285718277096,0.6330532431602478,0.0,0.0,0.0,0.0,0.0,0.0,0.0,0.0,0.0,0.0,0.0,0.0,0.5624110102653503,0.5574736595153809
0.5328143835067749,0.3558779656887054,0.5581361651420593,0.3250754177570343,0.5092636942863464,0.3359515964984894,0.6156396865844727,0.3569036424160003,0.4862279295921325,0.3820399343967438,0.6872339248657227,0.5605776906013489,0.4379222691059112,0.5585458278656006,0.9088813066482544,0.704327404499054,0.2035704404115677,0.6374799013137817,0.9910714030265808,0.4735062420368194,0.0089285718277096,0.6424606442451477,0.0,0.0,0.0,0.0,0.0,0.0,0.0,0.0,0.0,0.0,0.0,0.0,0.562567412853241,0.5598112344741821
0.5339944958686829,0.3554079830646515,0.5591214299201965,0.3235550820827484,0.5099859833717346,0.3346915245056152,0.6168400049209595,0.3529397845268249,0.4868373572826385,0.3809659481048584,0.6877759099006653,0.5594081282615662,0.4384359717369079,0.5552849173545837,0.9105666875839232,0.7053860425949097,0.2031579166650772,0.6353629231452942,0.9910714030265808,0.4703200161457062,0.0089285718277096,0.6434745788574219,0.0,0.0,0.0,0.0,0.0,0.0,0.0,0.0,0.0,0.0,0.0,0.0,0.5628234148025513,0.5572270750999451
0.5358088612556458,0.3573088645935058,0.5619985461235046,0.3249588012695312,0.5111713409423828,0.3351883888244629,0.6183169484138489,0.3551940023899078,0.4861708283424377,0.3799526393413543,0.6890994906425476,0.5605760812759399,0.4388727247714996,0.5555474162101746,0.9098157286643982,0.7057805061340332,0.2030115872621536,0.6358046531677246,0.9860676527023317,0.461078405380249,0.0089285718277096,0.6413310170173645,0.0,0.0,0.0,0.0,0.0,0.0,0.0,0.0,0.0,0.0,0.0,0.0,0.5639045238494873,0.5581781268119812
0.5373955965042114,0.3577344417572021,0.5638188123703003,0.3261420726776123,0.5120824575424194,0.3364506363868713,0.619766891002655,0.3580142557621002,0.4865035116672516,0.3815678060054779,0.6904405951499939,0.5612348318099976,0.4399257600307464,0.5568446516990662,0.9124566316604614,0.7083390355110168,0.203200414776802,0.6361276507377625,0.9461732506752014,0.4462952315807342,0.0089285718277096,0.6399289965629578,0.0,0.0,0.0,0.0,0.0,0.0,0.0,0.0,0.0,0.0,0.0,0.0,0.5657450556755066,0.5585616827011108
0.5379638671875,0.3578934073448181,0.5647712349891663,0.3265729546546936,0.5125521421432495,0.3371590077877044,0.6210398077964783,0.3584052622318268,0.486614316701889,0.3820877969264984,0.6930179595947266,0.5601102709770203,0.4395758211612701,0.5566953420639038,0.917374312877655,0.7170891165733337,0.2017396688461303,0.6372337341308594,0.9065370559692384,0.4542244970798492,0.0089285718277096,0.639556884765625,0.0,0.0,0.0,0.0,0.0,0.0,0.0,0.0,0.0,0.0,0.0,0.0,0.5669699907302856,0.5574320554733276
0.5392137169837952,0.3631844818592071,0.5645455121994019,0.3311934769153595,0.5141726732254028,0.3424989581108093,0.61968994140625,0.363541305065155,0.4893905520439148,0.3892974257469177,0.6946524977684021,0.5665658712387085,0.4420838057994842,0.5586338639259338,0.917822003364563,0.7275864481925964,0.2072968333959579,0.6387609839439392,0.8815227150917053,0.4756278991699219,0.0089285718277096,0.6402608752250671,0.0,0.0,0.0,0.0,0.0,0.0,0.0,0.0,0.0,0.0,0.0,0.0,0.5683185458183289,0.5600520968437195
0.5383266806602478,0.3629548251628876,0.5637253522872925,0.3315117061138153,0.5132619738578796,0.342086523771286,0.6178284287452698,0.364165335893631,0.4879718422889709,0.3877739608287811,0.6944440603256226,0.5673370957374573,0.4407386779785156,0.5591811537742615,0.9165992736816406,0.7357305288314819,0.2066104263067245,0.6371577382087708,0.8516985774040222,0.5009204149246216,0.0089285718277096,0.636635422706604,0.0,0.0,0.0,0.0,0.0,0.0,0.0,0.0,0.0,0.0,0.0,0.0,0.56733238697052,0.5601652264595032
0.5402953028678894,0.3758346438407898,0.5664795637130737,0.3437837660312652,0.5136216282844543,0.3544858396053314,0.6194573044776917,0.3815472722053528,0.4849736094474792,0.4082646071910858,0.6917495131492615,0.5822094082832336,0.4343316256999969,0.5767463445663452,0.918433964252472,0.742365837097168,0.2028075009584427,0.6471315026283264,0.8557981848716736,0.5132392644882202,0.0089285718277096,0.6425266861915588,0.0,0.0,0.0,0.0,0.0,0.0,0.0,0.0,0.0,0.0,0.0,0.0,0.5612208247184753,0.5750073194503784
0.5420836806297302,0.3888549506664276,0.5706386566162109,0.3549199402332306,0.5161685347557068,0.3631335198879242,0.6214709877967834,0.3921347558498382,0.4878683388233185,0.4091769158840179,0.6969965696334839,0.5940867066383362,0.4350545406341553,0.5816855430603027,0.9204086065292358,0.7490597367286682,0.204533502459526,0.6513190865516663,0.8690185546875,0.5148118138313293,0.0089285718277096,0.6437200307846069,0.0,0.0,0.0,0.0,0.0,0.0,0.0,0.0,0.0,0.0,0.0,0.0,0.5630415081977844,0.5830051302909851
0.5460500121116638,0.3883352279663086,0.5743212103843689,0.3539099991321563,0.5214638710021973,0.3639687597751617,0.6264577507972717,0.3901404738426208,0.4953810572624206,0.4092124104499817,0.6965287923812866,0.5866624712944031,0.4404220879077911,0.57701176404953,0.9198238253593444,0.7338120341300964,0.2065420299768448,0.6478984951972961,0.9230825304985046,0.4906139969825744,0.0089285718277096,0.640533983707428,0.0,0.0,0.0,0.0,0.0,0.0,0.0,0.0,0.0,0.0,0.0,0.0,0.5683084726333618,0.5797052979469299
0.5479409098625183,0.3785355985164642,0.5756946206092834,0.3446700572967529,0.5232319235801697,0.3546071052551269,0.6274970769882202,0.3801547884941101,0.4974743723869324,0.3991029262542724,0.6993491053581238,0.5791548490524292,0.4415343701839447,0.5686743259429932,0.923730969429016,0.7263550758361816,0.2189036458730697,0.6365338563919067,0.9504512548446656,0.4800477027893066,0.0089285718277096,0.6283616423606873,0.0,0.0,0.0,0.0,0.0,0.0,0.0,0.0,0.0,0.0,0.0,0.0,0.5696873068809509,0.573064923286438
0.556282103061676,0.3709562718868255,0.5826291441917419,0.3386073410511017,0.5306703448295593,0.347168892621994,0.6326961517333984,0.3731128275394439,0.5047945380210876,0.3918400108814239,0.7001115083694458,0.5733411908149719,0.4484186768531799,0.5561434626579285,0.924670159816742,0.7103637456893921,0.2319089472293853,0.6220450401306152,0.0,0.0,0.0089285718277096,0.6080837249755859,0.0,0.0,0.0,0.0,0.0,0.0,0.0,0.0,0.0,0.0,0.0,0.0,0.5764583945274353,0.5637664794921875
0.5550811886787415,0.377097874879837,0.5826044678688049,0.3428350389003753,0.5304270386695862,0.3508327305316925,0.6336817145347595,0.3793397545814514,0.5049696564674377,0.3928463160991668,0.7017006278038025,0.5807259678840637,0.4491906464099884,0.5629225969314575,0.9234724044799804,0.7213461995124817,0.2258446514606475,0.6303263902664185,0.0,0.0,0.0089285718277096,0.6123924255371094,0.0,0.0,0.0,0.0,0.0,0.0,0.0,0.0,0.0,0.0,0.0,0.0,0.5766590237617493,0.5705248713493347
0.5494926571846008,0.3806066513061523,0.577612578868866,0.3471038341522217,0.5248464345932007,0.3580786883831024,0.630429208278656,0.3855209350585937,0.5008207559585571,0.4025949537754059,0.7014743089675903,0.5840586423873901,0.442048579454422,0.5694430470466614,0.9209052324295044,0.7199262976646423,0.2226649522781372,0.636223316192627,0.0,0.0,0.0089285718277096,0.6225703954696655,0.0,0.0,0.0,0.0,0.0,0.0,0.0,0.0,0.0,0.0,0.0,0.0,0.5725902915000916,0.5758286714553833
0.5441848039627075,0.3835877478122711,0.5733740925788879,0.3502132892608642,0.5191751718521118,0.361204445362091,0.6268616318702698,0.3887533843517303,0.4949751794338226,0.4091355800628662,0.6950663924217224,0.5856346487998962,0.4401689171791076,0.5757575631141663,0.9157743453979492,0.7226115465164185,0.2067386955022812,0.6470121741294861,0.9910714030265808,0.6357307434082031,0.0089285718277096,0.6312850117683411,0.0,0.0,0.0,0.0,0.0,0.0,0.0,0.0,0.0,0.0,0.0,0.0,0.5686179399490356,0.5795736312866211
0.5417084097862244,0.38631272315979,0.5708066821098328,0.3527155220508575,0.5166006684303284,0.3621286451816559,0.6220518946647644,0.3905940651893616,0.4899255633354187,0.4081287384033203,0.6917048692703247,0.5895096063613892,0.4371436238288879,0.5786104202270508,0.9157325029373168,0.7348125576972961,0.2063814401626587,0.6513991951942444,0.9910715222358704,0.500828742980957,0.0089285718277096,0.6404904127120972,0.0,0.0,0.0,0.0,0.0,0.0,0.0,0.0,0.0,0.0,0.0,0.0,0.5631458163261414,0.5826837420463562
0.5383540391921997,0.381507396697998,0.5647162199020386,0.3469259440898895,0.5121421813964844,0.3596338331699371,0.6200456023216248,0.3831660151481628,0.4856103360652923,0.4092124998569488,0.6909713745117188,0.5826073884963989,0.4364243149757385,0.5787530541419983,0.9153555631637572,0.7345472574234009,0.2041036784648895,0.6514944434165955,0.9342805743217468,0.4912411868572235,0.0089285718277096,0.6409802436828613,0.0,0.0,0.0,0.0,0.0,0.0,0.0,0.0,0.0,0.0,0.0,0.0,0.5621556639671326,0.5785030722618103
0.5373271107673645,0.375754565000534,0.5620757341384888,0.3415800631046295,0.5124248266220093,0.3541657924652099,0.6172770261764526,0.3705604374408722,0.4857986271381378,0.4005133509635925,0.6933265924453735,0.5759705305099487,0.4371243119239807,0.5745556950569153,0.916357696056366,0.7345923185348511,0.2047331482172012,0.6484401822090149,0.8986584544181824,0.4876493513584137,0.0089285718277096,0.6396956443786621,0.0,0.0,0.0,0.0,0.0,0.0,0.0,0.0,0.0,0.0,0.0,0.0,0.5638615489006042,0.5741239786148071
0.5381777286529541,0.3727052211761474,0.5645370483398438,0.3410001397132873,0.5144706964492798,0.3506112396717071,0.6189166307449341,0.3726420998573303,0.4888070523738861,0.3956337869167328,0.6945200562477112,0.5768035054206848,0.4372553527355194,0.5724920630455017,0.9198580980300904,0.7424798011779785,0.2064986377954483,0.6464136242866516,0.8776583671569824,0.5003964304924011,0.0089285718277096,0.6402155160903931,0.0,0.0,0.0,0.0,0.0,0.0,0.0,0.0,0.0,0.0,0.0,0.0,0.5645357966423035,0.5728028416633606
0.5390684604644775,0.3727851808071136,0.5647387504577637,0.3412105441093445,0.5156251788139343,0.3525780737400055,0.6183193922042847,0.3722494542598724,0.4911449253559112,0.3998485207557678,0.6976593732833862,0.5790971517562866,0.4392141699790954,0.5711191296577454,0.919277548789978,0.749790370464325,0.2074701488018036,0.6458167433738708,0.861661434173584,0.5197723507881165,0.0089285718277096,0.6400788426399231,0.0,0.0,0.0,0.0,0.0,0.0,0.0,0.0,0.0,0.0,0.0,0.0,0.566843569278717,0.5725235342979431
0.54093998670578,0.3746018707752228,0.5664187669754028,0.3418276906013489,0.5172330737113953,0.3527989685535431,0.6188762784004211,0.3734110891819,0.4918194413185119,0.3986606299877167,0.6946090459823608,0.5804170370101929,0.4387260973453522,0.5707187056541443,0.917913019657135,0.7491846680641174,0.2081007212400436,0.6449945569038391,0.8578624725341797,0.5151416063308716,0.0089285718277096,0.6415165066719055,0.0,0.0,0.0,0.0,0.0,0.0,0.0,0.0,0.0,0.0,0.0,0.0,0.5659242272377014,0.5726284384727478
0.5394077897071838,0.3734681010246277,0.5655221343040466,0.3418821990489959,0.5156944394111633,0.3519522845745086,0.618638813495636,0.3724843859672546,0.4900200366973877,0.3970847725868225,0.6947046518325806,0.5788329243659973,0.439145028591156,0.569233775138855,0.9172765612602234,0.7450781464576721,0.2075452953577041,0.6453790068626404,0.8621426224708557,0.5216203927993774,0.0089285718277096,0.6404948830604553,0.0,0.0,0.0,0.0,0.0,0.0,0.0,0.0,0.0,0.0,0.0,0.0,0.5655458569526672,0.5707906484603882
0.5385483503341675,0.3584940135478973,0.5635287761688232,0.3279687464237213,0.5128031969070435,0.3397394120693207,0.6180294752120972,0.3606018126010895,0.487483948469162,0.3854567110538482,0.6936865448951721,0.5652073621749878,0.4395720958709717,0.5562589764595032,0.9158404469490052,0.7322264909744263,0.2074327617883682,0.6358628273010254,0.8759689927101135,0.4973488748073578,0.0089285718277096,0.6271890997886658,0.0,0.0,0.0,0.0,0.0,0.0,0.0,0.0,0.0,0.0,0.0,0.0,0.5673491358757019,0.5582283139228821
0.5380274653434753,0.3509259819984436,0.5636841058731079,0.3225467205047607,0.512534499168396,0.3332734107971191,0.6194060444831848,0.3543155789375305,0.487081229686737,0.3794592022895813,0.6903047561645508,0.5614094138145447,0.4381022453308105,0.5524303913116455,0.9073528051376344,0.717082679271698,0.2079466581344604,0.6283716559410095,0.898253321647644,0.4782211482524872,0.0089285718277096,0.6164812445640564,0.0,0.0,0.0,0.0,0.0,0.0,0.0,0.0,0.0,0.0,0.0,0.0,0.5659913420677185,0.5561715364456177
0.538230836391449,0.3530454933643341,0.5639628171920776,0.32428178191185,0.5122626423835754,0.3349665701389313,0.6200827956199646,0.3567975163459778,0.4867486357688904,0.3816338181495666,0.6901432275772095,0.5620003342628479,0.4380882084369659,0.5554153919219971,0.9116309881210328,0.7070950269699097,0.2100005000829696,0.6328451037406921,0.9387144446372986,0.4690191447734833,0.0089285718277096,0.6188083291053772,0.0,0.0,0.0,0.0,0.0,0.0,0.0,0.0,0.0,0.0,0.0,0.0,0.5655468106269836,0.5586082339286804
0.5384034514427185,0.358447253704071,0.5628885626792908,0.3272902369499206,0.5120209455490112,0.3397882878780365,0.6184011101722717,0.3578223288059234,0.4864120781421661,0.3868808150291443,0.6900434494018555,0.5640490055084229,0.438808262348175,0.5578000545501709,0.9126881957054138,0.70537930727005,0.2155365049839019,0.637328565120697,0.958840310573578,0.4651497900485992,0.0089285718277096,0.62273770570755,0.0,0.0,0.0,0.0,0.0,0.0,0.0,0.0,0.0,0.0,0.0,0.0,0.5650619268417358,0.561174213886261
0.5338925123214722,0.3550929725170135,0.5581989884376526,0.3262143433094024,0.5093520879745483,0.3352723121643066,0.6123023629188538,0.3604857325553894,0.4821984767913818,0.3835978507995605,0.6859837770462036,0.5616720914840698,0.4325848221778869,0.5580626130104065,0.909484326839447,0.7117503881454468,0.2071456462144851,0.6350638270378113,0.936212718486786,0.4643703103065491,0.0089285718277096,0.6211994886398315,0.0,0.0,0.0,0.0,0.0,0.0,0.0,0.0,0.0,0.0,0.0,0.0,0.5592222213745117,0.5608458518981934
0.5288638472557068,0.3544584810733795,0.5524260997772217,0.3247273564338684,0.5032352209091187,0.3365412652492523,0.6072083711624146,0.3559069335460663,0.4779141247272491,0.3871236443519592,0.6845173239707947,0.5535680651664734,0.4317665696144104,0.5572435259819031,0.90906423330307,0.7029832005500793,0.2062030285596847,0.6377977728843689,0.900929868221283,0.4480817317962646,0.0089285718277096,0.6285454034805298,0.0,0.0,0.0,0.0,0.0,0.0,0.0,0.0,0.0,0.0,0.0,0.0,0.5580807328224182,0.555803120136261
0.5316609740257263,0.3357537090778351,0.5562154650688171,0.3045296370983124,0.5055637955665588,0.3176162242889404,0.6113563776016235,0.3295986354351043,0.4820197522640228,0.3651033043861389,0.6937185525894165,0.5397042036056519,0.4346131980419159,0.5419002175331116,0.9115415811538696,0.6867847442626953,0.2097672224044799,0.6277727484703064,0.8475274443626404,0.4531916081905365,0.0089285718277096,0.6209772825241089,0.0,0.0,0.0,0.0,0.0,0.0,0.0,0.0,0.0,0.0,0.0,0.0,0.5641540288925171,0.5386180281639099
0.5335252285003662,0.3183406889438629,0.559323787689209,0.2878916561603546,0.5075061321258545,0.3015784323215484,0.6143373847007751,0.3163869082927704,0.483158141374588,0.3502731323242187,0.6867840886116028,0.5167486071586609,0.4314354062080383,0.5278103947639465,0.913504421710968,0.664151668548584,0.2059061080217361,0.6128272414207458,0.8406399488449097,0.4316588938236236,0.0089285718277096,0.6104108691215515,0.6452301144599915,0.9910714030265808,0.4708763659000397,0.991071343421936,0.0,0.0,0.0,0.0,0.0,0.0,0.0,0.0,0.5600940585136414,0.5214052200317383
0.5360872745513916,0.2639767527580261,0.5595276951789856,0.2314188033342361,0.5093878507614136,0.246203988790512,0.6123213768005371,0.26155886054039,0.4861802458763122,0.2971642613410949,0.6940004229545593,0.4659081995487213,0.436690479516983,0.4768540859222412,0.9056306481361388,0.6131677031517029,0.234808087348938,0.5692406892776489,0.8759286999702454,0.382092148065567,0.0,0.0,0.6498774290084839,0.981630265712738,0.4704771339893341,0.9786697030067444,0.0,0.0,0.0,0.0,0.0,0.0,0.0,0.0,0.561951220035553,0.470548540353775
0.5399132370948792,0.2370910793542862,0.5644974112510681,0.2051978260278701,0.5148733258247375,0.2171286195516586,0.6154745221138,0.2435255348682403,0.4883752763271332,0.2674291729927063,0.6889199018478394,0.4409855902194977,0.4365551769733429,0.4499464631080627,0.8981174826622009,0.5842379331588745,0.2373840063810348,0.5420598983764648,0.8990753293037415,0.3536747097969055,0.0089285718277096,0.555349588394165,0.648619532585144,0.9775063395500184,0.4699457585811615,0.9600134491920472,0.0,0.0,0.0,0.0,0.0,0.0,0.0,0.0,0.5619914531707764,0.4432625770568847
0.5477778315544128,0.1918020248413086,0.5712517499923706,0.1600806415081024,0.523274302482605,0.1726570278406143,0.619960367679596,0.1917870491743087,0.4989878535270691,0.2199579924345016,0.690680205821991,0.3951229155063629,0.4524409174919128,0.4020310938358307,0.8874578475952148,0.5369818806648254,0.2571231126785278,0.4976659715175628,0.9128636121749878,0.3254011571407318,0.0367768108844757,0.527358889579773,0.647275984287262,0.9022746086120604,0.4748682081699371,0.8986212611198425,0.0,0.0,0.0,0.0,0.0,0.0,0.0,0.0,0.5690451264381409,0.3999966084957123
0.5577951073646545,0.1792751550674438,0.5807303190231323,0.1462125480175018,0.5305579900741577,0.1605212390422821,0.6288298964500427,0.1788365691900253,0.5069044828414917,0.2075043618679046,0.7002318501472473,0.3770212531089782,0.4678053855895996,0.3840114772319793,0.8889815211296082,0.5207049250602722,0.2777737379074096,0.4823096096515655,0.9066328406333924,0.3011330664157867,0.0557258315384388,0.5113016366958618,0.6525346636772156,0.8688485026359558,0.4841477870941162,0.8640560507774353,0.0,0.0,0.0,0.0,0.0,0.0,0.0,0.0,0.5808954238891602,0.381998211145401
0.5730863213539124,0.1890566349029541,0.5976535081863403,0.1587030887603759,0.549142599105835,0.1709428131580352,0.6417577862739563,0.1914687007665634,0.5265130400657654,0.2169087082147598,0.7097879648208618,0.3822407126426697,0.4877587258815765,0.3897310793399811,0.8890399932861328,0.525558352470398,0.3145066201686859,0.4911053776741028,0.8775311708450317,0.3119044899940491,0.101149097084999,0.5171305537223816,0.6583605408668518,0.8481283187866211,0.4948424696922302,0.8440872430801392,0.0,0.0,0.0,0.0,0.0,0.0,0.0,0.0,0.5952168703079224,0.385457694530487
0.5685773491859436,0.2163816541433334,0.5898281931877136,0.1890854835510254,0.5445935130119324,0.1980415880680084,0.629048764705658,0.2215714156627655,0.5218445062637329,0.2404395490884781,0.6905974745750427,0.3990390598773956,0.4748328328132629,0.4125368297100067,0.85945063829422,0.5333913564682007,0.3225322663784027,0.5244945883750916,0.8346744179725647,0.3314939141273498,0.1313096284866333,0.5231308341026306,0.6410860419273376,0.83782958984375,0.490571916103363,0.8469448089599609,0.0,0.0,0.0,0.0,0.0,0.0,0.0,0.0,0.579116702079773,0.4047620296478271
0.5493007898330688,0.2461801618337631,0.5695200562477112,0.218453899025917,0.5272050499916077,0.2264167368412017,0.6066392064094543,0.2462252080440521,0.5037630796432495,0.2635440826416015,0.6697818040847778,0.4165344834327698,0.4621965885162353,0.4278872907161712,0.8300014734268188,0.5368388891220093,0.3214953541755676,0.5329194068908691,0.8025699257850647,0.3463167250156402,0.1452145874500274,0.5387281179428101,0.6254251599311829,0.8344911336898804,0.4858319163322449,0.8313141465187073,0.0,0.0,0.0,0.0,0.0,0.0,0.0,0.0,0.563607394695282,0.4213341176509857
0.5428339242935181,0.2572602033615112,0.561559796333313,0.2312585562467575,0.5231806039810181,0.2397294491529464,0.5969706773757935,0.2607502043247223,0.5027914643287659,0.2778664529323578,0.6550546884536743,0.4255909323692322,0.4602985978126526,0.4327549636363983,0.8081825375556946,0.5346835255622864,0.3224032819271087,0.5313779711723328,0.7864026427268982,0.3682535588741302,0.1523721367120742,0.5540807247161865,0.6199012398719788,0.8192209601402283,0.4886689782142639,0.8254107236862183,0.0,0.0,0.0,0.0,0.0,0.0,0.0,0.0,0.556958019733429,0.4285552501678467
0.5574385523796082,0.268913209438324,0.5750170946121216,0.244683101773262,0.5357421636581421,0.2559080719947815,0.6107291579246521,0.2733047902584076,0.5160658955574036,0.296102225780487,0.6650187373161316,0.4417147040367126,0.4740038812160492,0.4443647861480713,0.8150966763496399,0.5449473857879639,0.3347923159599304,0.5205308794975281,0.7924308776855469,0.3861671984195709,0.1804790049791336,0.5495949387550354,0.6306643486022949,0.8274802565574646,0.499841034412384,0.8254863023757935,0.0,0.0,0.0,0.0,0.0,0.0,0.0,0.0,0.5679658055305481,0.443431943655014
0.5755875706672668,0.2735206484794616,0.5940130352973938,0.2498466521501541,0.5549596548080444,0.258196622133255,0.6263364553451538,0.2789040505886078,0.5331807732582092,0.2969245016574859,0.6760097146034241,0.4469992220401764,0.4889197945594787,0.4429355263710022,0.8192952871322632,0.5564082860946655,0.3564958274364471,0.5157657265663147,0.8178427815437317,0.4042323231697082,0.1993220001459121,0.532843828201294,0.6358732581138611,0.8233784437179565,0.506943941116333,0.8146956562995911,0.0,0.0,0.0,0.0,0.0,0.0,0.0,0.0,0.5814012289047241,0.4443804919719696
0.5981205105781555,0.2849517464637756,0.6152705550193787,0.2601355910301208,0.5766425728797913,0.2665219008922577,0.6472724080085754,0.2840844690799713,0.5521523356437683,0.3027589917182922,0.6925115585327148,0.4518549144268036,0.5069953203201294,0.4440931677818298,0.8265621066093445,0.5774131417274475,0.3695080280303955,0.5106713175773621,0.8543940782546997,0.4205935895442962,0.2091057002544403,0.5168492794036865,0.6436150670051575,0.8244958519935608,0.5164631009101868,0.8150708079338074,0.0,0.0,0.0,0.0,0.0,0.0,0.0,0.0,0.6000404357910156,0.4471762478351593
0.6009706854820251,0.2857087850570678,0.6181005239486694,0.2607290744781494,0.5800161361694336,0.2675080299377441,0.6506739258766174,0.2808453440666199,0.5571090579032898,0.3010895550251007,0.6988758444786072,0.4493632316589355,0.5131842494010925,0.4424972832202911,0.8399918675422668,0.5668092370033264,0.3717431724071502,0.5106568932533264,0.8743869066238403,0.4134795069694519,0.2146521061658859,0.5194743275642395,0.6448532938957214,0.8236126899719238,0.5203767418861389,0.8106505274772644,0.0,0.0,0.0,0.0,0.0,0.0,0.0,0.0,0.6062036156654358,0.4447190463542938
0.6035780906677246,0.28157439827919,0.6213246583938599,0.2577671110630035,0.5823838114738464,0.2642557322978973,0.6542043685913086,0.2787152528762817,0.5590194463729858,0.2982590198516845,0.7022878527641296,0.4432776570320129,0.5148959755897522,0.440719872713089,0.8532058000564575,0.5418347120285034,0.3720059096813202,0.5091256499290466,0.8876174688339233,0.3822484016418457,0.2096228748559951,0.5198174715042114,0.6473113298416138,0.8140557408332825,0.524957001209259,0.8014540672302246,0.0,0.0,0.0,0.0,0.0,0.0,0.0,0.0,0.6089744567871094,0.4414262175559997
0.5980228781700134,0.2792740166187286,0.6158146858215332,0.2548954784870147,0.576734721660614,0.261980801820755,0.6496729254722595,0.2776871025562286,0.5535447001457214,0.2991712987422943,0.6987127065658569,0.4425773322582245,0.5096558928489685,0.4391880929470062,0.8507461547851562,0.5439282059669495,0.3651398122310638,0.5048919320106506,0.8837632536888123,0.3824536502361297,0.204662948846817,0.5134623050689697,0.6439675688743591,0.8153295516967773,0.5169777274131775,0.8110852837562561,0.0,0.0,0.0,0.0,0.0,0.0,0.0,0.0,0.6040405035018921,0.4401624202728271
0.5892010927200317,0.2733291387557983,0.6069965362548828,0.2498271465301513,0.5688528418540955,0.2581100761890411,0.6408750414848328,0.2734735906124115,0.5489085912704468,0.295574277639389,0.6935363411903381,0.4410319328308105,0.5022429823875427,0.4386025369167328,0.8474973440170288,0.540843665599823,0.3560961782932281,0.5042216777801514,0.8708515167236328,0.3763067126274109,0.1919454485177993,0.5147716403007507,0.6384899020195007,0.8252784013748169,0.5101522207260132,0.8156139254570007,0.0,0.0,0.0,0.0,0.0,0.0,0.0,0.0,0.5967721343040466,0.4382589161396026
0.5728862881660461,0.2687650322914123,0.5924248099327087,0.2434654980897903,0.5514035224914551,0.2524025440216064,0.6273095011711121,0.271192193031311,0.5302394032478333,0.2904166281223297,0.680811882019043,0.4409739077091217,0.4869423508644104,0.437388926744461,0.8292627334594727,0.536927342414856,0.3445388674736023,0.5135886073112488,0.8554245829582214,0.3645408451557159,0.1709784418344497,0.537463366985321,0.6308423280715942,0.8277958035469055,0.5014953017234802,0.8175035119056702,0.0,0.0,0.0,0.0,0.0,0.0,0.0,0.0,0.5805171728134155,0.4372854828834533
0.549503743648529,0.2628116309642792,0.5684220194816589,0.2371495068073272,0.5295007228851318,0.2465102970600128,0.6040863394737244,0.2662656009197235,0.5092534422874451,0.2831582427024841,0.6616096496582031,0.4330455958843231,0.4664415419101715,0.4385429322719574,0.8184438943862915,0.5204325318336487,0.3234633803367615,0.5217767953872681,0.7950835824012756,0.3492445647716522,0.143571138381958,0.5470751523971558,0.6186171174049377,0.8191621899604797,0.4906098246574402,0.8173647522926331,0.0,0.0,0.0,0.0,0.0,0.0,0.0,0.0,0.5616424679756165,0.4345066249370575
0.541012167930603,0.2619662284851074,0.5596280694007874,0.2358861863613128,0.5206319689750671,0.2440884262323379,0.5956514477729797,0.2647606432437897,0.499038964509964,0.2829133868217468,0.6536121368408203,0.4296338260173797,0.4585043787956238,0.4356754124164581,0.8083314299583435,0.5259292125701904,0.3145592808723449,0.5251334309577942,0.764114499092102,0.3508055806159973,0.1324598938226699,0.5506449341773987,0.614598274230957,0.817756712436676,0.4875627160072326,0.8179839253425598,0.0,0.0,0.0,0.0,0.0,0.0,0.0,0.0,0.554670512676239,0.4318000972270965
0.5475693941116333,0.2592831254005432,0.5659063458442688,0.2330711930990219,0.5267441868782043,0.2425402402877807,0.6011863946914673,0.2623497545719147,0.50656658411026,0.2814823985099792,0.6571784615516663,0.4294430315494537,0.4656666219234466,0.4366908073425293,0.8178438544273376,0.5239000916481018,0.3193314373493194,0.5238308310508728,0.7647433280944824,0.3499180674552917,0.1365459114313125,0.5487789511680603,0.626032829284668,0.8253763318061829,0.4954633116722107,0.8172196745872498,0.0,0.0,0.0,0.0,0.0,0.0,0.0,0.0,0.5599934458732605,0.4315872490406036
0.5676222443580627,0.2567436397075653,0.5866659283638,0.2273734956979751,0.5450102686882019,0.2398863285779953,0.627535343170166,0.253328800201416,0.5261023640632629,0.2795602083206177,0.6855535507202148,0.4324619770050049,0.4859310686588287,0.4348290264606476,0.8362743258476257,0.5365713238716125,0.3350885212421417,0.5145364999771118,0.8323417901992798,0.3639871180057525,0.1608861684799194,0.5389578342437744,0.643022358417511,0.8302523493766785,0.5072335004806519,0.8294177055358887,0.0,0.0,0.0,0.0,0.0,0.0,0.0,0.0,0.5816194415092468,0.4313405156135559
0.5803912878036499,0.2552110254764557,0.5999898314476013,0.2279635220766067,0.5593764185905457,0.2376732528209686,0.636573314666748,0.2580429017543793,0.5370180010795593,0.2783061563968658,0.6943188905715942,0.4347938001155853,0.494701623916626,0.4331372678279876,0.8470897674560547,0.547561764717102,0.3474667370319366,0.5131272077560425,0.8773059248924255,0.3798395693302154,0.1670831143856048,0.5390087962150574,0.6439325213432312,0.8158901333808899,0.5121971964836121,0.8145644068717957,0.0,0.0,0.0,0.0,0.0,0.0,0.0,0.0,0.5924392342567444,0.4318380951881408
0.5850244164466858,0.2554021775722503,0.6034979820251465,0.2260935306549072,0.5639869570732117,0.2371468096971511,0.641952395439148,0.2528370320796966,0.543153703212738,0.2755236625671386,0.6985182166099548,0.4350619614124298,0.4992234110832214,0.432481586933136,0.8492566347122192,0.5458751916885376,0.3491376042366028,0.5129703879356384,0.8946452140808105,0.3740950226783752,0.1689179092645645,0.5409462451934814,0.6468697190284729,0.8156440854072571,0.5146053433418274,0.8136124014854431,0.0,0.0,0.0,0.0,0.0,0.0,0.0,0.0,0.5972372889518738,0.4320569336414337
0.5902554392814636,0.2529610097408294,0.6083497405052185,0.2243890017271042,0.5690696239471436,0.2359503358602523,0.648213267326355,0.25227090716362,0.5474851727485657,0.2766591906547546,0.7014299035072327,0.4353402554988861,0.5035236477851868,0.4314143061637878,0.8527198433876038,0.545539140701294,0.3485863208770752,0.5130496621131897,0.9012808203697203,0.3731835484504699,0.168367251753807,0.542039155960083,0.6499457955360413,0.818516731262207,0.5175927877426147,0.8163835406303406,0.0,0.0,0.0,0.0,0.0,0.0,0.0,0.0,0.6005326509475708,0.43206387758255
0.595860481262207,0.2512848973274231,0.6135312914848328,0.2234917134046554,0.5734448432922363,0.2338382005691528,0.6505360007286072,0.2516523003578186,0.5497732758522034,0.2746129631996155,0.7041493654251099,0.4332510828971863,0.5055417418479919,0.4307717680931091,0.858212947845459,0.5453161001205444,0.3482983112335205,0.5144015550613403,0.894559383392334,0.366853654384613,0.1687699556350708,0.5410780906677246,0.6513182520866394,0.8180556297302246,0.5181769132614136,0.8150210380554199,0.0,0.0,0.0,0.0,0.0,0.0,0.0,0.0,0.602957546710968,0.4306716918945312
0.5832906365394592,0.2455280870199203,0.6035941243171692,0.2190359979867935,0.5631691813468933,0.2261836975812912,0.6449276804924011,0.2479467391967773,0.5428415536880493,0.2659051716327667,0.7016583681106567,0.4257173538208008,0.501660943031311,0.4265522360801697,0.8633497953414917,0.543438732624054,0.3462525904178619,0.5181942582130432,0.8646097779273987,0.3619207441806793,0.1703888475894928,0.5467807650566101,0.6529096961021423,0.8280386924743652,0.5179163813591003,0.8146337270736694,0.0,0.0,0.0,0.0,0.0,0.0,0.0,0.0,0.5990129113197327,0.4247243702411651
0.5720850229263306,0.2354346215724945,0.59283447265625,0.2100545316934585,0.5516405701637268,0.2183776199817657,0.6335567831993103,0.241611048579216,0.5321058630943298,0.2587195336818695,0.6930902600288391,0.4174645841121673,0.4883796870708465,0.4240618646144867,0.8507078289985657,0.541575014591217,0.3305195868015289,0.5217517018318176,0.8329635262489319,0.3596734404563904,0.1471332460641861,0.5532985925674438,0.6486986875534058,0.8303177952766418,0.5098726749420166,0.8288576006889343,0.0,0.0,0.0,0.0,0.0,0.0,0.0,0.0,0.5875731110572815,0.419145405292511
0.5480661988258362,0.2280339896678924,0.5690411329269409,0.1984108537435531,0.5290273427963257,0.2082446664571762,0.6142898797988892,0.2272629290819168,0.5106698870658875,0.2447622865438461,0.6821427941322327,0.4089305698871612,0.4670418202877044,0.4188683629035949,0.8377866148948669,0.540692925453186,0.3096711635589599,0.5211430788040161,0.8144709467887878,0.3497065603733063,0.1163694411516189,0.5504967570304871,0.6313522458076477,0.8356871604919434,0.4911333620548248,0.8316850066184998,0.0,0.0,0.0,0.0,0.0,0.0,0.0,0.0,0.5707709193229675,0.4129817187786102
0.542319118976593,0.2254969626665115,0.5624781847000122,0.196791723370552,0.523925244808197,0.2067300379276275,0.6068148016929626,0.2245857417583465,0.5047927498817444,0.2443269044160843,0.6725293397903442,0.4060995578765869,0.4602870941162109,0.4129944145679474,0.8313023447990417,0.5395607948303223,0.3062939345836639,0.5148087739944458,0.8158980011940002,0.3538325428962707,0.1083285436034202,0.5559709668159485,0.6287055611610413,0.8343080282211304,0.4882906377315521,0.8331489562988281,0.0,0.0,0.0,0.0,0.0,0.0,0.0,0.0,0.5637666583061218,0.409399002790451
0.5468429923057556,0.2255212962627411,0.568071186542511,0.1972572058439254,0.5273722410202026,0.2059590369462967,0.6120991706848145,0.225462794303894,0.50773686170578,0.2407210916280746,0.6742844581604004,0.4051338136196136,0.4611620604991913,0.4105698466300964,0.8317065238952637,0.5209142565727234,0.3056003451347351,0.4965589642524719,0.834051251411438,0.3436978757381439,0.0980250909924507,0.5372856855392456,0.6311410665512085,0.8329504728317261,0.4913960993289947,0.8345208168029785,0.0,0.0,0.0,0.0,0.0,0.0,0.0,0.0,0.564985454082489,0.407416820526123
0.5674880146980286,0.2242771685123443,0.5885245203971863,0.1951646953821182,0.5479016900062561,0.2055704444646835,0.6333432197570801,0.2238541543483734,0.5318546891212463,0.2449095100164413,0.6918259859085083,0.4104710519313812,0.4854987263679504,0.401363343000412,0.8576638102531433,0.524429202079773,0.3181527554988861,0.4556877613067627,0.8715351819992065,0.3366681039333343,0.1196949854493141,0.4605027139186859,0.6408458352088928,0.8284779191017151,0.5069016218185425,0.8290147185325623,0.0,0.0,0.0,0.0,0.0,0.0,0.0,0.0,0.5873623490333557,0.4030225276947021
0.5834254026412964,0.227150559425354,0.6079239845275879,0.1993108838796615,0.5666497945785522,0.207701489329338,0.6558259725570679,0.2285020649433136,0.551735520362854,0.2438768446445465,0.7060405611991882,0.4246785044670105,0.5056052803993225,0.3975119292736053,0.8682281374931335,0.5489365458488464,0.3471345007419586,0.4266756474971771,0.9183639287948608,0.3675146400928497,0.1496642380952835,0.4083996713161468,0.6479960083961487,0.8269750475883484,0.51116943359375,0.827732264995575,0.0,0.0,0.0,0.0,0.0,0.0,0.0,0.0,0.605206310749054,0.4088388979434967
0.5924853086471558,0.2266666144132614,0.6163474321365356,0.2002555131912231,0.5744476318359375,0.2079522460699081,0.6623611450195312,0.2287061065435409,0.5583861470222473,0.2479376345872879,0.7109065055847168,0.4234651625156402,0.5128931999206543,0.3964867293834686,0.8855694532394409,0.5385552048683167,0.3658778965473175,0.4231275022029876,0.980674922466278,0.3527272641658783,0.1537438929080963,0.4031728208065033,0.6514030694961548,0.828099250793457,0.5132452249526978,0.8266274333000183,0.0,0.0,0.0,0.0,0.0,0.0,0.0,0.0,0.611197829246521,0.4078268110752105
0.5873246788978577,0.228962704539299,0.6118555068969727,0.200826957821846,0.5689300894737244,0.2094566524028778,0.6568893194198608,0.2311347275972366,0.5522975921630859,0.2482059895992279,0.7028142809867859,0.4245290160179138,0.5041037201881409,0.3988375961780548,0.8677746653556824,0.5477480888366699,0.3445121645927429,0.431183397769928,0.8986312747001648,0.3487952053546905,0.1513383686542511,0.4104435443878174,0.6474629044532776,0.8278724551200867,0.5071932673454285,0.8295445442199707,0.0,0.0,0.0,0.0,0.0,0.0,0.0,0.0,0.6028739213943481,0.4091195464134216
0.556291401386261,0.2260584831237793,0.5774987936019897,0.1987131983041763,0.5371788144111633,0.2068096846342086,0.6205272078514099,0.2262943238019943,0.5176764130592346,0.2421818524599075,0.6769785284996033,0.4156877398490906,0.4690726101398468,0.4028930366039276,0.8310210108757019,0.5500640273094177,0.3092211782932281,0.4465945363044739,0.7997728586196899,0.3683833181858063,0.0999021679162979,0.4323900043964386,0.6219058632850647,0.8299176096916199,0.4844188988208771,0.8287224769592285,0.0,0.0,0.0,0.0,0.0,0.0,0.0,0.0,0.5727173686027527,0.4080178737640381
0.5040900111198425,0.2228173464536667,0.5269284844398499,0.1950562447309494,0.4867961406707763,0.2022886723279953,0.570374608039856,0.2243140041828155,0.4681808054447174,0.2359584271907806,0.6307253241539001,0.4174811542034149,0.4207406044006347,0.3990391790866852,0.7847790122032166,0.5507746338844299,0.2433692365884781,0.4568860828876495,0.7794902920722961,0.3717168271541595,0.0419159196317195,0.4517378211021423,0.5816417932510376,0.8329116106033325,0.4437477886676788,0.8298614621162415,0.0,0.0,0.0,0.0,0.0,0.0,0.0,0.0,0.5259081125259399,0.4073007106781006
0.4919466376304626,0.2243923842906952,0.515830934047699,0.1946910470724105,0.4724100530147552,0.202536329627037,0.5597935318946838,0.2237725406885147,0.4549850821495056,0.2377869933843612,0.6195552945137024,0.415360152721405,0.413440078496933,0.401116669178009,0.774312436580658,0.5426415801048279,0.2346134483814239,0.4573684334754944,0.8254871964454651,0.3732203841209411,0.0217279642820358,0.4574503600597381,0.5756663680076599,0.833716869354248,0.4416015148162842,0.8446170687675476,0.0,0.0,0.0,0.0,0.0,0.0,0.0,0.0,0.5167020559310913,0.406861275434494
0.5032023191452026,0.2238161861896515,0.5261750817298889,0.1963426917791366,0.4850564002990722,0.2028146237134933,0.566876232624054,0.2256406247615814,0.4639219343662262,0.2405182272195816,0.6276254057884216,0.4177017211914062,0.419746458530426,0.4013512134552002,0.7803844809532166,0.5406590700149536,0.2415032684803009,0.4581226706504822,0.905487060546875,0.4047048389911651,0.0422890856862068,0.4548518061637878,0.5777197480201721,0.8320987820625305,0.4437450468540191,0.832196056842804,0.0,0.0,0.0,0.0,0.0,0.0,0.0,0.0,0.5227919816970825,0.4085524380207062
0.5234165787696838,0.2250744253396988,0.544827401638031,0.1981879025697708,0.5038495659828186,0.2052595764398574,0.5855767130851746,0.2284215539693832,0.4814246594905853,0.2448281347751617,0.6398911476135254,0.4217497706413269,0.432727187871933,0.4023580849170685,0.7867803573608398,0.5554184317588806,0.2582970559597015,0.4547979831695556,0.8585287928581238,0.3884053230285644,0.0443362668156623,0.4416498243808746,0.5865748524665833,0.8338912725448608,0.454029768705368,0.832649290561676,0.0,0.0,0.0,0.0,0.0,0.0,0.0,0.0,0.5365368723869324,0.4130310118198395
0.5343214273452759,0.2254451215267181,0.556392252445221,0.2000661045312881,0.5149039626121521,0.2064315974712371,0.5955373644828796,0.2356839030981063,0.491412490606308,0.2479676157236099,0.6518057584762573,0.421676903963089,0.4429018795490265,0.4040525257587433,0.7948547005653381,0.5585073828697205,0.2736907601356506,0.4551571011543274,0.7539783716201782,0.382357120513916,0.0591159500181674,0.4349348545074463,0.598109781742096,0.8289141058921814,0.4673213958740234,0.8288990259170532,0.0,0.0,0.0,0.0,0.0,0.0,0.0,0.0,0.5492883324623108,0.4142470955848694
0.5319501161575317,0.2288583815097808,0.5552014112472534,0.2024006694555282,0.5120392441749573,0.2091365754604339,0.5967305898666382,0.237289160490036,0.4894112944602966,0.2482258975505828,0.647124707698822,0.4252976775169372,0.4416798949241638,0.4055994153022766,0.7889564633369446,0.5569648146629333,0.2736118137836456,0.4550248980522156,0.8063492774963379,0.390891969203949,0.0616083703935146,0.4357109367847442,0.6000118255615234,0.83155357837677,0.4690959453582763,0.8321854472160339,0.0,0.0,0.0,0.0,0.0,0.0,0.0,0.0,0.5469217300415039,0.4168954789638519
0.5310518145561218,0.2300236523151397,0.5540060997009277,0.203281357884407,0.5104448199272156,0.2100497484207153,0.5954820513725281,0.2363507896661758,0.4877517819404602,0.2492286711931228,0.6460598707199097,0.4270910322666168,0.4416866600513458,0.406947374343872,0.7910423874855042,0.5484136343002319,0.270960122346878,0.4552688598632812,0.8861290812492371,0.3927936255931854,0.0584554634988307,0.4361593425273895,0.5975872874259949,0.8325112462043762,0.4687733948230743,0.8336257934570312,0.0,0.0,0.0,0.0,0.0,0.0,0.0,0.0,0.5447655320167542,0.4183061420917511
0.5285178422927856,0.2309668511152267,0.5506250262260437,0.2033654600381851,0.508336067199707,0.2103410214185714,0.5924029350280762,0.2340583354234695,0.4861516952514648,0.2484388053417205,0.6442743539810181,0.4262776970863342,0.4389363825321197,0.4068537056446075,0.7932811975479126,0.5469831228256226,0.2653151154518127,0.4556343257427215,0.9194867014884948,0.4229870736598968,0.055815190076828,0.4379099309444427,0.5937694907188416,0.8304853439331055,0.4638471901416778,0.8307065367698669,0.0,0.0,0.0,0.0,0.0,0.0,0.0,0.0,0.5422996282577515,0.4180958569049835
0.5236883759498596,0.2302676439285278,0.545646607875824,0.204075425863266,0.5048907995223999,0.210550457239151,0.5873476266860962,0.2346982210874557,0.4837668836116791,0.2468758374452591,0.6403735876083374,0.4254577755928039,0.4352711141109466,0.4065227210521698,0.7831021547317505,0.5558122396469116,0.2623607814311981,0.4564545154571533,0.8028677701950073,0.3885532319545746,0.0540411435067653,0.4401026666164398,0.5904895663261414,0.8311030268669128,0.4606811106204986,0.8303796648979187,0.0,0.0,0.0,0.0,0.0,0.0,0.0,0.0,0.5392975211143494,0.4176068902015686
0.5206116437911987,0.2299528419971466,0.5410786867141724,0.2033027708530426,0.5012163519859314,0.2104997187852859,0.5803335905075073,0.2307211309671402,0.4799894690513611,0.2477891892194748,0.6397914886474609,0.4252333641052246,0.4317066073417663,0.4069465696811676,0.783129870891571,0.5537192225456238,0.2570713758468628,0.4593692123889923,0.7527738213539124,0.3791286051273346,0.0457873716950416,0.4448148608207702,0.5902247428894043,0.8287100195884705,0.4574096500873565,0.8299652934074402,0.0,0.0,0.0,0.0,0.0,0.0,0.0,0.0,0.5369244813919067,0.4166309237480163
0.5144889950752258,0.231270283460617,0.5361829996109009,0.2045346945524215,0.4966422915458679,0.2116633653640747,0.576457679271698,0.233512595295906,0.4767968654632568,0.247562289237976,0.6362920999526978,0.4224230945110321,0.4263002276420593,0.406181663274765,0.7804259061813354,0.5528249144554138,0.2529070079326629,0.4614775776863098,0.7468091249465942,0.3785396218299866,0.0455442555248737,0.4534431397914886,0.5862540006637573,0.8283312916755676,0.4526618421077728,0.829028308391571,0.0,0.0,0.0,0.0,0.0,0.0,0.0,0.0,0.5318465232849121,0.4147097170352936
0.5103514790534973,0.2315152734518051,0.5320445895195007,0.2044857442378997,0.4922304153442383,0.2110334783792495,0.5718849897384644,0.2358584702014923,0.4714441895484924,0.2474019080400467,0.6284569501876831,0.4228002429008484,0.4225697219371795,0.4062683582305908,0.7781186103820801,0.5470973253250122,0.2437367588281631,0.4622008502483368,0.8267403841018677,0.3841520249843597,0.0435269735753536,0.4546127021312713,0.5820491909980774,0.8336082696914673,0.4497703611850738,0.8329415321350098,0.0,0.0,0.0,0.0,0.0,0.0,0.0,0.0,0.5253003835678101,0.4150149226188659
0.5098494291305542,0.2323936969041824,0.5316418409347534,0.2051775455474853,0.4912590980529785,0.2119589895009994,0.5714601278305054,0.2366238981485366,0.470114529132843,0.2501373291015625,0.6308029890060425,0.4221679270267486,0.42291060090065,0.4075185656547546,0.7817168831825256,0.5385883450508118,0.2425778061151504,0.4621414840221405,0.916726291179657,0.424868106842041,0.0422382280230522,0.4550633132457733,0.5822550654411316,0.8300082087516785,0.4495263695716858,0.8308933973312378,0.0,0.0,0.0,0.0,0.0,0.0,0.0,0.0,0.5265177488327026,0.4153482615947723
0.5152317881584167,0.2311835587024688,0.536176860332489,0.2037410885095596,0.4965181946754455,0.2124329507350921,0.5771017074584961,0.2316921502351761,0.4767069518566131,0.253211110830307,0.6367913484573364,0.4241297841072082,0.4301241040229797,0.4078953564167022,0.7807368040084839,0.5516327619552612,0.2529841959476471,0.4604392647743225,0.8947407603263855,0.4053772985935211,0.0447990857064724,0.4527769386768341,0.5871734023094177,0.8314522504806519,0.456366628408432,0.8323526382446289,0.0,0.0,0.0,0.0,0.0,0.0,0.0,0.0,0.5329437851905823,0.4168349802494049
0.5232240557670593,0.2300678640604019,0.5438828468322754,0.203381136059761,0.503600001335144,0.2108561843633651,0.5842111706733704,0.2317242473363876,0.483084499835968,0.2492319643497467,0.6436178088188171,0.4291083216667175,0.4367858469486236,0.4076469242572784,0.7855245471000671,0.5686450600624084,0.2627550363540649,0.4596493244171142,0.77685546875,0.3933102190494537,0.0561367459595203,0.4475260376930237,0.5928531289100647,0.8294401168823242,0.4618009626865387,0.8291405439376831,0.0,0.0,0.0,0.0,0.0,0.0,0.0,0.0,0.5422573685646057,0.418606698513031
0.524562656879425,0.2315752208232879,0.5454347133636475,0.2028878778219223,0.5049735903739929,0.2111257016658783,0.5869706869125366,0.2276295274496078,0.4845021665096283,0.2468772083520889,0.6459439992904663,0.4238460063934326,0.4382224977016449,0.4069886207580566,0.7841892838478088,0.566126823425293,0.263114333152771,0.4604312479496002,0.7566938996315002,0.3963615596294403,0.0548357143998146,0.450028508901596,0.5955591797828674,0.8267697095870972,0.4658105969429016,0.8277574181556702,0.0,0.0,0.0,0.0,0.0,0.0,0.0,0.0,0.5441839098930359,0.416229099035263
0.524259626865387,0.2300175875425338,0.5449608564376831,0.2022432088851928,0.5049720406532288,0.2099816650152206,0.5863201022148132,0.2299633026123047,0.4845989048480987,0.246267482638359,0.6445791125297546,0.4271710813045501,0.4368738532066345,0.4070181846618652,0.7796689867973328,0.567217230796814,0.2615725100040436,0.4604400098323822,0.799767792224884,0.3988841474056244,0.0557372234761714,0.4523142874240875,0.594685971736908,0.8313358426094055,0.4632998406887054,0.830723762512207,0.0,0.0,0.0,0.0,0.0,0.0,0.0,0.0,0.5427674651145935,0.4176163375377655
0.5228101015090942,0.2275066673755645,0.5432776808738708,0.2010262012481689,0.5028582811355591,0.2081271857023239,0.5821921229362488,0.2318914830684662,0.4800843894481659,0.2488872855901718,0.6397954821586609,0.4240388572216034,0.4334445595741272,0.4074921607971191,0.7851719260215759,0.5576816201210022,0.2544452250003814,0.4598822295665741,0.9142783880233764,0.4360677301883697,0.0450396761298179,0.4517900645732879,0.591130256652832,0.8326843976974487,0.4612369537353515,0.8335250616073608,0.0,0.0,0.0,0.0,0.0,0.0,0.0,0.0,0.5373998284339905,0.4172571003437042
0.5190404653549194,0.2270771414041519,0.539286196231842,0.2000723630189895,0.4994211494922638,0.2087983340024948,0.5782653093338013,0.2294943779706955,0.4780559241771698,0.2501601576805115,0.6369429230690002,0.4182085692882538,0.4299845993518829,0.4062071740627289,0.7896040678024292,0.5279062390327454,0.2535548508167267,0.4586836993694305,0.9483038783073424,0.4940662086009979,0.0433101616799831,0.4525713622570038,0.5896196961402893,0.8304256200790405,0.4582979083061218,0.8315001130104065,0.0,0.0,0.0,0.0,0.0,0.0,0.0,0.0,0.5339335203170776,0.4129130244255066
0.5124533176422119,0.2286341488361358,0.5338374972343445,0.2013694494962692,0.4938361048698425,0.2089956998825073,0.5727306008338928,0.231808453798294,0.4729000926017761,0.2480345517396927,0.6317853927612305,0.4101220965385437,0.4247646927833557,0.4052802622318268,0.7935580611228943,0.4913831353187561,0.2467574030160904,0.4604866206645965,0.9410361647605896,0.5379648804664612,0.0448020659387111,0.4539873003959656,0.5877643823623657,0.8289549946784973,0.4554433226585388,0.8312324285507202,0.0,0.0,0.0,0.0,0.0,0.0,0.0,0.0,0.5280657410621643,0.4085619449615478
0.5100074410438538,0.2279114425182342,0.5319228172302246,0.2016830593347549,0.4913893043994903,0.2086573094129562,0.5722427368164062,0.2348390519618988,0.4703622758388519,0.2484036684036255,0.6305569410324097,0.4095725417137146,0.4234009683132171,0.4055531322956085,0.7942023277282715,0.4903880953788757,0.242976039648056,0.4617128670215606,0.9418402910232544,0.5432265996932983,0.0422450564801692,0.4552382826805115,0.5865336060523987,0.8284416198730469,0.4531531929969787,0.8308808207511902,0.0,0.0,0.0,0.0,0.0,0.0,0.0,0.0,0.5263836979866028,0.4084055423736572
0.5100191831588745,0.2279376685619354,0.531217634677887,0.2011511176824569,0.4907005131244659,0.2097589075565338,0.5703814029693604,0.2332990318536758,0.4687500894069671,0.2526129186153412,0.6291216611862183,0.4099373519420624,0.4213832914829254,0.406130850315094,0.794895589351654,0.4909155070781708,0.2430811673402786,0.4615325331687927,0.9451852440834044,0.5353966355323792,0.0417979545891284,0.4555651545524597,0.5852678418159485,0.8291035294532776,0.4513731300830841,0.8304415941238403,0.0,0.0,0.0,0.0,0.0,0.0,0.0,0.0,0.5248251557350159,0.4086427390575409
0.5071088671684265,0.2284462302923202,0.5295497179031372,0.2022962719202041,0.4884795248508453,0.2103604972362518,0.570424497127533,0.2353611886501312,0.4673734307289123,0.252351313829422,0.6284817457199097,0.4132318794727325,0.4199075400829315,0.4067510664463043,0.7961360216140747,0.4998785853385925,0.2404973804950714,0.4623193144798279,0.9545885920524596,0.5046311616897583,0.0389126725494861,0.4563787579536438,0.5847479104995728,0.8290424346923828,0.4509966075420379,0.8305439352989197,0.0,0.0,0.0,0.0,0.0,0.0,0.0,0.0,0.5242566466331482,0.4102325141429901
0.506349503993988,0.2286198288202285,0.5285930633544922,0.2023549377918243,0.4877543449401855,0.2107816189527511,0.5692680478096008,0.2367529869079589,0.466660588979721,0.2537734806537628,0.6272193193435669,0.4136810600757599,0.4192969799041748,0.4072825312614441,0.7972686886787415,0.506367564201355,0.2396375834941864,0.4634176194667816,0.953399658203125,0.4552493393421173,0.0399585962295532,0.4564979672431946,0.5839462876319885,0.8291403651237488,0.4502492547035217,0.8307560086250305,0.0,0.0,0.0,0.0,0.0,0.0,0.0,0.0,0.5237184166908264,0.4109037220478058
0.5062538981437683,0.2290930300951004,0.5281404256820679,0.2032503187656402,0.4875950217247009,0.2110259979963302,0.5676904916763306,0.2363878041505813,0.4656620919704437,0.2533240020275116,0.6276296973228455,0.4149737656116485,0.4193438589572906,0.4073935151100158,0.7929396033287048,0.5150209069252014,0.2399118244647979,0.4629966914653778,0.9285067319869996,0.4026878476142883,0.0396798327565193,0.4567004740238189,0.5830979347229004,0.8290688395500183,0.4495387971401214,0.8308209180831909,0.0,0.0,0.0,0.0,0.0,0.0,0.0,0.0,0.5229420065879822,0.4118979275226593
0.5065872073173523,0.2291618585586547,0.5284344553947449,0.2037695497274398,0.4877646863460541,0.2114736884832382,0.567899227142334,0.2364685982465744,0.4658543765544891,0.2536036670207977,0.6265648603439331,0.4163474440574646,0.4188947677612304,0.4065463542938232,0.785822331905365,0.5202876925468445,0.2398832291364669,0.4625828564167022,0.8891445398330688,0.3681012988090515,0.0412288308143615,0.4553795754909515,0.5811570882797241,0.8303548097610474,0.4473369419574737,0.8318061828613281,0.0,0.0,0.0,0.0,0.0,0.0,0.0,0.0,0.5218726396560669,0.4113941192626953
0.506287157535553,0.2282489240169525,0.5283125042915344,0.2031799703836441,0.4876801371574402,0.2108221799135208,0.5681790113449097,0.2369121760129928,0.4661366641521454,0.2534224092960357,0.6229786276817322,0.4159755408763885,0.4188101887702942,0.4057326018810272,0.7803822159767151,0.5267674326896667,0.241968035697937,0.4605245292186737,0.8557092547416687,0.3552547991275787,0.0442209728062152,0.4533671736717224,0.580088198184967,0.8320092558860779,0.4471260011196136,0.8326635956764221,0.0,0.0,0.0,0.0,0.0,0.0,0.0,0.0,0.5208750367164612,0.4101288020610809
0.50633704662323,0.2275693714618683,0.5289373993873596,0.2033372670412063,0.4880500435829162,0.209895834326744,0.5681365132331848,0.2387679666280746,0.4662230014801025,0.2519892752170563,0.6245650053024292,0.4187341034412384,0.4192483723163605,0.4053721725940704,0.7808875441551208,0.53264319896698,0.2433940023183822,0.4600178599357605,0.8109537959098816,0.3597084879875183,0.0457514412701129,0.4518516957759857,0.5795966386795044,0.8304529786109924,0.4452584385871887,0.8306695818901062,0.0,0.0,0.0,0.0,0.0,0.0,0.0,0.0,0.5218163132667542,0.4118085205554962
0.5446037650108337,0.2708384394645691,0.5717201828956604,0.2319814413785934,0.5211737155914307,0.2388579845428466,0.6197091341018677,0.2518330514431,0.4944581091403961,0.2642591297626495,0.6790151596069336,0.4194133579730987,0.4435396492481231,0.4153876602649688,0.8068330883979797,0.5660839676856995,0.2623654901981354,0.4985708594322204,0.8110867142677307,0.4573612511157989,0.0442972481250762,0.5257120132446289,0.6057308316230774,0.8320029377937317,0.474337100982666,0.832588791847229,0.0,0.0,0.0,0.0,0.0,0.0,0.0,0.0,0.5623989701271057,0.414170354604721
0.5488672852516174,0.2751217484474182,0.5759986042976379,0.2349025756120681,0.5256386995315552,0.24319888651371,0.6231977343559265,0.2495782226324081,0.499565452337265,0.2648681700229645,0.6824390292167664,0.4202237725257873,0.4451601207256317,0.4161876142024994,0.8093335032463074,0.5671396255493164,0.2626198232173919,0.5009398460388184,0.8123745322227478,0.4594433009624481,0.0463954173028469,0.528285801410675,0.6087799072265625,0.8330560326576233,0.4765536487102508,0.832210898399353,0.0,0.0,0.0,0.0,0.0,0.0,0.0,0.0,0.5649539232254028,0.415259450674057
0.551411509513855,0.2502711415290832,0.5771936178207397,0.2109342515468597,0.5267399549484253,0.2198992222547531,0.6234132051467896,0.2291655540466308,0.5031242370605469,0.2453315556049347,0.6772505640983582,0.4090025424957275,0.4506686627864837,0.3997401893138885,0.8075945973396301,0.5635321736335754,0.2650087177753448,0.4871604740619659,0.8346418738365173,0.4411534667015075,0.0456382036209106,0.5072159767150879,0.605503261089325,0.8339864015579224,0.4745163321495056,0.8307338356971741,0.0,0.0,0.0,0.0,0.0,0.0,0.0,0.0,0.563681960105896,0.4035565853118896
0.548926055431366,0.22146537899971,0.5726994276046753,0.1874968111515045,0.526836097240448,0.1990415751934051,0.6222614645957947,0.2108922302722931,0.5060285329818726,0.2358362972736358,0.6714770197868347,0.4088470339775085,0.4499610960483551,0.392637699842453,0.7982507944107056,0.5658523440361023,0.2661013007164001,0.4704121947288513,0.8851752281188965,0.4430677592754364,0.0419209189713001,0.4789845049381256,0.6015755534172058,0.833867609500885,0.4681204259395599,0.8309352993965149,0.0,0.0,0.0,0.0,0.0,0.0,0.0,0.0,0.5606226921081543,0.4012272655963897
0.5449199676513672,0.216882973909378,0.5683158040046692,0.1855846345424652,0.5229939818382263,0.194700002670288,0.6153632998466492,0.2171961516141891,0.4990520775318146,0.2359145581722259,0.6613205075263977,0.4133560359477997,0.4430144131183624,0.3951621353626251,0.8003937602043152,0.5561758875846863,0.2620455324649811,0.4658584892749786,0.9251601099967957,0.4397539794445038,0.0449130274355411,0.4584371745586395,0.5950496792793274,0.8358548283576965,0.463470995426178,0.8328604102134705,0.0,0.0,0.0,0.0,0.0,0.0,0.0,0.0,0.5533960461616516,0.40402951836586
0.5356788039207458,0.2087486535310745,0.5582730174064636,0.1827668994665146,0.5147570371627808,0.1906299591064453,0.6037976145744324,0.2167098969221115,0.4896675050258636,0.2324331104755401,0.6527132391929626,0.4114320576190948,0.4382005631923675,0.3956659734249115,0.8008079528808594,0.5459704995155334,0.257225751876831,0.4650977253913879,0.9451947808265686,0.4483352601528168,0.0415770336985588,0.460338681936264,0.5915070176124573,0.8350774645805359,0.4594915807247162,0.8331134915351868,0.0,0.0,0.0,0.0,0.0,0.0,0.0,0.0,0.5463569164276123,0.4037772715091705
0.5209798216819763,0.2087314426898956,0.5425916910171509,0.1824811995029449,0.5012153387069702,0.1922291815280914,0.587833046913147,0.2132985591888427,0.4807071685791015,0.2352325767278671,0.6437996625900269,0.4119241833686828,0.4275381863117218,0.3983001112937927,0.7938209772109985,0.5411697030067444,0.2452317625284195,0.4656157791614532,0.9421623349189758,0.4822998940944671,0.0405472852289676,0.4631516933441162,0.584980845451355,0.8366931080818176,0.4499193727970123,0.8345894813537598,0.0,0.0,0.0,0.0,0.0,0.0,0.0,0.0,0.5365588068962097,0.4049801528453827
0.516512930393219,0.2103321403264999,0.5386415719985962,0.1842880249023437,0.4978368878364563,0.191719502210617,0.5825675129890442,0.2197398990392685,0.4779328405857086,0.2349215894937515,0.6373102068901062,0.4127211272716522,0.4241609871387481,0.397422045469284,0.7854642868041992,0.5413386225700378,0.2407746762037277,0.4651985466480255,0.9282999038696288,0.5113307237625122,0.0389723293483257,0.463071346282959,0.5836134552955627,0.8344205617904663,0.4454647898674011,0.8336613774299622,0.0,0.0,0.0,0.0,0.0,0.0,0.0,0.0,0.5319505929946899,0.4046300947666168
0.5118436217308044,0.2104339152574539,0.5338944792747498,0.1865259408950805,0.4927740395069122,0.1921241581439972,0.5742837190628052,0.2245250195264816,0.4718490540981293,0.2369430512189865,0.632566511631012,0.4124903976917267,0.4205586016178131,0.3988538086414337,0.7840157747268677,0.5403239727020264,0.2366694062948227,0.4653027951717376,0.9399994611740112,0.5315748453140259,0.0231993924826383,0.465736448764801,0.5856140851974487,0.8318275213241577,0.4476113021373749,0.8330097794532776,0.0,0.0,0.0,0.0,0.0,0.0,0.0,0.0,0.527697741985321,0.4060897529125213
0.5095325112342834,0.211002841591835,0.5310221314430237,0.1869041919708252,0.491284430027008,0.1925389468669891,0.5721582770347595,0.2246813923120498,0.4717575013637543,0.2358772456645965,0.6310950517654419,0.414352685213089,0.4210188388824463,0.3995942771434784,0.7796981930732727,0.5410476326942444,0.2391329854726791,0.4672648310661316,0.929012894630432,0.5120195746421814,0.0390757992863655,0.4683220684528351,0.5869836211204529,0.829478919506073,0.4521826207637787,0.8316718935966492,0.0,0.0,0.0,0.0,0.0,0.0,0.0,0.0,0.5271957516670227,0.4071470201015472
0.5101173520088196,0.2157089412212371,0.5306025743484497,0.1895127743482589,0.4915853440761566,0.1972001492977142,0.5711520910263062,0.2232314497232437,0.4716488718986511,0.2410148829221725,0.631235659122467,0.4194628894329071,0.4210082590579986,0.4031656086444855,0.7754908204078674,0.5426419973373413,0.2430850118398666,0.4730493724346161,0.9161311388015748,0.4350408911705017,0.0392703935503959,0.473760187625885,0.5933732986450195,0.8316025733947754,0.4595187306404114,0.8337475061416626,0.0,0.0,0.0,0.0,0.0,0.0,0.0,0.0,0.5263373255729675,0.4116634428501129
0.5313835740089417,0.20997054874897,0.5527969002723694,0.1860085278749466,0.5122388601303101,0.1942930072546005,0.5962057709693909,0.2204248756170272,0.4898357689380646,0.2355118244886398,0.641380250453949,0.4249862134456634,0.4326750636100769,0.3974661827087402,0.76048344373703,0.5814517140388489,0.2511373460292816,0.4606773853302002,0.8187164068222046,0.4247486293315887,0.0439288280904293,0.4667099118232727,0.593178391456604,0.8454240560531616,0.4550690054893493,0.8453739881515503,0.0,0.0,0.0,0.0,0.0,0.0,0.0,0.0,0.5386103391647339,0.4109790623188019
0.5281165838241577,0.2171006947755813,0.5504400134086609,0.1913518458604812,0.510453999042511,0.1989697962999344,0.5933162569999695,0.2294802218675613,0.4893688857555389,0.2400160282850265,0.637090802192688,0.4303123950958252,0.4324990808963775,0.3975377380847931,0.7547826766967773,0.5877839922904968,0.2473494708538055,0.4574177861213684,0.8156005144119263,0.433983713388443,0.0424772575497627,0.455695629119873,0.5919609069824219,0.8430653214454651,0.455643892288208,0.8351664543151855,0.0,0.0,0.0,0.0,0.0,0.0,0.0,0.0,0.5359726548194885,0.4132265746593475
0.5235950350761414,0.2202605158090591,0.5443249940872192,0.1910259574651718,0.5054052472114563,0.2011374682188034,0.5879010558128357,0.2185883373022079,0.4852072298526764,0.238298624753952,0.6412554979324341,0.4306654632091522,0.4321825504302978,0.4009234011173248,0.7624133229255676,0.5883976221084595,0.2490131109952926,0.4653531610965729,0.7672033905982971,0.4259926378726959,0.0438193492591381,0.4671926200389862,0.5966764688491821,0.845070481300354,0.4589985013008117,0.836236834526062,0.0,0.0,0.0,0.0,0.0,0.0,0.0,0.0,0.5394722819328308,0.4147685468196869
0.5236393213272095,0.219343289732933,0.5440019965171814,0.1906756311655044,0.5052575469017029,0.1998925954103469,0.5871380567550659,0.2175514847040176,0.4845990538597107,0.2365701049566269,0.6419777274131775,0.4284135997295379,0.4323880076408386,0.4007187783718109,0.7642422318458557,0.5865849256515503,0.2537776231765747,0.464792937040329,0.7681318521499634,0.4269021153450012,0.0448743663728237,0.4666139781475067,0.6003150343894958,0.844812273979187,0.4624708294868469,0.8452075719833374,0.0,0.0,0.0,0.0,0.0,0.0,0.0,0.0,0.5400340557098389,0.414175271987915
0.5248408913612366,0.2195477783679962,0.5453199744224548,0.1904071569442749,0.5064226984977722,0.2005272805690765,0.5911452174186707,0.2197879254817962,0.4867159724235534,0.2382530272006988,0.6434535384178162,0.425260990858078,0.4359821379184723,0.4027002453804016,0.7671124339103699,0.5764368772506714,0.2594377398490906,0.4661402106285095,0.8066011071205139,0.422612577676773,0.0424511767923831,0.4733733534812927,0.6028314232826233,0.8367616534233093,0.4671677649021148,0.8434878587722778,0.0,0.0,0.0,0.0,0.0,0.0,0.0,0.0,0.5420912504196167,0.4140933454036712
0.5389037132263184,0.2177654802799224,0.5594742894172668,0.1918068975210189,0.5193570852279663,0.1995430141687393,0.6010830998420715,0.2260390669107437,0.495574951171875,0.2422930747270584,0.6502744555473328,0.4279119670391083,0.4423300325870514,0.4032517969608307,0.7768210768699646,0.5828590393066406,0.2618001401424408,0.4653297066688537,0.911445677280426,0.4934078752994537,0.0442522428929805,0.4671261310577392,0.6040998697280884,0.8444860577583313,0.4694386124610901,0.8353598713874817,0.0,0.0,0.0,0.0,0.0,0.0,0.0,0.0,0.5492731332778931,0.4157763123512268
0.5318852663040161,0.2179051637649536,0.5531765818595886,0.1897487193346023,0.5113704800605774,0.1997012645006179,0.5963597297668457,0.2238804548978805,0.4893946945667267,0.24185311794281,0.646291196346283,0.4261744022369385,0.4385447800159454,0.4037924110889435,0.7787572741508484,0.5785792469978333,0.2584646344184875,0.4661436378955841,0.9113807678222656,0.4721865952014923,0.0403942689299583,0.474145233631134,0.6044101715087891,0.8465166091918945,0.4697011411190033,0.8450459837913513,0.0,0.0,0.0,0.0,0.0,0.0,0.0,0.0,0.5450011491775513,0.4156636297702789
0.5253044366836548,0.2194515168666839,0.5453044772148132,0.1900205463171005,0.5068873167037964,0.2006861716508865,0.5896833539009094,0.2196505516767501,0.4869309365749359,0.2390853017568588,0.6415523290634155,0.4246837794780731,0.4348559379577636,0.4041707813739776,0.7742263674736023,0.5748999714851379,0.2557923495769501,0.4687318801879883,0.8093471527099609,0.4135834276676178,0.0393834300339221,0.4812638759613037,0.6037809252738953,0.8450544476509094,0.4684033691883087,0.8453734517097473,0.0,0.0,0.0,0.0,0.0,0.0,0.0,0.0,0.5406047701835632,0.4145219922065735
0.5274596810340881,0.2202877104282379,0.547860860824585,0.1910739839076995,0.5077665448188782,0.2002441138029098,0.5887289047241211,0.2205506265163421,0.4849409759044647,0.238938421010971,0.6395605206489563,0.4278106689453125,0.4312902390956878,0.4045627117156982,0.7756816744804382,0.5800254940986633,0.253876268863678,0.4686329662799835,0.7636728286743164,0.4108178913593292,0.0407666377723217,0.4838842749595642,0.6040546298027039,0.8375828862190247,0.4687130451202392,0.8455801606178284,0.0,0.0,0.0,0.0,0.0,0.0,0.0,0.0,0.5375674962997437,0.4156029224395752
0.5283417701721191,0.2190321832895279,0.5494182109832764,0.1899482309818267,0.5083943009376526,0.199636697769165,0.5920400619506836,0.2217734158039093,0.4857544302940368,0.2397612333297729,0.6391766667366028,0.4259865880012512,0.4324652552604675,0.4044893682003021,0.773053765296936,0.5654621720314026,0.253767728805542,0.4672767221927643,0.8827577829360962,0.4310904443264007,0.0434030890464782,0.4782295525074005,0.6037173271179199,0.8455200791358948,0.4689128696918487,0.8486141562461853,0.0,0.0,0.0,0.0,0.0,0.0,0.0,0.0,0.5362341403961182,0.4161513149738312
0.531690776348114,0.2180254459381103,0.5527377128601074,0.1906744986772537,0.5107988119125366,0.1998908370733261,0.5942875742912292,0.2267933934926986,0.4876920580863952,0.2425935417413711,0.6426579356193542,0.4307349622249603,0.4350516200065613,0.4026848375797272,0.7748373746871948,0.5780770182609558,0.2569006681442261,0.4646789729595184,0.9090366959571838,0.515236496925354,0.0446605384349823,0.472212016582489,0.6046279668807983,0.8450043797492981,0.4692274034023285,0.8462745547294617,0.0,0.0,0.0,0.0,0.0,0.0,0.0,0.0,0.5404855012893677,0.4174483716487884
0.5357815027236938,0.2170519083738327,0.5561406016349792,0.1905815750360489,0.5147175788879395,0.1995904892683029,0.5974400639533997,0.227235808968544,0.490419864654541,0.243748664855957,0.6455685496330261,0.4301976561546325,0.4378476738929748,0.4047737121582031,0.7792672514915466,0.5796488523483276,0.2592245042324066,0.4669516384601593,0.8890767097473145,0.4434109032154083,0.0402596928179264,0.4763335883617401,0.6036638021469116,0.8370194435119629,0.4695925414562225,0.8448804616928101,0.0,0.0,0.0,0.0,0.0,0.0,0.0,0.0,0.5432693362236023,0.4179093837738037
0.5711958408355713,0.3136557042598724,0.5911709666252136,0.2912455201148987,0.5516958832740784,0.2893727123737335,0.6172403693199158,0.3218452930450439,0.5257654786109924,0.3169651925563812,0.6543688178062439,0.4700063169002533,0.4737281799316406,0.4753016531467438,0.7947815656661987,0.5407807230949402,0.3209501802921295,0.5322309732437134,0.8098252415657043,0.3920455873012543,0.1524252593517303,0.5742806792259216,0.6231494545936584,0.830503523349762,0.4981793463230133,0.8282749056816101,0.0,0.0,0.0,0.0,0.0,0.0,0.0,0.0,0.5644145607948303,0.4732499718666076
0.5675387978553772,0.3146734535694122,0.5873053669929504,0.2922565639019012,0.5482484698295593,0.2913784086704254,0.6146678924560547,0.3219746053218841,0.5244849324226379,0.3191523253917694,0.6547457575798035,0.4722922742366791,0.4731133878231048,0.4758718311786651,0.7945919036865234,0.5445733666419983,0.3203072845935821,0.5325308442115784,0.8132601380348206,0.3979051113128662,0.150299459695816,0.5750092267990112,0.6191271543502808,0.8458948135375977,0.4933396875858307,0.835340678691864,0.0,0.0,0.0,0.0,0.0,0.0,0.0,0.0,0.5644686818122864,0.4747180044651031
0.5636511445045471,0.3154819011688232,0.5828050374984741,0.2925892472267151,0.54315584897995,0.293257862329483,0.61054527759552,0.3218268752098083,0.5189394354820251,0.3224130570888519,0.6522913575172424,0.4719812572002411,0.4709687530994415,0.4754431545734405,0.7952826619148254,0.5439068675041199,0.3189996778964996,0.5365194082260132,0.8040000200271606,0.3918708264827728,0.1533670127391815,0.578597366809845,0.6172527074813843,0.8341595530509949,0.492553561925888,0.8330880403518677,0.0,0.0,0.0,0.0,0.0,0.0,0.0,0.0,0.5614713430404663,0.473553717136383
0.5625070333480835,0.3159573376178741,0.5813440084457397,0.2922384440898895,0.541610062122345,0.2934834063053131,0.60964435338974,0.3233830630779266,0.5173243284225464,0.3233252465724945,0.6520054936408997,0.4743691384792328,0.4704325795173645,0.4757005572319031,0.794392466545105,0.5557387471199036,0.319368302822113,0.537971019744873,0.7518472671508789,0.3969744741916656,0.1547027826309204,0.582377016544342,0.6163763999938965,0.8468212485313416,0.4883443713188171,0.8480998873710632,0.0,0.0,0.0,0.0,0.0,0.0,0.0,0.0,0.5612620115280151,0.4744486808776855
0.5590270757675171,0.3153277039527893,0.5790151953697205,0.2930493652820587,0.536891520023346,0.2939899861812591,0.6081699728965759,0.3234871923923492,0.5126157402992249,0.3233648836612701,0.6521000266075134,0.4731113910675049,0.4678575992584228,0.4778762757778168,0.7942143678665161,0.553218424320221,0.3173020184040069,0.5406221151351929,0.8131402134895325,0.3990256786346435,0.1498912274837494,0.588204562664032,0.6153951287269592,0.8468524217605591,0.4873638153076172,0.8477995991706848,0.0,0.0,0.0,0.0,0.0,0.0,0.0,0.0,0.5602676868438721,0.4741759300231933
0.5558591485023499,0.3145737051963806,0.5748591423034668,0.2890736162662506,0.532826840877533,0.2944893836975097,0.6061089634895325,0.3146325945854187,0.5104824900627136,0.3236861526966095,0.655001163482666,0.4735514521598816,0.469132512807846,0.4788104891777038,0.7936016917228699,0.5425183176994324,0.3198040425777435,0.5398218035697937,0.8840575218200684,0.3989272713661194,0.1524588316679,0.5886366963386536,0.6150086522102356,0.8338834643363953,0.4916519522666931,0.8341504335403442,0.0,0.0,0.0,0.0,0.0,0.0,0.0,0.0,0.5622543692588806,0.4764880537986755
0.5609440207481384,0.3148128986358642,0.5795749425888062,0.2888201177120209,0.5394430160522461,0.2938171923160553,0.611714243888855,0.314945787191391,0.51805180311203,0.3240268230438232,0.6578971147537231,0.4746372997760772,0.4724895656108856,0.477818101644516,0.796758234500885,0.5502102971076965,0.3219373822212219,0.5351811647415161,0.8834602236747742,0.4121080935001373,0.1560200899839401,0.578266978263855,0.6197013854980469,0.8316197395324707,0.4961853623390198,0.8296461701393127,0.0,0.0,0.0,0.0,0.0,0.0,0.0,0.0,0.5658791661262512,0.4774077534675598
0.5742303133010864,0.3136448860168457,0.5929250717163086,0.2866190373897552,0.553588330745697,0.2914711534976959,0.6264726519584656,0.3148960769176483,0.5305621027946472,0.3224530518054962,0.6681824326515198,0.4741525650024414,0.484594315290451,0.473638117313385,0.8010007739067078,0.5626651644706726,0.3345752656459808,0.524514377117157,0.8474870324134827,0.4077740609645843,0.169451966881752,0.5639675855636597,0.6319907903671265,0.8304295539855957,0.5068278908729553,0.8166508674621582,0.0,0.0,0.0,0.0,0.0,0.0,0.0,0.0,0.5769796371459961,0.4746708869934082
0.5876106023788452,0.3102761805057525,0.6062850952148438,0.2838301360607147,0.565813422203064,0.2901740968227386,0.6398542523384094,0.3128493726253509,0.542570173740387,0.3237601816654205,0.6814506649971008,0.4729524552822113,0.4971144199371338,0.4736123979091644,0.8127275705337524,0.5641880631446838,0.3491778969764709,0.5189757347106934,0.8049244284629822,0.4161494076251983,0.1780968159437179,0.5563148260116577,0.6473627090454102,0.8279222846031189,0.5254631638526917,0.8168064951896667,0.0,0.0,0.0,0.0,0.0,0.0,0.0,0.0,0.5910558104515076,0.4725883603096008
0.6030116081237793,0.3200404345989227,0.6209853291511536,0.294060081243515,0.5819138884544373,0.2970128357410431,0.6522065997123718,0.3183079361915588,0.5562037825584412,0.3272330164909363,0.6935240030288696,0.4722581803798675,0.5109237432479858,0.4845488369464874,0.8390040993690491,0.55483478307724,0.3788714408874511,0.5387733578681946,0.8031587600708008,0.4080276489257812,0.2006948888301849,0.5872315764427185,0.665561854839325,0.8458309769630432,0.5395781397819519,0.8358001112937927,0.0,0.0,0.0,0.0,0.0,0.0,0.0,0.0,0.604607105255127,0.4771209359169006
0.6028332710266113,0.318433940410614,0.6208077073097229,0.292402058839798,0.5823186635971069,0.2952893078327179,0.653243899345398,0.3151842653751373,0.5576530694961548,0.325122594833374,0.7039359211921692,0.473175436258316,0.5139277577400208,0.4894231259822845,0.8491688966751099,0.5395192503929138,0.3710234761238098,0.5586473345756531,0.8268216848373413,0.3975268900394439,0.2079665660858154,0.6255937814712524,0.6694661378860474,0.8479679226875305,0.5437039136886597,0.8473049998283386,0.0,0.0,0.0,0.0,0.0,0.0,0.0,0.0,0.6090496778488159,0.4800542294979095
0.5959888696670532,0.3130810558795929,0.6153705716133118,0.28908771276474,0.5763710737228394,0.2903822362422943,0.6469323039054871,0.3160920143127441,0.5512512922286987,0.3213980495929718,0.6981882452964783,0.470921516418457,0.5071656107902527,0.4932534992694855,0.8480215668678284,0.5277532935142517,0.3668775260448456,0.5773146748542786,0.8450130820274353,0.3728731274604797,0.2094285190105438,0.658655047416687,0.6640740633010864,0.845915675163269,0.5408362150192261,0.8446608781814575,0.0,0.0,0.0,0.0,0.0,0.0,0.0,0.0,0.6025826334953308,0.4830987453460693
0.5784955024719238,0.3045880496501922,0.599942147731781,0.2793783545494079,0.560402512550354,0.2807213962078094,0.6367549300193787,0.3125508427619934,0.5374809503555298,0.3126912713050842,0.6791191101074219,0.4629502296447754,0.4907793998718261,0.4897984862327575,0.8283471465110779,0.5192981362342834,0.3513267040252685,0.5943326354026794,0.8225770592689514,0.3672597110271454,0.1919131577014923,0.6997579336166382,0.6461014747619629,0.8338226079940796,0.5257028341293335,0.8307992815971375,0.0,0.0,0.0,0.0,0.0,0.0,0.0,0.0,0.5858780145645142,0.4772290289402008
0.5654894709587097,0.2991213202476501,0.5876392126083374,0.2761595845222473,0.5491064190864563,0.2748810052871704,0.6186752915382385,0.3097538352012634,0.5271201729774475,0.304993599653244,0.6637712121009827,0.4596883356571197,0.474059134721756,0.4893911480903625,0.8135378956794739,0.5213853716850281,0.3345665633678436,0.6046236753463745,0.7737020254135132,0.3759587705135345,0.178343266248703,0.7181301712989807,0.6267918348312378,0.8353438973426819,0.5022026896476746,0.8324140310287476,0.0,0.0,0.0,0.0,0.0,0.0,0.0,0.0,0.5713791847229004,0.4747229516506195
0.5580734014511108,0.3023814260959625,0.5810509324073792,0.2798707783222198,0.5419528484344482,0.2767136693000793,0.6126406788825989,0.3126170337200165,0.520350992679596,0.3051843047142029,0.6580191850662231,0.4545495510101318,0.4741475582122803,0.4877028465270996,0.812329113483429,0.5132502913475037,0.3335072994232178,0.5994024872779846,0.7892001867294312,0.3553836345672607,0.175513744354248,0.7045292258262634,0.6283153891563416,0.8348861932754517,0.5027714371681213,0.8312171101570129,0.0,0.0,0.0,0.0,0.0,0.0,0.0,0.0,0.5677641034126282,0.4717778265476227
0.572996973991394,0.2906435430049896,0.5951084494590759,0.2662239074707031,0.5545134544372559,0.2676709294319153,0.6319936513900757,0.3005024790763855,0.5314456224441528,0.2985360622406006,0.6757968068122864,0.4512725174427032,0.4875354468822479,0.4821820259094238,0.8333517909049988,0.5189998745918274,0.3503146767616272,0.5739498138427734,0.842774510383606,0.3524149060249328,0.177025094628334,0.6638932228088379,0.6411973834037781,0.8164836764335632,0.5196956992149353,0.8144596219062805,0.0,0.0,0.0,0.0,0.0,0.0,0.0,0.0,0.5824078917503357,0.4664155840873718
0.5951300859451294,0.2757895290851593,0.6164684295654297,0.2535780668258667,0.5765491127967834,0.2531255781650543,0.6514649391174316,0.2935777306556701,0.5526057481765747,0.2928432524204254,0.7067819833755493,0.4485376179218292,0.5100207328796387,0.4692027568817138,0.8642693161964417,0.5223137736320496,0.3634268343448639,0.5259266495704651,0.862551212310791,0.3518574237823486,0.1833049058914184,0.574059784412384,0.6678500771522522,0.8149929046630859,0.5397246479988098,0.8176236152648926,0.0,0.0,0.0,0.0,0.0,0.0,0.0,0.0,0.6077765226364136,0.4577775299549103
0.6054936051368713,0.2772818207740783,0.6281777024269104,0.2541331946849823,0.5870044827461243,0.2516451776027679,0.6613842844963074,0.2902534902095794,0.5603583455085754,0.2839296460151672,0.7181335687637329,0.4468902051448822,0.5237110257148743,0.4662396311759949,0.8696878552436829,0.5209190249443054,0.3777524828910827,0.5024792551994324,0.8552407622337341,0.349970668554306,0.1875832080841064,0.5206742882728577,0.6809971928596497,0.8329687714576721,0.5521047711372375,0.831086277961731,0.0,0.0,0.0,0.0,0.0,0.0,0.0,0.0,0.6169806718826294,0.4552282989025116
0.6103020906448364,0.276970237493515,0.6317318677902222,0.2519973516464233,0.591474175453186,0.251312643289566,0.6669811606407166,0.2847199738025665,0.5654157996177673,0.2831050753593445,0.7269689440727234,0.4454053044319153,0.5329592823982239,0.4651355743408203,0.8835347890853882,0.5324875712394714,0.3890097439289093,0.4879283607006073,0.8763360977172852,0.3694797456264496,0.1897275000810623,0.4784152209758758,0.694840133190155,0.8499240875244141,0.5637525916099548,0.8483530879020691,0.0,0.0,0.0,0.0,0.0,0.0,0.0,0.0,0.628864586353302,0.4540424942970276
0.6134338974952698,0.2752880454063415,0.635403037071228,0.2490499466657638,0.5933741331100464,0.250028133392334,0.6701977849006653,0.2799830734729767,0.5671862363815308,0.2819134593009949,0.7280462384223938,0.4348151683807373,0.5322974920272827,0.4590114653110504,0.8897783160209656,0.5056588053703308,0.3923770785331726,0.4833009541034698,0.8665841817855835,0.3356111347675323,0.1867225915193557,0.4725022315979004,0.6977270841598511,0.8531726598739624,0.5632373690605164,0.8517884016036987,0.0,0.0,0.0,0.0,0.0,0.0,0.0,0.0,0.6301750540733337,0.4469090104103088
0.5963858962059021,0.2739432454109192,0.6187025308609009,0.2539751231670379,0.5772618651390076,0.2510141432285309,0.6498087644577026,0.2902589440345764,0.5502973794937134,0.2862758040428161,0.7021505236625671,0.4386167824268341,0.5041462779045105,0.4572944343090057,0.8629743456840515,0.5115677714347839,0.355570524930954,0.4890813529491424,0.8365483283996582,0.334787905216217,0.1664663106203079,0.4905545115470886,0.6653998494148254,0.8333836197853088,0.5300570130348206,0.8282384872436523,0.0,0.0,0.0,0.0,0.0,0.0,0.0,0.0,0.602380633354187,0.4479961097240448
0.5570595264434814,0.2802510559558868,0.5811049342155457,0.2575912475585937,0.5389872789382935,0.2573166787624359,0.6132929921150208,0.295497179031372,0.518113374710083,0.290664404630661,0.6636480093002319,0.4432833790779114,0.47798752784729,0.4623097479343414,0.8194246888160706,0.51451575756073,0.3300285935401916,0.4921512305736542,0.9084572792053224,0.3399736285209656,0.1332438886165619,0.4948552548885345,0.6212868690490723,0.8329838514328003,0.4946116507053375,0.8311554193496704,0.0,0.0,0.0,0.0,0.0,0.0,0.0,0.0,0.5704619288444519,0.451044887304306
0.5276220440864563,0.2955254912376404,0.550491213798523,0.2714167535305023,0.5110984444618225,0.2704786956310272,0.585250735282898,0.3034628331661224,0.4902178347110748,0.2984314858913421,0.6338543891906738,0.4576904773712158,0.443438857793808,0.4721949994564056,0.7826709747314453,0.5424697995185852,0.2958536446094513,0.4918570518493652,0.844325602054596,0.3873159289360046,0.1028670892119407,0.4911307692527771,0.5879513025283813,0.8311402201652527,0.4627301096916199,0.832024097442627,0.0,0.0,0.0,0.0,0.0,0.0,0.0,0.0,0.5416543483734131,0.4614866077899933
0.5218393802642822,0.302042156457901,0.5436306595802307,0.2802221179008484,0.506245493888855,0.2774380147457123,0.5758389234542847,0.3155171275138855,0.4842029213905334,0.3063869774341583,0.6211588978767395,0.463654100894928,0.4359729886054992,0.4703152477741241,0.7720403075218201,0.5503929257392883,0.2902107834815979,0.4919444918632507,0.7529253959655762,0.3894134163856506,0.0954504013061523,0.4904949367046356,0.5765970945358276,0.8312413096427917,0.4551242291927337,0.8299819827079773,0.0,0.0,0.0,0.0,0.0,0.0,0.0,0.0,0.5299912691116333,0.4638571441173553
0.5204251408576965,0.3087509274482727,0.5429887175559998,0.2875523567199707,0.5039176940917969,0.2843078970909118,0.5720529556274414,0.3194949030876159,0.4791519939899444,0.3107326030731201,0.6127991676330566,0.467663049697876,0.4320754408836365,0.4721164107322693,0.7655459642410278,0.5503653287887573,0.2810380756855011,0.4950526058673858,0.7181674242019653,0.3965749442577362,0.0949648767709732,0.496654063463211,0.5696450471878052,0.8274995684623718,0.4514947831630707,0.827823281288147,0.0,0.0,0.0,0.0,0.0,0.0,0.0,0.0,0.5225006937980652,0.466606467962265
0.519267201423645,0.3102441132068634,0.5407375693321228,0.2887317538261413,0.5015967488288879,0.2862061560153961,0.5692204833030701,0.3197211623191833,0.4758427441120147,0.3118142783641815,0.6127738952636719,0.4670413136482239,0.4233424663543701,0.471904993057251,0.7546241879463196,0.5508597493171692,0.2779726088047027,0.4966044127941131,0.7460479140281677,0.3956815600395202,0.0941468030214309,0.4992414116859436,0.5688751339912415,0.831194281578064,0.4501014053821563,0.8305597901344299,0.0,0.0,0.0,0.0,0.0,0.0,0.0,0.0,0.5179241299629211,0.4663802683353424
0.5226753950119019,0.3168461620807647,0.5429195761680603,0.2953535914421081,0.5035938620567322,0.2933642566204071,0.5710883736610413,0.3243641853332519,0.4769335389137268,0.3194442689418793,0.6159100532531738,0.4716264307498932,0.4261234104633331,0.475896418094635,0.7515420317649841,0.5543175935745239,0.2793275713920593,0.4992170035839081,0.7945607900619507,0.4113127291202545,0.0984602719545364,0.5055848360061646,0.5707002282142639,0.8281781077384949,0.4537997543811798,0.8284448385238647,0.0,0.0,0.0,0.0,0.0,0.0,0.0,0.0,0.5204206109046936,0.4708052575588226
0.5355742573738098,0.3163254857063293,0.5556016564369202,0.2943106293678283,0.5156506299972534,0.2949641048908233,0.5841206908226013,0.323248416185379,0.4908685386180877,0.3200996518135071,0.6285629272460938,0.4704878628253937,0.444465160369873,0.4767560660839081,0.7632240653038025,0.5624149441719055,0.2965511679649353,0.4982666969299316,0.7979028820991516,0.4202653467655182,0.1200091913342475,0.5024380683898926,0.5870538949966431,0.8291175961494446,0.467711478471756,0.8203679323196411,0.0,0.0,0.0,0.0,0.0,0.0,0.0,0.0,0.5394659638404846,0.4703290462493896
0.551571249961853,0.311894029378891,0.5713098049163818,0.2871362566947937,0.5308315753936768,0.2907507121562958,0.6023433804512024,0.3156702220439911,0.5088103413581848,0.3188318908214569,0.6467494368553162,0.4704245924949646,0.4664620459079742,0.4694537222385406,0.7839727997779846,0.5612841844558716,0.3211362659931183,0.494742602109909,0.7780542373657227,0.4103780388832092,0.148832231760025,0.4919554889202118,0.6039233207702637,0.8366982340812683,0.4826615750789642,0.833635687828064,0.0,0.0,0.0,0.0,0.0,0.0,0.0,0.0,0.555871844291687,0.4661207199096679
0.5766021013259888,0.3106938302516937,0.5969998240470886,0.2852113544940948,0.5575534701347351,0.2881221771240234,0.6305112242698669,0.3184687495231628,0.5335914492607117,0.3199061751365661,0.66325843334198,0.4701249897480011,0.492713987827301,0.4648698270320892,0.8062244653701782,0.5665802359580994,0.364515870809555,0.4823398888111114,0.7664927840232849,0.4167828857898712,0.1699732691049575,0.456043004989624,0.6329016089439392,0.8283873796463013,0.5147948861122131,0.8117580413818359,0.0,0.0,0.0,0.0,0.0,0.0,0.0,0.0,0.5791023373603821,0.4656218588352203
0.599310040473938,0.316596120595932,0.6178807616233826,0.2921030223369598,0.5786383748054504,0.2938666939735412,0.6483439207077026,0.3185018599033355,0.5524424910545349,0.3247707486152649,0.6931584477424622,0.473852127790451,0.511816680431366,0.4785574078559875,0.8295387625694275,0.5641083121299744,0.3764854371547699,0.5010806918144226,0.8220449686050415,0.414179652929306,0.2019509971141815,0.5031214356422424,0.6572884321212769,0.8172814249992371,0.5380183458328247,0.8169605135917664,0.0,0.0,0.0,0.0,0.0,0.0,0.0,0.0,0.6032391786575317,0.475358247756958
0.6105953454971313,0.3204488456249237,0.6278221011161804,0.2969489395618438,0.589202880859375,0.2976110577583313,0.6526317000389099,0.3231372535228729,0.5581122636795044,0.3273883759975433,0.7015379071235657,0.4739670753479004,0.5167239308357239,0.4862886369228363,0.8388566970825195,0.5596057772636414,0.3731939196586609,0.5232169032096863,0.8536266088485718,0.4165481626987457,0.2042717784643173,0.542913556098938,0.6693798303604126,0.8457331657409668,0.5439870357513428,0.8444267511367798,0.0,0.0,0.0,0.0,0.0,0.0,0.0,0.0,0.6097854971885681,0.4793593287467956
0.6106763482093811,0.3251731097698211,0.6284356117248535,0.3006051480770111,0.5900745987892151,0.3013059496879577,0.6537544131278992,0.3256733417510986,0.5607916712760925,0.3302071988582611,0.7022975087165833,0.4745749533176422,0.5222324728965759,0.4883986413478851,0.8389161229133606,0.5586606860160828,0.3785155415534973,0.531460165977478,0.8740588426589966,0.4198610186576843,0.2130880504846573,0.5562377572059631,0.6706246137619019,0.8341754078865051,0.5469217300415039,0.8462273478507996,0.0,0.0,0.0,0.0,0.0,0.0,0.0,0.0,0.6117199659347534,0.4808376431465149
0.6010258793830872,0.3267792165279388,0.6199771165847778,0.302174299955368,0.581387996673584,0.3024826347827911,0.6486259698867798,0.3299635052680969,0.5546833276748657,0.3307149410247803,0.6921336054801941,0.4771814048290252,0.5147623419761658,0.4880257546901703,0.8292557001113892,0.5615696310997009,0.3732520043849945,0.5264315009117126,0.8203439116477966,0.4117486178874969,0.2061870843172073,0.5486599206924438,0.6580969095230103,0.835412323474884,0.537319540977478,0.833604633808136,0.0,0.0,0.0,0.0,0.0,0.0,0.0,0.0,0.6055404543876648,0.4825765490531921
0.5864179730415344,0.3225066661834717,0.6077771186828613,0.3003288805484772,0.5676277279853821,0.2988901436328888,0.6346262693405151,0.332792192697525,0.5423908829689026,0.3277910053730011,0.6677344441413879,0.4752969741821289,0.4965290129184723,0.4839359223842621,0.8145785927772522,0.5601274371147156,0.3652546405792236,0.5254380106925964,0.7726836800575256,0.4257922172546386,0.1982641965150833,0.5520821213722229,0.6396231055259705,0.8255497217178345,0.52489173412323,0.814636766910553,0.0,0.0,0.0,0.0,0.0,0.0,0.0,0.0,0.5846154093742371,0.4799551665782928
0.5626080632209778,0.3253116309642792,0.5841693878173828,0.3029771447181701,0.5453698039054871,0.3010754585266113,0.6141440272331238,0.3342275619506836,0.523248016834259,0.3278194069862366,0.6561117172241211,0.4749965667724609,0.4846864342689514,0.4808397889137268,0.7989007234573364,0.5615853667259216,0.3494963347911834,0.5313096642494202,0.763530433177948,0.4059751629829407,0.1812056750059127,0.5666505098342896,0.6180909872055054,0.8292909860610962,0.4988384544849396,0.8261300325393677,0.0,0.0,0.0,0.0,0.0,0.0,0.0,0.0,0.570530116558075,0.4782654643058777
0.5457783341407776,0.3252782225608825,0.5666324496269226,0.3039087355136871,0.5285732746124268,0.3019217848777771,0.596381664276123,0.3341170847415924,0.5063787698745728,0.326383501291275,0.6403378248214722,0.4743150770664215,0.4635427892208099,0.484173983335495,0.7815042734146118,0.5685609579086304,0.3167948722839355,0.5428553819656372,0.7915993332862854,0.4197138845920563,0.1588685065507888,0.5818477869033813,0.599678635597229,0.8317753076553345,0.4814682900905609,0.8304814100265503,0.0,0.0,0.0,0.0,0.0,0.0,0.0,0.0,0.5530067086219788,0.4759387671947479
0.5171115398406982,0.3269455432891845,0.539475679397583,0.3067305982112884,0.5020061135292053,0.3047449290752411,0.5711838006973267,0.3384800553321838,0.4804998934268951,0.3304194509983063,0.6187687516212463,0.4779319167137146,0.4370975494384765,0.4945245385169983,0.7467036843299866,0.5805801153182983,0.2917021214962005,0.5527806878089905,0.8264803290367126,0.4347112774848938,0.1300212144851684,0.6024869084358215,0.5682165026664734,0.832362711429596,0.4581172168254852,0.8311305642127991,0.0,0.0,0.0,0.0,0.0,0.0,0.0,0.0,0.5277289152145386,0.4857567846775055
0.5071766376495361,0.3295571208000183,0.5295689105987549,0.3089076578617096,0.4916043579578399,0.3060490190982818,0.5629640817642212,0.3378675580024719,0.4710049331188202,0.3301640450954437,0.6091135740280151,0.4855250716209411,0.4244605898857116,0.493473619222641,0.7338137030601501,0.5904881358146667,0.280243843793869,0.5581414699554443,0.7888720631599426,0.4422783851623535,0.1221491545438766,0.6103245615959167,0.5538301467895508,0.8323360085487366,0.4442601203918457,0.8317192792892456,0.0,0.0,0.0,0.0,0.0,0.0,0.0,0.0,0.5151025056838989,0.4883130490779876
0.5063928961753845,0.3293390274047851,0.5278662443161011,0.3102612495422363,0.4906005561351776,0.3073663711547851,0.5580615401268005,0.3406629860401153,0.4684382975101471,0.332874596118927,0.599851667881012,0.4873850047588348,0.4194233417510986,0.4927485287189483,0.7259568572044373,0.5884053111076355,0.2727929651737213,0.562561571598053,0.7399964332580566,0.4346494078636169,0.114111877977848,0.6234164834022522,0.5499212741851807,0.8336420655250549,0.438267320394516,0.8318228125572205,0.0,0.0,0.0,0.0,0.0,0.0,0.0,0.0,0.5088649392127991,0.4881981313228607
0.5081913471221924,0.3277017176151275,0.5291709303855896,0.3068152368068695,0.49201101064682,0.3049407303333282,0.5612828731536865,0.3348181247711181,0.470438539981842,0.3302105367183685,0.6049301028251648,0.485228955745697,0.4229784905910492,0.4942774474620819,0.7334750294685364,0.5850493311882019,0.2755388021469116,0.5732226967811584,0.7135782837867737,0.4277456104755401,0.1263637095689773,0.6368393898010254,0.559664249420166,0.8300325274467468,0.4491572380065918,0.8283005356788635,0.0,0.0,0.0,0.0,0.0,0.0,0.0,0.0,0.5143056511878967,0.4879639744758606
0.520814061164856,0.3198990225791931,0.5393982529640198,0.3000396192073822,0.5037004351615906,0.2993674278259277,0.5677772164344788,0.3316686749458313,0.4810371398925781,0.3286604583263397,0.6158797144889832,0.4760125279426574,0.4344828128814697,0.4912292659282684,0.7459596395492554,0.5754769444465637,0.2804178595542907,0.578769862651825,0.7547371983528137,0.4142516255378723,0.1319807916879654,0.6433926820755005,0.5839748978614807,0.8304542303085327,0.4656028151512146,0.8333478569984436,0.0,0.0,0.0,0.0,0.0,0.0,0.0,0.0,0.5263962149620056,0.4817092418670654
0.5337819457054138,0.3079253733158111,0.5544160604476929,0.2861354053020477,0.515626072883606,0.2875539362430572,0.5870360732078552,0.3178172707557678,0.4948553442955017,0.3193556368350982,0.6346341371536255,0.471442312002182,0.453732281923294,0.4863471984863281,0.7689737677574158,0.5727961659431458,0.3081044256687164,0.5708549618721008,0.821830689907074,0.4217325150966644,0.1497438251972198,0.6397948265075684,0.6027191281318665,0.8322269320487976,0.4807969629764557,0.84693843126297,0.0,0.0,0.0,0.0,0.0,0.0,0.0,0.0,0.5469290614128113,0.4768001139163971
0.5459379553794861,0.3068141937255859,0.567866325378418,0.281466543674469,0.5276637673377991,0.2853395044803619,0.6050043106079102,0.3129234313964844,0.5077003836631775,0.3174531757831573,0.6523948907852173,0.4718568921089172,0.4699150025844574,0.4824372828006744,0.7838526964187622,0.5801550149917603,0.3269186615943908,0.5678807497024536,0.8607589602470398,0.4329063296318054,0.1637580692768097,0.6377574801445007,0.6169546842575073,0.8346917033195496,0.4945948421955108,0.8365122675895691,0.0,0.0,0.0,0.0,0.0,0.0,0.0,0.0,0.5614557862281799,0.4764277637004852
0.5581308007240295,0.3038672506809234,0.5815157294273376,0.2784813344478607,0.5411767363548279,0.2809461951255798,0.6217804551124573,0.3098811507225036,0.5235308408737183,0.3124422132968902,0.6668877601623535,0.4733265042304992,0.4801171422004699,0.4861131012439728,0.7986648678779602,0.5828136801719666,0.3440654277801513,0.5654539465904236,0.8340936899185181,0.4172890782356262,0.1691924035549163,0.639053225517273,0.6332573890686035,0.831863522529602,0.5067374110221863,0.8332111239433289,0.0,0.0,0.0,0.0,0.0,0.0,0.0,0.0,0.5753243565559387,0.4789009690284729
0.5755847096443176,0.3053860366344452,0.5974937081336975,0.279600441455841,0.5587043166160583,0.2819597721099853,0.6355836987495422,0.3120930194854736,0.537929117679596,0.3138668835163116,0.6753243207931519,0.4718519151210785,0.4921918511390686,0.4858906865119934,0.8181038498878479,0.5811747312545776,0.3633897304534912,0.5591554045677185,0.7936645150184631,0.4104791581630707,0.1887166500091552,0.6378058791160583,0.6498669385910034,0.8312469124794006,0.5241602063179016,0.8328047394752502,0.0,0.0,0.0,0.0,0.0,0.0,0.0,0.0,0.587164044380188,0.4780074059963226
0.587065577507019,0.3026182055473327,0.6081668138504028,0.2772471010684967,0.5676339864730835,0.2800586819648742,0.644082248210907,0.3062098324298858,0.5462166666984558,0.311096727848053,0.6927010416984558,0.4692880511283874,0.5048688054084778,0.4845609962940216,0.835804283618927,0.5759673714637756,0.3680886626243591,0.5593116283416748,0.8069881796836853,0.4237315952777862,0.1990267932415008,0.6377778649330139,0.6614275574684143,0.8304943442344666,0.5314306020736694,0.8444370627403259,0.0,0.0,0.0,0.0,0.0,0.0,0.0,0.0,0.601122260093689,0.4760458767414093
0.5934255719184875,0.302110344171524,0.6135428547859192,0.2743326723575592,0.574417233467102,0.2786562144756317,0.6522029638290405,0.297414481639862,0.554268479347229,0.3091980814933777,0.7123585939407349,0.4695641696453094,0.5177258253097534,0.4867385923862457,0.8560822606086731,0.5702449083328247,0.3775321841239929,0.5593622922897339,0.8798670172691345,0.419015109539032,0.207680806517601,0.6364516615867615,0.673507809638977,0.8433865308761597,0.5447112321853638,0.8464488983154297,0.0,0.0,0.0,0.0,0.0,0.0,0.0,0.0,0.6143836379051208,0.476370245218277
0.5979415774345398,0.3034039437770843,0.6181570291519165,0.2749694883823395,0.5778124928474426,0.2807530462741852,0.6585056185722351,0.2957481443881988,0.5582351684570312,0.3122728765010834,0.7191728353500366,0.4651746749877929,0.5264477133750916,0.4863271117210388,0.8625346422195435,0.5662074685096741,0.3801268637180328,0.574045717716217,0.8924064040184021,0.4142075479030609,0.2186296880245208,0.6587967872619629,0.6807125806808472,0.8465158343315125,0.5550122857093811,0.8508850336074829,0.0,0.0,0.0,0.0,0.0,0.0,0.0,0.0,0.6206779479980469,0.4733324646949768
0.6101996302604675,0.3051160275936126,0.6311475038528442,0.2775081396102905,0.5906368494033813,0.2812128663063049,0.6681105494499207,0.3070182800292969,0.5671588182449341,0.3171201646327972,0.7290974855422974,0.4605812132358551,0.5320399403572083,0.4940687716007232,0.8804096579551697,0.5357273817062378,0.392195850610733,0.6047395467758179,0.8698143362998962,0.3716073334217071,0.2420322746038437,0.7115669846534729,0.6891299486160278,0.8513169884681702,0.5625782608985901,0.8652901649475098,0.0,0.0,0.0,0.0,0.0,0.0,0.0,0.0,0.6301594972610474,0.4746630489826202
0.5736502408981323,0.3042949140071869,0.5969591736793518,0.2808603644371032,0.5572701096534729,0.2759342789649963,0.6281659007072449,0.316639631986618,0.5316850543022156,0.302221804857254,0.6630036234855652,0.4599592983722687,0.4725333750247955,0.4931597411632538,0.825364887714386,0.4945745170116424,0.3681216537952423,0.6547962427139282,0.8212509155273438,0.3145592808723449,0.23972849547863,0.8151100277900696,0.6262585520744324,0.8474326729774475,0.4973981976509094,0.847325325012207,0.0,0.0,0.0,0.0,0.0,0.0,0.0,0.0,0.5700190663337708,0.4773010909557342
0.5413200259208679,0.2981240153312683,0.5661283731460571,0.2783179879188537,0.5235466361045837,0.2735741138458252,0.5945348739624023,0.3198362290859222,0.4960519671440124,0.3079403042793274,0.6321436166763306,0.4602179527282715,0.44022998213768,0.4906878769397735,0.786465048789978,0.515071451663971,0.3296807408332824,0.6721864938735962,0.7924961447715759,0.3596345782279968,0.2067127078771591,0.8327940702438354,0.5953380465507507,0.8450393080711365,0.46879643201828,0.8351064324378967,0.0,0.0,0.0,0.0,0.0,0.0,0.0,0.0,0.5381885170936584,0.471741110086441
0.5140002965927124,0.3043785691261291,0.5364953875541687,0.2841500341892242,0.4970479309558868,0.2787654101848602,0.5647354125976562,0.3219968676567077,0.4695613980293274,0.3070905804634094,0.6053723096847534,0.4641427993774414,0.413899153470993,0.4879079163074493,0.7481123208999634,0.5059906840324402,0.2970775067806244,0.6684890985488892,0.7312923073768616,0.3339081704616546,0.1690299659967422,0.8261507153511047,0.5632182359695435,0.8357781767845154,0.444617211818695,0.8338413238525391,0.0,0.0,0.0,0.0,0.0,0.0,0.0,0.0,0.5097223520278931,0.4724428951740265
0.4879524111747741,0.306557148694992,0.5081068277359009,0.2855406105518341,0.4699283242225647,0.2787202894687652,0.5292376279830933,0.3187353909015655,0.4383747577667236,0.3040843605995178,0.5660012364387512,0.466268241405487,0.3782511055469513,0.4889114499092102,0.7093982696533203,0.5083877444267273,0.2657884061336517,0.6540903449058533,0.6987149119377136,0.3458943665027618,0.1297495663166046,0.8111525177955627,0.5296409726142883,0.8438209295272827,0.4076761901378631,0.8456120491027832,0.0,0.0,0.0,0.0,0.0,0.0,0.0,0.0,0.4724463522434234,0.4743609130382538
0.4781655669212341,0.3088336288928985,0.5002220273017883,0.2871522903442383,0.4615636467933655,0.2785013020038605,0.5253371596336365,0.3206823766231537,0.4327282309532165,0.3021053373813629,0.5625376105308533,0.4679167568683624,0.3728659152984619,0.4868063330650329,0.7046869993209839,0.5259145498275757,0.2598636746406555,0.6458457708358765,0.717860221862793,0.3684137761592865,0.1157273203134536,0.8084151148796082,0.523621141910553,0.847321629524231,0.398968368768692,0.8472863435745239,0.0,0.0,0.0,0.0,0.0,0.0,0.0,0.0,0.4682751595973968,0.4747631251811981
0.4798701107501983,0.3007002770900726,0.5029416680335999,0.2783577442169189,0.4621789455413818,0.2741664946079254,0.5331495404243469,0.3136098682880401,0.4374478459358215,0.3007500469684601,0.5749565958976746,0.46307572722435,0.3831111788749695,0.4793806672096252,0.7203754186630249,0.5243029594421387,0.2412844598293304,0.5832924246788025,0.7456008791923523,0.3595030605792999,0.0507728867232799,0.6989889740943909,0.5262748599052429,0.8340717554092407,0.4024310410022735,0.8309765458106995,0.0,0.0,0.0,0.0,0.0,0.0,0.0,0.0,0.4788767695426941,0.4693184792995453
0.4961268007755279,0.2921024262905121,0.5186463594436646,0.2690490186214447,0.4769991338253021,0.2693959474563598,0.5513206720352173,0.3031920790672302,0.4552398025989532,0.3033563792705536,0.6009607315063477,0.4637961983680725,0.4048100113868713,0.4687456488609314,0.7390325665473938,0.5388880372047424,0.2424826771020889,0.5345603227615356,0.7448326945304871,0.3770982921123504,0.047586228698492,0.598227858543396,0.5452764630317688,0.8316360712051392,0.4223786294460296,0.8302325010299683,0.0,0.0,0.0,0.0,0.0,0.0,0.0,0.0,0.5032569766044617,0.4643190503120422
0.520948052406311,0.2836703956127167,0.541631817817688,0.2623505890369415,0.502704381942749,0.261621356010437,0.5731703639030457,0.3047111928462982,0.4796720147132873,0.2965637147426605,0.6173757910728455,0.4574879705905914,0.4292965233325958,0.4605094790458679,0.7624229788780212,0.5398418307304382,0.2682578265666961,0.4926393330097198,0.7686072587966919,0.3836400806903839,0.0742424726486206,0.514888346195221,0.5764937996864319,0.828144907951355,0.4552012085914612,0.8297486305236816,0.0,0.0,0.0,0.0,0.0,0.0,0.0,0.0,0.5247347354888916,0.4557293355464935
0.5455265641212463,0.271414965391159,0.5699552893638611,0.2462650835514068,0.5248981714248657,0.2494019418954849,0.6044333577156067,0.2913043200969696,0.5009710788726807,0.2906835377216339,0.6467717885971069,0.4478781819343567,0.4605588614940643,0.4518523514270782,0.7908220291137695,0.5283722281455994,0.306400716304779,0.4693087637424469,0.8169123530387878,0.3642095029354095,0.0993798896670341,0.4510636329650879,0.6128936409950256,0.8473041653633118,0.478149950504303,0.8629187941551208,0.0,0.0,0.0,0.0,0.0,0.0,0.0,0.0,0.5528981685638428,0.4489153027534485
0.5627709031105042,0.2635613977909088,0.5867161750793457,0.2399010956287384,0.5425050854682922,0.2420324981212616,0.622958242893219,0.2786349356174469,0.5218561887741089,0.2804901897907257,0.6684738397598267,0.4439810812473297,0.4762120842933655,0.4456655085086822,0.8141946792602539,0.5291229486465454,0.3155930638313293,0.4624311625957489,0.8253546357154846,0.3577753007411957,0.1435800343751907,0.4358510076999664,0.6342434883117676,0.8360193967819214,0.4985243678092956,0.8452526926994324,0.0,0.0,0.0,0.0,0.0,0.0,0.0,0.0,0.5724452137947083,0.44380983710289
0.5897660851478577,0.2597964107990265,0.6109710931777954,0.2339269667863845,0.5678659677505493,0.2376736402511596,0.6452716588973999,0.2700571715831756,0.5424445867538452,0.275498479604721,0.6941534280776978,0.4369206130504608,0.4963521659374237,0.4427102208137512,0.8571024537086487,0.4978789985179901,0.3342568874359131,0.4633428156375885,0.8574970960617065,0.3226330578327179,0.1502201557159423,0.438622236251831,0.6626079678535461,0.8649593591690063,0.5220097899436951,0.8504194617271423,0.0,0.0,0.0,0.0,0.0,0.0,0.0,0.0,0.5950273275375366,0.4390594959259033
0.5890427827835083,0.2560588717460632,0.6101952791213989,0.2292305082082748,0.5681189894676208,0.2330345958471298,0.6445437669754028,0.2644889950752258,0.5426884889602661,0.2704125940799713,0.6950119733810425,0.4367413520812988,0.495669811964035,0.4410482048988342,0.8597870469093323,0.5034846663475037,0.3326384723186493,0.4627852141857147,0.8808284997940063,0.3194122910499573,0.150304228067398,0.4415343701839447,0.6633561849594116,0.8672432899475098,0.5221651792526245,0.8531314730644226,0.0,0.0,0.0,0.0,0.0,0.0,0.0,0.0,0.5954154133796692,0.4388366639614105
0.5711358785629272,0.2522557377815246,0.594782292842865,0.2276248931884765,0.5511614680290222,0.2285992950201034,0.631088137626648,0.2618584036827087,0.5265791416168213,0.2628234326839447,0.6789287328720093,0.4364316165447235,0.4794302582740783,0.4362179934978485,0.8295686841011047,0.550454318523407,0.3155170083045959,0.4601943492889404,0.8107928037643433,0.3979718089103699,0.1298311799764633,0.4369387030601501,0.6382346749305725,0.8479008078575134,0.4962781965732574,0.8470443487167358,0.0,0.0,0.0,0.0,0.0,0.0,0.0,0.0,0.5792222619056702,0.4335840344429016
0.5489476323127747,0.2564937472343445,0.5740650296211243,0.2302536070346832,0.529716432094574,0.2304905503988266,0.6102140545845032,0.2716343104839325,0.5056300163269043,0.2640045285224914,0.6559489965438843,0.4370694458484649,0.4661736488342285,0.43762868642807,0.8121821284294128,0.5382319688796997,0.3022341132164001,0.4605616629123688,0.7701758742332458,0.381059467792511,0.1099079698324203,0.4401921331882477,0.6135261654853821,0.8527687788009644,0.4752723574638366,0.8521937131881714,0.0,0.0,0.0,0.0,0.0,0.0,0.0,0.0,0.5603578686714172,0.4354983270168304
0.5196900963783264,0.2605541944503784,0.5427380204200745,0.2335271537303924,0.4999399185180664,0.2377418726682663,0.5807636976242065,0.2669970095157623,0.4778875708580017,0.2734420597553253,0.6332815885543823,0.4370291531085968,0.4307248294353485,0.4446738064289093,0.7973487973213196,0.5150743722915649,0.2629642188549042,0.4679962992668152,0.8473750948905945,0.3472431600093841,0.06682650744915,0.4576087892055511,0.5819209218025208,0.8481192588806152,0.446171373128891,0.850875735282898,0.0,0.0,0.0,0.0,0.0,0.0,0.0,0.0,0.5348819494247437,0.4397659599781036
0.5001860857009888,0.2649066150188446,0.522976279258728,0.2367072403430938,0.480247437953949,0.2406603246927261,0.5635020732879639,0.2661409974098205,0.4614012539386749,0.277039498090744,0.6196179986000061,0.4357053339481354,0.4160073399543762,0.4518879055976867,0.7826515436172485,0.5126246213912964,0.2557775676250458,0.4715682566165924,0.8842116594314575,0.3382050991058349,0.058938093483448,0.4643230140209198,0.5626506209373474,0.8495495915412903,0.4271840453147888,0.8623169660568237,0.0,0.0,0.0,0.0,0.0,0.0,0.0,0.0,0.5178846120834351,0.4419480860233307
0.4840140342712402,0.2697694599628448,0.5087056756019592,0.2423975318670272,0.464895635843277,0.2444572150707245,0.5502687692642212,0.2749713361263275,0.4456993043422699,0.2805370390415191,0.6077942848205566,0.4441334903240204,0.4059188663959503,0.4564229547977447,0.7675359845161438,0.5292123556137085,0.2397710531949997,0.4696396291255951,0.8388489484786987,0.3545030653476715,0.0461615398526191,0.4607608616352081,0.5449145436286926,0.8461540937423706,0.4092462062835693,0.8446622490882874,0.0,0.0,0.0,0.0,0.0,0.0,0.0,0.0,0.5061225295066833,0.4489465057849884
0.48299640417099,0.2698567807674408,0.5086576342582703,0.244140014052391,0.4632459580898285,0.2457762509584427,0.548213541507721,0.2807399332523346,0.4434762895107269,0.2836901247501373,0.6004602313041687,0.4475277960300445,0.4052485823631286,0.4535292088985443,0.7576054930686951,0.5323511362075806,0.2379326969385147,0.4679422080516815,0.7689265012741089,0.3516629040241241,0.0394956357777118,0.4573799669742584,0.5387107133865356,0.8461992144584656,0.4031414687633514,0.8341947197914124,0.0,0.0,0.0,0.0,0.0,0.0,0.0,0.0,0.5015669465065002,0.4493802189826965
0.4814291596412658,0.273877888917923,0.5058650374412537,0.2465199381113052,0.460008829832077,0.2486307173967361,0.5430079698562622,0.2809934914112091,0.4379476606845855,0.2837788164615631,0.5927276611328125,0.4449585378170013,0.4010802209377289,0.4520017206668854,0.7492340803146362,0.5311141610145569,0.2404531240463256,0.4697578549385071,0.7178115248680115,0.3650714755058288,0.041471492499113,0.46039479970932,0.5320887565612793,0.8349219560623169,0.4003080427646637,0.8313234448432922,0.0,0.0,0.0,0.0,0.0,0.0,0.0,0.0,0.4944296479225158,0.4470957219600677
0.4777319431304931,0.2744292616844177,0.5014466047286987,0.2474348545074463,0.4564212262630462,0.2502540946006775,0.5375542044639587,0.2814458906650543,0.4329645335674286,0.2849762737751007,0.5839332342147827,0.4446825385093689,0.3958699107170105,0.4536713659763336,0.7400127649307251,0.526388943195343,0.2344035655260086,0.4718145430088043,0.7159462571144104,0.3652750849723816,0.0229753460735082,0.4674437940120697,0.5285510420799255,0.8335078358650208,0.3970619738101959,0.8299651741981506,0.0,0.0,0.0,0.0,0.0,0.0,0.0,0.0,0.4872500896453857,0.4475525021553039
0.4665114283561706,0.277068555355072,0.489919513463974,0.2498490661382675,0.4468131363391876,0.2516277134418487,0.5291057825088501,0.2824822664260864,0.4241077005863189,0.2833815217018127,0.5795789361000061,0.445332258939743,0.38687464594841,0.4552161693572998,0.7352479100227356,0.5181035995483398,0.2210428416728973,0.4746896624565124,0.7586264610290527,0.3493399322032928,0.0214892029762268,0.473693698644638,0.522859513759613,0.8334360122680664,0.3892315924167633,0.8296884894371033,0.0,0.0,0.0,0.0,0.0,0.0,0.0,0.0,0.4808878898620605,0.4493815302848816
0.4665704071521759,0.2790221273899078,0.4863249361515045,0.25143963098526,0.4438498318195343,0.2565122544765472,0.5233344435691833,0.2788919806480407,0.4201540946960449,0.2913045883178711,0.5761048197746277,0.4469447135925293,0.3850421011447906,0.4520686566829681,0.73443204164505,0.5172193050384521,0.2201708108186721,0.4731650650501251,0.8098483681678772,0.3587519824504852,0.0213950667530298,0.4658840298652649,0.519893229007721,0.8475170731544495,0.3864101469516754,0.8343619704246521,0.0,0.0,0.0,0.0,0.0,0.0,0.0,0.0,0.4785545170307159,0.4485507011413574
0.4687821567058563,0.2762345671653747,0.4904801547527313,0.2471661865711212,0.4467664361000061,0.2525853216648102,0.5309762358665466,0.2756476998329162,0.4247956573963165,0.2867043912410736,0.5846088528633118,0.44502654671669,0.3958194553852081,0.4526587128639221,0.738629162311554,0.5333384871482849,0.2351846545934677,0.4697510600090027,0.7701805233955383,0.3721015155315399,0.022726010531187,0.4613331854343414,0.5294603109359741,0.8309594392776489,0.3983241617679596,0.8273715972900391,0.0,0.0,0.0,0.0,0.0,0.0,0.0,0.0,0.4876501560211181,0.4482127726078033
0.4945205748081207,0.2617531716823578,0.5156961679458618,0.2343392074108123,0.4726389944553375,0.2392550557851791,0.5517305731773376,0.2673860192298889,0.450913518667221,0.2789094746112823,0.604266345500946,0.434902012348175,0.4105267524719238,0.4447150230407715,0.7665572762489319,0.5274225473403931,0.238569900393486,0.4681319892406463,0.719904363155365,0.3520789444446563,0.0459090732038021,0.4600849151611328,0.5587143898010254,0.8336819410324097,0.4259630739688873,0.8332144021987915,0.0,0.0,0.0,0.0,0.0,0.0,0.0,0.0,0.5079101920127869,0.4364358782768249
0.5009631514549255,0.2600754499435425,0.5223288536071777,0.229697123169899,0.4804126620292663,0.2365629971027374,0.5614587664604187,0.2567324042320251,0.4614266455173492,0.2733833491802215,0.6213348507881165,0.4320621788501739,0.420075386762619,0.4464282989501953,0.7838550806045532,0.5240709185600281,0.2461089193820953,0.4716169834136963,0.7457780838012695,0.3481540977954864,0.0472769327461719,0.4707461893558502,0.5809020400047302,0.8334633708000183,0.445008784532547,0.8464994430541992,0.0,0.0,0.0,0.0,0.0,0.0,0.0,0.0,0.5220521688461304,0.4358247220516205
0.5200813412666321,0.2509595155715942,0.5407301783561707,0.2214582413434982,0.4987299144268036,0.2291734367609024,0.5818567872047424,0.2541782855987549,0.4781514704227447,0.2726299166679382,0.645683765411377,0.4277230203151703,0.4371620118618011,0.4443913102149963,0.8108320236206055,0.5134174227714539,0.2600643634796142,0.4734384417533874,0.8304657340049744,0.3282685875892639,0.0618325695395469,0.4809480011463165,0.6022407412528992,0.8469132781028748,0.4608092308044433,0.8622501492500305,0.0,0.0,0.0,0.0,0.0,0.0,0.0,0.0,0.5439044237136841,0.4351654052734375
0.5333632230758667,0.2521882355213165,0.5538049936294556,0.2223083972930908,0.5116572976112366,0.2332219183444976,0.6000300645828247,0.2529216110706329,0.4944168627262115,0.2749997079372406,0.6658252477645874,0.4236628711223602,0.468064546585083,0.4465009570121765,0.8408920168876648,0.5066341757774353,0.307752400636673,0.4822838306427002,0.8902716040611267,0.31160569190979,0.0871094912290573,0.4882400929927826,0.6192167401313782,0.8483768105506897,0.4800646901130676,0.8492869138717651,0.0,0.0,0.0,0.0,0.0,0.0,0.0,0.0,0.5652929544448853,0.4339311122894287
0.5544707775115967,0.2614122927188873,0.5766850709915161,0.2281459420919418,0.5316820740699768,0.2398171722888946,0.6234918236732483,0.2495001852512359,0.514922559261322,0.2716963589191437,0.6927880644798279,0.4272860884666443,0.486316442489624,0.4438967406749725,0.870511531829834,0.51674884557724,0.333975613117218,0.4881034195423126,0.8896259069442749,0.3267305791378021,0.1200925782322883,0.5020040273666382,0.6371973752975464,0.8482692837715149,0.4966530203819275,0.8457398414611816,0.0,0.0,0.0,0.0,0.0,0.0,0.0,0.0,0.5872806310653687,0.4334301650524139
0.5827410817146301,0.2621761858463287,0.6054856181144714,0.2290074676275253,0.5628819465637207,0.2407432347536087,0.6552144885063171,0.2490380108356475,0.5470051765441895,0.2734703123569488,0.7235183715820312,0.4328593909740448,0.5199394226074219,0.4558446705341339,0.9055442810058594,0.5145247578620911,0.3640820682048797,0.5029647946357727,0.8612233400344849,0.3290397822856903,0.1662594974040985,0.535519540309906,0.6624013781547546,0.8659843802452087,0.5178421139717102,0.8479844927787781,0.0,0.0,0.0,0.0,0.0,0.0,0.0,0.0,0.6187613606452942,0.445131242275238
0.5930165648460388,0.2572688460350036,0.6160677671432495,0.2266312092542648,0.5747089385986328,0.2343986332416534,0.6666193008422852,0.251628577709198,0.5566737055778503,0.2709610760211944,0.7297279238700867,0.431208074092865,0.5260635614395142,0.4568154215812683,0.9210324287414552,0.5053103566169739,0.3714248239994049,0.5220370292663574,0.8997281789779663,0.3069093227386474,0.1847625523805618,0.5790093541145325,0.6653820276260376,0.8526782989501953,0.5264841318130493,0.8346773982048035,0.0,0.0,0.0,0.0,0.0,0.0,0.0,0.0,0.6255682110786438,0.4440301358699798
0.595697283744812,0.2551674246788025,0.6184579730033875,0.2269320338964462,0.5776501297950745,0.2326356619596481,0.6650705933570862,0.257985770702362,0.5584867596626282,0.2665139734745025,0.7241995930671692,0.4299226105213165,0.5246478915214539,0.4556689858436584,0.9211668968200684,0.4885677695274353,0.3797139227390289,0.5293918251991272,0.9381866455078124,0.2851292788982391,0.1847835481166839,0.5962619781494141,0.6633877754211426,0.8524764180183411,0.5249437093734741,0.8476833701133728,0.0,0.0,0.0,0.0,0.0,0.0,0.0,0.0,0.6219415068626404,0.4434681236743927
0.5938066244125366,0.2605164349079132,0.617302417755127,0.234135240316391,0.576478123664856,0.2375956624746322,0.6608148813247681,0.2662177681922912,0.5563136339187622,0.2717515826225281,0.720255434513092,0.4359988272190094,0.5169216394424438,0.4583661258220672,0.9026520848274232,0.5118018984794617,0.380049467086792,0.5276098847389221,0.9055177569389344,0.3262325823307037,0.1882867068052292,0.592968761920929,0.6614742875099182,0.8512665629386902,0.5272383093833923,0.8518165349960327,0.0,0.0,0.0,0.0,0.0,0.0,0.0,0.0,0.6161254048347473,0.4482426643371582
0.590499997138977,0.2739346027374267,0.6141906380653381,0.2479944974184036,0.5741539001464844,0.2482241839170456,0.6564123034477234,0.2774876952171325,0.5545001029968262,0.2771393358707428,0.7185778617858887,0.441061407327652,0.5136005878448486,0.4617941975593567,0.8917465209960938,0.5243314504623413,0.3784812986850738,0.5282458066940308,0.8348830938339233,0.3705668747425079,0.1976126432418823,0.5867778658866882,0.6587353348731995,0.8364353775978088,0.53121018409729,0.833814799785614,0.0,0.0,0.0,0.0,0.0,0.0,0.0,0.0,0.6139122247695923,0.4511752128601074
0.5904056429862976,0.2821564078330993,0.6141153573989868,0.2574429512023926,0.5727128982543945,0.2567512989044189,0.6539289355278015,0.2854003012180328,0.5503484010696411,0.284990906715393,0.7116039395332336,0.4421594142913818,0.511574923992157,0.4624170362949371,0.8799958229064941,0.5187385678291321,0.3806526660919189,0.5304155349731445,0.858288586139679,0.3498128950595855,0.2012325376272201,0.5913020968437195,0.655878484249115,0.8309593796730042,0.5305749177932739,0.8279939293861389,0.0,0.0,0.0,0.0,0.0,0.0,0.0,0.0,0.6107833981513977,0.4523219466209411
0.589698851108551,0.2873577773571014,0.6118775606155396,0.2630795240402221,0.5734189748764038,0.2603129744529724,0.6469250321388245,0.2913530468940735,0.5506100654602051,0.2851796746253967,0.7035742998123169,0.4408202171325683,0.5103265047073364,0.4617469310760498,0.8769038319587708,0.5047107338905334,0.3809817731380462,0.5306879878044128,0.9016590714454652,0.3368372917175293,0.2008264809846878,0.5927907228469849,0.6513188481330872,0.8283171653747559,0.5306257605552673,0.8267885446548462,0.0,0.0,0.0,0.0,0.0,0.0,0.0,0.0,0.6057689785957336,0.4516419470310211
0.5856472849845886,0.289590835571289,0.6086217761039734,0.2648667991161346,0.5706014037132263,0.2625150382518768,0.6432229280471802,0.2943225502967834,0.549127459526062,0.2862196266651153,0.6990267038345337,0.4422235786914825,0.5074421763420105,0.4637148082256317,0.8784736394882202,0.5001617670059204,0.381347119808197,0.5319243669509888,0.9371300339698792,0.3118364214897156,0.2008975744247436,0.5920277833938599,0.649509072303772,0.8181627988815308,0.5292425751686096,0.8247689008712769,0.0,0.0,0.0,0.0,0.0,0.0,0.0,0.0,0.6025466322898865,0.4524687230587005
0.5866253972053528,0.283052384853363,0.609856903553009,0.2605990767478943,0.5712974071502686,0.2573746740818023,0.6469408273696899,0.2943886220455169,0.5499959588050842,0.2845501899719238,0.7028810381889343,0.4403977394104004,0.5097514986991882,0.4623675644397735,0.8791971802711487,0.5106595158576965,0.38181072473526,0.5292249917984009,0.9058027863502502,0.3328188061714172,0.2041463553905487,0.5853914618492126,0.6490527987480164,0.8162681460380554,0.5298251509666443,0.8249726891517639,0.0,0.0,0.0,0.0,0.0,0.0,0.0,0.0,0.6050673723220825,0.4508466422557831
0.5942336916923523,0.2764748930931091,0.6179766058921814,0.2537040114402771,0.5792942047119141,0.2491472959518432,0.6570543646812439,0.2865698039531708,0.5584875345230103,0.2764995694160461,0.7099334001541138,0.4342662990093231,0.5198224782943726,0.4624862372875213,0.8870578408241272,0.5091996192932129,0.3850784301757812,0.5274553298950195,0.8621369004249573,0.3309174478054046,0.2057358771562576,0.5828858017921448,0.6609812378883362,0.8163663744926453,0.5336082577705383,0.8242104649543762,0.0,0.0,0.0,0.0,0.0,0.0,0.0,0.0,0.613552451133728,0.4484035074710846
0.6057430505752563,0.2656259536743164,0.6297048330307007,0.2438260018825531,0.5909295678138733,0.2403613626956939,0.6680734753608704,0.2805638611316681,0.5687932968139648,0.2695471346378326,0.7219557166099548,0.428373247385025,0.5316217541694641,0.4568589627742767,0.9059057235717772,0.5001348853111267,0.3890877068042755,0.5265564322471619,0.8471618294715881,0.3427008092403412,0.2062748223543167,0.5815998911857605,0.6737610101699829,0.8142342567443848,0.5488108396530151,0.8156024813652039,0.0,0.0,0.0,0.0,0.0,0.0,0.0,0.0,0.6251410841941833,0.4424435198307037
0.6138671040534973,0.2542842924594879,0.6384777426719666,0.2301020473241806,0.5969368815422058,0.2292854338884353,0.6813408732414246,0.2683101296424866,0.575194776058197,0.2579822242259979,0.7382424473762512,0.4195166528224945,0.5434932112693787,0.4560521245002746,0.9300774931907654,0.4929971992969513,0.3887844383716583,0.522997260093689,0.9006401300430298,0.2968572974205017,0.2076771408319473,0.5657899379730225,0.6882476210594177,0.8281437158584595,0.5588339567184448,0.8275076746940613,0.0,0.0,0.0,0.0,0.0,0.0,0.0,0.0,0.6390414237976074,0.4376788139343261
0.6191611289978027,0.2487395256757736,0.6449030041694641,0.2236401736736297,0.6016688942909241,0.2233738899230957,0.6882860064506531,0.261075496673584,0.5810157060623169,0.2526351809501648,0.7490856051445007,0.4142923951148987,0.545803427696228,0.455042690038681,0.9451173543930054,0.4941976368427276,0.3883714377880096,0.5083107352256775,0.9802485704421996,0.2816159427165985,0.2061946541070938,0.5403257608413696,0.698483943939209,0.8517642021179199,0.5653727650642395,0.8489507436752319,0.0,0.0,0.0,0.0,0.0,0.0,0.0,0.0,0.6475895047187805,0.4342923164367676
0.6200953125953674,0.2546087205410003,0.6462265849113464,0.225063294172287,0.6026749014854431,0.2289379388093948,0.6987981200218201,0.2530229687690735,0.5848480463027954,0.2548281848430633,0.7637945413589478,0.41349858045578,0.5575352311134338,0.4533023536205292,0.9575397372245787,0.5043309330940247,0.4131360352039337,0.4867812991142273,0.882637083530426,0.3264978229999542,0.2140705585479736,0.4873249232769012,0.7019730806350708,0.8822250962257385,0.561983048915863,0.8836186528205872,0.0,0.0,0.0,0.0,0.0,0.0,0.0,0.0,0.6587458848953247,0.4320206940174103
0.6015456318855286,0.2654156684875488,0.6260140538215637,0.2364190965890884,0.5844988822937012,0.2385476976633072,0.672261118888855,0.2591543793678283,0.5658451914787292,0.261170357465744,0.7318745255470276,0.4199954867362976,0.5408163666725159,0.4439680874347687,0.9209175705909728,0.4996921718120575,0.3923526406288147,0.4875664710998535,0.8538316488265991,0.3239215910434723,0.190462976694107,0.4871934056282043,0.6681023240089417,0.8682834506034851,0.53081214427948,0.8515798449516296,0.0,0.0,0.0,0.0,0.0,0.0,0.0,0.0,0.6335182785987854,0.4315674602985382
0.5655512809753418,0.2731359601020813,0.5909428000450134,0.2465335428714752,0.5510069131851196,0.2459509521722793,0.6376898884773254,0.2689352929592132,0.0,0.0,0.7002466320991516,0.4328866302967071,0.499333769083023,0.4575521349906921,0.8820844888687134,0.522031307220459,0.3523063659667969,0.4941855370998382,0.8653026223182678,0.3240689635276794,0.1636655628681183,0.4925571382045746,0.6264479756355286,0.8620201349258423,0.4936873018741607,0.8500387072563171,0.0,0.0,0.0,0.0,0.0,0.0,0.0,0.0,0.596773624420166,0.4429158270359039
0.5350790023803711,0.2810243368148803,0.5579879879951477,0.2549468278884887,0.5203047394752502,0.2573403716087341,0.6058109402656555,0.2795774340629577,0.504494309425354,0.2829615175724029,0.662966251373291,0.4425086379051208,0.4718240201473236,0.4659764468669891,0.8439468741416931,0.5409575700759888,0.3209106922149658,0.4917546212673187,0.8722203373908997,0.3574606776237488,0.1402280181646347,0.4798497855663299,0.584839403629303,0.8534778356552124,0.4637820124626159,0.8453698754310608,0.0,0.0,0.0,0.0,0.0,0.0,0.0,0.0,0.5656672716140747,0.4513349533081054
0.5036672949790955,0.2959690392017364,0.5266386270523071,0.2698498666286468,0.4888959228992462,0.2712532877922058,0.571273922920227,0.2931382060050964,0.47211554646492,0.2931951880455017,0.6220227479934692,0.4602200984954834,0.4378245174884796,0.4685067534446716,0.7862713932991028,0.5744948983192444,0.2936219573020935,0.4766834378242492,0.7771497368812561,0.4032769501209259,0.1142991706728935,0.4479548037052154,0.5486463904380798,0.851349413394928,0.4305321872234344,0.8350234627723694,0.0,0.0,0.0,0.0,0.0,0.0,0.0,0.0,0.5314657688140869,0.4598229229450226
0.4980364441871643,0.3024139106273651,0.5197471976280212,0.27801713347435,0.4806521534919739,0.2784412503242492,0.5572317838668823,0.3048660457134247,0.4611012637615204,0.3062602579593658,0.6087390184402466,0.4579888880252838,0.4251400828361511,0.4707703292369842,0.7689986824989319,0.5552762746810913,0.2904765009880066,0.4680823683738708,0.7366877794265747,0.3877792656421661,0.104220725595951,0.4218432605266571,0.5421656370162964,0.8494769930839539,0.4225426018238067,0.8431035280227661,0.0,0.0,0.0,0.0,0.0,0.0,0.0,0.0,0.5163782835006714,0.4604497849941253
0.4927463829517364,0.3116796314716339,0.5120751261711121,0.2850796282291412,0.474659115076065,0.2889979183673858,0.5493997931480408,0.3086526095867157,0.4574530124664306,0.3155269622802734,0.6099389791488647,0.4583621919155121,0.4243521690368652,0.4756322205066681,0.7666879296302795,0.5371965765953064,0.2915590405464172,0.4678265750408172,0.735238254070282,0.3778002262115478,0.1079865097999572,0.4130553901195526,0.5483771562576294,0.8333844542503357,0.4312200546264648,0.8285856246948242,0.0,0.0,0.0,0.0,0.0,0.0,0.0,0.0,0.5163742899894714,0.4632826745510101
0.5089380145072937,0.308630496263504,0.5288410782814026,0.2831299602985382,0.4890415072441101,0.290065586566925,0.5652894377708435,0.3086145222187042,0.4701345264911651,0.3218502104282379,0.6224518418312073,0.4653987884521484,0.4384537041187286,0.4795827567577362,0.7810571789741516,0.5453848242759705,0.3051561415195465,0.4692179262638092,0.7779935598373413,0.3879542648792267,0.1256020218133926,0.4177483022212982,0.5681468844413757,0.8301020264625549,0.4547577798366546,0.8269630670547485,0.0,0.0,0.0,0.0,0.0,0.0,0.0,0.0,0.5320060849189758,0.4703434109687805
0.529960036277771,0.3028703033924103,0.5488841533660889,0.2771210968494415,0.5097371935844421,0.2841633260250091,0.5860536694526672,0.3050259947776794,0.4920410513877868,0.3186381161212921,0.6445572972297668,0.4629533588886261,0.4708287715911865,0.4684106409549713,0.798478901386261,0.5495293736457825,0.342094361782074,0.4693116843700409,0.8252769112586975,0.4019754528999328,0.1541907489299774,0.4205338656902313,0.5978584885597229,0.8278304934501648,0.4804041087627411,0.8155236840248108,0.0,0.0,0.0,0.0,0.0,0.0,0.0,0.0,0.55623859167099,0.4621135890483856
0.5555623173713684,0.3078672289848327,0.5741691589355469,0.2799286544322967,0.5324402451515198,0.2894092202186584,0.6117133498191833,0.3009608685970306,0.51540207862854,0.3197698295116424,0.6652520298957825,0.4590584635734558,0.4920816123485565,0.4669220447540283,0.8177947402000427,0.5445433855056763,0.361658364534378,0.4673660099506378,0.8224849104881287,0.3930985927581787,0.1725778430700302,0.4155650436878204,0.6170524954795837,0.8300649523735046,0.4973331987857818,0.8145437836647034,0.0,0.0,0.0,0.0,0.0,0.0,0.0,0.0,0.5769627690315247,0.4617973268032074
0.5759918093681335,0.3151485919952392,0.5940967798233032,0.2869969010353088,0.555244505405426,0.295469582080841,0.6303821802139282,0.3093185722827911,0.5371266603469849,0.3249426484107971,0.6722458004951477,0.4621807634830475,0.5119913220405579,0.4678162932395935,0.8403230309486389,0.5456576347351074,0.384718120098114,0.464143842458725,0.7745607495307922,0.4119203090667724,0.1920062452554702,0.4121542274951935,0.633285403251648,0.8252331614494324,0.5230442881584167,0.7997016310691833,0.0,0.0,0.0,0.0,0.0,0.0,0.0,0.0,0.5945149064064026,0.4615194201469421
0.5886000394821167,0.3190068304538727,0.6055102348327637,0.2915109992027282,0.5667187571525574,0.2981381416320801,0.639490008354187,0.3144409954547882,0.5452534556388855,0.3284909725189209,0.6922122836112976,0.4674367308616638,0.5212694406509399,0.4705855548381805,0.8441924452781677,0.5509077906608582,0.3965140879154205,0.4708930850028991,0.8118048310279846,0.4023914039134979,0.2045603990554809,0.4278797507286072,0.6416034698486328,0.8251951932907104,0.5291450023651123,0.7996439933776855,0.0,0.0,0.0,0.0,0.0,0.0,0.0,0.0,0.6053824424743652,0.467052161693573
0.5877630114555359,0.3188352286815643,0.6054478287696838,0.2932130396366119,0.5666367411613464,0.2969520688056946,0.6370057463645935,0.3170751929283142,0.5434568524360657,0.3256785273551941,0.6868219375610352,0.4665367007255554,0.5114119052886963,0.4745292663574219,0.8416403532028198,0.5285733342170715,0.3868481516838074,0.4809847176074981,0.8769480586051941,0.3793577551841736,0.1872137039899826,0.4482134878635406,0.6402590870857239,0.8172526359558105,0.5283966064453125,0.7991427779197693,0.0,0.0,0.0,0.0,0.0,0.0,0.0,0.0,0.5982346534729004,0.4708649814128876
0.5784909129142761,0.3142780363559723,0.5987378358840942,0.2901013791561126,0.5576620697975159,0.2914600074291229,0.6300263404846191,0.3192248046398163,0.5318146347999573,0.3190110027790069,0.6693548560142517,0.4646341204643249,0.4960913956165313,0.471039205789566,0.8206097483634949,0.5160609483718872,0.3767332732677459,0.4839963912963867,0.8792021870613098,0.3526718318462372,0.17341910302639,0.4537557959556579,0.6293248534202576,0.8263463973999023,0.5133640766143799,0.8094696402549744,0.0,0.0,0.0,0.0,0.0,0.0,0.0,0.0,0.5815852284431458,0.4678205847740173
0.5701525211334229,0.3151572346687317,0.5925522446632385,0.290648877620697,0.5510632991790771,0.2902083396911621,0.624040424823761,0.3199120461940765,0.5284108519554138,0.3147608339786529,0.6564346551895142,0.4588242471218109,0.4875682890415191,0.4711315631866455,0.8187808990478516,0.469496488571167,0.3635237216949463,0.4840612113475799,0.8426944017410278,0.2999200820922851,0.1675711572170257,0.4542039334774017,0.6132670044898987,0.8164442181587219,0.4941305816173553,0.8109863996505737,0.0,0.0,0.0,0.0,0.0,0.0,0.0,0.0,0.5726205706596375,0.4642189145088196
0.5614086985588074,0.3150642812252044,0.5843499898910522,0.2927334606647491,0.5433067083358765,0.2904654443264007,0.6137153506278992,0.3258740901947021,0.5218250751495361,0.3165421485900879,0.649537205696106,0.4579358696937561,0.4807956516742706,0.4703809320926666,0.8113347887992859,0.450923889875412,0.3509856760501861,0.4856734573841095,0.7948251962661743,0.2808230519294739,0.1629935950040817,0.4595715701580047,0.6056856513023376,0.8276339173316956,0.4855318963527679,0.8145145773887634,0.0,0.0,0.0,0.0,0.0,0.0,0.0,0.0,0.5653911232948303,0.4628717303276062
0.547655463218689,0.3153994679450989,0.5702999234199524,0.2939152121543884,0.530888020992279,0.2907276153564453,0.5962424874305725,0.3272126019001007,0.507776141166687,0.3166452944278717,0.6341164708137512,0.4588332772254944,0.4629675447940826,0.4745694696903229,0.7995200157165527,0.4639401137828827,0.3268328309059143,0.4890079796314239,0.7541102766990662,0.3113619685173034,0.1514878571033477,0.4725665152072906,0.5903130769729614,0.8452666401863098,0.4682996869087219,0.8330211043357849,0.0,0.0,0.0,0.0,0.0,0.0,0.0,0.0,0.5494841933250427,0.4633574485778808
0.5438567399978638,0.3138693869113922,0.5659949779510498,0.2945994734764099,0.5260109305381775,0.290442943572998,0.5921715497970581,0.3308829665184021,0.5001285076141357,0.317947119474411,0.6266481280326843,0.457241803407669,0.4557670652866363,0.4754464328289032,0.7946105003356934,0.4580142498016357,0.3188945651054382,0.4916394054889679,0.7998494505882263,0.2888192236423492,0.1483541876077652,0.4794864654541015,0.5825824737548828,0.8473817706108093,0.4609423279762268,0.8331255316734314,0.0,0.0,0.0,0.0,0.0,0.0,0.0,0.0,0.5427654981613159,0.4649209678173065
0.5390551686286926,0.3155979812145233,0.5607410669326782,0.2936455309391022,0.5202348828315735,0.2934618294239044,0.5898194313049316,0.325362890958786,0.496019184589386,0.3183610141277313,0.6252571940422058,0.4579394161701202,0.453650027513504,0.4760328829288482,0.7933658361434937,0.4632708728313446,0.3156848847866058,0.4910454750061035,0.8053638339042664,0.2973851561546325,0.1461622416973114,0.4799210429191589,0.5819329619407654,0.8351273536682129,0.4624700844287872,0.8301461338996887,0.0,0.0,0.0,0.0,0.0,0.0,0.0,0.0,0.5416699647903442,0.4655881226062774
0.5410771369934082,0.3149791061878204,0.5613995790481567,0.2951367199420929,0.5224270224571228,0.2934072911739349,0.588800311088562,0.3313142657279968,0.4975440204143524,0.320387601852417,0.6318468451499939,0.4585022926330566,0.4576063454151153,0.4739638864994049,0.7895885705947876,0.4730620384216308,0.3162056505680084,0.4891635775566101,0.7596932053565979,0.3178574740886688,0.1464221179485321,0.4761565029621124,0.5857371687889099,0.8324934244155884,0.4664749801158905,0.818092942237854,0.0,0.0,0.0,0.0,0.0,0.0,0.0,0.0,0.5467069745063782,0.4636479020118713
0.5422791838645935,0.3160006105899811,0.5624417066574097,0.296392410993576,0.5240616202354431,0.2950394451618194,0.5888801217079163,0.331468403339386,0.5000365376472473,0.3227123618125915,0.6282869577407837,0.4599656462669372,0.4614921510219574,0.4731245040893554,0.7970337271690369,0.4736048281192779,0.3178291916847229,0.4896504580974579,0.7346823811531067,0.3398383557796478,0.1483014971017837,0.4760776162147522,0.5879040956497192,0.8297147750854492,0.470328539609909,0.8184667229652405,0.0,0.0,0.0,0.0,0.0,0.0,0.0,0.0,0.5464811325073242,0.4631774425506592
0.5425251722335815,0.3152958452701568,0.5621932148933411,0.2940183281898498,0.5231260657310486,0.294773668050766,0.5896779298782349,0.3266553282737732,0.4985481798648834,0.3213253915309906,0.6325730085372925,0.4579420387744903,0.4608421921730041,0.4747593700885772,0.7915758490562439,0.4748857319355011,0.3199557662010193,0.4921053349971771,0.7657669186592102,0.3200658857822418,0.147000178694725,0.4797999560832977,0.5923437476158142,0.843422532081604,0.4701473116874695,0.8327119946479797,0.0,0.0,0.0,0.0,0.0,0.0,0.0,0.0,0.5485222935676575,0.4640901684761047
0.5381036996841431,0.3139926493167877,0.5567232370376587,0.2894600331783294,0.5170320868492126,0.2955497801303863,0.5888214111328125,0.3152394592761993,0.4955556392669678,0.3250450491905212,0.6373547911643982,0.4593430459499359,0.4621153175830841,0.4749115109443664,0.7950378656387329,0.4873657822608948,0.320811778306961,0.494712769985199,0.8591114282608032,0.3285201489925384,0.1478474289178848,0.4899371266365051,0.593549907207489,0.8319467306137085,0.4744564890861511,0.8288558721542358,0.0,0.0,0.0,0.0,0.0,0.0,0.0,0.0,0.5520378947257996,0.4651876091957092
0.5422024130821228,0.3151703774929046,0.560476541519165,0.2897574305534363,0.5208487510681152,0.2966501116752624,0.5925551056861877,0.3158959448337555,0.4991696774959564,0.3256483078002929,0.6433595418930054,0.4631305336952209,0.4678786695003509,0.4746864438056946,0.7870482802391052,0.534921407699585,0.3285482823848724,0.4956230819225311,0.8361390829086304,0.4012983441352844,0.1553403288125991,0.4899447560310364,0.5991831421852112,0.8303164839744568,0.4794268906116485,0.8276513814926147,0.0,0.0,0.0,0.0,0.0,0.0,0.0,0.0,0.555325448513031,0.465904951095581
0.5421363711357117,0.3164964318275451,0.5604451894760132,0.2907687723636627,0.5220620632171631,0.2975476682186126,0.5944209694862366,0.3154927790164947,0.5033485889434814,0.3251007199287414,0.6467215418815613,0.4696481227874756,0.4728852212429046,0.4719939529895782,0.7866958975791931,0.5592709183692932,0.3304758965969085,0.496493250131607,0.8002778887748718,0.4121963679790497,0.1564974784851074,0.4916130602359772,0.6017275452613831,0.830406129360199,0.4831529557704925,0.8189906477928162,0.0,0.0,0.0,0.0,0.0,0.0,0.0,0.0,0.5590783357620239,0.4658549427986145
0.5447792410850525,0.3158765435218811,0.563336193561554,0.2898369431495666,0.5243245363235474,0.296521246433258,0.5962420701980591,0.3145411014556885,0.5044472217559814,0.3242743611335754,0.6474818587303162,0.4679427444934845,0.4730766117572784,0.4732198417186737,0.790428102016449,0.5502822399139404,0.3324388563632965,0.499493658542633,0.8290298581123352,0.4081750512123108,0.1629063636064529,0.4973456561565399,0.6016159653663635,0.8287544250488281,0.4839323461055755,0.8186671137809753,0.0,0.0,0.0,0.0,0.0,0.0,0.0,0.0,0.5596763491630554,0.4663586318492889
0.5426867604255676,0.3175573348999023,0.5614646673202515,0.2901824414730072,0.5225382447242737,0.2973642647266388,0.596704363822937,0.3141577839851379,0.5031636953353882,0.3240753710269928,0.6478690505027771,0.4667506814002991,0.4717337787151336,0.475439041852951,0.7932115793228149,0.5349488258361816,0.331012487411499,0.4994673430919647,0.8729561567306519,0.4019882380962372,0.1634108871221542,0.4969421327114105,0.6015962958335876,0.8288787007331848,0.4843802750110626,0.8183851838111877,0.0,0.0,0.0,0.0,0.0,0.0,0.0,0.0,0.5586811304092407,0.4683382511138916
0.5472872853279114,0.318598210811615,0.5655928254127502,0.2907330691814422,0.5273901224136353,0.298501580953598,0.6008049845695496,0.3124755918979645,0.5092388987541199,0.3253820538520813,0.6509804129600525,0.4692400991916656,0.4771279692649841,0.4712535738945007,0.7907969355583191,0.5591645836830139,0.3326903283596039,0.4936476349830627,0.8420230150222778,0.4168061316013336,0.1667098253965377,0.4844681620597839,0.6019335389137268,0.8271121978759766,0.4852078557014465,0.8168545961380005,0.0,0.0,0.0,0.0,0.0,0.0,0.0,0.0,0.5631038546562195,0.4664290249347687
0.5504754185676575,0.3175652623176574,0.568564772605896,0.2894280254840851,0.5302607417106628,0.2981708645820617,0.6054607629776001,0.3108292520046234,0.5140235424041748,0.3251931071281433,0.6552345156669617,0.4723404347896576,0.4794623255729675,0.4695218205451965,0.795616090297699,0.564393937587738,0.3356008231639862,0.4915423095226288,0.7955442667007446,0.4090772569179535,0.1661870926618576,0.4746264517307281,0.6025897860527039,0.8327242732048035,0.4843076765537262,0.8196768760681152,0.0,0.0,0.0,0.0,0.0,0.0,0.0,0.0,0.5665594339370728,0.4683583378791809
0.5512925982475281,0.3175762295722961,0.5697499513626099,0.2899986803531647,0.5314919948577881,0.2968502342700958,0.6058732867240906,0.3123945593833923,0.5146823525428772,0.322145402431488,0.6554195284843445,0.4736089408397674,0.4785743057727813,0.4708629250526428,0.7969844937324524,0.5617603659629822,0.3321298658847809,0.4923894107341766,0.7923707365989685,0.4063316285610199,0.1660207360982895,0.4763031005859375,0.6015001535415649,0.834769606590271,0.4834751486778259,0.821171224117279,0.0,0.0,0.0,0.0,0.0,0.0,0.0,0.0,0.5666805505752563,0.4703318774700165
0.5514815449714661,0.3151282966136932,0.5701791644096375,0.2876200675964355,0.5305556058883667,0.2951316237449646,0.6049906611442566,0.3098824322223663,0.5120779871940613,0.3214944005012512,0.6550647020339966,0.4699886739253998,0.4781090319156647,0.471899926662445,0.8017609715461731,0.5482373237609863,0.3351708054542541,0.4996607899665832,0.8654742240905762,0.4115632474422455,0.1659353226423263,0.4955313205718994,0.602671205997467,0.8305349946022034,0.4850747883319855,0.8190132975578308,0.0,0.0,0.0,0.0,0.0,0.0,0.0,0.0,0.5653778314590454,0.4682877659797668
0.5504013895988464,0.3109765946865082,0.5707972645759583,0.2836039662361145,0.5299674868583679,0.2914213240146637,0.6056677103042603,0.3089359402656555,0.511130154132843,0.3202726542949676,0.6556886434555054,0.4693233072757721,0.4794511198997497,0.4719774723052978,0.8013831973075867,0.5549225807189941,0.3346085548400879,0.5084059834480286,0.8702319264411926,0.413631409406662,0.1593638509511947,0.5171653032302856,0.6025635600090027,0.8306984901428223,0.4856202602386474,0.8183826208114624,0.0,0.0,0.0,0.0,0.0,0.0,0.0,0.0,0.5658882260322571,0.4686370491981506
0.5500734448432922,0.3081124722957611,0.572049081325531,0.2838382422924042,0.5308297872543335,0.2866405844688415,0.6043270230293274,0.3151316046714782,0.5094780325889587,0.3163471817970276,0.6520951986312866,0.4662366807460785,0.4748838543891907,0.4730982184410095,0.7957113981246948,0.5548297762870789,0.3296674787998199,0.5111503005027771,0.7961327433586121,0.4039247930049896,0.1592638492584228,0.5230080485343933,0.6026299595832825,0.8274913430213928,0.4823546707630157,0.816785454750061,0.0,0.0,0.0,0.0,0.0,0.0,0.0,0.0,0.5619409680366516,0.4671357572078705
0.5481160879135132,0.3085807859897613,0.5699284672737122,0.2843279242515564,0.52951580286026,0.2863988578319549,0.6012179255485535,0.3152477443218231,0.5074025392532349,0.316019594669342,0.6468358635902405,0.4669264256954193,0.468677669763565,0.4746604859828949,0.7913731336593628,0.5507673621177673,0.3265771865844726,0.5114189386367798,0.7766427993774414,0.3941376507282257,0.1522396802902221,0.5236417055130005,0.5995985269546509,0.8356210589408875,0.4753603637218475,0.8322848677635193,0.0,0.0,0.0,0.0,0.0,0.0,0.0,0.0,0.5568882822990417,0.4676204025745392
0.5354824662208557,0.3077515959739685,0.557723343372345,0.2855440080165863,0.5167439579963684,0.2848177552223205,0.5880886316299438,0.3183762431144714,0.494053304195404,0.315595418214798,0.636574923992157,0.4669163227081299,0.4562197029590606,0.4752462804317474,0.7829993367195129,0.5455528497695923,0.3115590512752533,0.5078521966934204,0.8271644711494446,0.4041596949100494,0.1354701668024063,0.5199710130691528,0.5867002606391907,0.8359326720237732,0.4666597843170166,0.8329838514328003,0.0,0.0,0.0,0.0,0.0,0.0,0.0,0.0,0.5484459400177002,0.4680142104625702
0.5230276584625244,0.3098280131816864,0.5447437763214111,0.2865745723247528,0.505905270576477,0.2879740595817566,0.5790057182312012,0.3175415992736816,0.4858467876911163,0.3182770907878876,0.6285618543624878,0.4699360430240631,0.4442937076091766,0.4778354465961456,0.7739250063896179,0.5555810332298279,0.2934248745441437,0.5032448172569275,0.8107620477676392,0.4154408574104309,0.1185080930590629,0.5135572552680969,0.5762509107589722,0.8453884720802307,0.4572741091251373,0.8333191275596619,0.0,0.0,0.0,0.0,0.0,0.0,0.0,0.0,0.5395556688308716,0.4712929725646972
0.5156697630882263,0.3103484809398651,0.5365501642227173,0.2886930108070373,0.4973659515380859,0.2897184193134308,0.5679005980491638,0.3215691745281219,0.4755365252494812,0.3212817311286926,0.6158406138420105,0.4704043269157409,0.4334461092948913,0.4768407642841339,0.7617168426513672,0.5563759803771973,0.289284735918045,0.4961792528629303,0.7398008108139038,0.3949723839759826,0.1119899153709411,0.4951165318489074,0.5617803335189819,0.8336541056632996,0.4452848732471466,0.8312376737594604,0.0,0.0,0.0,0.0,0.0,0.0,0.0,0.0,0.5248746275901794,0.4709520041942596
0.498317152261734,0.3108638823032379,0.5185022354125977,0.2885556817054748,0.47978475689888,0.2885091006755829,0.5478231310844421,0.3165516853332519,0.4577867388725281,0.316364049911499,0.601192831993103,0.4736008048057556,0.4148134589195251,0.4749402403831482,0.7338110208511353,0.559688925743103,0.2696404755115509,0.4963924288749695,0.7549080848693848,0.4148178696632385,0.0787192434072494,0.497880220413208,0.5429210066795349,0.8331758379936218,0.4247012734413147,0.8294976353645325,0.0,0.0,0.0,0.0,0.0,0.0,0.0,0.0,0.5059641599655151,0.4726899564266205
0.4856071472167969,0.3125143945217132,0.5045183897018433,0.2878922820091247,0.4646045267581939,0.2900827527046203,0.5338712930679321,0.3164305090904236,0.4401730000972748,0.320033848285675,0.5801903009414673,0.4756323397159576,0.3990246653556824,0.4724887907505035,0.7196084260940552,0.5692477822303772,0.2460823208093643,0.4939756393432617,0.7376717925071716,0.4217598140239715,0.0712021812796592,0.4955349266529083,0.53277188539505,0.8311206698417664,0.4078763127326965,0.8190787434577942,0.0,0.0,0.0,0.0,0.0,0.0,0.0,0.0,0.4866968095302582,0.4720416665077209
0.4932497143745422,0.3155343532562256,0.510133683681488,0.2908136546611786,0.4737556874752044,0.2932444214820862,0.5394433736801147,0.3159747719764709,0.4532342553138733,0.3227013051509857,0.5923610329627991,0.4773231148719787,0.4115809798240661,0.4750409126281738,0.7347002029418945,0.5698282718658447,0.2617925107479095,0.4936011433601379,0.7138741612434387,0.4157305061817169,0.075688824057579,0.4930317401885986,0.5415288805961609,0.8185340762138367,0.4248014986515045,0.8142560720443726,0.0,0.0,0.0,0.0,0.0,0.0,0.0,0.0,0.5011382699012756,0.4744479954242706
0.5289446115493774,0.2977848351001739,0.5477461814880371,0.2725966274738312,0.5084814429283142,0.278574526309967,0.5845364928245544,0.3030079007148742,0.4908451437950134,0.3146807253360748,0.6406106948852539,0.4653463959693908,0.4566580355167389,0.4724265933036804,0.7891085743904114,0.5527663826942444,0.3076698184013366,0.4968026578426361,0.7873521447181702,0.3957712054252624,0.1169943585991859,0.4956300258636474,0.5994201898574829,0.8364635109901428,0.4724080562591553,0.8438751101493835,0.0,0.0,0.0,0.0,0.0,0.0,0.0,0.0,0.5499857664108276,0.4658320844173431
0.5662568211555481,0.2795820236206054,0.585307240486145,0.2534234821796417,0.5464739203453064,0.2609152495861053,0.6219264268875122,0.2786218523979187,0.5280984044075012,0.2947477996349334,0.6773558259010315,0.4503564536571502,0.4925363659858703,0.4598100483417511,0.838732898235321,0.5351290106773376,0.3491384983062744,0.4931147992610931,0.8850329518318176,0.3732324242591858,0.1515028178691864,0.4977092146873474,0.6402268409729004,0.8338823914527893,0.5120000839233398,0.8303764462471008,0.0,0.0,0.0,0.0,0.0,0.0,0.0,0.0,0.5846465826034546,0.4540381729602813
0.571985125541687,0.2719497382640838,0.5946207642555237,0.246417611837387,0.5517968535423279,0.2532236278057098,0.6347562074661255,0.2779638469219208,0.5325804352760315,0.290834903717041,0.6840909123420715,0.4488876760005951,0.4927990436553955,0.4550934135913849,0.8356092572212219,0.5539641380310059,0.3478804230690002,0.4882886707782745,0.8262597322463989,0.390136182308197,0.1495601832866668,0.4907523691654205,0.6438770294189453,0.8442610502243042,0.5091897249221802,0.829969048500061,0.0,0.0,0.0,0.0,0.0,0.0,0.0,0.0,0.5876607894897461,0.4499475955963135
0.5404007434844971,0.265479564666748,0.5671090483665466,0.2416952401399612,0.5215076208114624,0.2420799434185028,0.6022389531135559,0.2842705547809601,0.4984304904937744,0.2817253172397613,0.6515856981277466,0.4501837193965912,0.4586016833782196,0.4620895981788635,0.8066444993019104,0.5505613684654236,0.2967982590198517,0.4879243373870849,0.8186688423156738,0.3911085426807403,0.0796670243144035,0.4938783645629883,0.6018210649490356,0.8473294377326965,0.4682630896568298,0.8349772691726685,0.0,0.0,0.0,0.0,0.0,0.0,0.0,0.0,0.5549919009208679,0.4535305798053741
0.4992298483848572,0.2541209459304809,0.5247460603713989,0.2285897880792617,0.4813909232616424,0.2293615043163299,0.5634492635726929,0.2665309607982635,0.4593085944652557,0.2680882513523102,0.6171048879623413,0.4433577954769134,0.4084827601909637,0.4499066770076751,0.7709030508995056,0.5564635396003723,0.2346901446580886,0.4734517633914947,0.7999902963638306,0.3885612189769745,0.0430432595312595,0.4742338359355926,0.5601977705955505,0.8805522918701172,0.4185771346092224,0.8693398833274841,0.0,0.0,0.0,0.0,0.0,0.0,0.0,0.0,0.5135471224784851,0.4438375532627105
0.4762484133243561,0.2471501976251602,0.5009934902191162,0.2243689596652984,0.4564161896705627,0.2220154553651809,0.5371681451797485,0.2712642848491668,0.430022269487381,0.2595325708389282,0.5789237022399902,0.4467110931873321,0.384569376707077,0.4349954426288605,0.7374844551086426,0.569614827632904,0.2034078389406204,0.4640541672706604,0.7026488184928894,0.3872330486774444,0.0089285718277096,0.4627660810947418,0.5192433595657349,0.8846500515937805,0.3721531331539154,0.8795216679573059,0.0,0.0,0.0,0.0,0.0,0.0,0.0,0.0,0.4805317223072052,0.4369735419750213
0.4445161819458008,0.246272325515747,0.469072014093399,0.2234971672296524,0.4251626133918762,0.2201680690050125,0.5042110085487366,0.264338880777359,0.3996896147727966,0.2541495263576507,0.5458608269691467,0.4339602589607239,0.342217355966568,0.438172847032547,0.7127377390861511,0.5249755382537842,0.1405399292707443,0.4605021774768829,0.7491417527198792,0.3353468477725982,0.0089285718277096,0.4664268493652344,0.4863725006580353,0.8476361036300659,0.3423976600170135,0.8384443521499634,0.0,0.0,0.0,0.0,0.0,0.0,0.0,0.0,0.4427454173564911,0.4307847619056701
0.4338862001895904,0.2468474209308624,0.4587054550647735,0.2246060520410537,0.4142901301383972,0.2188124656677246,0.4918027520179748,0.265212208032608,0.3864734768867492,0.2515420615673065,0.5334300398826599,0.4288125932216644,0.3299317955970764,0.4376378059387207,0.706863284111023,0.4805358350276947,0.1227785870432853,0.4624032378196716,0.784450888633728,0.3047804832458496,0.0,0.0,0.4824236333370209,0.8628435134887695,0.3338136970996856,0.8527041077613831,0.0,0.0,0.0,0.0,0.0,0.0,0.0,0.0,0.4327732026576996,0.4294812679290771
0.4369741082191467,0.2359152287244796,0.4607434868812561,0.2102880328893661,0.4157847464084625,0.2120952904224395,0.4997499585151672,0.2500915229320526,0.3909803926944732,0.2508388459682464,0.5475282669067383,0.4209127724170685,0.3403990268707275,0.4368142485618591,0.7228479385375977,0.4775877296924591,0.1226158887147903,0.4652476608753204,0.7657241225242615,0.2867246568202972,0.0,0.0,0.4918978214263916,0.8492363691329956,0.3472832143306732,0.8505430817604065,0.0,0.0,0.0,0.0,0.0,0.0,0.0,0.0,0.4437929689884186,0.4244218170642853
0.4492519795894623,0.2322582751512527,0.4734333455562591,0.2066398710012436,0.4271456599235534,0.2077129036188125,0.5114869475364685,0.2433608323335647,0.4041965901851654,0.2465255111455917,0.5609484314918518,0.4203183948993683,0.3554326891899109,0.4351239800453186,0.73635333776474,0.4772964417934418,0.1623301208019256,0.4650588035583496,0.7447724342346191,0.2604400217533111,0.0089285718277096,0.4770968556404114,0.508367121219635,0.8798273205757141,0.3595973551273346,0.8560382723808289,0.0,0.0,0.0,0.0,0.0,0.0,0.0,0.0,0.4588075578212738,0.4241883456707001
0.4659650325775146,0.2292623817920684,0.4903182685375213,0.1994046121835708,0.4435082972049713,0.2037421911954879,0.5342331528663635,0.2346580773591995,0.4219014048576355,0.2420419454574585,0.5843855738639832,0.4178228378295898,0.3828087151050567,0.4283368289470672,0.7583568692207336,0.4906505048274994,0.188384547829628,0.4662891030311584,0.7257049679756165,0.2955725789070129,0.0089285718277096,0.4784097075462341,0.5395344495773315,0.8672353625297546,0.3847391307353973,0.8550685048103333,0.0,0.0,0.0,0.0,0.0,0.0,0.0,0.0,0.4824870228767395,0.4201255142688751
0.4904987514019012,0.2296421974897384,0.5163325667381287,0.2015630453824997,0.4679346978664398,0.2048971801996231,0.5592748522758484,0.235720083117485,0.44512739777565,0.2412352114915847,0.6151875853538513,0.4138348996639251,0.4048343598842621,0.4330798983573913,0.804418683052063,0.4776879847049713,0.2043652832508087,0.4694008231163025,0.8308087587356567,0.2662868797779083,0.0157757382839918,0.480523020029068,0.565506100654602,0.882694661617279,0.4072280824184418,0.899570643901825,0.0,0.0,0.0,0.0,0.0,0.0,0.0,0.0,0.5100433230400085,0.4200333654880523
0.5245174765586853,0.2418215423822403,0.548263430595398,0.2083814293146133,0.5014992356300354,0.2150032967329025,0.5935642123222351,0.237163171172142,0.4793291091918945,0.2515579462051391,0.654466450214386,0.4208782315254211,0.437718003988266,0.4385210871696472,0.8453030586242676,0.4932367503643036,0.2431035488843917,0.4710947573184967,0.8679495453834534,0.2942872643470764,0.0471372231841087,0.4854560494422912,0.6105785369873047,0.9155063629150392,0.451599508523941,0.9054790735244752,0.0,0.0,0.0,0.0,0.0,0.0,0.0,0.0,0.547510027885437,0.4308944046497345
0.5415881276130676,0.2471890151500702,0.567316472530365,0.2157085835933685,0.5198096632957458,0.2231519669294357,0.6126869320869446,0.2470237463712692,0.4982727468013763,0.2586305141448974,0.6730477213859558,0.4259791374206543,0.4673810601234436,0.4427523910999298,0.86379474401474,0.5087517499923706,0.2646941840648651,0.4730103611946106,0.8173454403877258,0.31935915350914,0.068518117070198,0.481536328792572,0.6275655627250671,0.8823944330215454,0.473380982875824,0.885060727596283,0.0,0.0,0.0,0.0,0.0,0.0,0.0,0.0,0.5672417879104614,0.4326483607292175
0.5552681684494019,0.2472106367349624,0.5799108147621155,0.2164900153875351,0.5328302979469299,0.2238905429840088,0.6275525689125061,0.248598501086235,0.5141971707344055,0.2574870586395263,0.6930524110794067,0.4263971447944641,0.479950487613678,0.4497139155864715,0.8845952749252319,0.5000937581062317,0.3117710053920746,0.4838572144508362,0.8310031294822693,0.3094380497932434,0.0797625035047531,0.4936627745628357,0.6338893175125122,0.8862065076828003,0.4830527007579803,0.8874723315238953,0.0,0.0,0.0,0.0,0.0,0.0,0.0,0.0,0.5850847959518433,0.4346332252025604
0.5571087002754211,0.256730854511261,0.5808733701705933,0.2247082740068435,0.5337702631950378,0.2315226346254348,0.6264551281929016,0.2503935396671295,0.5132958889007568,0.2633319199085235,0.6903232336044312,0.4235245585441589,0.4775412976741791,0.4498443305492401,0.892233669757843,0.4768776595592499,0.3099898397922516,0.4928469061851501,0.9255625009536744,0.2775740325450897,0.0929880067706108,0.5116932988166809,0.630951464176178,0.8818312287330627,0.4838355183601379,0.8820778131484985,0.0,0.0,0.0,0.0,0.0,0.0,0.0,0.0,0.5829153060913086,0.4335505366325378
0.5402601361274719,0.2670245170593261,0.5641249418258667,0.2321663200855255,0.5177726149559021,0.2407881021499633,0.6125146150588989,0.254673570394516,0.4999058842658996,0.2709324359893799,0.6690708994865417,0.4325530529022217,0.4693656265735626,0.452019602060318,0.8691962957382202,0.4924110770225525,0.2986643016338348,0.4933846294879913,0.9395648241043092,0.2935290336608886,0.089080274105072,0.5145106911659241,0.6190417408943176,0.8688191771507263,0.4786611199378967,0.8802585005760193,0.0,0.0,0.0,0.0,0.0,0.0,0.0,0.0,0.5681528449058533,0.4409413337707519
0.5267935395240784,0.2723257839679718,0.5501521825790405,0.2416512668132782,0.5062037110328674,0.2489755004644394,0.5989153981208801,0.2608192265033722,0.4902153313159942,0.2808428108692169,0.6582317352294922,0.4389442801475525,0.4606849253177643,0.4511463642120361,0.8346794843673706,0.5238932371139526,0.2984082996845245,0.4914546310901642,0.8355414271354675,0.3369357883930206,0.0924411192536354,0.5115510821342468,0.5981751084327698,0.8540416955947876,0.4651200771331787,0.8515602946281433,0.0,0.0,0.0,0.0,0.0,0.0,0.0,0.0,0.5607912540435791,0.4432612061500549
0.5231290459632874,0.2808921933174133,0.5441981554031372,0.2508262097835541,0.503727912902832,0.2569893002510071,0.5917778015136719,0.2696332037448883,0.4883411526679992,0.2871943116188049,0.6528180241584778,0.4411633312702179,0.4561525881290436,0.4514680206775665,0.8200470805168152,0.5212467312812805,0.2925412654876709,0.4917180240154266,0.7882078289985657,0.353689968585968,0.0929591208696365,0.5158763527870178,0.5938926935195923,0.8478042483329773,0.4618251323699951,0.8433376550674438,0.0,0.0,0.0,0.0,0.0,0.0,0.0,0.0,0.5566310882568359,0.4438677728176117
0.5195935368537903,0.2992239594459533,0.5389178395271301,0.2679134309291839,0.4986984431743622,0.2767620682716369,0.5814758539199829,0.2817409634590149,0.4810956120491028,0.3006718456745147,0.6415613293647766,0.4498741626739502,0.4489551186561584,0.4575189650058746,0.8008471131324768,0.5249766707420349,0.2903493344783783,0.4970935881137848,0.8180352449417114,0.3795917630195617,0.093564935028553,0.5333686470985413,0.590186595916748,0.8340005278587341,0.4613845348358154,0.8310498595237732,0.0,0.0,0.0,0.0,0.0,0.0,0.0,0.0,0.5472207069396973,0.4525020122528076
0.5234462022781372,0.3024702966213226,0.5415400862693787,0.2708259522914886,0.5028373599052429,0.281965434551239,0.5852799415588379,0.2839236259460449,0.4884078502655029,0.3099285066127777,0.6488747596740723,0.4525263607501983,0.459254503250122,0.4576133787631988,0.8040760159492493,0.535133421421051,0.3079220354557037,0.4976925849914551,0.8104265928268433,0.3864222168922424,0.1117482185363769,0.5309869647026062,0.5964801907539368,0.8282903432846069,0.4726309776306152,0.8156067728996277,0.0,0.0,0.0,0.0,0.0,0.0,0.0,0.0,0.5550704598426819,0.4533846378326416
0.5482215285301208,0.2942435145378113,0.5679078698158264,0.261741429567337,0.5275864005088806,0.2759793996810913,0.6142098307609558,0.2766706049442291,0.5131235718727112,0.3056713938713074,0.6686626672744751,0.4448014795780182,0.4853545725345611,0.4546746909618377,0.831011950969696,0.5421070456504822,0.3398747146129608,0.4970786273479461,0.7983602285385132,0.3886864483356476,0.1457797735929489,0.5204006433486938,0.6201261878013611,0.8309140205383301,0.4919686019420624,0.8254895806312561,0.0,0.0,0.0,0.0,0.0,0.0,0.0,0.0,0.5769795179367065,0.447553813457489
0.5688672661781311,0.2910060286521911,0.5885265469551086,0.2595725953578949,0.5480696558952332,0.2716007828712463,0.6300292015075684,0.2767246663570404,0.5313400626182556,0.3006924986839294,0.6922820806503296,0.4486725926399231,0.5027046203613281,0.456828773021698,0.8535212874412537,0.5374574065208435,0.364227831363678,0.4974887073040008,0.8622784614562988,0.380856305360794,0.1699683964252472,0.5217304825782776,0.6384953260421753,0.832375705242157,0.5122178792953491,0.8267005085945129,0.0,0.0,0.0,0.0,0.0,0.0,0.0,0.0,0.5962691307067871,0.4524130821228027
0.592876136302948,0.2929005920886993,0.6117032766342163,0.2618974447250366,0.5704725980758667,0.2711192667484283,0.6522717475891113,0.2785384953022003,0.5505525469779968,0.3026993870735168,0.7156043648719788,0.4546909928321838,0.5233760476112366,0.4598992764949798,0.8732401728630066,0.5364970564842224,0.3791849315166473,0.4955356419086456,0.9085001945495604,0.3817532956600189,0.1917082965373993,0.5188626646995544,0.662603497505188,0.8337246775627136,0.5327540636062622,0.8307714462280273,0.0,0.0,0.0,0.0,0.0,0.0,0.0,0.0,0.6167005896568298,0.4566673934459686
0.6038902401924133,0.2946249842643738,0.6236776113510132,0.2657390236854553,0.5830537676811218,0.270696222782135,0.6631326675415039,0.2895319163799286,0.5612540245056152,0.3053674697875976,0.7255854606628418,0.4591953456401825,0.5311028361320496,0.4625984728336334,0.8821514248847961,0.5414955615997314,0.3858462870121002,0.492315798997879,0.8751975297927856,0.3886396884918213,0.2027990967035293,0.5091564655303955,0.6712934374809265,0.8346492052078247,0.5412551164627075,0.8294448256492615,0.0,0.0,0.0,0.0,0.0,0.0,0.0,0.0,0.6260405778884888,0.4583815038204193
0.6086744070053101,0.3009307086467743,0.6305059194564819,0.2742824256420135,0.5883274078369141,0.2762008607387543,0.6658514142036438,0.3006130158901214,0.563772976398468,0.3086772561073303,0.7207192182540894,0.4643718600273132,0.5281413793563843,0.4667854011058807,0.8770376443862915,0.5413362383842468,0.3850354254245758,0.4969925582408905,0.8436564207077026,0.3849270939826965,0.2070850431919098,0.5112033486366272,0.6678455471992493,0.8329370617866516,0.540307343006134,0.8293867707252502,0.0,0.0,0.0,0.0,0.0,0.0,0.0,0.0,0.6224256157875061,0.4614425003528595
0.5876263976097107,0.3028163015842438,0.6092458963394165,0.2782904803752899,0.570724606513977,0.2769485116004944,0.6440377235412598,0.3066456019878387,0.5478805303573608,0.3013698756694793,0.6931686401367188,0.4630584716796875,0.5071325302124023,0.4703513979911804,0.8572438359260559,0.5341320037841797,0.3694428503513336,0.5052797198295593,0.8878117799758911,0.3716269433498382,0.1923024654388427,0.5243018269538879,0.6432822346687317,0.8290334939956665,0.5240517854690552,0.8155940175056458,0.0,0.0,0.0,0.0,0.0,0.0,0.0,0.0,0.5992275476455688,0.4664883017539978
0.5573451519012451,0.300769954919815,0.5814568400382996,0.2780486941337585,0.5441426634788513,0.277864545583725,0.6234241724014282,0.3084999918937683,0.5284923911094666,0.3050911426544189,0.6728310585021973,0.4591527283191681,0.4881930649280548,0.4694055914878845,0.8326498866081238,0.5518485307693481,0.3505527675151825,0.5107265114784241,0.8510012030601501,0.3905825614929199,0.1724035441875457,0.5316986441612244,0.616171658039093,0.8318220376968384,0.4939537644386291,0.8280988931655884,0.0,0.0,0.0,0.0,0.0,0.0,0.0,0.0,0.5782814621925354,0.4638865888118744
0.5416651964187622,0.3074139058589935,0.5645407438278198,0.2828465700149536,0.5291011929512024,0.2828756272792816,0.6110386848449707,0.3122656643390655,0.5132296681404114,0.3072459101676941,0.655889093875885,0.4614758789539337,0.4800016283988952,0.4687944948673248,0.8193252682685852,0.5462704300880432,0.334194153547287,0.5149763822555542,0.8012219071388245,0.3901239335536957,0.1657712608575821,0.5359461903572083,0.5978993773460388,0.8302335739135742,0.4806598722934723,0.8267236351966858,0.0,0.0,0.0,0.0,0.0,0.0,0.0,0.0,0.5678339600563049,0.4627014994621277
0.5180116295814514,0.3158929646015167,0.5418962240219116,0.2916170060634613,0.505393385887146,0.2922521233558655,0.5897612571716309,0.3150779902935028,0.0,0.0,0.6361581683158875,0.4665026664733886,0.4653770625591278,0.4746989607810974,0.8011709451675415,0.5435807108879089,0.3131090998649597,0.5227852463722229,0.8018292188644409,0.383824348449707,0.1535766571760177,0.5444847941398621,0.5694139003753662,0.8307494521141052,0.4614746570587158,0.8158273696899414,0.0,0.0,0.0,0.0,0.0,0.0,0.0,0.0,0.5507892966270447,0.467622697353363
0.5094241499900818,0.3266493678092956,0.5303874015808105,0.3003403544425964,0.4965682327747345,0.3027628362178802,0.5768312215805054,0.3189399242401123,0.0,0.0,0.629993736743927,0.4722315371036529,0.4582673907279968,0.4796124100685119,0.7920526266098022,0.5610734224319458,0.3111594319343567,0.5262697339057922,0.7747200131416321,0.3984876573085785,0.1540459245443344,0.5499759912490845,0.5627143979072571,0.8331871628761292,0.4552211761474609,0.8277686834335327,0.0,0.0,0.0,0.0,0.0,0.0,0.0,0.0,0.5457721948623657,0.4730847179889679
0.5173723101615906,0.3243405520915985,0.5375216007232666,0.2973046600818634,0.5022517442703247,0.3019575774669647,0.5847574472427368,0.3144211173057556,0.0,0.0,0.6364019513130188,0.4676486849784851,0.4672144949436188,0.4772498607635498,0.8020040392875671,0.5475115776062012,0.3156391084194183,0.526152491569519,0.7609387636184692,0.3817532062530517,0.1572430282831192,0.5472202301025391,0.5756701231002808,0.8347387909889221,0.4637788236141205,0.8281639218330383,0.0,0.0,0.0,0.0,0.0,0.0,0.0,0.0,0.5524753928184509,0.4700554013252258
0.5395409464836121,0.3126579821109772,0.5588366389274597,0.2824959456920624,0.5238342881202698,0.2932758927345276,0.6109148859977722,0.2971463799476623,0.5106884241104126,0.3190074563026428,0.667968213558197,0.4549441337585449,0.4878532290458679,0.4753936231136322,0.836776852607727,0.5345128774642944,0.3465513885021209,0.5168343782424927,0.8394939303398132,0.3751204311847687,0.1816785186529159,0.5362332463264465,0.6101998686790466,0.8263052105903625,0.4900184571743011,0.817943274974823,0.0,0.0,0.0,0.0,0.0,0.0,0.0,0.0,0.5770203471183777,0.464871346950531
0.5699909329414368,0.3033777177333832,0.5906787514686584,0.2731429636478424,0.552550733089447,0.2820417284965515,0.639075756072998,0.2879913747310638,0.5396604537963867,0.3080185353755951,0.7007784843444824,0.4531385898590088,0.516652524471283,0.4671605229377746,0.8694280982017517,0.5391673445701599,0.3734472692012787,0.5047810673713684,0.86982661485672,0.3721190094947815,0.2055544853210449,0.5244660377502441,0.6398218870162964,0.8126266598701477,0.5249189734458923,0.7982373237609863,0.0,0.0,0.0,0.0,0.0,0.0,0.0,0.0,0.6085876822471619,0.4586000144481659
0.5975321531295776,0.3018819689750671,0.6174715757369995,0.2710628509521484,0.5789342522621155,0.2787770330905914,0.6668675541877747,0.2868967354297638,0.5645374059677124,0.3090851902961731,0.7304960489273071,0.4436703026294708,0.5503368377685547,0.4602774679660797,0.9108847975730896,0.5285117030143738,0.4015029370784759,0.5100720524787903,0.8455756902694702,0.3812535107135772,0.2232218980789184,0.5371718406677246,0.6705288290977478,0.81373530626297,0.5529343485832214,0.8137370347976685,0.0,0.0,0.0,0.0,0.0,0.0,0.0,0.0,0.6400064826011658,0.4495773911476135
0.6084397435188293,0.3046220242977142,0.6281627416610718,0.2722148597240448,0.5902543067932129,0.2822811901569366,0.6764588952064514,0.2827093303203583,0.575903594493866,0.3114224374294281,0.7420120239257812,0.4436498582363128,0.5588867664337158,0.4674937725067138,0.9159213304519652,0.5187608003616333,0.415621280670166,0.5167656540870667,0.8804699182510376,0.3569237291812897,0.238060861825943,0.5472428202629089,0.6854385137557983,0.8307245373725891,0.5641011595726013,0.8282333612442017,0.0,0.0,0.0,0.0,0.0,0.0,0.0,0.0,0.6495203375816345,0.4541776776313782
0.6132228970527649,0.3048638999462127,0.6313945055007935,0.2714421153068542,0.5969101190567017,0.2826737463474273,0.6853195428848267,0.277567446231842,0.0,0.0,0.7592043280601501,0.4348271191120147,0.5704270601272583,0.4673904776573181,0.9449893236160278,0.495652288198471,0.4355096817016601,0.5270041227340698,0.982136607170105,0.3087554574012756,0.255583643913269,0.5652623772621155,0.6943621635437012,0.8174108862876892,0.5790107846260071,0.8127831220626831,0.0,0.0,0.0,0.0,0.0,0.0,0.0,0.0,0.6647357940673828,0.4480665028095245
0.615059494972229,0.304857462644577,0.6338691115379333,0.2710331678390503,0.5985313057899475,0.2834116816520691,0.6880297660827637,0.2756790220737457,0.0,0.0,0.764999508857727,0.4362225830554962,0.5777555108070374,0.4675480425357818,0.9464688301086426,0.501872181892395,0.4498777687549591,0.5305579900741577,0.9548436403274536,0.321364015340805,0.2679815590381622,0.5740610361099243,0.7001067399978638,0.8291746973991394,0.5827893614768982,0.8156338930130005,0.0,0.0,0.0,0.0,0.0,0.0,0.0,0.0,0.6722480058670044,0.4488192200660705
0.6143609881401062,0.3043709397315979,0.6338642835617065,0.270920842885971,0.5990878939628601,0.282783180475235,0.6912387013435364,0.2764557003974914,0.0,0.0,0.7661686539649963,0.4347050487995147,0.5780938267707825,0.4681012332439422,0.9499911665916444,0.5002774596214294,0.4509432315826416,0.5348737835884094,0.896208643913269,0.3191861510276794,0.2767371535301208,0.5808718800544739,0.6995431184768677,0.8294071555137634,0.5822199583053589,0.814958930015564,0.0,0.0,0.0,0.0,0.0,0.0,0.0,0.0,0.6723984479904175,0.4475424587726593
0.6081165671348572,0.3013238310813904,0.6275049448013306,0.2706298232078552,0.5938196778297424,0.2774077355861664,0.6828292012214661,0.2824256420135498,0.0,0.0,0.7460616827011108,0.4285027384757995,0.5721959471702576,0.4680616557598114,0.9332836866378784,0.4726829826831817,0.4547487199306488,0.5401912927627563,0.9106706976890564,0.2894717752933502,0.2760190069675445,0.5900928378105164,0.6841908693313599,0.843278706073761,0.5648400187492371,0.8295640349388123,0.0,0.0,0.0,0.0,0.0,0.0,0.0,0.0,0.659338116645813,0.4455864131450653
0.5917734503746033,0.2973900139331817,0.6139118075370789,0.2664755880832672,0.576044499874115,0.2717421948909759,0.6666988730430603,0.2790948450565338,0.0,0.0,0.7256408929824829,0.4293750822544098,0.5657375454902649,0.4589736461639404,0.921904683113098,0.4925907552242279,0.4385842978954315,0.5390495657920837,0.9233189225196838,0.2770969569683075,0.2642815113067627,0.5851009488105774,0.6579352021217346,0.8318167924880981,0.5496861338615417,0.8259221911430359,0.0,0.0,0.0,0.0,0.0,0.0,0.0,0.0,0.646294116973877,0.4421977996826172
0.5834646224975586,0.2934503555297851,0.6052595376968384,0.2617782652378082,0.5696596503257751,0.2671616375446319,0.6585031747817993,0.2760954201221466,0.0,0.0,0.7185948491096497,0.4253447651863098,0.5604476928710938,0.4512967765331268,0.8978715538978577,0.4937000572681427,0.4388246834278106,0.5403475761413574,0.8537367582321167,0.3172208666801452,0.2594989240169525,0.5911802053451538,0.6479800939559937,0.8313948512077332,0.5413248538970947,0.8154923319816589,0.0,0.0,0.0,0.0,0.0,0.0,0.0,0.0,0.6392492055892944,0.4357156455516815
0.5784493684768677,0.2919822633266449,0.5996851921081543,0.2608354389667511,0.5654705762863159,0.2674546837806701,0.6550346612930298,0.2751124799251556,0.0,0.0,0.7155174016952515,0.4193691313266754,0.5574377179145813,0.4573487639427185,0.8964861631393433,0.488346666097641,0.4329331219196319,0.5397374033927917,0.8227031826972961,0.3034298121929168,0.2499209642410278,0.5958495736122131,0.6407743692398071,0.8320080041885376,0.5375586748123169,0.8160974383354187,0.0,0.0,0.0,0.0,0.0,0.0,0.0,0.0,0.6364173889160156,0.4341356456279754
0.573811411857605,0.2908969521522522,0.595207691192627,0.2596811056137085,0.5591364502906799,0.2672824263572693,0.649833619594574,0.2739215195178985,0.0,0.0,0.7080817222595215,0.4203093647956848,0.5429373383522034,0.4672362804412842,0.8985050916671753,0.4781213104724884,0.4172196388244629,0.539491593837738,0.8621339201927185,0.2579729259014129,0.24102483689785,0.5972599983215332,0.6407819390296936,0.850763201713562,0.5290771722793579,0.8331522941589355,0.0,0.0,0.0,0.0,0.0,0.0,0.0,0.0,0.6267344355583191,0.4390325844287872
0.5509384870529175,0.2991798818111419,0.5727415084838867,0.2710910141468048,0.5340513586997986,0.2775991857051849,0.615310788154602,0.2904651463031769,0.5187051892280579,0.3039692342281341,0.668336808681488,0.4385204613208771,0.491684228181839,0.477104127407074,0.8444284200668335,0.508075475692749,0.3598984181880951,0.5311518311500549,0.8017345666885376,0.3341463506221771,0.1855935901403427,0.5701038241386414,0.6120920777320862,0.8439874649047852,0.4915849268436432,0.8339537382125854,0.0,0.0,0.0,0.0,0.0,0.0,0.0,0.0,0.5792039036750793,0.4562491476535797
0.5402084589004517,0.3028862476348877,0.5606806874275208,0.2762631177902221,0.5228695273399353,0.2815352082252502,0.6048068404197693,0.2993741631507873,0.506128191947937,0.3082152009010315,0.6576862335205078,0.4444082677364349,0.4775195717811584,0.4732505977153778,0.8265625238418579,0.5133703947067261,0.3287347257137298,0.532617449760437,0.8135231733322144,0.3456956744194031,0.1706088781356811,0.570341169834137,0.5979923605918884,0.8358753323554993,0.478943407535553,0.8295068144798279,0.0,0.0,0.0,0.0,0.0,0.0,0.0,0.0,0.5680025815963745,0.45673868060112
0.5248886346817017,0.3073837459087372,0.5454185009002686,0.2801637053489685,0.5073501467704773,0.2850316166877746,0.5879130363464355,0.3024077117443084,0.4919192790985107,0.3113913536071777,0.6390286684036255,0.4488443732261657,0.4652544558048248,0.4758928120136261,0.8106049299240112,0.5224899649620056,0.3145220577716827,0.5358577966690063,0.8221637010574341,0.3504394888877868,0.1522784978151321,0.5768322944641113,0.5808559656143188,0.8356909155845642,0.4687043130397796,0.8295230269432068,0.0,0.0,0.0,0.0,0.0,0.0,0.0,0.0,0.5535960793495178,0.460542768239975
0.4928857684135437,0.3198955953121185,0.5163984894752502,0.2940327227115631,0.4752764403820038,0.299172431230545,0.5637293457984924,0.3274765908718109,0.4606924951076507,0.333151251077652,0.6265674233436584,0.5112927556037903,0.4200014770030975,0.526652455329895,0.8126355409622192,0.6300422549247742,0.2404929101467132,0.5803660750389099,0.7905582785606384,0.4308190941810608,0.0272088386118412,0.6265115141868591,0.5576391220092773,0.9910715222358704,0.4130362868309021,0.9910714030265808,0.0,0.0,0.0,0.0,0.0,0.0,0.0,0.0,0.5201235413551331,0.5170447826385498
0.492727667093277,0.3231637477874756,0.5178204774856567,0.2953585982322693,0.4743842482566833,0.3001717925071716,0.567538857460022,0.3279675543308258,0.4587021172046661,0.3331332504749298,0.6326360106468201,0.5203773379325867,0.4180894196033478,0.5327881574630737,0.8302014470100403,0.636970579624176,0.2251801639795303,0.5846741795539856,0.8068533539772034,0.4169917702674866,0.0241181459277868,0.6254701614379883,0.5628337860107422,0.9910714030265808,0.4157371520996094,0.9910714030265808,0.0,0.0,0.0,0.0,0.0,0.0,0.0,0.0,0.5229375958442688,0.524750828742981
0.4878282248973846,0.3300143182277679,0.5145307183265686,0.3003003895282745,0.4681948721408844,0.3070262372493744,0.5674237608909607,0.3321142792701721,0.4523243904113769,0.3432408273220062,0.6320716738700867,0.5255118012428284,0.4178671836853027,0.5433889031410217,0.8431499600410461,0.6399049758911133,0.2098367661237716,0.5955820679664612,0.8627625703811646,0.4198846220970154,0.020051646977663,0.6306540369987488,0.5591243505477905,0.9910714030265808,0.4134607017040252,0.991071343421936,0.0,0.0,0.0,0.0,0.0,0.0,0.0,0.0,0.5218366384506226,0.5327104926109314
0.4876507222652435,0.34356889128685,0.5153196454048157,0.3107461631298065,0.4632254540920257,0.3180309236049652,0.5686632990837097,0.3367457985877991,0.4468994736671448,0.3530866801738739,0.6361370086669922,0.5373488068580627,0.4164464771747589,0.5469403266906738,0.8429913520812988,0.6600947380065918,0.2059275358915329,0.5984814763069153,0.8576347231864929,0.4542732834815979,0.0176729951053857,0.6320717930793762,0.0,0.0,0.0,0.0,0.0,0.0,0.0,0.0,0.0,0.0,0.0,0.0,0.5228297114372253,0.5420329570770264
0.4976113438606262,0.3357992470264435,0.524070143699646,0.3024012744426727,0.4740273952484131,0.3099544942378998,0.5719239115715027,0.3293686509132385,0.4543971419334411,0.3433519303798675,0.6341660618782043,0.5296046137809753,0.4138513207435608,0.5312828421592712,0.833490252494812,0.6488855481147766,0.2074970453977584,0.5901646614074707,0.8222556114196777,0.4403323531150818,0.0183422658592462,0.6317121386528015,0.5589645504951477,0.991071343421936,0.4050679504871368,0.991071343421936,0.0,0.0,0.0,0.0,0.0,0.0,0.0,0.0,0.520774781703949,0.5297554135322571
0.5005283951759338,0.3299367129802704,0.5267602205276489,0.2966934144496918,0.4772132039070129,0.3029548227787018,0.5740401148796082,0.3260103166103363,0.4555034041404724,0.337073802947998,0.6360851526260376,0.5217339992523193,0.4097237586975097,0.5273228287696838,0.834540069103241,0.6370970010757446,0.2062104493379593,0.5897093415260315,0.8776732087135315,0.4225933849811554,0.0177780408412218,0.6338527798652649,0.5643534660339355,0.9910714030265808,0.4132902920246124,0.9910714030265808,0.0,0.0,0.0,0.0,0.0,0.0,0.0,0.0,0.5215170979499817,0.5241660475730896
0.5202696919441223,0.3675622642040252,0.5469757914543152,0.3348156809806824,0.4952535927295685,0.3384203910827636,0.5984510779380798,0.3704139292240143,0.4712490737438202,0.3780045211315155,0.6597102284431458,0.5744599103927612,0.4215985238552093,0.5688977837562561,0.8609365224838257,0.7096637487411499,0.2035877853631973,0.6257323622703552,0.8666930198669434,0.494427740573883,0.0089285718277096,0.6612623929977417,0.0,0.0,0.0,0.0,0.0,0.0,0.0,0.0,0.0,0.0,0.0,0.0,0.5389831066131592,0.5730453133583069
0.5244005918502808,0.3664235770702362,0.551850438117981,0.3337634205818176,0.4987960159778595,0.3374722301959991,0.6005024909973145,0.37280935049057,0.4737169146537781,0.3790875971317291,0.6597926020622253,0.5731350779533386,0.4242525994777679,0.5693591833114624,0.8632851839065552,0.7129560112953186,0.2016761749982834,0.6241483092308044,0.8364102244377136,0.5030068755149841,0.0089285718277096,0.6566081643104553,0.0,0.0,0.0,0.0,0.0,0.0,0.0,0.0,0.0,0.0,0.0,0.0,0.5411742925643921,0.5725952982902527
0.5167397856712341,0.3726685643196106,0.5443044304847717,0.3379931151866913,0.4924488365650177,0.3432349860668182,0.5982893109321594,0.3729787468910217,0.4699796140193939,0.3846723139286041,0.6648327112197876,0.5799527764320374,0.4241437017917633,0.5793853402137756,0.8708206415176392,0.7107211947441101,0.2051398456096649,0.6356688141822815,0.8787606358528137,0.4910599887371063,0.0089285718277096,0.669581949710846,0.0,0.0,0.0,0.0,0.0,0.0,0.0,0.0,0.0,0.0,0.0,0.0,0.5425915122032166,0.5816516876220703
0.5146600604057312,0.3711825907230377,0.5431135892868042,0.3365005850791931,0.4900622069835663,0.3407780230045318,0.5972408652305603,0.3714846074581146,0.4666429162025451,0.3816002905368805,0.6632902026176453,0.5794957280158997,0.4217097163200378,0.578788161277771,0.8710399270057678,0.7127952575683594,0.190025120973587,0.6355318427085876,0.8922767639160156,0.4881214201450348,0.0089285718277096,0.668865978717804,0.0,0.0,0.0,0.0,0.0,0.0,0.0,0.0,0.0,0.0,0.0,0.0,0.5399560332298279,0.5813016891479492
0.5162351131439209,0.369284451007843,0.5445998907089233,0.3362368643283844,0.4918590486049652,0.3406862914562225,0.5986299514770508,0.3732040524482727,0.4684101045131683,0.3830979764461517,0.6650505065917969,0.5790815353393555,0.4223093688488006,0.5779436826705933,0.8714763522148132,0.7196298837661743,0.203288123011589,0.6294062733650208,0.8478079438209534,0.5078233480453491,0.0089285718277096,0.665981650352478,0.0,0.0,0.0,0.0,0.0,0.0,0.0,0.0,0.0,0.0,0.0,0.0,0.5413501858711243,0.580016553401947
0.5192537307739258,0.3738322257995605,0.5467533469200134,0.3399788439273834,0.4944153428077698,0.3451523780822754,0.6006244421005249,0.3746827244758606,0.4720272719860077,0.3839362263679504,0.6639783978462219,0.5779353380203247,0.4275791347026825,0.5751837491989136,0.8755447268486023,0.7107997536659241,0.2040622532367706,0.6286608576774597,0.8364032506942749,0.4987581372261047,0.0089285718277096,0.6648077368736267,0.0,0.0,0.0,0.0,0.0,0.0,0.0,0.0,0.0,0.0,0.0,0.0,0.5448930859565735,0.5773996710777283
0.5186696648597717,0.3801271021366119,0.5466323494911194,0.3426276743412018,0.4940545856952667,0.3506993651390075,0.603398323059082,0.3703705370426178,0.4734472930431366,0.3854981064796448,0.6688486933708191,0.579109251499176,0.4329137802124023,0.5753385424613953,0.8814241290092468,0.7005234956741333,0.2080945968627929,0.6307283639907837,0.90248042345047,0.4824319779872894,0.0089285718277096,0.6667852401733398,0.0,0.0,0.0,0.0,0.0,0.0,0.0,0.0,0.0,0.0,0.0,0.0,0.5488220453262329,0.5794616937637329
0.5282648205757141,0.3734987378120422,0.5556840896606445,0.3347118198871612,0.5054881572723389,0.3454267084598541,0.6148661971092224,0.358712375164032,0.4861130714416504,0.3822823166847229,0.6828688979148865,0.5738089680671692,0.4473868906497955,0.5682883858680725,0.9015034437179564,0.7000285387039185,0.2352138310670852,0.6231703758239746,0.9452943801879884,0.4543292224407196,0.018014695495367,0.6632358431816101,0.0,0.0,0.0,0.0,0.0,0.0,0.0,0.0,0.0,0.0,0.0,0.0,0.5630761981010437,0.5727154612541199
0.5456094741821289,0.3614954352378845,0.5754894614219666,0.3275372385978699,0.5232502818107605,0.3354770541191101,0.6325663328170776,0.3569662272930145,0.5036597847938538,0.3721769452095032,0.699130117893219,0.5733209252357483,0.4581108093261719,0.5585401058197021,0.907470405101776,0.7205361127853394,0.2430468946695327,0.6164903044700623,0.8766587972640991,0.5039026141166687,0.0221362318843603,0.6576349139213562,0.0,0.0,0.0,0.0,0.0,0.0,0.0,0.0,0.0,0.0,0.0,0.0,0.5774365663528442,0.5651031732559204
0.5531538724899292,0.3565412163734436,0.5824882388114929,0.3233839869499206,0.5301976799964905,0.3301637470722198,0.6392601728439331,0.3544638752937317,0.511175811290741,0.3660768568515777,0.7074316143989563,0.5691846609115601,0.4707247316837311,0.5533788204193115,0.9151543378829956,0.7096167206764221,0.2587363719940185,0.6116460561752319,0.8713255524635315,0.4920978248119354,0.0429713055491447,0.6543384790420532,0.0,0.0,0.0,0.0,0.0,0.0,0.0,0.0,0.0,0.0,0.0,0.0,0.5882679224014282,0.5608187317848206
0.5557312369346619,0.3509904444217682,0.5861123204231262,0.3147366642951965,0.531062126159668,0.3236986696720123,0.646405816078186,0.3379743099212646,0.5109575986862183,0.3561953604221344,0.7200609445571899,0.5600280165672302,0.4733171164989471,0.5492051243782043,0.9354010820388794,0.7001519203186035,0.2599763870239258,0.6086422801017761,0.9860511422157288,0.4383901059627533,0.0469327047467231,0.6544801592826843,0.0,0.0,0.0,0.0,0.0,0.0,0.0,0.0,0.0,0.0,0.0,0.0,0.594584584236145,0.5551422834396362
0.5640400052070618,0.3354753851890564,0.5941137671470642,0.2968840599060058,0.5419121384620667,0.3079852759838104,0.65265953540802,0.3173736929893493,0.5227286219596863,0.3368098735809326,0.7241768836975098,0.5444833636283875,0.4810265898704529,0.5345373153686523,0.9382302165031432,0.6958826184272766,0.2725801467895508,0.5964456796646118,0.9280110001564026,0.4707904160022735,0.0245058070868253,0.6554442644119263,0.0,0.0,0.0,0.0,0.0,0.0,0.0,0.0,0.0,0.0,0.0,0.0,0.5999931693077087,0.5387067794799805
0.5655595064163208,0.2872151732444763,0.5918588042259216,0.24857759475708,0.5426374077796936,0.2618601024150848,0.6522444486618042,0.2746817469596863,0.5245457291603088,0.3007173836231231,0.7274925112724304,0.4938066005706787,0.4882288873195648,0.5048535466194153,0.93771231174469,0.6451472043991089,0.2828823626041412,0.573699951171875,0.8818833231925964,0.4176042079925537,0.0737347975373268,0.624520480632782,0.0,0.0,0.0,0.0,0.0,0.0,0.0,0.0,0.0,0.0,0.0,0.0,0.6054962277412415,0.4968068599700928
0.5570712685585022,0.2771164774894714,0.5795606970787048,0.2521644830703735,0.5401659607887268,0.2600001394748688,0.6228548884391785,0.2829873859882355,0.5266445875167847,0.2960640490055084,0.6767315864562988,0.4488070905208587,0.4918756484985351,0.4654960334300995,0.8297743797302246,0.587440550327301,0.3632226288318634,0.528250515460968,0.8009682297706604,0.416439026594162,0.1769442707300186,0.5908355116844177,0.6352753043174744,0.8314828276634216,0.5068623423576355,0.8303901553153992,0.0,0.0,0.0,0.0,0.0,0.0,0.0,0.0,0.585105299949646,0.4552943110466003
0.5567522644996643,0.2757976651191711,0.5787581205368042,0.250625342130661,0.5400760173797607,0.2592964470386505,0.6221684217453003,0.2814679443836212,0.5275448560714722,0.2965946793556213,0.6774283647537231,0.4462609589099884,0.4910337030887604,0.4638562500476837,0.8309020400047302,0.5653871297836304,0.3617936968803406,0.526615560054779,0.8380007147789001,0.3912444710731506,0.1861228942871093,0.5847244262695312,0.6372370719909668,0.831436812877655,0.5082082152366638,0.8284582495689392,0.0,0.0,0.0,0.0,0.0,0.0,0.0,0.0,0.5832757353782654,0.455035537481308
0.5435119867324829,0.3141930401325226,0.5653054118156433,0.2901260554790497,0.5257483124732971,0.2931073606014251,0.6012624502182007,0.3183701038360595,0.5057196021080017,0.3194501101970672,0.6514537930488586,0.4656319916248321,0.4704178273677826,0.4755358099937439,0.8024086952209473,0.5541284084320068,0.3195985853672027,0.5346180200576782,0.8346276879310608,0.4026167392730713,0.1674222201108932,0.5813555717468262,0.6056966781616211,0.8321903347969055,0.4848425686359405,0.8323394656181335,0.0,0.0,0.0,0.0,0.0,0.0,0.0,0.0,0.5601003766059875,0.4686267971992492
0.5241955518722534,0.3335924446582794,0.5439346432685852,0.314885139465332,0.5087811350822449,0.3129380643367767,0.5724188089370728,0.3449440896511078,0.4880785346031189,0.3373288810253143,0.6162280440330505,0.4735663831233978,0.4439110457897186,0.4872271418571472,0.7753952145576477,0.51153564453125,0.3033823668956756,0.539203941822052,0.7806606292724609,0.359241247177124,0.1540479958057403,0.5804697871208191,0.5680036544799805,0.8310012221336365,0.4600071609020233,0.8270643353462219,0.0,0.0,0.0,0.0,0.0,0.0,0.0,0.0,0.5331734418869019,0.4799563586711883
0.5224316716194153,0.3466106057167053,0.5401626825332642,0.327622652053833,0.5068954229354858,0.3274600207805633,0.5683966875076294,0.3534817993640899,0.4899117052555084,0.3514617085456848,0.6141840219497681,0.4753238558769226,0.4560512900352478,0.4989362359046936,0.7752494215965271,0.4775252938270569,0.3339912295341491,0.5481827259063721,0.7435332536697388,0.3358798921108246,0.1944443136453628,0.5814613103866577,0.5779904127120972,0.8136399388313293,0.4740855395793915,0.8012781739234924,0.0,0.0,0.0,0.0,0.0,0.0,0.0,0.0,0.5368330478668213,0.4867030680179596
0.5330134034156799,0.3461719155311584,0.5510940551757812,0.3261123597621918,0.5172587037086487,0.3264416754245758,0.581238865852356,0.3501742482185364,0.5006274580955505,0.3503987789154053,0.6277992129325867,0.4753853380680084,0.4731791317462921,0.5022379755973816,0.7945621609687805,0.4738370776176452,0.3458656370639801,0.5507149696350098,0.7312668561935425,0.3535835146903991,0.2064971476793289,0.5837464332580566,0.6004416346549988,0.8131231069564819,0.4893102049827575,0.8138622045516968,0.0,0.0,0.0,0.0,0.0,0.0,0.0,0.0,0.5531426668167114,0.4865711629390716
0.5458499193191528,0.3430889546871185,0.5643236041069031,0.3203748166561126,0.5274333953857422,0.3247868120670318,0.5967805981636047,0.3452491164207458,0.5110650658607483,0.3523926436901092,0.6443895101547241,0.4710701406002044,0.4844052791595459,0.4984466135501861,0.7995314598083496,0.4620622992515564,0.3661679327487945,0.5496563911437988,0.7684419751167297,0.3170658648014068,0.2197969704866409,0.5914559960365295,0.6097614169120789,0.8132888078689575,0.4993776977062225,0.8111465573310852,0.0,0.0,0.0,0.0,0.0,0.0,0.0,0.0,0.5664516091346741,0.4845789074897766
0.5477131605148315,0.3424963355064392,0.5672559142112732,0.319204568862915,0.5296012759208679,0.323195219039917,0.600859522819519,0.3427484333515167,0.5142342448234558,0.3475669026374817,0.6461641192436218,0.4724591374397278,0.4924589097499847,0.4958016276359558,0.8029025793075562,0.4797261655330658,0.3789533972740173,0.5449209809303284,0.7911621332168579,0.333848088979721,0.2247907966375351,0.5876923203468323,0.6134090423583984,0.810454249382019,0.5055559277534485,0.8077700734138489,0.0,0.0,0.0,0.0,0.0,0.0,0.0,0.0,0.5717617869377136,0.4842872023582458
0.5551807880401611,0.3422552943229675,0.574088454246521,0.3192470073699951,0.5380311608314514,0.3231571316719055,0.6065685153007507,0.3426811993122101,0.5227730870246887,0.3492796421051025,0.6497541069984436,0.4774755835533142,0.4990397989749908,0.4901845157146454,0.8181490898132324,0.4914577901363373,0.3827548623085022,0.5371444225311279,0.7423161864280701,0.3657929897308349,0.2238980531692505,0.5719601511955261,0.6155202984809875,0.8114474415779114,0.5083184242248535,0.8082923293113708,0.0,0.0,0.0,0.0,0.0,0.0,0.0,0.0,0.5754097700119019,0.4828340411186218
0.5574829578399658,0.3446316421031952,0.5764314532279968,0.3189156353473663,0.5410401821136475,0.3250578343868255,0.6130844354629517,0.3384101390838623,0.5272666811943054,0.3487253189086914,0.6583644151687622,0.4755668640136719,0.5026582479476929,0.486272245645523,0.8158982992172241,0.5019753575325012,0.3809303343296051,0.5296984314918518,0.798126220703125,0.3638725876808166,0.2265441417694091,0.5551864504814148,0.6195330619812012,0.8149662613868713,0.5108018517494202,0.8083246946334839,0.0,0.0,0.0,0.0,0.0,0.0,0.0,0.0,0.5829076766967773,0.4809084832668304
0.5621322393417358,0.3470046818256378,0.5797768831253052,0.3206403851509094,0.5448701977729797,0.3276313245296478,0.6176778674125671,0.3377721309661865,0.5310295820236206,0.350737988948822,0.6677255630493164,0.4746297895908355,0.505376398563385,0.4907671511173248,0.8288377523422241,0.5098994374275208,0.3811344802379608,0.5293672680854797,0.7899821400642395,0.382091224193573,0.2268650084733963,0.552150547504425,0.6281172633171082,0.8155229687690735,0.5158764123916626,0.8082734942436218,0.0,0.0,0.0,0.0,0.0,0.0,0.0,0.0,0.5889392495155334,0.4831286072731018
0.5675387978553772,0.3519139587879181,0.5842964053153992,0.3246326446533203,0.5499709844589233,0.3319231867790222,0.6240007281303406,0.338795006275177,0.5375776290893555,0.3553054928779602,0.6593562960624695,0.4778929054737091,0.5132313370704651,0.4929068386554718,0.8409504294395447,0.516035258769989,0.3875488936901092,0.5320444703102112,0.7710431218147278,0.4009279310703277,0.2381544113159179,0.5571114420890808,0.6274234056472778,0.8153719902038574,0.5213521718978882,0.8005378842353821,0.0,0.0,0.5048531293869019,0.991071343421936,0.0,0.0,0.0,0.0,0.5895501971244812,0.4853877127170563
0.5700621604919434,0.3533847033977508,0.58587247133255,0.3220691382884979,0.5519152283668518,0.3355374932289123,0.6319604516029358,0.330779880285263,0.5426734089851379,0.361129492521286,0.6878339052200317,0.4719497859477997,0.5263931155204773,0.4957015216350555,0.8524635434150696,0.5069190859794617,0.3978496193885803,0.5323535203933716,0.8416091799736023,0.365222156047821,0.2524299621582031,0.5561171174049377,0.6355558037757874,0.8155875205993652,0.528624415397644,0.7989433407783508,0.0,0.0,0.5087136030197144,0.9910715222358704,0.0,0.0,0.0,0.0,0.6083984375,0.4833740592002868
0.5783282518386841,0.3517040610313415,0.5938483476638794,0.3207869827747345,0.560154914855957,0.3340582847595215,0.6382232904434204,0.3280790150165558,0.54905766248703,0.3581683039665222,0.6946438550949097,0.4728217124938965,0.5332533121109009,0.4924946427345276,0.8608707189559937,0.5283949971199036,0.40284463763237,0.5288448333740234,0.8426254391670227,0.3843788504600525,0.2551844120025635,0.5479475855827332,0.6390262842178345,0.8280948996543884,0.5318475961685181,0.8116658926010132,0.0,0.0,0.5123609900474548,0.9910714030265808,0.0,0.0,0.0,0.0,0.6145976185798645,0.4810423552989959
0.5902641415596008,0.3469440639019012,0.6068474650382996,0.3191251158714294,0.5724287033081055,0.3275639414787292,0.6504570245742798,0.3274543583393097,0.5597277879714966,0.3480047285556793,0.7035530805587769,0.4694542586803436,0.5444692373275757,0.4874134063720703,0.8704739809036255,0.5332138538360596,0.4183309674263,0.5305132269859314,0.8018273711204529,0.4060533940792084,0.2607596218585968,0.5499902963638306,0.646045982837677,0.8158482313156128,0.542988121509552,0.8101757168769836,0.0,0.0,0.0,0.0,0.0,0.0,0.0,0.0,0.6259852051734924,0.4751710593700409
0.6146144270896912,0.3382204473018646,0.63371342420578,0.3120260834693908,0.596647322177887,0.3175217509269714,0.6704117059707642,0.3328976333141327,0.5806481242179871,0.3439271748065948,0.725756049156189,0.4687513411045074,0.5634384751319885,0.503623902797699,0.8905744552612305,0.505509078502655,0.4432711899280548,0.611015796661377,0.8643498420715332,0.352858692407608,0.3031831085681915,0.6629719138145447,0.6740971207618713,0.8132060170173645,0.5666466951370239,0.799313485622406,0.0,0.0,0.0,0.0,0.0,0.0,0.0,0.0,0.6443248987197876,0.4832092821598053
0.5801559090614319,0.3350167274475097,0.5973662734031677,0.3080568611621856,0.5596104860305786,0.3174178600311279,0.6358970403671265,0.329812616109848,0.5437180399894714,0.3484823703765869,0.6832886338233948,0.4919094443321228,0.5083693861961365,0.4926581084728241,0.8226251602172852,0.6126793026924133,0.36873260140419,0.5246402025222778,0.8283421397209167,0.4438416063785553,0.2064847499132156,0.5382345914840698,0.6313108205795288,0.8337259888648987,0.5163281559944153,0.8177676200866699,0.0,0.0,0.0,0.0,0.0,0.0,0.0,0.0,0.5976324677467346,0.4912737309932709
0.5784232020378113,0.3347489535808563,0.5955785512924194,0.3071712553501129,0.5576751232147217,0.3174993097782135,0.6357845664024353,0.3276605308055877,0.5428056716918945,0.3488361537456512,0.6852579116821289,0.4887978732585907,0.5100522637367249,0.4916618466377258,0.8226037621498108,0.614077091217041,0.3689676225185394,0.5243096947669983,0.8314805626869202,0.4470786154270172,0.2072461396455764,0.5368931293487549,0.6323575973510742,0.8436192274093628,0.514282763004303,0.8270044922828674,0.0,0.0,0.0,0.0,0.0,0.0,0.0,0.0,0.5995107889175415,0.4891843199729919
0.5783876776695251,0.3346653878688812,0.5955475568771362,0.3075119853019714,0.5578048229217529,0.317451000213623,0.6355449557304382,0.3285638689994812,0.5427836775779724,0.3488882184028625,0.6847478747367859,0.4887919723987579,0.5103949904441833,0.4917696118354797,0.8237616419792175,0.6131273508071899,0.3690405488014221,0.5244080424308777,0.8327971696853638,0.4446855187416076,0.2075035721063614,0.5370743870735168,0.6312083601951599,0.835700511932373,0.5147179961204529,0.8259738683700562,0.0,0.0,0.0,0.0,0.0,0.0,0.0,0.0,0.5995339155197144,0.4892942607402801
0.5782275199890137,0.3352131843566894,0.5954586863517761,0.3081390261650085,0.5575567483901978,0.318047285079956,0.6354766488075256,0.3293940126895904,0.5423360466957092,0.3496623635292053,0.6853131651878357,0.4888229072093963,0.5107250809669495,0.4914580285549164,0.8216785192489624,0.6132908463478088,0.3695134818553924,0.5242879986763,0.833896279335022,0.4444986283779144,0.2064168155193328,0.5380877256393433,0.6319513320922852,0.8360665440559387,0.5147495865821838,0.8262903094291687,0.0,0.0,0.0,0.0,0.0,0.0,0.0,0.0,0.5999588370323181,0.4890517294406891
0.5763384699821472,0.3353754878044128,0.5936382412910461,0.3073198497295379,0.555415689945221,0.3192283809185028,0.6344969868659973,0.3290329575538635,0.5412920117378235,0.3528380692005157,0.68537837266922,0.4883572161197662,0.5090998411178589,0.4913680851459503,0.8229219317436218,0.613435685634613,0.3692488074302673,0.5246561169624329,0.8284091353416443,0.440623015165329,0.2051216810941696,0.5396407246589661,0.6315189599990845,0.8457204103469849,0.5136383771896362,0.8294786810874939,0.0,0.0,0.0,0.0,0.0,0.0,0.0,0.0,0.5990543961524963,0.4885825514793396
0.5754474997520447,0.3367104828357696,0.592217743396759,0.3086170852184295,0.5547333359718323,0.319597452878952,0.6334185004234314,0.3302259445190429,0.5409249663352966,0.3507522046566009,0.6836631894111633,0.4879472851753235,0.5106717348098755,0.4907109141349792,0.8195717930793762,0.6138091683387756,0.371276706457138,0.5256970524787903,0.8102598786354065,0.4594742357730865,0.2063091993331909,0.5426468253135681,0.6306076049804688,0.8440304398536682,0.5133782029151917,0.828025758266449,0.0,0.0,0.0,0.0,0.0,0.0,0.0,0.0,0.5996583104133606,0.4879316687583923
0.5740885138511658,0.3399505913257599,0.5904223322868347,0.3105954229831695,0.5530980229377747,0.3218720257282257,0.6308361291885376,0.3316993415355682,0.5385384559631348,0.3532711565494537,0.6819127798080444,0.4894779324531555,0.5074789524078369,0.4932658672332763,0.8203901648521423,0.6102429032325745,0.3674963414669037,0.5294522047042847,0.8221122622489929,0.4445895254611969,0.203379601240158,0.5481762886047363,0.6315305829048157,0.8456457853317261,0.512248694896698,0.830757737159729,0.0,0.0,0.0,0.0,0.0,0.0,0.0,0.0,0.5970616936683655,0.4896581172943115
0.5685198903083801,0.3397216200828552,0.584753692150116,0.3106467425823211,0.5474489331245422,0.3228950798511505,0.6272991299629211,0.3282544314861297,0.5345016717910767,0.3542419373989105,0.6805628538131714,0.486675888299942,0.5064429044723511,0.4946454465389251,0.8198829889297485,0.6070864796638489,0.369383305311203,0.5307518243789673,0.8567943572998047,0.4572321772575378,0.2080183327198028,0.5521593689918518,0.6289248466491699,0.8453629612922668,0.5102642178535461,0.8304451107978821,0.0,0.0,0.0,0.0,0.0,0.0,0.0,0.0,0.5949848890304565,0.4896503090858459
0.5663672685623169,0.340764582157135,0.5826760530471802,0.3110775053501129,0.5457106232643127,0.3241021037101745,0.6273258328437805,0.3268579840660095,0.5340794920921326,0.3543084263801574,0.6822681427001953,0.4874113202095032,0.5066964030265808,0.4934613108634949,0.8153788447380066,0.6105477213859558,0.369118720293045,0.5306896567344666,0.8445988297462463,0.466639906167984,0.2073062509298324,0.5521247982978821,0.6295868754386902,0.8451546430587769,0.5092695951461792,0.8302289843559265,0.0,0.0,0.0,0.0,0.0,0.0,0.0,0.0,0.5961909294128418,0.4890143573284149
0.5692995190620422,0.3410488665103912,0.585374653339386,0.3119181990623474,0.5492510199546814,0.3243031203746795,0.6280757784843445,0.3286890685558319,0.5373278856277466,0.3543246388435364,0.6755485534667969,0.4837614595890045,0.5085930228233337,0.493081659078598,0.811575710773468,0.6177479028701782,0.3696846067905426,0.5290009379386902,0.7876972556114197,0.4778309762477875,0.2042162716388702,0.5481845736503601,0.630723774433136,0.835902214050293,0.5137673616409302,0.8261340260505676,0.0,0.0,0.0,0.0,0.0,0.0,0.0,0.0,0.595867931842804,0.4873348176479339
0.5686452984809875,0.3407560884952545,0.5848861336708069,0.3116230368614197,0.5485106110572815,0.323265016078949,0.6267769932746887,0.3306622803211212,0.5355513095855713,0.3528999388217926,0.6801639795303345,0.488808661699295,0.5067198872566223,0.4924013614654541,0.8079550862312317,0.6160632967948914,0.3696407377719879,0.5290681719779968,0.7947171926498413,0.4760149121284485,0.2055947333574295,0.5492110252380371,0.629592776298523,0.8458995819091797,0.5102707147598267,0.8308863043785095,0.0,0.0,0.0,0.0,0.0,0.0,0.0,0.0,0.5953366160392761,0.4890186488628387
0.5636022686958313,0.3403853476047516,0.5805439352989197,0.3107918202877044,0.543724000453949,0.3237431347370147,0.6248950362205505,0.3274156749248504,0.5323681235313416,0.3539919853210449,0.6795626282691956,0.4880039691925049,0.5038360953330994,0.4923866093158722,0.8098444938659668,0.6141687631607056,0.3678058981895447,0.530229926109314,0.8290780186653137,0.4590175449848175,0.2074454128742218,0.5509602427482605,0.6275701522827148,0.8449478149414062,0.5096455216407776,0.8293858170509338,0.0,0.0,0.0,0.0,0.0,0.0,0.0,0.0,0.5929282903671265,0.4888674616813659
0.5615692734718323,0.342772513628006,0.57856285572052,0.3120412528514862,0.5419461131095886,0.3269581496715545,0.6253847479820251,0.3264870345592499,0.5319766998291016,0.3586876094341278,0.6791666150093079,0.4883295893669128,0.5050174593925476,0.4916114807128906,0.8061755895614624,0.621374785900116,0.3684349954128265,0.5299001932144165,0.828018069267273,0.4715257287025451,0.208466574549675,0.5513731241226196,0.6267990469932556,0.845382809638977,0.5073472261428833,0.8315327763557434,0.0,0.0,0.0,0.0,0.0,0.0,0.0,0.0,0.5931294560432434,0.4882267415523529
0.5624499917030334,0.341635525226593,0.5791764855384827,0.3115415871143341,0.542930543422699,0.3252638876438141,0.6225005984306335,0.3286306262016296,0.5314054489135742,0.355800062417984,0.6805647611618042,0.4883915483951568,0.504960298538208,0.4909346997737884,0.8002004027366638,0.6220660209655762,0.3663080334663391,0.5283350348472595,0.7905256152153015,0.4909026622772217,0.2049838304519653,0.5494014620780945,0.6261854767799377,0.8434411883354187,0.5073418021202087,0.8287447690963745,0.0,0.0,0.0,0.0,0.0,0.0,0.0,0.0,0.5937404632568359,0.488067626953125
0.558748722076416,0.3413283824920654,0.5749660134315491,0.3119740188121795,0.5390905737876892,0.3246462941169739,0.6141566634178162,0.3278000354766845,0.5260570049285889,0.3518561720848083,0.6732931733131409,0.4874595999717712,0.501229465007782,0.4873599112033844,0.8007184863090515,0.612359881401062,0.367769718170166,0.5279950499534607,0.7949097752571106,0.4684926569461822,0.2069601565599441,0.5513549447059631,0.623397707939148,0.8318200707435608,0.5057664513587952,0.8182047605514526,0.0,0.0,0.0,0.0,0.0,0.0,0.0,0.0,0.5873751640319824,0.4857025742530823
0.5512762665748596,0.3404393494129181,0.5673567056655884,0.3102385997772217,0.5306362509727478,0.3235867023468017,0.6067197918891907,0.321800947189331,0.5185117125511169,0.3489933907985687,0.6673613786697388,0.4834997653961181,0.497626781463623,0.4862332046031952,0.7975424528121948,0.6069251298904419,0.3643207848072052,0.525651752948761,0.8203099966049194,0.457340806722641,0.1990101188421249,0.5470351576805115,0.6165472865104675,0.8311957120895386,0.4972795844078064,0.8262062072753906,0.0,0.0,0.0,0.0,0.0,0.0,0.0,0.0,0.58246910572052,0.4828532636165619
0.5469499230384827,0.3408344686031341,0.5612884759902954,0.3112722933292389,0.525985062122345,0.3233940005302429,0.5953261256217957,0.3252749443054199,0.5106704831123352,0.3476833999156952,0.6535722613334656,0.4813206493854522,0.4864494502544403,0.4837732017040252,0.7771274447441101,0.6092410683631897,0.3466298580169678,0.5236601233482361,0.7784470915794373,0.4712800085544586,0.179124429821968,0.543616771697998,0.6045058369636536,0.8352445363998413,0.4875025451183319,0.8287146687507629,0.0,0.0,0.0,0.0,0.0,0.0,0.0,0.0,0.5693116784095764,0.4805765748023987
0.5436035990715027,0.3382399082183838,0.5569308996200562,0.309237539768219,0.5223554372787476,0.3204027712345123,0.5911064743995667,0.3235178589820862,0.5062128305435181,0.3466987907886505,0.6476091146469116,0.4803026020526886,0.4797804057598114,0.4833947718143463,0.7751878499984741,0.6081401705741882,0.3427864611148834,0.5227892994880676,0.7900646328926086,0.4685859084129333,0.172384962439537,0.541745126247406,0.5994539856910706,0.8301830291748047,0.4852918088436126,0.8177836537361145,0.0,0.0,0.0,0.0,0.0,0.0,0.0,0.0,0.5632115006446838,0.4791701436042785
0.5394372940063477,0.3369866013526916,0.5529473423957825,0.3099579513072967,0.518497109413147,0.3194844126701355,0.5861066579818726,0.3268715739250183,0.5013419985771179,0.3472890257835388,0.639600396156311,0.4873995184898376,0.4685695469379425,0.4840950071811676,0.7585240602493286,0.6223463416099548,0.3205742537975311,0.5216303467750549,0.7520627379417419,0.478527158498764,0.158574566245079,0.5375393629074097,0.5946162939071655,0.8479862809181213,0.4748089611530304,0.8435767889022827,0.0,0.0,0.0,0.0,0.0,0.0,0.0,0.0,0.5547568202018738,0.482753038406372
0.5353394150733948,0.3369168937206268,0.5493602156639099,0.3101738393306732,0.5142640471458435,0.319096177816391,0.5822991132736206,0.3293142318725586,0.4966461956501007,0.3470419347286224,0.6332763433456421,0.4919393956661224,0.4609155654907226,0.4831351339817047,0.7469133734703064,0.6218556761741638,0.318552702665329,0.5179317593574524,0.7402306795120239,0.4791447222232818,0.1562205553054809,0.5331754088401794,0.5863733291625977,0.8473239541053772,0.4699406921863556,0.8432596325874329,0.0,0.0,0.0,0.0,0.0,0.0,0.0,0.0,0.5480889081954956,0.4848769605159759
0.5317264199256897,0.3385763168334961,0.5464311838150024,0.3100420534610748,0.5096346139907837,0.3192539513111114,0.5774685740470886,0.3277294933795929,0.4902426600456238,0.3454782962799072,0.626273512840271,0.489196240901947,0.4553190767765045,0.4773268699645996,0.7358694076538086,0.6210352182388306,0.3144401907920837,0.5136690735816956,0.7547388076782227,0.4705320000648498,0.1510771363973617,0.5300341248512268,0.5801049470901489,0.843671441078186,0.4657657742500305,0.8298283815383911,0.0,0.0,0.0,0.0,0.0,0.0,0.0,0.0,0.5412918925285339,0.4814158082008362
0.5237707495689392,0.3366262912750244,0.5403367280960083,0.3127149939537048,0.5026746392250061,0.3167175948619842,0.5679548978805542,0.3364627659320831,0.4783464968204498,0.3446427285671234,0.6068768501281738,0.4870449602603912,0.4381555914878845,0.4756631255149841,0.7064724564552307,0.6294133067131042,0.2936317026615143,0.5056191682815552,0.7206200957298279,0.5028982162475586,0.1300218850374221,0.5233741998672485,0.569277286529541,0.8320474028587341,0.4550792872905731,0.8294302225112915,0.0,0.0,0.0,0.0,0.0,0.0,0.0,0.0,0.5233396291732788,0.4795274436473846
0.521026611328125,0.3385870456695556,0.5375319123268127,0.3149962723255157,0.5002381801605225,0.3167496621608734,0.5598277449607849,0.3362995684146881,0.4719303250312805,0.3419346511363983,0.5926504135131836,0.4873024523258209,0.4245204627513885,0.4753654599189758,0.6883130669593811,0.622245192527771,0.283050924539566,0.503966748714447,0.7177750468254089,0.4867558181285858,0.1216873526573181,0.5222432613372803,0.5593634843826294,0.8317652940750122,0.4491803050041199,0.8323926329612732,0.0,0.0,0.0,0.0,0.0,0.0,0.0,0.0,0.5094167590141296,0.4812566637992859
0.5406700968742371,0.3294036388397217,0.5559348464012146,0.3049268126487732,0.5177251100540161,0.3080944716930389,0.5750350952148438,0.3299875855445862,0.481139600276947,0.3342519700527191,0.6036291718482971,0.4844957888126373,0.4369678199291229,0.4716698825359344,0.6958809494972229,0.6182182431221008,0.2991116940975189,0.5061801671981812,0.7340026497840881,0.481663703918457,0.1441098004579544,0.5256720185279846,0.5791707634925842,0.834514319896698,0.4612099230289459,0.8344312310218811,0.0,0.0,0.0,0.0,0.0,0.0,0.0,0.0,0.520879864692688,0.4770050048828125
0.5732287168502808,0.3183452188968658,0.5846962332725525,0.2953415513038635,0.5478557348251343,0.2949799001216888,0.0,0.0,0.5014809370040894,0.3226201832294464,0.6171751022338867,0.4807589054107666,0.4558819234371185,0.4703220725059509,0.7082497477531433,0.6244341731071472,0.3217755854129791,0.5018491148948669,0.7081469297409058,0.5054790377616882,0.1602948009967804,0.5191686153411865,0.5993773341178894,0.8507861495018005,0.4801740050315857,0.8472580313682556,0.0,0.0,0.0,0.0,0.0,0.0,0.0,0.0,0.5375170707702637,0.4737947881221771
0.5818365812301636,0.3175987601280212,0.5942268371582031,0.2943703830242157,0.5586575269699097,0.2932702600955963,0.0,0.0,0.5114883184432983,0.3204676210880279,0.6259821057319641,0.4823535084724426,0.4632201194763183,0.4675232768058777,0.712505042552948,0.6201134324073792,0.3333394527435303,0.5049963593482971,0.7278329730033875,0.4793765842914581,0.1670616716146469,0.5251131057739258,0.6057903170585632,0.8473400473594666,0.4890879690647125,0.8377383947372437,0.0,0.0,0.0,0.0,0.0,0.0,0.0,0.0,0.5455299019813538,0.4723904430866241
0.5864625573158264,0.3135849833488464,0.5971742868423462,0.2901113927364349,0.5647420287132263,0.2894649803638458,0.0,0.0,0.5136818289756775,0.3143346905708313,0.6194824576377869,0.476316750049591,0.4620180428028106,0.459526389837265,0.7001639604568481,0.6048210859298706,0.3410272002220154,0.5036808848381042,0.7325619459152222,0.472326785326004,0.1768298149108886,0.5242916941642761,0.6044058799743652,0.836794376373291,0.492765873670578,0.8330402970314026,0.0,0.0,0.0,0.0,0.0,0.0,0.0,0.0,0.5409000515937805,0.4678158462047577
0.5706547498703003,0.3097409904003143,0.5804150700569153,0.2856054604053497,0.5450510382652283,0.285663902759552,0.0,0.0,0.4910528063774109,0.3119041621685028,0.5992192625999451,0.473904401063919,0.4503054022789001,0.4521220624446869,0.6733025908470154,0.6199846863746643,0.3178623020648956,0.494659274816513,0.6815031170845032,0.494766891002655,0.1565232425928115,0.518921971321106,0.5908538103103638,0.8261055946350098,0.4761388599872589,0.8175689578056335,0.0,0.0,0.0,0.0,0.0,0.0,0.0,0.0,0.5249637365341187,0.4614655077457428
0.5576158761978149,0.3051884770393371,0.5656954646110535,0.2819965481758117,0.5326393842697144,0.280209332704544,0.0,0.0,0.4801342785358429,0.30952188372612,0.5855892300605774,0.4699976146221161,0.4381158351898193,0.4512059986591339,0.6653238534927368,0.6150800585746765,0.3107729852199554,0.4932316243648529,0.6883444786071777,0.4582105278968811,0.146333560347557,0.5095751881599426,0.5790649652481079,0.8176735043525696,0.4661550223827362,0.8174665570259094,0.0,0.0,0.0,0.0,0.0,0.0,0.0,0.0,0.5124658346176147,0.4601073563098907
0.5343903303146362,0.3079233467578888,0.5458429455757141,0.2830949127674103,0.5094174146652222,0.2832994759082794,0.0,0.0,0.4641185104846954,0.3134624660015106,0.5758149027824402,0.4770608246326446,0.4226367473602295,0.4531695246696472,0.657638430595398,0.6024360656738281,0.2950786054134369,0.4925917983055115,0.7183932662010193,0.4674324095249176,0.1313765496015548,0.5058892965316772,0.5603190064430237,0.8289240598678589,0.4510405361652374,0.831299901008606,0.0,0.0,0.0,0.0,0.0,0.0,0.0,0.0,0.5002873539924622,0.4652160108089447
0.5206122994422913,0.3069327771663666,0.5341340899467468,0.2810016870498657,0.4957229495048523,0.2861192524433136,0.5533982515335083,0.3059435486793518,0.4621247947216034,0.3181554675102234,0.5732340216636658,0.479458749294281,0.4219528138637543,0.4555878937244415,0.6515266299247742,0.6131330132484436,0.2924461364746094,0.4912770688533783,0.6933440566062927,0.4845015108585357,0.1243942305445671,0.5051706433296204,0.5551888942718506,0.8331266641616821,0.4441039562225342,0.8471952080726624,0.0,0.0,0.0,0.0,0.0,0.0,0.0,0.0,0.4996559023857116,0.4685309827327728
0.5162105560302734,0.304922491312027,0.531741738319397,0.2792012691497803,0.4936257004737854,0.2820043563842773,0.5523404479026794,0.3074527084827423,0.4625163972377777,0.3162172734737396,0.5770233869552612,0.4768591225147247,0.4199582636356354,0.4555794596672058,0.6548572778701782,0.6153775453567505,0.2915213406085968,0.4894574284553528,0.6762457489967346,0.4759247899055481,0.1187181249260902,0.5019093155860901,0.5544319748878479,0.8316835165023804,0.4417674541473388,0.8470281362533569,0.0,0.0,0.0,0.0,0.0,0.0,0.0,0.0,0.5008533000946045,0.4673044383525848
0.522292971611023,0.3048197329044342,0.5379447937011719,0.2792687714099884,0.4986517429351806,0.2816842198371887,0.5590591430664062,0.3094947040081024,0.4675087928771972,0.3171737194061279,0.5824518203735352,0.4813270568847656,0.4268036186695099,0.4542103707790375,0.6601549386978149,0.6205121278762817,0.2956054210662842,0.4838735163211822,0.6875690221786499,0.4957532882690429,0.1308853179216385,0.4913882613182068,0.5639134049415588,0.826529860496521,0.4497745931148529,0.8296872973442078,0.0,0.0,0.0,0.0,0.0,0.0,0.0,0.0,0.5068351030349731,0.4685381054878235
0.5299006700515747,0.3037453591823578,0.5453230738639832,0.2797347903251648,0.5070769190788269,0.2814711630344391,0.5661600828170776,0.3098201751708984,0.4740657210350036,0.3168620765209198,0.5883228182792664,0.4757196605205536,0.4349206387996673,0.4502644836902618,0.6684221625328064,0.6163962483406067,0.3112153708934784,0.4825007915496826,0.6921388506889343,0.4909329712390899,0.1489735096693039,0.4922325909137726,0.57198566198349,0.8159576654434204,0.4553480148315429,0.8257349729537964,0.0,0.0,0.0,0.0,0.0,0.0,0.0,0.0,0.5118356943130493,0.4626172482967376
0.5349947214126587,0.3054247796535492,0.5504860281944275,0.2812109887599945,0.5121514201164246,0.2816998958587646,0.5712460279464722,0.3150759637355804,0.4773799479007721,0.3175067603588104,0.5938109159469604,0.4755241274833679,0.4373001456260681,0.4508081972599029,0.6793246865272522,0.6020953059196472,0.3124218285083771,0.4858178198337555,0.7386234402656555,0.4759414494037628,0.1610594242811203,0.4951470792293548,0.5746803879737854,0.8171471357345581,0.4588761329650879,0.8285432457923889,0.0,0.0,0.0,0.0,0.0,0.0,0.0,0.0,0.5143823027610779,0.4621114134788513
0.5392770767211914,0.3097960948944092,0.5573370456695557,0.2844723761081695,0.5164593458175659,0.2850463688373565,0.5811750292778015,0.3169711530208587,0.4849794805049896,0.3168873488903045,0.6088176965713501,0.4788345694541931,0.4443311989307403,0.4526187777519226,0.699489414691925,0.6083040237426758,0.3137300908565521,0.4897195398807525,0.7680916786193848,0.473663181066513,0.1517955064773559,0.503289520740509,0.5820725560188293,0.8280893564224243,0.4613980650901794,0.8274879455566406,0.0,0.0,0.0,0.0,0.0,0.0,0.0,0.0,0.5257437229156494,0.4650769531726837
0.5555514693260193,0.3158929646015167,0.5733123421669006,0.2884717583656311,0.5310562252998352,0.2944630086421966,0.6026603579521179,0.3129299581050873,0.505766749382019,0.3226855099201202,0.6386537551879883,0.4817433357238769,0.4631001353263855,0.4571217000484466,0.7369926571846008,0.6252573132514954,0.3282581269741058,0.4975191950798034,0.7500206828117371,0.4742608964443207,0.1670839041471481,0.5186598896980286,0.5945203900337219,0.862314760684967,0.472090870141983,0.8451831936836243,0.0,0.0,0.0,0.0,0.0,0.0,0.0,0.0,0.5517764091491699,0.4679379463195801
0.5636473298072815,0.3214736878871918,0.5825423002243042,0.2933796346187591,0.5438339114189148,0.2969576716423034,0.61528080701828,0.3162062764167785,0.5235211253166199,0.3216147124767303,0.6554754376411438,0.4833836555480957,0.4766768515110016,0.4600538909435272,0.7734719514846802,0.616804301738739,0.3431148827075958,0.5055710673332214,0.7679644823074341,0.4606621265411377,0.1792733520269394,0.5274565815925598,0.604621946811676,0.851279079914093,0.4799498617649078,0.8456441164016724,0.0,0.0,0.0,0.0,0.0,0.0,0.0,0.0,0.5659448504447937,0.4712863266468048
0.5637392997741699,0.318464457988739,0.5843885540962219,0.2917685806751251,0.5456435680389404,0.2950483858585357,0.6229408383369446,0.3143999278545379,0.527771532535553,0.3181661963462829,0.6639671921730042,0.4847745895385742,0.4821355044841766,0.4664641916751861,0.7981266975402832,0.5999339818954468,0.3339287340641022,0.5083003640174866,0.8391903042793274,0.453480988740921,0.1609221696853637,0.5384629368782043,0.6058943867683411,0.8498310446739197,0.4841819703578949,0.8345762491226196,0.0,0.0,0.0,0.0,0.0,0.0,0.0,0.0,0.573771595954895,0.4737837016582489
0.556084930896759,0.3004264235496521,0.5771085023880005,0.2761609554290771,0.5389331579208374,0.2801239788532257,0.6148175597190857,0.3071610629558563,0.5209683775901794,0.3095541000366211,0.6603330373764038,0.4745106101036072,0.4749393463134765,0.4595708549022674,0.7890368103981018,0.6098211407661438,0.3160354197025299,0.5078283548355103,0.8128898739814758,0.4530212581157684,0.1355016082525253,0.5448879599571228,0.6097111105918884,0.8457360863685608,0.4839884340763092,0.8351482152938843,0.0,0.0,0.0,0.0,0.0,0.0,0.0,0.0,0.5674634575843811,0.4654980003833771
0.5496843457221985,0.2871754765510559,0.5713751912117004,0.2629973292350769,0.5309504270553589,0.2662105858325958,0.6065730452537537,0.3022312819957733,0.5100363492965698,0.3005044162273407,0.6544346213340759,0.4663839042186737,0.465521365404129,0.4594910740852356,0.7928126454353333,0.5934516191482544,0.2978822290897369,0.5135052800178528,0.7777199745178223,0.4379562437534332,0.1224143579602241,0.5598375201225281,0.6030104756355286,0.844683051109314,0.477157860994339,0.8337511420249939,0.0,0.0,0.0,0.0,0.0,0.0,0.0,0.0,0.5584179162979126,0.459907054901123
0.5325700044631958,0.2828430831432342,0.5534345507621765,0.2583681643009186,0.5149239301681519,0.2632310390472412,0.5981572270393372,0.2923224866390228,0.497980386018753,0.2987490594387054,0.6555938124656677,0.4532125294208526,0.4604576528072357,0.4617860913276672,0.8091599345207214,0.5677700042724609,0.2964422106742859,0.520891010761261,0.8105754852294922,0.3995749354362488,0.1217102482914924,0.5695223808288574,0.5976412892341614,0.8352681994438171,0.4700620770454407,0.8289054036140442,0.0,0.0,0.0,0.0,0.0,0.0,0.0,0.0,0.5585712194442749,0.4561860263347626
0.5367512106895447,0.282347172498703,0.5563945174217224,0.2531410157680511,0.5189401507377625,0.2622858881950378,0.6069758534431458,0.2738151848316192,0.5048580169677734,0.2944553196430206,0.6676903963088989,0.4403581321239471,0.4788247048854828,0.4596601128578186,0.8336211442947388,0.5546183586120605,0.3139145970344543,0.5234701037406921,0.8490151762962341,0.380842387676239,0.1341904699802398,0.5728774070739746,0.6103716492652893,0.8338468670845032,0.4824416041374206,0.8291001319885254,0.0,0.0,0.0,0.0,0.0,0.0,0.0,0.0,0.5725232362747192,0.4483278095722198
0.5686107277870178,0.2646985352039337,0.5899802446365356,0.2308689802885055,0.5536439418792725,0.2432377189397812,0.6472941637039185,0.2425177544355392,0.0,0.0,0.7213788628578186,0.4173079431056976,0.5288178324699402,0.4545188844203949,0.9003414511680603,0.5280667543411255,0.3876004517078399,0.5274804830551147,0.8457975387573242,0.3227486610412597,0.2206064313650131,0.5896103978157043,0.6610096096992493,0.8337148427963257,0.5280297994613647,0.8311727643013,0.0,0.0,0.0,0.0,0.0,0.0,0.0,0.0,0.6259011626243591,0.4324521124362945
0.5714417695999146,0.2631699740886688,0.5920583605766296,0.2298647165298462,0.557900607585907,0.2416983991861343,0.6511395573616028,0.2394345253705978,0.0,0.0,0.7267884612083435,0.4107305109500885,0.5446779131889343,0.4487516582012176,0.923350155353546,0.5217958688735962,0.4014539718627929,0.5363296270370483,0.906223475933075,0.3002770245075226,0.2276881635189056,0.6091096997261047,0.6669893860816956,0.8336209654808044,0.5414660573005676,0.819926917552948,0.0,0.0,0.0,0.0,0.0,0.0,0.0,0.0,0.6368209719657898,0.4273471236228943
0.5734232664108276,0.2736789286136627,0.5938670039176941,0.2387758195400238,0.559505045413971,0.2492790222167968,0.6525622010231018,0.2451064735651016,0.0,0.0,0.7251085042953491,0.4143502116203308,0.550255298614502,0.4426315724849701,0.9073774218559264,0.5265392661094666,0.4178891479969024,0.5380576252937317,0.8688095808029175,0.3127741813659668,0.245921716094017,0.6141372323036194,0.6558345556259155,0.830298900604248,0.5366299748420715,0.8154966235160828,0.0,0.0,0.0,0.0,0.0,0.0,0.0,0.0,0.6382185816764832,0.4258729815483093
0.5543798208236694,0.281171977519989,0.576374888420105,0.2496080547571182,0.542736828327179,0.2573361992835998,0.6334952712059021,0.2607985734939575,0.0,0.0,0.6931057572364807,0.4149234294891357,0.537842869758606,0.4491905868053436,0.8600400686264038,0.535426676273346,0.4310453236103058,0.5483537912368774,0.8024576902389526,0.3138019740581512,0.2520720958709717,0.6296231150627136,0.6274756789207458,0.8337820172309875,0.5161827206611633,0.8250251412391663,0.0,0.0,0.0,0.0,0.0,0.0,0.0,0.0,0.6140460968017578,0.4294417798519134
0.5361829996109009,0.2863587439060211,0.5559247732162476,0.2539110779762268,0.5239905714988708,0.2632853090763092,0.616794228553772,0.2624919414520263,0.0,0.0,0.6730161309242249,0.414058119058609,0.5375022888183594,0.4422283470630646,0.8489698171615601,0.5215986967086792,0.4416045546531677,0.550783097743988,0.8372777104377747,0.2745634019374847,0.2583271265029907,0.6407381892204285,0.6025163531303406,0.8471456170082092,0.5049042105674744,0.828133225440979,0.0,0.0,0.0,0.0,0.0,0.0,0.0,0.0,0.6031609177589417,0.4269232451915741
0.5278285145759583,0.2936807572841644,0.5465500950813293,0.2590954005718231,0.5152338147163391,0.2701478004455566,0.6101980209350586,0.2621989548206329,0.0,0.0,0.6638961434364319,0.4177553951740265,0.5308115482330322,0.4465112686157226,0.825613796710968,0.5366507768630981,0.4363756477832794,0.5513256192207336,0.7717586755752563,0.3112502098083496,0.2560223639011383,0.6423259973526001,0.5973242521286011,0.8446686863899231,0.504449725151062,0.8193525075912476,0.0,0.0,0.0,0.0,0.0,0.0,0.0,0.0,0.5971288084983826,0.4301632940769195
0.5249170660972595,0.2853053510189056,0.5445883274078369,0.2516206800937652,0.515442967414856,0.2596178352832794,0.6105603575706482,0.2564825713634491,0.0,0.0,0.6637827754020691,0.4080801606178283,0.5340629816055298,0.4473981261253357,0.8156909346580505,0.5278453826904297,0.4491057693958282,0.5480052828788757,0.7355294227600098,0.2986327111721039,0.26328244805336,0.639829695224762,0.5969634056091309,0.8457136750221252,0.5026787519454956,0.8283452391624451,0.0,0.0,0.0,0.0,0.0,0.0,0.0,0.0,0.5985249876976013,0.4257832467556
0.5200250744819641,0.2679415643215179,0.5405648946762085,0.2351639717817306,0.5105264782905579,0.2444776594638824,0.6059697866439819,0.2428130954504013,0.0,0.0,0.6629027724266052,0.3925269544124603,0.5341829061508179,0.4370568394660949,0.8270896077156067,0.4997884631156921,0.4581981599330902,0.5451483130455017,0.7763686776161194,0.2483464628458023,0.2782205641269684,0.6458956599235535,0.6056226491928101,0.8684240579605103,0.5079019069671631,0.849315345287323,0.0,0.0,0.0,0.0,0.0,0.0,0.0,0.0,0.597176194190979,0.4127020537853241
0.5232133269309998,0.2599932551383972,0.5418624877929688,0.2263861447572708,0.5133217573165894,0.2369596511125564,0.6081771850585938,0.2322589010000229,0.0,0.0,0.6634932160377502,0.3870514333248138,0.5393377542495728,0.4383023083209991,0.8291360139846802,0.499669075012207,0.4609517157077789,0.5442588925361633,0.7543038129806519,0.249212235212326,0.2834873795509338,0.6461159586906433,0.6109172105789185,0.879991352558136,0.5116499066352844,0.8509795069694519,0.0,0.0,0.0,0.0,0.0,0.0,0.0,0.0,0.5998218655586243,0.4086630642414093
0.5301932692527771,0.260220319032669,0.5477160811424255,0.2245082557201385,0.5195861458778381,0.2371770143508911,0.6186115145683289,0.2273586541414261,0.0,0.0,0.6722006797790527,0.3813054859638214,0.5436257719993591,0.4209182560443878,0.8265829682350159,0.5003919005393982,0.4722659587860107,0.541528582572937,0.733167827129364,0.293224573135376,0.2940904796123504,0.6457895040512085,0.6149643063545227,0.8828669786453247,0.5112639665603638,0.852938175201416,0.0,0.0,0.0,0.0,0.0,0.0,0.0,0.0,0.6057539582252502,0.3981154263019562
0.5313876271247864,0.2578777968883514,0.551375150680542,0.2224341779947281,0.5230563282966614,0.231866717338562,0.6223102807998657,0.228356122970581,0.0,0.0,0.6712926030158997,0.3817726671695709,0.559644877910614,0.4187111556529999,0.8229333758354187,0.485177606344223,0.4791223108768463,0.5443391799926758,0.7361965775489807,0.2177678793668747,0.3003820478916168,0.652575671672821,0.614233136177063,0.8874626159667969,0.5163871645927429,0.8673762083053589,0.0,0.0,0.0,0.0,0.0,0.0,0.0,0.0,0.6148538589477539,0.397387683391571
0.5299087166786194,0.2606669664382934,0.5479726791381836,0.2255957871675491,0.520605742931366,0.2370702475309372,0.6194671988487244,0.226649060845375,0.0,0.0,0.6730971336364746,0.3824009597301483,0.5573801398277283,0.4246721863746643,0.8238212466239929,0.4917972385883331,0.4773432314395904,0.5465061664581299,0.7475520968437195,0.2257214337587356,0.3022975325584411,0.6550796627998352,0.6136701703071594,0.8876060247421265,0.5156732201576233,0.867409884929657,0.0,0.0,0.0,0.0,0.0,0.0,0.0,0.0,0.6142045259475708,0.4008296430110931
0.5215763449668884,0.2683708965778351,0.5411065220832825,0.2325036525726318,0.513773500919342,0.2411919981241226,0.6093242764472961,0.2340653091669082,0.0,0.0,0.6675678491592407,0.3871993720531463,0.5485256910324097,0.4413710534572601,0.8097527623176575,0.5036094784736633,0.4716553092002868,0.5496031641960144,0.7383193373680115,0.24504916369915,0.3001526296138763,0.6553836464881897,0.6039690971374512,0.8999210000038147,0.5132907629013062,0.8559227585792542,0.0,0.0,0.0,0.0,0.0,0.0,0.0,0.0,0.606289803981781,0.408497154712677
0.5492812991142273,0.2566735446453094,0.5765861868858337,0.2314663827419281,0.5354804396629333,0.231533020734787,0.6229409575462341,0.2663316428661346,0.0,0.0,0.6763339638710022,0.4095740616321563,0.4934093356132507,0.4549372792243957,0.8751559257507324,0.4933399856090545,0.3592413365840912,0.5498393774032593,0.8451972603797913,0.2537878751754761,0.1816370189189911,0.6391461491584778,0.6343444585800171,0.8299498558044434,0.5095522999763489,0.8306690454483032,0.0,0.0,0.0,0.0,0.0,0.0,0.0,0.0,0.584516704082489,0.4295118749141693
0.5502932667732239,0.2572999596595764,0.5772044062614441,0.2315718084573745,0.536509096622467,0.2321158945560455,0.6238228678703308,0.265109658241272,0.0,0.0,0.6811618804931641,0.4110992550849914,0.4929570257663727,0.4574500620365143,0.8754187822341919,0.4946780502796173,0.353496104478836,0.5546237230300903,0.8423768281936646,0.2616222500801086,0.1845132112503051,0.6383419036865234,0.6349285244941711,0.8308395743370056,0.5100494623184204,0.8313450217247009,0.0,0.0,0.0,0.0,0.0,0.0,0.0,0.0,0.5850831270217896,0.4309127330780029
0.553942084312439,0.2567427456378937,0.5788842439651489,0.2313080579042434,0.5395492315292358,0.2330849170684814,0.623613715171814,0.2643019556999206,0.5228946208953857,0.2612553238868713,0.6809792518615723,0.4118624329566955,0.4937878251075744,0.4599032402038574,0.8685942888259888,0.4975401759147644,0.360216349363327,0.5507253408432007,0.8113135695457458,0.3065134882926941,0.1852539479732513,0.6377164721488953,0.6363558769226074,0.8331307768821716,0.5116890072822571,0.8326063752174377,0.0,0.0,0.0,0.0,0.0,0.0,0.0,0.0,0.5856197476387024,0.4325925707817077
0.5518299341201782,0.2573729455471039,0.5773649215698242,0.2301067858934402,0.537768542766571,0.2316624075174331,0.6237091422080994,0.2630946040153503,0.0,0.0,0.6739969253540039,0.413547933101654,0.4972753524780273,0.4567689597606659,0.865156352519989,0.5094737410545349,0.3655418455600738,0.5493283867835999,0.7819533348083496,0.3328280746936798,0.185863122344017,0.6373023390769958,0.6330000162124634,0.8321669697761536,0.5115141272544861,0.8315482139587402,0.0,0.0,0.0,0.0,0.0,0.0,0.0,0.0,0.586319625377655,0.4318109154701233
0.5481725931167603,0.2572508454322815,0.5744658708572388,0.2308741956949234,0.5323950052261353,0.2337933331727981,0.620773434638977,0.2642056047916412,0.5166356563568115,0.2624652087688446,0.6805111169815063,0.4099231660366058,0.4946125447750091,0.4591739475727081,0.8764795660972595,0.488109827041626,0.3622471988201141,0.5525592565536499,0.8551300168037415,0.2459340095520019,0.1850140839815139,0.6386564373970032,0.6351872086524963,0.8274235725402832,0.5104988217353821,0.8289328217506409,0.0,0.0,0.0,0.0,0.0,0.0,0.0,0.0,0.5842859148979187,0.4321490228176117
0.5438520908355713,0.2592845559120178,0.5687707662582397,0.2319514602422714,0.5285875201225281,0.2354429960250854,0.617156445980072,0.2605780959129333,0.0,0.0,0.6757112741470337,0.410519927740097,0.4936619102954864,0.4598666131496429,0.8757311105728149,0.4982070624828338,0.3570675849914551,0.5569772720336914,0.8777638673782349,0.2746935188770294,0.1884526312351226,0.6419593691825867,0.6332892775535583,0.8291055560112,0.5089434385299683,0.8305670619010925,0.0,0.0,0.0,0.0,0.0,0.0,0.0,0.0,0.5830578804016113,0.432670384645462
0.5448716282844543,0.2584443688392639,0.5705350041389465,0.231255367398262,0.5291016101837158,0.2349482625722885,0.6183716654777527,0.2624821364879608,0.5140559077262878,0.2617003321647644,0.6763566732406616,0.4130270779132843,0.492270290851593,0.458804041147232,0.8712835311889648,0.5066215991973877,0.3621777594089508,0.5520657896995544,0.8305912613868713,0.2915692329406738,0.1867113262414932,0.639472484588623,0.6333054304122925,0.829400360584259,0.508806049823761,0.8316156268119812,0.0,0.0,0.0,0.0,0.0,0.0,0.0,0.0,0.5823734998703003,0.4338216781616211
0.5422142148017883,0.2589723765850067,0.5671952962875366,0.2323342263698578,0.52796471118927,0.2356873601675033,0.61613529920578,0.2649992108345032,0.0,0.0,0.6737105250358582,0.4134049415588379,0.4890332818031311,0.4615135788917541,0.8628298044204712,0.5029937624931335,0.3509063124656677,0.5592339634895325,0.8109532594680786,0.2979019284248352,0.1851276457309723,0.6453078389167786,0.6305808424949646,0.83202064037323,0.5051025152206421,0.8346964120864868,0.0,0.0,0.0,0.0,0.0,0.0,0.0,0.0,0.5798800587654114,0.4356290996074676
0.5388354063034058,0.2596840560436249,0.5634452104568481,0.2325703650712967,0.5237666368484497,0.2365404218435287,0.6138232946395874,0.2626829743385315,0.0,0.0,0.670992374420166,0.4124570488929748,0.487397700548172,0.4615737795829773,0.867520809173584,0.4974296391010284,0.3434309959411621,0.5646148324012756,0.8603077530860901,0.2739162147045135,0.1748023480176925,0.6597420573234558,0.6268317103385925,0.832051694393158,0.5033639073371887,0.8342140316963196,0.0,0.0,0.0,0.0,0.0,0.0,0.0,0.0,0.5779995918273926,0.4352982342243194
0.5365952253341675,0.2594858109951019,0.5607817769050598,0.232003703713417,0.5213369131088257,0.2372706085443496,0.612518310546875,0.2622012197971344,0.0,0.0,0.6688382029533386,0.4125219881534576,0.4866445064544678,0.4611339569091797,0.8646424412727356,0.5043417811393738,0.3431080281734466,0.5603736042976379,0.8590297102928162,0.2941376268863678,0.1727242022752761,0.6528109908103943,0.6247954964637756,0.8308666348457336,0.5005530118942261,0.8326141238212585,0.0,0.0,0.0,0.0,0.0,0.0,0.0,0.0,0.5764570236206055,0.4351689517498016
0.5367342829704285,0.2592228055000305,0.560151219367981,0.2312037497758865,0.5223061442375183,0.2367116510868072,0.6123348474502563,0.260852038860321,0.0,0.0,0.6694320440292358,0.4167133271694183,0.4870083034038543,0.4599156975746155,0.8528661131858826,0.5112909078598022,0.3375807404518127,0.5562145113945007,0.8015915751457214,0.3275597393512726,0.1701657772064209,0.643545925617218,0.6242866516113281,0.8309907913208008,0.499632328748703,0.8327050805091858,0.0,0.0,0.0,0.0,0.0,0.0,0.0,0.0,0.5766524076461792,0.4369481205940246
0.5378937125205994,0.2575473487377167,0.5620622038841248,0.2312821596860885,0.5239734053611755,0.2348061352968216,0.6123722791671753,0.2659216523170471,0.5104254484176636,0.2624283134937286,0.6649912595748901,0.4139683544635772,0.4847008883953094,0.4585343301296234,0.851570188999176,0.5099694132804871,0.3404819071292877,0.5516944527626038,0.7756831049919128,0.3229301273822784,0.1595151424407959,0.6453184485435486,0.622957170009613,0.8349299430847168,0.4983582496643066,0.8439880609512329,0.0,0.0,0.0,0.0,0.0,0.0,0.0,0.0,0.5750643610954285,0.4345188736915588
0.5370821356773376,0.2590337693691253,0.5619691014289856,0.2317348420619964,0.520573079586029,0.2353260070085525,0.6108540892601013,0.2633767426013946,0.5052286386489868,0.2619680762290954,0.665610671043396,0.4156532287597656,0.4748664200305938,0.4646773934364319,0.8544993996620178,0.5046166777610779,0.3217167854309082,0.5597292184829712,0.8191593885421753,0.2955400347709656,0.1561556011438369,0.645033061504364,0.6264317631721497,0.8425788283348083,0.4969704449176788,0.8469842076301575,0.0,0.0,0.0,0.0,0.0,0.0,0.0,0.0,0.5711720585823059,0.43803271651268
0.5382512807846069,0.2539598047733307,0.5629382729530334,0.2286699265241623,0.5200091600418091,0.2311853319406509,0.6079529523849487,0.2623854577541351,0.5009668469429016,0.2615309655666351,0.6646238565444946,0.4171061217784881,0.4679436683654785,0.4619931280612945,0.858665943145752,0.5119773745536804,0.3147150576114654,0.5550299882888794,0.861050009727478,0.304554671049118,0.1475086212158203,0.6399043798446655,0.624160647392273,0.853213906288147,0.492017537355423,0.8682652711868286,0.0,0.0,0.0,0.0,0.0,0.0,0.0,0.0,0.5650240182876587,0.4384166300296783
0.5483905673027039,0.2286348789930343,0.5752850770950317,0.2046311348676681,0.5310179591178894,0.2056110054254531,0.6171420812606812,0.2494871616363525,0.5103791952133179,0.2424006760120391,0.6804617643356323,0.4153610169887543,0.4702402055263519,0.4552528262138366,0.8710378408432007,0.5268416404724121,0.311368316411972,0.5414213538169861,0.8117592930793762,0.3331491351127624,0.11119195073843,0.6298367381095886,0.6301271319389343,0.8674493432044983,0.4876185953617096,0.8845291137695312,0.0,0.0,0.0,0.0,0.0,0.0,0.0,0.0,0.5733258128166199,0.4356430172920227
0.553270697593689,0.2164904922246933,0.5807164907455444,0.1914155483245849,0.5344505906105042,0.1944128423929214,0.6241225600242615,0.2348877638578415,0.5138803124427795,0.2360699325799942,0.6972204446792603,0.4113014638423919,0.4714450240135193,0.4518492519855499,0.8875910043716431,0.5141347050666809,0.3020346462726593,0.541797935962677,0.8747681379318237,0.3127390444278717,0.1013578251004219,0.6317437291145325,0.649539053440094,0.8783122301101685,0.4910649955272674,0.8819953799247742,0.0,0.0,0.0,0.0,0.0,0.0,0.0,0.0,0.582241952419281,0.4307733476161957
0.5554286241531372,0.2100267112255096,0.5814449191093445,0.1844564378261566,0.5336629152297974,0.1896254569292068,0.6258858442306519,0.2266776412725448,0.5120529532432556,0.2353664934635162,0.6981678605079651,0.4083135426044464,0.4710467755794525,0.4490807056427002,0.888607382774353,0.5141942501068115,0.2911835312843323,0.5415461659431458,0.8879767656326294,0.2904691994190216,0.0935265272855758,0.6334370970726013,0.6527274250984192,0.8847923874855042,0.4880287945270538,0.8994512557983398,0.0,0.0,0.0,0.0,0.0,0.0,0.0,0.0,0.5824592709541321,0.4272186756134033
0.5472795963287354,0.2083306163549423,0.5731081366539001,0.1802701652050018,0.5254620909690857,0.1840469390153885,0.614255964756012,0.2235154807567596,0.500636637210846,0.2259624451398849,0.6772732734680176,0.4092752337455749,0.4504187703132629,0.435854822397232,0.8560410141944885,0.5313419699668884,0.2592138946056366,0.5315138101577759,0.8159791231155396,0.3412385582923889,0.0403854921460151,0.6317445039749146,0.6337742209434509,0.9174579381942748,0.4718947410583496,0.9203622937202454,0.0,0.0,0.0,0.0,0.0,0.0,0.0,0.0,0.5616230368614197,0.4230983257293701
0.5332407355308533,0.2042965441942215,0.558324933052063,0.1757862567901611,0.5100089907646179,0.1769555956125259,0.5973745584487915,0.2168619632720947,0.4819552600383758,0.2213310450315475,0.6588305234909058,0.4105095863342285,0.4261985719203949,0.4327814877033233,0.8352754712104797,0.537450909614563,0.2228814214468002,0.527804434299469,0.8273026347160339,0.3321383595466614,0.0209523644298315,0.6059994697570801,0.6061626076698303,0.9034299850463868,0.432737797498703,0.9196934700012208,0.0,0.0,0.0,0.0,0.0,0.0,0.0,0.0,0.5434182286262512,0.423880398273468
0.5362048149108887,0.2123226374387741,0.5604254007339478,0.1782488822937011,0.5119646787643433,0.1841298192739486,0.6034073829650879,0.2104818969964981,0.4849402606487274,0.2237447798252105,0.6639703512191772,0.4139432311058044,0.4330845177173614,0.4243492484092712,0.8344045281410217,0.5511232018470764,0.2338223457336425,0.5133621096611023,0.8383960127830505,0.3692471981048584,0.0207986831665039,0.5929757356643677,0.6101194620132446,0.9038313627243042,0.4348365664482116,0.9196920990943908,0.0,0.0,0.0,0.0,0.0,0.0,0.0,0.0,0.5474638342857361,0.421654611825943
0.5426812767982483,0.2117131054401397,0.5674261450767517,0.1810570508241653,0.5206996202468872,0.1858695447444915,0.6087621450424194,0.2189545631408691,0.4952240288257599,0.2234733402729034,0.6678422093391418,0.4165229201316833,0.4410631060600281,0.4167093932628631,0.8351656198501587,0.5607909560203552,0.2400208264589309,0.5086575150489807,0.7878337502479553,0.3813071548938751,0.037235002964735,0.5856528282165527,0.6130108833312988,0.9558826088905334,0.4349726140499115,0.9398108124732972,0.0,0.0,0.0,0.0,0.0,0.0,0.0,0.0,0.5537832975387573,0.4173434674739837
0.5380008816719055,0.21270053088665,0.5636540055274963,0.179844468832016,0.5139130353927612,0.1852590888738632,0.6060321927070618,0.2127259522676468,0.4869580268859863,0.2253031283617019,0.6575813293457031,0.416713148355484,0.4354312717914581,0.4187472760677337,0.8272488713264465,0.5504242777824402,0.235407754778862,0.5075121521949768,0.8477514386177063,0.3670298457145691,0.0209246706217527,0.5857653021812439,0.6020022034645081,0.9048699140548706,0.4348070323467254,0.9068799018859864,0.0,0.0,0.0,0.0,0.0,0.0,0.0,0.0,0.5459710955619812,0.419833093881607
0.5346793532371521,0.2126892358064651,0.5588940978050232,0.1807632446289062,0.5099208950996399,0.1863186061382293,0.5993043780326843,0.2166375815868377,0.479863554239273,0.2278116792440414,0.6490656137466431,0.419745534658432,0.4256381690502167,0.417937695980072,0.8021788001060486,0.5599278807640076,0.2230379581451416,0.5061264634132385,0.8343418836593628,0.3762164413928985,0.0190773848444223,0.5808781981468201,0.5979467034339905,0.9585744738578796,0.4205630421638489,0.95681232213974,0.0,0.0,0.0,0.0,0.0,0.0,0.0,0.0,0.5374252796173096,0.4192728996276855
0.5306826233863831,0.2112183421850204,0.5546539425849915,0.1786537319421768,0.5054907202720642,0.1832825392484665,0.5919269323348999,0.2150812447071075,0.4748209416866302,0.2260394394397735,0.6415923237800598,0.426306813955307,0.4194307029247284,0.419499933719635,0.7894622087478638,0.5777673721313477,0.2092516422271728,0.5044015645980835,0.795106828212738,0.3885681331157684,0.0163979399949312,0.5756703615188599,0.5971835851669312,0.9568514227867126,0.4252910315990448,0.9407674074172974,0.0,0.0,0.0,0.0,0.0,0.0,0.0,0.0,0.5293750166893005,0.4213692843914032
0.5214458703994751,0.2109576612710952,0.5436908602714539,0.1787049025297165,0.4954144954681396,0.1835919916629791,0.5804197192192078,0.2114661186933517,0.4672348499298095,0.2240205109119415,0.6318039894104004,0.4295471012592315,0.4016975462436676,0.4126107692718506,0.7741008996963501,0.585690975189209,0.207404688000679,0.4997316300868988,0.7920086979866028,0.3885026574134826,0.0089285718277096,0.5684763193130493,0.5947480201721191,0.9752946496009828,0.4182432293891907,0.9543768167495728,0.0,0.0,0.0,0.0,0.0,0.0,0.0,0.0,0.5172603726387024,0.4188809394836426
0.5048953294754028,0.2098619788885116,0.5302214026451111,0.1828057020902633,0.4805386364459991,0.1843996495008468,0.569086492061615,0.2225333005189895,0.4509579837322235,0.227960392832756,0.615169882774353,0.4316708445549011,0.3888869881629944,0.3979261815547943,0.7478691935539246,0.578494131565094,0.1888363510370254,0.4729793667793274,0.8161486387252808,0.3892564177513122,0.0089285718277096,0.522891104221344,0.560427725315094,0.9033950567245485,0.3974224925041199,0.8867512941360474,0.0,0.0,0.0,0.0,0.0,0.0,0.0,0.0,0.503511369228363,0.4133453667163849
0.4977010190486908,0.2152151018381118,0.5224054455757141,0.1868819296360016,0.4732838273048401,0.1887358576059341,0.5591408014297485,0.2267642468214035,0.4431605935096741,0.2300426959991455,0.6025223135948181,0.4330851435661316,0.3849444091320038,0.38985675573349,0.7262337803840637,0.5888248085975647,0.1916811466217041,0.4294118583202362,0.7588583827018738,0.4056265354156494,0.0089285718277096,0.4429865479469299,0.5406375527381897,0.8856597542762756,0.379080593585968,0.8689612150192261,0.0,0.0,0.0,0.0,0.0,0.0,0.0,0.0,0.4932246506214142,0.4084616601467132
0.4815329909324646,0.2178678810596466,0.50482177734375,0.1890615671873092,0.4557221829891205,0.1901274919509887,0.5358428955078125,0.2268034368753433,0.4217503368854522,0.230458378791809,0.5671648383140564,0.4363686144351959,0.368831604719162,0.3932654559612274,0.6829313635826111,0.5942220091819763,0.1888220459222793,0.3964776396751404,0.7010666728019714,0.4202341735363006,0.0089285718277096,0.3663599789142608,0.5143111348152161,0.8795624375343323,0.3619109988212585,0.8674341440200806,0.0,0.0,0.0,0.0,0.0,0.0,0.0,0.0,0.4691994190216064,0.4107880592346191
0.484754353761673,0.2273970693349838,0.5073992013931274,0.2009428292512893,0.4588286876678467,0.2000650912523269,0.5371778607368469,0.2373908758163452,0.4239234626293182,0.2397308498620987,0.5731457471847534,0.431848794221878,0.3759029805660248,0.4019165337085724,0.7058693766593933,0.5554014444351196,0.2078972905874252,0.4042970836162567,0.7338649034500122,0.3667851090431213,0.0089285718277096,0.3722452819347381,0.5210790038108826,0.866455078125,0.3734655976295471,0.8497762680053711,0.0,0.0,0.0,0.0,0.0,0.0,0.0,0.0,0.4730835258960724,0.4138671457767486
0.5187457799911499,0.2372548729181289,0.5394338369369507,0.2079009562730789,0.4933652281761169,0.212375208735466,0.5712206959724426,0.2439985126256942,0.4613354206085205,0.2576083540916443,0.6181535720825195,0.4437637329101562,0.4110786616802215,0.4163432121276855,0.7423084378242493,0.5903810262680054,0.2672054469585418,0.4151102602481842,0.7613364458084106,0.4158321321010589,0.0430799052119255,0.3504171073436737,0.5833802819252014,0.8854684233665466,0.4275638461112976,0.90157550573349,0.0,0.0,0.0,0.0,0.0,0.0,0.0,0.0,0.514524519443512,0.4268015325069427
0.5404025912284851,0.2414026260375976,0.5625889301300049,0.2181140929460525,0.5166015625,0.2176340073347091,0.591450035572052,0.2592959702014923,0.4837278723716736,0.2590142786502838,0.6342945098876953,0.4410974681377411,0.4351135194301605,0.4249153137207031,0.7704042792320251,0.563348650932312,0.2729232907295227,0.4294862449169159,0.7609814405441284,0.3867189288139343,0.0623980835080146,0.3968614041805267,0.6091926693916321,0.8860839605331421,0.4545139968395233,0.9009968638420104,0.0,0.0,0.0,0.0,0.0,0.0,0.0,0.0,0.5366636514663696,0.4317627847194671
0.5601688027381897,0.2578926682472229,0.5806695818901062,0.2275402545928955,0.5348175764083862,0.2337115556001663,0.614936351776123,0.2634660601615906,0.5060828924179077,0.2735911607742309,0.6582488417625427,0.4429022371768951,0.4657589793205261,0.436116874217987,0.7962912321090698,0.5548043251037598,0.3152527213096618,0.4513540267944336,0.7995781898498535,0.3817298710346222,0.118807129561901,0.4278662204742431,0.6249736547470093,0.8683204054832458,0.4856764376163482,0.8533810973167419,0.0,0.0,0.0,0.0,0.0,0.0,0.0,0.0,0.5605784058570862,0.4375880658626556
0.5736125111579895,0.2633700370788574,0.5947369933128357,0.2340060025453567,0.5490943193435669,0.2415090054273605,0.6290243268013,0.2689855694770813,0.521460235118866,0.2817814648151397,0.6684815287590027,0.4515532553195953,0.4783709049224853,0.4401269853115082,0.8042324185371399,0.5737600326538086,0.3337376117706299,0.4568997323513031,0.8000680208206177,0.4230000078678131,0.1529278308153152,0.4398880004882812,0.6377692818641663,0.8639389276504517,0.4954074025154114,0.8637393712997437,0.0,0.0,0.0,0.0,0.0,0.0,0.0,0.0,0.5743511915206909,0.4425654113292694
0.5843496322631836,0.2738874554634094,0.6052026748657227,0.2455896139144897,0.5601820349693298,0.2514673471450805,0.6371922492980957,0.276296317577362,0.5319661498069763,0.2885700762271881,0.6726314425468445,0.4456571638584137,0.4860057532787323,0.4397036135196686,0.8112645149230957,0.5681155323982239,0.3464182317256927,0.456686794757843,0.8037157654762268,0.400246649980545,0.1659917086362838,0.442231148481369,0.6457504034042358,0.8451310396194458,0.5077131390571594,0.8336065411567688,0.0,0.0,0.0,0.0,0.0,0.0,0.0,0.0,0.5799121856689453,0.4397810101509094
0.6819783449172974,0.247526615858078,0.7016061544418335,0.2255137860774994,0.6596132516860962,0.2270310968160629,0.7273491024971008,0.2549817860126495,0.6287626624107361,0.2578926086425781,0.7760531306266785,0.4149606227874756,0.5622562766075134,0.4053436815738678,0.9192286133766174,0.5074776411056519,0.4006028175354004,0.4243181347846985,0.0,0.0,0.2413400560617447,0.4428200721740722,0.7571678161621094,0.8509133458137512,0.5944386124610901,0.8331483602523804,0.0,0.0,0.0,0.0,0.0,0.0,0.0,0.0,0.6697819828987122,0.4086471498012543
0.6842538714408875,0.2495429962873459,0.7048919796943665,0.2269928455352783,0.6632185578346252,0.2276883870363235,0.7311970591545105,0.2564089596271515,0.6328216195106506,0.2551802396774292,0.7750416398048401,0.4170497953891754,0.5623006820678711,0.403451532125473,0.8971219658851624,0.5211474895477295,0.3874979019165039,0.4214301705360412,0.9910714030265808,0.5365660190582275,0.2387010008096695,0.4342993795871734,0.756279468536377,0.8492060303688049,0.5947637557983398,0.845957338809967,0.0,0.0,0.0,0.0,0.0,0.0,0.0,0.0,0.6706803441047668,0.4081356525421142
0.68315190076828,0.2463826686143875,0.7028396725654602,0.2246146351099014,0.6614037156105042,0.2265567332506179,0.7288948893547058,0.2550159096717834,0.6305153965950012,0.2580389380455017,0.77567058801651,0.4144138991832733,0.5588077902793884,0.4063238203525543,0.9357820153236388,0.4885367751121521,0.3868053555488586,0.4197461903095245,0.0,0.0,0.236903890967369,0.4329012036323547,0.7528024911880493,0.8476400971412659,0.592608630657196,0.83038330078125,0.0,0.0,0.0,0.0,0.0,0.0,0.0,0.0,0.6674742698669434,0.4083707332611084
0.6846614480018616,0.2469345331192016,0.7047773003578186,0.2248558104038238,0.663811981678009,0.2263926565647125,0.7313262224197388,0.2545168101787567,0.6341708302497864,0.2559185922145843,0.7797362208366394,0.4172489643096924,0.5640038847923279,0.4034620821475982,0.9031546711921692,0.5153344869613647,0.4120317101478576,0.4209628105163574,0.9910714030265808,0.5208262205123901,0.2422025948762893,0.4344370663166046,0.7616671323776245,0.8508126139640808,0.6005463600158691,0.8471270203590393,0.0,0.0,0.0,0.0,0.0,0.0,0.0,0.0,0.67340087890625,0.4090534746646881
0.6907787919044495,0.2472336590290069,0.7112978100776672,0.2241444140672683,0.6702204346656799,0.2253151983022689,0.7375027537345886,0.2531898021697998,0.6399359703063965,0.2538668215274811,0.7822870016098022,0.4232423901557922,0.5728482007980347,0.4034833908081054,0.8964853286743164,0.5766282677650452,0.4159385859966278,0.4210448563098907,0.9134606719017028,0.5012301206588745,0.2467059344053268,0.4332766830921173,0.7577285766601562,0.852057933807373,0.6035060882568359,0.8471922278404236,0.0,0.0,0.0,0.0,0.0,0.0,0.0,0.0,0.6788307428359985,0.4113838374614715
0.691108763217926,0.2482644468545913,0.7118398547172546,0.2237299978733062,0.6697062253952026,0.2266139686107635,0.7399787902832031,0.2472208887338638,0.6399036049842834,0.253771960735321,0.7914735078811646,0.404004156589508,0.5742002725601196,0.4013063907623291,0.8896891474723816,0.5760451555252075,0.4178487360477447,0.422229915857315,0.8517498970031738,0.4694147408008575,0.2601363956928253,0.4344109892845154,0.7689065337181091,0.8494766354560852,0.6079608798027039,0.8452821969985962,0.0,0.0,0.0,0.0,0.0,0.0,0.0,0.0,0.682712197303772,0.4011929333209991
0.6885265707969666,0.249649167060852,0.7085675001144409,0.225277692079544,0.6674501299858093,0.2282008677721023,0.735673725605011,0.2539450824260711,0.6380686163902283,0.2583816647529602,0.77989262342453,0.4179019629955292,0.57304447889328,0.4031485021114349,0.8974266052246094,0.5511406660079956,0.4196395576000213,0.4252107739448547,0.9024115204811096,0.452490895986557,0.2474015951156616,0.4402829706668854,0.7596545219421387,0.8508438467979431,0.6029027700424194,0.8464972376823425,0.0,0.0,0.0,0.0,0.0,0.0,0.0,0.0,0.6788526177406311,0.4085483253002167
0.6821820139884949,0.2497637420892715,0.7025213241577148,0.226852461695671,0.6607866287231445,0.2285385280847549,0.7294062376022339,0.2567973136901855,0.6313409805297852,0.258428156375885,0.7702907919883728,0.4159778952598572,0.5658243894577026,0.4047867953777313,0.8948084115982056,0.502435564994812,0.4020181596279144,0.4228511750698089,0.9910714030265808,0.4756777584552765,0.2432752102613449,0.4395961165428161,0.7615755200386047,0.850617527961731,0.6009992361068726,0.846049427986145,0.0,0.0,0.0,0.0,0.0,0.0,0.0,0.0,0.6695858240127563,0.409059464931488
0.6796212196350098,0.251535564661026,0.6995134353637695,0.2259207665920257,0.656802237033844,0.2289356142282486,0.7265384793281555,0.2529090344905853,0.6267865300178528,0.2586479783058166,0.7723593711853027,0.4160905480384826,0.5606829524040222,0.4073287844657898,0.9252696633338928,0.4716469347476959,0.3991807997226715,0.4240101873874664,0.0,0.0,0.2422850131988525,0.4416489601135254,0.7539160847663879,0.8523982763290405,0.5928459167480469,0.8337141275405884,0.0,0.0,0.0,0.0,0.0,0.0,0.0,0.0,0.6664884686470032,0.4109966158866882
0.6797704696655273,0.2496060878038406,0.6994913220405579,0.2250932902097702,0.6570020914077759,0.2279392480850219,0.7263197898864746,0.2530558705329895,0.6267228126525879,0.2585243880748749,0.7712741494178772,0.4148212373256683,0.5591676235198975,0.404702752828598,0.9340284466743468,0.4779333770275116,0.3876407742500305,0.421623557806015,0.0,0.0,0.2334900200366974,0.4344789981842041,0.7550173997879028,0.8500722646713257,0.5862529873847961,0.8323922753334045,0.0,0.0,0.0,0.0,0.0,0.0,0.0,0.0,0.6657239198684692,0.4081826508045196
0.6812902688980103,0.2512936294078827,0.7014042735099792,0.2267184406518936,0.6591798067092896,0.2286528646945953,0.7282416224479675,0.254554271697998,0.6291440725326538,0.2568439841270447,0.7706509828567505,0.4162611961364746,0.5606772899627686,0.4036116600036621,0.9026099443435668,0.5063603520393372,0.3900947570800781,0.4201619625091553,0.0,0.0,0.2335293143987655,0.432424932718277,0.7533515691757202,0.8511064648628235,0.5931621789932251,0.8341003060340881,0.0,0.0,0.0,0.0,0.0,0.0,0.0,0.0,0.6673881411552429,0.4081144332885742
0.6841545701026917,0.2493656724691391,0.7049749493598938,0.2275069802999496,0.6632935404777527,0.227987453341484,0.7315126657485962,0.2580998241901397,0.6336988210678101,0.2556586861610412,0.7728502154350281,0.4166441261768341,0.5639938712120056,0.4029830396175384,0.889519989490509,0.5527688264846802,0.4011378586292267,0.4210973680019378,0.9255613684654236,0.4577798843383789,0.2401846945285797,0.4353112876415252,0.7569702863693237,0.8507930040359497,0.5969365239143372,0.8464134335517883,0.0,0.0,0.0,0.0,0.0,0.0,0.0,0.0,0.6702672839164734,0.4086160063743591
0.6833797097206116,0.2474085539579391,0.7045612335205078,0.2246690839529037,0.6628517508506775,0.2265985161066055,0.7306486368179321,0.2543041408061981,0.6339908838272095,0.2551047205924988,0.77294921875,0.4159985184669494,0.5667876601219177,0.4025098979473114,0.8767282366752625,0.5689690709114075,0.4017150104045868,0.422817975282669,0.8559098243713379,0.4566468894481659,0.2457629442214965,0.4389409124851227,0.7596792578697205,0.8312283158302307,0.6027778387069702,0.8303657174110413,0.0,0.0,0.0,0.0,0.0,0.0,0.0,0.0,0.6732773780822754,0.4075171053409576
0.6822353601455688,0.2476644814014434,0.7035353779792786,0.2249569594860077,0.6614120602607727,0.226513534784317,0.7295358777046204,0.2539464831352234,0.6322866082191467,0.2546849548816681,0.7712854743003845,0.4126847088336944,0.5668321251869202,0.4032025933265686,0.8743155598640442,0.569191038608551,0.4140768051147461,0.4250709414482116,0.8593620657920837,0.4545578360557556,0.2741372287273407,0.4378409683704376,0.7572631239891052,0.8170444369316101,0.6042402386665344,0.8258941769599915,0.0,0.0,0.0,0.0,0.0,0.0,0.0,0.0,0.6719456911087036,0.4056727290153503
0.681867241859436,0.2482491284608841,0.7019902467727661,0.2257082611322403,0.6592978835105896,0.2268059104681015,0.7269371151924133,0.256265252828598,0.628285825252533,0.257026731967926,0.7649869918823242,0.4150949120521545,0.5627812147140503,0.4033712446689605,0.888147234916687,0.5431503653526306,0.4030996859073639,0.4240604043006897,0.9431295990943908,0.4481136798858642,0.2439576238393783,0.4402250945568084,0.7554187178611755,0.852306067943573,0.5953717827796936,0.8604460954666138,0.0,0.0,0.0,0.0,0.0,0.0,0.0,0.0,0.6653603315353394,0.4075976014137268
0.6767922043800354,0.2478373944759369,0.6960803866386414,0.2239409536123275,0.6546503901481628,0.2264100760221481,0.7231663465499878,0.2509304583072662,0.6244202256202698,0.2570852935314178,0.7666894197463989,0.4159983098506927,0.5578776001930237,0.4036182463169098,0.882741391658783,0.5053916573524475,0.3832113742828369,0.4193780422210693,0.0,0.0,0.2216112315654754,0.4345758259296417,0.7532525658607483,0.849721372127533,0.5928870439529419,0.8599415421485901,0.0,0.0,0.0,0.0,0.0,0.0,0.0,0.0,0.6635751128196716,0.4087024331092834
0.676699697971344,0.248168870806694,0.6955529451370239,0.2236194759607315,0.6541670560836792,0.2258729189634323,0.7214795351028442,0.2502598166465759,0.623161792755127,0.255990594625473,0.7627606987953186,0.4102091491222381,0.5569978356361389,0.3988794386386871,0.9221287369728088,0.4726566970348358,0.3894560635089874,0.415034681558609,0.0,0.0,0.2228684723377227,0.4242903292179107,0.7527264952659607,0.8468877673149109,0.5853703618049622,0.8312116265296936,0.0,0.0,0.0,0.0,0.0,0.0,0.0,0.0,0.6611881256103516,0.4040053188800812
0.5526912212371826,0.2535502016544342,0.5720780491828918,0.2281025499105453,0.5321704149246216,0.2296374887228012,0.5990418195724487,0.2516069412231445,0.505101203918457,0.2566801011562347,0.6533742547035217,0.4148727357387543,0.4508369863033294,0.4030143916606903,0.7887054085731506,0.4649471938610077,0.3158927261829376,0.4844033122062683,0.9336808919906616,0.4576949775218963,0.1917640268802642,0.5446776151657104,0.6059342622756958,0.8293872475624084,0.4689227938652038,0.814370334148407,0.0,0.0,0.0,0.0,0.0,0.0,0.0,0.0,0.5514046549797058,0.4092314839363098
0.5575268864631653,0.2531504333019256,0.5770488381385803,0.2289091646671295,0.536859929561615,0.2294052690267563,0.6035435795783997,0.253242164850235,0.5089552998542786,0.2549802660942077,0.6552914381027222,0.4162085354328155,0.4531283378601074,0.4021878838539123,0.777403712272644,0.5026386380195618,0.3244498670101166,0.4771166741847992,0.9017282724380492,0.4456594884395599,0.2003049999475479,0.5394495129585266,0.6097513437271118,0.8303596377372742,0.4738504290580749,0.8155043721199036,0.0,0.0,0.0,0.0,0.0,0.0,0.0,0.0,0.5557320713996887,0.4095838367938995
0.5647558569908142,0.2530088424682617,0.584271252155304,0.228591114282608,0.5433390736579895,0.2289022505283355,0.609625518321991,0.2534608244895935,0.5135261416435242,0.255542516708374,0.6488475203514099,0.4209960401058197,0.4579462707042694,0.4002157747745514,0.7594400644302368,0.5267918705940247,0.3172333240509033,0.4819271266460418,0.8032839894294739,0.4797525405883789,0.1977601200342178,0.5390447378158569,0.6098450422286987,0.8148848414421082,0.4757387042045593,0.8128892183303833,0.0,0.0,0.0,0.0,0.0,0.0,0.0,0.0,0.5554851293563843,0.4086816608905792
0.5667194724082947,0.2510080635547638,0.5864959955215454,0.2261333465576172,0.5454269051551819,0.2278497964143753,0.6130838990211487,0.2535479962825775,0.5165113806724548,0.2562147676944732,0.6547810435295105,0.4221097528934479,0.4580786526203155,0.4017333090305328,0.7421479225158691,0.5603665709495544,0.3183882534503937,0.4844834506511688,0.734247088432312,0.4864287078380584,0.2010867595672607,0.5384781956672668,0.6157330274581909,0.8262518644332886,0.4784394800662994,0.8144873380661011,0.0,0.0,0.0,0.0,0.0,0.0,0.0,0.0,0.5582351088523865,0.411347359418869
0.5663347840309143,0.2514537870883941,0.5873871445655823,0.2262206375598907,0.5455067753791809,0.2265245169401168,0.6134993433952332,0.2557012736797333,0.5166090130805969,0.2560038268566131,0.6472570300102234,0.4167516529560089,0.4588634967803955,0.4024068713188171,0.7425940632820129,0.5693851113319397,0.3172526657581329,0.4849643409252167,0.7154143452644348,0.48262420296669,0.1998124867677688,0.5403478741645813,0.6148734092712402,0.8152128458023071,0.479439914226532,0.8132001757621765,0.0,0.0,0.0,0.0,0.0,0.0,0.0,0.0,0.5546543002128601,0.4078883528709411
0.5656964778900146,0.2505221664905548,0.5860369801521301,0.2252126932144165,0.5441121459007263,0.2267922013998031,0.6133310198783875,0.2535713613033294,0.5143227577209473,0.2567954957485199,0.6516308188438416,0.4155291616916656,0.4577900469303131,0.4013648629188537,0.7453689575195312,0.5612603425979614,0.3153504729270935,0.4878187477588653,0.7211553454399109,0.46660977602005,0.1988997310400009,0.5434163808822632,0.6186211705207825,0.8164759874343872,0.4794804453849792,0.8143758773803711,0.0,0.0,0.0,0.0,0.0,0.0,0.0,0.0,0.556023895740509,0.4063592255115509
0.5618525147438049,0.2497506439685821,0.5812657475471497,0.2244254499673843,0.5403888821601868,0.2267457246780395,0.6081013083457947,0.2488241493701934,0.5111106634140015,0.2551597654819488,0.6517245173454285,0.4240855872631073,0.4555114805698395,0.4021818339824676,0.7629573941230774,0.5566171407699585,0.3155922293663025,0.4859687983989715,0.7710928320884705,0.4533137381076813,0.193626195192337,0.5440841317176819,0.6160589456558228,0.8298762440681458,0.4737648069858551,0.8159791827201843,0.0,0.0,0.0,0.0,0.0,0.0,0.0,0.0,0.5543521642684937,0.4113868176937103
0.5582093000411987,0.2517633140087127,0.5773473381996155,0.2264453917741775,0.5362718105316162,0.2277169376611709,0.6032441258430481,0.2500505149364471,0.5073118209838867,0.2529504299163818,0.6481958031654358,0.4194003045558929,0.4527171552181244,0.4021718800067901,0.7628468871116638,0.5240681171417236,0.3252139687538147,0.475071519613266,0.8513654470443726,0.4335011541843414,0.1900490820407867,0.5373896360397339,0.6145439743995667,0.8253781199455261,0.4759156107902527,0.813856303691864,0.0,0.0,0.0,0.0,0.0,0.0,0.0,0.0,0.549069344997406,0.410832405090332
0.5527545213699341,0.2508720755577087,0.5727596282958984,0.2258968651294708,0.5318476557731628,0.2262963354587555,0.5992265343666077,0.2501406073570251,0.5036070942878723,0.2523407340049743,0.6497953534126282,0.4152579307556152,0.4497565329074859,0.4038659632205963,0.7893925905227661,0.4740485548973083,0.3179981112480163,0.472587913274765,0.9193248152732848,0.4427665174007416,0.1891944855451584,0.5283146500587463,0.6120645403862,0.8313581347465515,0.4686686098575592,0.8269082903862,0.0,0.0,0.0,0.0,0.0,0.0,0.0,0.0,0.5483526587486267,0.4093918800354004
0.5527500510215759,0.2496730983257293,0.5728635787963867,0.2257716953754425,0.5316739082336426,0.2260182052850723,0.5994653701782227,0.2491741180419922,0.5027528405189514,0.2523632943630218,0.6504719853401184,0.4101624488830566,0.4486828744411468,0.4041464626789093,0.7937448620796204,0.4543356895446777,0.3164237141609192,0.4706425666809082,0.9375367164611816,0.4653244018554687,0.1880749613046646,0.5239633321762085,0.6126577258110046,0.8270953297615051,0.4675008654594421,0.8155888915061951,0.0,0.0,0.0,0.0,0.0,0.0,0.0,0.0,0.5474037528038025,0.407000333070755
0.5545095205307007,0.2530221045017242,0.5736212134361267,0.2280942946672439,0.5335808396339417,0.2283945977687835,0.5992789268493652,0.2517010867595672,0.5049485564231873,0.2535534501075744,0.6500837206840515,0.4133913516998291,0.4477543532848358,0.4043408930301666,0.7877210378646851,0.4651804864406585,0.3138664066791534,0.4705908298492431,0.9215356111526488,0.476001113653183,0.185885950922966,0.5237661600112915,0.6121253371238708,0.8155797123908997,0.469021588563919,0.8138533234596252,0.0,0.0,0.0,0.0,0.0,0.0,0.0,0.0,0.5473040342330933,0.408403605222702
0.5564858317375183,0.2536778151988983,0.5751680731773376,0.2284743934869766,0.5353664755821228,0.2296480238437652,0.6009364724159241,0.2528027892112732,0.5072812438011169,0.2564695477485657,0.6494926810264587,0.4195874035358429,0.4512094855308532,0.4021589457988739,0.7731899619102478,0.5280035734176636,0.3174102902412414,0.4698470532894134,0.9043468236923218,0.5052865147590637,0.1890463680028915,0.5248371362686157,0.6133941411972046,0.828546404838562,0.4716006219387054,0.8155292868614197,0.0,0.0,0.0,0.0,0.0,0.0,0.0,0.0,0.5506824254989624,0.4096278846263885
0.5619252324104309,0.255991518497467,0.5807833671569824,0.2309147864580154,0.5413965582847595,0.2314935177564621,0.6061890721321106,0.2548114955425262,0.512965738773346,0.2566506266593933,0.6388243436813354,0.4201187193393707,0.4538377225399017,0.40106001496315,0.7182692289352417,0.5725892186164856,0.3185377120971679,0.4733594357967376,0.8113915324211121,0.5294107794761658,0.1897278875112533,0.5302156805992126,0.6141601204872131,0.8287395238876343,0.4765484631061554,0.8169313669204712,0.0,0.0,0.0,0.0,0.0,0.0,0.0,0.0,0.5487462878227234,0.409208208322525
0.565520703792572,0.2543895542621612,0.5859095454216003,0.2298073768615722,0.5444265604019165,0.2299552261829376,0.6118265390396118,0.2564627230167389,0.5147089958190918,0.2585099339485168,0.646006166934967,0.4312691390514374,0.4564395844936371,0.4010111391544342,0.705880343914032,0.609135091304779,0.3208265006542206,0.4730434119701385,0.7331987023353577,0.5571805834770203,0.1983422040939331,0.5277453064918518,0.6105930209159851,0.8446057438850403,0.4705199599266052,0.8283398747444153,0.0,0.0,0.0,0.0,0.0,0.0,0.0,0.0,0.553097665309906,0.4153057634830475
0.5659164786338806,0.254322737455368,0.5865549445152283,0.2296061515808105,0.5452563166618347,0.2297348231077194,0.6118364334106445,0.2558177411556244,0.5160215497016907,0.2565247714519501,0.6438508033752441,0.4252302050590515,0.4516195654869079,0.4022526443004608,0.7181875109672546,0.6030402779579163,0.3165852129459381,0.4574012756347656,0.7450648546218872,0.550315797328949,0.1880750358104705,0.4973741471767425,0.6170212030410767,0.8344826698303223,0.4758026003837585,0.8298735022544861,0.0,0.0,0.0,0.0,0.0,0.0,0.0,0.0,0.5496425032615662,0.4133506119251251
0.5665001273155212,0.2533584833145141,0.5872307419776917,0.2285401672124862,0.5452199578285217,0.228459358215332,0.613484799861908,0.2545958757400512,0.514158308506012,0.255582720041275,0.6436338424682617,0.4260944724082947,0.442025750875473,0.3993086814880371,0.7306848764419556,0.5537840723991394,0.2769917845726013,0.4241147339344024,0.8100844621658325,0.5010766386985779,0.1431018561124801,0.4444052577018738,0.6268377900123596,0.8500357270240784,0.4736457169055938,0.8464218378067017,0.0,0.0,0.0,0.0,0.0,0.0,0.0,0.0,0.5454802513122559,0.4100300967693329
0.5671209096908569,0.2536210715770721,0.5874902009963989,0.2279615253210067,0.5456289649009705,0.2281803637742996,0.6137493848800659,0.2542624771595001,0.5132401585578918,0.2549592554569244,0.6450321078300476,0.4300025403499603,0.4436006844043731,0.3854501247406006,0.7456952929496765,0.5541523098945618,0.2449185103178024,0.372304618358612,0.8359708189964294,0.5004448294639587,0.0933681651949882,0.3753499090671539,0.6301999092102051,0.8286272883415222,0.4778182804584503,0.813020646572113,0.0,0.0,0.0,0.0,0.0,0.0,0.0,0.0,0.549841046333313,0.4047820568084717
0.569206178188324,0.2535267770290375,0.5897508859634399,0.2283104509115219,0.5474008917808533,0.2281723022460937,0.6141577363014221,0.2568572163581848,0.5158302187919617,0.256100058555603,0.6505260467529297,0.4274591505527496,0.4515703022480011,0.3839154243469238,0.7615721821784973,0.5293600559234619,0.2733689844608307,0.3566460311412811,0.889755368232727,0.4716762900352478,0.1184853538870811,0.3368091583251953,0.627548098564148,0.8281764388084412,0.47344970703125,0.8258754014968872,0.0,0.0,0.0,0.0,0.0,0.0,0.0,0.0,0.5547486543655396,0.4058952033519745
0.5692995190620422,0.2536962032318115,0.5897642970085144,0.2290176004171371,0.5474076867103577,0.2287498563528061,0.6147276759147644,0.2572198212146759,0.5155545473098755,0.2561956644058227,0.6552169919013977,0.4226763248443603,0.4485499858856201,0.3786560595035553,0.7830172777175903,0.487885981798172,0.2745515704154968,0.3487293720245361,0.9268168210983276,0.4670960903167724,0.1306562572717666,0.323091059923172,0.6161384582519531,0.8103252649307251,0.4660034775733948,0.7962952852249146,0.0,0.0,0.0,0.0,0.0,0.0,0.0,0.0,0.5541776418685913,0.3998682796955108
0.5698308944702148,0.2530088126659393,0.5904185175895691,0.2288302481174469,0.5482726693153381,0.2282935678958892,0.6154998540878296,0.2579614520072937,0.5169114470481873,0.2559470534324646,0.6537438631057739,0.4191343486309051,0.4491811692714691,0.3774526715278625,0.7902511954307556,0.5034382343292236,0.2730648815631866,0.3461697697639465,0.9215073585510254,0.4673902094364166,0.1308658868074417,0.3187723755836487,0.618006706237793,0.8144680261611938,0.4696311950683594,0.7972358465194702,0.0,0.0,0.0,0.0,0.0,0.0,0.0,0.0,0.554351270198822,0.3972997963428497
0.5714831948280334,0.2527698576450348,0.5919313430786133,0.2288796603679657,0.5504997372627258,0.2280062884092331,0.6169916987419128,0.2575418651103973,0.5195818543434143,0.2554559409618377,0.6501885652542114,0.4217072427272796,0.4561500251293182,0.3785779178142547,0.746913731098175,0.5572720170021057,0.2762007415294647,0.3511375486850738,0.8320974707603455,0.4948531687259674,0.1175840124487876,0.3277908265590668,0.6291943192481995,0.8123756647109985,0.4783038198947906,0.811488151550293,0.0,0.0,0.0,0.0,0.0,0.0,0.0,0.0,0.555995523929596,0.3997281491756439
0.5729232430458069,0.2558687627315521,0.5944908857345581,0.2301834970712661,0.5524792075157166,0.22953961789608,0.620492160320282,0.2571710050106048,0.5224146246910095,0.2561832964420318,0.6540542244911194,0.4303452968597412,0.4608798325061798,0.3824999928474426,0.7164714932441711,0.5790224075317383,0.2807298004627228,0.3542991280555725,0.7310436964035034,0.5395570397377014,0.1338136792182922,0.3344514369964599,0.6184543967247009,0.8325628638267517,0.4738751947879791,0.8286671042442322,0.0,0.0,0.0,0.0,0.0,0.0,0.0,0.0,0.5604219436645508,0.4059269726276397
0.5726656317710876,0.2557688057422638,0.5938380360603333,0.2314612418413162,0.5519459843635559,0.2299493104219436,0.6183837652206421,0.2595694065093994,0.5211465954780579,0.2567219138145447,0.6500266790390015,0.4175554811954498,0.4566996097564697,0.3769486844539642,0.6928022503852844,0.5959530472755432,0.2757279574871063,0.3506824970245361,0.7009293437004089,0.5517781376838684,0.1185586899518966,0.328762024641037,0.6154824495315552,0.8329981565475464,0.4711983799934387,0.8287787437438965,0.0,0.0,0.0,0.0,0.0,0.0,0.0,0.0,0.5557814836502075,0.3979328274726867
0.5696781277656555,0.2514935433864593,0.590652346611023,0.2268161922693252,0.548326849937439,0.2273141592741012,0.616780161857605,0.2574202418327331,0.5184463262557983,0.2560576498508453,0.6498542428016663,0.4343796074390411,0.4512346386909485,0.3759039938449859,0.7238218188285828,0.5995402336120605,0.2779684960842132,0.3354000747203827,0.7541653513908386,0.5614389181137085,0.1328611075878143,0.3081595599651336,0.6163739562034607,0.833365261554718,0.4724198877811432,0.8279419541358948,0.0,0.0,0.0,0.0,0.0,0.0,0.0,0.0,0.5546559691429138,0.403448611497879
0.5669825077056885,0.2544738352298736,0.5868710279464722,0.2293080240488052,0.5457739233970642,0.2292101830244064,0.611596405506134,0.2578403651714325,0.5144377946853638,0.2554176151752472,0.6441450119018555,0.4240125119686126,0.4429269134998321,0.3733346462249756,0.7437756657600403,0.5628230571746826,0.2756824791431427,0.3133632838726043,0.8376719355583191,0.5551034212112427,0.1495774835348129,0.2510567009449005,0.6217436194419861,0.8277701735496521,0.4725413620471954,0.8256586194038391,0.0,0.0,0.0,0.0,0.0,0.0,0.0,0.0,0.5513526201248169,0.3979410529136657
0.5662941336631775,0.2538008093833923,0.587593674659729,0.2307869046926498,0.545045018196106,0.2285080254077911,0.6122793555259705,0.2614386677742004,0.5129256844520569,0.2532622516155243,0.6502333879470825,0.423247754573822,0.4424791634082794,0.3681914210319519,0.7700328230857849,0.5278717875480652,0.2692049741744995,0.2900676727294922,0.9097439050674438,0.5247238874435425,0.1293258816003799,0.2061221301555633,0.6178805232048035,0.8304902911186218,0.460375040769577,0.8295650482177734,0.0,0.0,0.0,0.0,0.0,0.0,0.0,0.0,0.5529574751853943,0.3952955603599548
0.565497875213623,0.2537311017513275,0.5858646035194397,0.2307898551225662,0.5443018674850464,0.228180319070816,0.6095797419548035,0.2581846714019775,0.5110283493995667,0.2502032220363617,0.6470020413398743,0.4175496995449066,0.4385006129741668,0.3642217814922333,0.7823452353477478,0.4915764927864074,0.2685365378856659,0.2901326715946197,0.92392098903656,0.4911189675331116,0.1277109086513519,0.2094371020793914,0.6099078059196472,0.8114843368530273,0.4538098275661468,0.7952079176902771,0.0,0.0,0.0,0.0,0.0,0.0,0.0,0.0,0.5467989444732666,0.3874219357967376
0.5647628903388977,0.2521287500858307,0.5844661593437195,0.2285873740911483,0.5429732203483582,0.2273916453123092,0.6088175773620605,0.256430447101593,0.5094537734985352,0.25098717212677,0.6508316993713379,0.4182332456111908,0.4386493861675262,0.3676274716854095,0.7801777124404907,0.5069714188575745,0.2683210372924804,0.2918326556682586,0.9205678105354308,0.4779937863349914,0.1290712058544159,0.2165087759494781,0.6104536056518555,0.8304992318153381,0.4529767632484436,0.8273833394050598,0.0,0.0,0.0,0.0,0.0,0.0,0.0,0.0,0.54977947473526,0.3908719420433044
0.5664042830467224,0.2522999346256256,0.5859341621398926,0.228508859872818,0.544418454170227,0.2276104241609573,0.6101793050765991,0.2568971216678619,0.5117979645729065,0.2533599436283111,0.6446372270584106,0.4217665493488312,0.4488935172557831,0.3722800612449646,0.7460324168205261,0.5524776577949524,0.2775657474994659,0.302137553691864,0.8461533188819885,0.4775757193565368,0.134544625878334,0.2267809808254242,0.62024986743927,0.8305718302726746,0.4672949612140655,0.827090859413147,0.0,0.0,0.0,0.0,0.0,0.0,0.0,0.0,0.5508762001991272,0.3971013128757477
0.5672909021377563,0.2511693835258484,0.5872302055358887,0.2268823832273483,0.5458527207374573,0.227179005742073,0.6125408411026001,0.2524459064006805,0.5150673985481262,0.2534266412258148,0.6515210866928101,0.4365544319152832,0.4515168070793152,0.3767739832401275,0.7170113325119019,0.5815250277519226,0.2876996994018554,0.3126104176044464,0.735740602016449,0.5289692878723145,0.1380558907985687,0.2410451918840408,0.6172728538513184,0.8508418202400208,0.4606888592243194,0.8456726670265198,0.0,0.0,0.0,0.0,0.0,0.0,0.0,0.0,0.5542694926261902,0.4054686725139618
0.5658069849014282,0.250994473695755,0.5872983336448669,0.2286117374897003,0.5443761944770813,0.2272614240646362,0.6127139925956726,0.2604528963565826,0.5132929086685181,0.2561087310314178,0.6401611566543579,0.4202429354190826,0.450779378414154,0.3749024569988251,0.6892666816711426,0.597183883190155,0.280834436416626,0.3148484528064728,0.6911007165908813,0.532696545124054,0.1313773542642593,0.2394624501466751,0.605729877948761,0.834748387336731,0.4679142832756042,0.8293706178665161,0.0,0.0,0.0,0.0,0.0,0.0,0.0,0.0,0.5484445691108704,0.3969376683235168
0.560056746006012,0.2524149715900421,0.5797852873802185,0.2276009619235992,0.5381065607070923,0.2281383723020553,0.6066420674324036,0.2538819015026092,0.5068826079368591,0.2536680102348327,0.6454830765724182,0.4300569891929626,0.4380863010883331,0.3726164698600769,0.7193441987037659,0.5809459090232849,0.2684396803379059,0.3106472194194793,0.7277865409851074,0.5137866735458374,0.1294281482696533,0.2440674155950546,0.6157482266426086,0.8520017266273499,0.4586781859397888,0.8481829762458801,0.0,0.0,0.0,0.0,0.0,0.0,0.0,0.0,0.5469987988471985,0.3993667066097259
0.5526196956634521,0.2514358460903168,0.5716485977172852,0.2261671721935272,0.5301421880722046,0.2267093807458877,0.5978500247001648,0.2527512609958648,0.4993675053119659,0.251828134059906,0.6405478119850159,0.4237028956413269,0.4318110048770904,0.3759353458881378,0.743977427482605,0.5275626182556152,0.2736700177192688,0.3228560984134674,0.8297609090805054,0.4656099379062652,0.1316105276346206,0.2597103714942932,0.61612468957901,0.8314789533615112,0.4545229971408844,0.8275306820869446,0.0,0.0,0.0,0.0,0.0,0.0,0.0,0.0,0.5405031442642212,0.3975743949413299
0.5488482713699341,0.2494166195392608,0.5674911141395569,0.2257076799869537,0.5278013348579407,0.2266462743282318,0.5939281582832336,0.2504623532295227,0.4972718358039856,0.2513747811317444,0.6396499276161194,0.4079063832759857,0.4228856563568115,0.3725383579730987,0.7843158841133118,0.46930593252182,0.2702447772026062,0.3250370621681213,0.9304025769233704,0.4343721568584442,0.1197902411222457,0.2648178040981293,0.6005926728248596,0.8309034109115601,0.4434196949005127,0.829175591468811,0.0,0.0,0.0,0.0,0.0,0.0,0.0,0.0,0.5365031957626343,0.387239545583725
0.5481700301170349,0.2487130314111709,0.5673255324363708,0.2246949225664138,0.5267423391342163,0.2261376678943634,0.5942724347114563,0.2472031861543655,0.4963994920253753,0.2512945532798767,0.6483479142189026,0.4064170718193054,0.422624409198761,0.3723323345184326,0.7977412939071655,0.4376039206981659,0.2693259119987488,0.3250640034675598,0.9304126501083374,0.4290308952331543,0.127892404794693,0.2736243903636932,0.6143971085548401,0.8313173651695251,0.4455920755863189,0.827548623085022,0.0,0.0,0.0,0.0,0.0,0.0,0.0,0.0,0.5381265878677368,0.3852181136608124
0.5495352149009705,0.2487476915121078,0.5691159963607788,0.2254643589258194,0.5288894772529602,0.2254682630300521,0.5960794687271118,0.2503348886966705,0.4987127780914306,0.2491932213306427,0.6462796330451965,0.411722183227539,0.423478215932846,0.3735918700695038,0.7914859652519226,0.4740869402885437,0.2586366534233093,0.3378477990627289,0.9278841018676758,0.4171423017978668,0.1168401464819908,0.3062799572944641,0.6035221219062805,0.8485634922981262,0.4456770718097687,0.8311876058578491,0.0,0.0,0.0,0.0,0.0,0.0,0.0,0.0,0.5380796194076538,0.388690710067749
0.5571996569633484,0.2535095810890198,0.5753239393234253,0.2274128347635269,0.534866452217102,0.2283804565668106,0.6006242036819458,0.2525310516357422,0.5037107467651367,0.2545529007911682,0.6439448595046997,0.4188987910747528,0.4339099824428558,0.3842838108539581,0.7643426656723022,0.5153413414955139,0.2408529072999954,0.3673233985900879,0.865475058555603,0.4171862006187439,0.0965267792344093,0.3624226748943329,0.6171640753746033,0.8499312400817871,0.4588620066642761,0.8456677198410034,0.0,0.0,0.0,0.0,0.0,0.0,0.0,0.0,0.5412216782569885,0.4012939929962158
0.5601480603218079,0.2532238066196441,0.5795626640319824,0.2285840064287185,0.5383499264717102,0.2294838726520538,0.6064028739929199,0.2533889710903168,0.5083511471748352,0.255215585231781,0.6441658735275269,0.423253059387207,0.4429525732994079,0.3895717263221741,0.7394943237304688,0.5437561869621277,0.2599228918552398,0.4051640927791595,0.7588945627212524,0.4712159931659698,0.1184533312916755,0.414418876171112,0.616720974445343,0.8331732749938965,0.4690660536289215,0.8303790092468262,0.0,0.0,0.0,0.0,0.0,0.0,0.0,0.0,0.5453135371208191,0.4051510989665985
0.5603808164596558,0.2539587616920471,0.579774022102356,0.2285970896482467,0.5397112965583801,0.2289328575134277,0.6041773557662964,0.2547714412212372,0.5097490549087524,0.2547595202922821,0.6399019956588745,0.4199044704437256,0.4495258033275604,0.3916235566139221,0.7245789170265198,0.5773186683654785,0.2868782579898834,0.4324060976505279,0.7064148783683777,0.4687545299530029,0.1504827290773391,0.4511184096336365,0.612908661365509,0.8291541934013367,0.4716208577156067,0.8164967894554138,0.0,0.0,0.0,0.0,0.0,0.0,0.0,0.0,0.5457895398139954,0.4055652022361755
0.5558716058731079,0.2517891824245453,0.5747241377830505,0.2272450029850006,0.5348609685897827,0.2285306453704834,0.6004641652107239,0.2528755068778991,0.505832314491272,0.2543148100376129,0.6455668210983276,0.4237774908542633,0.4484497904777527,0.3961489796638489,0.7547969222068787,0.5471643805503845,0.2840952277183532,0.4445882141590118,0.7730818390846252,0.4515056610107422,0.1471492946147918,0.4711997509002685,0.6175762414932251,0.8333180546760559,0.4710012972354889,0.8290154337882996,0.0,0.0,0.0,0.0,0.0,0.0,0.0,0.0,0.547038733959198,0.409254789352417
0.5491937398910522,0.2514326870441437,0.5684840083122253,0.2266572266817093,0.5292873382568359,0.2265495210886001,0.5941278338432312,0.2501969933509826,0.5008341073989868,0.2494475096464157,0.6386133432388306,0.4215509295463562,0.4387954771518707,0.3987480998039245,0.7708409428596497,0.499011367559433,0.291104793548584,0.4417304396629333,0.8773877024650574,0.3919339478015899,0.1478734314441681,0.469403475522995,0.6053188443183899,0.8353514075279236,0.4604947566986084,0.8300846815109253,0.0,0.0,0.0,0.0,0.0,0.0,0.0,0.0,0.5371059775352478,0.4114071428775787
0.5474361181259155,0.2522401511669159,0.5659255385398865,0.2281699180603027,0.527383029460907,0.2292085587978363,0.5916980504989624,0.2526214122772217,0.4972239434719085,0.2556726634502411,0.6412139534950256,0.4103844761848449,0.4351222813129425,0.3992062509059906,0.7796915769577026,0.4541675746440887,0.2794057726860046,0.4430814385414123,0.91863352060318,0.4259635508060455,0.1389843523502349,0.4685249626636505,0.6046298146247864,0.8348343968391418,0.454069584608078,0.8321499824523926,0.0,0.0,0.0,0.0,0.0,0.0,0.0,0.0,0.5355549454689026,0.4069652259349823
0.5467057228088379,0.2533541619777679,0.565503716468811,0.2286387383937835,0.5267481803894043,0.2299679070711136,0.5915632247924805,0.252059131860733,0.4969472289085388,0.2554121911525726,0.6441119313240051,0.4126725494861603,0.4356687068939209,0.3996281623840332,0.7753494381904602,0.4705292284488678,0.2805732786655426,0.4447835981845855,0.9067727327346802,0.4287424087524414,0.1454820185899734,0.4692989289760589,0.6040412187576294,0.8354663252830505,0.4566075801849365,0.8320983052253723,0.0,0.0,0.0,0.0,0.0,0.0,0.0,0.0,0.5374851226806641,0.4076103866100311
0.5502085089683533,0.2535223066806793,0.5690471529960632,0.2284559458494186,0.5298482179641724,0.2283909320831298,0.5936030149459839,0.2506231665611267,0.5004094839096069,0.249832347035408,0.6382535099983215,0.4209005236625671,0.43675497174263,0.3980104327201843,0.7480167150497437,0.52497798204422,0.284517377614975,0.4466846883296966,0.8117362260818481,0.4394350349903106,0.1461527347564697,0.4724504649639129,0.6124464273452759,0.8319184184074402,0.4667063355445862,0.8292856812477112,0.0,0.0,0.0,0.0,0.0,0.0,0.0,0.0,0.5375531911849976,0.4091589450836181
0.5493541359901428,0.2533054649829864,0.5687175989151001,0.2281803637742996,0.5293123722076416,0.2280937880277633,0.5946282148361206,0.2510451972484588,0.5005418062210083,0.2493548542261123,0.6363299489021301,0.4208113849163055,0.4368553757667541,0.3981183171272278,0.7394585013389587,0.5418334007263184,0.2850702106952667,0.4491567611694336,0.7686315774917603,0.453470915555954,0.1456955671310424,0.4739350378513336,0.6133580207824707,0.8443058133125305,0.4621993601322174,0.8322210907936096,0.0,0.0,0.0,0.0,0.0,0.0,0.0,0.0,0.5364091396331787,0.4092514216899872
0.5469775795936584,0.2495224624872207,0.5669404864311218,0.2251807004213333,0.5275668501853943,0.2268378734588623,0.5937461853027344,0.2484085708856582,0.5003689527511597,0.2512185871601105,0.6371709704399109,0.41679248213768,0.4405522048473358,0.398890882730484,0.7068718671798706,0.5909924507141113,0.2973813116550445,0.451357364654541,0.7103509306907654,0.4837643504142761,0.1506755650043487,0.4853572249412536,0.6118297576904297,0.8274796605110168,0.4686892032623291,0.8157110214233398,0.0,0.0,0.0,0.0,0.0,0.0,0.0,0.0,0.5392715334892273,0.4062949120998382
0.5441133379936218,0.2531399130821228,0.5637434124946594,0.2283838242292404,0.5245400667190552,0.2308028638362884,0.5917602181434631,0.2520131766796112,0.496270477771759,0.254995733499527,0.6366214752197266,0.4197110533714294,0.4355892241001129,0.4027516543865204,0.7222946882247925,0.5811489820480347,0.2906735241413116,0.4564643204212188,0.7417525053024292,0.4597234427928924,0.1445065587759018,0.4889035820960998,0.6134174466133118,0.8505874276161194,0.4603243172168731,0.846157968044281,0.0,0.0,0.0,0.0,0.0,0.0,0.0,0.0,0.5372793078422546,0.4096466898918152
0.5399676561355591,0.2520633339881897,0.5592862963676453,0.2280220985412597,0.5195125937461853,0.2302517741918563,0.5848689079284668,0.2522181272506714,0.4907452166080475,0.2569636702537536,0.6303464770317078,0.4202515482902527,0.4298954606056213,0.4039908349514007,0.7433968782424927,0.5249692797660828,0.2914360463619232,0.4547009766101837,0.847165048122406,0.4359488487243652,0.1453074961900711,0.4890774190425873,0.6121779680252075,0.831621527671814,0.4596366584300995,0.8288626074790955,0.0,0.0,0.0,0.0,0.0,0.0,0.0,0.0,0.5294075012207031,0.4124510586261749
0.5393885970115662,0.2547318041324615,0.5588811635971069,0.2292341142892837,0.5195713639259338,0.2312802523374557,0.5850799679756165,0.253138393163681,0.489997386932373,0.2569852769374847,0.6334543824195862,0.4154593646526336,0.4243597984313965,0.4030730724334717,0.7714734077453613,0.4748732447624206,0.2885327935218811,0.4539568722248077,0.9100522994995116,0.4384804368019104,0.1443814188241958,0.4884831309318542,0.6011609435081482,0.8328700661659241,0.4525238871574402,0.8300848603248596,0.0,0.0,0.0,0.0,0.0,0.0,0.0,0.0,0.5279958844184875,0.4086866974830627
0.5399200320243835,0.2546052038669586,0.5593869686126709,0.2294537276029586,0.5202213525772095,0.2315155118703842,0.5865892767906189,0.2531256973743438,0.490693986415863,0.2569990456104278,0.6341100931167603,0.412227600812912,0.4259426593780517,0.4025737941265106,0.7726660370826721,0.45358607172966,0.2830839157104492,0.4534222483634949,0.9279962182044984,0.4475677609443664,0.1406299769878387,0.4842739105224609,0.5995057225227356,0.8345444798469543,0.4433789551258087,0.8449193239212036,0.0,0.0,0.0,0.0,0.0,0.0,0.0,0.0,0.5281635522842407,0.4066720306873321
0.5461370348930359,0.2551287114620209,0.5643448233604431,0.2304789274930954,0.5264751315116882,0.2305421829223632,0.5886812806129456,0.2546555399894714,0.4948055148124695,0.2550154626369476,0.6340614557266235,0.4143142402172088,0.4301892817020416,0.4014106094837188,0.7638702392578125,0.4778037667274475,0.2837110161781311,0.4496703743934631,0.907461643218994,0.443945974111557,0.138141468167305,0.4843941628932953,0.6003332138061523,0.8487812280654907,0.4437682032585144,0.8458048105239868,0.0,0.0,0.0,0.0,0.0,0.0,0.0,0.0,0.5306068062782288,0.4078064262866974
0.5472711324691772,0.2566434144973755,0.5650380849838257,0.2304276674985885,0.5269465446472168,0.2316975444555282,0.5897278785705566,0.2531533539295196,0.4962462484836578,0.2559646368026733,0.6339569687843323,0.4218202531337738,0.4350151717662811,0.4000296294689178,0.7446393966674805,0.531341016292572,0.2926575839519501,0.4485704004764557,0.8353313207626343,0.4531855583190918,0.1445275694131851,0.4833957850933075,0.6063072085380554,0.831107497215271,0.4563570022583008,0.8292400240898132,0.0,0.0,0.0,0.0,0.0,0.0,0.0,0.0,0.533226490020752,0.4118320345878601
0.5487611293792725,0.253762274980545,0.5672610402107239,0.2292431890964508,0.5289358496665955,0.229728415608406,0.5924330949783325,0.2509692311286926,0.499159961938858,0.2522350549697876,0.6343108415603638,0.4249807298183441,0.4371897876262665,0.4008021652698517,0.7146500945091248,0.5818468928337097,0.2975818812847137,0.4529840648174286,0.7348561882972717,0.4942647814750671,0.1478938162326812,0.4874540269374847,0.6056448817253113,0.836240291595459,0.4578103721141815,0.832103431224823,0.0,0.0,0.0,0.0,0.0,0.0,0.0,0.0,0.5354395508766174,0.4105292856693268
0.5470365285873413,0.2543638348579407,0.5665911436080933,0.2293611317873001,0.527849555015564,0.230087012052536,0.5918952226638794,0.2521708905696869,0.4988882541656494,0.2536881566047668,0.6307496428489685,0.4174248278141022,0.4378028213977813,0.4017001092433929,0.6904788017272949,0.6101198792457581,0.2980594038963318,0.4553337097167969,0.6871732473373413,0.5039840340614319,0.1499727964401245,0.4890409111976623,0.6025665402412415,0.8301100134849548,0.4617368280887604,0.8277526497840881,0.0,0.0,0.0,0.0,0.0,0.0,0.0,0.0,0.5351284742355347,0.4085828363895416
0.5459051728248596,0.253972589969635,0.5646554231643677,0.2302322685718536,0.5265785455703735,0.2310311496257782,0.5883668065071106,0.2537672221660614,0.4962083697319031,0.2562427818775177,0.6261429786682129,0.4172897338867187,0.4384594559669494,0.4026100039482116,0.6932339668273926,0.5935025215148926,0.2987306416034698,0.4596724808216095,0.6974324584007263,0.4921768009662628,0.1604863703250885,0.4962644279003143,0.6004586815834045,0.8326439261436462,0.4599398076534271,0.8287395238876343,0.0,0.0,0.0,0.0,0.0,0.0,0.0,0.0,0.5324011445045471,0.4079309105873108
0.5403301119804382,0.2554655969142914,0.5599644780158997,0.2295467108488083,0.5200387835502625,0.2332241684198379,0.5864941477775574,0.252931535243988,0.4905786216259002,0.2600933015346527,0.6316220164299011,0.4235064387321472,0.4294663965702057,0.4061825573444366,0.7193303108215332,0.5499630570411682,0.2941988408565521,0.459620326757431,0.7566770315170288,0.4689542651176452,0.1539955884218216,0.494559109210968,0.6119241714477539,0.8447310328483582,0.459202229976654,0.8338722586631775,0.0,0.0,0.0,0.0,0.0,0.0,0.0,0.0,0.5299586653709412,0.414749413728714
0.5394123792648315,0.2562420964241028,0.5583854913711548,0.2303298711776733,0.5184332132339478,0.2322887480258941,0.5819388628005981,0.2545728385448456,0.4877313673496246,0.2582576274871826,0.6274524331092834,0.4255289733409881,0.4295757412910461,0.4053688943386078,0.7409253716468811,0.5191726088523865,0.2917349636554718,0.4598476886749267,0.8534525632858276,0.4379694759845733,0.1470148265361786,0.4970782697200775,0.6032967567443848,0.8333242535591125,0.4545032083988189,0.8307408690452576,0.0,0.0,0.0,0.0,0.0,0.0,0.0,0.0,0.527556836605072,0.4153855144977569
0.5390134453773499,0.2560439109802246,0.5579639673233032,0.2296855002641677,0.5178613662719727,0.2320743054151535,0.5826858282089233,0.2526443898677826,0.4866019785404205,0.2576245963573456,0.6264363527297974,0.4136504828929901,0.4241871237754822,0.4048686027526855,0.7590185403823853,0.4791860580444336,0.2909152209758758,0.4589704573154449,0.9035183787345886,0.4718231558799743,0.1462360769510269,0.4969386756420135,0.5954142212867737,0.8303762674331665,0.44557586312294,0.8275106549263,0.0,0.0,0.0,0.0,0.0,0.0,0.0,0.0,0.5250734090805054,0.4080512821674347
0.5409440398216248,0.2546027302742004,0.5597186088562012,0.2296871095895767,0.5205278992652893,0.2318241596221923,0.5844182372093201,0.2537062168121338,0.489236831665039,0.2588146030902862,0.6274028420448303,0.4138051867485046,0.4239115118980407,0.4043267369270324,0.771056592464447,0.4728879630565643,0.2885498404502868,0.4562392234802246,0.9131302833557128,0.5050974488258362,0.1398597210645675,0.4926461577415466,0.5983014106750488,0.8289923071861267,0.4444787502288818,0.8132181167602539,0.0,0.0,0.0,0.0,0.0,0.0,0.0,0.0,0.5240121483802795,0.4078221321105957
0.5407236814498901,0.2543991506099701,0.5598718523979187,0.2295323759317398,0.5205124616622925,0.231553629040718,0.5851054787635803,0.2538692653179168,0.4897701442241668,0.2578842937946319,0.6263871788978577,0.4157833456993103,0.4237622618675232,0.4022810459136963,0.7559335827827454,0.4846795499324798,0.2881047427654266,0.4551944434642792,0.9139405488967896,0.5341997742652893,0.1386830657720565,0.491068035364151,0.5954514145851135,0.8352872133255005,0.4433355927467346,0.8300879597663879,0.0,0.0,0.0,0.0,0.0,0.0,0.0,0.0,0.5247598886489868,0.4074358642101288
0.5416734218597412,0.2552690207958221,0.5607870817184448,0.2301890552043914,0.5214616656303406,0.2318705171346664,0.585634171962738,0.2537087202072143,0.4902674555778503,0.2570439875125885,0.6260676383972168,0.4153247475624084,0.424247682094574,0.4025003910064697,0.7698732018470764,0.4854840338230133,0.2900509238243103,0.4542295038700104,0.917013704776764,0.4927806854248047,0.1403409987688064,0.4906339645385742,0.5956130027770996,0.8338115811347961,0.4454280436038971,0.8295344114303589,0.0,0.0,0.0,0.0,0.0,0.0,0.0,0.0,0.5247605443000793,0.4073852896690368
0.5416052937507629,0.2564523220062256,0.559723973274231,0.2312092632055282,0.521316647529602,0.2338762432336807,0.5834916234016418,0.2548770010471344,0.4901947379112243,0.2610745728015899,0.6298360824584961,0.4204736053943634,0.4256300330162048,0.4055551588535309,0.7693468332290649,0.488285630941391,0.2880775034427643,0.4573175013065338,0.8852449059486389,0.4243831932544708,0.1404957026243209,0.4911301732063293,0.599151611328125,0.8500893712043762,0.450594812631607,0.8339053988456726,0.0,0.0,0.0,0.0,0.0,0.0,0.0,0.0,0.5267049670219421,0.4121057093143463
0.541630208492279,0.2568066716194153,0.5603451132774353,0.2302183210849762,0.520591139793396,0.2335306406021118,0.5850462913513184,0.2533252835273742,0.4900178611278534,0.2609265744686126,0.628339946269989,0.4220249652862549,0.425856351852417,0.4061527550220489,0.7437369227409363,0.5240113139152527,0.2944037616252899,0.4582855403423309,0.8168225884437561,0.4046174585819244,0.1604930311441421,0.4953527152538299,0.6044095158576965,0.8519964218139648,0.4533078968524933,0.8461928963661194,0.0,0.0,0.0,0.0,0.0,0.0,0.0,0.0,0.5267164707183838,0.4137500822544098
0.5406667590141296,0.2543637156486511,0.5595728754997253,0.2301635593175888,0.5203838348388672,0.2325544357299804,0.5835875868797302,0.2558162808418274,0.4896161556243896,0.2603900134563446,0.6320541501045227,0.4214957654476166,0.423890084028244,0.4053652584552765,0.7546359896659851,0.5374108552932739,0.2927522361278534,0.4603358805179596,0.7594353556632996,0.4065350592136383,0.1623900979757309,0.4952522218227386,0.6048517823219299,0.8497704267501831,0.4552152156829834,0.8346400856971741,0.0,0.0,0.0,0.0,0.0,0.0,0.0,0.0,0.5287567973136902,0.4125626683235168
0.5378960371017456,0.2541413009166717,0.558219850063324,0.2301486879587173,0.5182989835739136,0.2315434664487838,0.582822322845459,0.2558189332485199,0.4888643324375152,0.2588232457637787,0.6262611150741577,0.4161093235015869,0.4257748126983642,0.4030625820159912,0.731471598148346,0.5448298454284668,0.2938601672649383,0.4625463187694549,0.7145619988441467,0.4336921572685241,0.168922409415245,0.5029177069664001,0.6036890745162964,0.8340007066726685,0.4580688774585724,0.8296524286270142,0.0,0.0,0.0,0.0,0.0,0.0,0.0,0.0,0.5284267067909241,0.4080546498298645
0.5365864038467407,0.2547197043895721,0.5569778084754944,0.2308524549007415,0.5165287852287292,0.2311899363994598,0.5815799832344055,0.2567982375621795,0.4871809482574463,0.2581903040409088,0.6266674995422363,0.4171621799468994,0.423839807510376,0.403495579957962,0.7288165092468262,0.5459161400794983,0.2953528463840484,0.4625587165355682,0.716483473777771,0.4241040647029876,0.1693318784236908,0.5057356953620911,0.6023414731025696,0.8330010175704956,0.4550053775310516,0.8275837302207947,0.0,0.0,0.0,0.0,0.0,0.0,0.0,0.0,0.5274830460548401,0.4088840782642364
0.5346778631210327,0.2541670799255371,0.5547071099281311,0.2307337820529937,0.5141392946243286,0.2311854362487793,0.5788779854774475,0.2583417296409607,0.4840274751186371,0.2596460580825805,0.6213541030883789,0.4234071671962738,0.4195217788219452,0.4056813716888428,0.746120035648346,0.5287665128707886,0.2945458590984344,0.4613426029682159,0.7465981245040894,0.4043159782886505,0.1641052067279815,0.5055775046348572,0.602435290813446,0.8520694375038147,0.4507106244564056,0.8344737887382507,0.0,0.0,0.0,0.0,0.0,0.0,0.0,0.0,0.5224705338478088,0.4143952429294586
0.5338165760040283,0.2548969984054565,0.5521222352981567,0.2293466180562973,0.5129120945930481,0.2312348037958145,0.5774517059326172,0.2529898583889007,0.4834005236625671,0.258049726486206,0.6187673807144165,0.4221193194389343,0.4211244583129883,0.4065366387367248,0.755395770072937,0.5019311904907227,0.2910026907920837,0.4612042903900146,0.8095370531082153,0.3776420950889587,0.1489750146865844,0.5019698143005371,0.5996838808059692,0.8634721636772156,0.4507772624492645,0.849001944065094,0.0,0.0,0.0,0.0,0.0,0.0,0.0,0.0,0.5201653838157654,0.4140788614749908
0.5327609777450562,0.2547225654125213,0.5503409504890442,0.2299757152795791,0.512321412563324,0.23128442466259,0.5744546055793762,0.254506766796112,0.4826890826225281,0.2581627964973449,0.6168183088302612,0.4176642596721649,0.4215123653411865,0.404015451669693,0.7728542685508728,0.4685880243778229,0.2913103699684143,0.4588184654712677,0.8968060612678528,0.3680834770202636,0.1363942921161651,0.4969269931316376,0.5971546769142151,0.8500114679336548,0.4500515758991241,0.8334885835647583,0.0,0.0,0.0,0.0,0.0,0.0,0.0,0.0,0.5192098021507263,0.4089646935462951
0.5332222580909729,0.2546328008174896,0.5512918829917908,0.2290599644184112,0.5122515559196472,0.2316220700740814,0.5769615173339844,0.2538568377494812,0.4830551147460937,0.2595458328723907,0.6182958483695984,0.4149749279022217,0.4210585057735443,0.4052954316139221,0.758392870426178,0.476262629032135,0.2876904308795929,0.4577604830265045,0.9046871066093444,0.4810170531272888,0.1362053751945495,0.4941527247428894,0.5933433771133423,0.8327866196632385,0.4480232298374176,0.8287906646728516,0.0,0.0,0.0,0.0,0.0,0.0,0.0,0.0,0.5198299884796143,0.4088466167449951
0.5377467274665833,0.2556369006633758,0.5566886067390442,0.230386421084404,0.5174412727355957,0.2315522879362106,0.5819184184074402,0.2555017173290252,0.4872850775718689,0.2567881047725677,0.6191781759262085,0.4168610572814941,0.4218420684337616,0.4042158424854278,0.7468295097351074,0.4880169928073883,0.2817890048027038,0.4539428353309631,0.9124083518981934,0.5221275091171265,0.1378743350505828,0.4863345921039581,0.5934541821479797,0.8318616151809692,0.4445653557777405,0.8306107521057129,0.0,0.0,0.0,0.0,0.0,0.0,0.0,0.0,0.521729588508606,0.4090321660041809
0.5464567542076111,0.256409227848053,0.564387321472168,0.2341202199459076,0.5272588133811951,0.2323704957962036,0.5866886973381042,0.2586252093315124,0.4949162900447845,0.2561611235141754,0.6274115443229675,0.4130381941795349,0.433568000793457,0.3999737203121185,0.757283627986908,0.4835461974143982,0.2888619899749756,0.4425441324710846,0.9002173542976379,0.4553498923778534,0.123487152159214,0.4740112423896789,0.5970286726951599,0.8352189064025879,0.4492034912109375,0.8317643404006958,0.0,0.0,0.0,0.0,0.0,0.0,0.0,0.0,0.52796471118927,0.405899316072464
0.5495314598083496,0.2569536566734314,0.5676229596138,0.2337296307086944,0.5304886698722839,0.2315931469202041,0.5898353457450867,0.2569796741008758,0.4981672763824463,0.2538554966449737,0.6311368346214294,0.4229244589805603,0.4342171549797058,0.4002177119255066,0.7761655449867249,0.4828157126903534,0.2853008806705475,0.4495019912719726,0.8649833798408508,0.349875271320343,0.1445142030715942,0.4800072312355041,0.5973201394081116,0.8351810574531555,0.4523120522499084,0.8313789367675781,0.0,0.0,0.0,0.0,0.0,0.0,0.0,0.0,0.5297504663467407,0.4117824137210846
0.5491921305656433,0.2559512853622436,0.5686472654342651,0.2323321849107742,0.5304077863693237,0.2313441932201385,0.5940993428230286,0.2573191821575165,0.501538872718811,0.2533257305622101,0.6407362222671509,0.4217431843280792,0.4331558048725128,0.4043117165565491,0.7718464136123657,0.4841464459896087,0.3081856369972229,0.4693064391613006,0.7712867856025696,0.3107456862926483,0.1731239557266235,0.5231485366821289,0.6157512664794922,0.8443080186843872,0.4593876004219055,0.8319126963615417,0.0,0.0,0.0,0.0,0.0,0.0,0.0,0.0,0.5349711179733276,0.4125776290893554
0.5484206676483154,0.2557996809482574,0.5678812265396118,0.2306464165449142,0.529647171497345,0.2310575097799301,0.5935980081558228,0.2562057375907898,0.5021045804023743,0.2533760666847229,0.6490908861160278,0.4189156591892242,0.4382213056087494,0.4039072096347809,0.7784719467163086,0.4764688313007355,0.3146107792854309,0.4797354340553283,0.7418150305747986,0.3176307082176208,0.1853956431150436,0.548986554145813,0.6191807985305786,0.8177186250686646,0.4685340821743011,0.814231276512146,0.0,0.0,0.0,0.0,0.0,0.0,0.0,0.0,0.5419410467147827,0.4109320044517517
0.546302855014801,0.2547704875469208,0.5654531717300415,0.2304355800151825,0.526938259601593,0.2324443310499191,0.5921671986579895,0.259752482175827,0.4979254603385925,0.2600291669368744,0.6480556726455688,0.4149377048015594,0.4387590289115906,0.4038010239601135,0.7760385870933533,0.4707897007465362,0.3188652098178863,0.4887658953666687,0.7433238625526428,0.2799911499023437,0.1985203027725219,0.5585544109344482,0.6161344647407532,0.8156193494796753,0.4681428074836731,0.8129817247390747,0.0,0.0,0.0,0.0,0.0,0.0,0.0,0.0,0.5414227247238159,0.4094177186489105
0.5458919405937195,0.2566566169261932,0.5639899373054504,0.2324253022670745,0.5259106159210205,0.2333039790391922,0.5870755314826965,0.2576354444026947,0.4941944479942322,0.2607486546039581,0.631624162197113,0.4203371405601501,0.4342623054981231,0.4076620042324066,0.7803215384483337,0.457613855600357,0.3157719671726227,0.4923529326915741,0.8323178291320801,0.3104672431945801,0.1881645917892456,0.5674306750297546,0.6051591634750366,0.8337777853012085,0.4585492312908172,0.8291953206062317,0.0,0.0,0.0,0.0,0.0,0.0,0.0,0.0,0.5298527479171753,0.4141514897346496
0.5409685969352722,0.255485475063324,0.5588127374649048,0.2312692403793335,0.5209482312202454,0.2336507737636566,0.5833315849304199,0.2551604807376861,0.4908728003501892,0.2630459666252136,0.6355269551277161,0.4171977937221527,0.4334015250205993,0.4081939160823822,0.797956645488739,0.4403257071971893,0.3145653903484344,0.4935282766819,0.9192367196083068,0.3509031236171722,0.1852650642395019,0.5714558959007263,0.5999400019645691,0.8462255597114563,0.4535324275493622,0.8302642107009888,0.0,0.0,0.0,0.0,0.0,0.0,0.0,0.0,0.5307664275169373,0.4136988222599029
0.5400261878967285,0.2566657662391662,0.5582231283187866,0.2322003096342086,0.5195891261100769,0.2350014746189117,0.5829311609268188,0.2557684481143951,0.4892437160015106,0.2642261087894439,0.6328133344650269,0.4087749123573303,0.4315335750579834,0.4074836671352386,0.773505687713623,0.4602797627449035,0.3135592937469482,0.4929547309875488,0.9239770770072936,0.4659484028816223,0.187330350279808,0.5686890482902527,0.5985466241836548,0.7982726097106934,0.4535154700279236,0.7966812252998352,0.0,0.0,0.0,0.0,0.0,0.0,0.0,0.0,0.5301951766014099,0.4094896018505096
0.5429233908653259,0.2567183673381805,0.5608106255531311,0.2328810691833496,0.5226613879203796,0.2350581437349319,0.584783136844635,0.2568400204181671,0.4918781816959381,0.2640035450458526,0.629158079624176,0.4108541011810303,0.434138149023056,0.4047911465167999,0.76102215051651,0.4675789773464203,0.315650463104248,0.4880683124065399,0.9096829295158386,0.4478113651275635,0.187435120344162,0.5618970990180969,0.5938073396682739,0.8130403161048889,0.4528687000274658,0.798492968082428,0.0,0.0,0.0,0.0,0.0,0.0,0.0,0.0,0.5294970273971558,0.4080016911029815
0.5463246703147888,0.2569605708122253,0.5639204978942871,0.2347054332494735,0.5271163582801819,0.2334688901901245,0.586181104183197,0.2586626708507538,0.4949086606502533,0.2593441009521484,0.6356182098388672,0.4215557277202606,0.4350042641162872,0.4042248427867889,0.7804262042045593,0.4763364195823669,0.317267507314682,0.484414279460907,0.8989263772964478,0.3561075031757355,0.1885291039943695,0.5533846020698547,0.5987521409988403,0.8314561247825623,0.4539133608341217,0.8259121179580688,0.0,0.0,0.0,0.0,0.0,0.0,0.0,0.0,0.5318087339401245,0.4132696986198425
0.5491975545883179,0.2558342516422272,0.5674179196357727,0.2321747243404388,0.5291026830673218,0.23252834379673,0.5916608572006226,0.257129043340683,0.4969225227832794,0.2578278481960296,0.6352266073226929,0.4197205603122711,0.4361103475093841,0.4045826494693756,0.7617895007133484,0.494568258523941,0.3197067379951477,0.4850353598594665,0.7835417985916138,0.36782306432724,0.1972553730010986,0.5510776042938232,0.6112145781517029,0.8271448016166687,0.4621400833129883,0.8238955736160278,0.0,0.0,0.0,0.0,0.0,0.0,0.0,0.0,0.5333372950553894,0.4119812548160553
0.5464168190956116,0.2573713362216949,0.5658274292945862,0.23280730843544,0.5275570750236511,0.2332333326339721,0.5904403924942017,0.2581868767738342,0.4970547258853912,0.2573472261428833,0.633542001247406,0.4206461012363434,0.4382840692996979,0.4040083289146423,0.7594825029373169,0.5103405714035034,0.3197948932647705,0.4835536479949951,0.7433928847312927,0.3699636161327362,0.1973879337310791,0.5502583980560303,0.6055396199226379,0.8274883031845093,0.4668905735015869,0.8134153485298157,0.0,0.0,0.0,0.0,0.0,0.0,0.0,0.0,0.5353555083274841,0.4113814532756805
0.5493466854095459,0.256391167640686,0.5682233572006226,0.2324463427066803,0.5296660661697388,0.2306878417730331,0.5920740962028503,0.2564659118652344,0.4973190426826477,0.2531927824020386,0.6359156966209412,0.4229984283447265,0.4253894686698913,0.406622439622879,0.7621515393257141,0.5192290544509888,0.2825028300285339,0.4527762830257416,0.7902905344963074,0.3894767165184021,0.1461975276470184,0.4812876582145691,0.6046415567398071,0.8649934530258179,0.4511197507381439,0.8611907958984375,0.0,0.0,0.0,0.0,0.0,0.0,0.0,0.0,0.5294092893600464,0.4137374758720398
0.5509673357009888,0.2558708786964416,0.5686832070350647,0.2335427701473236,0.5315996408462524,0.2305122911930084,0.5900630950927734,0.260058581829071,0.4980562329292297,0.2544054687023163,0.626520574092865,0.4214155972003937,0.421662300825119,0.3961926996707916,0.7447553873062134,0.5085112452507019,0.2385981976985931,0.3926049172878265,0.831730842590332,0.4699316322803497,0.0775659084320068,0.4032638967037201,0.6052360534667969,0.8325234651565552,0.4504223763942718,0.8303129076957703,0.0,0.0,0.0,0.0,0.0,0.0,0.0,0.0,0.5259807109832764,0.4077470004558563
0.5506561398506165,0.2555117011070251,0.5688136219978333,0.2331878840923309,0.5307456254959106,0.2303269356489181,0.5911452174186707,0.2616456151008606,0.4970957636833191,0.2553095817565918,0.6213253140449524,0.418505996465683,0.4189112484455108,0.3873961865901947,0.7467908263206482,0.5137385725975037,0.2431545555591583,0.3618832230567932,0.8902505040168762,0.5426409840583801,0.1055455803871154,0.3454918265342712,0.596439003944397,0.8266893029212952,0.4434693157672882,0.8267892003059387,0.0,0.0,0.0,0.0,0.0,0.0,0.0,0.0,0.5244945883750916,0.4020669758319855
0.552895188331604,0.2574614286422729,0.5715518593788147,0.2348117083311081,0.5332287549972534,0.2319572269916534,0.5939818620681763,0.2632302343845367,0.5017135739326477,0.2574134171009063,0.6296691298484802,0.4209153354167938,0.4260260462760925,0.3845636546611786,0.7456470131874084,0.5313575267791748,0.2600974142551422,0.3580567538738251,0.8890928030014038,0.5877814292907715,0.1102286800742149,0.332366794347763,0.6012392640113831,0.8108720183372498,0.4552545845508575,0.8118048310279846,0.0,0.0,0.0,0.0,0.0,0.0,0.0,0.0,0.5315041542053223,0.4008426070213318
0.5559283494949341,0.2585000395774841,0.5750518441200256,0.2359314411878585,0.5353047251701355,0.2328098863363266,0.5971542000770569,0.2639712989330292,0.5033828020095825,0.2579670250415802,0.6306837201118469,0.4261519312858581,0.4327362179756164,0.385479986667633,0.760008692741394,0.5318805575370789,0.2617062926292419,0.3530070185661316,0.89211505651474,0.5486871600151062,0.110894501209259,0.327922523021698,0.5974127054214478,0.8273128271102905,0.445848286151886,0.8127507567405701,0.0,0.0,0.0,0.0,0.0,0.0,0.0,0.0,0.534548819065094,0.4040217399597168
0.5596759915351868,0.2598264813423157,0.5783886313438416,0.237041562795639,0.5385254621505737,0.2341908365488052,0.6006645560264587,0.2637044191360473,0.5062668323516846,0.2591389715671539,0.6349282264709473,0.4229448735713959,0.4368111491203308,0.3814709484577179,0.7563260197639465,0.5149882435798645,0.2733063101768493,0.3535303473472595,0.8785317540168762,0.4434024393558502,0.1177698895335197,0.3221953213214874,0.6135227084159851,0.8279514908790588,0.4557494819164276,0.8250789046287537,0.0,0.0,0.0,0.0,0.0,0.0,0.0,0.0,0.5394043326377869,0.4007656872272491
0.5593476891517639,0.2593526542186737,0.5798848867416382,0.2348460108041763,0.5378514528274536,0.2334374487400055,0.6056724786758423,0.2614403367042541,0.5066439509391785,0.2580512166023254,0.6406233906745911,0.4271537661552429,0.4320259988307953,0.3848216235637665,0.7653948068618774,0.5217314958572388,0.2612160444259643,0.3528863489627838,0.8012946844100952,0.3987438976764679,0.1106269434094429,0.3281373679637909,0.6153643727302551,0.8512749671936035,0.4541507661342621,0.8335104584693909,0.0,0.0,0.0,0.0,0.0,0.0,0.0,0.0,0.5402269959449768,0.4066374003887176
0.5589746832847595,0.2590786814689636,0.5791798830032349,0.2344901412725448,0.538700520992279,0.2312303483486175,0.6031092405319214,0.265400618314743,0.5063492059707642,0.2573046088218689,0.6397937536239624,0.4278535842895508,0.4337547421455383,0.3868481814861297,0.7648659348487854,0.5279296040534973,0.2627100050449371,0.3547549545764923,0.7550301551818848,0.3854281306266784,0.1113466843962669,0.3308764994144439,0.6190944314002991,0.8461803197860718,0.4584892094135284,0.8302168250083923,0.0,0.0,0.0,0.0,0.0,0.0,0.0,0.0,0.5398553609848022,0.4078159928321838
0.5575657486915588,0.2579754292964935,0.5782824754714966,0.2340337932109832,0.5383538603782654,0.2302028238773346,0.6023483872413635,0.2624512612819671,0.5059568285942078,0.2526995837688446,0.6399842500686646,0.4266680777072906,0.4317741394042969,0.3844243586063385,0.7692527174949646,0.5321075916290283,0.257000595331192,0.3540029227733612,0.7496835589408875,0.3787903189659118,0.1098428592085838,0.3328355252742767,0.6148865818977356,0.8463559150695801,0.4567421972751617,0.8306602835655212,0.0,0.0,0.0,0.0,0.0,0.0,0.0,0.0,0.5384426116943359,0.4039365351200104
0.5550995469093323,0.2556645274162292,0.5741615295410156,0.2316662222146988,0.5340821146965027,0.2299076318740844,0.5983306169509888,0.2611625790596008,0.502400815486908,0.255166083574295,0.6346952319145203,0.4220476746559143,0.4329781830310821,0.3845346570014953,0.7636542320251465,0.5173279643058777,0.2608113884925842,0.3548317551612854,0.7922086119651794,0.3882280886173248,0.1017924398183822,0.3307582437992096,0.6124058961868286,0.8335891962051392,0.4531439840793609,0.8288379907608032,0.0,0.0,0.0,0.0,0.0,0.0,0.0,0.0,0.5369399785995483,0.40374556183815
0.5501300096511841,0.2523770630359649,0.5686312317848206,0.2294614166021347,0.5304383039474487,0.2276993840932846,0.591964840888977,0.2570444047451019,0.4990174472332001,0.2520968914031982,0.6328704953193665,0.4220339357852936,0.4249275624752044,0.3811878859996795,0.7622084021568298,0.4997527599334717,0.2582830488681793,0.3521392941474914,0.8684802651405334,0.4405360817909241,0.097457930445671,0.3285253345966339,0.6017116904258728,0.8335134387016296,0.4435621798038482,0.8304800391197205,0.0,0.0,0.0,0.0,0.0,0.0,0.0,0.0,0.5326574444770813,0.4011139869689941
0.5492733120918274,0.2506372034549713,0.5684682726860046,0.2281334847211837,0.5290399789810181,0.2262176722288131,0.5923614501953125,0.2578779757022857,0.496963232755661,0.2515046298503876,0.6270813345909119,0.4173502027988434,0.4206166267395019,0.3788142502307892,0.762260377407074,0.5160941481590271,0.2599236071109772,0.3408125042915344,0.9051527976989746,0.5338402986526489,0.1171446219086647,0.3093093335628509,0.6007828712463379,0.8296272158622742,0.4456103444099426,0.8128776550292969,0.0,0.0,0.0,0.0,0.0,0.0,0.0,0.0,0.5284827947616577,0.3962161540985107
0.5500285029411316,0.2504743039608001,0.5695975422859192,0.2279745191335678,0.5301598310470581,0.2257270812988281,0.5936625599861145,0.2570911645889282,0.498783141374588,0.2488261312246322,0.6274648308753967,0.4168214201927185,0.4254776835441589,0.374595582485199,0.7467913031578064,0.532906174659729,0.2771571576595306,0.3272856175899505,0.8845688700675964,0.587664008140564,0.1300109326839447,0.2620138525962829,0.5982416272163391,0.8125811815261841,0.4464649260044098,0.8127649426460266,0.0,0.0,0.0,0.0,0.0,0.0,0.0,0.0,0.5304372310638428,0.3927555382251739
0.5534279942512512,0.252566248178482,0.5725399851799011,0.2304169237613678,0.532656192779541,0.227390244603157,0.5948920249938965,0.2620048820972442,0.4989889562129974,0.2513193190097809,0.6267595291137695,0.4212061762809753,0.4228810667991638,0.373401015996933,0.7575276494026184,0.5365940928459167,0.2705647945404053,0.3151409327983856,0.903913915157318,0.5609311461448669,0.1309707015752792,0.2452089637517929,0.5980724692344666,0.831017017364502,0.4414835274219513,0.8284004926681519,0.0,0.0,0.0,0.0,0.0,0.0,0.0,0.0,0.5301020741462708,0.3954750597476959
0.5542088150978088,0.2519436776638031,0.5729578137397766,0.2311288863420486,0.5335985422134399,0.2275463044643402,0.5945817828178406,0.2647705674171448,0.5003992319107056,0.2519873976707458,0.6286420226097107,0.4199379384517669,0.4234644472599029,0.3720241189002991,0.7536937594413757,0.5278709530830383,0.2685912549495697,0.3154537081718445,0.878358781337738,0.4855870306491852,0.1286952942609787,0.246367335319519,0.6113377213478088,0.8288097381591797,0.4491927921772003,0.8269669413566589,0.0,0.0,0.0,0.0,0.0,0.0,0.0,0.0,0.5321539044380188,0.3938251435756683
0.5566269755363464,0.25441375374794,0.5756507515907288,0.2309583276510238,0.5347544550895691,0.2288140505552292,0.5982375144958496,0.2600269913673401,0.5012306571006775,0.2534133493900299,0.6347201466560364,0.4258612096309662,0.4231074750423431,0.3753324151039123,0.7480648756027222,0.5284350514411926,0.2713511884212494,0.314903050661087,0.7990997433662415,0.4195948243141174,0.1322626024484634,0.249855637550354,0.605000376701355,0.848004162311554,0.44405597448349,0.8450196385383606,0.0,0.0,0.0,0.0,0.0,0.0,0.0,0.0,0.5334676504135132,0.4018445611000061
0.554850161075592,0.2532159686088562,0.5743104219436646,0.2296052724123001,0.534591019153595,0.2271497100591659,0.595370352268219,0.2597397863864898,0.500927746295929,0.2517917454242706,0.6338667273521423,0.4228830635547638,0.4249407351016998,0.3745033740997314,0.7551684975624084,0.5441995859146118,0.2724480926990509,0.3173395991325378,0.7434847950935364,0.4149821400642395,0.1321844011545181,0.2513879239559173,0.6124054193496704,0.8442922234535217,0.4498273730278015,0.8296791315078735,0.0,0.0,0.0,0.0,0.0,0.0,0.0,0.0,0.5349248051643372,0.3997482359409332
0.5510225892066956,0.2521768808364868,0.5707921981811523,0.2292535752058029,0.5315911173820496,0.2267251163721084,0.5938078761100769,0.2611114680767059,0.499823123216629,0.2500872015953064,0.6330055594444275,0.4266212284564972,0.4245201647281647,0.3776650726795196,0.754787266254425,0.5398173332214355,0.2761154472827911,0.3234372735023498,0.745570719242096,0.4028964936733246,0.1291575729846954,0.2610279619693756,0.6148466467857361,0.846804141998291,0.4446143209934234,0.8317779302597046,0.0,0.0,0.0,0.0,0.0,0.0,0.0,0.0,0.5326915979385376,0.402564138174057
0.5485681295394897,0.2549663782119751,0.5665996670722961,0.2307550460100174,0.5281895399093628,0.2302626520395279,0.5901508927345276,0.2549673616886139,0.4962293803691864,0.252917617559433,0.6226823925971985,0.4200831949710846,0.4218498170375824,0.3796168863773346,0.7471607327461243,0.5212470293045044,0.2767029702663421,0.3273104727268219,0.8062461614608765,0.4054493606090545,0.1201395466923713,0.263590395450592,0.601621150970459,0.8473981022834778,0.4419406950473785,0.8328161239624023,0.0,0.0,0.0,0.0,0.0,0.0,0.0,0.0,0.5276039838790894,0.4004334807395935
0.5446692109107971,0.2540425956249237,0.5626854300498962,0.2316820174455642,0.5249277949333191,0.2311341017484665,0.5847171545028687,0.2583996653556824,0.4936964511871338,0.2555641829967499,0.625007688999176,0.4196508228778839,0.4197224080562591,0.3787435591220855,0.7563753128051758,0.4961230754852295,0.2757832705974579,0.3304294049739837,0.8778533935546875,0.4414201378822326,0.127280443906784,0.2768242955207824,0.5977305769920349,0.8471803665161133,0.4402432143688202,0.8316807746887207,0.0,0.0,0.0,0.0,0.0,0.0,0.0,0.0,0.5259999632835388,0.3967575132846832
0.5414493680000305,0.2563065886497497,0.5600934028625488,0.2310442179441452,0.5210554003715515,0.2333730310201645,0.5841622352600098,0.2565352916717529,0.490713357925415,0.2594060599803924,0.6219915151596069,0.4178902804851532,0.4210260808467865,0.3808797299861908,0.7538477182388306,0.5012664198875427,0.2744691967964172,0.3323307931423187,0.9065813422203064,0.5251056551933289,0.1229526326060295,0.2929190993309021,0.5952907800674438,0.8128522634506226,0.441822737455368,0.8126406669616699,0.0,0.0,0.0,0.0,0.0,0.0,0.0,0.0,0.5252945423126221,0.3982006013393402
0.5471715331077576,0.2554213106632232,0.565182626247406,0.2336920946836471,0.5275712609291077,0.2324322760105133,0.5878749489784241,0.259478211402893,0.4966378808021545,0.2561346590518951,0.6263642907142639,0.4182637631893158,0.4220915734767914,0.3778600692749023,0.7525749206542969,0.5107153654098511,0.2748418152332306,0.3306898176670074,0.8817505836486816,0.4600005447864532,0.1301579028367996,0.2818469703197479,0.5996721982955933,0.8327136635780334,0.4434943199157715,0.8299735188484192,0.0,0.0,0.0,0.0,0.0,0.0,0.0,0.0,0.5292171835899353,0.3961547315120697
0.5515554547309875,0.2572321891784668,0.5700401067733765,0.2339487224817276,0.5315268635749817,0.2314008772373199,0.5926804542541504,0.2610347867012024,0.4991658627986908,0.2548217475414276,0.6277936697006226,0.4229801297187805,0.4208844006061554,0.3780045807361603,0.7459525465965271,0.5222969651222229,0.2731167376041412,0.329980194568634,0.8000890612602234,0.4307115375995636,0.1313740015029907,0.2811943888664245,0.6019603610038757,0.832457959651947,0.4484679698944092,0.8282449841499329,0.0,0.0,0.0,0.0,0.0,0.0,0.0,0.0,0.5289219617843628,0.399198830127716
0.5499650835990906,0.2553221881389618,0.5689384341239929,0.2323639094829559,0.5305023193359375,0.2310616821050644,0.593443751335144,0.2614325582981109,0.5004565119743347,0.2559541165828705,0.6337743997573853,0.4245780110359192,0.4255144298076629,0.3811933696269989,0.7563371062278748,0.5397312045097351,0.2742794454097748,0.3350742757320404,0.7326298356056213,0.3909102082252502,0.1245804354548454,0.2979010641574859,0.6170549392700195,0.8160892724990845,0.4555369019508362,0.8261281847953796,0.0,0.0,0.0,0.0,0.0,0.0,0.0,0.0,0.5344201326370239,0.4032600224018097
0.5483657121658325,0.2553112804889679,0.5672007203102112,0.2318967133760452,0.5287789702415466,0.2308201044797897,0.5915653109550476,0.2593585252761841,0.498212993144989,0.2546591162681579,0.6317228674888611,0.4214167296886444,0.4301529824733734,0.3864086270332336,0.7584630846977234,0.5386210680007935,0.2665025293827057,0.35250324010849,0.7379064559936523,0.3966920673847198,0.1174373626708984,0.3236432671546936,0.6164542436599731,0.829431414604187,0.4554179012775421,0.8274706602096558,0.0,0.0,0.0,0.0,0.0,0.0,0.0,0.0,0.5326105952262878,0.4045050740242004
0.5461997985839844,0.2557172179222107,0.5647685527801514,0.2313374727964401,0.5265017747879028,0.232533261179924,0.5909117460250854,0.2574352025985718,0.4967893958091736,0.2577746212482452,0.6303567290306091,0.4214741289615631,0.4233017265796661,0.3897407352924347,0.7535580396652222,0.5274593234062195,0.2379142940044403,0.3749005496501922,0.7730576395988464,0.374259889125824,0.0851267576217651,0.3781005442142486,0.6161565780639648,0.8463725447654724,0.4562983810901642,0.8320699334144592,0.0,0.0,0.0,0.0,0.0,0.0,0.0,0.0,0.5283654928207397,0.4063953757286072
0.5467137098312378,0.2566530108451843,0.5644765496253967,0.2330991327762603,0.5267313122749329,0.2322056740522384,0.5863632559776306,0.2574245631694793,0.4940029978752136,0.256797581911087,0.6293190121650696,0.4248912632465362,0.4228626191616058,0.3968207538127899,0.7631193995475769,0.5055993795394897,0.2564539611339569,0.4076254963874817,0.8485191464424133,0.3870425224304199,0.0961803048849105,0.4304037690162658,0.6024945974349976,0.8367177248001099,0.4489071071147918,0.8321789503097534,0.0,0.0,0.0,0.0,0.0,0.0,0.0,0.0,0.526170015335083,0.4116796553134918
0.5409091711044312,0.2561701238155365,0.5594992637634277,0.2316448539495468,0.5211763978004456,0.2322275191545486,0.5827117562294006,0.2562902271747589,0.48990398645401,0.2567598521709442,0.6212535500526428,0.4149283766746521,0.4231104254722595,0.3981971144676208,0.7586698532104492,0.4676970541477203,0.2740719318389892,0.4185636341571808,0.9056822061538696,0.4292004406452179,0.1166145280003547,0.4478155970573425,0.6012800335884094,0.828595757484436,0.4493623673915863,0.8293947577476501,0.0,0.0,0.0,0.0,0.0,0.0,0.0,0.0,0.5230996012687683,0.4063171446323395
0.5413709282875061,0.2536942660808563,0.5599836111068726,0.2298909425735473,0.5218371152877808,0.230647787451744,0.5837775468826294,0.2549301981925964,0.4914781153202057,0.2563600838184356,0.6265252232551575,0.4181343019008636,0.4231946766376495,0.3980898559093475,0.7732704877853394,0.4842212796211242,0.2725805342197418,0.419656366109848,0.8877905011177063,0.4154142737388611,0.1115738525986671,0.4514055550098419,0.6012572646141052,0.8471283912658691,0.448345273733139,0.8321327567100525,0.0,0.0,0.0,0.0,0.0,0.0,0.0,0.0,0.5248416662216187,0.4074216485023498
0.5472992658615112,0.2527474164962768,0.5659544467926025,0.2296133786439895,0.5269254446029663,0.2289392650127411,0.590011477470398,0.2573044002056122,0.4948428571224212,0.2541095316410064,0.6340319514274597,0.4240934550762176,0.4247210323810577,0.3992678225040436,0.7588812708854675,0.5102919936180115,0.2708998024463653,0.4158425629138946,0.7923745512962341,0.4152238667011261,0.1294789016246795,0.4371084570884704,0.6109594106674194,0.8513327240943909,0.4482357501983642,0.860361635684967,0.0,0.0,0.0,0.0,0.0,0.0,0.0,0.0,0.5296682119369507,0.4112735688686371
0.5478010773658752,0.2522018551826477,0.5658632516860962,0.2291067689657211,0.5284930467605591,0.2284188717603683,0.5889219641685486,0.2569674849510193,0.4977989792823791,0.251796692609787,0.6319876313209534,0.4211861491203308,0.4305572211742401,0.3971389830112457,0.7703036665916443,0.5308743715286255,0.2754043042659759,0.4158508479595184,0.7279252409934998,0.4068901240825653,0.1336280852556228,0.435987263917923,0.610246479511261,0.8269593119621277,0.4523839652538299,0.8152540922164917,0.0,0.0,0.0,0.0,0.0,0.0,0.0,0.0,0.5312275886535645,0.409002274274826
0.5473598837852478,0.251804918050766,0.565552294254303,0.2294362783432006,0.52813321352005,0.2283047586679458,0.5861383080482483,0.2565031349658966,0.4962342083454132,0.2521335184574127,0.6304798126220703,0.4170896708965301,0.4265132248401642,0.3967862129211426,0.7600899338722229,0.5206938982009888,0.2731592655181885,0.4207887947559356,0.709291934967041,0.3828792572021484,0.114213541150093,0.4513334333896637,0.6109638810157776,0.8296371102333069,0.4493305385112762,0.8293747305870056,0.0,0.0,0.0,0.0,0.0,0.0,0.0,0.0,0.5300551056861877,0.4070177376270294
0.5413511991500854,0.2520700991153717,0.5604634881019592,0.228496104478836,0.5210245251655579,0.2304420918226242,0.5861049890518188,0.2575904428958893,0.4908584058284759,0.2580580115318298,0.6291483044624329,0.4253041446208954,0.4218040108680725,0.3976735174655914,0.7585622668266296,0.5139941573143005,0.2685841619968414,0.4220433533191681,0.7636218667030334,0.3976178169250488,0.0984518304467201,0.4577303528785705,0.6066854596138,0.8331159949302673,0.4497332870960235,0.8322638273239136,0.0,0.0,0.0,0.0,0.0,0.0,0.0,0.0,0.525712251663208,0.4117361605167389
0.5365314483642578,0.2549568116664886,0.5553342700004578,0.2316059172153473,0.5168513655662537,0.2301754206418991,0.5773402452468872,0.2562801837921142,0.4861936271190643,0.2531024515628814,0.6211591958999634,0.4203715920448303,0.4183982014656067,0.3988700211048126,0.7762476801872253,0.4825125336647033,0.2704762518405914,0.424810916185379,0.8770605325698853,0.3486735820770263,0.1094746589660644,0.4520781934261322,0.6025996208190918,0.848433792591095,0.4418280124664306,0.846075177192688,0.0,0.0,0.0,0.0,0.0,0.0,0.0,0.0,0.5202580094337463,0.4089972972869873
0.5319808721542358,0.2540187239646911,0.5504356026649475,0.2303642183542251,0.511962354183197,0.2302256077528,0.574901282787323,0.2566079497337341,0.4827895760536194,0.2562728524208069,0.6182840466499329,0.4070431292057037,0.4179317951202392,0.3989784121513366,0.7681456208229065,0.4411163926124573,0.2729878723621368,0.4267931282520294,0.9069329500198364,0.4296445250511169,0.1107835993170738,0.4540341794490814,0.597176194190979,0.8463762998580933,0.4401077628135681,0.831551194190979,0.0,0.0,0.0,0.0,0.0,0.0,0.0,0.0,0.5193430185317993,0.4023358225822449
0.5335357785224915,0.2528835237026214,0.5521642565727234,0.2288808971643448,0.5134099125862122,0.2307802587747573,0.5776808857917786,0.254893958568573,0.4843145906925201,0.2577129900455475,0.6262357831001282,0.4158027768135071,0.418453961610794,0.3980181515216827,0.7701689600944519,0.4761131405830383,0.2696990072727203,0.425753653049469,0.9029818773269652,0.4255065023899078,0.1005195975303649,0.4559602737426758,0.5976624488830566,0.847897469997406,0.4423795342445373,0.8305043578147888,0.0,0.0,0.0,0.0,0.0,0.0,0.0,0.0,0.5220438838005066,0.4058564305305481
0.5378952026367188,0.2549019157886505,0.5569403171539307,0.2303584665060043,0.5169488191604614,0.2306820452213287,0.5807544589042664,0.255491554737091,0.4870376884937286,0.2558491826057434,0.6250128149986267,0.4222568571567535,0.4190181791782379,0.3990390002727508,0.7514966130256653,0.5204976797103882,0.271557867527008,0.4254911541938782,0.8343546986579895,0.3963305354118347,0.1114247590303421,0.4506793320178985,0.600217342376709,0.8501397967338562,0.4438800513744354,0.8452877402305603,0.0,0.0,0.0,0.0,0.0,0.0,0.0,0.0,0.5221803188323975,0.4112031757831573
0.5382274985313416,0.2528274953365326,0.5575131177902222,0.229102686047554,0.5174696445465088,0.2306887805461883,0.583041250705719,0.2561592161655426,0.4877871572971344,0.2576198577880859,0.6212401986122131,0.4203208088874817,0.4228629767894745,0.3973033428192138,0.7366967797279358,0.5429744124412537,0.2705939412117004,0.4265739917755127,0.7412220239639282,0.4369501769542694,0.1084676161408424,0.4579403102397918,0.6034725308418274,0.8341860771179199,0.4514463543891907,0.8311830163002014,0.0,0.0,0.0,0.0,0.0,0.0,0.0,0.0,0.5254824757575989,0.4067476391792297
0.5372933149337769,0.2541925013065338,0.5582908391952515,0.2285766154527664,0.5169748067855835,0.2299055308103561,0.583994448184967,0.2550652921199798,0.4876598417758941,0.2559081315994262,0.6219208836555481,0.419073075056076,0.4254363477230072,0.3999915421009063,0.728349506855011,0.5513017773628235,0.2741566896438598,0.4297433793544769,0.7016514539718628,0.4189874827861786,0.1129015684127807,0.4604626595973968,0.6050406694412231,0.8288899660110474,0.4547601044178009,0.8270683288574219,0.0,0.0,0.0,0.0,0.0,0.0,0.0,0.0,0.5264310836791992,0.4080720245838165
0.5359974503517151,0.2518277466297149,0.5554631352424622,0.2289001792669296,0.5159173011779785,0.2290105521678924,0.5795397162437439,0.257159948348999,0.4860309064388275,0.2560472786426544,0.6214293837547302,0.4207162857055664,0.4210489690303802,0.3994608521461487,0.7361095547676086,0.5402551889419556,0.2741146981716156,0.4296643733978271,0.7437301874160767,0.4199632108211517,0.1125415414571762,0.4600936472415924,0.6023716330528259,0.8360567092895508,0.4503584206104278,0.832494854927063,0.0,0.0,0.0,0.0,0.0,0.0,0.0,0.0,0.5230585336685181,0.4089267551898956
0.5321370363235474,0.2525646388530731,0.5508160591125488,0.228201612830162,0.5121427774429321,0.2284413427114486,0.5755409598350525,0.2540887296199798,0.4838390946388244,0.2540548145771026,0.6199131608009338,0.4234440624713897,0.4194729626178741,0.3990642428398132,0.7441950440406799,0.5151921510696411,0.2739889323711395,0.4306661188602447,0.823742687702179,0.3999566733837127,0.1109454184770584,0.4617303013801574,0.6014833450317383,0.8516570329666138,0.4442627727985382,0.8465642333030701,0.0,0.0,0.0,0.0,0.0,0.0,0.0,0.0,0.5189774036407471,0.412693977355957
0.5292083024978638,0.2525015771389007,0.5467514991760254,0.2286696881055832,0.5083191394805908,0.2294937819242477,0.5704750418663025,0.2545264065265655,0.4778907895088196,0.2573581635951996,0.6165577173233032,0.409820407629013,0.4184957146644592,0.3987990319728851,0.7583325505256653,0.4745188653469085,0.2783530950546264,0.4336564242839813,0.8873246908187866,0.445096880197525,0.1174939051270484,0.4661106765270233,0.593267023563385,0.8328876495361328,0.4411623775959015,0.8299171328544617,0.0,0.0,0.0,0.0,0.0,0.0,0.0,0.0,0.518194854259491,0.4034857749938965
0.5266944766044617,0.2506778836250305,0.5439391732215881,0.2268681228160858,0.5056722164154053,0.2282634526491165,0.56792151927948,0.2528113424777984,0.4756960570812225,0.2571272253990173,0.6153227090835571,0.4117529392242431,0.4166048169136047,0.3998648226261139,0.7455903887748718,0.4719635844230652,0.2745208442211151,0.4337075054645538,0.8914502263069153,0.4765207171440124,0.1152987405657768,0.470149278640747,0.5939585566520691,0.8304255604743958,0.4430316090583801,0.8291463851928711,0.0,0.0,0.0,0.0,0.0,0.0,0.0,0.0,0.515119194984436,0.4055261015892029
0.526826024055481,0.2497710734605789,0.543998122215271,0.2259773313999176,0.5059981942176819,0.2274204492568969,0.5679848790168762,0.2517224848270416,0.4756675064563751,0.2564331591129303,0.6184267997741699,0.409502774477005,0.4153074324131012,0.3997074663639068,0.7607149481773376,0.4745872914791107,0.2744902670383453,0.4333830177783966,0.9002582430839539,0.4344200193881988,0.1165284365415573,0.4678127467632293,0.5947949290275574,0.8337955474853516,0.4424175918102264,0.8306612968444824,0.0,0.0,0.0,0.0,0.0,0.0,0.0,0.0,0.5160821080207825,0.4040834605693817
0.5305064916610718,0.2486772984266281,0.5476229786872864,0.2252786457538604,0.5090211033821106,0.2277959883213043,0.5710245966911316,0.2484134584665298,0.4784581363201141,0.257443219423294,0.6215524077415466,0.4161317944526672,0.4185535311698913,0.3982491493225097,0.7581977248191833,0.4926009476184845,0.2735133469104767,0.4343213140964508,0.8331049680709839,0.3818448483943939,0.1048864275217056,0.4707000851631164,0.5989967584609985,0.8355315923690796,0.4421210587024688,0.8319843411445618,0.0,0.0,0.0,0.0,0.0,0.0,0.0,0.0,0.5194211006164551,0.4063453078269958
0.5315790772438049,0.2491348832845688,0.5490749478340149,0.2252286225557327,0.5095330476760864,0.2282577753067016,0.574226438999176,0.2491635233163833,0.4794240891933441,0.25721475481987,0.6218178868293762,0.4177678227424621,0.4178371429443359,0.3969986736774444,0.7447267770767212,0.5135043859481812,0.2757666707038879,0.4321253001689911,0.7490266561508179,0.4014062583446502,0.1168531998991966,0.4681136310100555,0.6022544503211975,0.8368667364120483,0.4439781010150909,0.8316400647163391,0.0,0.0,0.0,0.0,0.0,0.0,0.0,0.0,0.5203052163124084,0.4066574573516845
0.5319638848304749,0.2488277852535247,0.5511442422866821,0.2252782136201858,0.5110150575637817,0.2267149537801742,0.575593113899231,0.2539680302143097,0.4813048839569092,0.2547086179256439,0.6204298138618469,0.4135314524173736,0.4183796346187591,0.3956420123577118,0.7442106008529663,0.517295777797699,0.2750422656536102,0.4306457042694092,0.7070754170417786,0.4004967510700226,0.1156718879938125,0.461008071899414,0.5986372828483582,0.8340445756912231,0.4424078166484833,0.8286662101745605,0.0,0.0,0.0,0.0,0.0,0.0,0.0,0.0,0.5212704539299011,0.4042510688304901
0.5308610200881958,0.2509197890758514,0.5493209958076477,0.2272813320159912,0.5101665258407593,0.228505939245224,0.5740780234336853,0.2561563849449157,0.4815883040428161,0.2556392252445221,0.614395797252655,0.4157416522502899,0.4194727540016174,0.3953984677791595,0.742281973361969,0.5160067677497864,0.2730323374271393,0.4310503900051117,0.6859407424926758,0.3862889409065246,0.1136956214904785,0.4622615277767181,0.5999274253845215,0.8462620377540588,0.4451062977313995,0.8315324187278748,0.0,0.0,0.0,0.0,0.0,0.0,0.0,0.0,0.5196454524993896,0.4046701788902282
0.5306342840194702,0.2502978146076202,0.549646258354187,0.226602241396904,0.5099120736122131,0.2282448858022689,0.5749412178993225,0.2565016448497772,0.480872631072998,0.2575427591800689,0.6145363450050354,0.4200131893157959,0.4192297458648681,0.3977121710777282,0.7421373724937439,0.5165366530418396,0.2743017077445984,0.4302424490451813,0.7090692520141602,0.3915453851222992,0.1133612245321273,0.4621546864509582,0.5954036712646484,0.83338463306427,0.4405847489833832,0.8289982080459595,0.0,0.0,0.0,0.0,0.0,0.0,0.0,0.0,0.5200822353363037,0.4079258739948272
0.5285186171531677,0.2507064938545227,0.5461522936820984,0.227475568652153,0.5077188611030579,0.2288431823253631,0.5706455707550049,0.2545681893825531,0.478045642375946,0.2576906979084015,0.6143085360527039,0.419928103685379,0.4145570397377014,0.3969276249408722,0.744319498538971,0.5106879472732544,0.2713819146156311,0.4290594458580017,0.7528868913650513,0.3992683291435241,0.100951500236988,0.4590069353580475,0.5955718159675598,0.8490038514137268,0.4375507533550262,0.8323963284492493,0.0,0.0,0.0,0.0,0.0,0.0,0.0,0.0,0.5149551033973694,0.4085617065429687
0.5283339619636536,0.2529677152633667,0.5464279055595398,0.2293529361486435,0.5076093077659607,0.2289390563964843,0.5688516497612,0.2564398348331451,0.4760989248752594,0.2567541301250458,0.6121583580970764,0.4203931391239166,0.4133629202842712,0.3985410630702972,0.7535049319267273,0.4876894950866699,0.2720582187175751,0.4265881180763244,0.8296340703964233,0.3634214401245117,0.096984252333641,0.4538049399852752,0.5936636924743652,0.8624957799911499,0.4371386468410492,0.8466842770576477,0.0,0.0,0.0,0.0,0.0,0.0,0.0,0.0,0.5116060972213745,0.4095861911773681
0.5270830988883972,0.2517001926898956,0.5446032881736755,0.228758692741394,0.506217360496521,0.2292285859584808,0.5678160190582275,0.2562319636344909,0.474770575761795,0.2584032118320465,0.6156401038169861,0.4088455140590668,0.4127905666828155,0.3973280787467956,0.7612367868423462,0.4545082151889801,0.273063987493515,0.4261894524097442,0.9164255261421204,0.4166880249977112,0.0991275832056999,0.4529693126678467,0.591482937335968,0.8330051302909851,0.4371089935302734,0.8162292838096619,0.0,0.0,0.0,0.0,0.0,0.0,0.0,0.0,0.5135549902915955,0.4029813706874847
0.5289605259895325,0.2510130703449249,0.5466413497924805,0.2274820059537887,0.5085781216621399,0.2286623418331146,0.5705141425132751,0.2539628446102142,0.4785399734973907,0.2571004033088684,0.6159428358078003,0.4134047329425812,0.415880411863327,0.3980823457241058,0.7499823570251465,0.4750257432460785,0.2758430540561676,0.431520402431488,0.8852952122688293,0.430507093667984,0.1116610616445541,0.461150586605072,0.5912288427352905,0.8446606993675232,0.4381439387798309,0.8293848037719727,0.0,0.0,0.0,0.0,0.0,0.0,0.0,0.0,0.5158635377883911,0.4051998555660248
0.5362895727157593,0.2497380524873733,0.5546748042106628,0.2277539819478988,0.5156523585319519,0.2273950576782226,0.5770534873008728,0.2537246644496918,0.4845158159732818,0.2538319528102875,0.6165081262588501,0.4170961678028106,0.4192786812782287,0.3978872895240783,0.744071364402771,0.5011116862297058,0.2816271483898163,0.4490308463573456,0.834976851940155,0.383664608001709,0.1352914422750473,0.4857921302318573,0.5955867171287537,0.8476384878158569,0.4392088949680328,0.8315244913101196,0.0,0.0,0.0,0.0,0.0,0.0,0.0,0.0,0.5179125666618347,0.4066022336483001
0.5406966209411621,0.2491925507783889,0.5587518811225891,0.2273045927286148,0.5192879438400269,0.2287535816431045,0.5826825499534607,0.2545165717601776,0.487423837184906,0.2567875683307647,0.6262871623039246,0.4186047911643982,0.4173316657543182,0.4003190398216247,0.7497510313987732,0.5224370956420898,0.2938145995140075,0.4615602493286133,0.7581691741943359,0.4380563199520111,0.1645565032958984,0.504187285900116,0.5998486280441284,0.8476516008377075,0.4436759948730469,0.8452078700065613,0.0,0.0,0.0,0.0,0.0,0.0,0.0,0.0,0.5221452116966248,0.4084543585777282
0.5440989136695862,0.252232015132904,0.5630444884300232,0.2293380349874496,0.5241831541061401,0.2282618582248687,0.584735095500946,0.2571412622928619,0.4915989339351654,0.2538798749446869,0.6257144808769226,0.4170370399951935,0.4254345297813415,0.4014744460582733,0.746387779712677,0.5234442353248596,0.3061017692089081,0.4721137583255768,0.7306097745895386,0.4165824949741363,0.1814194768667221,0.5262934565544128,0.5979835391044617,0.8325375318527222,0.4501126706600189,0.8276320695877075,0.0,0.0,0.0,0.0,0.0,0.0,0.0,0.0,0.5260049104690552,0.4088635444641113
0.5425593256950378,0.2494144439697265,0.5618876218795776,0.2277196496725082,0.5220698118209839,0.2278115600347519,0.5859437584877014,0.2558044195175171,0.4911614060401916,0.2539520859718323,0.6218391060829163,0.417802482843399,0.4230965077877044,0.4001657366752624,0.7477025389671326,0.514976441860199,0.3071850836277008,0.471626728773117,0.7737776041030884,0.4003158211708069,0.1820599138736724,0.5260545611381531,0.5978394150733948,0.8349571228027344,0.4509868919849396,0.8295376896858215,0.0,0.0,0.0,0.0,0.0,0.0,0.0,0.0,0.5233632922172546,0.4088061451911926
0.5399903655052185,0.2506372034549713,0.5590484142303467,0.2280444055795669,0.5196186900138855,0.2277466207742691,0.5823973417282104,0.2530848383903503,0.4888789057731628,0.2533786594867706,0.6280308365821838,0.4210380017757416,0.4237535297870636,0.4012554287910461,0.7710921168327332,0.4869763553142547,0.2990880310535431,0.4760008156299591,0.8694848418235779,0.396341860294342,0.1780235320329666,0.5271462202072144,0.5958444476127625,0.8326873779296875,0.4425372779369354,0.827633798122406,0.0,0.0,0.0,0.0,0.0,0.0,0.0,0.0,0.5232100486755371,0.4115624129772186
0.538361668586731,0.2479778826236724,0.556823194026947,0.2258407175540924,0.517582893371582,0.2263987809419632,0.5808809399604797,0.2520171701908111,0.4867686629295349,0.2547166645526886,0.6230359077453613,0.4093594849109649,0.4216866195201874,0.4017278254032135,0.7752335667610168,0.4644583761692047,0.3041786253452301,0.475451797246933,0.9207577109336852,0.4461804032325744,0.1824532002210617,0.52936190366745,0.595064640045166,0.8304221034049988,0.4416373074054718,0.8141772150993347,0.0,0.0,0.0,0.0,0.0,0.0,0.0,0.0,0.5220101475715637,0.4057776033878326
0.5447367429733276,0.2490777224302292,0.5637753009796143,0.2254033535718917,0.5242282152175903,0.2255921363830566,0.5878523588180542,0.2504564821720123,0.4926218390464782,0.2509097456932068,0.6291809678077698,0.4093993604183197,0.4288844466209411,0.4008288085460663,0.7537514567375183,0.4882861077785492,0.3079512119293213,0.4727254509925842,0.8875359892845154,0.4618091285228729,0.1817062944173813,0.528765082359314,0.5958632230758667,0.8248114585876465,0.4527737498283386,0.8128337860107422,0.0,0.0,0.0,0.0,0.0,0.0,0.0,0.0,0.527278482913971,0.4064028859138489
0.5499123334884644,0.2488410919904709,0.5693711042404175,0.2261720597743988,0.5300403833389282,0.2237929105758667,0.5924344658851624,0.2492667585611343,0.4989252090454101,0.2451967746019363,0.6341330409049988,0.4153223931789398,0.433082640171051,0.3987688422203064,0.7423588633537292,0.5084580183029175,0.3079773485660553,0.4729476869106293,0.8084341883659363,0.4552995264530182,0.179749384522438,0.5273289680480957,0.6032455563545227,0.8149442672729492,0.4589565396308899,0.8132248520851135,0.0,0.0,0.0,0.0,0.0,0.0,0.0,0.0,0.5340330004692078,0.4067933559417724
0.5520404577255249,0.2473545372486114,0.5723143815994263,0.2260226458311081,0.5322649478912354,0.2234425097703933,0.5957358479499817,0.2538025081157684,0.5019597411155701,0.2471021711826324,0.6434876322746277,0.4171089828014374,0.4365645051002502,0.3977299630641937,0.7457689046859741,0.5441445112228394,0.3127695918083191,0.4723875522613525,0.7321552634239197,0.4555702209472656,0.1862996816635131,0.5282880663871765,0.6093412637710571,0.812263011932373,0.4615835845470428,0.8094072341918945,0.0,0.0,0.0,0.0,0.0,0.0,0.0,0.0,0.5405026078224182,0.4074211418628692
0.5505985617637634,0.2488890141248703,0.5710753798484802,0.2253172397613525,0.5312870740890503,0.2230956256389618,0.5941299200057983,0.2542234361171722,0.50142502784729,0.2484714239835739,0.6307116746902466,0.4132325947284698,0.4367586672306061,0.3967352211475372,0.7367684245109558,0.5574595332145691,0.3127821087837219,0.4735284149646759,0.6877185106277466,0.4304858744144439,0.1831448227167129,0.5325342416763306,0.5997671484947205,0.814182698726654,0.4611759185791015,0.8086541891098022,0.0,0.0,0.0,0.0,0.0,0.0,0.0,0.0,0.5350527763366699,0.403975248336792
0.5468555688858032,0.2493018209934234,0.565788984298706,0.2262371629476547,0.5272427797317505,0.2253622263669967,0.5888500213623047,0.2536613345146179,0.4963187575340271,0.2494735866785049,0.6374431252479553,0.4146592319011688,0.4324389398097992,0.400946170091629,0.7510372996330261,0.530279278755188,0.3108711540699005,0.4763921201229095,0.7362735867500305,0.4466739594936371,0.1872333139181137,0.5337466597557068,0.6090545058250427,0.827288806438446,0.4592696726322174,0.8138605356216431,0.0,0.0,0.0,0.0,0.0,0.0,0.0,0.0,0.5354688167572021,0.4080109894275665
0.5435694456100464,0.2504291534423828,0.5620395541191101,0.2286718189716339,0.5234888195991516,0.2286480814218521,0.585856020450592,0.2558843493461609,0.4924147427082062,0.2552671134471893,0.6308293342590332,0.4113464653491974,0.4256522357463836,0.4022675156593323,0.759099006652832,0.4904384016990661,0.3109295070171356,0.4772863388061523,0.7937890887260437,0.4382292628288269,0.1851879507303238,0.5341736674308777,0.6013968586921692,0.8125403523445129,0.453364610671997,0.7991921305656433,0.0,0.0,0.0,0.0,0.0,0.0,0.0,0.0,0.5278640389442444,0.4068931043148041
0.5408095121383667,0.2516708076000213,0.5591467618942261,0.2294629961252212,0.5203512907028198,0.2306176573038101,0.5834540128707886,0.2552249133586883,0.4895881116390228,0.2595057785511017,0.6304759979248047,0.4082195460796356,0.4239603579044342,0.4033648073673248,0.745901882648468,0.454704076051712,0.3086548149585724,0.4759201407432556,0.8551726937294006,0.4208488166332245,0.1825523823499679,0.5327803492546082,0.5978245139122009,0.8295015096664429,0.4435335993766784,0.8144934773445129,0.0,0.0,0.0,0.0,0.0,0.0,0.0,0.0,0.5253839492797852,0.4065377116203308
0.5408532619476318,0.2526865303516388,0.5592826008796692,0.229884460568428,0.5207621455192566,0.2308060973882675,0.5834080576896667,0.2552211880683899,0.4899577498435974,0.2585982084274292,0.6282820105552673,0.4069055914878845,0.4235368371009826,0.4030406177043915,0.74045330286026,0.4604609608650207,0.3081039786338806,0.4746592342853546,0.8505319356918335,0.434067964553833,0.1859019994735717,0.5279116034507751,0.598574697971344,0.8262890577316284,0.4488825500011444,0.8133729696273804,0.0,0.0,0.0,0.0,0.0,0.0,0.0,0.0,0.5247484445571899,0.4060185253620147
0.5433816909790039,0.2513616979122162,0.5622960329055786,0.2302307784557342,0.5234118700027466,0.2304185330867767,0.5865727066993713,0.2577631175518036,0.4926872551441192,0.2571306526660919,0.6312222480773926,0.417344868183136,0.4250336587429046,0.4011591076850891,0.7546094655990601,0.5081909894943237,0.3098245561122894,0.471359521150589,0.7748869061470032,0.4202645421028137,0.1859961748123169,0.5259586572647095,0.6001153588294983,0.8272656798362732,0.4505931437015533,0.8137377500534058,0.0,0.0,0.0,0.0,0.0,0.0,0.0,0.0,0.527065098285675,0.4083251953125
0.5442966818809509,0.2517327666282654,0.5625892877578735,0.2291349619626999,0.5244125723838806,0.2292454540729522,0.5843011140823364,0.2560248970985412,0.4926439225673675,0.2564497888088226,0.6294485926628113,0.4111688137054443,0.4291514456272125,0.3995773494243622,0.7410793304443359,0.5274165868759155,0.3088827729225158,0.472088873386383,0.7184085249900818,0.4355557858943939,0.1847207993268966,0.5266675353050232,0.5975362658500671,0.8258468508720398,0.4511891007423401,0.8131151795387268,0.0,0.0,0.0,0.0,0.0,0.0,0.0,0.0,0.528407096862793,0.4054095447063446
0.5412811040878296,0.251081109046936,0.5606175065040588,0.2282849550247192,0.521519660949707,0.2299755066633224,0.5833030939102173,0.2585951685905456,0.4917564988136291,0.2608920931816101,0.617710292339325,0.4105466902256012,0.4267351627349853,0.3997334539890289,0.7343721389770508,0.5380631685256958,0.3070553243160248,0.4724323749542236,0.6805824041366577,0.4002076089382171,0.1817313581705093,0.5281776785850525,0.5929031372070312,0.812845766544342,0.450655996799469,0.8100920915603638,0.0,0.0,0.0,0.0,0.0,0.0,0.0,0.0,0.5248375535011292,0.404546320438385
0.5390374064445496,0.2486890107393264,0.5575242638587952,0.2272416353225708,0.5190842747688293,0.2276978641748428,0.580577552318573,0.2541080415248871,0.4878625571727752,0.2561289966106415,0.6255191564559937,0.4197356700897217,0.4212435781955719,0.4005715548992157,0.7464407682418823,0.5281160473823547,0.2987121641635895,0.4705398082733154,0.7341710925102234,0.4312105178833008,0.1706229597330093,0.5205925107002258,0.5983807444572449,0.8262709379196167,0.4492156505584717,0.8118342161178589,0.0,0.0,0.0,0.0,0.0,0.0,0.0,0.0,0.5241528749465942,0.4089231193065643
0.5363773703575134,0.2511836886405945,0.5557218194007874,0.2284664809703827,0.5157778263092041,0.2275990098714828,0.5789977312088013,0.2559204697608948,0.484517902135849,0.2547444701194763,0.6214214563369751,0.4244381785392761,0.4178276360034942,0.4051604866981506,0.7564009428024292,0.4953312277793884,0.2929298281669616,0.4637982547283172,0.8227363228797913,0.3698929250240326,0.1548292189836502,0.5134431719779968,0.5967068076133728,0.8671669363975525,0.4426682293415069,0.850438117980957,0.0,0.0,0.0,0.0,0.0,0.0,0.0,0.0,0.519008994102478,0.4156371653079986
0.5337793827056885,0.2477349936962127,0.5520291328430176,0.226066380739212,0.513416588306427,0.2256176471710205,0.5751737356185913,0.2543956935405731,0.4818516373634338,0.2548467516899109,0.6177560091018677,0.4060212671756744,0.4158706963062286,0.4019723236560821,0.7628924250602722,0.4497173130512237,0.2922884523868561,0.4720072150230407,0.9185212254524232,0.4167329668998718,0.1539496928453445,0.5250715613365173,0.5921381711959839,0.8455758094787598,0.4411905705928802,0.8300694823265076,0.0,0.0,0.0,0.0,0.0,0.0,0.0,0.0,0.5180912613868713,0.403289258480072
0.5344448089599609,0.2483001202344894,0.5525131821632385,0.2263413220643997,0.5143511891365051,0.2256672829389572,0.5756226778030396,0.253935307264328,0.4830072820186615,0.25379678606987,0.616402268409729,0.4083461463451385,0.4168258011341095,0.4026961624622345,0.7482264637947083,0.4581780135631561,0.2903642654418945,0.4697224795818329,0.9202979803085328,0.4669118523597717,0.1515658944845199,0.5221219658851624,0.5928842425346375,0.832412838935852,0.4419454038143158,0.8279510140419006,0.0,0.0,0.0,0.0,0.0,0.0,0.0,0.0,0.5165852308273315,0.405491441488266
0.5392345190048218,0.2486139386892318,0.5581384301185608,0.2277845591306686,0.5190993547439575,0.2263475805521011,0.5812669992446899,0.2563324570655823,0.4869300723075866,0.2527645230293274,0.6201274991035461,0.4122610092163086,0.4172377586364746,0.4008851647377014,0.7617939710617065,0.4777252376079559,0.2869198322296142,0.4561264812946319,0.8972676992416382,0.4424021542072296,0.136423721909523,0.4924836754798889,0.5971757173538208,0.8468820452690125,0.4407427310943603,0.8316382169723511,0.0,0.0,0.0,0.0,0.0,0.0,0.0,0.0,0.5192264318466187,0.4042863547801971
0.5472173094749451,0.2489064037799835,0.5665515065193176,0.2268623262643814,0.5267775654792786,0.2249004989862442,0.5892385244369507,0.2542263865470886,0.4930512309074402,0.24777552485466,0.6268149614334106,0.4235654771327972,0.4210835993289947,0.3969732224941253,0.7570368051528931,0.5016961693763733,0.2731368839740753,0.4234824180603027,0.8418220281600952,0.3905724585056305,0.1087824255228042,0.4533988535404205,0.6019461750984192,0.8490043878555298,0.4436464309692383,0.8328853845596313,0.0,0.0,0.0,0.0,0.0,0.0,0.0,0.0,0.5243803262710571,0.4094921052455902
0.5485592484474182,0.2479995191097259,0.568631649017334,0.2248382568359375,0.5285901427268982,0.2235076129436493,0.594405472278595,0.2527436316013336,0.4962300658226013,0.2457495182752609,0.631833553314209,0.4235813915729522,0.4175380766391754,0.3888408541679382,0.7559871673583984,0.5279228687286377,0.2371095120906829,0.3876035809516907,0.7587729096412659,0.4101796448230743,0.0887611284852027,0.4014764726161957,0.6115785837173462,0.8505710363388062,0.443350076675415,0.8475402593612671,0.0,0.0,0.0,0.0,0.0,0.0,0.0,0.0,0.5265106558799744,0.4063203632831573
0.5484399199485779,0.2502675950527191,0.568617582321167,0.2258327454328537,0.5288715362548828,0.2241072356700897,0.5941947102546692,0.2547467052936554,0.4962601959705353,0.246733158826828,0.6281482577323914,0.4204991459846496,0.4143436551094055,0.380708634853363,0.7594435811042786,0.5338429808616638,0.2369575649499893,0.3598829805850982,0.7469630837440491,0.4004398882389068,0.0940791517496109,0.3504768908023834,0.6029748320579529,0.8347257971763611,0.4393086433410644,0.8459052443504333,0.0,0.0,0.0,0.0,0.0,0.0,0.0,0.0,0.5248004198074341,0.3999340832233429
0.5489720106124878,0.2490975707769394,0.5690147876739502,0.2268321216106414,0.5289523601531982,0.2246867269277572,0.5942476987838745,0.2562146782875061,0.4958505630493164,0.2476884424686432,0.6294493675231934,0.4217988550662994,0.4099443256855011,0.3827792704105377,0.7592244148254395,0.504661500453949,0.2342718839645385,0.3594196438789367,0.7988759875297546,0.397957980632782,0.0943256616592407,0.3523582518100738,0.6044309735298157,0.8334876298904419,0.4434486329555511,0.8312960267066956,0.0,0.0,0.0,0.0,0.0,0.0,0.0,0.0,0.5245501399040222,0.402323305606842
0.5478534698486328,0.2513859570026397,0.5659288763999939,0.2302811294794082,0.5274667739868164,0.227418303489685,0.5873417854309082,0.2595010697841644,0.4918001592159271,0.2525752186775207,0.6200939416885376,0.4108768999576568,0.4070322811603546,0.3832873404026031,0.7688337564468384,0.4681630432605743,0.2223751842975616,0.3684017658233642,0.8860155344009399,0.4192268848419189,0.0827623084187507,0.3680099844932556,0.5998296737670898,0.830192506313324,0.4400891661643982,0.829164445400238,0.0,0.0,0.0,0.0,0.0,0.0,0.0,0.0,0.5189899802207947,0.3961189389228821
0.5440802574157715,0.2489169687032699,0.5625166296958923,0.2284412235021591,0.523413360118866,0.2278865128755569,0.58477783203125,0.2575503289699554,0.4904884696006775,0.2561263740062713,0.6176697611808777,0.4088516235351562,0.4094801843166351,0.3869514763355255,0.7626044154167175,0.4533474147319793,0.2267239838838577,0.3725911974906921,0.9252012372016908,0.4663677215576172,0.0791803523898124,0.3709259033203125,0.6001660227775574,0.8287538886070251,0.4378344118595123,0.8286473155021667,0.0,0.0,0.0,0.0,0.0,0.0,0.0,0.0,0.516493022441864,0.3982730507850647
0.5478429198265076,0.2513311505317688,0.5657092332839966,0.2299545556306839,0.5270477533340454,0.2286010533571243,0.5880378484725952,0.2586196064949035,0.4924259781837463,0.2557914555072784,0.6263607144355774,0.4132286012172699,0.4098404943943023,0.3838799893856048,0.7731133699417114,0.4677187800407409,0.2218040227890014,0.3740094304084778,0.9251848459243774,0.4652034342288971,0.0757737159729003,0.3722339272499084,0.5977955460548401,0.8268405795097351,0.4402861297130584,0.8122096657752991,0.0,0.0,0.0,0.0,0.0,0.0,0.0,0.0,0.521266520023346,0.3972630500793457
0.5514181852340698,0.2531926929950714,0.5701831579208374,0.2311265617609024,0.5318830609321594,0.2283442467451095,0.5926523804664612,0.2583802044391632,0.4988528192043304,0.2515313625335693,0.6323258280754089,0.4183749556541443,0.4179238975048065,0.3837557137012481,0.7614323496818542,0.4967916905879974,0.2203995287418365,0.3706164956092834,0.8619289994239807,0.4040462374687195,0.0809328407049179,0.3705573976039886,0.6126934289932251,0.8132351040840149,0.4518163502216339,0.811558723449707,0.0,0.0,0.0,0.0,0.0,0.0,0.0,0.0,0.5275975465774536,0.4008687436580658
0.5554062128067017,0.2553749680519104,0.5741966366767883,0.2326840907335281,0.535047173500061,0.2293991297483444,0.5955268144607544,0.2610228657722473,0.5016589760780334,0.2525764405727386,0.6359301805496216,0.4203540682792663,0.4239551126956939,0.3865435719490051,0.7594230771064758,0.5397436618804932,0.2387368977069854,0.3772587180137634,0.7519970536231995,0.4637857973575592,0.0930632352828979,0.3747763633728027,0.615285336971283,0.8320756554603577,0.4546267986297607,0.8307932615280151,0.0,0.0,0.0,0.0,0.0,0.0,0.0,0.0,0.5330712199211121,0.4050090909004211
0.5526605844497681,0.2556712329387665,0.5723676681518555,0.2326209545135498,0.5333123803138733,0.2291289567947387,0.59416663646698,0.2633160650730133,0.5003044009208679,0.2530968487262726,0.6295351982116699,0.4213519096374511,0.4218776822090149,0.3863736093044281,0.7539151310920715,0.5349171757698059,0.2405758798122406,0.3777126669883728,0.720660388469696,0.4004983901977539,0.0937623456120491,0.3764226734638214,0.6137400269508362,0.8318495750427246,0.453370988368988,0.8298287391662598,0.0,0.0,0.0,0.0,0.0,0.0,0.0,0.0,0.5289009809494019,0.4045202732086181
0.5485361218452454,0.2540952265262604,0.566773533821106,0.230526328086853,0.5279666781425476,0.2298733443021774,0.5906867980957031,0.2581061124801636,0.4951389729976654,0.2537602484226227,0.6259766817092896,0.4204983115196228,0.4167365133762359,0.3887145519256592,0.7536821961402893,0.5179592967033386,0.2375180423259735,0.3777428567409515,0.774302065372467,0.4020624160766601,0.0817871615290641,0.381569892168045,0.6142389178276062,0.8305765390396118,0.4531277120113373,0.829959511756897,0.0,0.0,0.0,0.0,0.0,0.0,0.0,0.0,0.5247355699539185,0.4055619239807129
0.5417957901954651,0.2523586452007293,0.5599445700645447,0.2293851226568222,0.5214162468910217,0.2307674884796142,0.5832096934318542,0.2554004490375519,0.4903481900691986,0.2577025592327118,0.6209958791732788,0.4187635779380798,0.4141809940338135,0.3899740278720855,0.7564311623573303,0.4830641448497772,0.222341388463974,0.3799855411052704,0.8686712384223938,0.4023431241512298,0.0788209661841392,0.3872012495994568,0.6015821099281311,0.8307859301567078,0.4401226639747619,0.8299356698989868,0.0,0.0,0.0,0.0,0.0,0.0,0.0,0.0,0.5197317004203796,0.4037545323371887
0.5370469093322754,0.2515497803688049,0.5556434392929077,0.2289418280124664,0.516910970211029,0.2297261208295822,0.5796193480491638,0.2574174106121063,0.4869860112667084,0.2572462260723114,0.6179414391517639,0.4146976470947265,0.416751891374588,0.390810877084732,0.757405698299408,0.4791106879711151,0.2260081768035888,0.385465145111084,0.9021877646446228,0.4683099687099457,0.0775763168931007,0.3976540565490722,0.5975057482719421,0.8260442614555359,0.4412810504436493,0.814519464969635,0.0,0.0,0.0,0.0,0.0,0.0,0.0,0.0,0.5184980630874634,0.4023051559925079
0.542171835899353,0.2542760372161865,0.5604161024093628,0.2317253500223159,0.5223004817962646,0.2316208779811859,0.5825513005256653,0.2575222551822662,0.491433173418045,0.2564091384410858,0.6182735562324524,0.4180603921413421,0.4164163172245025,0.3906132280826568,0.7405387163162231,0.5014211535453796,0.2362312227487564,0.3816454708576202,0.8372583985328674,0.4580352902412414,0.0865028873085975,0.3957886099815368,0.5996183753013611,0.833431601524353,0.443746954202652,0.8307237029075623,0.0,0.0,0.0,0.0,0.0,0.0,0.0,0.0,0.5197404026985168,0.4037013947963714
0.5474634766578674,0.2542499899864197,0.5655008554458618,0.2319400012493133,0.5275625586509705,0.2306768000125885,0.5883918404579163,0.2605910003185272,0.4951334595680237,0.2557241320610046,0.6253415942192078,0.4209514260292053,0.4182402789592743,0.3901532590389251,0.7468422651290894,0.5277195572853088,0.2371657639741897,0.3803648948669433,0.7774494290351868,0.4557563364505768,0.0770660117268562,0.3894437253475189,0.6051965951919556,0.8317170739173889,0.4452025890350342,0.829683780670166,0.0,0.0,0.0,0.0,0.0,0.0,0.0,0.0,0.5241658091545105,0.4050439894199371
0.5468178391456604,0.2554343342781067,0.5649498701095581,0.2314673811197281,0.5273032784461975,0.2311048805713653,0.5889729857444763,0.2560322284698486,0.4962051212787628,0.2539549171924591,0.6310688853263855,0.4234372973442077,0.418317586183548,0.3901782035827636,0.7492788434028625,0.5411447882652283,0.2363152951002121,0.3804203569889068,0.7511126399040222,0.4497455060482025,0.0779627040028572,0.3885352611541748,0.6034873127937317,0.8340505361557007,0.4451590180397033,0.8315922021865845,0.0,0.0,0.0,0.0,0.0,0.0,0.0,0.0,0.5275405049324036,0.4063614308834076
0.5466895699501038,0.2555141746997833,0.5661495327949524,0.2302535623311996,0.5281091332435608,0.23074272274971,0.5901864767074585,0.2534687221050262,0.4973339140415191,0.2539785206317901,0.6255293488502502,0.4164013862609863,0.4231009483337402,0.3909235298633575,0.7389803528785706,0.5453456044197083,0.2403535395860672,0.3869319558143616,0.7157325148582458,0.4364268183708191,0.0903482288122177,0.4008286893367767,0.613793671131134,0.8274032473564148,0.4542358517646789,0.8261110186576843,0.0,0.0,0.0,0.0,0.0,0.0,0.0,0.0,0.5276960730552673,0.4038264751434326
0.5411292910575867,0.2530933320522308,0.5616751313209534,0.2295198291540146,0.5221080183982849,0.2301575690507888,0.5871215462684631,0.2595953345298767,0.4920550882816314,0.2569570243358612,0.6245753169059753,0.4259430468082428,0.4195467829704284,0.3913841545581817,0.7460258603096008,0.5389263033866882,0.2386903315782547,0.3886114656925201,0.7483574151992798,0.4008511006832123,0.0911803767085075,0.4042384326457977,0.6044095754623413,0.8349452614784241,0.4445707201957702,0.8325533866882324,0.0,0.0,0.0,0.0,0.0,0.0,0.0,0.0,0.5246285796165466,0.4086059629917145
0.5362628102302551,0.2494647055864334,0.5544947981834412,0.2276715338230133,0.5158654451370239,0.2290953695774078,0.5787035226821899,0.2572799623012543,0.4873660206794739,0.2589286863803863,0.6168485283851624,0.4229177832603454,0.4175024330615997,0.391168862581253,0.7466684579849243,0.5028094053268433,0.2329266369342804,0.3935325443744659,0.8466147780418396,0.4153821468353271,0.0625548437237739,0.4073393642902374,0.6014073491096497,0.8497371077537537,0.4406581521034241,0.8457435965538025,0.0,0.0,0.0,0.0,0.0,0.0,0.0,0.0,0.5176662802696228,0.4080776870250702
0.5314608216285706,0.2499180883169174,0.5491856336593628,0.2282293736934662,0.5114041566848755,0.231145977973938,0.5744552612304688,0.2590306401252746,0.4842724502086639,0.2631889283657074,0.6159944534301758,0.4160270690917969,0.4161761105060577,0.3909437656402588,0.7476593852043152,0.4808683097362518,0.233905404806137,0.3949696123600006,0.8910274505615234,0.438446432352066,0.0873822718858718,0.4074200689792633,0.5961918830871582,0.8286581635475159,0.4405775368213653,0.828857421875,0.0,0.0,0.0,0.0,0.0,0.0,0.0,0.0,0.5170658826828003,0.4027388095855713
0.5316347479820251,0.2504458129405975,0.5488861799240112,0.2281171381473541,0.5111879706382751,0.2320934832096099,0.5744416117668152,0.2584938108921051,0.4842535853385925,0.2650995552539825,0.6178907155990601,0.4191527962684631,0.4158542454242706,0.3920326232910156,0.7459219694137573,0.4895030856132507,0.2328338325023651,0.39540496468544,0.8853764533996582,0.4538867175579071,0.0875433236360549,0.4077548682689667,0.5991832613945007,0.8284686207771301,0.4417710900306701,0.8160032629966736,0.0,0.0,0.0,0.0,0.0,0.0,0.0,0.0,0.5182195901870728,0.4050949215888977
0.5400837659835815,0.2486753761768341,0.5585137009620667,0.2273274809122085,0.5192785263061523,0.2289981544017791,0.5826705098152161,0.2594710290431976,0.4899479746818542,0.2597973644733429,0.6193899512290955,0.4242219924926758,0.4183185994625091,0.390330046415329,0.7377199530601501,0.5247579216957092,0.2389646768569946,0.3869116604328155,0.8106735944747925,0.4317256808280945,0.0901010110974311,0.4030806720256805,0.6015435457229614,0.8336798548698425,0.443484753370285,0.8307816386222839,0.0,0.0,0.0,0.0,0.0,0.0,0.0,0.0,0.5216359496116638,0.4073630273342132
0.5430330038070679,0.2490186989307403,0.5617137551307678,0.2282246500253677,0.522864818572998,0.2298492640256881,0.5865868330001831,0.2602219879627228,0.4934471547603607,0.2593775689601898,0.6273675560951233,0.4229605197906494,0.4194726347923279,0.3905702233314514,0.7415224313735962,0.5420637726783752,0.2365946024656295,0.3868550360202789,0.7524152398109436,0.4328297972679138,0.0908252745866775,0.4025402069091797,0.6062883138656616,0.8328273892402649,0.4502967000007629,0.8306432962417603,0.0,0.0,0.0,0.0,0.0,0.0,0.0,0.0,0.526421844959259,0.4068978428840637
0.5422107577323914,0.2488267570734024,0.5616022944450378,0.2274754047393798,0.5230962038040161,0.2291827350854873,0.5857304930686951,0.2564236521720886,0.4941288828849792,0.2575322091579437,0.627821147441864,0.4197536408901214,0.4240854680538177,0.3913959562778473,0.7323798537254333,0.5618060827255249,0.2390091121196746,0.3929952979087829,0.7145817875862122,0.437349259853363,0.0908862873911857,0.4044130146503448,0.6158069372177124,0.8302925229072571,0.4547913372516632,0.8277846574783325,0.0,0.0,0.0,0.0,0.0,0.0,0.0,0.0,0.5286654233932495,0.4053204357624054
0.5417917370796204,0.2481472045183181,0.5614116191864014,0.2274440824985504,0.5218365788459778,0.2286432981491089,0.5861667394638062,0.2608831226825714,0.492337703704834,0.2586939632892608,0.6256570816040039,0.4226647913455963,0.4213380515575409,0.3897420465946197,0.7371132969856262,0.5400017499923706,0.2364685833454132,0.3923618793487549,0.7333462834358215,0.4207198321819305,0.0763991400599479,0.4058247208595276,0.612413227558136,0.8489840626716614,0.4503906667232513,0.8332151174545288,0.0,0.0,0.0,0.0,0.0,0.0,0.0,0.0,0.525782585144043,0.4060518443584442
0.538115382194519,0.2464600503444671,0.5558587312698364,0.2254265248775482,0.5175396203994751,0.2278224676847458,0.5801988244056702,0.2565654814243316,0.4891843497753143,0.2601612210273742,0.6219775080680847,0.4209770560264587,0.4193412363529205,0.3905908465385437,0.7418466210365295,0.5235875248908997,0.2356258481740951,0.3933223783969879,0.7924107909202576,0.4316728711128235,0.0756088495254516,0.4056815207004547,0.6028622984886169,0.8485145568847656,0.4431154429912567,0.8450732827186584,0.0,0.0,0.0,0.0,0.0,0.0,0.0,0.0,0.5229821801185608,0.4064233005046844
0.5331571698188782,0.2459939867258072,0.5500193238258362,0.2242642343044281,0.5125227570533752,0.227097675204277,0.575063169002533,0.2518158555030823,0.4847821891307831,0.2583491802215576,0.6149577498435974,0.4175311625003814,0.4159345924854278,0.3892857432365417,0.7523060441017151,0.4944117963314056,0.2355900108814239,0.396548181772232,0.8688397407531738,0.4062822461128235,0.0793593600392341,0.40877166390419,0.5980382561683655,0.8508837819099426,0.4409553408622741,0.8466168642044067,0.0,0.0,0.0,0.0,0.0,0.0,0.0,0.0,0.5164943337440491,0.4030138850212097
0.5307764410972595,0.2477804273366928,0.5471457242965698,0.2252383530139923,0.5094476938247681,0.2289125472307205,0.5714066624641418,0.2533941566944122,0.4813325703144073,0.2617406249046325,0.6152753233909607,0.4134420752525329,0.4139911234378814,0.3903718888759613,0.7560006380081177,0.4753435552120209,0.2331345975399017,0.3947033584117889,0.9032675623893738,0.4572136402130127,0.0862877368927002,0.4082257151603699,0.5942882895469666,0.8268718123435974,0.4388015270233154,0.8144168257713318,0.0,0.0,0.0,0.0,0.0,0.0,0.0,0.0,0.5152207612991333,0.4013121724128723
0.5338426232337952,0.2484552860260009,0.5513430237770081,0.2254334837198257,0.5132316946983337,0.2279263436794281,0.5764089822769165,0.2530097067356109,0.4846767783164978,0.256656140089035,0.6166347861289978,0.4148379266262054,0.4145266413688659,0.3878326117992401,0.7451937794685364,0.4924477636814117,0.239761084318161,0.3940601348876953,0.8822241425514221,0.4384750425815582,0.0804283022880554,0.4044678807258606,0.5936512351036072,0.834608256816864,0.4400554001331329,0.8313072919845581,0.0,0.0,0.0,0.0,0.0,0.0,0.0,0.0,0.5165360569953918,0.4009699821472168
0.5422244668006897,0.2483086735010147,0.5608884692192078,0.2275391668081283,0.5206165909767151,0.2282449901103973,0.5840228796005249,0.2600062489509582,0.4894985854625702,0.2592813074588775,0.6178793907165527,0.4222619533538818,0.4149933457374573,0.3873075544834137,0.7434030771255493,0.5074249505996704,0.2260767519474029,0.3813676834106445,0.8263036012649536,0.388660192489624,0.0782404541969299,0.3902832865715027,0.5961548089981079,0.8524745106697083,0.436422735452652,0.8468414545059204,0.0,0.0,0.0,0.0,0.0,0.0,0.0,0.0,0.5189041495323181,0.4054988026618957
0.544153094291687,0.2472574263811111,0.5628454685211182,0.2247987985610962,0.5232714414596558,0.2266707122325897,0.5862470865249634,0.2546379864215851,0.4930932819843292,0.2551909983158111,0.6285335421562195,0.4214363694190979,0.417756587266922,0.3884263634681701,0.7560541033744812,0.5364668369293213,0.2255967855453491,0.3783791065216064,0.7214697003364563,0.416913241147995,0.0854972675442695,0.3948040902614593,0.6129612326622009,0.8473668098449707,0.4436903893947601,0.8454316258430481,0.0,0.0,0.0,0.0,0.0,0.0,0.0,0.0,0.5267993211746216,0.4054581820964813
0.5430100560188293,0.2488132566213607,0.5619186162948608,0.2282145172357559,0.522729218006134,0.227845549583435,0.5833340287208557,0.2599504590034485,0.4915753304958343,0.2563484013080597,0.6167373657226562,0.4213827550411224,0.4182043373584747,0.3885219991207123,0.7516157031059265,0.5302557945251465,0.2262881249189376,0.3847072124481201,0.7229278683662415,0.4276633262634277,0.0866019800305366,0.4001796245574951,0.6039881110191345,0.8473697900772095,0.4414331316947937,0.8448176383972168,0.0,0.0,0.0,0.0,0.0,0.0,0.0,0.0,0.5219539999961853,0.4052732288837433
0.5373266935348511,0.2462489604949951,0.5561684370040894,0.2239302843809127,0.5163871645927429,0.226529449224472,0.5817832350730896,0.2551053464412689,0.4864590764045715,0.257509171962738,0.6218891143798828,0.4235911071300506,0.4146856367588043,0.39003786444664,0.7549065351486206,0.5074501633644104,0.2369953095912933,0.3918882310390472,0.7765354514122009,0.3965916633605957,0.0764592811465263,0.4015578627586365,0.6109523773193359,0.865115761756897,0.4412858188152313,0.8507562279701233,0.0,0.0,0.0,0.0,0.0,0.0,0.0,0.0,0.5192891359329224,0.4075058400630951
0.5343121290206909,0.2472423017024994,0.5523002743721008,0.2238693535327911,0.5133525729179382,0.2272318452596664,0.579377293586731,0.2512687742710113,0.4849123358726501,0.2585361003875732,0.621475100517273,0.4217428863048553,0.4147780537605285,0.3916167914867401,0.7583550214767456,0.4946978688240051,0.2374988049268722,0.3938867151737213,0.8058655858039856,0.3689544796943664,0.079216256737709,0.4034058749675751,0.6044407486915588,0.8484550714492798,0.4432389438152313,0.8462997674942017,0.0,0.0,0.0,0.0,0.0,0.0,0.0,0.0,0.5198125839233398,0.4074300825595855
0.5291802883148193,0.2510537207126617,0.5456734895706177,0.2261746078729629,0.5078622698783875,0.2300839573144912,0.5708585381507874,0.2521306574344635,0.4788632988929748,0.261182963848114,0.620391845703125,0.4078361392021179,0.4093300402164459,0.3914844989776611,0.7631998062133789,0.4584906995296478,0.221512883901596,0.3955779671669006,0.8994365930557251,0.4133321642875671,0.0752270743250846,0.4142562448978424,0.6013479828834534,0.83379065990448,0.4394653439521789,0.8311734199523926,0.0,0.0,0.0,0.0,0.0,0.0,0.0,0.0,0.5167402625083923,0.3991228640079498
0.526020884513855,0.250135600566864,0.5426564812660217,0.225788801908493,0.5050235986709595,0.2288799732923507,0.5677945017814636,0.2513874471187591,0.4765138626098633,0.2583268284797668,0.6183148622512817,0.4061062037944793,0.4094474911689758,0.3916144371032715,0.7611802220344543,0.4511438906192779,0.2243776023387909,0.3993156552314758,0.9208056330680848,0.4473348259925842,0.0732848644256591,0.4163164496421814,0.5977246165275574,0.8324092030525208,0.4386825561523437,0.8313897848129272,0.0,0.0,0.0,0.0,0.0,0.0,0.0,0.0,0.5153086185455322,0.3986111283302307
0.5293249487876892,0.2500577270984649,0.5463307499885559,0.2256899774074554,0.508468747138977,0.2292375564575195,0.5719065070152283,0.2511853277683258,0.4795041084289551,0.2592356503009796,0.6204783320426941,0.4073949158191681,0.4081110656261444,0.3897573351860046,0.7771216630935669,0.4409485161304474,0.2355169951915741,0.395879179239273,0.9082430601119996,0.3769587874412536,0.091004304587841,0.4066054821014404,0.598896861076355,0.8287168741226196,0.4397089183330536,0.8156945109367371,0.0,0.0,0.0,0.0,0.0,0.0,0.0,0.0,0.5160375237464905,0.3984061181545257
0.5330579876899719,0.2505009770393371,0.5508145689964294,0.2274746745824813,0.5128155946731567,0.2290118187665939,0.5751600861549377,0.2563272714614868,0.4835729598999023,0.2572737336158752,0.6205102801322937,0.4093470871448517,0.4082731306552887,0.3894348740577698,0.7713332176208496,0.440904825925827,0.2264280766248703,0.3900338113307953,0.8305006623268127,0.2932436764240265,0.0662530586123466,0.4025374948978424,0.6058071851730347,0.8317728638648987,0.4395581781864166,0.8306864500045776,0.0,0.0,0.0,0.0,0.0,0.0,0.0,0.0,0.5165155529975891,0.3992681801319122
0.5319571495056152,0.248658150434494,0.5503434538841248,0.2270897626876831,0.5118470788002014,0.2290225028991699,0.5760034918785095,0.2581723928451538,0.4830091893672943,0.2593892514705658,0.6284123063087463,0.404170274734497,0.4136189520359039,0.3890649974346161,0.7681991457939148,0.430018663406372,0.2347279042005539,0.3937595784664154,0.7513550519943237,0.2652091085910797,0.0796897262334823,0.4052730500698089,0.6168266534805298,0.8318196535110474,0.4407185614109039,0.8454321026802063,0.0,0.0,0.0,0.0,0.0,0.0,0.0,0.0,0.5200211405754089,0.3970718085765838
0.5309959650039673,0.2506765723228454,0.5490759611129761,0.2270454168319702,0.5103612542152405,0.2297440022230148,0.5745483636856079,0.2565315961837768,0.4815059006214142,0.2588495016098022,0.6224075555801392,0.4047377109527588,0.4145945608615875,0.3889541327953338,0.7653874158859253,0.4294447898864746,0.2348438948392868,0.395468533039093,0.7194358706474304,0.3056986629962921,0.0903557986021041,0.407920777797699,0.618135929107666,0.8337570428848267,0.4415353238582611,0.8459513783454895,0.0,0.0,0.0,0.0,0.0,0.0,0.0,0.0,0.5193690657615662,0.3976290225982666
0.5268694162368774,0.2529234886169433,0.5453107357025146,0.2299550771713256,0.506478488445282,0.230890542268753,0.5710926055908203,0.2604332268238067,0.4774150252342224,0.2588661313056946,0.6168072819709778,0.4005048871040344,0.4082088768482208,0.3893402516841888,0.7624911665916443,0.437634140253067,0.2106931656599044,0.3985240161418915,0.7112001776695251,0.3263253271579742,0.0708517581224441,0.41831836104393,0.6155515909194946,0.8159534335136414,0.4410378634929657,0.8160778880119324,0.0,0.0,0.0,0.0,0.0,0.0,0.0,0.0,0.5137385129928589,0.3944328427314758
0.5221651196479797,0.2525344789028168,0.5403435826301575,0.2291502803564071,0.5019095540046692,0.2310003936290741,0.5662910342216492,0.2587083280086517,0.4731002449989319,0.2600029408931732,0.616621196269989,0.4056093394756317,0.4046413898468017,0.3906155228614807,0.7582817673683167,0.4338278472423553,0.2236656695604324,0.4001521468162536,0.7435021996498108,0.2969655990600586,0.0748410671949386,0.4182344973087311,0.6122648119926453,0.8320703506469727,0.4407446980476379,0.8293730020523071,0.0,0.0,0.0,0.0,0.0,0.0,0.0,0.0,0.5111907720565796,0.3973270058631897
0.5179545283317566,0.2542704641819,0.5361446142196655,0.2310675382614135,0.4978250861167907,0.231038823723793,0.5604166984558105,0.2597887217998504,0.4687879383563995,0.2594557702541351,0.6116388440132141,0.405886173248291,0.4020830690860748,0.3918765187263489,0.771045982837677,0.4170625507831573,0.2254652678966522,0.4040377736091614,0.8247485756874084,0.2610376477241516,0.0730505064129829,0.4217368066310882,0.6023778319358826,0.8481868505477905,0.4361128509044647,0.83295077085495,0.0,0.0,0.0,0.0,0.0,0.0,0.0,0.0,0.5077039003372192,0.3975753486156463
0.5120075941085815,0.2559199035167694,0.530144214630127,0.2306796014308929,0.4915944039821625,0.2317516803741455,0.5570812821388245,0.2546426355838775,0.4624231159687042,0.2590495645999908,0.6138324737548828,0.4013072550296783,0.4002390503883362,0.3937674164772033,0.7907127737998962,0.4138009548187256,0.2277309447526931,0.4078124463558197,0.922650933265686,0.3685014247894287,0.0806596428155899,0.4253992736339569,0.5953492522239685,0.8494152426719666,0.4319029748439789,0.8349214792251587,0.0,0.0,0.0,0.0,0.0,0.0,0.0,0.0,0.5069500207901001,0.3957032263278961
0.5127759575843811,0.2561381459236145,0.5306230783462524,0.2305984199047088,0.4927246570587158,0.2322121560573578,0.5572630763053894,0.25297611951828,0.4640733301639557,0.2591172754764557,0.6108899712562561,0.3983015120029449,0.3998706340789795,0.3920703828334808,0.7487043142318726,0.4220839440822601,0.2238720953464508,0.4049406051635742,0.9047923684120178,0.4234333038330078,0.0802064090967178,0.4238762557506561,0.5859646797180176,0.8287843465805054,0.4259617626667022,0.8150008320808411,0.0,0.0,0.0,0.0,0.0,0.0,0.0,0.0,0.5060478448867798,0.3935073912143707
0.5173130631446838,0.2544142603874206,0.5346655249595642,0.2305832803249359,0.4971442520618438,0.231183722615242,0.5601431727409363,0.2578275501728058,0.4684554040431976,0.2603837847709656,0.6096991300582886,0.4021348059177398,0.4041920602321625,0.3905546367168426,0.7615318894386292,0.4363060593605041,0.2371128350496292,0.4019396901130676,0.916761577129364,0.4156364500522613,0.0775095075368881,0.4174777865409851,0.5848625898361206,0.8276263475418091,0.4319506287574768,0.8142785429954529,0.0,0.0,0.0,0.0,0.0,0.0,0.0,0.0,0.5068169832229614,0.3949490189552307
0.5237197279930115,0.2542780935764313,0.5408368706703186,0.2304058372974395,0.5035614371299744,0.2324288189411163,0.5654417276382446,0.2564701735973358,0.4749830067157745,0.2596075534820556,0.6126281023025513,0.4167033731937408,0.4086982607841491,0.3902529180049896,0.7458766102790833,0.4895451068878174,0.2373212724924087,0.3988143503665924,0.8461421132087708,0.3676432073116302,0.0877723097801208,0.4086487293243408,0.5919557213783264,0.8490597009658813,0.4364996552467346,0.8320100903511047,0.0,0.0,0.0,0.0,0.0,0.0,0.0,0.0,0.5115410685539246,0.4030042290687561
0.5273911952972412,0.2518637180328369,0.5446577668190002,0.2300183326005935,0.5077267289161682,0.2310186773538589,0.5673902630805969,0.2597210109233856,0.4795791804790497,0.2603760659694671,0.610477089881897,0.4143484532833099,0.4134211242198944,0.3895783424377441,0.7271856069564819,0.527531623840332,0.2246378660202026,0.3986305296421051,0.7549774050712585,0.4381192028522491,0.0715131610631942,0.4177904725074768,0.5930673480033875,0.8300408720970154,0.4389569461345672,0.8153170943260193,0.0,0.0,0.0,0.0,0.0,0.0,0.0,0.0,0.5132482647895813,0.4021956324577331
0.5285243391990662,0.2506304383277893,0.5464348196983337,0.2278336435556411,0.5080470442771912,0.2301724851131439,0.5705981850624084,0.255242645740509,0.4794052243232727,0.2599420249462127,0.6200661063194275,0.4173936545848846,0.4141795337200165,0.3901675641536712,0.7192689776420593,0.5446248054504395,0.2367894500494003,0.4002037644386291,0.7221458554267883,0.4526187777519226,0.0790980607271194,0.420109361410141,0.599582850933075,0.8333234190940857,0.44444540143013,0.8313712477684021,0.0,0.0,0.0,0.0,0.0,0.0,0.0,0.0,0.5188357830047607,0.4031897187232971
0.5302231907844543,0.2501457333564758,0.550496518611908,0.2284793704748153,0.510972261428833,0.2283321321010589,0.5752559304237366,0.2595122158527374,0.483191967010498,0.2565925121307373,0.6142420768737793,0.418574184179306,0.4207457602024078,0.3917803764343261,0.6939697861671448,0.5779406428337097,0.2452703416347503,0.4103620946407318,0.6726174354553223,0.4395451247692108,0.0914750024676323,0.4299356043338775,0.5950026512145996,0.8280507922172546,0.4432952105998993,0.8278387784957886,0.0,0.0,0.0,0.0,0.0,0.0,0.0,0.0,0.5209284424781799,0.4047248363494873
0.5301402807235718,0.2480360269546508,0.5488265156745911,0.2268600612878799,0.5107938051223755,0.2281994968652725,0.5731649398803711,0.2573909163475036,0.483434110879898,0.2580684125423431,0.617510974407196,0.4226899147033691,0.4177483022212982,0.395281046628952,0.7069571614265442,0.5686011910438538,0.2453033626079559,0.4149217903614044,0.7139376997947693,0.4547123610973358,0.0932166650891304,0.4343437254428863,0.5964545607566833,0.8458852767944336,0.4439578950405121,0.8449015021324158,0.0,0.0,0.0,0.0,0.0,0.0,0.0,0.0,0.5202580094337463,0.4082616865634918
0.5281161069869995,0.2531782686710357,0.5457978844642639,0.2291788905858993,0.507369339466095,0.23047736287117,0.5700134634971619,0.2561430037021637,0.4788867831230163,0.2582722306251526,0.6150268316268921,0.4223756194114685,0.4155328869819641,0.3946808874607086,0.7266550064086914,0.5408901572227478,0.2627531886100769,0.4159022271633148,0.8074309229850769,0.4375662207603454,0.1040449887514114,0.4342109560966491,0.5992473363876343,0.8490483164787292,0.443075954914093,0.8326112627983093,0.0,0.0,0.0,0.0,0.0,0.0,0.0,0.0,0.5166493058204651,0.4084805846214294
0.5281934142112732,0.2528924345970154,0.5454978346824646,0.2298872470855713,0.5074447393417358,0.2307451218366623,0.5684868693351746,0.259281575679779,0.4780408442020416,0.2598302066326141,0.6084350943565369,0.4119454026222229,0.4145941138267517,0.3941690027713775,0.7349124550819397,0.4914082586765289,0.2709023058414459,0.4174611270427704,0.8832979202270508,0.4608384668827057,0.1139766946434974,0.4367733001708984,0.5905020833015442,0.8288752436637878,0.4384801685810089,0.8140968680381775,0.0,0.0,0.0,0.0,0.0,0.0,0.0,0.0,0.5131934285163879,0.4019735753536224
0.5281257629394531,0.2537693083286285,0.5454912781715393,0.2296272814273834,0.507634162902832,0.2315473109483719,0.5699834227561951,0.2569320499897003,0.4790548384189605,0.2596019208431244,0.6137308478355408,0.4134594798088074,0.4140504002571106,0.3936124444007873,0.7445081472396851,0.4801536500453949,0.2589756548404693,0.4144105911254883,0.8918542265892029,0.4760802388191223,0.0989903435111045,0.4308336675167084,0.5911422371864319,0.8293455243110657,0.4370394647121429,0.8290842175483704,0.0,0.0,0.0,0.0,0.0,0.0,0.0,0.0,0.5144420862197876,0.4029010832309723
0.5320379137992859,0.2541010975837707,0.5501129031181335,0.2295701205730438,0.5112693309783936,0.2306918799877166,0.5740047693252563,0.2575380206108093,0.4813649654388428,0.2573211789131164,0.6134429574012756,0.4148509502410888,0.4160584509372711,0.3917760848999023,0.7383002042770386,0.5083341002464294,0.2480588108301162,0.4126973748207092,0.8696308732032776,0.470861405134201,0.0981165990233421,0.4294164478778839,0.5992180109024048,0.8316396474838257,0.4436147511005401,0.8289583921432495,0.0,0.0,0.0,0.0,0.0,0.0,0.0,0.0,0.517690122127533,0.4031391143798828
0.5373623371124268,0.2548098266124725,0.555972158908844,0.2305430024862289,0.516657292842865,0.2312690168619156,0.5787029266357422,0.2549120783805847,0.486074149608612,0.2552789151668548,0.6121057868003845,0.4176007211208343,0.421337217092514,0.3926601409912109,0.7025314569473267,0.5647512674331665,0.2713739573955536,0.416250079870224,0.779198944568634,0.4845716059207916,0.0998116731643676,0.4348230957984924,0.5989135503768921,0.8282266855239868,0.4510725438594818,0.828235924243927,0.0,0.0,0.0,0.0,0.0,0.0,0.0,0.0,0.5200155377388,0.4037549495697021
0.5363118648529053,0.2541715502738952,0.5565811395645142,0.2304706275463104,0.5170009732246399,0.2306842803955078,0.5821679830551147,0.256731241941452,0.4883088767528534,0.254632294178009,0.6197033524513245,0.4276726543903351,0.4217576086521148,0.3947798907756805,0.6736657023429871,0.5964903831481934,0.2701415121555328,0.418307214975357,0.7089132070541382,0.5083951950073242,0.0996917411684989,0.4407786428928375,0.5983914136886597,0.8517746329307556,0.4436424672603607,0.8499164581298828,0.0,0.0,0.0,0.0,0.0,0.0,0.0,0.0,0.5243138074874878,0.4097354710102081
0.5342229008674622,0.2528219521045685,0.5530263185501099,0.2290311604738235,0.5140386819839478,0.2303972244262695,0.5777923464775085,0.2543726861476898,0.4847216308116913,0.256270557641983,0.613355278968811,0.4238360524177551,0.4202537834644317,0.3934098780155182,0.6995760798454285,0.5759386420249939,0.274136334657669,0.4181289076805115,0.7544050216674805,0.4927807450294494,0.099022552371025,0.4452150464057922,0.5968703031539917,0.8516301512718201,0.4461826682090759,0.8478454351425171,0.0,0.0,0.0,0.0,0.0,0.0,0.0,0.0,0.520260214805603,0.4078604280948639
0.5319265723228455,0.2521198987960815,0.5500615835189819,0.2288694232702255,0.5114323496818542,0.2295445501804351,0.5734086632728577,0.2557434737682342,0.4822534918785095,0.2562334239482879,0.6134112477302551,0.4204359054565429,0.4191930294036865,0.3944548964500427,0.7059070467948914,0.5476110577583313,0.2761816084384918,0.4225735664367676,0.8126814961433411,0.4900278151035309,0.1013882979750633,0.4515734314918518,0.5927045941352844,0.8313707709312439,0.4428178369998932,0.8278940320014954,0.0,0.0,0.0,0.0,0.0,0.0,0.0,0.0,0.5184532999992371,0.406987577676773
0.5282691121101379,0.2530021667480469,0.5456587076187134,0.2288006246089935,0.5070754885673523,0.2297163754701614,0.5686799883842468,0.2564410865306854,0.4768444001674652,0.2581423819065094,0.6101084351539612,0.4177657961845398,0.4160029888153076,0.3968157470226288,0.7222477793693542,0.5195145010948181,0.2729547619819641,0.4260762631893158,0.8633087277412415,0.5338503122329712,0.0990801453590393,0.4583692550659179,0.5866431593894958,0.8276243805885315,0.4370969831943512,0.8140756487846375,0.0,0.0,0.0,0.0,0.0,0.0,0.0,0.0,0.5148266553878784,0.406709223985672
0.5283997654914856,0.2531619668006897,0.5457971692085266,0.2288673967123031,0.5071173310279846,0.2296726405620575,0.5686255693435669,0.2565835118293762,0.4769092202186584,0.2581141889095306,0.6107093691825867,0.417199045419693,0.4165258109569549,0.3971350193023681,0.7228260636329651,0.52479487657547,0.2718665301799774,0.4262767136096954,0.8611447215080261,0.5324988961219788,0.0983781740069389,0.4593264460563659,0.5859135985374451,0.8277907967567444,0.4378871917724609,0.8147042989730835,0.0,0.0,0.0,0.0,0.0,0.0,0.0,0.0,0.5149766802787781,0.4064628481864929
0.5313442349433899,0.2534511685371399,0.5491002798080444,0.2289129644632339,0.5101319551467896,0.230525940656662,0.5723241567611694,0.2567225396633148,0.4802249372005462,0.2583740055561065,0.6139340400695801,0.4249942600727081,0.4183785617351532,0.39628666639328,0.7108983397483826,0.5446819067001343,0.2711805403232574,0.4244494140148163,0.8187180757522583,0.4704680144786834,0.098051942884922,0.4537184834480285,0.594966471195221,0.851193904876709,0.4449905455112457,0.845488965511322,0.0,0.0,0.0,0.0,0.0,0.0,0.0,0.0,0.5178053975105286,0.4109281897544861
0.5294807553291321,0.2533361315727234,0.5472963452339172,0.2291768491268158,0.5086739659309387,0.2309150248765945,0.5719555616378784,0.2559439837932586,0.4795220494270324,0.2585182785987854,0.6108294129371643,0.4232195913791656,0.4182503223419189,0.3954468071460724,0.7005200386047363,0.5478258728981018,0.2720334231853485,0.424413651227951,0.7964062690734863,0.4750722050666809,0.0994942933320999,0.4556676745414734,0.5939082503318787,0.8468769788742065,0.4450521469116211,0.8310123085975647,0.0,0.0,0.0,0.0,0.0,0.0,0.0,0.0,0.5178917646408081,0.4084587097167969
0.5287566781044006,0.2542803883552551,0.5465925335884094,0.2302032709121704,0.5084282159805298,0.2314077317714691,0.5704213380813599,0.2564420402050018,0.479459136724472,0.2583712339401245,0.609850287437439,0.4236228764057159,0.4177102446556091,0.394253671169281,0.7024344801902771,0.5496926307678223,0.2729025483131408,0.4241933226585388,0.7979453206062317,0.473783940076828,0.0980007126927375,0.4566819369792938,0.5937744379043579,0.8467344641685486,0.4445687234401703,0.8325280547142029,0.0,0.0,0.0,0.0,0.0,0.0,0.0,0.0,0.5159831643104553,0.408320277929306
0.528211236000061,0.2544151842594147,0.545423686504364,0.2301642894744873,0.5074807405471802,0.2309124916791916,0.5679810047149658,0.2577046453952789,0.4773797690868377,0.2587809264659881,0.6089863181114197,0.4202725291252136,0.4151748716831207,0.3953649997711181,0.7225373387336731,0.51884925365448,0.2733222842216491,0.4216744303703308,0.848168671131134,0.4434116184711456,0.097022958099842,0.4520497322082519,0.5908361077308655,0.8473554849624634,0.4409883618354797,0.8302826881408691,0.0,0.0,0.0,0.0,0.0,0.0,0.0,0.0,0.5134228467941284,0.4084926247596741
0.5271068811416626,0.2556551396846771,0.5440759062767029,0.2306704074144363,0.5061266422271729,0.2317146956920623,0.567550539970398,0.2565082907676697,0.4750645756721496,0.258587896823883,0.6127951741218567,0.4155370891094208,0.4132064282894134,0.3961938023567199,0.7590907216072083,0.4686620533466339,0.2728415727615356,0.4221487641334533,0.8921733498573303,0.4200417995452881,0.0966435447335243,0.4520624577999115,0.5849257707595825,0.8317365050315857,0.4344750344753265,0.8300212621688843,0.0,0.0,0.0,0.0,0.0,0.0,0.0,0.0,0.5120005011558533,0.405318021774292
0.5245583653450012,0.2555291056632995,0.5415240526199341,0.2297514975070953,0.5037639141082764,0.2313028275966644,0.5657621026039124,0.252336710691452,0.4735499918460846,0.2570914626121521,0.6157897710800171,0.4029689729213714,0.4108646512031555,0.3961716294288635,0.7595532536506653,0.4298741221427917,0.2737008333206177,0.4232389032840729,0.905472695827484,0.4222632050514221,0.0983456894755363,0.4514667987823486,0.5943142175674438,0.8304804563522339,0.4352280795574188,0.8146623969078064,0.0,0.0,0.0,0.0,0.0,0.0,0.0,0.0,0.5129757523536682,0.3993809223175049
0.5229499936103821,0.2557397484779358,0.5401246547698975,0.2297311723232269,0.5024948716163635,0.2312411218881607,0.5649007558822632,0.2520398199558258,0.4728654026985168,0.2565682232379913,0.6146048903465271,0.402452141046524,0.4108508229255676,0.3956317603588104,0.7487907409667969,0.4378560185432434,0.273595780134201,0.4219024181365967,0.9042371511459352,0.4491667449474334,0.096404068171978,0.4527243971824646,0.5863929986953735,0.8276399970054626,0.4351799786090851,0.8130207657814026,0.0,0.0,0.0,0.0,0.0,0.0,0.0,0.0,0.5118094086647034,0.3988244533538818
0.5273385643959045,0.2554558515548706,0.5445448160171509,0.2305817157030105,0.5064088702201843,0.2316996306180954,0.5680563449859619,0.2548567354679107,0.4750131070613861,0.2582012712955475,0.613689124584198,0.4027781784534454,0.4089506268501282,0.3958618640899658,0.7474778294563293,0.4435172080993652,0.2702816426753998,0.4183804094791412,0.9069058299064636,0.4520732462406158,0.096513532102108,0.4421853423118591,0.5933098793029785,0.8293968439102173,0.436170756816864,0.8138046264648438,0.0,0.0,0.0,0.0,0.0,0.0,0.0,0.0,0.5116694569587708,0.3990477621555328
0.5276599526405334,0.2541199028491974,0.545221745967865,0.2295695096254348,0.5072830319404602,0.2310944497585296,0.5700075626373291,0.2561313807964325,0.4781381487846374,0.2587001025676727,0.6185908317565918,0.4078814387321472,0.4084264934062958,0.3943246304988861,0.7588585615158081,0.4737060070037842,0.2613783478736877,0.4178831577301025,0.8987770080566406,0.4273011684417724,0.1108455657958984,0.4366216361522674,0.5951299667358398,0.82923823595047,0.4386135637760162,0.8142144083976746,0.0,0.0,0.0,0.0,0.0,0.0,0.0,0.0,0.5148232579231262,0.4004154801368713
0.5317677855491638,0.2539723813533783,0.5495518445968628,0.2299061119556427,0.5117602944374084,0.2299438267946243,0.5729933977127075,0.2562797367572784,0.4825196862220764,0.2553452551364898,0.613481342792511,0.4164200127124786,0.4156407713890075,0.3915102481842041,0.7401677370071411,0.5038337111473083,0.2615393102169037,0.4168334007263183,0.8501009345054626,0.3923775255680084,0.1033279150724411,0.4381585419178009,0.5993161201477051,0.8458757400512695,0.4418131411075592,0.8295195698738098,0.0,0.0,0.0,0.0,0.0,0.0,0.0,0.0,0.514788806438446,0.4054896235466003
0.5319092869758606,0.2512759566307068,0.5507259368896484,0.2291467189788818,0.5119543671607971,0.2301671653985977,0.5741375684738159,0.25798299908638,0.4827173352241516,0.2578065097332001,0.6134005188941956,0.4189231395721435,0.4183674454689026,0.393494576215744,0.7368500828742981,0.5208423733711243,0.2724271714687347,0.4176230728626251,0.797201931476593,0.4060957729816437,0.1011049151420593,0.4456202387809753,0.6002978682518005,0.8481761813163757,0.4488560855388641,0.8320457339286804,0.0,0.0,0.0,0.0,0.0,0.0,0.0,0.0,0.5179848074913025,0.40713831782341
0.5306129455566406,0.2518205046653747,0.5497548580169678,0.2294643223285675,0.510966956615448,0.2299000471830368,0.5757455825805664,0.2580613493919372,0.4831489026546478,0.2572135627269745,0.6131840348243713,0.4230682253837585,0.4194638133049011,0.3938604295253753,0.737442672252655,0.534380316734314,0.2733880579471588,0.4209805428981781,0.7615926861763,0.4525254070758819,0.1001509800553321,0.4520178437232971,0.6003371477127075,0.8328245878219604,0.4492391049861908,0.8291800618171692,0.0,0.0,0.0,0.0,0.0,0.0,0.0,0.0,0.5192393064498901,0.407341718673706
0.5313422679901123,0.2519446313381195,0.5503886938095093,0.2293974310159683,0.5118967890739441,0.2294173091650009,0.5760698318481445,0.2578210532665252,0.484000027179718,0.2555083930492401,0.6147424578666687,0.4241069853305816,0.4195137619972229,0.3937589824199676,0.7349985241889954,0.5417353510856628,0.2738308906555176,0.4197833240032196,0.7593563199043274,0.4686808884143829,0.0994906425476074,0.4516513049602508,0.5993272662162781,0.8490484952926636,0.4450344443321228,0.8453221321105957,0.0,0.0,0.0,0.0,0.0,0.0,0.0,0.0,0.5197693705558777,0.4079893231391907
0.5312515497207642,0.2497530728578567,0.5504589676856995,0.2275440394878387,0.5121358036994934,0.2284670323133468,0.575689971446991,0.2538866698741913,0.4841399788856506,0.2542919814586639,0.620671808719635,0.4200901091098785,0.4186327755451202,0.3922423422336578,0.7290740013122559,0.5381923913955688,0.2736073136329651,0.4185271263122558,0.7867611646652222,0.4655622541904449,0.0973963215947151,0.4508862495422363,0.6032480597496033,0.8527144193649292,0.4444905817508697,0.8463669419288635,0.0,0.0,0.0,0.0,0.0,0.0,0.0,0.0,0.5202075242996216,0.4060518145561218
0.5314191579818726,0.2520672082901001,0.549726665019989,0.2280420958995819,0.5115293264389038,0.2284656912088394,0.5743334889411926,0.2542762160301208,0.4832769930362701,0.2533089518547058,0.6121196746826172,0.4199305474758148,0.4162903130054474,0.3917448222637176,0.7274783253669739,0.5192430019378662,0.2732817530632019,0.4179044365882873,0.8316759467124939,0.4341139495372772,0.111359067261219,0.4451173841953277,0.5956221222877502,0.8506423234939575,0.443152904510498,0.8331772089004517,0.0,0.0,0.0,0.0,0.0,0.0,0.0,0.0,0.5161956548690796,0.4065948128700256
0.5309965014457703,0.2521047294139862,0.5489668846130371,0.2286539226770401,0.5111814141273499,0.2295359373092651,0.5731781721115112,0.2560363113880157,0.4827284216880798,0.255901575088501,0.6164184212684631,0.4147284626960754,0.4157479703426361,0.3919181525707245,0.7577980756759644,0.4857807755470276,0.2725133597850799,0.419442355632782,0.885089099407196,0.4374300837516784,0.1004228144884109,0.4519127309322357,0.5924835801124573,0.8341568112373352,0.442385196685791,0.8295927047729492,0.0,0.0,0.0,0.0,0.0,0.0,0.0,0.0,0.5175477266311646,0.4030407071113586
0.5317648649215698,0.2530598938465118,0.5493449568748474,0.2288661450147628,0.5116655230522156,0.2301895767450332,0.5739331841468811,0.2554910480976105,0.4831206202507019,0.2568283379077911,0.6126173734664917,0.4128233790397644,0.4167637825012207,0.3946084380149841,0.7536681294441223,0.4695348143577575,0.2743851542472839,0.4180131554603576,0.89918452501297,0.4661878943443298,0.1102541610598564,0.444297045469284,0.5873001217842102,0.8124852776527405,0.4395444393157959,0.811717689037323,0.0,0.0,0.0,0.0,0.0,0.0,0.0,0.0,0.5159958004951477,0.4029743671417236
0.5363742113113403,0.2537951469421386,0.5547657608985901,0.2292474061250686,0.515603244304657,0.2305646985769271,0.5787163972854614,0.2561427652835846,0.4854727387428283,0.2568283379077911,0.6207736134529114,0.4163577854633331,0.4190118014812469,0.3940822780132293,0.7516284584999084,0.4872704446315765,0.2722139954566955,0.4183356165885925,0.8891012072563171,0.4609934985637665,0.100438468158245,0.4423474371433258,0.5945419669151306,0.8276079297065735,0.4422518908977508,0.814095139503479,0.0,0.0,0.0,0.0,0.0,0.0,0.0,0.0,0.5216408371925354,0.4042621552944183
0.5403178334236145,0.257105141878128,0.5584162473678589,0.2327529937028885,0.5202293992042542,0.2336687594652176,0.5810219645500183,0.2567885220050812,0.4889083504676819,0.2581265270709991,0.6190776824951172,0.4219129979610443,0.4219904839992523,0.3939307630062103,0.7445259094238281,0.5144467353820801,0.2713796496391296,0.4137813150882721,0.8474931120872498,0.4423025250434875,0.1116493269801139,0.4375132024288177,0.597629964351654,0.8347892165184021,0.4432367384433746,0.8302096724510193,0.0,0.0,0.0,0.0,0.0,0.0,0.0,0.0,0.5227430462837219,0.4078979790210724
0.545242965221405,0.2597087025642395,0.5635199546813965,0.2348732054233551,0.5248318910598755,0.2353682518005371,0.5863906145095825,0.2568534910678863,0.4930204749107361,0.2578386664390564,0.627292275428772,0.423374593257904,0.4250198304653168,0.39399453997612,0.7204404473304749,0.5513549447059631,0.2714004814624786,0.4133864343166351,0.7544566988945007,0.4596977829933166,0.1211250200867652,0.4363891184329986,0.5979080200195312,0.8482038378715515,0.445446252822876,0.8335030674934387,0.0,0.0,0.0,0.0,0.0,0.0,0.0,0.0,0.52772057056427,0.4080802798271179
0.5465261340141296,0.2558766901493072,0.5645941495895386,0.2335502207279205,0.5276575684547424,0.232369527220726,0.5857795476913452,0.2590047717094421,0.4963955283164978,0.2569628357887268,0.6260172128677368,0.4198279976844787,0.4333052635192871,0.3963136970996856,0.7072299718856812,0.5827166438102722,0.2752772867679596,0.4168305099010467,0.7011065483093262,0.4561288356781006,0.1313618570566177,0.4377492070198059,0.5993743538856506,0.8333318829536438,0.4542498588562011,0.8306931853294373,0.0,0.0,0.0,0.0,0.0,0.0,0.0,0.0,0.5307766795158386,0.4073199927806854
0.5461527109146118,0.257683128118515,0.5644959211349487,0.2342865914106369,0.5272442102432251,0.2342978715896606,0.5870214700698853,0.2576012015342712,0.497525006532669,0.2581648230552673,0.6212146878242493,0.418197363615036,0.4368336200714111,0.3971390128135681,0.7015462517738342,0.5915995836257935,0.2749722898006439,0.4206268191337585,0.6845932602882385,0.4673068225383758,0.1157909035682678,0.450697660446167,0.5979429483413696,0.8267408013343811,0.4558218121528625,0.8262066841125488,0.0,0.0,0.0,0.0,0.0,0.0,0.0,0.0,0.5310813784599304,0.4068519175052643
0.5411967635154724,0.2583908140659332,0.5612135529518127,0.2354854345321655,0.5221985578536987,0.2358550727367401,0.584895133972168,0.2607565522193908,0.49225053191185,0.2602328956127167,0.62574303150177,0.4240958094596863,0.4308015406131744,0.3965694606304168,0.7231482863426208,0.5608442425727844,0.2746497094631195,0.42072194814682,0.7371435165405273,0.4475794732570648,0.1166417151689529,0.4504552185535431,0.5999570488929749,0.8480275273323059,0.4507917463779449,0.8331660032272339,0.0,0.0,0.0,0.0,0.0,0.0,0.0,0.0,0.5286274552345276,0.4091513752937317
0.5361658334732056,0.2579796016216278,0.5549755692481995,0.2330447286367416,0.5158681273460388,0.2335559278726577,0.5784603357315063,0.2567482590675354,0.485666275024414,0.2573504149913788,0.6174216866493225,0.4214445054531097,0.4219342172145843,0.3973064422607422,0.7372589111328125,0.5127147436141968,0.2743344008922577,0.4211502373218536,0.832895815372467,0.43572598695755,0.1117258667945861,0.4493313729763031,0.596882164478302,0.8358115553855896,0.443444550037384,0.8304477334022522,0.0,0.0,0.0,0.0,0.0,0.0,0.0,0.0,0.5218736529350281,0.4095061421394348
0.5317953824996948,0.2566625475883484,0.5494583249092102,0.2327536344528198,0.5122528076171875,0.2334022670984268,0.5737285017967224,0.2583942115306854,0.4836816787719726,0.2580040395259857,0.6140508055686951,0.4093873202800751,0.4205254018306732,0.3915910422801971,0.7590348124504089,0.4695221483707428,0.2742833495140075,0.4207336008548736,0.8907273411750793,0.4380254447460174,0.0959670543670654,0.4539499878883362,0.5980624556541443,0.8295615315437317,0.4420968890190124,0.8285776376724243,0.0,0.0,0.0,0.0,0.0,0.0,0.0,0.0,0.5180253386497498,0.4001332819461822
0.5310088992118835,0.2545424699783325,0.5485523343086243,0.2323706299066543,0.5109177827835083,0.2333280742168426,0.5724743008613586,0.2587683796882629,0.4815963804721832,0.2606306672096252,0.6174664497375488,0.4060261845588684,0.4165602326393127,0.3933237195014953,0.7472289204597473,0.4527372419834137,0.2628148794174194,0.4139321446418762,0.9054833054542542,0.4591324627399444,0.1017537340521812,0.4342005848884582,0.598045289516449,0.8119763135910034,0.4415173530578613,0.8104503750801086,0.0,0.0,0.0,0.0,0.0,0.0,0.0,0.0,0.5185357332229614,0.3990054130554199
0.5337309241294861,0.2553123235702514,0.5515941977500916,0.2319166660308838,0.5136707425117493,0.2329565286636352,0.575439989566803,0.2582269608974457,0.4839260280132293,0.2586771547794342,0.6192334890365601,0.4119975566864013,0.4153166115283966,0.3899612128734588,0.7546815872192383,0.4825903475284576,0.2360792905092239,0.4001831114292145,0.8854511380195618,0.4539477229118347,0.075709544122219,0.4202208518981933,0.5960341691970825,0.829322874546051,0.4413047134876251,0.8284906148910522,0.0,0.0,0.0,0.0,0.0,0.0,0.0,0.0,0.5184202790260315,0.4002536833286285
0.5476942658424377,0.2547975480556488,0.5647705793380737,0.2327035665512085,0.5272873640060425,0.2323589622974395,0.5863770842552185,0.2589006721973419,0.494482547044754,0.2581765353679657,0.6208075881004333,0.4170021116733551,0.4171738922595978,0.3861854672431946,0.72569739818573,0.5332901477813721,0.2259973585605621,0.3796023726463318,0.7718428373336792,0.406231015920639,0.0747802034020423,0.3903639316558838,0.6000681519508362,0.8336139917373657,0.4435506165027618,0.8303461670875549,0.0,0.0,0.0,0.0,0.0,0.0,0.0,0.0,0.5226114988327026,0.4016989171504974
0.5467579960823059,0.2542285621166229,0.5656800866127014,0.232774406671524,0.5274105668067932,0.2313386648893356,0.588670551776886,0.261344164609909,0.4956648349761963,0.2565847337245941,0.6264582276344299,0.4174281060695648,0.4183003604412079,0.3845595419406891,0.7244896292686462,0.558291494846344,0.2228936403989792,0.3687692582607269,0.7181112170219421,0.4513002932071686,0.083844318985939,0.3679852783679962,0.6036470532417297,0.8312774300575256,0.4484629333019256,0.8286952972412109,0.0,0.0,0.0,0.0,0.0,0.0,0.0,0.0,0.5256298780441284,0.4017172157764435
0.5467193722724915,0.2547145187854767,0.5645483136177063,0.2327346950769424,0.5264870524406433,0.2318855822086334,0.586438000202179,0.2611746788024902,0.4936710298061371,0.2584061324596405,0.6225466728210449,0.4223577380180359,0.4131944179534912,0.38459512591362,0.7387942671775818,0.5287314057350159,0.2243532687425613,0.3618899285793304,0.7626956105232239,0.432377278804779,0.0790636390447616,0.3627748787403106,0.5997986793518066,0.8469229340553284,0.4434401988983154,0.8448868989944458,0.0,0.0,0.0,0.0,0.0,0.0,0.0,0.0,0.5221835374832153,0.4044757187366485
0.5418893098831177,0.2547306716442108,0.5603647232055664,0.2328810393810272,0.5219916105270386,0.2329939901828766,0.5833927989006042,0.2587381899356842,0.4909612238407135,0.2584570944309234,0.6202383637428284,0.4213404059410095,0.4092407822608948,0.3829396069049835,0.7563343048095703,0.4873665869235992,0.2236887663602829,0.3612478077411651,0.8801406621932983,0.3915037214756012,0.0766246244311332,0.3624793589115143,0.5972098112106323,0.8327330946922302,0.4379761517047882,0.8308566212654114,0.0,0.0,0.0,0.0,0.0,0.0,0.0,0.0,0.5200466513633728,0.4022004902362823
0.5393944978713989,0.2557080090045929,0.5571923851966858,0.2307523936033249,0.5188530087471008,0.2329255491495132,0.5806657671928406,0.2546375691890716,0.4876883029937744,0.2583511173725128,0.6166051030158997,0.4067756533622741,0.4089156985282898,0.3828504085540771,0.7488647699356079,0.4594962894916534,0.2338425070047378,0.3621969223022461,0.9024114608764648,0.4389682710170746,0.0760897547006607,0.3624325394630432,0.5945638418197632,0.8124784231185913,0.4380314946174621,0.7979973554611206,0.0,0.0,0.0,0.0,0.0,0.0,0.0,0.0,0.5186142921447754,0.3939481079578399
0.5445650219917297,0.2556613087654114,0.5624354481697083,0.2328913658857345,0.5246567130088806,0.2327937185764312,0.5850829482078552,0.2592169940471649,0.4927137196063995,0.2580997049808502,0.6243508458137512,0.4164094626903534,0.4101982414722442,0.3836420476436615,0.7564136385917664,0.4858620464801788,0.2101236283779144,0.3677845597267151,0.8831039667129517,0.4430825710296631,0.0802631899714469,0.3681611716747284,0.5955942273139954,0.8303976655006409,0.4429054856300354,0.8275668025016785,0.0,0.0,0.0,0.0,0.0,0.0,0.0,0.0,0.5219723582267761,0.3995145857334137
0.5512163043022156,0.2574414908885956,0.5694813132286072,0.2354621589183807,0.5320140719413757,0.2324993312358856,0.5915331840515137,0.2619420289993286,0.4990127980709076,0.255349338054657,0.6289938688278198,0.4253842532634735,0.4243331849575043,0.3879673480987549,0.7445615530014038,0.5145086050033569,0.2401953786611557,0.3818937242031097,0.8309851884841919,0.4018329083919525,0.078676588833332,0.3944205641746521,0.6046005487442017,0.830650269985199,0.4531795084476471,0.8273404836654663,0.0,0.0,0.0,0.0,0.0,0.0,0.0,0.0,0.528444766998291,0.407828152179718
0.5537108778953552,0.2577479481697082,0.57292240858078,0.2363346666097641,0.5347704291343689,0.2321833670139312,0.5943065881729126,0.2639000713825226,0.5029853582382202,0.2544189989566803,0.6319306492805481,0.4234448969364166,0.4344491958618164,0.396212100982666,0.7545413970947266,0.5178964734077454,0.2801366150379181,0.4207389652729034,0.7745842933654785,0.3851080238819122,0.1454740911722183,0.4435624182224273,0.6032505035400391,0.8362234234809875,0.4557492733001709,0.8313134908676147,0.0,0.0,0.0,0.0,0.0,0.0,0.0,0.0,0.5317355394363403,0.4107577502727508
0.5512045621871948,0.2577767372131347,0.5703650712966919,0.2361937463283538,0.5330808162689209,0.2328809350728988,0.5926518440246582,0.2627382278442383,0.5015729665756226,0.2549222111701965,0.635185718536377,0.4241828322410583,0.4332122802734375,0.4000650942325592,0.7556899785995483,0.5142542719841003,0.2967345118522644,0.4532174468040466,0.7501286268234253,0.4077859222888946,0.1521767228841781,0.4893780350685119,0.6059931516647339,0.8321895003318787,0.4582583606243133,0.8296651244163513,0.0,0.0,0.0,0.0,0.0,0.0,0.0,0.0,0.5344020128250122,0.4114181399345398
0.5468425154685974,0.2557132840156555,0.5640243291854858,0.2329982370138168,0.5270884037017822,0.2329657822847366,0.586501955986023,0.2579413056373596,0.4946378171443939,0.2595549523830414,0.6309980154037476,0.4189419448375702,0.4323543906211853,0.4056471884250641,0.7561096549034119,0.4959085285663605,0.3110132813453674,0.475358635187149,0.7864779829978943,0.3664598166942596,0.1852338463068008,0.5356476306915283,0.6060517430305481,0.8292614221572876,0.4637441337108612,0.8257777094841003,0.0,0.0,0.0,0.0,0.0,0.0,0.0,0.0,0.5291264653205872,0.412512868642807
0.5435463786125183,0.2577209174633026,0.5605902671813965,0.2334694415330886,0.5232155919075012,0.2341515272855758,0.5822243094444275,0.2561831772327423,0.4911328852176666,0.2604615390300751,0.6278403997421265,0.4224001765251159,0.4258243441581726,0.4077683985233307,0.7783721089363098,0.4734979569911957,0.3085197508335113,0.483591616153717,0.8719139099121094,0.3387013077735901,0.1878223419189453,0.5447550415992737,0.6002834439277649,0.8319273591041565,0.4536446630954742,0.8274692893028259,0.0,0.0,0.0,0.0,0.0,0.0,0.0,0.0,0.525180459022522,0.414439857006073
0.5384776592254639,0.2559004426002502,0.5557765364646912,0.2319198101758957,0.5184071660041809,0.2334467321634292,0.5789353251457214,0.2547319829463959,0.4871478080749511,0.2595364451408386,0.6281939744949341,0.40899258852005,0.4305578172206878,0.4053347706794739,0.7718822360038757,0.445634514093399,0.3102920949459076,0.4845209121704101,0.9108510613441468,0.4030833542346954,0.1853640079498291,0.5523873567581177,0.598383367061615,0.8139835596084595,0.4563732147216797,0.7998467683792114,0.0,0.0,0.0,0.0,0.0,0.0,0.0,0.0,0.526502788066864,0.4072644710540771
0.5424429774284363,0.2558139562606811,0.5599824786186218,0.2327352613210678,0.5225894451141357,0.2330119311809539,0.5831999182701111,0.2566027641296386,0.4909131526947021,0.2593068778514862,0.6304230690002441,0.4171380996704101,0.430867850780487,0.404950350522995,0.7683383822441101,0.4700945913791656,0.3118781745433807,0.4809522926807403,0.889471173286438,0.4034040868282318,0.1867965906858444,0.5499127507209778,0.6008132100105286,0.8316745758056641,0.4560516774654388,0.8263263702392578,0.0,0.0,0.0,0.0,0.0,0.0,0.0,0.0,0.5279961228370667,0.410957783460617
0.5486697554588318,0.2551975548267364,0.5663055777549744,0.2325260788202285,0.528667151927948,0.230866402387619,0.5881931185722351,0.2564083039760589,0.4957094490528106,0.2541985809803009,0.6345177888870239,0.4221725463867187,0.431736558675766,0.4026107788085937,0.7556821703910828,0.4968525767326355,0.3130777180194855,0.477989137172699,0.8025525808334351,0.3977326452732086,0.1923741102218628,0.5416930913925171,0.6016324758529663,0.8309090733528137,0.456834077835083,0.8271441459655762,0.0,0.0,0.0,0.0,0.0,0.0,0.0,0.0,0.5314293503761292,0.4118553698062897
0.5492184162139893,0.2548548877239227,0.5669370889663696,0.2323520630598068,0.5296990275382996,0.2306360900402069,0.589785635471344,0.2575597763061523,0.4977491199970245,0.2523441910743713,0.6348918676376343,0.4187206327915191,0.4331313073635101,0.4012164771556854,0.7517848014831543,0.5125997066497803,0.3173894882202148,0.4777824580669403,0.7405694127082825,0.3599188923835754,0.1892619580030441,0.5438858270645142,0.6043986678123474,0.8285685777664185,0.4609171450138092,0.8146519660949707,0.0,0.0,0.0,0.0,0.0,0.0,0.0,0.0,0.5337992310523987,0.4088184535503387
0.5480939745903015,0.2557139098644256,0.5664072036743164,0.2332444190979004,0.5288199186325073,0.2305095940828323,0.5876842737197876,0.2593913972377777,0.4958286881446838,0.2527903020381927,0.6283260583877563,0.4169440567493438,0.4332976341247558,0.4013268947601318,0.7551911473274231,0.5226008296012878,0.3156156539916992,0.477954089641571,0.7340753674507141,0.3816945552825928,0.19180728495121,0.5449993014335632,0.6045908331871033,0.8254709839820862,0.4602231383323669,0.8118020296096802,0.0,0.0,0.0,0.0,0.0,0.0,0.0,0.0,0.5313981771469116,0.408238023519516
0.5490742325782776,0.2558206915855407,0.5675405263900757,0.2328948974609375,0.5295717716217041,0.2304016351699829,0.5897602438926697,0.2583836019039154,0.4961707592010498,0.2520959675312042,0.6329076886177063,0.4216753840446472,0.4217939376831054,0.4061896204948425,0.7496375441551208,0.5254784822463989,0.2960138022899627,0.461530476808548,0.7733269929885864,0.4141221642494201,0.1693987399339676,0.4994211196899414,0.6108365058898926,0.8465438485145569,0.4543677866458893,0.8312458992004395,0.0,0.0,0.0,0.0,0.0,0.0,0.0,0.0,0.5271283388137817,0.4132414162158966
0.5505928993225098,0.255086213350296,0.5679910778999329,0.2339344322681427,0.5316175818443298,0.2304892092943191,0.5883798599243164,0.2613313496112823,0.4982582032680511,0.2532532513141632,0.6240248084068298,0.4266609251499176,0.4213697910308838,0.3941448032855987,0.7361916303634644,0.5282014608383179,0.2376295030117035,0.3955516219139099,0.8143836855888367,0.4878592491149902,0.0780373215675354,0.4092199206352234,0.6103760600090027,0.830307126045227,0.4526510536670685,0.8280815482139587,0.0,0.0,0.0,0.0,0.0,0.0,0.0,0.0,0.5261480212211609,0.4088712334632873
0.5510569214820862,0.2541270852088928,0.5689340233802795,0.2336289137601852,0.5314671397209167,0.2298928350210189,0.5902356505393982,0.2644563615322113,0.4984766840934753,0.2547211050987243,0.6242280602455139,0.4226474463939667,0.4294670224189758,0.3814809918403625,0.7223086953163147,0.5504175424575806,0.2722161412239074,0.3401953279972076,0.8225053548812866,0.5446757078170776,0.1197786703705787,0.3011199533939361,0.6012483835220337,0.793087899684906,0.4535737931728363,0.7927003502845764,0.0,0.0,0.0,0.0,0.0,0.0,0.0,0.0,0.5306209921836853,0.4008352160453796
0.5559446811676025,0.2559657394886017,0.5742472410202026,0.2352544367313385,0.5359902381896973,0.230637177824974,0.5946014523506165,0.2651447057723999,0.5024352073669434,0.2533666789531708,0.6323110461235046,0.4287040829658508,0.4329106509685516,0.3761175572872162,0.7226115465164185,0.5651897192001343,0.2812349796295166,0.3138287961483001,0.8126415014266968,0.5346985459327698,0.1352155208587646,0.2362136542797088,0.606464684009552,0.798160970211029,0.4601935446262359,0.7948538661003113,0.0,0.0,0.0,0.0,0.0,0.0,0.0,0.0,0.5359897613525391,0.397601455450058
0.5595850944519043,0.2567246258258819,0.5793571472167969,0.2346894294023513,0.5390307307243347,0.2304021269083023,0.6014428734779358,0.2638469338417053,0.5050365924835205,0.2552675604820251,0.6368551254272461,0.4347395300865173,0.4339649081230163,0.3767754733562469,0.7279104590415955,0.5587388277053833,0.2693700492382049,0.2890200614929199,0.7830144166946411,0.48361736536026,0.1316170543432235,0.2085459530353546,0.6181721091270447,0.8481906056404114,0.4600200355052948,0.831645131111145,0.0,0.0,0.0,0.0,0.0,0.0,0.0,0.0,0.539448618888855,0.4051485061645508
0.5644683837890625,0.2565579116344452,0.5847010612487793,0.2341711670160293,0.5431674718856812,0.2291935831308365,0.6059812903404236,0.2695999443531036,0.5063303709030151,0.2576893270015716,0.6441184282302856,0.4331794381141662,0.4375937283039093,0.3778537213802337,0.7355898022651672,0.540806233882904,0.2588190734386444,0.2809964120388031,0.7635424733161926,0.4348631799221039,0.1314266622066497,0.2073291391134262,0.6293449401855469,0.8656670451164246,0.458137035369873,0.8495655059814453,0.0,0.0,0.0,0.0,0.0,0.0,0.0,0.0,0.5433052778244019,0.4073198735713959
0.562475323677063,0.2569006979465484,0.5823468565940857,0.2349247634410858,0.5420304536819458,0.2298419326543808,0.6025595664978027,0.2653542757034302,0.5060516595840454,0.2555485069751739,0.6403059959411621,0.4273236095905304,0.4399546682834625,0.3787672817707062,0.7402305603027344,0.5388614535331726,0.2627755403518677,0.2818494737148285,0.7710376977920532,0.4245426654815674,0.132499024271965,0.2037878781557083,0.6203173398971558,0.8487048149108887,0.4617407321929931,0.8456553220748901,0.0,0.0,0.0,0.0,0.0,0.0,0.0,0.0,0.5423592329025269,0.4055459201335907
0.5599120259284973,0.2590071260929107,0.5786880850791931,0.2366204559803009,0.5389449000358582,0.2316515296697616,0.5979491472244263,0.2629759609699249,0.5032455325126648,0.2544437050819397,0.6322644352912903,0.4315752387046814,0.4356030821800232,0.3758293688297272,0.7307062149047852,0.5299240350723267,0.2610963881015777,0.2811912000179291,0.8165525794029236,0.4338125884532928,0.1326731294393539,0.2028262317180633,0.6177049279212952,0.8326377272605896,0.46022430062294,0.829974353313446,0.0,0.0,0.0,0.0,0.0,0.0,0.0,0.0,0.5348052382469177,0.4019772112369537
0.5563410520553589,0.2571664750576019,0.5748544335365295,0.2367912083864212,0.5366755723953247,0.2318309843540191,0.5948883891105652,0.2648658156394958,0.5024383664131165,0.2530280649662018,0.6320594549179077,0.4300582110881805,0.4284365773200989,0.3704950511455536,0.7363203763961792,0.5277579426765442,0.2707287669181824,0.2862194180488586,0.859783947467804,0.4771003425121307,0.1298935711383819,0.2065478861331939,0.6145840287208557,0.8142395615577698,0.459528774023056,0.8107203245162964,0.0,0.0,0.0,0.0,0.0,0.0,0.0,0.0,0.5349563360214233,0.3989399373531341
0.558476448059082,0.2570862174034118,0.577311098575592,0.2371779531240463,0.5381537079811096,0.2320385128259658,0.5977056622505188,0.2668066620826721,0.5036707520484924,0.2549304068088531,0.6305956840515137,0.4254188537597656,0.4323115050792694,0.3699960112571716,0.7346738576889038,0.5383583307266235,0.2588890790939331,0.2817744314670563,0.8300893902778625,0.4912640154361725,0.1279782056808471,0.207670196890831,0.6105602383613586,0.8140813112258911,0.455481082201004,0.8101096749305725,0.0,0.0,0.0,0.0,0.0,0.0,0.0,0.0,0.5365857481956482,0.3971774876117706
0.5631676316261292,0.2611992955207824,0.5831927061080933,0.238907054066658,0.5423368811607361,0.2338582128286361,0.6044284701347351,0.2665285468101501,0.5065569281578064,0.257708340883255,0.63829505443573,0.435814619064331,0.4350627064704895,0.3750548064708709,0.7298210859298706,0.5463884472846985,0.2684059739112854,0.2865921556949615,0.7755101919174194,0.4524153769016266,0.1304280012845993,0.2056136280298233,0.6134852170944214,0.8461681008338928,0.4504942595958709,0.8315169215202332,0.0,0.0,0.0,0.0,0.0,0.0,0.0,0.0,0.5394914150238037,0.4043164849281311
0.560585081577301,0.2593252956867218,0.580927848815918,0.2372241467237472,0.5406575798988342,0.2323255091905594,0.6017845869064331,0.2680349349975586,0.5051761269569397,0.2573902308940887,0.6401571035385132,0.4260706305503845,0.4336168766021728,0.3727458119392395,0.7281664609909058,0.56175696849823,0.266535997390747,0.2882627844810486,0.7211801409721375,0.4503762125968933,0.1259607821702957,0.2080227434635162,0.6177392601966858,0.8449440002441406,0.4571467936038971,0.8300850987434387,0.0,0.0,0.0,0.0,0.0,0.0,0.0,0.0,0.5395752787590027,0.401396781206131
0.5542652606964111,0.2584104835987091,0.5744299292564392,0.2363659292459488,0.5346339344978333,0.2328326255083084,0.5966843962669373,0.2654569745063782,0.5012806057929993,0.2553556859493255,0.6346311569213867,0.4336132705211639,0.4266735017299652,0.3724983632564544,0.7363759279251099,0.5477830171585083,0.2671171128749847,0.2926366627216339,0.7453784346580505,0.4360418021678924,0.1292893588542938,0.219092845916748,0.603054940700531,0.8458244204521179,0.4522295892238617,0.8293275833129883,0.0,0.0,0.0,0.0,0.0,0.0,0.0,0.0,0.5348705649375916,0.4030177593231201
0.5528555512428284,0.2578411698341369,0.5716503858566284,0.2349524646997451,0.5324661135673523,0.2319171279668808,0.5933964848518372,0.2610870003700256,0.4984554648399353,0.254428893327713,0.6317660212516785,0.4316264986991882,0.4233019053936004,0.3742235600948334,0.7430070638656616,0.5229865908622742,0.2707491517066955,0.2977592647075653,0.8197557330131531,0.420461893081665,0.1216922998428344,0.2221449464559555,0.6009000539779663,0.8496642112731934,0.4501015841960907,0.8339465260505676,0.0,0.0,0.0,0.0,0.0,0.0,0.0,0.0,0.5309931635856628,0.4037978947162628
0.5484888553619385,0.2554681003093719,0.5652809739112854,0.2347750663757324,0.5287100672721863,0.2324585914611816,0.5856266021728516,0.2612188756465912,0.4945158958435058,0.2555726170539856,0.6211332082748413,0.418760597705841,0.4204884469509125,0.3726072609424591,0.752987265586853,0.4920293688774109,0.2684710323810577,0.3054891228675842,0.8793239593505859,0.4405383467674255,0.1134286969900131,0.2250762432813644,0.5948406457901001,0.8273299932479858,0.4416214525699615,0.8268559575080872,0.0,0.0,0.0,0.0,0.0,0.0,0.0,0.0,0.5255947113037109,0.3949122726917267
0.5476797819137573,0.2550020813941955,0.5655186772346497,0.233537420630455,0.5278104543685913,0.231228694319725,0.5873294472694397,0.2611586451530456,0.494785726070404,0.2550925612449646,0.626380443572998,0.4227717220783233,0.4214681088924408,0.3734984099864959,0.742729127407074,0.5123978853225708,0.2696975469589233,0.3092450499534607,0.8468106389045715,0.4510438144207001,0.1157364249229431,0.234955832362175,0.595971941947937,0.8294848799705505,0.4449318349361419,0.8269205093383789,0.0,0.0,0.0,0.0,0.0,0.0,0.0,0.0,0.5284814238548279,0.3986325562000274
0.55070561170578,0.2549054026603699,0.5693632364273071,0.2321556657552719,0.5308751463890076,0.2305006086826324,0.5933734774589539,0.2596344351768493,0.4985902309417724,0.252966433763504,0.6331110000610352,0.426148921251297,0.4220289289951324,0.3743378221988678,0.7435563802719116,0.5272223949432373,0.2706795632839203,0.3102947771549225,0.7815502882003784,0.4396932721138,0.1266501992940902,0.2380511611700058,0.6014383435249329,0.845856785774231,0.4487004578113556,0.8315324783325195,0.0,0.0,0.0,0.0,0.0,0.0,0.0,0.0,0.5324243903160095,0.4016222655773163
0.548718273639679,0.2548521757125854,0.5678882002830505,0.2318394035100937,0.5292254090309143,0.2301914989948272,0.592583179473877,0.2617117464542389,0.4972714483737945,0.2532136738300323,0.6331974864006042,0.4263854622840881,0.4238170087337494,0.37425497174263,0.7449460625648499,0.5302120447158813,0.2677894234657287,0.3137218952178955,0.7507813572883606,0.4226905703544616,0.1290983408689499,0.2509117722511291,0.6164427399635315,0.8469834327697754,0.4536915719509125,0.8314781785011292,0.0,0.0,0.0,0.0,0.0,0.0,0.0,0.0,0.5333288908004761,0.402517706155777
0.547118067741394,0.2540989816188812,0.565109133720398,0.2316860109567642,0.5274452567100525,0.2308426797389984,0.5887541770935059,0.2603399157524109,0.4961991608142853,0.2558862268924713,0.6320738792419434,0.4239757657051086,0.4215931296348572,0.3824469447135925,0.747127890586853,0.524768590927124,0.2628990113735199,0.3407893180847168,0.781838595867157,0.428356409072876,0.1114023923873901,0.3025181293487549,0.6036814451217651,0.8637579083442688,0.4498622715473175,0.8471945524215698,0.0,0.0,0.0,0.0,0.0,0.0,0.0,0.0,0.5309559106826782,0.4039734303951263
0.5472127795219421,0.2557897269725799,0.5645046830177307,0.2319252490997314,0.5269399285316467,0.2318701297044754,0.586976170539856,0.2586809992790222,0.4936423301696777,0.2581633329391479,0.6240991353988647,0.4262944757938385,0.4179201424121856,0.3885599672794342,0.7533735036849976,0.5086168646812439,0.2363407611846923,0.369331806898117,0.8296388983726501,0.3979714810848236,0.0781971216201782,0.3697552680969238,0.6029831767082214,0.8340021967887878,0.450679749250412,0.831156313419342,0.0,0.0,0.0,0.0,0.0,0.0,0.0,0.0,0.5228677988052368,0.4092547595500946
0.540846049785614,0.2559207081794739,0.5590358972549438,0.2321648448705673,0.5213204622268677,0.2324768602848053,0.5818501114845276,0.2562162578105926,0.4904340803623199,0.2565837204456329,0.6226358413696289,0.4212531447410583,0.4195082187652588,0.3924526572227478,0.7579864859580994,0.4910190105438232,0.2410373240709304,0.4027142226696014,0.867401659488678,0.3969297409057617,0.0766030550003051,0.4232404828071594,0.600363552570343,0.8333614468574524,0.448066383600235,0.8322243094444275,0.0,0.0,0.0,0.0,0.0,0.0,0.0,0.0,0.5218968391418457,0.4078927338123321
0.5406474471092224,0.254541277885437,0.5588847994804382,0.2301340848207473,0.5204832553863525,0.2314421832561493,0.5829057693481445,0.2543335556983948,0.4901581406593323,0.2567809522151947,0.6267476081848145,0.4219623506069183,0.4293298721313476,0.4006016850471496,0.7460643649101257,0.5030255913734436,0.276438295841217,0.4364089965820312,0.8492700457572937,0.3921022415161133,0.1219076141715049,0.4672432839870453,0.59975665807724,0.8356167078018188,0.4535038769245147,0.832013726234436,0.0,0.0,0.0,0.0,0.0,0.0,0.0,0.0,0.5261023640632629,0.4114873707294464
0.5459316372871399,0.2536922097206116,0.5632683634757996,0.230180025100708,0.5253294706344604,0.2312273532152176,0.5851994752883911,0.255212128162384,0.4927795231342315,0.2563700377941131,0.6283720135688782,0.4189806878566742,0.4261530041694641,0.3992093503475189,0.7448168992996216,0.5149118900299072,0.2779183983802795,0.4361454844474792,0.7643598318099976,0.421834260225296,0.1240468844771385,0.4676162600517273,0.610895037651062,0.8457033038139343,0.4550973773002624,0.831577479839325,0.0,0.0,0.0,0.0,0.0,0.0,0.0,0.0,0.5276433229446411,0.4083590507507324
0.5375241041183472,0.2558922469615936,0.5554765462875366,0.23116235435009,0.5166533589363098,0.2309929132461547,0.5775078535079956,0.2543237507343292,0.4847663342952728,0.255019873380661,0.6201225519180298,0.4180083274841308,0.4196834862232208,0.4002183377742767,0.7696642279624939,0.4781091809272766,0.2755897045135498,0.4360620081424713,0.8701066374778748,0.3774470388889313,0.1153687685728073,0.4698008596897125,0.5991889834403992,0.8318333625793457,0.4437035620212555,0.8307557702064514,0.0,0.0,0.0,0.0,0.0,0.0,0.0,0.0,0.5205072164535522,0.4082981646060943
0.5361793637275696,0.254021942615509,0.5530549883842468,0.2299788445234298,0.5156552195549011,0.2301203310489654,0.5752716660499573,0.2542705535888672,0.484074056148529,0.2557678818702698,0.6192932724952698,0.4126284718513489,0.4188987612724304,0.3982405662536621,0.7564953565597534,0.4672868251800537,0.2749860882759094,0.43521448969841,0.89080810546875,0.4032251834869385,0.1149707660079002,0.4707910120487213,0.5995502471923828,0.8310522437095642,0.4421856999397278,0.8312593102455139,0.0,0.0,0.0,0.0,0.0,0.0,0.0,0.0,0.5200234651565552,0.4041444659233093
0.5358220338821411,0.252337098121643,0.5530601143836975,0.2282689064741134,0.5151301026344299,0.22904072701931,0.5764780640602112,0.2530921101570129,0.4840697646141052,0.2549746930599212,0.6239786148071289,0.4139275550842285,0.4197055697441101,0.3967029154300689,0.7606361508369446,0.4781866073608398,0.2774565517902374,0.4341001212596893,0.8827940225601196,0.4295072853565216,0.1170976236462593,0.468947023153305,0.5949233174324036,0.8353968858718872,0.4429977238178253,0.8316613435745239,0.0,0.0,0.0,0.0,0.0,0.0,0.0,0.0,0.5214259028434753,0.4044877588748932
0.5402411818504333,0.2559248208999634,0.5587871670722961,0.2310645431280136,0.5198213458061218,0.2316677570343017,0.5823087096214294,0.255190908908844,0.488627165555954,0.2552275955677032,0.6220045685768127,0.4195992350578308,0.423660010099411,0.397412359714508,0.7326059937477112,0.5252037048339844,0.2786084115505218,0.4328758418560028,0.796883225440979,0.4232147634029388,0.1188076585531234,0.4670625329017639,0.6008096933364868,0.8348038792610168,0.4502106606960296,0.832374095916748,0.0,0.0,0.0,0.0,0.0,0.0,0.0,0.0,0.5240598917007446,0.4081272780895233
0.5407347679138184,0.2528263628482818,0.5603235960006714,0.2295990139245987,0.5217322707176208,0.2298696935176849,0.5836150050163269,0.2559264600276947,0.4918037056922912,0.2541222870349884,0.627467155456543,0.4228841662406921,0.4301894307136535,0.3985236287117004,0.718563973903656,0.5602659583091736,0.2762190103530884,0.4361502528190613,0.7193470597267151,0.4521708190441131,0.1197213008999824,0.4682123064994812,0.6032770872116089,0.846664309501648,0.4548620283603668,0.8343033194541931,0.0,0.0,0.0,0.0,0.0,0.0,0.0,0.0,0.5295776128768921,0.4093826115131378
0.5376700162887573,0.2526736557483673,0.5568318367004395,0.2299273908138275,0.5175514221191406,0.2302323430776596,0.5806171298027039,0.2569862902164459,0.487590879201889,0.2563768327236175,0.6185042262077332,0.420912504196167,0.4229656755924225,0.3989113271236419,0.738373339176178,0.5324717164039612,0.278119832277298,0.4348208308219909,0.7607129812240601,0.4214714169502258,0.1196812018752098,0.4676488935947418,0.5969749689102173,0.8489505648612976,0.4427554607391357,0.8334367871284485,0.0,0.0,0.0,0.0,0.0,0.0,0.0,0.0,0.5221251845359802,0.4092926979064941
0.5369324684143066,0.2557086646556854,0.5544451475143433,0.2311834990978241,0.5163454413414001,0.2309508770704269,0.5753380656242371,0.2543956935405731,0.4846674501895904,0.2546022236347198,0.6150115132331848,0.4207848012447357,0.4187739193439483,0.3985422551631927,0.7547299265861511,0.4932650923728943,0.2768455743789673,0.4296536445617676,0.8601989150047302,0.4030813574790954,0.115854799747467,0.460766077041626,0.595546543598175,0.8503680229187012,0.4420214295387268,0.8482418060302734,0.0,0.0,0.0,0.0,0.0,0.0,0.0,0.0,0.5170516967773438,0.4109757542610168
0.532368540763855,0.2550061643123626,0.5503161549568176,0.2308780699968338,0.5126093626022339,0.2302632182836532,0.5738956332206726,0.2569496035575866,0.483090192079544,0.2548392415046692,0.6164916157722473,0.4127411544322967,0.4154157936573028,0.3981795012950897,0.7471661567687988,0.4602155387401581,0.2725018858909607,0.4281809329986572,0.9003458023071289,0.4195649027824402,0.1041712015867233,0.4675481617450714,0.5955958962440491,0.8312178254127502,0.4414482116699219,0.8303823471069336,0.0,0.0,0.0,0.0,0.0,0.0,0.0,0.0,0.5163620710372925,0.4052734375
0.5368096232414246,0.2536163628101349,0.5547922253608704,0.2294288426637649,0.5159726142883301,0.2301548570394516,0.5777336955070496,0.2551129758358001,0.4850750565528869,0.2563420236110687,0.6208043098449707,0.4181924164295196,0.4194627106189728,0.3985888361930847,0.7538586854934692,0.4908695816993713,0.2735124826431274,0.4290040135383606,0.8623977899551392,0.4276714324951172,0.1091527864336967,0.4616859555244446,0.5970864295959473,0.835610032081604,0.448317289352417,0.8310651779174805,0.0,0.0,0.0,0.0,0.0,0.0,0.0,0.0,0.5204132795333862,0.4087539315223694
0.5397173762321472,0.2573483884334564,0.5592634081840515,0.2323629707098007,0.5198509693145752,0.2322158366441726,0.5837315917015076,0.2573249638080597,0.4890307784080505,0.2549489140510559,0.6249732375144958,0.423712283372879,0.4221508502960205,0.3978599011898041,0.737946629524231,0.5246574878692627,0.2750363945960998,0.4284839034080505,0.7925761342048645,0.423497200012207,0.1105737015604972,0.4577384293079376,0.5965862274169922,0.8502498865127563,0.4445496201515198,0.845719039440155,0.0,0.0,0.0,0.0,0.0,0.0,0.0,0.0,0.5248544812202454,0.410094290971756
0.5429533123970032,0.2562935054302215,0.5617433786392212,0.2321492284536361,0.5237023234367371,0.2324363440275192,0.5836268663406372,0.2568567395210266,0.492543488740921,0.2563616931438446,0.6284629106521606,0.420609563589096,0.426814317703247,0.3983690142631531,0.7215238213539124,0.5566182732582092,0.2752435505390167,0.4303157329559326,0.7155606150627136,0.4496233761310577,0.1155772805213928,0.4588629901409149,0.6037222743034363,0.8335361480712891,0.4528873264789581,0.8312879800796509,0.0,0.0,0.0,0.0,0.0,0.0,0.0,0.0,0.5297106504440308,0.4088385105133056
0.5417113900184631,0.2591366469860077,0.5612508058547974,0.2357036024332046,0.5225332975387573,0.2350828349590301,0.583166778087616,0.2596353590488434,0.4910260140895843,0.258555144071579,0.6260436773300171,0.4232595264911651,0.4235074818134308,0.3995006680488586,0.7294362783432007,0.5501274466514587,0.2749449908733368,0.433994859457016,0.7339457273483276,0.4343319535255432,0.1212052330374717,0.4647602140903473,0.6030162572860718,0.8503855466842651,0.4487000107765198,0.8474293351173401,0.0,0.0,0.0,0.0,0.0,0.0,0.0,0.0,0.5265039205551147,0.4101004600524902
0.5361220240592957,0.2595188021659851,0.5549023747444153,0.2351578623056411,0.5156038999557495,0.235082596540451,0.577431321144104,0.2578290998935699,0.4845696985721588,0.2582133412361145,0.6164678335189819,0.4226592481136322,0.4215894341468811,0.3994624614715576,0.7300123572349548,0.5131708979606628,0.2790550589561462,0.4352952539920807,0.8335877060890198,0.4159586429595947,0.1196024194359779,0.4683404266834259,0.596047043800354,0.8479986786842346,0.4441287219524383,0.832198977470398,0.0,0.0,0.0,0.0,0.0,0.0,0.0,0.0,0.5201543569564819,0.411670058965683
0.5290029644966125,0.2571407854557037,0.5467349886894226,0.2339554578065872,0.5081865787506104,0.2356463968753814,0.5707430243492126,0.2590992152690887,0.4787333309650421,0.263106107711792,0.6171349883079529,0.4170507788658142,0.4219325184822082,0.3999927341938019,0.7455657124519348,0.4891428351402282,0.2808817028999328,0.4364841282367706,0.8854354023933411,0.4768512845039367,0.1173892766237258,0.4737978875637054,0.5953859090805054,0.8322778344154358,0.4420763552188873,0.8301167488098145,0.0,0.0,0.0,0.0,0.0,0.0,0.0,0.0,0.5202608704566956,0.4076193273067474
0.5315273404121399,0.2543278336524963,0.5493243932723999,0.2317987978458404,0.511943519115448,0.2330484688282013,0.574046790599823,0.259318858385086,0.4844047129154205,0.2598216235637665,0.6199982762336731,0.4189372658729553,0.4232493340969085,0.3961890637874603,0.735050618648529,0.5087292790412903,0.2818726897239685,0.4350676238536834,0.8368232846260071,0.4693004786968231,0.1252365708351135,0.467217355966568,0.596359133720398,0.8297821283340454,0.444838285446167,0.8287657499313354,0.0,0.0,0.0,0.0,0.0,0.0,0.0,0.0,0.5227023363113403,0.4068516194820404
0.5411778688430786,0.2568484842777252,0.5612503290176392,0.2345007359981537,0.522785484790802,0.23463936150074,0.5845139622688293,0.2596351504325866,0.493500679731369,0.2588048577308655,0.6263954043388367,0.4203612804412842,0.4325881600379944,0.3974599540233612,0.7311402559280396,0.5488635301589966,0.278054803609848,0.4370301067829132,0.7115825414657593,0.4325000643730163,0.1325141936540603,0.4640077948570251,0.6140751838684082,0.8156853914260864,0.4604725241661072,0.8258170485496521,0.0,0.0,0.0,0.0,0.0,0.0,0.0,0.0,0.5312505960464478,0.408182144165039
0.5382865071296692,0.2557493150234222,0.5568153262138367,0.2333270162343979,0.517977774143219,0.2349710166454315,0.580981433391571,0.2604787051677704,0.4885909855365753,0.2622474730014801,0.6231932044029236,0.4229214787483215,0.4300895035266876,0.4009658992290497,0.7405351996421814,0.5223936438560486,0.280685693025589,0.4367963969707489,0.7735134363174438,0.4210774004459381,0.1321775019168853,0.4633157253265381,0.6121119260787964,0.8333644866943359,0.455555260181427,0.8326400518417358,0.0,0.0,0.0,0.0,0.0,0.0,0.0,0.0,0.5266890525817871,0.412109375
0.5355393886566162,0.2551635205745697,0.5540152788162231,0.2325474321842193,0.5154287815093994,0.2334814965724945,0.5786839127540588,0.2596993446350097,0.4866543710231781,0.2613166868686676,0.6238536834716797,0.4259409606456756,0.4260300695896148,0.4006072878837585,0.7547194361686707,0.5078908205032349,0.2807669937610626,0.4366698861122131,0.8446536064147949,0.4014703333377838,0.1236605644226074,0.4673108160495758,0.6051377058029175,0.8318086862564087,0.4524237513542175,0.8311828970909119,0.0,0.0,0.0,0.0,0.0,0.0,0.0,0.0,0.5243182182312012,0.4134578108787536
0.425877034664154,0.3409101068973541,0.4468511641025543,0.3267115354537964,0.4017971456050873,0.3262157738208771,0.4650050699710846,0.3336715698242187,0.3799715638160705,0.333730548620224,0.5281345844268799,0.4086575210094452,0.3064154386520386,0.4091367125511169,0.6586782932281494,0.4210215210914612,0.166615217924118,0.425926148891449,0.7886315584182739,0.4120214581489563,0.1841804534196853,0.3380203247070312,0.4750703871250152,0.6338159441947937,0.3549077212810516,0.6368312239646912,0.4702003896236419,0.760525643825531,0.3580713272094726,0.7673158049583435,0.4857060015201568,0.8652389049530029,0.3733832240104675,0.8674622178077698,0.4172750115394592,0.408897116780281
0.4231120944023132,0.3276498019695282,0.4455220103263855,0.3129077851772308,0.3992538154125213,0.3132300078868866,0.465679258108139,0.3203283846378326,0.3787798881530761,0.3213157951831817,0.52739018201828,0.3957907557487488,0.3073719143867492,0.3976852297782898,0.6636596322059631,0.4050265550613403,0.168508768081665,0.4112733006477356,0.786833643913269,0.3997464478015899,0.1832248717546463,0.322898119688034,0.4759547114372253,0.6187077760696411,0.353991687297821,0.6220532655715942,0.4733994007110595,0.749152421951294,0.3582113981246948,0.7575210928916931,0.4867905974388122,0.8513902425765991,0.3755460083484649,0.8572696447372437,0.4173810482025146,0.3967379927635193
0.4210386872291565,0.326763778924942,0.4408789575099945,0.3135824501514435,0.3958751261234283,0.3113413453102112,0.4564567506313324,0.320572555065155,0.3723880648612976,0.3190806210041046,0.5150460004806519,0.3969383835792541,0.2970236241817474,0.3973666131496429,0.6462986469268799,0.4044909477233886,0.1538836359977722,0.4104593098163605,0.7724510431289673,0.3978613913059234,0.1703235805034637,0.3201427161693573,0.4674629271030426,0.6154888868331909,0.347767174243927,0.6187564134597778,0.4658591747283935,0.7437213659286499,0.3504363894462585,0.7530141472816467,0.4801031053066253,0.8518118262290955,0.368609070777893,0.8550706505775452,0.4060348123311996,0.3971524983644485
0.4038264155387878,0.3291832208633423,0.4226934015750885,0.3150696754455566,0.3789487779140472,0.3135668635368347,0.4395713806152344,0.3218746483325958,0.3560976386070251,0.3209278881549835,0.4986585974693298,0.3958802223205566,0.2803390920162201,0.3989678621292114,0.629697322845459,0.4066922962665558,0.1364650428295135,0.412296712398529,0.7591156959533691,0.3995244204998016,0.1503397077322006,0.3226985037326813,0.450541079044342,0.6206461787223816,0.3318713009357452,0.6250196099281311,0.4439970850944519,0.750714898109436,0.3352957367897033,0.7568263411521912,0.4641637802124023,0.8576731085777283,0.351543515920639,0.8626003265380859,0.3894988447427749,0.397424042224884
0.374851644039154,0.3355786502361297,0.3913117945194244,0.3210740685462951,0.3463574945926666,0.3216170370578766,0.4065025746822357,0.3277848064899444,0.3209799826145172,0.3298186659812927,0.4701845049858093,0.402623176574707,0.2487328499555587,0.4076323807239532,0.5975955724716187,0.4148538410663605,0.1074171289801597,0.4221203923225403,0.7246278524398804,0.4025964736938476,0.1157450452446937,0.3342992961406708,0.4285717606544494,0.6277465224266052,0.3065865933895111,0.6336433291435242,0.4211831092834472,0.7581029534339905,0.3115364611148834,0.7665880918502808,0.438936322927475,0.8622370362281799,0.3313972949981689,0.8684400320053101,0.359458677470684,0.4051277786493301
0.3609704971313476,0.3415610492229461,0.3770740330219269,0.3266903162002563,0.3338644802570343,0.3264778554439544,0.3899564743041992,0.332561582326889,0.3061206936836242,0.3345957696437835,0.4538062214851379,0.404690146446228,0.2341814935207367,0.4149626195430755,0.580030083656311,0.4109537899494171,0.0798484086990356,0.4320545494556427,0.7082589864730835,0.3998185992240906,0.1003982424736023,0.3401843011379242,0.4213783740997314,0.6330105066299438,0.3017923533916473,0.6406758427619934,0.4209724068641662,0.7614048719406128,0.3119601905345917,0.7702409029006958,0.4427116513252258,0.8665233850479126,0.3369731307029724,0.8742372989654541,0.3439938575029373,0.4098263829946518
0.3878088295459747,0.3412457108497619,0.4046537280082702,0.3278679251670837,0.3600616455078125,0.3265367746353149,0.417956531047821,0.3321655690670013,0.3330519199371338,0.3329958319664001,0.4766691327095032,0.407577782869339,0.2600883543491363,0.4163199663162231,0.6036294102668762,0.4101430773735046,0.1153656244277954,0.4388248324394226,0.7237616777420044,0.3965895473957062,0.12799072265625,0.3471154272556305,0.4503394663333893,0.627284586429596,0.3335471153259277,0.6357587575912476,0.4567150175571441,0.7597928643226624,0.3433038592338562,0.7746041417121887,0.4805006086826324,0.8683889508247375,0.3721175491809845,0.8810358047485352,0.3683787435293197,0.411948874592781
0.4288838505744934,0.3501178026199341,0.4426901936531067,0.3358302116394043,0.4012300074100494,0.3354532420635223,0.4522759914398193,0.341267317533493,0.3701092004776001,0.3436168730258941,0.5105770230293274,0.4153553545475006,0.2927419543266296,0.4230885505676269,0.6281718015670776,0.4187067151069641,0.1501600742340088,0.441990852355957,0.7510594129562378,0.4057070612907409,0.1715710461139679,0.3534434139728546,0.4789221882820129,0.6376138925552368,0.3603653907775879,0.6453312039375305,0.4796534478664398,0.7650191783905029,0.3707418739795685,0.7809866666793823,0.5001691579818726,0.8746410608291626,0.3936640322208404,0.8851364850997925,0.4016594886779785,0.4192219525575638
0.41374072432518,0.3469844460487366,0.4291343092918396,0.3333928883075714,0.3854183554649353,0.3312070071697235,0.4395869672298431,0.3398962616920471,0.3588913083076477,0.3379808366298675,0.4938822388648987,0.4145788252353668,0.2770575881004333,0.4188684225082397,0.6118366718292236,0.4207257032394409,0.1300887763500213,0.4330954849720001,0.7281643152236938,0.4113330245018005,0.1545138508081436,0.3419931530952453,0.4504934251308441,0.6318680644035339,0.3337985575199127,0.6365284323692322,0.4476929605007171,0.7607839107513428,0.3375830352306366,0.7735865116119385,0.4587987065315246,0.8705691695213318,0.3552497625350952,0.8777663707733154,0.385469913482666,0.4167236238718033
0.4261649250984192,0.3489355444908142,0.4416157603263855,0.3356828093528747,0.3976800739765167,0.334398090839386,0.4491966366767883,0.3420123159885406,0.3683645129203796,0.3426073789596557,0.5018399953842163,0.415992796421051,0.2904718518257141,0.4206132888793945,0.6133362650871277,0.4251322746276855,0.1407486498355865,0.4323223233222961,0.7267723679542542,0.4166764616966247,0.1740361601114273,0.3412162363529205,0.4601897299289703,0.6288269758224487,0.3456405103206634,0.6354146599769592,0.4512275755405426,0.7490395307540894,0.3450676202774048,0.766490638256073,0.4640036225318908,0.8614445328712463,0.3587993085384369,0.8712995648384094,0.3961559236049652,0.4183030426502228
0.394484132528305,0.3367266058921814,0.4091898500919342,0.323157399892807,0.3682863414287567,0.3202864825725555,0.4189110696315765,0.3282827734947204,0.3406429290771484,0.3271984457969665,0.4669465124607086,0.4030574858188629,0.2578429579734802,0.4010975956916809,0.5747343301773071,0.4119736552238464,0.1172865852713584,0.4137059450149536,0.6885941028594971,0.4015317559242248,0.1482230126857757,0.3245021998882293,0.4182733595371246,0.6109554767608643,0.3072419464588165,0.6145201325416565,0.4121178984642029,0.7312604784965515,0.3070067763328552,0.7474648952484131,0.4184126257896423,0.8391115665435791,0.3218153715133667,0.8501741886138916,0.3623947352170944,0.4020775407552719
0.4441059529781341,0.3510637283325195,0.4604111313819885,0.3385019302368164,0.4172752499580383,0.3360349535942077,0.4687324464321136,0.3437378704547882,0.3874673843383789,0.3427043259143829,0.5158728361129761,0.4180456399917602,0.3047437965869903,0.419941633939743,0.6178950667381287,0.4306322336196899,0.1641283333301544,0.4326294660568237,0.7295688986778259,0.4212719202041626,0.2011089771986007,0.3440597951412201,0.4648647308349609,0.6264687180519104,0.3548479676246643,0.6296530365943909,0.4562413096427917,0.7440601587295532,0.3505744636058807,0.7604972720146179,0.4587852358818054,0.8538717031478882,0.3617332279682159,0.8660061955451965,0.4103083163499832,0.4189936369657516
0.5251572728157043,0.3781534135341644,0.5349829196929932,0.363517016172409,0.4973257184028625,0.3636916279792785,0.5423101186752319,0.3691465556621551,0.4684010446071625,0.3708145022392273,0.5969885587692261,0.4399629831314087,0.3854494392871856,0.446333110332489,0.7065210342407227,0.4474735856056213,0.2527807354927063,0.4624432325363159,0.8162118196487427,0.4376431107521057,0.2852374911308288,0.3747980296611786,0.5527026653289795,0.6540406346321106,0.4422538876533508,0.657899022102356,0.5471800565719604,0.7816954851150513,0.4396561086177826,0.7973679900169373,0.5578072667121887,0.8906526565551758,0.4556964039802551,0.8983211517333984,0.4912189990282058,0.4431480467319488
0.5664113163948059,0.3571221232414245,0.5780193209648132,0.3424864411354065,0.5370591878890991,0.3425366580486297,0.5833842754364014,0.347900390625,0.5028376579284668,0.3517383337020874,0.6379515528678894,0.4222722053527832,0.4239016473293304,0.4291953444480896,0.7488841414451599,0.4297939538955688,0.2906320691108703,0.4493851065635681,0.8617594838142395,0.416425347328186,0.319936454296112,0.3578101396560669,0.5993474721908569,0.6392834782600403,0.4871745705604553,0.6458151936531067,0.6012775301933289,0.7603092193603516,0.4916715621948242,0.7799947261810303,0.6082344651222229,0.8732098937034607,0.5087382197380066,0.8833763599395752,0.5309266000986099,0.4257337749004364
0.5981540679931641,0.3487035632133484,0.6107547283172607,0.3347662091255188,0.569757878780365,0.3342301547527313,0.619100034236908,0.341806411743164,0.5393062829971313,0.3419612646102905,0.6695623993873596,0.4193717539310455,0.451255738735199,0.4174128770828247,0.7807315587997437,0.4303421378135681,0.3124963939189911,0.4278241693973541,0.8962749242782593,0.417145699262619,0.354928970336914,0.3382165133953094,0.6099616885185242,0.6362895965576172,0.4972333312034607,0.6376018524169922,0.6037279963493347,0.7599796652793884,0.4906497597694397,0.777334451675415,0.6052310466766357,0.8704420328140259,0.4998127818107605,0.8739228844642639,0.5604090690612793,0.4183923155069351
0.5629466772079468,0.3317711651325226,0.5778146982192993,0.3181019723415375,0.5363393425941467,0.3149676024913788,0.5879589915275574,0.3252391815185547,0.5054041147232056,0.3225702941417694,0.6376221179962158,0.4017745852470398,0.4166681170463562,0.3958304226398468,0.7564175724983215,0.4113179743289947,0.2759156823158264,0.4116041958332062,0.8768129348754883,0.4055044949054718,0.3105998933315277,0.3215436041355133,0.5793390870094299,0.6186994910240173,0.4601898789405823,0.6221057176589966,0.5672944188117981,0.7408615350723267,0.453397661447525,0.7551733255386353,0.5709993243217468,0.8485081195831299,0.4629663527011871,0.8537187576293945,0.527145117521286,0.3988025039434433
0.4754385352134704,0.3098150193691253,0.4924205839633941,0.295648843050003,0.4460946023464203,0.2947427928447723,0.5043599605560303,0.3024478554725647,0.4184718728065491,0.3039782643318176,0.5604709386825562,0.3801962733268738,0.339243084192276,0.3865365087985992,0.6820610761642456,0.3856262564659118,0.1921935677528381,0.4067718386650085,0.8096166849136353,0.3728049993515014,0.2115379273891449,0.3129129409790039,0.5228402614593506,0.6014918684959412,0.4035003781318664,0.6093063354492188,0.5248193144798279,0.7280890941619873,0.4117698073387146,0.7490629553794861,0.5413597226142883,0.8352607488632202,0.4339503347873688,0.8468801975250244,0.4498570114374161,0.3833663910627365
0.4866329133510589,0.312083899974823,0.5049272775650024,0.2974589765071869,0.4577923715114593,0.2963136434555053,0.5194100141525269,0.3040915131568908,0.4316624999046325,0.3047281205654144,0.5784915089607239,0.3858539462089538,0.3528362512588501,0.3913013339042663,0.7085676193237305,0.3913873136043548,0.2028371393680572,0.4118147492408752,0.8421680331230164,0.3795766234397888,0.2208207547664642,0.3157251179218292,0.5415459275245667,0.6130221486091614,0.417883813381195,0.6187533736228943,0.5417596697807312,0.7500718832015991,0.4284340739250183,0.7605176568031311,0.5645426511764526,0.8603411316871643,0.4550922811031341,0.8673516511917114,0.465663880109787,0.3885776400566101
0.4621745944023132,0.3092473447322845,0.479390799999237,0.2941493988037109,0.4330266416072845,0.292614996433258,0.4953228831291199,0.3020640313625335,0.405076265335083,0.3011080920696258,0.5609439611434937,0.3833833336830139,0.3201677203178406,0.3872219324111938,0.6912925243377686,0.397207647562027,0.1677419543266296,0.4040931463241577,0.8221279382705688,0.3839119374752044,0.1979595124721527,0.3061794936656952,0.509893536567688,0.6252967119216919,0.3824338614940643,0.6301669478416443,0.5013712644577026,0.763946533203125,0.3910044133663177,0.7766323685646057,0.5191985368728638,0.864582896232605,0.4055198729038238,0.8751668930053711,0.4405558407306671,0.3853026330471039
0.4430055618286133,0.3190506994724273,0.4622254371643066,0.3031981289386749,0.4134861826896667,0.3037182986736297,0.479816734790802,0.3099846243858337,0.3882063329219818,0.3126703798770904,0.5461941361427307,0.3906893134117126,0.3070584535598755,0.3958073258399963,0.6851857900619507,0.4009038805961609,0.1545879542827606,0.4147789776325226,0.8201544880867004,0.3926104307174682,0.1723729968070984,0.3144076764583587,0.4973426759243011,0.6320533156394958,0.3700267076492309,0.6378571391105652,0.4953718781471252,0.7729443311691284,0.3796903491020202,0.7789075374603271,0.5140216946601868,0.8810095191001892,0.402421236038208,0.8881589770317078,0.4266262948513031,0.3932483196258545
0.4580201208591461,0.3240312337875366,0.4797570705413818,0.3107134997844696,0.4305782914161682,0.3104769587516784,0.4977388381958008,0.3185648024082184,0.4064127504825592,0.3196412324905395,0.5567696690559387,0.3994151353836059,0.3378124237060547,0.4050382971763611,0.6884709000587463,0.401905745267868,0.1881406605243683,0.4223297834396362,0.8179694414138794,0.3928416967391968,0.2085431069135666,0.3300101459026336,0.5208466053009033,0.6218241453170776,0.4032699465751648,0.6280855536460876,0.5280947685241699,0.7527512311935425,0.4183427393436432,0.7630078196525574,0.5537360906600952,0.8584516644477844,0.4421870112419128,0.8635892271995544,0.4472910463809967,0.4022267162799835
0.4839335083961487,0.334842175245285,0.5010346174240112,0.3213878571987152,0.4561749100685119,0.319728285074234,0.5168731808662415,0.3284969627857208,0.4308359026908874,0.3285936415195465,0.5823944807052612,0.4017865359783172,0.359488695859909,0.4110839962959289,0.7170735597610474,0.4096815884113312,0.2191471755504608,0.4349493086338043,0.8467420339584351,0.3966463804244995,0.2357663810253143,0.3415136337280273,0.5543131828308105,0.6293668746948242,0.4318402707576751,0.6373602151870728,0.5534212589263916,0.7567075490951538,0.4443060755729675,0.7666040062904358,0.5754561424255371,0.8570905327796936,0.4665958285331726,0.8654760718345642,0.4709415882825851,0.4064352661371231
0.4722213745117187,0.3450886607170105,0.4895737767219543,0.3311372995376587,0.4458684921264648,0.3309334516525268,0.506353497505188,0.3386530876159668,0.4222192764282226,0.3399352729320526,0.5694986581802368,0.4126120209693908,0.3504685759544372,0.4180511236190796,0.7005070447921753,0.4224030673503876,0.2121531665325164,0.4347451329231262,0.8313309550285339,0.4097754061222076,0.2284944951534271,0.3465637266635895,0.5326666235923767,0.6349175572395325,0.4146221578121185,0.6398065686225891,0.5303320288658142,0.7632875442504883,0.4245853424072265,0.7679280042648315,0.5550926923751831,0.8677392601966858,0.4445585608482361,0.8712083697319031,0.459983617067337,0.4153315722942352
0.4684086740016937,0.349403977394104,0.486755907535553,0.3359366059303283,0.4441370069980621,0.3343607783317566,0.5030050277709961,0.3433836698532104,0.4202109277248382,0.3417742550373077,0.5612239241600037,0.4146055281162262,0.3450238704681396,0.4168540835380554,0.6923221349716187,0.4230663180351257,0.2095931321382522,0.4337729811668396,0.8141749501228333,0.4150252342224121,0.2332873791456222,0.3483781218528747,0.5172609090805054,0.6324752569198608,0.4008820056915283,0.6372588276863098,0.518218457698822,0.7564226984977722,0.4083468317985534,0.7681110501289368,0.5372917652130127,0.8642435669898987,0.4267880320549011,0.86515212059021,0.4531238973140716,0.4157298058271408
0.473592460155487,0.3633569777011871,0.4909842908382416,0.349283903837204,0.4471370577812195,0.3491916060447693,0.5062130093574524,0.356376588344574,0.4234110713005066,0.3579626679420471,0.5676567554473877,0.4307618141174316,0.349373310804367,0.435072124004364,0.6935243010520935,0.4396392703056335,0.2073263674974441,0.4525854289531708,0.8215113878250122,0.4293648898601532,0.232221320271492,0.3633984625339508,0.523712158203125,0.650852382183075,0.405738353729248,0.6558536887168884,0.5219719409942627,0.7806389331817627,0.4137196540832519,0.7861676812171936,0.5391747951507568,0.8861833214759827,0.4359604716300964,0.8902013301849365,0.4585150331258774,0.4329169690608978
0.4596400260925293,0.3436611890792846,0.4773362278938293,0.328475683927536,0.4315928816795349,0.3275150060653686,0.4938257336616516,0.3366917967796325,0.4035813212394714,0.3358944356441498,0.5606774687767029,0.4174626469612121,0.3188347816467285,0.4217768907546997,0.6937873363494873,0.4285212159156799,0.1693961918354034,0.4428197145462036,0.8296192288398743,0.4120729267597198,0.1993593424558639,0.3455022275447845,0.5148360133171082,0.6591537594795227,0.3825125396251678,0.6664825677871704,0.5186880826950073,0.7969614863395691,0.3920162916183471,0.8199871778488159,0.5312744379043579,0.9130173325538636,0.4110937714576721,0.9254998564720154,0.4397561252117157,0.4196197688579559
0.4670330882072449,0.3012167811393738,0.4845606684684753,0.2854836285114288,0.4366421699523926,0.2844454944133758,0.4997811913490295,0.2932721674442291,0.4070192873477936,0.2942701578140259,0.5632468461990356,0.3759426474571228,0.3207321166992187,0.3783327341079712,0.6978984475135803,0.3866213262081146,0.1599196195602417,0.3927607834339142,0.8350048065185547,0.3739503026008606,0.1961134076118469,0.2939860224723816,0.5141647458076477,0.6212596893310547,0.3817066550254822,0.6262480020523071,0.505035400390625,0.7641683220863342,0.3868672251701355,0.7734634280204773,0.5198926329612732,0.8791049718856812,0.4072722792625427,0.8814486265182495,0.4419894814491272,0.377137690782547
0.4887780547142029,0.3191261291503906,0.503740131855011,0.3050115406513214,0.4595287442207336,0.3022222816944122,0.5095802545547485,0.3121258616447449,0.4235603213310241,0.3110536932945251,0.5611867904663086,0.3979923129081726,0.3287731409072876,0.3937937617301941,0.6901782751083374,0.4089765846729278,0.172809898853302,0.4038961827754974,0.8260543942451477,0.3988106846809387,0.2167821228504181,0.3079096376895904,0.4969411790370941,0.6314183473587036,0.3726113736629486,0.6322265863418579,0.4889976978302002,0.7681239247322083,0.3664079308509826,0.7800000309944153,0.490868479013443,0.8861255645751953,0.3785281479358673,0.8874000310897827,0.4449799656867981,0.3958930373191833
0.4679024815559387,0.2987671196460724,0.4789178967475891,0.2840568721294403,0.4401877522468567,0.2818580567836761,0.4823766350746155,0.2908748388290405,0.4030733704566955,0.2894118428230285,0.5406697988510132,0.3693133294582367,0.3115266859531402,0.369668185710907,0.6660029292106628,0.3826986849308014,0.1668470501899719,0.385441780090332,0.7900401949882507,0.3724150061607361,0.2059150040149688,0.2912057042121887,0.4897724092006683,0.5955650210380554,0.3698686957359314,0.6004838943481445,0.4813906550407409,0.7245407700538635,0.3672404587268829,0.7396491765975952,0.4894879460334778,0.8395335674285889,0.3775006830692291,0.8447877168655396,0.4260982424020767,0.3694907575845718
0.4603284001350403,0.2928878664970398,0.473699152469635,0.2785433828830719,0.4312693476676941,0.2774582505226135,0.4813681244850158,0.2853777110576629,0.3986450433731079,0.2856498956680298,0.5331102609634399,0.3600911498069763,0.3152481019496918,0.3589423298835754,0.6508076190948486,0.3716068863868713,0.1749684661626815,0.3710417151451111,0.7713738083839417,0.3634604811668396,0.2131406962871551,0.2806188762187958,0.4801365733146667,0.576772153377533,0.3643498718738556,0.5802198052406311,0.4736683964729309,0.7036401033401489,0.358516126871109,0.7158445119857788,0.4770114421844482,0.8116231560707092,0.3744314908981323,0.8160196542739868,0.4241791814565658,0.3595167398452759
0.4533505439758301,0.3362766802310943,0.4648277759552002,0.3220179378986358,0.4251231551170349,0.3213105797767639,0.4727966785430908,0.3279125392436981,0.3956257998943329,0.3279139399528503,0.5235466957092285,0.4000266492366791,0.3117993772029876,0.398969829082489,0.6381345987319946,0.4100065231323242,0.1723812371492386,0.4104556441307068,0.7476233243942261,0.4035846889019012,0.2195969820022583,0.3217884302139282,0.4702212214469909,0.6141346096992493,0.356965035200119,0.6171026825904846,0.4624482095241546,0.7368119359016418,0.3518239557743072,0.7505024671554565,0.4618325233459472,0.8473250269889832,0.3618015944957733,0.8552504777908325,0.4176730364561081,0.399498239159584
0.4701057076454162,0.3593210875988006,0.4816027581691742,0.3460153043270111,0.4435268044471741,0.3450321555137634,0.4882343411445617,0.3515130877494812,0.4133888781070709,0.3525101542472839,0.5368609428405762,0.4196053147315979,0.3390792608261108,0.4226963818073272,0.6421376466751099,0.4298981428146362,0.209289401769638,0.4371071457862854,0.7509366273880005,0.4188859164714813,0.2453041523694992,0.3534700274467468,0.4961875975131988,0.622606635093689,0.3902406394481659,0.6272173523902893,0.4957183003425598,0.7420549988746643,0.3913353681564331,0.7595897912979126,0.4985229074954986,0.8519300222396851,0.4029659628868103,0.860324501991272,0.4379701018333435,0.4211508482694626
0.4915621876716614,0.3554434180259704,0.5044267773628235,0.3438751101493835,0.4674503207206726,0.3425492346286773,0.5100677609443665,0.3495246171951294,0.4399599432945251,0.349575787782669,0.5560846328735352,0.4158994555473327,0.3663730919361114,0.4179152250289917,0.6530664563179016,0.4231255352497101,0.2406187504529953,0.4269822835922241,0.7567822933197021,0.4133103489875793,0.27702796459198,0.3489110767841339,0.5157372355461121,0.6025974154472351,0.4147269129753113,0.6049523949623108,0.5119335055351257,0.715778648853302,0.4136472344398498,0.7262389063835144,0.51610267162323,0.82117760181427,0.4262608587741852,0.8233822584152222,0.4612288624048233,0.4169073402881622
0.4923611581325531,0.385197639465332,0.504416286945343,0.3733902871608734,0.4686987996101379,0.372189998626709,0.5127576589584351,0.3796806335449219,0.4431700110435486,0.3786430656909942,0.5555194616317749,0.4454898834228515,0.3673804998397827,0.4423448741436004,0.656010091304779,0.4536124169826507,0.2451662570238113,0.4509312510490417,0.7588654160499573,0.4451842904090881,0.2853929996490478,0.3759918808937073,0.5045336484909058,0.6309674978256226,0.4050006866455078,0.6314651370048523,0.4983487725257873,0.7425259351730347,0.39775151014328,0.7530494928359985,0.4964073598384857,0.8452550768852234,0.4064722657203674,0.8467298746109009,0.4614499807357788,0.443917378783226
0.4973285794258117,0.3810366690158844,0.5074189901351929,0.369353175163269,0.4734473824501037,0.3683151006698608,0.5153703093528748,0.3756681084632873,0.4482377171516418,0.3751256167888641,0.5622441172599792,0.4405640363693237,0.3724169433116913,0.4417709112167358,0.6644689440727234,0.4470296800136566,0.2517773807048797,0.4504344165325165,0.7688642144203186,0.4365505576133728,0.2879997491836548,0.3718678653240204,0.5178302526473999,0.6278201937675476,0.4170271456241607,0.6294933557510376,0.5170583128929138,0.7405868768692017,0.4156967997550964,0.7513002753257751,0.52066570520401,0.8411790132522583,0.4280807077884674,0.8431001901626587,0.4673305302858352,0.4411674737930298
0.4739935994148254,0.4046539068222046,0.4877363741397857,0.3921232223510742,0.4502225518226623,0.3900922536849975,0.4989637434482574,0.3993207514286041,0.4244956970214844,0.39652219414711,0.5465816855430603,0.4676322340965271,0.3423373103141784,0.4646934270858764,0.653833270072937,0.4781916737556457,0.2169510871171951,0.474183976650238,0.767074704170227,0.4678679704666137,0.2514164447784424,0.3944218456745147,0.4909480214118957,0.6693239212036133,0.383480966091156,0.6704328060150146,0.4835945665836334,0.7862864136695862,0.3748659789562225,0.8013808131217957,0.4852684140205383,0.8910267949104309,0.3826979696750641,0.8943309783935547,0.4444594979286194,0.4661628305912018
0.4500913023948669,0.3931176364421844,0.4645327627658844,0.3797385394573211,0.4262205064296722,0.3773386776447296,0.4758268892765045,0.3865762948989868,0.3995458781719208,0.3832784593105316,0.5307582020759583,0.4577500522136688,0.315336525440216,0.4577639997005462,0.6462516188621521,0.4700806438922882,0.1772909164428711,0.4699601531028747,0.7646687030792236,0.4575145840644836,0.2186286151409149,0.3830839991569519,0.4744818806648254,0.6700146198272705,0.3595888316631317,0.6726049780845642,0.4682345986366272,0.7940269112586975,0.3542674481868744,0.808414101600647,0.4742828011512756,0.9016533493995668,0.3655138313770294,0.9063516855239868,0.4230473637580871,0.4577570259571075
0.4446176588535309,0.3907952010631561,0.464006245136261,0.3773872256278991,0.4224923253059387,0.3744790256023407,0.4782044887542724,0.3844208419322967,0.3975173830986023,0.3800816535949707,0.5320472121238708,0.4591718912124634,0.3096883893013,0.4532007277011871,0.6576756238937378,0.4728153347969055,0.1699243634939193,0.4644632041454315,0.7846770286560059,0.4631939530372619,0.2061524093151092,0.377234935760498,0.4652982652187347,0.6783468723297119,0.3450583517551422,0.677595317363739,0.4539615213871002,0.8115785121917725,0.3393015265464782,0.8173424005508423,0.4607046544551849,0.9161453247070312,0.3479521870613098,0.9173614978790284,0.4208678007125854,0.4561863094568252
0.4380705952644348,0.3661628663539886,0.4568482935428619,0.3510275185108185,0.4119931161403656,0.3481905162334442,0.4727144241333008,0.3582445085048675,0.3851099014282226,0.355532169342041,0.5277053713798523,0.4378808736801147,0.2971315085887909,0.4320918321609497,0.6566540002822876,0.4520297050476074,0.1558905094861984,0.4450607895851135,0.7880929708480835,0.4396163523197174,0.1913392692804336,0.350198894739151,0.4619542062282562,0.6651449799537659,0.3387751877307892,0.6659191846847534,0.4516691565513611,0.7872224450111389,0.3379449546337127,0.7984759211540222,0.4627949595451355,0.8903306126594543,0.3476386368274688,0.894147515296936,0.4124184399843216,0.4349863529205322
0.4240269064903259,0.3358082473278045,0.4470140933990478,0.3206296265125274,0.3994737267494201,0.3182894587516784,0.4661991000175476,0.3294995427131653,0.3739226162433624,0.3267480432987213,0.52873694896698,0.4118235409259796,0.2885121703147888,0.4043793380260467,0.663730263710022,0.4274636805057525,0.1368964910507202,0.4220961928367615,0.8055065870285034,0.4155247509479522,0.168205514550209,0.323203295469284,0.4649334847927093,0.6475875973701477,0.3360933363437652,0.6479353308677673,0.4541735053062439,0.7755333185195923,0.3354635536670685,0.7777685523033142,0.4677846431732178,0.8862140774726868,0.3478843569755554,0.884263277053833,0.4086245596408844,0.4081014394760132
0.4600512385368347,0.3117941915988922,0.4827709794044494,0.2965279817581177,0.4331401884555816,0.2928392589092254,0.5021819472312927,0.306183785200119,0.4034284651279449,0.3007271587848663,0.5651504397392273,0.3937535881996155,0.3127126693725586,0.3872707486152649,0.7129121422767639,0.4078325629234314,0.1622805595397949,0.4026186764240265,0.8641843795776367,0.3945309817790985,0.1882106661796569,0.3021873235702514,0.4985929131507873,0.6406834125518799,0.3634442389011383,0.6408004760742188,0.4797152876853943,0.7765377759933472,0.3616690933704376,0.7774520516395569,0.4953881204128265,0.8890926241874695,0.372812420129776,0.8907879590988159,0.4389315545558929,0.3905121684074402
0.4413540959358215,0.3310510218143463,0.4650460183620453,0.3160619437694549,0.4160912930965423,0.314075767993927,0.4841680526733398,0.3244797587394714,0.3918128907680511,0.3219002187252044,0.5498291254043579,0.4065948128700256,0.3053832054138183,0.4017114043235779,0.6987224817276001,0.4200851321220398,0.1573600471019745,0.4183565974235534,0.8455657958984375,0.4074462056159973,0.1871763169765472,0.321584016084671,0.489033043384552,0.6446110606193542,0.3520933389663696,0.6462088823318481,0.4818289279937744,0.7798812389373779,0.3595151901245117,0.788162112236023,0.4997922778129577,0.8995000123977661,0.3778660595417022,0.9000288248062134,0.4276061654090881,0.4041531085968017
0.4436463415622711,0.3322253227233886,0.4694363474845886,0.3174963891506195,0.4204257428646087,0.3138748407363891,0.4880406260490417,0.3260367810726166,0.396617442369461,0.3211732506752014,0.552761435508728,0.4086234271526336,0.3074653744697571,0.4023443460464477,0.6997311115264893,0.4197380244731903,0.1604537665843963,0.4211190938949585,0.8459395170211792,0.4085899293422699,0.1867019385099411,0.3257280588150024,0.4912695288658142,0.6460198163986206,0.3555624485015869,0.6472812294960022,0.4844709038734436,0.7834196090698242,0.36082923412323,0.7882751226425171,0.5012582540512085,0.9008992910385132,0.3785260915756225,0.8984681963920593,0.4301134049892425,0.4054838865995407
0.4495433866977691,0.3311040103435516,0.4746958613395691,0.3151374161243438,0.4245836138725281,0.3128399848937988,0.4929258823394775,0.324533462524414,0.4000770151615143,0.3220438659191131,0.5581942796707153,0.4091510772705078,0.3125515878200531,0.4022190868854522,0.7034937143325806,0.4232406616210937,0.1622321605682373,0.4221256375312805,0.8486074209213257,0.411977469921112,0.192776009440422,0.3285008370876312,0.493278443813324,0.6500376462936401,0.35906982421875,0.6500173211097717,0.4886139035224914,0.7878992557525635,0.362714946269989,0.7894794344902039,0.5020414590835571,0.9012126326560974,0.3765862286090851,0.8982610106468201,0.4353729337453842,0.40568508207798
0.4560441076755523,0.3367039561271667,0.4774108529090881,0.3214491605758667,0.4298361837863922,0.3185157477855682,0.4949133992195129,0.3312954604625702,0.4009240567684173,0.3275461792945862,0.5587073564529419,0.4165929555892944,0.3134902119636535,0.411507248878479,0.6996868848800659,0.4292769432067871,0.1653821170330047,0.4292032122611999,0.8509321212768555,0.4148103594779968,0.1990594416856765,0.3315689861774444,0.4945801794528961,0.6587300896644592,0.36323282122612,0.6579862236976624,0.4868247509002685,0.793728768825531,0.3650668561458587,0.7983843684196472,0.5040954351425171,0.9056918025016784,0.3785425722599029,0.9031914472579956,0.4360987842082977,0.4140501022338867
0.4344032704830169,0.3393740355968475,0.4594496786594391,0.3248955905437469,0.411801278591156,0.3217937052249908,0.4809021353721618,0.3332090377807617,0.3876246511936188,0.3284139335155487,0.5456138849258423,0.4140560925006866,0.3032009899616241,0.4096145331859588,0.6922464370727539,0.4244518280029297,0.1548128426074981,0.428425520658493,0.833023190498352,0.4135424494743347,0.1845779120922088,0.3309382200241089,0.4834120273590088,0.6537533402442932,0.3492666780948639,0.6553820371627808,0.4789444506168365,0.7905807495117188,0.3539985120296478,0.7978878021240234,0.4981782436370849,0.9077199697494508,0.3668857514858246,0.9066399335861206,0.4244074374437332,0.4118353128433227
0.4483486115932464,0.3287564218044281,0.4681269526481628,0.3134725987911224,0.4215783178806305,0.3100658655166626,0.4840605854988098,0.3215796053409576,0.3903473913669586,0.316779226064682,0.546413242816925,0.4035107791423797,0.3016782104969024,0.3974480330944061,0.6898669600486755,0.4168352484703064,0.154503732919693,0.4132785201072693,0.8346151113510132,0.4056195616722107,0.1918336600065231,0.3160302340984344,0.4804549217224121,0.6470273733139038,0.3496030271053314,0.6467375159263611,0.4742171168327331,0.7804152965545654,0.3529043793678283,0.77985680103302,0.491478681564331,0.8888177871704102,0.3652700185775757,0.886896550655365,0.4240457266569137,0.4004794061183929
0.4558020532131195,0.3199674487113952,0.4770471453666687,0.3056861162185669,0.4298725128173828,0.3015309870243072,0.494242250919342,0.314626008272171,0.4011922776699066,0.3090543150901794,0.5558137893676758,0.3990693688392639,0.3118454217910766,0.391054630279541,0.6978825330734253,0.4138094484806061,0.1658600568771362,0.4072352051734924,0.839856743812561,0.4022977948188782,0.1980010122060775,0.313458502292633,0.4867467880249023,0.6356555819511414,0.3565953969955444,0.63530433177948,0.4770823121070862,0.7726278305053711,0.35911825299263,0.7758776545524597,0.49355548620224,0.8826822638511658,0.3700046241283417,0.8847671747207642,0.4338296055793762,0.3950619995594024
0.4322710931301117,0.2922312319278717,0.4546438157558441,0.2774248123168945,0.4060743749141693,0.2758378684520721,0.4756849408149719,0.2862429618835449,0.3811238408088684,0.2841852307319641,0.5413974523544312,0.3686432242393493,0.3000020384788513,0.3668583035469055,0.6885455846786499,0.3797390758991241,0.1498841047286987,0.3794699311256408,0.8308018445968628,0.3674554526805877,0.1771581470966339,0.2838441133499145,0.4854688644409179,0.6062947511672974,0.3537083864212036,0.6089437007904053,0.4798550009727478,0.7393404245376587,0.3599327504634857,0.7449467778205872,0.4968699812889099,0.8484896421432495,0.379807710647583,0.8509604930877686,0.4206997454166412,0.3677507638931274
0.416631132364273,0.2870248556137085,0.4406089782714844,0.2724399268627167,0.3890056312084198,0.2707150280475616,0.4617515504360199,0.2811209857463836,0.363881766796112,0.2791010737419128,0.5318184494972229,0.3649563491344452,0.2832829058170318,0.3643557727336883,0.6857681274414062,0.3736310601234436,0.1311149299144745,0.3763001263141632,0.8335666656494141,0.3619802892208099,0.1517209708690643,0.2763647735118866,0.4765943586826324,0.61122727394104,0.340219497680664,0.6136452555656433,0.472412496805191,0.7481288909912109,0.3533344864845276,0.7490183115005493,0.4916700422763824,0.8550986051559448,0.3725280165672302,0.8579533100128174,0.4075506776571274,0.3646560609340668
0.3498220443725586,0.2657795548439026,0.3869735300540924,0.2473157942295074,0.326120913028717,0.2446778416633606,0.4170843660831451,0.2553915381431579,0.3064380288124084,0.2518693506717682,0.5055317878723145,0.3533981144428253,0.2304675281047821,0.351148247718811,0.6804579496383667,0.3634384870529175,0.0718978643417358,0.3633435666561126,0.8503702282905579,0.3449768722057342,0.0711234509944915,0.2498993873596191,0.4401969909667969,0.6289387941360474,0.2938394844532013,0.6285169124603271,0.4415192008018493,0.7760193943977356,0.3185403048992157,0.7727496027946472,0.4700216650962829,0.8845170736312866,0.3417348563671112,0.8798475861549377,0.3679996579885483,0.3522731810808182
0.3749524354934692,0.2515754997730255,0.4109953939914703,0.2353079617023468,0.3488095998764038,0.2324093282222747,0.4398402571678161,0.2472044378519058,0.331037700176239,0.2419813573360443,0.524071216583252,0.3430493175983429,0.2560570538043976,0.3420315384864807,0.6946910619735718,0.3554073274135589,0.0998482108116149,0.3588643968105316,0.8702391386032104,0.33560711145401,0.101192258298397,0.2486044764518737,0.4632894992828369,0.6165943741798401,0.3160422444343567,0.6194027662277222,0.4651969075202942,0.7690638899803162,0.337658941745758,0.7601624727249146,0.4913263916969299,0.8834909796714783,0.3622479438781738,0.8676244616508484,0.3900641351938247,0.3425404280424118
0.3827692568302154,0.2686371803283691,0.4182131886482239,0.2515725195407867,0.3588713109493255,0.2480670362710952,0.4469687342643738,0.2637114226818084,0.3409596681594848,0.2559418380260467,0.5351331233978271,0.3588466942310333,0.2671838998794555,0.3540637195110321,0.7066705226898193,0.3703997731208801,0.1206795573234558,0.3692820370197296,0.8836883306503296,0.3514901399612427,0.1164315342903137,0.2603656649589538,0.4743453860282898,0.6300897598266602,0.3308022022247314,0.6312890648841858,0.4758725762367248,0.7863378524780273,0.3507245182991028,0.7755548357963562,0.5073250532150269,0.9050077199935912,0.3736692368984222,0.8848558664321899,0.4011585116386413,0.3564552068710327
0.3749178946018219,0.2824121713638305,0.4097389280796051,0.2656371593475342,0.3501826822757721,0.2636630833148956,0.4415075182914734,0.2762312889099121,0.3358147144317627,0.2722770273685455,0.535441517829895,0.3700246810913086,0.2655212879180908,0.3725082576274872,0.7107536792755127,0.3795320391654968,0.1185951456427574,0.3847213983535766,0.8807836771011353,0.3581174314022064,0.1203674674034118,0.2794801294803619,0.4763118624687195,0.6427825093269348,0.3282522857189178,0.6466492414474487,0.477276474237442,0.8020997643470764,0.3542455434799194,0.7936493754386902,0.519657552242279,0.9244219064712524,0.3788551092147827,0.9006198644638062,0.4004814028739929,0.3712664693593979
0.356334388256073,0.287248820066452,0.394068956375122,0.2701143324375152,0.3364382982254028,0.2688629031181335,0.4279411435127258,0.2820160090923309,0.3284094333648681,0.2783499360084533,0.5212661027908325,0.3753242194652557,0.257645845413208,0.3743056058883667,0.6885553002357483,0.3880820572376251,0.1172696128487587,0.3860771358013153,0.8606355786323547,0.3667612075805664,0.11306943744421,0.2829621136188507,0.4594324231147766,0.6415078043937683,0.3152413964271545,0.6432942748069763,0.4585169851779938,0.7996823787689209,0.3351465761661529,0.7857267260551453,0.496466726064682,0.921538233757019,0.3641827404499054,0.8986780643463135,0.3894559741020202,0.3748149126768112
0.3431837260723114,0.2872013747692108,0.3798266053199768,0.2705326974391937,0.3316300809383392,0.2683204710483551,0.4181078970432281,0.2818314731121063,0.3297516703605652,0.2762919068336487,0.5071045160293579,0.3710635900497436,0.260475754737854,0.3640592396259308,0.6661562919616699,0.3817632496356964,0.1294486224651336,0.370506227016449,0.8344498872756958,0.3645828366279602,0.1271112263202667,0.2743427455425262,0.4459848999977112,0.6268719434738159,0.3101321160793304,0.6274648308753967,0.4517982602119446,0.7773734331130981,0.328848659992218,0.7564672827720642,0.4871516823768616,0.88156658411026,0.3584233224391937,0.8660558462142944,0.3837901353836059,0.3675614148378372
0.3395498991012573,0.2853942811489105,0.3740016222000122,0.2685656249523163,0.3283172249794006,0.2650585174560547,0.4084888100624084,0.2785905003547668,0.3249422013759613,0.2726287841796875,0.4963175654411316,0.3677177131175995,0.254654049873352,0.3623561263084411,0.6501089334487915,0.3775296211242676,0.1349745690822601,0.369010865688324,0.8067456483840942,0.3578172922134399,0.1319115906953811,0.2720030844211578,0.4371817708015442,0.6072036027908325,0.3078175485134125,0.6083465218544006,0.4425809979438782,0.750117301940918,0.3255462348461151,0.7342237830162048,0.4740889072418213,0.8567232489585876,0.3600644469261169,0.8383840918540955,0.3754858076572418,0.3650369197130203
0.3497406542301178,0.2939357161521911,0.3846129477024078,0.2782200872898102,0.3410215675830841,0.2751038372516632,0.4194891452789306,0.2879520654678345,0.3390263319015503,0.2831999361515045,0.5069239139556885,0.3766518235206604,0.2717127501964569,0.3711207211017608,0.658500075340271,0.3854341506958008,0.149752989411354,0.3753610849380493,0.8184734582901001,0.3662675321102142,0.1453070342540741,0.2846081554889679,0.4460806250572204,0.6184173226356506,0.3198107779026031,0.6183585524559021,0.4532589018344879,0.7571532726287842,0.3375022709369659,0.7418636679649353,0.4894833564758301,0.8634008169174194,0.3674352169036865,0.8450746536254883,0.3893183320760727,0.3738862723112106
0.3664635717868805,0.3064306676387787,0.3996277451515198,0.2891876995563507,0.3547958433628082,0.2868848741054535,0.4335957467556,0.2994546592235565,0.3502158522605896,0.2950142025947571,0.5186939835548401,0.3861874043941498,0.2904437184333801,0.3793274164199829,0.6667836904525757,0.4002504348754883,0.1669369786977768,0.388142466545105,0.824903130531311,0.3846932053565979,0.1598508805036544,0.3013173341751098,0.4564037919044494,0.6276776790618896,0.3281134963035583,0.6259618997573853,0.4584228992462158,0.7661958336830139,0.3424871563911438,0.7508470416069031,0.4897690713405609,0.8727659583091736,0.3675701022148132,0.8531509041786194,0.4045688509941101,0.3827574104070663
0.3916233777999878,0.3146899938583374,0.4248489737510681,0.2988772988319397,0.3788747787475586,0.2956103682518005,0.4566429257392883,0.3092213869094848,0.3737086355686188,0.3028880059719085,0.5391155481338501,0.397035002708435,0.3087496161460876,0.3858671188354492,0.6857031583786011,0.4123824536800384,0.1859958171844482,0.3924950361251831,0.8415985107421875,0.3959551453590393,0.18655826151371,0.297705590724945,0.4657681882381439,0.6318433880805969,0.3384085595607757,0.6285187602043152,0.4629141688346863,0.7732682824134827,0.3475631177425384,0.7531532645225525,0.4883610606193542,0.8800025582313538,0.369964450597763,0.8572807312011719,0.4239325821399688,0.3914510607719421
0.3744508326053619,0.3148652613162994,0.4108661711215973,0.2999380528926849,0.3673549890518188,0.2958759665489197,0.4443674981594085,0.3123117685317993,0.363493412733078,0.3033690750598907,0.5199425220489502,0.4021206200122833,0.2849741578102112,0.3872683346271515,0.6702529191970825,0.4177158176898956,0.1613088995218277,0.387697696685791,0.8317878842353821,0.406343400478363,0.1694287061691284,0.298503428697586,0.4421793818473816,0.6393497586250305,0.3166401386260986,0.6348944306373596,0.4333730638027191,0.7760957479476929,0.3187656998634338,0.7613027691841125,0.4563660025596618,0.8864527940750122,0.3368743062019348,0.8681989908218384,0.4024583399295807,0.3946944773197174
0.3972030282020569,0.3236511647701263,0.4335371553897857,0.3094818294048309,0.3811029493808746,0.3056359589099884,0.4631422162055969,0.319161981344223,0.3717866539955139,0.3107102811336517,0.5358022451400757,0.4113007187843323,0.2920857965946197,0.3932455778121948,0.6894805431365967,0.4288125932216644,0.1559632122516632,0.3977397680282593,0.8521316647529602,0.4179626703262329,0.1724816113710403,0.3031072318553924,0.4495739340782165,0.6611035466194153,0.3169408440589905,0.6548786163330078,0.441082090139389,0.803346574306488,0.3226805031299591,0.7848815321922302,0.4614235460758209,0.9110327959060668,0.3364724814891815,0.8864803314208984,0.4139440208673477,0.4022731482982635
0.4237934052944183,0.3114551901817322,0.4600041508674621,0.296111911535263,0.4056506156921386,0.2921883165836334,0.4889211654663086,0.3059452176094055,0.3913034498691559,0.2990075945854187,0.5652370452880859,0.4013031721115112,0.3120698034763336,0.3859517276287079,0.7250274419784546,0.4188903272151947,0.166136160492897,0.3910128176212311,0.8906387090682983,0.4064211845397949,0.1855235248804092,0.2947172522544861,0.4787465035915375,0.660094141960144,0.3426418900489807,0.6535555720329285,0.4700043797492981,0.8070011138916016,0.3484260737895965,0.787676215171814,0.4934183061122894,0.9161899089813232,0.3654042184352875,0.8907216787338257,0.4386534243822098,0.3936274498701095
0.5451331734657288,0.3646454513072967,0.5607385039329529,0.3560237884521484,0.5304527282714844,0.3497108817100525,0.5715048313140869,0.3634808957576751,0.5058367848396301,0.3522650599479675,0.5971821546554565,0.4192713797092438,0.4340344071388244,0.4035223722457886,0.6843276023864746,0.4435896873474121,0.3231327533721924,0.3863095641136169,0.791897177696228,0.4501746892929077,0.3746224045753479,0.3168493211269378,0.5474041104316711,0.5962812304496765,0.4590564668178558,0.5942311882972717,0.540479838848114,0.7177284955978394,0.455560028553009,0.7221721410751343,0.5348722338676453,0.8213737607002258,0.4633095860481262,0.8262077569961548,0.5156082808971405,0.4113968759775162
0.5635318756103516,0.3672209978103637,0.5747762322425842,0.3581861853599548,0.5492964386940002,0.3520721197128296,0.5752782225608826,0.362418532371521,0.5154929161071777,0.3538189530372619,0.6013922691345215,0.4204252958297729,0.4329100549221039,0.4049281179904938,0.6900859475135803,0.4439095556735992,0.3207961320877075,0.3928706049919128,0.799671471118927,0.4488949179649353,0.3697344958782196,0.3210219442844391,0.5578023195266724,0.6007031202316284,0.4659760594367981,0.6021878123283386,0.5515556931495667,0.7214862108230591,0.4657123684883117,0.7266788482666016,0.5471867918968201,0.8242312073707581,0.4769579470157623,0.8260538578033447,0.5171511620283127,0.4126767069101333
0.5817049741744995,0.366637110710144,0.5907832980155945,0.3562880754470825,0.566321074962616,0.351713478565216,0.5881737470626831,0.3605270981788635,0.5315848588943481,0.3522152602672577,0.6165869235992432,0.4163192808628082,0.4501941204071045,0.4047662019729614,0.7020256519317627,0.439272940158844,0.3365327715873718,0.3936989605426788,0.8129021525382996,0.4440159201622009,0.3854980766773224,0.3222701251506805,0.5747828483581543,0.5958153605461121,0.4860242903232574,0.5971625447273254,0.5779099464416504,0.7196523547172546,0.4886090159416199,0.7235851287841797,0.5741248726844788,0.8246045708656311,0.5010119676589966,0.828910768032074,0.5333905220031738,0.4105427414178848
0.5754168033599854,0.3489040732383728,0.5841574668884277,0.3382521271705627,0.5581855177879333,0.3349105715751648,0.5818821787834167,0.3431155085563659,0.5247139930725098,0.3375195860862732,0.6115522980690002,0.4028463065624237,0.4467493891716003,0.3916820883750915,0.7032594084739685,0.4232837557792663,0.3303193151950836,0.3814543783664703,0.811797022819519,0.4293948113918304,0.3804076611995697,0.3111291229724884,0.5703874826431274,0.5790331363677979,0.4821944236755371,0.5800991058349609,0.5749096274375916,0.7079511880874634,0.4924419522285461,0.7084974646568298,0.5689568519592285,0.8115185499191284,0.5023881793022156,0.8132954835891724,0.5291508436203003,0.3972641974687576
0.5563586950302124,0.3326159119606018,0.5660877823829651,0.3217881023883819,0.5398286581039429,0.3179199993610382,0.5660076141357422,0.3262293040752411,0.5068203806877136,0.3208639323711395,0.5981392860412598,0.3845697343349457,0.4315553605556488,0.3751212954521179,0.6924211382865906,0.4038764536380768,0.3164443969726562,0.3636781573295593,0.7982356548309326,0.4089100658893585,0.3679174780845642,0.2911917865276336,0.5618584752082825,0.5643742680549622,0.4736718237400055,0.5667691826820374,0.5644961595535278,0.68867427110672,0.4805050790309906,0.69417804479599,0.5655596256256104,0.7920283079147339,0.495095819234848,0.7975041270256042,0.5148473232984543,0.3798455148935318
0.5713352560997009,0.325258731842041,0.5779145956039429,0.3112174868583679,0.5505227446556091,0.3088118135929107,0.5747877955436707,0.3154239058494568,0.5112045407295227,0.3118674457073211,0.6207968592643738,0.385903537273407,0.4239560067653656,0.375732421875,0.7234441041946411,0.4078450500965118,0.2854417562484741,0.3663448691368103,0.8556965589523315,0.4106149077415466,0.3411965072154999,0.2828657329082489,0.583544909954071,0.5991599559783936,0.4779287278652191,0.6055129766464233,0.5853303074836731,0.7364429235458374,0.4917143285274505,0.7407959699630737,0.5848192572593689,0.8604615926742554,0.5018837451934814,0.8631864190101624,0.5223764330148697,0.3808179795742035
0.5459141731262207,0.3011115491390228,0.5559711456298828,0.2871520221233368,0.5223273038864136,0.2847059965133667,0.5581502914428711,0.292183518409729,0.4831088185310364,0.2879689037799835,0.6080360412597656,0.3680700063705444,0.3946068286895752,0.3561451733112335,0.72630774974823,0.3943984806537628,0.2459827214479446,0.347871333360672,0.8684784770011902,0.3971669375896454,0.3031366467475891,0.2576262652873993,0.56517094373703,0.5987687706947327,0.4501575529575348,0.6031618118286133,0.568909227848053,0.7424529194831848,0.4634622931480407,0.7480582594871521,0.5643207430839539,0.8704032301902771,0.4748144745826721,0.8799776434898376,0.5013214349746704,0.362107589840889
0.4871054291725158,0.2777031660079956,0.4994722008705139,0.264324814081192,0.4625453054904938,0.2608070075511932,0.5038080215454102,0.2703194916248321,0.4242320954799652,0.2662600576877594,0.5514211654663086,0.3460584878921509,0.3400968313217163,0.3340004980564117,0.6660948395729065,0.3726445436477661,0.1938083469867706,0.323625385761261,0.809354305267334,0.3768289983272552,0.2540886104106903,0.2305605411529541,0.505146324634552,0.5770850777626038,0.391576886177063,0.5808212757110596,0.510552167892456,0.7298795580863953,0.3983964323997497,0.7359131574630737,0.5046191215515137,0.8544850945472717,0.4184419512748718,0.8590326309204102,0.4457589983940124,0.3400294929742813
0.460979163646698,0.2866029739379883,0.4719991087913513,0.2730658650398254,0.4376554489135742,0.2706970870494842,0.4756576418876648,0.2777922451496124,0.3991740942001343,0.2744677364826202,0.52381432056427,0.352482259273529,0.3173781633377075,0.3384222388267517,0.6388441324234009,0.3801918625831604,0.1745755225419998,0.3229019939899444,0.7838587164878845,0.3855347037315368,0.2365019023418426,0.2325735092163086,0.4735361039638519,0.582686185836792,0.3611658215522766,0.5853922367095947,0.4768063426017761,0.731454610824585,0.3700295984745025,0.7364153265953064,0.4735515713691711,0.8549919128417969,0.3843034207820892,0.860000491142273,0.4205962419509887,0.3454522490501404
0.4640420079231262,0.3190397918224334,0.475508451461792,0.3078177273273468,0.4423662722110748,0.3041085004806518,0.4818038046360016,0.3155266940593719,0.4106062948703766,0.309781551361084,0.5221298933029175,0.3818104565143585,0.3350828289985657,0.3724657297134399,0.6288930177688599,0.404794305562973,0.2085830271244049,0.3591985702514648,0.757440447807312,0.4073510766029358,0.2646456658840179,0.2778818905353546,0.4811812341213226,0.5887979865074158,0.3796836137771606,0.5919357538223267,0.4847347736358642,0.7265862226486206,0.3837403953075409,0.7309381365776062,0.4799412190914154,0.8444538712501526,0.4015238881111145,0.8487406969070435,0.4286063611507416,0.3771380931138992
0.5302085876464844,0.3256269097328186,0.5404006838798523,0.314931720495224,0.510417103767395,0.3120930790901184,0.5455852746963501,0.321596086025238,0.4822072982788086,0.3174076378345489,0.5841789245605469,0.3834174275398254,0.4125102460384369,0.37371826171875,0.683894157409668,0.4047557413578033,0.3040057420730591,0.3623353242874145,0.8025249242782593,0.408872127532959,0.3517146706581116,0.2887068688869476,0.5431976914405823,0.5711434483528137,0.4501627087593078,0.5716155171394348,0.5446822047233582,0.6991730332374573,0.454035997390747,0.7053343653678894,0.5434924960136414,0.8095901012420654,0.4694618582725525,0.8140134215354919,0.4983445852994919,0.3785678446292877
0.5979623794555664,0.3445437252521515,0.6055341958999634,0.33324134349823,0.5784747004508972,0.3317743837833404,0.6075761318206787,0.3369117975234985,0.5469618439674377,0.3343022167682647,0.6488560438156128,0.3993907570838928,0.4758433699607849,0.3900178968906402,0.7458891868591309,0.4188954532146454,0.3619040250778198,0.3795462846755981,0.8624528646469116,0.4221810698509216,0.4085816740989685,0.3073998987674713,0.6106323003768921,0.5878495573997498,0.5185028314590454,0.5906795263290405,0.614163875579834,0.7132340669631958,0.5303606390953064,0.7157183885574341,0.6124762296676636,0.8209928870201111,0.5432828068733215,0.8282923102378845,0.5623497068881989,0.3947043269872665
0.6057784557342529,0.3670359849929809,0.6147425174713135,0.3566259741783142,0.5861397385597229,0.3537507057189941,0.6177466511726379,0.3627026379108429,0.5567508339881897,0.3578241765499115,0.6549824476242065,0.4233853220939636,0.4849278926849365,0.4124123454093933,0.7531348466873169,0.4463731050491333,0.3758043050765991,0.4002592861652374,0.8641576766967773,0.449954628944397,0.4285230636596679,0.3265459239482879,0.6128968596458435,0.6099302172660828,0.5232953429222107,0.6102867722511292,0.6092820167541504,0.7364860773086548,0.5224167704582214,0.7396586537361145,0.607681393623352,0.8448985815048218,0.5325512886047363,0.8514724373817444,0.5699551701545715,0.4178988337516784
0.6421470642089844,0.3699055314064026,0.652058482170105,0.3596546351909637,0.6249626278877258,0.3568412363529205,0.6552453637123108,0.3635340929031372,0.5942713022232056,0.3580717146396637,0.6939176321029663,0.4254680871963501,0.5246906280517578,0.4127734005451202,0.7878493070602417,0.4509838819503784,0.4068967700004577,0.3983179628849029,0.9017027616500854,0.4564118087291717,0.4621908664703369,0.327949583530426,0.6468177437782288,0.6139039993286133,0.5543133616447449,0.613852858543396,0.6373591423034668,0.7380580902099609,0.5524302124977112,0.7408573627471924,0.6322990655899048,0.8477196097373962,0.5547006130218506,0.8501936197280884,0.6093041300773621,0.4191207438707351
0.608325183391571,0.384534478187561,0.6191443800926208,0.3744328320026397,0.5896703600883484,0.3707729279994964,0.6241999268531799,0.3790576159954071,0.5609586834907532,0.3737149238586426,0.6597036123275757,0.4411564469337463,0.4901096820831299,0.4282063245773315,0.7499034404754639,0.4649014472961426,0.3738313019275665,0.4131717681884765,0.8606932759284973,0.4712423384189605,0.4298512041568756,0.3430380523204803,0.6111078858375549,0.6262850165367126,0.52037513256073,0.6258113980293274,0.5987189412117004,0.7461328506469727,0.515983521938324,0.7515024542808533,0.5899117588996887,0.8576646447181702,0.5169084072113037,0.8622653484344482,0.5749066472053528,0.4346813857555389
0.6366456151008606,0.4031935036182403,0.646553099155426,0.3926956951618194,0.6210115551948547,0.3896835446357727,0.6484398245811462,0.3961573541164398,0.5902119278907776,0.390331894159317,0.680961012840271,0.4593035876750946,0.5170897841453552,0.4420300424098968,0.7728629112243652,0.4852327704429626,0.4008089005947113,0.4229841828346252,0.8855159878730774,0.4953144192695617,0.4607232213020324,0.355885773897171,0.6212177276611328,0.6432338953018188,0.5303364992141724,0.6404818296432495,0.6067805290222168,0.770544171333313,0.5225854516029358,0.7686951756477356,0.5904966592788696,0.8802987933158875,0.5190083980560303,0.8834418058395386,0.5990253984928131,0.4506668150424957
0.6385048627853394,0.3978230357170105,0.6489819288253784,0.3870004415512085,0.6223396062850952,0.3839049339294433,0.6514644026756287,0.3904860615730285,0.5920786261558533,0.3844748735427856,0.683208167552948,0.4528170228004455,0.5197203159332275,0.4371908605098724,0.7739787101745605,0.478205144405365,0.4026638865470886,0.4183476567268371,0.8886972665786743,0.4877929091453552,0.4622718691825866,0.3503096401691437,0.6270051002502441,0.6404179334640503,0.5365564823150635,0.6387404203414917,0.6173891425132751,0.7665997743606567,0.5299543142318726,0.767827033996582,0.6014273166656494,0.8746213912963867,0.5292232632637024,0.8777500987052917,0.6014642417430878,0.445003941655159
0.61248779296875,0.3741783201694488,0.6243571639060974,0.3637897074222564,0.5927252173423767,0.3601776361465454,0.631333589553833,0.3703979849815368,0.5646051168441772,0.3647207617759704,0.6643608808517456,0.4309803247451782,0.4931865334510803,0.4160279333591461,0.7586526274681091,0.4557045698165893,0.3829570114612579,0.4024497270584106,0.869654655456543,0.4622969627380371,0.4390395283699035,0.3318047225475311,0.6132417917251587,0.6171858906745911,0.5211402177810669,0.6158518195152283,0.6027737259864807,0.7404663562774658,0.5174937844276428,0.7442502975463867,0.5929171442985535,0.8495252728462219,0.5209212303161621,0.8516719341278076,0.578773707151413,0.4235041290521621
0.6163622736930847,0.3691008388996124,0.6274347901344299,0.3584474921226501,0.5969702005386353,0.3555121421813965,0.6336197257041931,0.3637217879295349,0.5691672563552856,0.3589294850826263,0.6684330105781555,0.4250115156173706,0.5013666152954102,0.4114849865436554,0.7643547654151917,0.4496740996837616,0.3854675889015198,0.396036833524704,0.8766511082649231,0.4570579528808594,0.4414095878601074,0.3267502188682556,0.6164517998695374,0.6098682880401611,0.5260968208312988,0.6093336343765259,0.6078207492828369,0.7348108887672424,0.5252768993377686,0.7339490056037903,0.5978851318359375,0.8424850106239319,0.5260277390480042,0.8461512327194214,0.5848998129367828,0.418248251080513
0.6281956434249878,0.3167684376239776,0.638714611530304,0.3054371178150177,0.6079672574996948,0.3034274280071258,0.6450930237770081,0.3109871745109558,0.5795895457267761,0.3072853684425354,0.6839408874511719,0.3754650950431824,0.5129374861717224,0.3632920682430267,0.7817755937576294,0.3984155058860779,0.3966091573238373,0.3495648205280304,0.8957861065864563,0.4049651324748993,0.4476472437381744,0.2787077128887176,0.6349279880523682,0.5636569261550903,0.5428455471992493,0.5635090470314026,0.628608763217926,0.6865490078926086,0.5442221164703369,0.6901000142097473,0.6212427616119385,0.7936776280403137,0.5479803085327148,0.79729825258255,0.5984391868114471,0.3693785816431045
0.582637369632721,0.2982699275016784,0.598530650138855,0.2865019738674164,0.5632506012916565,0.2845058143138885,0.6094989776611328,0.293311059474945,0.5397260785102844,0.2902285456657409,0.6511632800102234,0.3578003048896789,0.4732909798622131,0.3471527397632599,0.7528685331344604,0.3791694641113281,0.3585656881332397,0.3355553448200226,0.8675408363342285,0.3836345076560974,0.4079686105251312,0.2614049613475799,0.6092589497566223,0.5477271676063538,0.5136218070983887,0.5496013164520264,0.6081162095069885,0.6700910329818726,0.5200559496879578,0.6749789714813232,0.6050825119018555,0.7782521843910217,0.5319716930389404,0.7820314168930054,0.5622271299362183,0.3524765223264694
0.5184586048126221,0.3249231278896332,0.5290548205375671,0.3134661614894867,0.4967595040798187,0.3124324381351471,0.5357200503349304,0.3191653490066528,0.4682211279869079,0.3170623779296875,0.5805731415748596,0.3836460709571838,0.4035189747810364,0.3739827275276184,0.6818016767501831,0.4053837060928345,0.2819902002811432,0.3627386391162872,0.8050322532653809,0.4121844470500946,0.33154958486557,0.29086834192276,0.540569007396698,0.5773153901100159,0.443655401468277,0.5802720189094543,0.5417232513427734,0.7048822641372681,0.4547823071479797,0.7077565789222717,0.540948748588562,0.8140464425086975,0.4673623144626617,0.8195845484733582,0.492046058177948,0.3788143992424011
0.4935156404972076,0.3259160220623016,0.5105723738670349,0.3144049048423767,0.4745393395423889,0.3121350109577179,0.5234609842300415,0.3219038546085357,0.4514675736427307,0.3179993629455566,0.5656474828720093,0.3864617347717285,0.3883765339851379,0.374013215303421,0.6730329394340515,0.4091584384441376,0.2669984102249145,0.3633682131767273,0.7904993295669556,0.414379209280014,0.3175612092018127,0.2897379696369171,0.5231733322143555,0.5837274193763733,0.4263793528079986,0.58511883020401,0.524347186088562,0.715820848941803,0.4385655522346496,0.718885064125061,0.5212705731391907,0.8204817175865173,0.4473679959774017,0.8238375782966614,0.4770120084285736,0.3802374750375747
0.4411689639091491,0.2968434393405914,0.4546996057033539,0.2849791646003723,0.4187699854373932,0.2840734422206878,0.4664717316627502,0.2922768890857696,0.3940295577049255,0.2906353175640106,0.5171351432800293,0.3580623269081116,0.3299874663352966,0.3530939221382141,0.6328365206718445,0.3790053129196167,0.2053186148405075,0.3443439602851867,0.7616590857505798,0.3841569721698761,0.2517676949501037,0.2643927931785583,0.4828279614448547,0.5621269345283508,0.3824506998062134,0.5658242106437683,0.4964174628257751,0.6988554000854492,0.4008322656154632,0.7045022249221802,0.5030791759490967,0.8121145367622375,0.421891301870346,0.8164196014404297,0.4235613048076629,0.3555781245231628
0.4336755275726318,0.2892698943614959,0.4505112767219543,0.2767015099525451,0.4125034213066101,0.2742060720920563,0.4653758406639099,0.2838274240493774,0.3834753930568695,0.2810287177562713,0.5131738185882568,0.3536111712455749,0.315541923046112,0.3431563377380371,0.6311714053153992,0.3771226108074188,0.1883319020271301,0.3355043530464172,0.7683207988739014,0.3813347518444061,0.2320461720228195,0.2510116100311279,0.473548024892807,0.5661574602127075,0.3668792247772217,0.5690723061561584,0.4810828566551208,0.7013118267059326,0.3845891058444977,0.7089102268218994,0.486731618642807,0.8236015439033508,0.4015799164772033,0.8291875123977661,0.4143578708171844,0.348383754491806
0.4087938368320465,0.2798353731632232,0.4247849583625793,0.2664239406585693,0.3848630785942077,0.2648409008979797,0.4372239708900451,0.2748905420303345,0.3551886677742004,0.2727804481983185,0.489108145236969,0.3509494960308075,0.2822165787220001,0.3378499150276184,0.6093736290931702,0.3770155906677246,0.1457862555980682,0.3269187808036804,0.7542631030082703,0.3848105669021606,0.1993957310914993,0.2399588972330093,0.4445022940635681,0.572492778301239,0.332516074180603,0.5756792426109314,0.4530283510684967,0.7173078656196594,0.3479925394058227,0.7222182750701904,0.4511900842189789,0.838135302066803,0.3664933741092682,0.8431378602981567,0.3856623619794845,0.3443997055292129
0.4099755883216858,0.3156612813472748,0.4285233616828918,0.3022571206092834,0.3860791027545929,0.3003321290016174,0.4428656697273254,0.3098809421062469,0.3561091721057892,0.3076888918876648,0.4964518547058105,0.3871968984603882,0.283462643623352,0.3732170760631561,0.6181035041809082,0.4145494103431701,0.1509298831224441,0.3626978099346161,0.7695083618164062,0.4244060516357422,0.2003692835569381,0.2723009288311004,0.4442697465419769,0.6172020435333252,0.3281707763671875,0.6174330115318298,0.4471080899238586,0.7634581327438354,0.3376699686050415,0.7671518325805664,0.4512732923030853,0.894230842590332,0.3542794287204742,0.8938310146331787,0.3899572491645813,0.3802069872617721
0.3927901089191437,0.3090002238750458,0.4162617623806,0.2941131591796875,0.3691538572311401,0.2926670610904693,0.4338050782680511,0.3030011355876922,0.3467700779438019,0.3001659214496612,0.493703544139862,0.3870824575424194,0.2717276215553283,0.3704409599304199,0.6238685846328735,0.4140222668647766,0.1395907998085022,0.3618292808532715,0.7829993963241577,0.4240122735500335,0.1805387586355209,0.2694067656993866,0.4391001760959625,0.6233160495758057,0.3176747560501098,0.6238065361976624,0.4439983963966369,0.7801227569580078,0.328349769115448,0.7789633274078369,0.4482085108757019,0.90986305475235,0.3435916006565094,0.9094440937042236,0.3827155828475952,0.3787617087364197
0.3299969434738159,0.2712431252002716,0.3555982112884521,0.2547511458396911,0.3081116676330566,0.2547193765640259,0.3773329257965088,0.2600070536136627,0.2854770720005035,0.2594978809356689,0.4505868554115295,0.346006840467453,0.2188292741775512,0.3382719755172729,0.5915484428405762,0.3678174912929535,0.0819225311279296,0.3321300148963928,0.7540737390518188,0.3694504797458648,0.1162805408239364,0.2310240268707275,0.4078222215175628,0.5895389914512634,0.281908631324768,0.5962283611297607,0.4284111857414245,0.7503761053085327,0.3110130727291107,0.7544175386428833,0.4460031390190124,0.880666196346283,0.3410229086875915,0.878783106803894,0.3347080647945404,0.342139407992363
0.4031109809875488,0.2954403758049011,0.4291362166404724,0.2790767848491668,0.3831123113632202,0.2785929143428802,0.4520151019096374,0.284105122089386,0.3603304624557495,0.2826621830463409,0.518952488899231,0.3670634627342224,0.29450124502182,0.3559379279613495,0.6576297879219055,0.3907547891139984,0.1610501408576965,0.3522713482379913,0.8191609382629395,0.3970516324043274,0.197547435760498,0.2573038041591644,0.4654422700405121,0.6108736395835876,0.3425478935241699,0.6122320294380188,0.478489488363266,0.7680819630622864,0.3656842708587646,0.7681605815887451,0.4954583048820495,0.9041564464569092,0.3918251097202301,0.9035922288894652,0.4067268669605255,0.3615006953477859
0.3834820389747619,0.3115693926811218,0.4105803072452545,0.2976932525634765,0.3651001453399658,0.2940818071365356,0.4341135025024414,0.3061905205249786,0.3466138243675232,0.2996381819248199,0.4950145781040191,0.3892631530761719,0.2736043035984039,0.3666123151779175,0.6338158845901489,0.4220495522022247,0.1571477353572845,0.3579254746437073,0.7990772724151611,0.4365794360637665,0.1989262998104095,0.2652457058429718,0.4188758432865143,0.6221948266029358,0.2967330813407898,0.6194449663162231,0.4144536554813385,0.7850782871246338,0.3032981157302856,0.781234622001648,0.4196980595588684,0.9166118502616882,0.3158416152000427,0.9059219360351562,0.3843094408512115,0.3779377341270447
0.3795079588890075,0.2998889684677124,0.405142605304718,0.2858850061893463,0.3613508939743042,0.2839322388172149,0.4276514649391174,0.2944119870662689,0.3458967208862304,0.2897130846977234,0.4908215403556824,0.3756993412971496,0.2787537276744842,0.3557963073253631,0.6293459534645081,0.4036223590373993,0.171724185347557,0.3526256680488586,0.7864069938659668,0.4167630076408386,0.2070802450180053,0.2627266049385071,0.4242441058158874,0.6002968549728394,0.3085610568523407,0.5978695750236511,0.4306450486183166,0.7543764114379883,0.3254657387733459,0.7481533288955688,0.4429953694343567,0.8792819976806641,0.3477557003498077,0.8741264343261719,0.3847876340150833,0.3657478243112564
0.3986101448535919,0.256243497133255,0.4215327799320221,0.2432867586612701,0.3820280432701111,0.2419817447662353,0.4455967545509338,0.2518994510173797,0.3662937581539154,0.2493547052145004,0.5077323913574219,0.328654021024704,0.3064693510532379,0.3108049035072326,0.6425079703330994,0.3590513467788696,0.204058289527893,0.3047719299793243,0.7954411506652832,0.3726838827133178,0.236539676785469,0.2192513048648834,0.4422944188117981,0.5475870370864868,0.3306181728839874,0.5442627668380737,0.4486766755580902,0.6963990926742554,0.3478313684463501,0.6918531656265259,0.4559043347835541,0.8197345733642578,0.3680431246757507,0.8092707991600037,0.4071008712053299,0.3197294622659683
0.3807158172130584,0.337518572807312,0.4068914353847503,0.3253918886184692,0.3705363869667053,0.3220957815647125,0.434891939163208,0.3314684927463531,0.3677752912044525,0.3256594538688659,0.4949893355369568,0.4093869924545288,0.3041847646236419,0.3850891888141632,0.6344463229179382,0.4381628036499023,0.2084255665540695,0.3764606118202209,0.7854949235916138,0.454337865114212,0.244579941034317,0.2987456917762756,0.4239439368247986,0.6275807619094849,0.3184675872325897,0.6233544945716858,0.4252007603645324,0.7799703478813171,0.3223704993724823,0.7694183588027954,0.4277980327606201,0.9033438563346864,0.3444287776947021,0.8883198499679565,0.3995870500802994,0.397238090634346
0.417970597743988,0.3859103620052337,0.4422624707221985,0.3739044964313507,0.4061732888221741,0.3715192675590515,0.468252032995224,0.3799557387828827,0.4005675315856933,0.3757144212722778,0.5267336368560791,0.4566408395767212,0.3444664478302002,0.4343159794807434,0.6622313261032104,0.4842988848686218,0.2582610249519348,0.424784779548645,0.8104534149169922,0.4988767504692077,0.2909370362758636,0.3492776751518249,0.4608968794345855,0.6659055948257446,0.3598330616950989,0.6631956100463867,0.4606937766075134,0.8129609227180481,0.3639095425605774,0.8103735446929932,0.4684383273124695,0.9526865482330322,0.3857162892818451,0.9285515546798706,0.4356000423431396,0.4454784095287323
0.4435074925422668,0.3578811287879944,0.4672498703002929,0.3448308706283569,0.4334233403205871,0.3433417379856109,0.4936310648918152,0.3493698835372925,0.4307894110679626,0.3467410206794739,0.5536739230155945,0.4241290390491485,0.3768015801906585,0.406671404838562,0.6874355673789978,0.4488305747509002,0.2989636063575744,0.3991838097572326,0.828647255897522,0.4612933397293091,0.321289598941803,0.3220297694206238,0.493888795375824,0.6297819018363953,0.3959659337997436,0.6253675222396851,0.4992794096469879,0.7673059701919556,0.4036878645420074,0.7615095973014832,0.5097644329071045,0.8914361596107483,0.425083577632904,0.8798571228981018,0.4652377516031265,0.4154002219438553
0.488339364528656,0.3546536564826965,0.5136832594871521,0.3428316116333008,0.478006511926651,0.3407284915447235,0.5389347076416016,0.349589854478836,0.4746306836605072,0.3448394536972046,0.5870567560195923,0.4235954880714416,0.4235425889492035,0.4055643081665039,0.7193439602851868,0.449529767036438,0.3545134365558624,0.3932616412639618,0.8646731376647949,0.463045597076416,0.3752508759498596,0.3214997351169586,0.5286435484886169,0.6223760843276978,0.4359612464904785,0.6147117018699646,0.526891827583313,0.7538571953773499,0.4384214282035827,0.7458321452140808,0.5304820537567139,0.8738111853599548,0.4561415612697601,0.8567953109741211,0.5052996724843979,0.4145798981189728
0.4818525910377502,0.3794257938861847,0.5052156448364258,0.3678358495235443,0.4723773598670959,0.3651234805583954,0.5300973653793335,0.373234361410141,0.469789445400238,0.3680453896522522,0.5837798714637756,0.4412971138954162,0.4237272143363952,0.4272282421588897,0.7117043733596802,0.4649804830551147,0.3577238917350769,0.4170433282852173,0.847018837928772,0.4782109260559082,0.3720214366912842,0.3483457267284393,0.5295284390449524,0.6376498341560364,0.4415122866630554,0.6325880289077759,0.5335561633110046,0.7656975984573364,0.4426179826259613,0.7608290314674377,0.541136622428894,0.8876067399978638,0.4614180624485016,0.8730963468551636,0.5037535429000854,0.434262678027153
0.5669350028038025,0.3704598248004913,0.5889273285865784,0.3594900965690613,0.556672215461731,0.3581988513469696,0.6123281717300415,0.3670487403869629,0.5519417524337769,0.362504094839096,0.6691105365753174,0.4331621527671814,0.5057086944580078,0.4208613038063049,0.8024009466171265,0.4569355249404907,0.4344756007194519,0.4173770248889923,0.9426454305648804,0.4691994786262512,0.4518042206764221,0.3509373068809509,0.6162161827087402,0.6300069689750671,0.5249125361442566,0.625471293926239,0.6220380663871765,0.7599722146987915,0.5306433439254761,0.7545408010482788,0.6261410713195801,0.87693190574646,0.5498573184013367,0.8617951273918152,0.5874096155166626,0.4270117282867431
0.611340343952179,0.3764783442020416,0.6323122382164001,0.3652358651161194,0.5987152457237244,0.3643344342708587,0.654778003692627,0.3732931315898895,0.5878594517707825,0.3692251741886139,0.7039159536361694,0.4369156062602997,0.5394824743270874,0.4272381961345672,0.8373919725418091,0.4633374214172363,0.4666308760643005,0.4250604510307312,0.972051739692688,0.4733017086982727,0.4885772168636322,0.3551657497882843,0.6529437303543091,0.6294363737106323,0.5611086487770081,0.626537024974823,0.6602054238319397,0.7644609808921814,0.5713188648223877,0.7590583562850952,0.6663234829902649,0.8834315538406372,0.588624119758606,0.8643674850463867,0.6216992139816284,0.4320769011974334
0.5288075804710388,0.3681589365005493,0.5474261045455933,0.3568822741508484,0.5152796506881714,0.354474127292633,0.5690524578094482,0.3622786104679107,0.5030905604362488,0.3588457703590393,0.6229677796363831,0.4280583560466766,0.4539501070976257,0.4144738018512726,0.7497677803039551,0.45097216963768,0.3841634392738342,0.4140649139881134,0.8834754824638367,0.4608678221702575,0.4019933342933655,0.3489858210086822,0.5688672065734863,0.6244320273399353,0.4767948985099792,0.619014322757721,0.5760685205459595,0.7548553347587585,0.4876435697078705,0.7456758618354797,0.5821323990821838,0.8694230318069458,0.5083731412887573,0.8561405539512634,0.5384589433670044,0.4212660789489746
0.4610366225242615,0.372789978981018,0.481053739786148,0.3610510230064392,0.4486643373966217,0.359526127576828,0.5036753416061401,0.3693128824234009,0.4379015862941742,0.3644706308841705,0.5540995597839355,0.4354301393032074,0.3903353214263916,0.423288881778717,0.6837802529335022,0.4578086733818054,0.3192105889320373,0.4200104773044586,0.8204371333122253,0.4690709114074707,0.3374415040016174,0.3536009192466736,0.5020748972892761,0.630617082118988,0.4101423621177673,0.6277778744697571,0.5098372101783752,0.7592705488204956,0.4226670861244201,0.7581386566162109,0.5185312628746033,0.8777592182159424,0.4417850077152252,0.8660913705825806,0.4722174406051636,0.4293595105409622
0.4465860724449157,0.3719165623188019,0.4662754535675049,0.3600781261920929,0.4339593350887298,0.3579815030097961,0.4884582161903381,0.3682265877723694,0.4236127436161041,0.3624919354915619,0.5372195243835449,0.4363701641559601,0.3709810078144073,0.4203461110591888,0.6704643368721008,0.4616230726242065,0.3028804063796997,0.4152807593345642,0.8084478378295898,0.4734330475330353,0.3258653581142425,0.3486364483833313,0.481603056192398,0.6329712271690369,0.3853635191917419,0.6291540265083313,0.4858206808567047,0.7666600346565247,0.3916338682174682,0.763355553150177,0.4879881739616394,0.8856388330459595,0.409138023853302,0.8722482323646545,0.4541002660989761,0.4283581376075744
0.4128618240356445,0.3466585874557495,0.4342590868473053,0.3350845873355865,0.4006499648094177,0.3330249488353729,0.4600087106227875,0.3409390449523926,0.3940249979496002,0.337297260761261,0.5171644687652588,0.412836343050003,0.3429270088672638,0.3972668051719665,0.6513435244560242,0.4392103254795074,0.2633267045021057,0.3930050134658813,0.7923650741577148,0.4515566825866699,0.287722110748291,0.3207572102546692,0.4592831134796142,0.6210269927978516,0.3601658940315246,0.6159117221832275,0.4614378809928894,0.7602230310440063,0.3651786744594574,0.7510656714439392,0.4665358066558838,0.8786850571632385,0.3843095898628235,0.8654552102088928,0.4300457388162613,0.4050515741109848
0.4210885167121887,0.3596279919147491,0.4421021342277527,0.3474599719047546,0.4077510833740234,0.3455786406993866,0.4666430056095123,0.3549653887748718,0.3965162932872772,0.3518425524234772,0.5244465470314026,0.4273896217346191,0.3434831500053406,0.4168225824832916,0.6622097492218018,0.4511730968952179,0.2634497582912445,0.4145122170448303,0.8087337613105774,0.4617992639541626,0.28667151927948,0.3397215902805328,0.4715867042541504,0.640787661075592,0.3667192757129669,0.6385034918785095,0.4762188494205475,0.7828945517539978,0.3751747608184814,0.7787564396858215,0.4844575524330139,0.9070284366607666,0.3967297673225403,0.8950983285903931,0.4339648485183716,0.4221061021089554
0.3870752155780792,0.3484366238117218,0.408903419971466,0.3362340331077575,0.3733419775962829,0.3333048820495605,0.4336481988430023,0.3417566120624542,0.3613572716712951,0.3382710218429565,0.4904351830482483,0.4143733978271484,0.3095652461051941,0.3997644186019897,0.6297450661659241,0.4395383596420288,0.2185105383396148,0.4009345173835754,0.7743314504623413,0.4515997171401977,0.2444377392530441,0.323421448469162,0.4298373162746429,0.6281179785728455,0.3294766545295715,0.6270548105239868,0.4384849667549133,0.7723080515861511,0.3393404483795166,0.7682974338531494,0.4428843855857849,0.8994172215461731,0.3639058470726013,0.8843923211097717,0.4000002145767212,0.4070689082145691
0.4031375348567962,0.33272585272789,0.4274168014526367,0.3202657997608185,0.3903044164180755,0.3182281851768493,0.452311098575592,0.3269042074680328,0.3807019889354706,0.3228893876075744,0.5074918866157532,0.4027051329612732,0.3197810351848602,0.3849791884422302,0.6447066068649292,0.4289171993732452,0.2308895885944366,0.3843706548213959,0.7950720191001892,0.4432612061500549,0.2625409364700317,0.3033482432365417,0.4416994154453277,0.6176177859306335,0.3343271315097809,0.6125905513763428,0.4377003312110901,0.7596350312232971,0.3389895558357239,0.7547786831855774,0.4419993758201599,0.8847818374633789,0.3518028855323791,0.8705665469169617,0.4136364609003067,0.3938421607017517
0.4585652947425842,0.324649453163147,0.4826840460300445,0.3126105964183807,0.4432219862937927,0.3094313442707062,0.5041189789772034,0.3194071352481842,0.4269807934761047,0.3135557174682617,0.5554784536361694,0.3972415626049042,0.3626963794231415,0.3771141171455383,0.6913464665412903,0.4287952780723572,0.2689178884029388,0.3725761175155639,0.8397790193557739,0.4453421831130981,0.3073761165142059,0.2899552583694458,0.4830778241157532,0.6113107204437256,0.373948335647583,0.6055270433425903,0.4759420454502105,0.7554284334182739,0.3734131753444671,0.7517263889312744,0.4717360436916351,0.8822593688964844,0.3833939433097839,0.8702970147132874,0.4590874165296554,0.3871778398752212
0.5408650636672974,0.292709618806839,0.566791296005249,0.2804889380931854,0.5153672099113464,0.2775862514972687,0.5874058604240417,0.2902529537677765,0.4983680248260498,0.2872960269451141,0.6480535864830017,0.3792824745178222,0.4241725504398346,0.3729590773582458,0.7831090688705444,0.4042654633522033,0.281986653804779,0.3991163671016693,0.9164153933525084,0.4338833093643188,0.3133920431137085,0.3033801615238189,0.5745649933815002,0.6001095175743103,0.4553881287574768,0.5999749302864075,0.5634903907775879,0.7544509172439575,0.4659831523895263,0.7573027014732361,0.5409852266311646,0.8624710440635681,0.4654319286346435,0.877231240272522,0.5361130684614182,0.376120775938034
0.5348583459854126,0.2911847531795501,0.5626798868179321,0.278176337480545,0.5115824341773987,0.2763962149620056,0.583568274974823,0.2865205705165863,0.5000713467597961,0.2846186459064483,0.6456091403961182,0.3736273944377899,0.423356145620346,0.369399219751358,0.7768756747245789,0.4018019437789917,0.2776377201080322,0.392942875623703,0.9076242446899414,0.4305467009544372,0.3126373291015625,0.2969063818454742,0.5720280408859253,0.5943307280540466,0.4538457989692688,0.5935060381889343,0.5610142350196838,0.7464284896850586,0.4629713892936706,0.749916672706604,0.5343895554542542,0.858313798904419,0.4598423838615417,0.8677148818969727,0.5344826430082321,0.371513307094574
0.5150700807571411,0.2934951782226562,0.5414143204689026,0.280145525932312,0.492610216140747,0.280252605676651,0.5614089965820312,0.2887472212314605,0.4796895086765289,0.2882395982742309,0.6255823373794556,0.3770511746406555,0.4043546617031097,0.3731780052185058,0.7528904676437378,0.4083761572837829,0.2533829808235168,0.3963170051574707,0.8917636871337891,0.4326757490634918,0.2862670719623565,0.3044570386409759,0.5486934185028076,0.5974404215812683,0.434147298336029,0.5974391102790833,0.5376534461975098,0.7473902106285095,0.4427785277366638,0.7542084455490112,0.5130406618118286,0.8554494380950928,0.4361935257911682,0.8711786270141602,0.5149684995412827,0.3751145899295807
0.487982839345932,0.2973497807979584,0.5141978859901428,0.2839017510414123,0.4628118574619293,0.2843451201915741,0.5314329266548157,0.2932679355144501,0.4477761387825012,0.2914416491985321,0.5936046242713928,0.3829065263271332,0.3717647790908813,0.3784347474575043,0.7168493270874023,0.4115103483200073,0.2260091751813888,0.4045880436897278,0.8500402569770813,0.4413980841636657,0.2512753009796142,0.3064252734184265,0.516504168510437,0.6003767251968384,0.4018045365810394,0.5996588468551636,0.5060179233551025,0.7563702464103699,0.4110095500946045,0.7630593776702881,0.4830270707607269,0.8577916622161865,0.410308301448822,0.8769032955169678,0.4826847016811371,0.3806706368923187
0.4645388126373291,0.3017186820507049,0.4892214238643646,0.288003534078598,0.4378719329833984,0.2875043451786041,0.5057292580604553,0.296606570482254,0.4224548935890198,0.2969636619091034,0.5645945072174072,0.3864561021327972,0.3455564677715301,0.3831560909748077,0.6906121969223022,0.4145004153251648,0.1968107372522354,0.4074522256851196,0.821887195110321,0.4410617053508758,0.2292474508285522,0.3091439008712768,0.4946190416812897,0.6034908890724182,0.3806112408638,0.6053404211997986,0.4862420558929443,0.7566699385643005,0.3943690955638885,0.7638083696365356,0.4686268866062164,0.8624879121780396,0.3935588002204895,0.8803976774215698,0.4550754874944687,0.3848060965538025
0.4426109194755554,0.2971041798591614,0.4639125764369964,0.2849074304103851,0.416065514087677,0.2840559780597687,0.4829931259155273,0.2943341135978699,0.3968241810798645,0.2945722043514251,0.5442054271697998,0.3835574090480804,0.3225150406360626,0.3818232417106628,0.6661505699157715,0.4095665514469147,0.1760502755641937,0.4020503461360931,0.791901171207428,0.4335454404354095,0.2090234756469726,0.3047062158584595,0.4747923016548157,0.5976983904838562,0.3600337505340576,0.6014265418052673,0.4732786118984222,0.751342236995697,0.380688726902008,0.758230447769165,0.454292356967926,0.8597774505615234,0.3847075998783111,0.8801157474517822,0.4333602339029312,0.3826903253793716
0.4292507171630859,0.3013448417186737,0.4540343880653381,0.289662629365921,0.4053383469581604,0.2880091071128845,0.4722467064857483,0.2975494563579559,0.3890757262706756,0.2962401211261749,0.5298488140106201,0.3859144151210785,0.3154974579811096,0.3824356198310852,0.6485037803649902,0.4116328358650207,0.1703653186559677,0.4091788530349731,0.7760491371154785,0.4385537505149841,0.1997897177934646,0.3104159533977508,0.4637444615364074,0.6031798720359802,0.3498910367488861,0.6058334708213806,0.4574083387851715,0.7531604766845703,0.3653262853622436,0.7582837343215942,0.4375,0.8638174533843994,0.3642398416996002,0.8788610100746155,0.4226731359958648,0.3841750174760818
0.4631598591804504,0.339345782995224,0.4874476492404938,0.3267062902450561,0.4394273161888122,0.3245515525341034,0.505513072013855,0.3361624479293823,0.4222385287284851,0.3340366780757904,0.5574616193771362,0.4244470596313476,0.3476783633232116,0.4174410104751587,0.6689003705978394,0.4546223282814026,0.20674729347229,0.4436164200305938,0.7988828420639038,0.4764752686023712,0.2375113517045974,0.3475053608417511,0.4885391294956207,0.6368854641914368,0.3764220476150512,0.6382753252983093,0.4824536442756653,0.7867399454116821,0.3899514973163605,0.7887651920318604,0.4633554816246032,0.8913010954856873,0.3906715810298919,0.91057151556015,0.4525699913501739,0.4209440350532532
0.4885862469673157,0.3445489704608917,0.5140388011932373,0.3318876326084137,0.4657712578773498,0.3307632505893707,0.5315320491790771,0.3414855003356933,0.4496770799160003,0.3390952050685882,0.5796520709991455,0.4264176487922668,0.3790166079998016,0.4162266850471496,0.6950409412384033,0.452570229768753,0.2434063851833343,0.4391611516475677,0.8173826932907104,0.4759507775306701,0.2728208899497986,0.3497565984725952,0.5088889598846436,0.6304395198822021,0.4002291560173034,0.6306372284889221,0.4965289533138275,0.7735781073570251,0.4085042476654053,0.7756928205490112,0.4766272604465484,0.879538893699646,0.4079543054103851,0.8934115767478943,0.4793343394994735,0.4213221669197082
0.4659474492073059,0.3207230269908905,0.4903034269809723,0.309120237827301,0.4438138008117676,0.3085226118564605,0.5081449747085571,0.3167960345745086,0.4322642385959625,0.3166553378105163,0.5633100867271423,0.3969289660453796,0.3698217868804931,0.3921183347702026,0.6846352815628052,0.4135766327381134,0.2355729639530182,0.4126036465167999,0.8076790571212769,0.4409045577049255,0.2624633312225342,0.3246415555477142,0.4988107681274414,0.5973268151283264,0.3961151242256164,0.5976702570915222,0.491447389125824,0.7350603342056274,0.4050463736057281,0.7411527633666992,0.4743273854255676,0.8366180658340454,0.403076171875,0.8516561985015869,0.4665659368038177,0.3945236504077911
0.4592282176017761,0.3408671021461487,0.4843605160713196,0.3292258679866791,0.4387118220329284,0.3282506167888641,0.4999505579471588,0.3363169133663177,0.4273916184902191,0.3341460227966308,0.5484124422073364,0.4174746572971344,0.3574955761432647,0.4050964713096618,0.6623419523239136,0.4362967908382416,0.2268846482038498,0.4223429262638092,0.7834987640380859,0.4585265517234802,0.2551778554916382,0.3338397145271301,0.4741197526454925,0.6095401048660278,0.3718192875385284,0.6074143648147583,0.4633943438529968,0.7462188601493835,0.3764868080615997,0.7488095760345459,0.4418054223060608,0.8463621139526367,0.3758713603019714,0.8642473816871643,0.4529540091753006,0.4112855643033981
0.4523425102233886,0.3045873939990997,0.4777981638908386,0.2935945391654968,0.4310446679592132,0.2915674746036529,0.4939929842948913,0.3009407818317413,0.4193257689476013,0.2979206144809723,0.5457130670547485,0.3826746344566345,0.3507589101791382,0.3694438934326172,0.663948655128479,0.4056237637996673,0.2203832119703292,0.3925122618675232,0.790072500705719,0.4319688081741333,0.2482213228940963,0.3067115247249603,0.4701151847839355,0.5824087262153625,0.3669511079788208,0.5812923908233643,0.4592467248439789,0.7160382866859436,0.3740740716457367,0.7197407484054565,0.4398316442966461,0.8183969855308533,0.3716001212596893,0.8308247327804565,0.4482359886169433,0.3760592639446258
0.3870401084423065,0.2945542633533478,0.4153091311454773,0.2828952372074127,0.3655847609043121,0.2823360562324524,0.4337475895881653,0.2915548980236053,0.3529257774353027,0.2879490256309509,0.4860551953315735,0.3785853385925293,0.2794439792633056,0.3658102750778198,0.6057013273239136,0.4017972350120544,0.1371702253818512,0.3912118971347809,0.7327828407287598,0.4294270277023315,0.1628126204013824,0.3007650673389435,0.412956178188324,0.5826451778411865,0.3019502162933349,0.582256555557251,0.408341646194458,0.7279906868934631,0.3166510164737701,0.7324829697608948,0.3918607234954834,0.8344050645828247,0.3210909366607666,0.8471405506134033,0.3827495872974396,0.3721978068351745
0.4144135117530823,0.3506591618061065,0.4347668588161468,0.3385320901870727,0.3918430805206299,0.3379810154438019,0.4525566101074219,0.3463639318943023,0.3738701045513153,0.3452078998088836,0.5100042223930359,0.4238159954547882,0.3198240399360657,0.426662802696228,0.6337172985076904,0.4549233615398407,0.2067392319440841,0.4575633406639099,0.7547533512115479,0.4809426665306091,0.2200496643781662,0.3695017099380493,0.4699114263057709,0.6159743666648865,0.3620137572288513,0.620505690574646,0.4728725552558899,0.7510505318641663,0.3857863545417785,0.7552148699760437,0.4727729260921478,0.8528491258621216,0.4150777459144592,0.8497296571731567,0.4149141311645508,0.4252393990755081
0.4284926354885101,0.3355344831943512,0.4477123320102691,0.3250568509101867,0.4069647192955017,0.3228289783000946,0.4648710191249847,0.334911435842514,0.3874743580818176,0.3324079513549804,0.5212817788124084,0.4141515493392944,0.327632337808609,0.4154722094535827,0.6437908411026001,0.4457698166370392,0.2152735739946365,0.4462059736251831,0.762840986251831,0.4769696891307831,0.2268019169569015,0.3571218848228454,0.4760375618934631,0.6045845746994019,0.3681195378303528,0.6063548922538757,0.4707557559013366,0.7399719953536987,0.3864560723304748,0.7411144971847534,0.4662871956825256,0.843209981918335,0.4092159271240234,0.8434481024742126,0.4244570583105087,0.4148118793964386
0.4437106251716614,0.3427027463912964,0.462715208530426,0.3319398760795593,0.4221720695495605,0.33099165558815,0.480357825756073,0.3400007486343384,0.4030766487121582,0.3390978276729584,0.5395695567131042,0.4190709292888641,0.3419863581657409,0.4181843996047973,0.6621856093406677,0.4508203268051147,0.2283288985490799,0.4474029242992401,0.7803013324737549,0.4835179150104522,0.2435812950134277,0.3581396043300628,0.4880860447883606,0.6103960871696472,0.3799408078193664,0.6133132576942444,0.4763831496238708,0.744529664516449,0.3950245082378387,0.7461649179458618,0.4676832556724548,0.8469939827919006,0.4098660945892334,0.8509538173675537,0.4407779574394226,0.4186276644468307
0.4543876051902771,0.3465469479560852,0.4740679264068603,0.3366698324680328,0.4320949912071228,0.3351253271102905,0.4906958639621734,0.3429101407527923,0.4147214293479919,0.341398537158966,0.5475608706474304,0.4161671698093414,0.3549516201019287,0.4217117130756378,0.6660563945770264,0.450529396533966,0.2383190691471099,0.4561440646648407,0.7862435579299927,0.4801474213600158,0.252793937921524,0.3650619685649872,0.49849933385849,0.6119785904884338,0.3910393118858337,0.6151206493377686,0.4862802028656006,0.7485476732254028,0.4078746438026428,0.7516944408416748,0.4766475558280945,0.8520771861076355,0.421009212732315,0.8557165861129761,0.4512562453746795,0.4189394414424896
0.4564646780490875,0.331241637468338,0.4772171080112457,0.3199136555194855,0.4355032444000244,0.3175491094589233,0.4945104718208313,0.3277927935123443,0.4180113673210144,0.3255266845226288,0.5502656102180481,0.4006010890007019,0.3545229136943817,0.4066343903541565,0.6726869344711304,0.4376790821552276,0.2387925684452057,0.4456202387809753,0.7945042848587036,0.4694792628288269,0.2496181428432464,0.351827323436737,0.5002104043960571,0.5971699357032776,0.3926507532596588,0.5997037887573242,0.4852901995182037,0.7345799207687378,0.4077037870883941,0.7347668409347534,0.4736550450325012,0.8356034159660339,0.4168518185615539,0.8396220803260803,0.4523942619562149,0.4036177396774292
0.4421178698539734,0.3178414106369018,0.4632778763771057,0.3066027462482452,0.4206074774265289,0.3052537143230438,0.4809786677360534,0.314875990152359,0.4007937014102936,0.3129963874816894,0.5388262867927551,0.390786349773407,0.3364093601703644,0.3957772850990295,0.6639100313186646,0.4245147109031677,0.2218520194292068,0.4304742515087127,0.7834337949752808,0.4563972353935241,0.2263147085905075,0.3342791795730591,0.4861282408237457,0.5888543725013733,0.3805645704269409,0.5906980037689209,0.475490003824234,0.724761426448822,0.3926093578338623,0.7246109247207642,0.4598554670810699,0.8272262811660767,0.3996597826480865,0.8293024301528931,0.4376178234815597,0.3932818174362182
0.4910334944725036,0.3219519853591919,0.5111638903617859,0.3102198839187622,0.4697371125221252,0.3076355755329132,0.5279955267906189,0.3176726996898651,0.4505776464939117,0.3157214820384979,0.5848128795623779,0.3918276727199554,0.3866480886936188,0.3988986015319824,0.7104228734970093,0.4289152324199676,0.2677522897720337,0.4342197179794311,0.8336120843887329,0.4610244631767273,0.2793145179748535,0.3403303325176239,0.5331870317459106,0.593567430973053,0.4240192472934723,0.5955445766448975,0.5128708481788635,0.7324575185775757,0.435937225818634,0.7332128286361694,0.5000258684158325,0.8359310030937195,0.4460720121860504,0.838073194026947,0.4857304841279983,0.3953631371259689
0.4896628260612488,0.3161972761154175,0.5121323466300964,0.3049137890338897,0.4695955216884613,0.3022485375404358,0.5305370688438416,0.3136482834815979,0.4508986473083496,0.309643805027008,0.5879351496696472,0.391267865896225,0.3824795484542846,0.3931037187576294,0.709672212600708,0.428692877292633,0.2712067365646362,0.4254940152168274,0.8322946429252625,0.4649416804313659,0.2748998999595642,0.3287220895290375,0.5268117189407349,0.5929271578788757,0.41842120885849,0.5926225185394287,0.5056333541870117,0.7313739061355591,0.4221013188362121,0.728074312210083,0.4833596348762512,0.8330177068710327,0.424807608127594,0.8376501798629761,0.4852073490619659,0.3921857923269272
0.5077317357063293,0.3237031996250152,0.5294896364212036,0.3117562532424927,0.4879927039146423,0.3084981143474579,0.5465887784957886,0.3199000954627991,0.4687036573886871,0.3169325292110443,0.6018033623695374,0.3979769945144653,0.4003224372863769,0.3987613022327423,0.7278134822845459,0.4360522031784057,0.2801159024238586,0.4302375912666321,0.8488765954971313,0.4758051037788391,0.2981009483337402,0.3365238010883331,0.5387822389602661,0.6015041470527649,0.4282931387424469,0.6009788513183594,0.5111455917358398,0.7418662309646606,0.4325922131538391,0.7401048541069031,0.4945830702781677,0.8487635850906372,0.4392469823360443,0.8451561331748962,0.5010628998279572,0.3983691483736038
0.4893688559532165,0.2956949174404144,0.5152844190597534,0.2833925485610962,0.4660157561302185,0.280489444732666,0.5341886878013611,0.2929161190986633,0.447281926870346,0.2903113663196563,0.5948259234428406,0.378122866153717,0.3711122274398803,0.3821108639240265,0.7292680144309998,0.4191935658454895,0.2389058172702789,0.4172360301017761,0.861254870891571,0.4595788717269897,0.2588025033473968,0.314695656299591,0.5309013724327087,0.6005303859710693,0.4108334183692932,0.6006667613983154,0.5156786441802979,0.7538780570030212,0.4230363368988037,0.7521478533744812,0.4938124716281891,0.8607267141342163,0.426771342754364,0.8663428425788879,0.4829690754413605,0.3801168650388717
0.5230576992034912,0.2905621230602264,0.5483608245849609,0.2781800329685211,0.4979625642299652,0.2752336263656616,0.5681473612785339,0.2880978286266327,0.4786787927150726,0.2856887280941009,0.6342272162437439,0.3763772547245025,0.4053145349025726,0.3825076520442962,0.7698135375976562,0.4214487671852112,0.272423505783081,0.4163150191307068,0.9059377908706664,0.4644607007503509,0.2878455519676208,0.3094107806682586,0.5697502493858337,0.6048153042793274,0.4475912451744079,0.6060131788253784,0.5552014708518982,0.7636784315109253,0.4616303443908691,0.7615991830825806,0.5392143130302429,0.873411238193512,0.4667929708957672,0.877792477607727,0.5197708755731583,0.3794424533843994
0.5232948064804077,0.2940073907375335,0.5464181303977966,0.2841123044490814,0.5041008591651917,0.2804438769817352,0.562179446220398,0.2914970517158508,0.4857245087623596,0.2873559594154358,0.6149376034736633,0.3718452453613281,0.4171469211578369,0.3714028298854828,0.7358489632606506,0.4152393341064453,0.2962815761566162,0.3999651670455932,0.8510584831237793,0.4550367295742035,0.3158724009990692,0.3111345469951629,0.5522178411483765,0.570982038974762,0.4428686201572418,0.5699777007102966,0.5277423858642578,0.7100741863250732,0.4492059350013733,0.7072013020515442,0.5072295069694519,0.8091884851455688,0.4518100619316101,0.8080888390541077,0.5160422623157501,0.3716240376234054
0.5001283288002014,0.2838340103626251,0.5236737132072449,0.2744340002536773,0.479322612285614,0.2705270648002624,0.539374589920044,0.2821278572082519,0.4617575705051422,0.2773250639438629,0.5895613431930542,0.3649620711803436,0.3912125825881958,0.3609755337238312,0.7103195190429688,0.4102868437767029,0.2669517397880554,0.3887389302253723,0.8258047103881836,0.4559940993785858,0.2869296073913574,0.2970318496227264,0.5225404500961304,0.5650807619094849,0.4114810824394226,0.5622125267982483,0.4960150122642517,0.7074388265609741,0.4133524894714355,0.7022780776023865,0.4741465151309967,0.8071669340133667,0.4151064753532409,0.8041399717330933,0.490386962890625,0.3629688024520874
0.4988138675689697,0.2720740735530853,0.5241476893424988,0.2612341046333313,0.4765837788581848,0.2578929960727691,0.5412586331367493,0.2695990800857544,0.4594805836677551,0.2650881707668304,0.5941569209098816,0.3574307560920715,0.3856948614120483,0.354254275560379,0.7197418212890625,0.401698887348175,0.2612369656562805,0.3814604580402374,0.8400036096572876,0.445663720369339,0.2763393521308899,0.2846508622169494,0.5231176018714905,0.5677335262298584,0.4092571139335632,0.5650090575218201,0.4965353906154632,0.7120668292045593,0.4121564030647278,0.7093926668167114,0.4734129309654236,0.8165910243988037,0.4163290858268738,0.8117138147354126,0.4899258911609649,0.3558425158262253
0.4415168762207031,0.2775845229625702,0.4675597548484802,0.266415536403656,0.4167810082435608,0.2628923058509826,0.4852685332298279,0.2752903997898102,0.3975619375705719,0.2704404890537262,0.5417439341545105,0.3665345013141632,0.3160867393016815,0.3636238873004913,0.6619833707809448,0.4186363518238067,0.1786907166242599,0.3907821774482727,0.7911964058876038,0.4628550410270691,0.2015529423952102,0.2903815507888794,0.461940586566925,0.5846245288848877,0.3433769941329956,0.5829170942306519,0.4378784298896789,0.7404959201812744,0.3455099165439605,0.7332428693771362,0.4129587113857269,0.8382514715194702,0.340898334980011,0.8467313051223755,0.428915336728096,0.3650791943073272
0.4373219609260559,0.2811775207519531,0.4608265459537506,0.2685965001583099,0.4110409319400787,0.2652268409729004,0.4791726469993591,0.2780509293079376,0.3895436525344848,0.2754087448120117,0.5389301776885986,0.3730149865150451,0.3063287734985351,0.3691807985305786,0.6625469923019409,0.4236393570899963,0.1648194789886474,0.3998904526233673,0.7901273369789124,0.4690279960632324,0.1850971430540084,0.2949059307575226,0.460719496011734,0.5997136235237122,0.338755339384079,0.5986173748970032,0.4387804567813873,0.7557621002197266,0.3418237566947937,0.7553927898406982,0.4132144451141357,0.8588433861732483,0.3390027284622192,0.8657828569412231,0.4226294755935669,0.3710978925228119
0.4106042981147766,0.2597953379154205,0.4345194399356842,0.2457377314567566,0.383361667394638,0.2437259256839752,0.4524079263210296,0.2544459104537964,0.3612543046474457,0.2517812550067901,0.5160829424858093,0.3508003354072571,0.2795906662940979,0.3498619198799133,0.6441571712493896,0.4015265703201294,0.1296256929636001,0.3865698575973511,0.7772631049156189,0.4454784989356994,0.148088589310646,0.2793544828891754,0.4468756318092346,0.5873717069625854,0.3201300799846649,0.5907968878746033,0.4235681891441345,0.7480515837669373,0.3278772830963135,0.7494323253631592,0.4044246077537536,0.8555306196212769,0.3320587575435638,0.8707555532455444,0.3978368043899536,0.3503311276435852
0.4380763173103332,0.2801227569580078,0.4616657197475433,0.2662073969841003,0.4098759591579437,0.263121098279953,0.480238139629364,0.2755342125892639,0.3850015103816986,0.2709141671657562,0.5381401777267456,0.3743124008178711,0.3010720610618591,0.3704289197921753,0.6699663400650024,0.4231525957584381,0.1452082395553589,0.4068668484687805,0.7949100732803345,0.4652238488197326,0.1654520481824875,0.2998873293399811,0.4601636528968811,0.6146988272666931,0.3329373002052307,0.6166022419929504,0.435335636138916,0.7741819620132446,0.3383190035820007,0.7760908603668213,0.4132407307624817,0.8850446939468384,0.3471723794937134,0.8998484015464783,0.4196061193943023,0.3723706603050232
0.4598943293094635,0.2860472500324249,0.4865874350070953,0.2722418010234833,0.4325739741325378,0.2710489630699157,0.5070105195045471,0.2819598019123077,0.4114839434623718,0.2799606919288635,0.5719072818756104,0.3811053037643432,0.3311731219291687,0.3785114288330078,0.6963285207748413,0.4294088184833526,0.1770204305648803,0.4153624773025512,0.8220261335372925,0.4682276844978332,0.1840730607509613,0.3056023418903351,0.4938943982124328,0.6153125166893005,0.3663843870162964,0.6179879903793335,0.4735222458839416,0.7893131971359253,0.3744149506092071,0.7859572768211365,0.4560748934745788,0.892743706703186,0.3860878348350525,0.9135206937789916,0.4515402019023895,0.3798083662986755
0.470391571521759,0.2711221873760223,0.5006943345069885,0.2580912411212921,0.4456256926059723,0.2550558745861053,0.5209205150604248,0.2675274312496185,0.4284324049949646,0.2640431523323059,0.5785446166992188,0.3670807778835296,0.3444988429546356,0.3600539863109588,0.6957195401191711,0.4186274707317352,0.195182055234909,0.3977584838867187,0.8220693469047546,0.457550585269928,0.2022999227046966,0.2920548617839813,0.4984308183193207,0.5985864996910095,0.3750008344650268,0.5976279973983765,0.4722375869750976,0.7664535641670227,0.3755185008049011,0.7633427381515503,0.449309766292572,0.8629201650619507,0.3888489007949829,0.8843942880630493,0.4615217298269272,0.3635673820972442
0.4781757891178131,0.2884396314620971,0.5106736421585083,0.2759789526462555,0.4575625360012054,0.2735555768013,0.5343232154846191,0.2859551608562469,0.4474090933799743,0.2819625735282898,0.5975777506828308,0.3845624923706054,0.367055207490921,0.3783226311206817,0.7159284353256226,0.4314477145671844,0.2179576456546783,0.4100281000137329,0.8316424489021301,0.4718913733959198,0.2333298623561859,0.3107615709304809,0.5128192901611328,0.6066240668296814,0.3939236104488373,0.6060125231742859,0.4857879281044006,0.7702141404151917,0.3936156332492828,0.7666871547698975,0.4668364524841308,0.8640953302383423,0.4023371636867523,0.8890935182571411,0.4823164790868759,0.3814425617456436
0.5764188766479492,0.2808338105678558,0.609477162361145,0.269180029630661,0.5592472553253174,0.2657522559165954,0.6312525272369385,0.2785325944423675,0.5483126640319824,0.2737205922603607,0.6911987662315369,0.3759114444255829,0.4661312103271484,0.3679269552230835,0.8041543960571289,0.4247230291366577,0.3225139677524566,0.4003836512565613,0.922352135181427,0.4644577205181122,0.3342776894569397,0.3043713569641113,0.6053786277770996,0.5906496644020081,0.4882084727287292,0.5890777707099915,0.5771104693412781,0.7500903010368347,0.4859040677547455,0.7454908490180969,0.5605506896972656,0.8497289419174194,0.4964765906333923,0.8699870705604553,0.5786649882793427,0.3719191998243332
0.4656173586845398,0.2904078066349029,0.4967518746852875,0.2787661850452423,0.4466776847839355,0.2749611437320709,0.5188571214675903,0.2877462804317474,0.4340569376945495,0.2825760841369629,0.5742679238319397,0.3796870112419128,0.3555701971054077,0.3735126852989197,0.6861621141433716,0.4293266534805298,0.2106558978557586,0.4103152453899383,0.8030744791030884,0.4686127305030823,0.2211582958698272,0.3128318190574646,0.4942559599876404,0.5930794477462769,0.3791719079017639,0.5928129553794861,0.4694949686527252,0.7518171072006226,0.3798512816429138,0.7485600709915161,0.4550586342811584,0.846253514289856,0.390769213438034,0.8672547936439514,0.4649190604686737,0.3765998482704162
0.4496340155601501,0.3312125205993652,0.4687827229499817,0.3213910162448883,0.4296488165855407,0.3194515109062195,0.4832498431205749,0.3283198177814483,0.413243681192398,0.3251989185810089,0.5256525278091431,0.4036180377006531,0.3445730209350586,0.3986536860466003,0.6322618722915649,0.4313629567623138,0.2278469055891037,0.4271073937416076,0.740523099899292,0.4535899758338928,0.2346445024013519,0.3444221317768097,0.4669981002807617,0.588904619216919,0.3708571791648865,0.5898043513298035,0.4570104479789734,0.7137978076934814,0.3798680901527405,0.7187768220901489,0.4528438448905945,0.8049370646476746,0.3995113670825958,0.8319547176361084,0.4351127743721008,0.4011358618736267
0.453792005777359,0.3402276933193207,0.4755054116249084,0.3299503028392792,0.434204638004303,0.3283141255378723,0.4894612431526184,0.3376878798007965,0.4191102981567383,0.3340120315551758,0.531453013420105,0.4143189191818237,0.349258154630661,0.4055467247962951,0.6341407895088196,0.4436700046062469,0.232402890920639,0.4360632300376892,0.7446386814117432,0.4658835530281067,0.2353138476610183,0.3537397384643554,0.4684435725212097,0.597061812877655,0.3726451396942138,0.5960801839828491,0.4564204812049866,0.7237333655357361,0.3779080212116241,0.727448582649231,0.4467012286186218,0.8161691427230835,0.3935194611549377,0.8392053246498108,0.440355584025383,0.4099328219890594
0.4711338877677917,0.3479778468608856,0.4883347153663635,0.3384872376918793,0.4493924081325531,0.3354834914207458,0.5001412630081177,0.3440207540988922,0.4298408627510071,0.3401697874069214,0.5426755547523499,0.4179749488830566,0.3611620664596557,0.4091514945030212,0.6463965177536011,0.4495626091957092,0.2450384646654129,0.4392895102500915,0.7577269673347473,0.4749902486801147,0.2502785921096802,0.358539879322052,0.4760238230228424,0.6030243039131165,0.3797038793563843,0.6008422374725342,0.4591594636440277,0.7285417914390564,0.3825414776802063,0.7319954633712769,0.4469272196292877,0.820679247379303,0.3945936560630798,0.844132661819458,0.4519188106060028,0.4135632216930389
0.4800792634487152,0.3566126227378845,0.497694730758667,0.3462050557136535,0.4589680731296539,0.3439419567584991,0.5103960037231445,0.3530335128307342,0.4397407472133636,0.3497750461101532,0.5536324381828308,0.4280158877372741,0.371223896741867,0.4190905392169952,0.6548364162445068,0.4606024920940399,0.2532504796981811,0.4485665559768677,0.7649048566818237,0.4859701991081238,0.2592813670635223,0.3671950101852417,0.4872596859931946,0.6144166588783264,0.3895401656627655,0.6116253733634949,0.4691203236579895,0.7416765689849854,0.3884555101394653,0.742953360080719,0.4542660713195801,0.8329154253005981,0.3973543643951416,0.8566874861717224,0.4624281674623489,0.4235532134771347
0.4945788979530334,0.3717603683471679,0.5107663869857788,0.3624174892902374,0.4717155992984772,0.3591742515563965,0.5211072564125061,0.3680005967617035,0.4498904645442962,0.3635485470294952,0.5620985627174377,0.4439517259597778,0.3807796537876129,0.4348500370979309,0.659419059753418,0.4779716730117798,0.2600640654563904,0.4647760987281799,0.7688271999359131,0.5026471018791199,0.270004391670227,0.3823595643043518,0.4948429465293884,0.6309255957603455,0.3982136845588684,0.628387451171875,0.476845920085907,0.7588596940040588,0.3954605162143707,0.7623227834701538,0.4628337919712066,0.8521131277084351,0.4073968827724457,0.8775034546852112,0.4714391082525253,0.4394008815288543
0.4837477803230285,0.3797648251056671,0.5007095336914062,0.3696484863758087,0.462634265422821,0.3672327101230621,0.5142231583595276,0.3770343959331512,0.4445160329341888,0.3733688294887543,0.5567255020141602,0.4522713422775268,0.3768697082996368,0.4451938271522522,0.6555637121200562,0.4848836064338684,0.2578243315219879,0.475235104560852,0.7637078762054443,0.5081544518470764,0.261783629655838,0.3922838568687439,0.489919364452362,0.6388272643089294,0.3941780924797058,0.6365991234779358,0.472677081823349,0.7700445055961609,0.3941607773303985,0.7734451293945312,0.4620983004570007,0.8610236048698425,0.400320291519165,0.8907997012138367,0.4667976051568985,0.4487325847148895
0.4712782502174377,0.3625364601612091,0.4877258241176605,0.3516381084918976,0.4494758248329162,0.3503611385822296,0.501334011554718,0.3591347932815552,0.4301753044128418,0.3573479652404785,0.5467149615287781,0.4354570508003235,0.3650521337985992,0.4305686056613922,0.640212893486023,0.4678810834884643,0.2473067939281463,0.464016318321228,0.7486494779586792,0.4871906638145447,0.2481313049793243,0.3803647458553314,0.4892758429050445,0.6247720718383789,0.3933553993701935,0.6247496008872986,0.4730957448482513,0.7545217275619507,0.3958488702774048,0.7582370042800903,0.4675714373588562,0.8484717607498169,0.4087991118431091,0.873632550239563,0.4558835476636886,0.4330128282308578
0.4410213828086853,0.3248277604579925,0.4549024701118469,0.3146393597126007,0.4166966378688812,0.3125295341014862,0.4661738872528076,0.3208233416080475,0.395649254322052,0.3186907768249511,0.5108132362365723,0.3976088762283325,0.3276818394660949,0.3964137136936188,0.608260989189148,0.4288390576839447,0.2115366160869598,0.4327830374240875,0.7088402509689331,0.4488457441329956,0.2085765898227691,0.3468307554721832,0.4599460661411285,0.5896083116531372,0.3657875657081604,0.5912741422653198,0.4487709403038025,0.7140876054763794,0.3702344000339508,0.7200983762741089,0.4399613738059997,0.8099491000175476,0.3909765481948852,0.8376750946044922,0.4192475378513336,0.3970112949609756
0.4508297443389892,0.3122031986713409,0.4658776223659515,0.3006913065910339,0.4266951084136963,0.2998079359531402,0.4780108332633972,0.3082382082939148,0.4054354131221771,0.3071312010288238,0.5230221748352051,0.3856080770492553,0.3397473096847534,0.384696900844574,0.6192463040351868,0.4144584834575653,0.2166991680860519,0.4193074405193329,0.7146804332733154,0.4358555674552917,0.223592072725296,0.3298898637294769,0.4718526899814605,0.5832688808441162,0.3771851062774658,0.5844919681549072,0.4560690820217132,0.707840621471405,0.3803216814994812,0.713777482509613,0.4445164799690246,0.8031072616577148,0.3938460052013397,0.8271726965904236,0.4313847422599792,0.3851524889469147
0.5034247636795044,0.3367350697517395,0.5175091028213501,0.3269284069538116,0.4797338843345642,0.3236089646816253,0.5277137756347656,0.3329927027225494,0.4560988843441009,0.3296884000301361,0.5676956176757812,0.413197785615921,0.3839852809906006,0.4072268903255462,0.6649110913276672,0.4459150433540344,0.2600138187408447,0.4401945769786834,0.7635675668716431,0.4718061685562134,0.2777560949325561,0.3543420135974884,0.5072236657142639,0.6116530299186707,0.41106978058815,0.6107796430587769,0.4841623902320862,0.742917001247406,0.406100183725357,0.7447229027748108,0.4637249112129211,0.8373726010322571,0.4140361249446869,0.8596820831298828,0.4758404493331909,0.4102123379707336
0.5120993852615356,0.3422852456569671,0.525609016418457,0.3314613997936249,0.4871606826782226,0.3284090757369995,0.5339800715446472,0.3386740386486053,0.4606895446777344,0.3351800143718719,0.5734754204750061,0.4215400815010071,0.3828940689563751,0.4162394404411316,0.671695351600647,0.454784095287323,0.2579905390739441,0.4478211998939514,0.7623798847198486,0.4823301434516907,0.2821174263954162,0.3568890690803528,0.5115722417831421,0.6234579682350159,0.4135642051696777,0.6224477887153625,0.4836103320121765,0.7544698715209961,0.407646119594574,0.7553132176399231,0.4599422812461853,0.8511368036270142,0.412872701883316,0.8787586688995361,0.4781847447156906,0.4188897609710693
0.5258011817932129,0.3329196870326996,0.5387508273124695,0.3221855461597442,0.4995039999485016,0.3189008831977844,0.5456670522689819,0.3290295898914337,0.4734901487827301,0.3253006339073181,0.5821077227592468,0.4130090773105621,0.3911508619785309,0.4087050259113312,0.6786963939666748,0.4516881704330444,0.2683113515377044,0.4405851364135742,0.7702704071998596,0.4799802005290985,0.2829833626747131,0.3480600118637085,0.5178238749504089,0.618886411190033,0.4195426106452942,0.617881715297699,0.489231526851654,0.7576125264167786,0.4102740883827209,0.7540414333343506,0.4624987542629242,0.8502578735351562,0.4109772741794586,0.8749924898147583,0.4866292923688888,0.4108570516109466
0.508712887763977,0.3288106024265289,0.5238918662071228,0.3172346949577331,0.4829314649105072,0.314444363117218,0.5336946845054626,0.3236328661441803,0.4576488435268402,0.3202930390834808,0.575901985168457,0.4040826261043548,0.3834879100322723,0.4027191400527954,0.6742109656333923,0.4386711418628692,0.2598922550678253,0.4420744776725769,0.7656968235969543,0.4659636616706848,0.2643243968486786,0.3487053513526916,0.5125032067298889,0.6135786771774292,0.4142584204673767,0.6126744151115417,0.4808460175991058,0.7515214681625366,0.4020418226718902,0.7494264245033264,0.4532276690006256,0.8480510711669922,0.4043366909027099,0.8712631464004517,0.4796949476003647,0.4034008830785751
0.5093521475791931,0.3208113014698028,0.5230575799942017,0.3084140419960022,0.482905238866806,0.3058401942253113,0.5329521894454956,0.3152916729450226,0.4582427442073822,0.3127074241638183,0.5730791091918945,0.3939535915851593,0.3861889243125915,0.3934817314147949,0.6745160818099976,0.4257462918758392,0.2625310719013214,0.4316212832927704,0.7672581672668457,0.451003760099411,0.256656676530838,0.3388248980045318,0.5148463249206543,0.6009765267372131,0.4187930226325989,0.6009508967399597,0.4856866896152496,0.7378214597702026,0.4063743054866791,0.7357780933380127,0.4599966406822204,0.8343023657798767,0.4137179851531982,0.855643630027771,0.479634016752243,0.3937176614999771
0.5172833204269409,0.3187155425548553,0.5323770642280579,0.3075629472732544,0.4923926293849945,0.3034438192844391,0.5425650477409363,0.3138817548751831,0.4675001204013824,0.3089271187782287,0.5802701711654663,0.392143577337265,0.3945736289024353,0.389533519744873,0.6773865818977356,0.4250683784484863,0.2715891003608703,0.4307247996330261,0.7714991569519043,0.4485818147659302,0.2637337148189544,0.3410375416278839,0.517062783241272,0.6005086898803711,0.420412927865982,0.5990374684333801,0.4815670549869537,0.7343346476554871,0.4026415944099426,0.7310159206390381,0.454582542181015,0.8317552804946899,0.4042822420597076,0.8538805842399597,0.4874219000339508,0.390838548541069
0.4889271855354309,0.3064436316490173,0.5025646686553955,0.2936339080333709,0.4629802703857422,0.2916759550571441,0.5115361213684082,0.2998805940151214,0.4374987483024597,0.2985741794109344,0.5551089644432068,0.3776601552963257,0.3706026375293731,0.3796343207359314,0.6606960296630859,0.407908171415329,0.2463226616382599,0.4225643277168274,0.7515202164649963,0.4280460774898529,0.2326501160860061,0.3320513069629669,0.5047980546951294,0.5860605239868164,0.4079163670539856,0.5872443914413452,0.4756711423397064,0.723713219165802,0.3969208598136902,0.7199015021324158,0.4471746385097503,0.8174775838851929,0.400840699672699,0.8383170962333679,0.46285580098629,0.3786472380161285
0.4799761176109314,0.3187189400196075,0.4931293129920959,0.3057751059532165,0.4536522924900055,0.3040604591369629,0.5029160976409912,0.31228107213974,0.4298826158046722,0.3112861216068268,0.54904705286026,0.3902792334556579,0.3605649471282959,0.3934938311576843,0.6545959711074829,0.4176183044910431,0.2388847172260284,0.4332196414470672,0.7490946054458618,0.4413556158542633,0.2286495864391327,0.3421529829502105,0.5009983777999878,0.5951381921768188,0.4027944207191467,0.5961224436759949,0.4729377627372741,0.7326958775520325,0.3953497409820556,0.7295695543289185,0.4474703371524811,0.8277019262313843,0.3948300182819366,0.8484808206558228,0.4548059999942779,0.3918865323066711
0.4614778459072113,0.3223109245300293,0.4780882894992828,0.309813529253006,0.4374975562095642,0.3084616065025329,0.4913608133792877,0.3170468509197235,0.4161588549613952,0.3153695166110992,0.5375152826309204,0.3952049016952514,0.350027859210968,0.3943144977092743,0.6411747336387634,0.4250147640705108,0.2252635508775711,0.4348191022872925,0.7404244542121887,0.4505301713943481,0.2148910015821457,0.3452846705913543,0.4839278757572174,0.6016891598701477,0.3859471380710602,0.6001678109169006,0.4509289860725403,0.7356139421463013,0.3746219873428345,0.733036458492279,0.42928147315979,0.8325984477996826,0.3691431283950805,0.8471943736076355,0.4437715709209442,0.3947596997022629
0.4327929615974426,0.3174782991409302,0.4495089948177337,0.3036566376686096,0.4096959233283996,0.3034144937992096,0.4642682671546936,0.3115407228469848,0.388649970293045,0.3104706704616546,0.5152266621589661,0.3904019594192505,0.3205418288707733,0.3890997767448425,0.6166043281555176,0.4177277386188507,0.1907771974802017,0.4303680658340454,0.7209186553955078,0.4450909495353699,0.1868584305047989,0.3354819715023041,0.4610143601894378,0.594009518623352,0.3601544797420501,0.5937813520431519,0.4315587878227234,0.7312682867050171,0.3548294901847839,0.7297061681747437,0.4104438722133636,0.8285834193229675,0.3571414053440094,0.8455955386161804,0.4178842455148697,0.3897508680820465
0.4202509820461273,0.3268629908561706,0.4379451870918274,0.3157924711704254,0.3948085010051727,0.3139700591564178,0.450354516506195,0.322402685880661,0.3721109926700592,0.3207727670669555,0.4999911785125732,0.4058516323566437,0.3007294535636902,0.4067616760730743,0.6040222644805908,0.441688984632492,0.1680263727903366,0.4454571902751922,0.7122554779052734,0.4648668169975281,0.1664052754640579,0.3525847196578979,0.4424027502536773,0.6146344542503357,0.3383505344390869,0.61556077003479,0.4161233305931091,0.7634313106536865,0.3348395824432373,0.7589206695556641,0.3947691023349762,0.8549887537956238,0.3352762460708618,0.8748295307159424,0.4003603160381317,0.406306654214859
0.382561057806015,0.3356424570083618,0.4024173319339752,0.3234625458717346,0.357839435338974,0.3205355703830719,0.4190127849578857,0.3320445120334625,0.3367402553558349,0.3285658657550812,0.4670736193656921,0.4157580137252807,0.2607304155826568,0.4131371676921844,0.577416181564331,0.4511508345603943,0.1216929927468299,0.4488787055015564,0.681851863861084,0.4782503247261047,0.1242514848709106,0.3536347448825836,0.4023266434669494,0.6309101581573486,0.2943438589572906,0.6306770443916321,0.3725555837154388,0.7795559167861938,0.2863056659698486,0.7735617756843567,0.3506945967674255,0.8753424286842346,0.2874394059181213,0.8921522498130798,0.3639020174741745,0.4144475907087326
0.3851982951164245,0.3376652598381042,0.4025363326072693,0.3254339396953583,0.3579084277153015,0.3225705325603485,0.415483295917511,0.3320772051811218,0.3328855335712433,0.3292417526245117,0.4662123620510101,0.4156595766544342,0.2581995129585266,0.414918303489685,0.5680635571479797,0.4550158679485321,0.1136907786130905,0.4550788700580597,0.6805741786956787,0.4784608483314514,0.1178986802697181,0.3565836548805237,0.4034639000892639,0.6334560513496399,0.2928383946418762,0.6335292458534241,0.3749910593032837,0.7841899394989014,0.2878225445747375,0.7832534909248352,0.3542030453681946,0.8805307149887085,0.2865990996360779,0.9034693241119384,0.3622059375047683,0.4152889400720596
0.3536221086978912,0.3466496765613556,0.3666385412216186,0.3323883414268493,0.3244581222534179,0.3310906291007995,0.3752847611904144,0.338879644870758,0.2957943677902221,0.3386058509349823,0.4289558529853821,0.421606034040451,0.2240252047777176,0.4239743649959564,0.5327044129371643,0.4528634250164032,0.0890979319810867,0.4718640148639679,0.6391859650611877,0.472616046667099,0.082755446434021,0.3737729787826538,0.3836809992790222,0.6452959179878235,0.274194985628128,0.6480162143707275,0.3590260446071625,0.7944848537445068,0.2732471823692322,0.7958166599273682,0.3399504125118255,0.8961646556854248,0.2736275196075439,0.922994077205658,0.3264905288815498,0.4227901995182037
0.3891929984092712,0.3355944454669952,0.4010538458824157,0.3212160170078277,0.3604510724544525,0.3203906714916229,0.4064410328865051,0.326616108417511,0.3291231691837311,0.3282324969768524,0.4589769840240478,0.4071055054664612,0.2602505087852478,0.4145539104938507,0.5650436282157898,0.4358020722866058,0.1212319731712341,0.4630189538002014,0.6694948673248291,0.4535421729087829,0.1202290654182434,0.3608414232730865,0.4281813502311706,0.6247467398643494,0.3216334581375122,0.6296284794807434,0.4138721525669098,0.7785810232162476,0.3289551734924316,0.7793139815330505,0.4011533260345459,0.8766043186187744,0.3308025598526001,0.9047286510467528,0.3596137464046478,0.4108297079801559
0.4708594381809234,0.3101251721382141,0.4828315377235412,0.2951114475727081,0.4420977234840393,0.2937971949577331,0.4869878888130188,0.2994967699050903,0.4067578315734863,0.2997595071792602,0.531069815158844,0.3769700229167938,0.3379048109054565,0.3838688135147095,0.6337140798568726,0.4076606929302215,0.2048414200544357,0.4347948431968689,0.7214093208312988,0.424720287322998,0.2067615091800689,0.3309394419193268,0.496257483959198,0.5921315550804138,0.392687976360321,0.5971892476081848,0.4823516011238098,0.7400480508804321,0.3994515240192413,0.7401577830314636,0.4687680602073669,0.8421013355255127,0.4016776978969574,0.8594359159469604,0.4344873130321502,0.3804194182157516
0.502663791179657,0.3172894120216369,0.5158633589744568,0.3020309805870056,0.4747903347015381,0.3012392222881317,0.5228811502456665,0.3082395493984222,0.4437286257743835,0.3084055185317993,0.5686203241348267,0.386950671672821,0.372290700674057,0.3931193947792053,0.669075608253479,0.4168594181537628,0.2439061850309372,0.4407202303409576,0.7609900832176208,0.4372250437736511,0.2445148974657058,0.3389566242694855,0.5287743806838989,0.6003970503807068,0.4249657690525055,0.6051729321479797,0.5094352960586548,0.746438205242157,0.4257131516933441,0.7460688948631287,0.4903901219367981,0.8481138944625854,0.4242488741874695,0.8609251379966736,0.4704555124044418,0.3900350332260132
0.4860214293003082,0.327938050031662,0.5075535774230957,0.3149209916591644,0.460385262966156,0.3138900399208069,0.5236408710479736,0.3205077350139618,0.4407500326633453,0.3190719187259674,0.5780643224716187,0.4014120697975158,0.3736559450626373,0.4056209325790405,0.6778150200843811,0.4347070455551147,0.2456596195697784,0.4487142264842987,0.7945594787597656,0.4516356885433197,0.241400197148323,0.3548848927021026,0.5245650410652161,0.6178852319717407,0.4165634214878082,0.6205800175666809,0.5081294178962708,0.7596780061721802,0.4202281832695007,0.761488676071167,0.4912947714328766,0.8578196167945862,0.4158710539340973,0.8799691796302795,0.475860133767128,0.4035165011882782
