noseX,noseY,left_eyeX,left_eyeY,right_eyeX,right_eyeY,left_earX,left_earY,right_earX,right_earY,left_shoulderX,left_shoulderY,right_shoulderX,right_shoulderY,left_elbowX,left_elbowY,right_elbowX,right_elbowY,left_wristX,left_wristY,right_wristX,right_wristY,left_hipX,left_hipY,right_hipX,right_hipY,left_kneeX,left_kneeY,right_kneeX,right_kneeY,left_ankleX,left_ankleY,right_ankleX,right_ankleY,neckX,neckY
0.4751974940299988,0.2783983051776886,0.4977893233299255,0.2511598169803619,0.4560094773769378,0.2583054900169372,0.5321007966995239,0.2755499482154846,0.4345490932464599,0.2887117564678192,0.5747981071472168,0.4090089499950409,0.4028030037879944,0.4163904786109924,0.6976065039634705,0.3138882219791412,0.2819297313690185,0.3279991447925567,0.6140543818473816,0.1622922569513321,0.3895130157470703,0.1477453410625457,0.5547959208488464,0.8695296049118042,0.408088356256485,0.8854185342788696,0.0,0.0,0.0,0.0,0.0,0.0,0.0,0.0,0.4875171780586242,0.4090299010276794
0.4790442585945129,0.2716333270072937,0.500649631023407,0.2456717044115066,0.4594314992427826,0.2546057999134063,0.5339170694351196,0.2721274495124817,0.4380606114864349,0.2878306806087494,0.5776507258415222,0.4084462523460388,0.4048230350017547,0.4139671623706817,0.6988407373428345,0.3093518614768982,0.280151903629303,0.3262020051479339,0.6131352186203003,0.1598272770643234,0.3907021880149841,0.1458264142274856,0.5560864806175232,0.8807565569877625,0.4101977348327636,0.8991531133651733,0.0,0.0,0.0,0.0,0.0,0.0,0.0,0.0,0.4894022345542907,0.4067495167255401
0.4751324951648712,0.2660582959651947,0.4994874000549316,0.2473129332065582,0.4569500088691711,0.2511729300022125,0.5265458226203918,0.293492317199707,0.4305857717990875,0.2947165071964264,0.5598183274269104,0.4198057353496551,0.3979374766349792,0.4254943430423736,0.683659553527832,0.3433887362480163,0.2855926156044006,0.3764795362949371,0.5664101243019104,0.1351383775472641,0.3836778104305267,0.1812832355499267,0.5463820695877075,0.8888291716575623,0.4031736552715301,0.9002314805984497,0.0,0.0,0.0,0.0,0.0,0.0,0.0,0.0,0.4757197797298431,0.4192142188549042
0.4771643280982971,0.2760014235973358,0.5003176927566528,0.2504390478134155,0.4573288261890411,0.2554738223552704,0.5318244099617004,0.2853314876556396,0.4323876202106476,0.2896705269813537,0.5672340393066406,0.4167009890079498,0.3999610245227813,0.424907922744751,0.6910861134529114,0.3592636585235595,0.2803205251693725,0.3794605433940887,0.6057106852531433,0.2012052834033966,0.3820920884609222,0.204718068242073,0.549587070941925,0.9005288481712341,0.4135565757751465,0.9020370841026306,0.0,0.0,0.0,0.0,0.0,0.0,0.0,0.0,0.4829125702381134,0.4165896773338318
0.4759610295295715,0.262143075466156,0.4991268813610077,0.2433922588825225,0.4573341012001037,0.2446979135274887,0.5247501134872437,0.2829768359661102,0.43121537566185,0.2877771556377411,0.5657371878623962,0.4104026854038238,0.3963119685649872,0.421672523021698,0.670059859752655,0.3062157332897186,0.289520800113678,0.3278383314609527,0.5911298990249634,0.141956552863121,0.3952895104885101,0.131065085530281,0.5516566038131714,0.8877741098403931,0.4080724716186523,0.9019696116447448,0.0,0.0,0.0,0.0,0.0,0.0,0.0,0.0,0.4781521260738373,0.4123062789440155
0.4713530540466308,0.2711594998836517,0.4941124618053436,0.2475291788578033,0.4509400725364685,0.2535301446914673,0.5224213004112244,0.2829495370388031,0.4259481132030487,0.2956554889678955,0.569729208946228,0.4054750800132751,0.3971116244792938,0.4240279793739319,0.6601936221122742,0.2908432781696319,0.2896111607551574,0.3187576234340668,0.5822195410728455,0.1257942914962768,0.3818116784095764,0.1372880339622497,0.5563408732414246,0.8818925023078918,0.4093113839626312,0.8869299292564392,0.0,0.0,0.0,0.0,0.0,0.0,0.0,0.0,0.4804461896419525,0.411711722612381
0.4752283692359924,0.2756428122520447,0.4984645247459411,0.2510232329368591,0.4564017951488495,0.2552240788936615,0.5262662768363953,0.2799954712390899,0.4322721362113952,0.2876888811588287,0.5646113753318787,0.4117976725101471,0.4032290279865265,0.42214435338974,0.6753667593002319,0.3119789659976959,0.2866145670413971,0.3450835645198822,0.5619433522224426,0.1015169844031333,0.3854652345180511,0.1496132761240005,0.5539990663528442,0.8995490074157715,0.4136578142642975,0.9029292464256288,0.0,0.0,0.0,0.0,0.0,0.0,0.0,0.0,0.4819357395172119,0.4128270149230957
0.4753482043743133,0.2737363278865814,0.4996498227119446,0.2479945719242096,0.4548669755458832,0.254273384809494,0.5305229425430298,0.2793751358985901,0.4306277632713318,0.2883031368255615,0.569015622138977,0.413495808839798,0.4016788005828857,0.4224948585033417,0.6855915784835815,0.3293517529964447,0.2840287089347839,0.3573645651340484,0.5788559913635254,0.1372444033622741,0.3923623859882355,0.1568451970815658,0.5543237328529358,0.8878532648086548,0.4126624464988708,0.902275562286377,0.0,0.0,0.0,0.0,0.0,0.0,0.0,0.0,0.4833833575248718,0.413449615240097
0.4778736233711242,0.2768951058387756,0.5013399720191956,0.2481653690338134,0.4573123157024383,0.2541238963603973,0.5331531167030334,0.2792091071605682,0.4311506748199463,0.2850348353385925,0.5676168203353882,0.4153573513031006,0.4021667838096618,0.4250017702579498,0.6910327076911926,0.3598390519618988,0.2842742800712585,0.3846068978309631,0.6025875806808472,0.199876382946968,0.3803451955318451,0.2064405530691146,0.5540496110916138,0.8875771760940552,0.4172186851501465,0.9015088081359864,0.0,0.0,0.0,0.0,0.0,0.0,0.0,0.0,0.4839031994342804,0.4153830409049988
0.482445627450943,0.2746840715408325,0.5035560727119446,0.2507334649562835,0.4634073078632355,0.2537228763103485,0.5321159958839417,0.2847842574119568,0.4386146962642669,0.2883468568325043,0.5691438317298889,0.4160590469837188,0.4028775095939636,0.4281623661518097,0.6936580538749695,0.3658566176891327,0.2801803946495056,0.403667002916336,0.5968960523605347,0.2061711698770523,0.3827622830867767,0.2113749831914901,0.5557828545570374,0.9002278447151184,0.4164798855781555,0.9018120169639589,0.0,0.0,0.0,0.0,0.0,0.0,0.0,0.0,0.4864266216754913,0.4177443981170654
0.487612634897232,0.2750694155693054,0.5080960392951965,0.2523084878921509,0.4684458076953888,0.2540434896945953,0.536560595035553,0.2870223820209503,0.4426749646663666,0.2895371615886688,0.5732220411300659,0.4162301123142242,0.4039077460765838,0.4302987456321716,0.6965113878250122,0.3605970442295074,0.2817435562610626,0.3994966149330139,0.6006752848625183,0.2036889642477035,0.3818139135837555,0.2219996452331543,0.5581091642379761,0.900848388671875,0.4179514348506927,0.9024370312690736,0.0,0.0,0.0,0.0,0.0,0.0,0.0,0.0,0.4884147942066192,0.4184650778770447
0.4934871792793274,0.2731680572032928,0.5133939385414124,0.2496802657842636,0.474856436252594,0.2533670961856842,0.5460904836654663,0.2821406126022339,0.4489352703094482,0.2900883257389068,0.5775794386863708,0.424865573644638,0.4058427810668945,0.426861971616745,0.7046391367912292,0.3990262448787689,0.2882591784000397,0.4246537983417511,0.633384108543396,0.2702727019786834,0.38882976770401,0.2724416851997375,0.5548669695854187,0.8865753412246704,0.4165466427803039,0.8993969559669495,0.0,0.0,0.0,0.0,0.0,0.0,0.0,0.0,0.4919497072696686,0.4226700961589813
0.4875936210155487,0.2706069052219391,0.5091554522514343,0.2475502640008926,0.4680934548377991,0.2537203133106231,0.5436215400695801,0.2806170582771301,0.4463452994823456,0.2917687892913818,0.582545280456543,0.4161814153194427,0.4072373807430267,0.4255413711071014,0.6982229948043823,0.3338113129138946,0.2870317101478576,0.364253968000412,0.583803653717041,0.140744537115097,0.3888961672782898,0.1950055509805679,0.5611873865127563,0.8991313576698303,0.4191938042640686,0.903076946735382,0.0,0.0,0.0,0.0,0.0,0.0,0.0,0.0,0.4937200248241424,0.4157528877258301
0.4873593151569366,0.2739583253860473,0.5090935826301575,0.2507010400295257,0.4670494198799133,0.2558022439479828,0.5414069294929504,0.2819306850433349,0.4430075287818908,0.2928963303565979,0.5796462893486023,0.4165912568569183,0.4060802459716797,0.4235202670097351,0.6948391795158386,0.3288125693798065,0.2828271687030792,0.3529900014400482,0.5981598496437073,0.1530808508396148,0.3902395367622375,0.1715286672115326,0.5594190359115601,0.9030398726463318,0.4170548319816589,0.9054449200630188,0.0,0.0,0.0,0.0,0.0,0.0,0.0,0.0,0.4905866086483001,0.4150509536266327
0.4831984937191009,0.2645541727542877,0.5043272376060486,0.2403401136398315,0.4622005522251129,0.2451646625995636,0.5350022912025452,0.26954185962677,0.4358886182308197,0.2798506319522857,0.5774194598197937,0.4073757231235504,0.404226154088974,0.419796884059906,0.6965563893318176,0.3389993607997894,0.2732549011707306,0.3582592904567718,0.5938757658004761,0.1511472761631012,0.3898917734622955,0.1614676415920257,0.5500038266181946,0.9024382829666138,0.4076440334320068,0.9050576090812684,0.0,0.0,0.0,0.0,0.0,0.0,0.0,0.0,0.4887416064739227,0.4090651571750641
0.4851142764091491,0.2726611196994781,0.5062565207481384,0.246637538075447,0.4651966392993927,0.2505843043327331,0.5365107655525208,0.2738358974456787,0.439683049917221,0.2809480130672455,0.5744584202766418,0.4067755043506622,0.4054073691368103,0.4232561886310577,0.6999421715736389,0.3605260848999023,0.2803152501583099,0.3798334002494812,0.6108517646789551,0.1994493454694748,0.3824802339076996,0.2038714587688446,0.5565524101257324,0.8878576159477234,0.4178726077079773,0.902778148651123,0.0,0.0,0.0,0.0,0.0,0.0,0.0,0.0,0.489724338054657,0.4100143611431122
0.4910478591918945,0.2787940204143524,0.5118613839149475,0.2535991370677948,0.4719910025596618,0.2558864057064056,0.543986439704895,0.287816047668457,0.4475876986980438,0.2901795208454132,0.5758116841316223,0.4219715595245361,0.40789994597435,0.4308103919029236,0.7010685205459595,0.3691607415676117,0.2835893332958221,0.4062292575836181,0.6171693801879883,0.2340724170207977,0.3720754981040954,0.2499867677688598,0.5584417581558228,0.901532769203186,0.4205688536167145,0.903925359249115,0.0,0.0,0.0,0.0,0.0,0.0,0.0,0.0,0.4915275573730469,0.4218471348285675
0.4903407990932464,0.2775281965732574,0.5089177489280701,0.2546379566192627,0.4718309044837951,0.2572341561317444,0.5400595664978027,0.2874294817447662,0.4467144310474396,0.2926343977451324,0.5731577277183533,0.4242783188819885,0.4050696790218353,0.4309673011302948,0.6959134340286255,0.3894051611423492,0.2821547091007232,0.4371326565742492,0.6129017472267151,0.253375232219696,0.3774754405021667,0.2720981240272522,0.5545529723167419,0.9000653624534607,0.4180306792259216,0.9021968841552734,0.0,0.0,0.0,0.0,0.0,0.0,0.0,0.0,0.4890363216400146,0.4227310121059418
0.4890458881855011,0.2745425403118133,0.507443368434906,0.2522068619728088,0.4706689417362213,0.2556669116020202,0.5361279845237732,0.2873793244361877,0.4445939660072326,0.2933612465858459,0.5698040127754211,0.4235126078128814,0.4057971537113189,0.4293525516986847,0.6939511299133301,0.3932051360607147,0.2883503139019012,0.4336881637573242,0.6259302496910095,0.255364328622818,0.3870620429515838,0.2721913456916809,0.5531611442565918,0.8840941190719604,0.4174711406230926,0.8992657661437988,0.0,0.0,0.0,0.0,0.0,0.0,0.0,0.0,0.4884618818759918,0.4226976931095123
0.4898625314235687,0.264354258775711,0.5108928084373474,0.2412610948085785,0.4718702137470245,0.2435645759105682,0.5435197949409485,0.2764467000961303,0.4439596831798553,0.2813476026058197,0.5766181945800781,0.4207721054553985,0.4063639342784881,0.4241765141487121,0.6909289360046387,0.3990595638751983,0.2969018816947937,0.4343838989734649,0.6364234089851379,0.2527661919593811,0.3853281140327453,0.2786591351032257,0.555576741695404,0.9012635350227356,0.4195556938648224,0.903656840324402,0.0,0.0,0.0,0.0,0.0,0.0,0.0,0.0,0.4919759631156921,0.418863296508789
0.4910212457180023,0.2666003406047821,0.5124229192733765,0.2446123212575912,0.4705528914928436,0.2488303333520889,0.5434272289276123,0.2757474184036255,0.4443441927433014,0.2837707102298736,0.5816482305526733,0.4120897650718689,0.4059260189533233,0.4220063090324402,0.6880137324333191,0.3250450193881988,0.2875676155090332,0.3493121564388275,0.6182537078857422,0.1536759883165359,0.3901328146457672,0.1520823538303375,0.5596510767936707,0.8824992775917053,0.41831174492836,0.9010688662528992,0.0,0.0,0.0,0.0,0.0,0.0,0.0,0.0,0.4931168556213379,0.4120551645755768
0.4905950427055359,0.2730503380298614,0.510919451713562,0.2515150606632232,0.4703386425971985,0.2570663094520569,0.5404425859451294,0.2820580899715423,0.4442718029022217,0.2952669560909271,0.5769506096839905,0.4165369570255279,0.40614053606987,0.4242177903652191,0.6740904450416565,0.3048489987850189,0.2919184267520904,0.3304331600666046,0.6075870394706726,0.1302742063999176,0.3996215462684631,0.1237968131899833,0.5604397058486938,0.900121808052063,0.4185776114463806,0.904937744140625,0.0,0.0,0.0,0.0,0.0,0.0,0.0,0.0,0.4904474914073944,0.4153314530849457
0.4865106046199798,0.2736713588237762,0.50754314661026,0.252019852399826,0.4668014645576477,0.2569184899330139,0.535823404788971,0.2834229171276092,0.441629022359848,0.2953580319881439,0.5745499730110168,0.4129360020160675,0.4052049815654754,0.4248487055301666,0.664450466632843,0.2984103560447693,0.2888377606868744,0.3274424076080322,0.5966470837593079,0.1168123409152031,0.3896671235561371,0.1289039999246597,0.5607258677482605,0.8979188799858093,0.417682021856308,0.9041538238525392,0.0,0.0,0.0,0.0,0.0,0.0,0.0,0.0,0.4892184734344482,0.4142015874385834
0.4773031175136566,0.2737714946269989,0.50019371509552,0.2549605369567871,0.4592013359069824,0.2567193806171417,0.5294769406318665,0.2905082106590271,0.4364692866802215,0.2993257045745849,0.5651398301124573,0.3939318060874939,0.4222399890422821,0.4231221079826355,0.6487040519714355,0.2860096991062164,0.3659737408161163,0.4047111570835113,0.5412660241127014,0.1630880385637283,0.0,0.0,0.5616045594215393,0.8678569197654724,0.426555335521698,0.898999035358429,0.0,0.0,0.0,0.0,0.0,0.0,0.0,0.0,0.4911523461341858,0.4048529267311096
0.4916009902954101,0.2767103016376495,0.511714518070221,0.2609306275844574,0.4716093242168426,0.2585911750793457,0.540164589881897,0.2945494651794433,0.444588154554367,0.2981817722320556,0.5736414790153503,0.3968594372272491,0.4229516983032226,0.4193196594715118,0.6550644636154175,0.2923542559146881,0.346431016921997,0.2940352857112884,0.5533743500709534,0.1662314087152481,0.4607754647731781,0.1848847419023513,0.5635349154472351,0.8689978718757629,0.4257198274135589,0.9002104997634888,0.0,0.0,0.0,0.0,0.0,0.0,0.0,0.0,0.4952285885810852,0.4039542078971863
0.4917379021644592,0.2830662727355957,0.5122621059417725,0.2635376155376434,0.4704794585704803,0.2596753239631653,0.5385014414787292,0.2923343777656555,0.4415211677551269,0.2927479743957519,0.5669843554496765,0.3939207196235657,0.421561986207962,0.4195145964622497,0.6530472636222839,0.2890852391719818,0.3660076260566711,0.4029870331287384,0.5491335391998291,0.1680013686418533,0.0,0.0,0.5638076066970825,0.8813363909721375,0.4261545836925506,0.9005052447319031,0.0,0.0,0.0,0.0,0.0,0.0,0.0,0.0,0.4917550683021545,0.4029758870601654
0.4782388806343078,0.2840732038021087,0.4991735816001892,0.2664452493190765,0.4584597945213318,0.2640414535999298,0.5257135629653931,0.3013909459114074,0.4326356947422027,0.3036132752895355,0.5571669936180115,0.4092013835906982,0.4154945909976959,0.4190534055233001,0.6473398208618164,0.2975115478038788,0.3525734841823578,0.4027002155780792,0.5403708219528198,0.1698173284530639,0.0,0.0,0.5517998933792114,0.8675031661987305,0.4158219695091247,0.8974063992500305,0.0,0.0,0.0,0.0,0.0,0.0,0.0,0.0,0.4829044640064239,0.411297082901001
0.477224200963974,0.2807098925113678,0.499208003282547,0.2569175660610199,0.4587306380271911,0.2584151923656463,0.5242370367050171,0.2873813211917877,0.4319896399974823,0.2925865352153778,0.5617335438728333,0.4023644030094147,0.4124822914600372,0.4209775030612945,0.6605238318443298,0.2959542870521545,0.2966211438179016,0.3161148130893707,0.5621271729469299,0.1672234535217285,0.4194678366184234,0.1546930074691772,0.5584410429000854,0.8653407692909241,0.4167742133140564,0.8832880854606628,0.0,0.0,0.0,0.0,0.0,0.0,0.0,0.0,0.484775960445404,0.4087814390659332
0.4726714491844177,0.2799531519412994,0.4973030090332031,0.2567919790744781,0.4546349942684173,0.260907918214798,0.5263595581054688,0.2918808758258819,0.4319056570529938,0.2989142835140228,0.570017397403717,0.3999537527561188,0.4119676053524017,0.428179532289505,0.6543565988540649,0.2875455915927887,0.2902483344078064,0.3343318998813629,0.5265790224075317,0.1508577615022659,0.4100709855556488,0.151250347495079,0.5622830986976624,0.8816298842430115,0.4167245924472809,0.9004827737808228,0.0,0.0,0.0,0.0,0.0,0.0,0.0,0.0,0.4893779456615448,0.4120034873485565
0.4732214510440826,0.2783822119235992,0.4975147247314453,0.2549295127391815,0.4544287025928497,0.2608253359794616,0.5263586044311523,0.2898452579975128,0.4321497082710266,0.2996398508548736,0.5700502395629883,0.3985960781574249,0.4122238755226135,0.4289312660694122,0.6493105292320251,0.2829568684101105,0.2861649692058563,0.3418968021869659,0.5181642174720764,0.1514158099889755,0.4040569961071014,0.1518419682979583,0.5631938576698303,0.8844254612922668,0.4175164401531219,0.9033559560775756,0.0,0.0,0.0,0.0,0.0,0.0,0.0,0.0,0.4898084700107574,0.4122003614902496
0.4722583293914795,0.278883159160614,0.4975317120552063,0.2562984824180603,0.4539880454540252,0.2604987025260925,0.5276783108711243,0.2911451458930969,0.4319252073764801,0.2982688248157501,0.5702482461929321,0.3990474641323089,0.4102540612220764,0.4296355843544006,0.6489418148994446,0.2820881903171539,0.2862652242183685,0.3402512967586517,0.5123910903930664,0.1485834121704101,0.4042713940143585,0.1518460214138031,0.5623634457588196,0.8831133842468262,0.4153535962104797,0.9024256467819214,0.0,0.0,0.0,0.0,0.0,0.0,0.0,0.0,0.4896364212036133,0.4123070538043976
0.4738166034221649,0.2745718955993652,0.4975123703479767,0.2503637969493866,0.4547169804573059,0.2576166093349457,0.5255494713783264,0.2833423018455505,0.4322212040424347,0.2959821820259094,0.5702913999557495,0.39517942070961,0.4102325141429901,0.4301469624042511,0.6502482295036316,0.2855105996131897,0.2839853763580322,0.3478732407093048,0.5197125673294067,0.154897540807724,0.4037092626094818,0.1526064872741699,0.5609552264213562,0.8844560384750366,0.4104762971401214,0.903783917427063,0.0,0.0,0.0,0.0,0.0,0.0,0.0,0.0,0.4895008206367492,0.4102557599544525
0.4740305244922638,0.2717081904411316,0.4988903403282165,0.2452191859483719,0.4563807547092438,0.2525697946548462,0.5299590826034546,0.2783070504665375,0.4342257380485534,0.2913372218608856,0.570192277431488,0.3979310393333435,0.4076232016086578,0.4263834953308105,0.6534704566001892,0.2869835495948791,0.284434974193573,0.344447523355484,0.5245091319084167,0.1501442641019821,0.406171053647995,0.1461734324693679,0.5605791807174683,0.8843417167663574,0.4136531352996826,0.9025514721870422,0.0,0.0,0.0,0.0,0.0,0.0,0.0,0.0,0.4890245497226715,0.4103460311889648
0.4751443266868591,0.2725546956062317,0.5003172159194946,0.246774822473526,0.4577071070671081,0.2527270019054413,0.5300483703613281,0.2814715206623077,0.4348398745059967,0.2923061549663543,0.5696510672569275,0.3998896181583404,0.4075925350189209,0.4264731109142303,0.6545486450195312,0.2879011332988739,0.2857999205589294,0.3349839150905609,0.5373601317405701,0.1509893089532852,0.4036039412021637,0.1508833616971969,0.5567718744277954,0.885086715221405,0.4098584055900574,0.9022029042243958,0.0,0.0,0.0,0.0,0.0,0.0,0.0,0.0,0.4876629710197449,0.4117080867290497
0.4790762960910797,0.2765066921710968,0.5023173689842224,0.2577979564666748,0.4612998068332672,0.2590407431125641,0.5302940607070923,0.2959957122802734,0.4375549852848053,0.2998713552951813,0.5648657083511353,0.4127363264560699,0.4097650051116943,0.426965981721878,0.6578953862190247,0.3014751374721527,0.2955736219882965,0.3443357646465301,0.5337609648704529,0.1451926231384277,0.4244163632392883,0.1478916704654693,0.5570212006568909,0.8834829330444336,0.413502961397171,0.8995590209960938,0.0,0.0,0.0,0.0,0.0,0.0,0.0,0.0,0.4858875274658203,0.416311651468277
0.4782826900482178,0.2777459621429443,0.5019405484199524,0.2578317523002624,0.4602917730808258,0.2593179047107696,0.5300632119178772,0.2951290905475616,0.4359635710716247,0.2990913987159729,0.5655757188796997,0.4078260958194732,0.4116399884223938,0.4264337420463562,0.659122109413147,0.2976537644863128,0.2982214391231537,0.3333452641963959,0.5507645606994629,0.1591658741235733,0.4272123873233795,0.1467733085155487,0.5562872290611267,0.8849456906318665,0.4140863716602325,0.901926815509796,0.0,0.0,0.0,0.0,0.0,0.0,0.0,0.0,0.4862038493156433,0.4144569337368011
0.4812212586402893,0.2791636884212494,0.5040786862373352,0.2555847764015198,0.4628624618053436,0.2586094737052917,0.5305846929550171,0.2857860922813415,0.4379803538322449,0.292307049036026,0.5684443712234497,0.4035668969154358,0.4127318859100342,0.4249260425567627,0.6624700427055359,0.2946796715259552,0.2990227043628692,0.3190856873989105,0.5561566948890686,0.1302394717931747,0.4144338965415954,0.1491993367671966,0.5618488192558289,0.8648139238357544,0.4200623333454132,0.8829058408737183,0.0,0.0,0.0,0.0,0.0,0.0,0.0,0.0,0.488942801952362,0.4114384949207306
0.4904798865318298,0.2807047069072723,0.5114887356758118,0.257976621389389,0.4699033200740814,0.2636529505252838,0.5428100228309631,0.2916801869869232,0.4453245997428894,0.3012992441654205,0.5781774520874023,0.4183394908905029,0.4111120104789734,0.4260957837104797,0.6806885004043579,0.3050181567668915,0.2933822572231293,0.3328523933887481,0.5994362235069275,0.1344010680913925,0.3918375968933105,0.1458811461925506,0.5624165534973145,0.8833266496658325,0.4180732667446136,0.8991104364395142,0.0,0.0,0.0,0.0,0.0,0.0,0.0,0.0,0.4942229688167572,0.4178009629249573
0.4888929426670074,0.2694003283977508,0.5096281170845032,0.248653382062912,0.4695494472980499,0.2551229596138,0.5408345460891724,0.2832434475421905,0.4451289474964142,0.2960537374019623,0.5805390477180481,0.415614515542984,0.4072144329547882,0.4255484044551849,0.682934582233429,0.3051292300224304,0.2940637171268463,0.3295195400714874,0.6008132696151733,0.1329869478940963,0.3925962448120117,0.1439892202615738,0.5621868371963501,0.8823179602622986,0.4182526469230652,0.8992024064064026,0.0,0.0,0.0,0.0,0.0,0.0,0.0,0.0,0.4945500195026397,0.4161197543144226
0.4874457716941833,0.2722684442996979,0.5089857578277588,0.2527090907096863,0.4672815501689911,0.2598324120044708,0.5416932702064514,0.2901941835880279,0.4445781111717224,0.3014152348041534,0.5810801386833191,0.4176783263683319,0.4061095118522644,0.4273868203163147,0.685531735420227,0.3070620000362396,0.2949146330356598,0.3326406180858612,0.6008878946304321,0.1348857432603836,0.3926059305667877,0.1462245136499405,0.5626357793807983,0.8699538111686707,0.4169866442680359,0.8972331881523132,0.0,0.0,0.0,0.0,0.0,0.0,0.0,0.0,0.4946077466011047,0.4183849990367889
0.4869179725646972,0.2800179719924927,0.5075505375862122,0.2590040564537048,0.4676714241504669,0.2650252282619476,0.5401420593261719,0.2961567044258117,0.445775955915451,0.3041002750396728,0.5806049108505249,0.4239758551120758,0.4094858169555664,0.4340265095233917,0.6895949244499207,0.3368825316429138,0.294041246175766,0.3764694631099701,0.5990566611289978,0.1532813310623169,0.3869695663452148,0.1882600039243698,0.5616959929466248,0.8873711228370667,0.4189062714576721,0.9015680551528932,0.0,0.0,0.0,0.0,0.0,0.0,0.0,0.0,0.4933767914772033,0.4238074719905853
0.4851103127002716,0.2822059988975525,0.5045136213302612,0.2577723264694214,0.4666265845298767,0.2629654109477997,0.5354397892951965,0.2933817505836487,0.4430501461029053,0.298801839351654,0.5738297700881958,0.4236353933811188,0.4065264761447906,0.4364530146121979,0.6915176510810852,0.3704946339130401,0.2849648296833038,0.4370302259922027,0.6116956472396851,0.2365706264972686,0.3683819770812988,0.2576073706150055,0.5584434866905212,0.8876252174377441,0.4154751598834991,0.899988055229187,0.0,0.0,0.0,0.0,0.0,0.0,0.0,0.0,0.489426851272583,0.4260486960411072
0.4824863374233246,0.280824065208435,0.5021088719367981,0.2567758858203888,0.4636516571044922,0.2621524333953857,0.5331197381019592,0.2921634316444397,0.4408398568630218,0.2977891266345978,0.5685994029045105,0.4228692054748535,0.402563065290451,0.4392763078212738,0.690212607383728,0.3686379492282867,0.2815362215042114,0.4463198482990265,0.6030470132827759,0.2305661141872406,0.3606573045253753,0.2685874700546264,0.555737316608429,0.8859814405441284,0.4146575629711151,0.898961067199707,0.0,0.0,0.0,0.0,0.0,0.0,0.0,0.0,0.4859682917594909,0.4270035326480865
0.474038690328598,0.2773136794567108,0.4970036149024963,0.2540470659732818,0.4557033181190491,0.257170021533966,0.5260096192359924,0.2970046699047088,0.4298585057258606,0.2971409261226654,0.5627808570861816,0.4247277677059173,0.3974904119968414,0.4388318657875061,0.6736975908279419,0.3431600630283355,0.2775371968746185,0.4234421849250793,0.5792542695999146,0.1974941939115524,0.360539823770523,0.2275429964065551,0.550207257270813,0.9024587273597716,0.4104036390781402,0.9038706421852112,0.0,0.0,0.0,0.0,0.0,0.0,0.0,0.0,0.4776159226894378,0.4280970096588135
0.4724220633506775,0.2770939469337463,0.4970738291740417,0.2547989189624786,0.4543634951114654,0.2567564845085144,0.5244776606559753,0.2974404692649841,0.4284811317920685,0.2976848483085632,0.5592180490493774,0.4244435131549835,0.397851288318634,0.4371082484722137,0.6623929142951965,0.3257459104061126,0.2766141593456268,0.4031981527805328,0.5644847750663757,0.1663717478513717,0.3631357252597809,0.1976422518491745,0.5505571365356445,0.9017761945724488,0.4139183163642883,0.9033306837081908,0.0,0.0,0.0,0.0,0.0,0.0,0.0,0.0,0.4755297303199768,0.4271033406257629
0.4749847948551178,0.2757648229598999,0.4983291923999786,0.25203737616539,0.456417828798294,0.256251573562622,0.524030327796936,0.2911780774593353,0.4299879670143127,0.2963211834430694,0.5597229599952698,0.4216312766075134,0.3984569609165191,0.4355465769767761,0.6589562296867371,0.312489241361618,0.2787953019142151,0.3959200382232666,0.5680474638938904,0.163807138800621,0.3600224554538727,0.1952128410339355,0.5495699048042297,0.9019352793693542,0.4101150333881378,0.9034355878829956,0.0,0.0,0.0,0.0,0.0,0.0,0.0,0.0,0.475885659456253,0.4247626960277557
0.4771802127361297,0.2767799198627472,0.5014311075210571,0.2522803246974945,0.4589417278766632,0.2560469210147857,0.5278913974761963,0.2908413708209991,0.4327432215213775,0.2930566668510437,0.5614577531814575,0.4228174388408661,0.3996935486793518,0.4326694309711456,0.6685457229614258,0.3289344906806946,0.2801803946495056,0.3901329338550567,0.5763267874717712,0.1691844761371612,0.3680174350738525,0.1937190443277359,0.5488483905792236,0.90317565202713,0.4086587429046631,0.9037347435951232,0.0,0.0,0.0,0.0,0.0,0.0,0.0,0.0,0.4774347245693207,0.4234490990638733
0.4697908461093902,0.2640114426612854,0.492067813873291,0.2400745153427124,0.4517207741737366,0.2442089170217514,0.524206817150116,0.2725844085216522,0.4281172454357147,0.2841062545776367,0.5659819841384888,0.3832084238529205,0.4093241691589355,0.4147612750530243,0.658136785030365,0.2268110811710357,0.3144625127315521,0.2463259547948837,0.5221981406211853,0.113807663321495,0.4436658322811126,0.1172815188765525,0.5647285580635071,0.8479778170585632,0.4153308868408203,0.8970121741294861,0.0,0.0,0.0,0.0,0.0,0.0,0.0,0.0,0.4852506816387176,0.3977284729480743
0.4711000323295593,0.2641925513744354,0.4934671223163605,0.2398034781217575,0.4525992274284363,0.2432914227247238,0.5247618556022644,0.2721383273601532,0.4277176856994629,0.2827782332897186,0.5643846988677979,0.3825518786907196,0.4088026583194732,0.4127490818500519,0.6576148867607117,0.2265129834413528,0.3144055008888244,0.2454771101474762,0.5245476961135864,0.1143361553549766,0.4453997015953064,0.1162044256925582,0.5652275681495667,0.86226886510849,0.4147790074348449,0.8985456228256226,0.0,0.0,0.0,0.0,0.0,0.0,0.0,0.0,0.4838196337223053,0.3966580331325531
0.4742794632911682,0.2625175714492798,0.4954698085784912,0.2367604523897171,0.4560425877571106,0.2424703389406204,0.5270199179649353,0.2628777921199798,0.4344374537467956,0.2787967324256897,0.5733737945556641,0.3770711123943329,0.4166111052036285,0.4164456725120544,0.6650052666664124,0.2311848104000091,0.0,0.0,0.5261104106903076,0.1128644347190857,0.0,0.0,0.5674943327903748,0.846781313419342,0.4214590191841125,0.8673582673072815,0.0,0.0,0.0,0.0,0.0,0.0,0.0,0.0,0.4913130700588226,0.3955865204334259
0.5155268311500549,0.2675110995769501,0.5375750064849854,0.2438124269247055,0.4968880116939544,0.2496517151594162,0.5669081807136536,0.2739007771015167,0.4769744575023651,0.2880330979824066,0.6103737950325012,0.389221578836441,0.4397542476654053,0.4173861443996429,0.6951165795326233,0.2546398937702179,0.3447000384330749,0.2963514029979706,0.5590780377388,0.1427916288375854,0.0,0.0,0.6026491522789001,0.8646934628486633,0.4564111530780792,0.8697862029075623,0.0,0.0,0.0,0.0,0.0,0.0,0.0,0.0,0.5256472229957581,0.4028528332710266
0.5067329406738281,0.2757372558116913,0.5277397036552429,0.256876677274704,0.4896250665187835,0.2577667236328125,0.5558053851127625,0.2875065207481384,0.4677030444145202,0.2908966839313507,0.5954877734184265,0.4012496769428253,0.4332553446292877,0.4181141853332519,0.6811687350273132,0.2729505002498626,0.3329720497131347,0.303627461194992,0.5461272597312927,0.1588761806488037,0.0,0.0,0.5877705812454224,0.8832548260688782,0.4421791732311249,0.8867326974868774,0.0,0.0,0.0,0.0,0.0,0.0,0.0,0.0,0.5152963995933533,0.4067736566066742
0.4396667778491974,0.2822712063789367,0.4641972184181213,0.2616040408611297,0.4229803383350372,0.259692907333374,0.4902905821800232,0.3010643422603607,0.3992490470409393,0.293644368648529,0.5207917094230652,0.4081218838691711,0.3698268532752991,0.4224069714546203,0.6172770261764526,0.2839694321155548,0.2773618698120117,0.3086208999156952,0.4876560270786285,0.1723500788211822,0.423372745513916,0.1667447984218597,0.5205870866775513,0.8665876984596252,0.3811060488224029,0.898652195930481,0.0,0.0,0.0,0.0,0.0,0.0,0.0,0.0,0.445401519536972,0.4127942025661468
0.4171434938907623,0.2813127934932709,0.4401974678039551,0.2596193850040436,0.3988696038722992,0.2581444680690765,0.4731461107730865,0.2910128235816955,0.3769114315509796,0.2896625697612762,0.5053781270980835,0.3916735351085663,0.3463980257511139,0.4248992502689361,0.5971120595932007,0.270774781703949,0.2592504620552063,0.2952970862388611,0.4582259953022003,0.1671473085880279,0.3994023501873016,0.1567435711622238,0.509513258934021,0.8344253897666931,0.3713739216327667,0.8657606840133667,0.0,0.0,0.0,0.0,0.0,0.0,0.0,0.0,0.4272452890872955,0.4048382639884949
0.4892604947090149,0.2750662267208099,0.5095199346542358,0.2512176930904388,0.4718420207500458,0.2578203380107879,0.5455960035324097,0.2760316133499145,0.4526334404945373,0.2948514521121979,0.5903986692428589,0.3885821402072906,0.4243820607662201,0.4230485260486603,0.6704500913619995,0.2379091829061508,0.3190727531909942,0.2977374196052551,0.5211713910102844,0.1488828510046005,0.4335112273693084,0.1825387477874755,0.5903914570808411,0.863757312297821,0.4429460167884826,0.8824153542518616,0.0,0.0,0.0,0.0,0.0,0.0,0.0,0.0,0.5081578493118286,0.4035359025001526
0.5218619704246521,0.2667669951915741,0.5418027639389038,0.2444456368684768,0.5045326352119446,0.251647800207138,0.5725213885307312,0.2748714983463287,0.4876582026481628,0.2916870713233948,0.6124709844589233,0.3905345797538757,0.4492745399475097,0.4195642471313476,0.6893209218978882,0.2297635972499847,0.3472732901573181,0.3013946712017059,0.5486639142036438,0.1407504826784134,0.4735519289970398,0.1502433270215988,0.6082281470298767,0.8516388535499573,0.4586986005306244,0.8663560748100281,0.0,0.0,0.0,0.0,0.0,0.0,0.0,0.0,0.5333243012428284,0.4063396155834198
0.47442826628685,0.2598032355308532,0.4990388453006744,0.2370555251836776,0.453910768032074,0.2361536175012588,0.5276902914047241,0.2739867866039276,0.4245281815528869,0.2780576646327972,0.5623258352279663,0.3870580494403839,0.4032637476921081,0.409631073474884,0.6566784977912903,0.2376793771982193,0.303716629743576,0.280890017747879,0.5234242677688599,0.1298751533031463,0.4444928765296936,0.1197575330734252,0.5622938275337219,0.860929548740387,0.4085533618927002,0.8825892210006714,0.0,0.0,0.0,0.0,0.0,0.0,0.0,0.0,0.4790971875190735,0.3958496153354645
0.3876346945762634,0.2489652633666992,0.4128964841365814,0.2284534722566604,0.3677566647529602,0.2243874818086624,0.4387555420398712,0.2665905356407165,0.3384512066841125,0.2633674442768097,0.4657736420631408,0.3816975057125091,0.2987658977508545,0.386062890291214,0.5777329206466675,0.2447930574417114,0.2079779058694839,0.2362161576747894,0.4445339739322662,0.1134013086557388,0.4104020893573761,0.101016566157341,0.469087153673172,0.816252589225769,0.3329155445098877,0.8313085436820984,0.0,0.0,0.0,0.0,0.0,0.0,0.0,0.0,0.3832144737243652,0.3856635093688965
0.4238901138305664,0.5451558232307434,0.4572617411613464,0.5013509392738342,0.3883652091026306,0.5082412958145142,0.5113693475723267,0.5413110852241516,0.3498781323432922,0.5532180666923523,0.5758266448974609,0.7372065782546997,0.289777010679245,0.7472652196884155,0.7264717221260071,0.4985049664974212,0.1323887407779693,0.494549036026001,0.5763540267944336,0.2846026718616485,0.3412405848503113,0.2757604122161865,0.0,0.0,0.0,0.0,0.0,0.0,0.0,0.0,0.0,0.0,0.0,0.0,0.423993855714798,0.7549028396606445
0.4194197356700897,0.5454798340797424,0.4522942006587982,0.4998311102390289,0.3844255805015564,0.5083410143852234,0.5020117163658142,0.5428702235221863,0.3448043465614319,0.5523425936698914,0.5647625923156738,0.7382226586341858,0.2837265133857727,0.7465471625328064,0.7187714576721191,0.4945113956928253,0.1133698746562004,0.5097578167915344,0.527927815914154,0.2634910047054291,0.3339991569519043,0.2782873213291168,0.0,0.0,0.0,0.0,0.0,0.0,0.0,0.0,0.0,0.0,0.0,0.0,0.4185886681079864,0.7538180351257324
0.415320336818695,0.5465851426124573,0.4481702148914337,0.5009241700172424,0.3813312649726867,0.509454607963562,0.4981633126735687,0.5444494485855103,0.3406476080417633,0.5582830309867859,0.5629745125770569,0.7401024103164673,0.2867732048034668,0.748534083366394,0.7070440649986267,0.509819507598877,0.1128760203719139,0.5269481539726257,0.5454892516136169,0.2917580902576446,0.3180922567844391,0.2899673581123352,0.0,0.0,0.0,0.0,0.0,0.0,0.0,0.0,0.0,0.0,0.0,0.0,0.4195031523704529,0.7522692680358887
0.4172942340373993,0.5557526350021362,0.450836569070816,0.5108707547187805,0.3844645917415619,0.5164909362792969,0.5048986077308655,0.5483072400093079,0.3458539545536041,0.5605844259262085,0.5667165517807007,0.7428544163703918,0.2877909243106842,0.7521775960922241,0.71656334400177,0.5145054459571838,0.1187616065144538,0.5327876210212708,0.5689955949783325,0.32171431183815,0.3429763615131378,0.2965160310268402,0.0,0.0,0.0,0.0,0.0,0.0,0.0,0.0,0.0,0.0,0.0,0.0,0.4228975772857666,0.7559671998023987
0.4908336699008941,0.5713101029396057,0.5269321799278259,0.5294291377067566,0.4634628295898437,0.537858784198761,0.5917783379554749,0.5646410584449768,0.4329640865325928,0.5818639397621155,0.6638498306274414,0.772676408290863,0.3737524449825287,0.7746397256851196,0.7961227297782898,0.5292571783065796,0.2055588662624359,0.5793947577476501,0.6103187203407288,0.3534130752086639,0.38924640417099,0.3425751030445099,0.0,0.0,0.0,0.0,0.0,0.0,0.0,0.0,0.0,0.0,0.0,0.0,0.5152314901351929,0.7751267552375793
0.6582907438278198,0.615568995475769,0.6944501996040344,0.5679908394813538,0.625784695148468,0.573449432849884,0.7533923983573914,0.613286554813385,0.5896987318992615,0.6198318600654602,0.8100134134292603,0.8136293292045593,0.5237476229667664,0.7999891042709351,0.9910714030265808,0.5996132493019104,0.3820900917053222,0.599216878414154,0.7886682748794556,0.3794560134410858,0.5630694627761841,0.3779951930046081,0.0,0.0,0.0,0.0,0.0,0.0,0.0,0.0,0.0,0.0,0.0,0.0,0.6611733436584473,0.8168301582336426
0.7279024124145508,0.6202449202537537,0.763485848903656,0.5789431929588318,0.6943219900131226,0.5770449042320251,0.8192139267921448,0.6230820417404175,0.6518558859825134,0.6178258061408997,0.8688237071037292,0.8093307614326477,0.5747798085212708,0.7889060974121094,0.0,0.0,0.4392906725406647,0.5757313966751099,0.0,0.0,0.6815390586853027,0.347243994474411,0.0,0.0,0.0,0.0,0.0,0.0,0.0,0.0,0.0,0.0,0.0,0.0,0.7201758623123169,0.8097602128982544
0.7030712366104126,0.6063023805618286,0.7354836463928223,0.5622479319572449,0.66771000623703,0.5685374140739441,0.78252774477005,0.6119518280029297,0.6228907704353333,0.6129443049430847,0.834260106086731,0.7988055944442749,0.5484713315963745,0.791121780872345,0.9910714030265808,0.7030394673347473,0.4161039292812347,0.5690620541572571,0.8638186454772949,0.3655599653720855,0.6564083099365234,0.3489493727684021,0.0,0.0,0.0,0.0,0.0,0.0,0.0,0.0,0.0,0.0,0.0,0.0,0.6919955611228943,0.8061191439628601
0.6390811800956726,0.5901409983634949,0.6732944250106812,0.5473286509513855,0.6067147850990295,0.5531930327415466,0.7260480523109436,0.5855750441551208,0.5658581256866455,0.5937919020652771,0.7826612591743469,0.7988353967666626,0.4891847670078277,0.7830281853675842,0.9799363017082214,0.5910523533821106,0.3514853417873382,0.5637479424476624,0.7629891633987427,0.3216687142848968,0.5924789309501648,0.3318708837032318,0.0,0.0,0.0,0.0,0.0,0.0,0.0,0.0,0.0,0.0,0.0,0.0,0.6300281882286072,0.8013513684272766
0.584421694278717,0.5814884901046753,0.6196322441101074,0.540651261806488,0.5542729496955872,0.544525682926178,0.6778637766838074,0.5714961886405945,0.5174861550331116,0.5835127234458923,0.734225332736969,0.7726621031761169,0.4510743021965027,0.7630206942558289,0.9140701293945312,0.5554463267326355,0.3031709790229797,0.5646448731422424,0.7430533170700073,0.3513469398021698,0.5386459827423096,0.3289496898651123,0.0,0.0,0.0,0.0,0.0,0.0,0.0,0.0,0.0,0.0,0.0,0.0,0.5878615379333496,0.7780056595802307
0.543044924736023,0.5731105804443359,0.5739352107048035,0.5285745859146118,0.5097858309745789,0.5364887118339539,0.6223444938659668,0.5605156421661377,0.4676738381385803,0.5847064852714539,0.6904887557029724,0.7715031504631042,0.4048177301883697,0.7633110284805298,0.8781269788742065,0.5314759612083435,0.2590925097465515,0.5653395056724548,0.7172713875770569,0.3533927798271179,0.5074185729026794,0.3021135628223419,0.0,0.0,0.0,0.0,0.0,0.0,0.0,0.0,0.0,0.0,0.0,0.0,0.5427563786506653,0.7759818434715271
0.4942793846130371,0.5623869895935059,0.5269747376441956,0.5202268362045288,0.461076021194458,0.5259271264076233,0.5838547945022583,0.5577490925788879,0.4210584461688995,0.5689684748649597,0.6517678499221802,0.7538518905639648,0.3612153232097626,0.7610625624656677,0.810493528842926,0.5236543416976929,0.2011599540710449,0.5572271943092346,0.6457599401473999,0.3271602988243103,0.4258461892604828,0.3139376938343048,0.0,0.0,0.0,0.0,0.0,0.0,0.0,0.0,0.0,0.0,0.0,0.0,0.4987392425537109,0.7606410980224609
0.4539192616939544,0.5541676878929138,0.4877778589725494,0.5120980143547058,0.422530323266983,0.5244942307472229,0.546203076839447,0.550239086151123,0.382500559091568,0.5780819654464722,0.6031199097633362,0.7499796152114868,0.3295920491218567,0.7515875101089478,0.756978452205658,0.5110307931900024,0.163991093635559,0.5554121136665344,0.607456624507904,0.3258694112300873,0.3885281085968017,0.3076737225055694,0.0,0.0,0.0,0.0,0.0,0.0,0.0,0.0,0.0,0.0,0.0,0.0,0.458780974149704,0.7614916563034058
0.4102095067501068,0.5548326969146729,0.440902441740036,0.5117776393890381,0.3756555616855621,0.5191014409065247,0.4906364977359772,0.5537115931510925,0.3327357470989227,0.5736285448074341,0.5582544803619385,0.7435344457626343,0.2766061425209045,0.7589057087898254,0.715150773525238,0.5072236657142639,0.1027614548802375,0.562092661857605,0.5554857850074768,0.3252247869968414,0.3299586772918701,0.3073558509349823,0.0,0.0,0.0,0.0,0.0,0.0,0.0,0.0,0.0,0.0,0.0,0.0,0.4119522273540497,0.7600201368331909
0.3818378150463104,0.5583991408348083,0.4148293137550354,0.5120858550071716,0.3492171466350555,0.5244544744491577,0.4679028391838074,0.5493885278701782,0.3080053031444549,0.5784997344017029,0.525802493095398,0.758303701877594,0.2437121570110321,0.7781310677528381,0.6785606741905212,0.4977038502693176,0.0597538165748119,0.575223982334137,0.5073200464248657,0.3217605650424957,0.2927144467830658,0.3111931681632995,0.0,0.0,0.0,0.0,0.0,0.0,0.0,0.0,0.0,0.0,0.0,0.0,0.3828129768371582,0.7720711827278137
0.4139386117458343,0.726745069026947,0.4459831416606903,0.6822176575660706,0.3812973499298095,0.686722457408905,0.4905226230621338,0.7070063352584839,0.3407661318778991,0.7197522521018982,0.5618108510971069,0.875114917755127,0.2810613512992859,0.9056720733642578,0.7012380361557007,0.6738735437393188,0.1134225577116012,0.7518796324729919,0.5234820246696472,0.5229482054710388,0.2936108112335205,0.5290976762771606,0.0,0.0,0.0,0.0,0.0,0.0,0.0,0.0,0.0,0.0,0.0,0.0,0.424848347902298,0.9064543843269348
0.4293771088123321,0.7916030287742615,0.4611047804355621,0.7455744743347168,0.3953311443328857,0.7454557418823242,0.5130794644355774,0.7705140709877014,0.3617734313011169,0.7769273519515991,0.566881000995636,0.9280651807785034,0.3055302500724792,0.953723132610321,0.715571939945221,0.7567369341850281,0.139321893453598,0.8070786595344543,0.5114008188247681,0.5762044191360474,0.361540138721466,0.5501052737236023,0.0,0.0,0.0,0.0,0.0,0.0,0.0,0.0,0.0,0.0,0.0,0.0,0.4395651221275329,0.9795472025871276
0.4343587756156921,0.79239422082901,0.4647358059883117,0.7475558519363403,0.4048163592815399,0.7491129636764526,0.5128613710403442,0.7745278477668762,0.3692604005336761,0.7848709225654602,0.5690333247184753,0.9358431100845336,0.3097567558288574,0.9517321586608888,0.7089154124259949,0.7576120495796204,0.154337540268898,0.8011080026626587,0.5648968815803528,0.6066474914550781,0.3485985398292541,0.5777220129966736,0.0,0.0,0.0,0.0,0.0,0.0,0.0,0.0,0.0,0.0,0.0,0.0,0.4420482516288757,0.97993266582489
0.4626666605472564,0.7498442530632019,0.4956896007061004,0.7027998566627502,0.4320788383483886,0.7053378820419312,0.5454341173171997,0.734927773475647,0.3946552574634552,0.7403859496116638,0.606712818145752,0.9057837724685668,0.3348284065723419,0.919141173362732,0.7423756718635559,0.723059356212616,0.1807163059711456,0.7623389959335327,0.5437562465667725,0.5467361211776733,0.3791359961032867,0.5430434942245483,0.0,0.0,0.0,0.0,0.0,0.0,0.0,0.0,0.0,0.0,0.0,0.0,0.4723133742809295,0.9337320923805236
0.5072007775306702,0.6645486950874329,0.5405398607254028,0.6204447150230408,0.4775580465793609,0.6283659338951111,0.5954298377037048,0.655705451965332,0.4410141110420227,0.6721892952919006,0.658604085445404,0.8424773812294006,0.376366376876831,0.8362941741943359,0.8099231123924255,0.6313262581825256,0.2253912389278412,0.6729055047035217,0.6021534204483032,0.4386772513389587,0.426598310470581,0.4342119693756103,0.0,0.0,0.0,0.0,0.0,0.0,0.0,0.0,0.0,0.0,0.0,0.0,0.5187268853187561,0.844087541103363
0.5344620943069458,0.6036451458930969,0.5672106742858887,0.5615626573562622,0.5038719773292542,0.5670565962791443,0.6140343546867371,0.6039789915084839,0.4623299539089203,0.6138072609901428,0.6694803237915039,0.7935189008712769,0.4012801349163055,0.7948952317237854,0.8299560546875,0.5702271461486816,0.2569382786750793,0.598566472530365,0.6533761024475098,0.3731650412082672,0.4430796802043915,0.3828913569450378,0.0,0.0,0.0,0.0,0.0,0.0,0.0,0.0,0.0,0.0,0.0,0.0,0.5318886637687683,0.8043397068977356
0.5045415163040161,0.5761056542396545,0.5396651029586792,0.5387441515922546,0.4758214652538299,0.5400294661521912,0.585673987865448,0.5683969855308533,0.4345854818820953,0.580445408821106,0.6346973776817322,0.7552004456520081,0.365456759929657,0.747329592704773,0.7485886216163635,0.5324293375015259,0.2654765546321869,0.4898216426372528,0.0,0.0,0.4483530223369598,0.2777948677539825,0.0,0.0,0.0,0.0,0.0,0.0,0.0,0.0,0.0,0.0,0.0,0.0,0.5012528896331787,0.7581024765968323
0.4167369902133941,0.5889943242073059,0.4507860839366913,0.5472415685653687,0.3829651772975921,0.5494067668914795,0.4980518817901611,0.5815336108207703,0.3384629189968109,0.5904670357704163,0.5556110143661499,0.7641841769218445,0.2952292859554291,0.7848650217056274,0.7178394198417664,0.5962128639221191,0.1006012335419654,0.6657777428627014,0.5089059472084045,0.4131226241588592,0.3138883709907532,0.4164620041847229,0.0,0.0,0.0,0.0,0.0,0.0,0.0,0.0,0.0,0.0,0.0,0.0,0.42428919672966,0.7787078022956848
0.4287672638893127,0.602303683757782,0.4662345945835113,0.5553678870201111,0.3933804333209991,0.551027238368988,0.5144861340522766,0.5866695046424866,0.3483263552188873,0.5822734236717224,0.5597438812255859,0.7622904181480408,0.2897649109363556,0.7870767712593079,0.7370004653930664,0.6272881627082825,0.0868875011801719,0.702595591545105,0.0,0.0,0.3102076947689056,0.4726346433162689,0.0,0.0,0.0,0.0,0.0,0.0,0.0,0.0,0.0,0.0,0.0,0.0,0.4259344637393951,0.7788662314414978
0.4299437701702118,0.3070740103721618,0.4515110850334167,0.2834327816963196,0.4151191115379333,0.2800570130348205,0.4749145209789276,0.3118350505828857,0.3909828662872314,0.3056587874889374,0.5007210373878479,0.4203374087810516,0.3533218204975128,0.4229957163333893,0.5954397916793823,0.3447853624820709,0.2665460705757141,0.3348625004291534,0.4803197085857391,0.2209108769893646,0.4195689558982849,0.1920949667692184,0.4928207397460937,0.8652753829956055,0.3597848117351532,0.8820638060569763,0.0,0.0,0.0,0.0,0.0,0.0,0.0,0.0,0.4267710149288177,0.4203293919563293
0.4650768339633941,0.3074829578399658,0.4853414595127105,0.2825729548931122,0.4468379020690918,0.2844882309436798,0.5125359892845154,0.3080953657627105,0.424843817949295,0.3148691654205322,0.5401598215103149,0.4166834652423858,0.3996957242488861,0.430010586977005,0.6262632608413696,0.3191342651844024,0.3019805550575256,0.3407697677612304,0.5052781105041504,0.2053713649511337,0.4507443904876709,0.1860376596450805,0.5363622903823853,0.8477880358695984,0.4058501720428467,0.8518075942993164,0.0,0.0,0.0,0.0,0.0,0.0,0.0,0.0,0.4694116413593292,0.4222436845302582
0.4448155760765075,0.3048844337463379,0.4654196798801422,0.2821170687675476,0.4275038242340088,0.2838345468044281,0.4920808672904968,0.3091557025909424,0.4073614478111267,0.3197021782398224,0.5214750170707703,0.4239279329776764,0.3751772940158844,0.4359358251094818,0.61371248960495,0.3172543346881866,0.2801990807056427,0.3360156118869781,0.4760627448558807,0.1913858354091644,0.4209952652454376,0.176567792892456,0.521174967288971,0.8642024993896484,0.3808468282222748,0.8714932799339294,0.0,0.0,0.0,0.0,0.0,0.0,0.0,0.0,0.4480364918708801,0.4299860000610351
0.4297498166561126,0.3004680573940277,0.4539426863193512,0.2801803648471832,0.4141905903816223,0.2799708545207977,0.4809897243976593,0.3124370276927948,0.3943654000759125,0.3118331730365753,0.5142629742622375,0.4204097688198089,0.3581817746162414,0.4296527802944183,0.5952736139297485,0.3133417665958404,0.2710287272930145,0.3328336179256439,0.4753276407718658,0.1964960247278213,0.4021527767181396,0.1896698921918869,0.5043610334396362,0.8796750903129578,0.3635456562042236,0.8844316601753235,0.0,0.0,0.0,0.0,0.0,0.0,0.0,0.0,0.4372709393501282,0.4232881665229797
0.4345806539058685,0.2960450649261474,0.458991140127182,0.2767889201641083,0.4176008701324463,0.275617778301239,0.484578400850296,0.3117850422859192,0.395314872264862,0.3082217872142792,0.5151461958885193,0.4197767078876495,0.3533556461334228,0.4238087236881256,0.6024552583694458,0.3177366852760315,0.2653233110904693,0.3275417387485504,0.4751603901386261,0.1923337131738662,0.4059695303440094,0.1856221407651901,0.5059330463409424,0.8801072239875793,0.3625921607017517,0.886269211769104,0.0,0.0,0.0,0.0,0.0,0.0,0.0,0.0,0.4361388087272644,0.4196362793445587
0.4864655435085296,0.2962759137153625,0.5040768384933472,0.2725037336349487,0.4689119160175323,0.2775479555130005,0.5352672338485718,0.2962796986103058,0.4470465183258056,0.310950368642807,0.5806737542152405,0.4053211808204651,0.4155934453010559,0.428088366985321,0.6516127586364746,0.2886088192462921,0.3153456151485443,0.3195590674877167,0.5137895941734314,0.171907752752304,0.4223986566066742,0.2161337435245514,0.5728663206100464,0.8677570223808289,0.4254157841205597,0.8997181057929993,0.0,0.0,0.0,0.0,0.0,0.0,0.0,0.0,0.4986751973628998,0.4159240126609802
0.5414946675300598,0.2950021922588348,0.5637314915657043,0.2649895548820495,0.5210789442062378,0.270050585269928,0.5930704474449158,0.2908545136451721,0.4986040890216827,0.3043898940086365,0.627989649772644,0.3884835839271545,0.4753573536872864,0.4221539199352264,0.7053140997886658,0.2407763451337814,0.3869250118732452,0.2704712152481079,0.5829581022262573,0.1225432232022285,0.4812158942222595,0.1522158831357956,0.6224282383918762,0.8510459661483765,0.4764652550220489,0.8664823174476624,0.0,0.0,0.0,0.0,0.0,0.0,0.0,0.0,0.5511363744735718,0.4050043225288391
0.5522934198379517,0.2956230640411377,0.5712668299674988,0.2645880579948425,0.5310028791427612,0.2713485956192016,0.5978270769119263,0.282536119222641,0.5092759132385254,0.299953281879425,0.6373483538627625,0.3876389861106872,0.479670763015747,0.4171931147575378,0.713591992855072,0.2349017113447189,0.3971312344074249,0.2595609128475189,0.5979304313659668,0.1130934432148933,0.4936940968036651,0.1442761719226837,0.629615306854248,0.8479325175285339,0.4840005338191986,0.8658760786056519,0.0,0.0,0.0,0.0,0.0,0.0,0.0,0.0,0.5584637522697449,0.4014602303504944
0.5421485304832458,0.2939949631690979,0.5625530481338501,0.2668947279453277,0.5213567614555359,0.2694793343544006,0.5889931917190552,0.2906751036643982,0.4966486096382141,0.3004024922847748,0.6212605834007263,0.3892044126987457,0.4676951467990875,0.4174745678901672,0.6973756551742554,0.2350248545408249,0.3871118128299713,0.2648734748363495,0.5782202482223511,0.1096964552998542,0.4766252934932709,0.1500000655651092,0.6150032877922058,0.8450517654418945,0.4686073362827301,0.8472086191177368,0.0,0.0,0.0,0.0,0.0,0.0,0.0,0.0,0.5452800989151001,0.4031227231025696
0.4984661638736725,0.2873207032680511,0.5171334147453308,0.26320481300354,0.4773224294185638,0.2695919275283813,0.546099066734314,0.288584291934967,0.4534505903720855,0.3017451465129852,0.5816134810447693,0.3955589234828949,0.422939270734787,0.4141843318939209,0.6620175242424011,0.2464767545461654,0.3438019156455993,0.2729658186435699,0.5429976582527161,0.1283256560564041,0.4484849572181701,0.145202949643135,0.5752696990966797,0.848495364189148,0.4327066838741302,0.851651668548584,0.0,0.0,0.0,0.0,0.0,0.0,0.0,0.0,0.5027543902397156,0.4023323059082031
0.4402069747447967,0.2946502268314361,0.4640785157680511,0.2663867473602295,0.4217559397220611,0.2707236111164093,0.4907198548316955,0.2943842113018036,0.3998651802539825,0.300301730632782,0.5206025242805481,0.402033120393753,0.3663048446178436,0.4148045480251312,0.6146620512008667,0.272360235452652,0.2806926965713501,0.2954411804676056,0.4991771876811981,0.1539888083934784,0.4040010273456573,0.148463100194931,0.5135639905929565,0.8798827528953552,0.3651442527770996,0.8867161870002747,0.0,0.0,0.0,0.0,0.0,0.0,0.0,0.0,0.4445340633392334,0.4064898192882538
0.4273220598697662,0.2907228469848633,0.4502517879009247,0.2650095224380493,0.4080072343349457,0.2670477330684662,0.4782963395118713,0.2922069132328033,0.3838112354278564,0.2940048575401306,0.5127245187759399,0.4014976918697357,0.3464980125427246,0.4193484485149383,0.5980909466743469,0.273541122674942,0.2619701027870178,0.2910599708557129,0.4723053574562073,0.1524494439363479,0.399099200963974,0.1415303200483322,0.5041771531105042,0.8644129633903503,0.3568288683891296,0.8834046125411987,0.0,0.0,0.0,0.0,0.0,0.0,0.0,0.0,0.4318493902683258,0.4072252810001373
0.3990402221679687,0.2881736755371094,0.4207919239997864,0.2676497399806976,0.3800389766693115,0.2654049396514892,0.4475320875644684,0.2964929938316345,0.353403776884079,0.293378621339798,0.4781540930271148,0.4044930040836334,0.3158308565616607,0.4160374701023102,0.5701411366462708,0.2924077212810516,0.2281334400177002,0.308394193649292,0.4381978809833526,0.1690270006656646,0.3794532418251037,0.1678945273160934,0.4877607226371765,0.8662515878677368,0.3487092852592468,0.8990655541419983,0.0,0.0,0.0,0.0,0.0,0.0,0.0,0.0,0.3980146944522857,0.4080471694469452
0.4477697908878326,0.2910610735416412,0.4679433703422546,0.2640540301799774,0.4292318820953369,0.2683880925178528,0.4944154322147369,0.2911736667156219,0.4066689312458038,0.3023246228694916,0.5299665331840515,0.4141625761985779,0.3744874000549316,0.4299684166908264,0.6168652176856995,0.3166704475879669,0.2702091038227081,0.3504067063331604,0.4739810526371002,0.1856595575809478,0.4173600673675537,0.1863609999418258,0.5302969813346863,0.8643510937690735,0.3885922431945801,0.883982241153717,0.0,0.0,0.0,0.0,0.0,0.0,0.0,0.0,0.4509577751159668,0.4210708141326904
0.5235509872436523,0.2887406647205353,0.5365412831306458,0.2740679085254669,0.5050286054611206,0.2759422957897186,0.5592616200447083,0.303343802690506,0.4755516648292541,0.3115875124931335,0.5973253846168518,0.4154770672321319,0.4340706467628479,0.4322879910469055,0.6830200552940369,0.329532653093338,0.3381001651287079,0.3888060450553894,0.5592394471168518,0.2265078723430633,0.4352253377437591,0.2827496230602264,0.5993825793266296,0.8659923672676086,0.4551721513271332,0.8707462549209595,0.0,0.0,0.0,0.0,0.0,0.0,0.0,0.0,0.5143843293190002,0.422512799501419
0.4620293974876404,0.2886207401752472,0.4805798530578613,0.2709920704364776,0.4449304938316345,0.2766942381858825,0.5154511332511902,0.2916554510593414,0.4250639081001282,0.3110286891460418,0.5572260618209839,0.4091209769248962,0.3988508880138397,0.4281189739704132,0.6599878668785095,0.3543964326381683,0.3143302798271179,0.4085281789302826,0.5464736223220825,0.2651029825210571,0.3862513899803161,0.3132936060428619,0.5576772093772888,0.8668733835220337,0.4207484424114227,0.8724321126937866,0.0,0.0,0.0,0.0,0.0,0.0,0.0,0.0,0.4778618514537811,0.4148969054222107
0.4553087055683136,0.2861013412475586,0.4751324355602264,0.2670140564441681,0.4398014545440674,0.2753902375698089,0.5119551420211792,0.2888951003551483,0.4225423634052276,0.3132706582546234,0.5514861941337585,0.4099636971950531,0.3965732455253601,0.4299471378326416,0.6553162932395935,0.3531246483325958,0.3146317899227142,0.4089931547641754,0.5492092370986938,0.2707065641880035,0.3813693821430206,0.3114306628704071,0.5509752035140991,0.8799965977668762,0.4108052849769592,0.8849591612815857,0.0,0.0,0.0,0.0,0.0,0.0,0.0,0.0,0.4744252264499664,0.4161200821399688
0.4888363182544708,0.2871460318565368,0.5086355805397034,0.2636249959468841,0.4689123034477234,0.2648577988147735,0.5376353859901428,0.2906295955181122,0.4430969059467315,0.293013721704483,0.5691190958023071,0.4036302864551544,0.4167495667934418,0.4241588115692138,0.6582582592964172,0.3014177978038788,0.3155730664730072,0.3453843593597412,0.5649828314781189,0.2230690270662307,0.4601617753505707,0.172527328133583,0.5622660517692566,0.869114875793457,0.4217813313007355,0.899832546710968,0.0,0.0,0.0,0.0,0.0,0.0,0.0,0.0,0.4924784302711487,0.4109391272068023
0.5021241903305054,0.2896774113178253,0.5249186158180237,0.2705804109573364,0.4835863709449768,0.2686519920825958,0.5515506267547607,0.2957851588726043,0.4550862908363342,0.2970576286315918,0.5854546427726746,0.4106497168540954,0.4152085185050964,0.423916757106781,0.6667104959487915,0.2968724071979522,0.3289123177528381,0.3283285498619079,0.5416120886802673,0.1729134321212768,0.0,0.0,0.5688745975494385,0.8832307457923889,0.4247802197933197,0.9011155962944032,0.0,0.0,0.0,0.0,0.0,0.0,0.0,0.0,0.5010184049606323,0.4143362045288086
0.5081523656845093,0.2906351685523987,0.5284290313720703,0.2674407660961151,0.4910271465778351,0.2706300318241119,0.5556493997573853,0.2939673960208893,0.4697715640068054,0.2994669079780578,0.593208909034729,0.4078049957752228,0.4326208233833313,0.4208957850933075,0.6787769198417664,0.2795376479625702,0.3433449566364288,0.308073341846466,0.5511553883552551,0.1525293886661529,0.4440469145774841,0.213510975241661,0.5838257074356079,0.8523150086402893,0.444244921207428,0.8675714135169983,0.0,0.0,0.0,0.0,0.0,0.0,0.0,0.0,0.5134723782539368,0.4137445092201233
0.4477469623088836,0.286496639251709,0.4693467020988464,0.2583341300487518,0.4294979572296142,0.2654450535774231,0.5021356344223022,0.2835197150707245,0.4115457832813263,0.3038118779659271,0.5364006161689758,0.3939940631389618,0.3812534809112549,0.4139831066131592,0.6248887181282043,0.2772859930992126,0.2853304743766784,0.2900189757347107,0.5096930265426636,0.1546320766210556,0.4159404933452606,0.1406931281089782,0.5318089127540588,0.8349204063415527,0.3746896088123321,0.8827714323997498,0.0,0.0,0.0,0.0,0.0,0.0,0.0,0.0,0.4575486183166504,0.4029945433139801
0.4170494079589844,0.2843111157417297,0.4395138621330261,0.2579143941402435,0.398988664150238,0.2598159909248352,0.4720998108386993,0.2842393815517425,0.3784470558166504,0.2922260761260986,0.5093420743942261,0.3924043774604797,0.3430925905704498,0.4108569025993347,0.6053684949874878,0.2770983874797821,0.2592338025569916,0.2722293734550476,0.4734644293785095,0.1444583982229232,0.4080848097801208,0.1391859799623489,0.5007314085960388,0.8783726096153259,0.3501163125038147,0.8969380259513855,0.0,0.0,0.0,0.0,0.0,0.0,0.0,0.0,0.4271459877490997,0.4005608260631561
0.3961556255817413,0.2804973423480987,0.4202606976032257,0.2617010474205017,0.3786249458789825,0.2572273015975952,0.4455508589744568,0.2949184775352478,0.3535133302211761,0.2871300280094147,0.4734215140342712,0.3916074633598327,0.313741385936737,0.4023129045963287,0.5744304656982422,0.2746303379535675,0.2352863103151321,0.2616741359233856,0.4543452262878418,0.1561025083065033,0.3647566139698028,0.1573623418807983,0.4756989479064941,0.8501062989234924,0.3300330936908722,0.881754457950592,0.0,0.0,0.0,0.0,0.0,0.0,0.0,0.0,0.3950499594211578,0.3965856432914734
0.4385959208011627,0.2902717590332031,0.4620631039142608,0.2674994170665741,0.421190470457077,0.2702458202838897,0.4886285960674286,0.3044348359107971,0.400730550289154,0.3066668212413788,0.5203280448913574,0.4028139412403106,0.3715420365333557,0.4214856624603271,0.597751796245575,0.2759567201137543,0.291560024023056,0.2980253100395202,0.4779863655567169,0.1602926701307296,0.4140217900276184,0.1543482095003128,0.5184584259986877,0.8652616143226624,0.3671338260173797,0.8849878907203674,0.0,0.0,0.0,0.0,0.0,0.0,0.0,0.0,0.4460565149784088,0.4101446270942688
0.5238675475120544,0.2915373146533966,0.5400601029396057,0.2688762247562408,0.5033063292503357,0.273375928401947,0.5662919878959656,0.2976260781288147,0.4789406657218933,0.3106946051120758,0.6018808484077454,0.4074325561523437,0.4470880329608917,0.4218217432498932,0.6661884188652039,0.232226088643074,0.3913901150226593,0.2614619135856628,0.5641680359840393,0.1139595434069633,0.4766455590724945,0.1529029309749603,0.601429283618927,0.8460408449172974,0.462987869977951,0.8486140370368958,0.0,0.0,0.0,0.0,0.0,0.0,0.0,0.0,0.5250383615493774,0.4132071435451507
0.5437291860580444,0.2947009205818176,0.5624832510948181,0.2730331718921661,0.5228723287582397,0.2725537419319153,0.5889962315559387,0.3034599423408508,0.4972460865974426,0.3069080412387848,0.6223878860473633,0.4020417630672455,0.4678447544574737,0.4239058494567871,0.6834641695022583,0.2235981971025467,0.400847464799881,0.2632279098033905,0.5758954882621765,0.1110026463866233,0.5053498148918152,0.1532546281814575,0.6145545840263367,0.8463369011878967,0.4745864570140838,0.8503600358963013,0.0,0.0,0.0,0.0,0.0,0.0,0.0,0.0,0.5453904867172241,0.4110165536403656
0.4942294061183929,0.2912464737892151,0.5136330127716064,0.2684477865695953,0.4732559323310852,0.275068998336792,0.5448923707008362,0.2953071296215057,0.4526030719280243,0.3099766373634338,0.5846282839775085,0.4014035165309906,0.4250712096691131,0.4227665066719055,0.6373923420906067,0.2226940542459488,0.3553052246570587,0.2612933218479156,0.5313333868980408,0.1141016334295272,0.4594932198524475,0.1337310373783111,0.574687123298645,0.8521544337272644,0.4350457191467285,0.8692561984062195,0.0,0.0,0.0,0.0,0.0,0.0,0.0,0.0,0.5049752593040466,0.4117768704891205
0.4436714053153991,0.2889784276485443,0.465055912733078,0.2674432396888733,0.4262375235557556,0.2720013260841369,0.48988938331604,0.3002462685108185,0.4045777916908264,0.3105082213878631,0.5239840149879456,0.4023606479167938,0.3727688491344452,0.4188037514686584,0.595897376537323,0.2395023107528686,0.3285764753818512,0.2623410522937774,0.4780855476856231,0.1147792786359787,0.4188316464424133,0.1214237362146377,0.5249622464179993,0.8335364460945129,0.3837460875511169,0.8512916564941406,0.0,0.0,0.0,0.0,0.0,0.0,0.0,0.0,0.4474903047084808,0.4093605875968933
0.4269425272941589,0.2964395582675934,0.4479513466358185,0.2731741368770599,0.4070260524749756,0.2760661542415619,0.4733657240867615,0.3013114631175995,0.3843786418437958,0.3096702098846435,0.5079180002212524,0.4005111157894134,0.3550344407558441,0.4163729548454284,0.5825535655021667,0.2415756285190582,0.3095619678497314,0.2669565081596374,0.4624390304088592,0.129933163523674,0.3966477513313293,0.1447801887989044,0.5191017985343933,0.8607147336006165,0.3775609135627746,0.8835861086845398,0.0,0.0,0.0,0.0,0.0,0.0,0.0,0.0,0.4317081570625305,0.4075198471546173
0.491046279668808,0.2962330877780914,0.5093093514442444,0.2734015882015228,0.4714571833610534,0.279322475194931,0.5418025255203247,0.2996658384799957,0.4525115489959717,0.3147630095481872,0.5795095562934875,0.4004352986812591,0.423971563577652,0.4277887344360351,0.6429070830345154,0.2584392726421356,0.3571846187114715,0.3030396997928619,0.520255446434021,0.1515530794858932,0.4514441192150116,0.2080846130847931,0.575592577457428,0.8511964678764343,0.4416559040546417,0.8691603541374207,0.0,0.0,0.0,0.0,0.0,0.0,0.0,0.0,0.5042108297348022,0.412243515253067
0.5457322597503662,0.3072850108146667,0.5658199787139893,0.2807969450950622,0.5271086096763611,0.2867488265037536,0.5955619812011719,0.3023325800895691,0.508567750453949,0.317174881696701,0.6345025897026062,0.4026741087436676,0.48325115442276,0.4362552165985107,0.6880673170089722,0.2731338143348694,0.0,0.0,0.5779061913490295,0.1873806267976761,0.0,0.0,0.6264014840126038,0.8496960997581482,0.4874199330806732,0.8638281226158142,0.0,0.0,0.0,0.0,0.0,0.0,0.0,0.0,0.560240626335144,0.4170293807983398
0.5459111928939819,0.3088997006416321,0.5658231973648071,0.2840437591075897,0.5279707908630371,0.2884829342365265,0.5950667262077332,0.3113644421100616,0.5074089765548706,0.3191039860248565,0.6303668022155762,0.4093003869056701,0.4787121117115021,0.4375348091125488,0.6882742047309875,0.2793735861778259,0.0,0.0,0.575959324836731,0.1919299215078354,0.0,0.0,0.622909665107727,0.849390983581543,0.4876698851585388,0.8651555776596069,0.0,0.0,0.0,0.0,0.0,0.0,0.0,0.0,0.5551277995109558,0.4209106564521789
0.6721000075340271,0.2707475423812866,0.6921858191490173,0.2453108578920364,0.6526533961296082,0.2528721392154693,0.7224885821342468,0.2746072113513946,0.6317276954650879,0.2921071052551269,0.7572924494743347,0.3835984170436859,0.6037492156028748,0.4164056479930877,0.8312382102012634,0.2247089147567749,0.521284282207489,0.3238542973995209,0.7003024816513062,0.1342904418706894,0.6360066533088684,0.1470225304365158,0.778427243232727,0.8688511848449707,0.6287091374397278,0.8963452577590942,0.0,0.0,0.0,0.0,0.0,0.0,0.0,0.0,0.6839144825935364,0.398269385099411
0.7658352255821228,0.2694775462150574,0.7821446657180786,0.2372713536024093,0.742392361164093,0.2522129416465759,0.8131220936775208,0.2584816813468933,0.7177691459655762,0.2903647422790527,0.8535541296005249,0.3816426396369934,0.6924833059310913,0.418676882982254,0.932494044303894,0.2234963178634643,0.5947135090827942,0.3174057006835937,0.7873377203941345,0.1342733800411224,0.7167982459068298,0.1347956955432891,0.8720940351486206,0.8677749037742615,0.7205128073692322,0.8676766157150269,0.0,0.0,0.0,0.0,0.0,0.0,0.0,0.0,0.7740653157234192,0.3992630541324615
0.8086826205253601,0.2744863629341125,0.82737797498703,0.2505711019039154,0.7883830666542053,0.2572747766971588,0.8582329154014587,0.2759223580360412,0.7666959166526794,0.2945203185081482,0.9023800492286682,0.3985860049724579,0.7284994721412659,0.4225066602230072,0.9540685415267944,0.1930409967899322,0.639926552772522,0.3318122029304504,0.8156810402870178,0.1416803300380706,0.7024460434913635,0.2308335751295089,0.9031052589416504,0.8523110151290894,0.756617546081543,0.8493701815605164,0.0,0.0,0.0,0.0,0.0,0.0,0.0,0.0,0.8162487149238586,0.4101635813713074
0.7429397702217102,0.2717064321041107,0.7633654475212097,0.2463483959436416,0.7237123847007751,0.2542838752269745,0.7937836647033691,0.2715089917182922,0.7023735046386719,0.292673259973526,0.8303241729736328,0.3852198421955108,0.6746922731399536,0.4204530715942383,0.9132893681526184,0.2365839332342147,0.5708683729171753,0.3164591193199157,0.7742003202438354,0.1430300623178482,0.6549262404441833,0.2183047086000442,0.8412709832191467,0.8798295855522156,0.6896395683288574,0.8820875883102417,0.0,0.0,0.0,0.0,0.0,0.0,0.0,0.0,0.7515285611152649,0.4032761752605438
0.6689168214797974,0.2763765454292297,0.6875675320625305,0.2526597678661346,0.6504678130149841,0.2587608695030212,0.7176644206047058,0.2767640352249145,0.6313091516494751,0.2947878241539001,0.7527338266372681,0.3944866061210632,0.5973947644233704,0.4176244437694549,0.8311945199966431,0.2406803369522094,0.5072279572486877,0.3029682040214538,0.7033833265304565,0.1420083492994308,0.6416641473770142,0.1519188731908798,0.7654622197151184,0.867805540561676,0.6215707063674927,0.8840100169181824,0.0,0.0,0.0,0.0,0.0,0.0,0.0,0.0,0.6769336462020874,0.4049515724182129
0.64340740442276,0.2830359637737274,0.6614845991134644,0.2579508125782013,0.6236969232559204,0.2652510404586792,0.6914613842964172,0.2827782928943634,0.5990682244300842,0.3038647472858429,0.728419840335846,0.3915571272373199,0.572708249092102,0.4222631156444549,0.8077881932258606,0.2450697273015976,0.4897682666778564,0.3128990232944488,0.6731286644935608,0.1479340493679046,0.0,0.0,0.7455983757972717,0.8624299764633179,0.6097663044929504,0.8694139719009399,0.0,0.0,0.0,0.0,0.0,0.0,0.0,0.0,0.6501466035842896,0.4062292277812958
0.6546956896781921,0.303935706615448,0.6749709844589233,0.2828150391578674,0.6365789771080017,0.2872824370861053,0.7041512727737427,0.3121001720428467,0.614749014377594,0.3258662819862366,0.7361229062080383,0.4233067035675049,0.5822876691818237,0.4405447840690613,0.8076515793800354,0.282251626253128,0.5025532245635986,0.3242978453636169,0.6923502087593079,0.1929680556058883,0.0,0.0,0.7455158829689026,0.845669150352478,0.6149225831031799,0.8649500608444214,0.0,0.0,0.0,0.0,0.0,0.0,0.0,0.0,0.6600238680839539,0.4297166168689728
0.6345992684364319,0.3455614149570465,0.6513312458992004,0.3246381878852844,0.6178298592567444,0.3261392414569855,0.6777995824813843,0.3394588530063629,0.5952011942863464,0.3468244969844818,0.7117766737937927,0.4347062706947326,0.5619013905525208,0.4506309628486633,0.7813788652420044,0.3226516544818878,0.5028309226036072,0.3525954782962799,0.675567626953125,0.2454167604446411,0.5982896685600281,0.262870043516159,0.7162213921546936,0.8437374234199524,0.600028395652771,0.8602150678634644,0.0,0.0,0.0,0.0,0.0,0.0,0.0,0.0,0.6361767053604126,0.4416761100292206
0.6509676575660706,0.3614176213741302,0.6671342253684998,0.3366098999977112,0.6349145174026489,0.3419534862041473,0.6940227150917053,0.3529199957847595,0.6153076887130737,0.3615683019161224,0.730574905872345,0.4556429982185364,0.5847743153572083,0.463357150554657,0.7890890836715698,0.3362298011779785,0.5251689553260803,0.3642893731594085,0.6872343420982361,0.2483009994029998,0.6328262686729431,0.2635654509067535,0.733555793762207,0.8328638076782227,0.6161192655563354,0.844716489315033,0.0,0.0,0.0,0.0,0.0,0.0,0.0,0.0,0.6589580178260803,0.4574768543243408
0.6845211386680603,0.3692259788513183,0.6988505721092224,0.3501873612403869,0.6706781983375549,0.352888286113739,0.7214081883430481,0.3622903823852539,0.6511774659156799,0.37058225274086,0.7553921937942505,0.4593303799629211,0.6150078773498535,0.4582300782203674,0.8058387637138367,0.3499782681465149,0.5640946626663208,0.3846294283866882,0.7139782905578613,0.2673180997371673,0.6514724493026733,0.2958902716636657,0.7520764470100403,0.8334915041923523,0.6417794823646545,0.8361262679100037,0.0,0.0,0.0,0.0,0.0,0.0,0.0,0.0,0.6853356957435608,0.4588205814361572
0.6598610877990723,0.3818540871143341,0.6759858727455139,0.3615520894527435,0.6438700556755066,0.3647105991840362,0.6985625624656677,0.3785756230354309,0.6232063174247742,0.3884688913822174,0.7271279692649841,0.4761882126331329,0.5993156433105469,0.4842806458473205,0.7638582587242126,0.3775899708271026,0.5638319849967957,0.3794746696949005,0.6994139552116394,0.2895516455173492,0.6333070993423462,0.2807881236076355,0.7278128266334534,0.824997067451477,0.6254727244377136,0.828551709651947,0.0,0.0,0.0,0.0,0.0,0.0,0.0,0.0,0.6636218428611755,0.4789287745952606
0.6363068222999573,0.3641623556613922,0.6505939364433289,0.3441904187202453,0.6190432906150818,0.3494560718536377,0.6770086288452148,0.3648951649665832,0.60025554895401,0.3780456185340881,0.7105132341384888,0.4625324606895447,0.5807286500930786,0.4705987572669983,0.7549141645431519,0.3171849846839905,0.5330250263214111,0.3512549102306366,0.6670504212379456,0.2350487858057022,0.6042453646659851,0.2550656497478485,0.7093812227249146,0.8248096704483032,0.6012877821922302,0.8272963762283325,0.0,0.0,0.0,0.0,0.0,0.0,0.0,0.0,0.6449565291404724,0.4673220813274383
0.6393508315086365,0.3637593388557434,0.6530179381370544,0.3436915874481201,0.6226988434791565,0.3493196368217468,0.678979754447937,0.3645613491535187,0.603696882724762,0.379494160413742,0.7125151753425598,0.4606108665466308,0.5872526168823242,0.4780860841274261,0.7587080001831055,0.319226324558258,0.5640348792076111,0.3358998596668243,0.6724696159362793,0.2355198860168457,0.6053942441940308,0.2588497698307037,0.7108616828918457,0.8259395956993103,0.6040593385696411,0.8284473419189453,0.0,0.0,0.0,0.0,0.0,0.0,0.0,0.0,0.6485676765441895,0.4697333872318268
0.6460711359977722,0.3630839884281158,0.6613476872444153,0.3423998653888702,0.6307101249694824,0.3473162055015564,0.6867965459823608,0.3621561527252197,0.6117684245109558,0.3735885620117187,0.7207390069961548,0.4616793096065521,0.5923351645469666,0.4718265533447265,0.7658559679985046,0.3149888813495636,0.5754255652427673,0.3388061225414276,0.6845507621765137,0.2317062467336654,0.6179665327072144,0.257007896900177,0.7212520241737366,0.827593982219696,0.6116120219230652,0.830505907535553,0.0,0.0,0.0,0.0,0.0,0.0,0.0,0.0,0.6548038125038147,0.4663135409355163
0.6282263398170471,0.3598422110080719,0.6425773501396179,0.3405042588710785,0.6118329763412476,0.3443310558795929,0.667149007320404,0.3643558919429779,0.5919658541679382,0.3717018961906433,0.6991463899612427,0.4562225341796875,0.5690709948539734,0.4592846930027008,0.7470514178276062,0.3123948276042938,0.5260874629020691,0.3268060386180877,0.6571167707443237,0.2217651754617691,0.5971875786781311,0.2372345924377441,0.6967412829399109,0.8256107568740845,0.5835663676261902,0.8296641707420349,0.0,0.0,0.0,0.0,0.0,0.0,0.0,0.0,0.632942795753479,0.4600608646869659
0.5248542428016663,0.3316249251365661,0.5400648713111877,0.3118388950824737,0.5093033313751221,0.3150255084037781,0.5660048127174377,0.3358409106731415,0.4906757175922394,0.3446181416511535,0.6046543121337891,0.4444858729839325,0.4574577212333679,0.4483863413333893,0.6471801400184631,0.2716511785984039,0.4241129457950592,0.3024245798587799,0.5611061453819275,0.1858799159526825,0.4636740982532501,0.2542944848537445,0.5969434380531311,0.8291495442390442,0.4816051423549652,0.8337324261665344,0.0,0.0,0.0,0.0,0.0,0.0,0.0,0.0,0.5297423601150513,0.4444581568241119
0.5019750595092773,0.3123246133327484,0.5166788697242737,0.2928848564624786,0.4840569198131561,0.2986599802970886,0.54548579454422,0.3194750845432281,0.46853107213974,0.3319083750247955,0.5861532092094421,0.4308342337608337,0.446949154138565,0.4553089141845703,0.6375728249549866,0.2481811344623565,0.0,0.0,0.5370665192604065,0.1529419124126434,0.0,0.0,0.5855330228805542,0.8481658101081848,0.4610147774219513,0.8639752268791199,0.0,0.0,0.0,0.0,0.0,0.0,0.0,0.0,0.5151097178459167,0.4392707645893097
0.3964033722877502,0.2817147374153137,0.4180568754673004,0.2594534456729889,0.3769957423210144,0.2583969235420227,0.4453769326210022,0.2950053513050079,0.353290855884552,0.2939321100711822,0.4780769348144531,0.4033087790012359,0.3277771770954132,0.4033345878124237,0.545645534992218,0.2237614840269088,0.2554531395435333,0.2366016805171966,0.4322778880596161,0.1021545156836509,0.0,0.0,0.4690778851509094,0.8667952418327332,0.3364693224430084,0.8812292814254761,0.0,0.0,0.0,0.0,0.0,0.0,0.0,0.0,0.4049569964408874,0.4018612205982208
0.4371365904808044,0.2942056655883789,0.4598911106586456,0.2702681720256805,0.4180893301963806,0.2755475342273712,0.4885976314544678,0.3018873035907745,0.3978634774684906,0.3104445934295654,0.52375727891922,0.4104781448841095,0.3637185990810394,0.4139458537101745,0.5993497967720032,0.2553201019763946,0.2922246754169464,0.2662819027900696,0.5009503960609436,0.1371057778596878,0.3898921310901642,0.1544873267412185,0.5027035474777222,0.852155864238739,0.3578316271305084,0.869031548500061,0.0,0.0,0.0,0.0,0.0,0.0,0.0,0.0,0.4423266351222992,0.4121998846530914
0.4354034960269928,0.2944414019584656,0.4571197926998138,0.2719216048717499,0.4171706736087799,0.2751065194606781,0.484292984008789,0.3056802153587341,0.3952517211437225,0.3093333542346954,0.516488254070282,0.4139220118522644,0.3584096729755401,0.4136178195476532,0.5973109006881714,0.2526572346687317,0.2952582836151123,0.2605366706848144,0.4974018037319183,0.1343200355768203,0.4034247100353241,0.1395158469676971,0.4976547360420227,0.8632053136825562,0.3547822833061218,0.8692870140075684,0.0,0.0,0.0,0.0,0.0,0.0,0.0,0.0,0.4364729523658752,0.4122326374053955
0.4382081627845764,0.2951184213161468,0.4595856964588165,0.2701456844806671,0.4187986850738525,0.2773865163326263,0.4887604117393493,0.29988893866539,0.3997003734111786,0.3122144639492035,0.5263155102729797,0.4069800674915313,0.3694864809513092,0.4181099832057953,0.6078289747238159,0.2535703480243683,0.2855261266231537,0.2761013209819793,0.494610995054245,0.1370140463113784,0.3998681008815765,0.1501568108797073,0.5081177949905396,0.8485383987426758,0.363609105348587,0.8552849888801575,0.0,0.0,0.0,0.0,0.0,0.0,0.0,0.0,0.4470501542091369,0.4117144644260406
0.3088798224925995,0.2644089162349701,0.3316814303398132,0.2407015115022659,0.2909547984600067,0.2438035756349563,0.3660399913787842,0.2673380970954895,0.2667401731014251,0.278378814458847,0.403351217508316,0.3944540023803711,0.2297959178686142,0.3953165709972381,0.4992294311523437,0.2369103729724884,0.1343086808919906,0.2103743106126785,0.3802820742130279,0.10128665715456,0.2944888770580292,0.105823278427124,0.3915624916553497,0.9019455909729004,0.239759936928749,0.9049460291862488,0.0,0.0,0.0,0.0,0.0,0.0,0.0,0.0,0.3145217597484588,0.3939712643623352
0.4342260956764221,0.2663012444972992,0.4559043943881988,0.2417110651731491,0.4150426089763641,0.2478270530700683,0.4884986877441406,0.2708528637886047,0.394747257232666,0.2826841175556183,0.5375853180885315,0.384318083524704,0.360237568616867,0.4003573358058929,0.6203526258468628,0.2194402664899826,0.2686943113803863,0.2362291663885116,0.5049813389778137,0.1007336154580116,0.4065583348274231,0.1129621639847755,0.5064025521278381,0.8656343221664429,0.3558607995510101,0.866631805896759,0.0,0.0,0.0,0.0,0.0,0.0,0.0,0.0,0.447460412979126,0.3912462890148163
0.439426839351654,0.2729229927062988,0.4602540135383606,0.2469450980424881,0.4215051531791687,0.2538301348686218,0.4911735653877258,0.2716093361377716,0.4016958773136139,0.2857118248939514,0.5384917855262756,0.3860337138175964,0.367347240447998,0.4038315713405609,0.6238585114479065,0.2221283912658691,0.2768067717552185,0.2405212968587875,0.5044954419136047,0.1015396192669868,0.4151077568531036,0.1155717223882675,0.5095826983451843,0.8640594482421875,0.3594627976417541,0.8511814475059509,0.0,0.0,0.0,0.0,0.0,0.0,0.0,0.0,0.4511645436286926,0.3949476778507232
0.4354235529899597,0.268754780292511,0.4569432437419891,0.2461709529161453,0.4160974323749542,0.2505891025066376,0.4857522547245025,0.2760225832462311,0.393327534198761,0.2847281098365783,0.5274683833122253,0.3877803385257721,0.354287326335907,0.4013399183750152,0.6169543266296387,0.2264771908521652,0.2728044092655182,0.2360459417104721,0.5051172375679016,0.1061882153153419,0.4068613946437835,0.114590585231781,0.503292977809906,0.8642060160636902,0.3512193560600281,0.8649659156799316,0.0,0.0,0.0,0.0,0.0,0.0,0.0,0.0,0.4426262676715851,0.3940854966640472
0.4258663952350616,0.2690041363239288,0.4490947723388672,0.2468712478876114,0.407398521900177,0.2488769143819809,0.4787268340587616,0.2763084471225738,0.3854219615459442,0.2820947766304016,0.5196203589439392,0.3891328275203705,0.3435572981834411,0.3995680510997772,0.6129370331764221,0.2352119535207748,0.2645593285560608,0.2290627211332321,0.4983921945095062,0.1062620356678962,0.4052603542804718,0.1090551763772964,0.4938045442104339,0.8626542091369629,0.3420782685279846,0.8645540475845337,0.0,0.0,0.0,0.0,0.0,0.0,0.0,0.0,0.434605211019516,0.3927124440670013
0.3527320027351379,0.2586765587329864,0.3796954452991485,0.2386594265699386,0.3343501687049866,0.239687830209732,0.4131932854652405,0.2760156989097595,0.3102889060974121,0.2795269787311554,0.4422202706336975,0.3914308547973633,0.27479949593544,0.3888171315193176,0.5409916043281555,0.2417613565921783,0.1932415068149566,0.2112377882003784,0.4212562441825866,0.0930742099881172,0.3446562588214874,0.1098270937800407,0.426131933927536,0.883895993232727,0.2725746631622314,0.9006228446960449,0.0,0.0,0.0,0.0,0.0,0.0,0.0,0.0,0.3581605851650238,0.3876104056835174
0.2561462223529815,0.2416496574878692,0.2837565541267395,0.2202097475528717,0.2368993461132049,0.2166286259889602,0.3190991878509521,0.260045975446701,0.2129897624254226,0.2540758550167084,0.3584225177764892,0.385176807641983,0.171093612909317,0.3856078684329986,0.4424391686916351,0.2286051511764526,0.085493616759777,0.1819235384464264,0.3414385616779327,0.0953294709324836,0.2449797093868255,0.0768264383077621,0.3349103629589081,0.8826020359992981,0.1824815720319748,0.8865534067153931,0.0,0.0,0.0,0.0,0.0,0.0,0.0,0.0,0.2660649120807647,0.3840169310569763
0.2874259650707245,0.2411179840564727,0.3127566874027252,0.219511941075325,0.2684572041034698,0.2210382521152496,0.3485823273658752,0.2627350986003876,0.2454226464033126,0.2636361122131347,0.3861596286296844,0.3937292993068695,0.2018245011568069,0.3967516124248504,0.4719375073909759,0.2009038925170898,0.1030335202813148,0.20294289290905,0.357814610004425,0.0834022387862205,0.2445219904184341,0.0766825154423713,0.3346008360385895,0.9022342562675476,0.172329306602478,0.9015660881996156,0.0,0.0,0.0,0.0,0.0,0.0,0.0,0.0,0.2951166927814483,0.3945868909358978
0.2592727541923523,0.2472488731145858,0.2873918414115906,0.2241301834583282,0.2407106906175613,0.2211589813232422,0.3246521353721618,0.2633206248283386,0.2156349569559097,0.255916565656662,0.3624155521392822,0.3894636631011963,0.1655652672052383,0.3970684707164764,0.4416740536689758,0.2140387147665023,0.0775301605463028,0.1916985064744949,0.3145697712898254,0.0711702704429626,0.2224709689617157,0.0777367874979972,0.3231659531593323,0.8826361894607544,0.1560951769351959,0.91673743724823,0.0,0.0,0.0,0.0,0.0,0.0,0.0,0.0,0.2659141719341278,0.3920581340789795
0.2397638410329818,0.2473622113466262,0.2665959894657135,0.2246922999620437,0.2186282873153686,0.2209810018539428,0.2976359724998474,0.2636662125587463,0.1887382268905639,0.2562846541404724,0.3265966475009918,0.3909365236759186,0.1434929817914962,0.4000177979469299,0.4211580157279968,0.2225005626678466,0.1122943013906478,0.1858361959457397,0.3085155785083771,0.0793736353516578,0.2085276991128921,0.0782439559698104,0.3127433955669403,0.8856995701789856,0.1396059542894363,0.9195412397384644,0.0,0.0,0.0,0.0,0.0,0.0,0.0,0.0,0.2372235357761383,0.3956101834774017
0.2434533536434173,0.2485730350017547,0.2721090912818908,0.225177064538002,0.2246423661708831,0.2230298966169357,0.3081458508968353,0.2635316550731659,0.199718564748764,0.2549444139003753,0.3392618298530578,0.3969485461711883,0.1504689306020736,0.3937706053256988,0.4305929839611053,0.2221777886152267,0.0983905792236328,0.1919154971837997,0.3091556131839752,0.0792407318949699,0.2107175588607788,0.078141950070858,0.3191742300987243,0.8819628357887268,0.155542716383934,0.9164901971817015,0.0,0.0,0.0,0.0,0.0,0.0,0.0,0.0,0.2471869140863418,0.3956482112407684
0.2925073206424713,0.2436408251523971,0.3150878250598907,0.2205304950475692,0.2719115912914276,0.2204152196645736,0.3441102802753448,0.2597578465938568,0.2448603212833404,0.2624465525150299,0.3830141127109527,0.3930892646312713,0.1996683925390243,0.3954267799854278,0.4815691113471985,0.2201983034610748,0.1153753474354744,0.1973140090703964,0.3651982843875885,0.0881955400109291,0.2599754929542541,0.0856407806277275,0.3784714043140411,0.9051929712295532,0.212278351187706,0.9033196568489076,0.0,0.0,0.0,0.0,0.0,0.0,0.0,0.0,0.2923876941204071,0.392774760723114
0.4099873900413513,0.2591349482536316,0.4318030774593353,0.2324586361646652,0.391311913728714,0.2376216799020767,0.4673680365085602,0.262136310338974,0.3739201128482818,0.2732484638690948,0.512593150138855,0.3850028812885284,0.3400076925754547,0.4063305556774139,0.5985370874404907,0.2230149358510971,0.241930216550827,0.2363493293523788,0.4744949340820312,0.0980362892150878,0.3700222671031952,0.1093277111649513,0.4990072548389435,0.8828733563423157,0.3452087044715881,0.8853041529655457,0.0,0.0,0.0,0.0,0.0,0.0,0.0,0.0,0.4270441830158233,0.3946233689785003
0.550029456615448,0.3123875558376312,0.5655810832977295,0.2877620756626129,0.5319724678993225,0.2941813170909881,0.5930507779121399,0.3075620234012604,0.5137882828712463,0.3234844803810119,0.6315277814865112,0.4099796712398529,0.4913208186626434,0.4371992647647857,0.6788653135299683,0.3093833923339844,0.4203124046325683,0.3122241795063019,0.5776704549789429,0.2084950059652328,0.529090940952301,0.2060033828020095,0.6158188581466675,0.8509616255760193,0.4888849854469299,0.8630427718162537,0.0,0.0,0.0,0.0,0.0,0.0,0.0,0.0,0.5606146454811096,0.4200294315814972
0.4841854572296142,0.3186447024345398,0.5012326240539551,0.2981862425804138,0.4655096232891083,0.3043746948242187,0.5298277735710144,0.3297956883907318,0.4463250041007995,0.339072048664093,0.5642037987709045,0.4248770177364349,0.4247612357139587,0.4565546810626983,0.6253111958503723,0.3090954422950744,0.3465750813484192,0.4916130006313324,0.5196458101272583,0.2045600414276123,0.0,0.0,0.5512080788612366,0.8323664665222168,0.424822062253952,0.8467983603477478,0.0,0.0,0.0,0.0,0.0,0.0,0.0,0.0,0.4934901595115661,0.4388506710529327
0.4979736506938934,0.3043968379497528,0.5153332352638245,0.2842378914356231,0.4803458154201507,0.290051132440567,0.5449693202972412,0.3148324191570282,0.4604551494121551,0.3234047591686249,0.5787211656570435,0.431549996137619,0.4242558181285858,0.440386563539505,0.6445443034172058,0.2720337212085724,0.3588231205940246,0.2922936975955963,0.5513044595718384,0.1558142751455307,0.4526195228099823,0.1735566407442093,0.5747909545898438,0.835131049156189,0.4467059671878814,0.8497511744499207,0.0,0.0,0.0,0.0,0.0,0.0,0.0,0.0,0.5019639730453491,0.4336099028587341
0.50322026014328,0.3047724366188049,0.5215866565704346,0.2860921025276184,0.4864839911460876,0.289876252412796,0.5501988530158997,0.31580850481987,0.4667658805847168,0.3206807971000671,0.585027277469635,0.4342899620532989,0.4299035966396332,0.4417466819286346,0.6504711508750916,0.270282119512558,0.3612810969352722,0.2914323508739471,0.553612470626831,0.1539959907531738,0.4573733210563659,0.1750791072845459,0.5807777047157288,0.8453370332717896,0.4529861509799957,0.8623268008232117,0.0,0.0,0.0,0.0,0.0,0.0,0.0,0.0,0.508329451084137,0.4348741471767425
0.527838408946991,0.3068239390850067,0.5462841391563416,0.2843251526355743,0.5093927979469299,0.2880859375,0.5782660841941833,0.308960884809494,0.4915117621421814,0.3154457509517669,0.6172656416893005,0.4236405789852142,0.4646320044994354,0.4438868463039398,0.6717454195022583,0.2463871985673904,0.3833033740520477,0.286323994398117,0.5617199540138245,0.1471347957849502,0.4863374829292297,0.1590444594621658,0.6016294360160828,0.8158043622970581,0.475630521774292,0.8311597108840942,0.0,0.0,0.0,0.0,0.0,0.0,0.0,0.0,0.5414928197860718,0.4322559237480163
0.4877341389656067,0.2891041338443756,0.5077930688858032,0.2678447365760803,0.4693490862846374,0.270567238330841,0.538784921169281,0.2986644804477691,0.4468660950660705,0.3045856058597564,0.5809458494186401,0.4142570197582245,0.4081468284130096,0.4214918315410614,0.6522202491760254,0.2750973105430603,0.3314891755580902,0.3013305068016052,0.5467809438705444,0.1562379300594329,0.4399424493312835,0.1533405035734176,0.559357225894928,0.8666312098503113,0.4178397059440613,0.8679594397544861,0.0,0.0,0.0,0.0,0.0,0.0,0.0,0.0,0.4963567554950714,0.4173645079135895
0.4853846430778503,0.2888071835041046,0.5059582591056824,0.2691688537597656,0.4675639569759369,0.2703272998332977,0.5341282486915588,0.2986148297786712,0.4443753063678741,0.3031457364559173,0.5796279311180115,0.4130993783473968,0.4034063518047333,0.4222088456153869,0.6473966836929321,0.2779957950115204,0.3247828781604767,0.3201230466365814,0.5331771373748779,0.1569548845291137,0.4372496604919433,0.1541593968868255,0.558052659034729,0.8685823082923889,0.4157696068286896,0.8690630793571472,0.0,0.0,0.0,0.0,0.0,0.0,0.0,0.0,0.4934720695018768,0.4169932007789612
0.5246694684028625,0.2955954372882843,0.5426864624023438,0.2758767008781433,0.5060977339744568,0.2775338590145111,0.5709536671638489,0.3041724264621734,0.4833530783653259,0.3122970759868622,0.6104527711868286,0.4163716435432434,0.4367823898792267,0.4248979985713959,0.6840032935142517,0.2725759148597717,0.3910048007965088,0.2612590491771698,0.5798258781433105,0.1340334862470626,0.4761443138122558,0.1590094417333603,0.5918946266174316,0.8674756288528442,0.4501233398914337,0.8672095537185669,0.0,0.0,0.0,0.0,0.0,0.0,0.0,0.0,0.5272477269172668,0.4196025729179382
0.4902524054050445,0.290941447019577,0.5106919407844543,0.2699335813522339,0.4715258479118347,0.2731058001518249,0.5450779795646667,0.3009716868400574,0.4515943825244903,0.3091013133525848,0.585584819316864,0.4097307324409485,0.4115503430366516,0.4205062687397003,0.6574108004570007,0.2622993290424347,0.0,0.0,0.5494018793106079,0.1277850121259689,0.0,0.0,0.5660369992256165,0.8662659525871277,0.4249753654003143,0.8712252974510193,0.0,0.0,0.0,0.0,0.0,0.0,0.0,0.0,0.5012038350105286,0.4146620333194732
0.4540836811065674,0.2938771843910217,0.4741944372653961,0.2697111964225769,0.4334457218647003,0.2763318121433258,0.5061296224594116,0.2962260842323303,0.4137782454490661,0.3167204856872558,0.5499570965766907,0.4087373912334442,0.3844723105430603,0.4297854006290436,0.614654004573822,0.2750647962093353,0.3329640328884125,0.2964339256286621,0.5133913159370422,0.1450473070144653,0.4194954037666321,0.1469071209430694,0.547269880771637,0.8833874464035034,0.4072824120521545,0.8998976349830627,0.0,0.0,0.0,0.0,0.0,0.0,0.0,0.0,0.4685365557670593,0.4197126924991607
0.4548410475254059,0.2931911647319793,0.4761238098144531,0.2686980366706848,0.434544563293457,0.2748697102069855,0.5094919800758362,0.2957203388214111,0.4152669608592987,0.3138633072376251,0.5553769469261169,0.4091279804706573,0.3849870562553406,0.4293093681335449,0.6157216429710388,0.2743607461452484,0.0,0.0,0.5136404633522034,0.1445798575878143,0.0,0.0,0.5482494235038757,0.8822228312492371,0.4073093235492706,0.8857234716415405,0.0,0.0,0.0,0.0,0.0,0.0,0.0,0.0,0.4717396199703216,0.4194580912590027
0.4542558789253235,0.2926033437252044,0.4755330383777618,0.2684182524681091,0.4341712892055511,0.2740472555160522,0.508884072303772,0.2958945333957672,0.4144559800624847,0.3132631182670593,0.552670955657959,0.4074583351612091,0.384476900100708,0.4253383576869964,0.6148692965507507,0.2731915116310119,0.3329445719718933,0.2935802638530731,0.5130364298820496,0.1438638865947723,0.422214925289154,0.1447087377309799,0.5465463995933533,0.8837851881980896,0.4051978588104248,0.9002898335456848,0.0,0.0,0.0,0.0,0.0,0.0,0.0,0.0,0.4700318276882171,0.4175614416599273
0.4383729100227356,0.287593275308609,0.4613199234008789,0.2664307057857513,0.4212395250797272,0.2705625891685486,0.488750159740448,0.301157534122467,0.4013985097408294,0.3134088218212127,0.5317153334617615,0.4105224609375,0.3620781004428863,0.4247279167175293,0.604546070098877,0.2752920985221863,0.0,0.0,0.5079615116119385,0.1436332315206527,0.0,0.0,0.5243752598762512,0.8806543946266174,0.3831520080566406,0.8694963455200195,0.0,0.0,0.0,0.0,0.0,0.0,0.0,0.0,0.4483921825885772,0.4180635809898376
0.4363515079021454,0.2928907573223114,0.459329754114151,0.2705616652965545,0.4184083044528961,0.2757234871387481,0.4877080023288727,0.30154949426651,0.3983380794525146,0.3146506249904632,0.5310444831848145,0.4150348007678985,0.3583504855632782,0.4230211675167084,0.602152407169342,0.2803031206130981,0.0,0.0,0.514987587928772,0.162073016166687,0.0,0.0,0.523279070854187,0.8840340375900269,0.3828218281269073,0.8995315432548523,0.0,0.0,0.0,0.0,0.0,0.0,0.0,0.0,0.4440921247005462,0.4181444644927978
0.4898335337638855,0.3022239804267883,0.5088910460472107,0.2799133062362671,0.4715424478054046,0.2870133221149444,0.543877363204956,0.3107798993587494,0.4509778320789337,0.3151901066303253,0.5815154314041138,0.4084999859333038,0.4232039451599121,0.4181285500526428,0.6178283095359802,0.2044288069009781,0.3693650662899017,0.2441524416208267,0.5101249814033508,0.1009644791483879,0.4460631310939789,0.1122075989842414,0.5564588308334351,0.8128287196159363,0.4304382503032684,0.8150071501731873,0.0,0.0,0.0,0.0,0.0,0.0,0.0,0.0,0.5014015436172485,0.4127255976200104
0.4983980357646942,0.3011910021305084,0.5170695781707764,0.2807562947273254,0.4805140793323517,0.2868891358375549,0.550394594669342,0.3120703399181366,0.4607388973236084,0.3149776458740234,0.5931435823440552,0.4165078997611999,0.4311323165893554,0.422578901052475,0.6155161261558533,0.2903633713722229,0.3748717010021209,0.2533386051654815,0.0,0.0,0.4510735869407654,0.1212034076452255,0.5696308016777039,0.8167137503623962,0.4471756517887115,0.8280555605888367,0.0,0.0,0.0,0.0,0.0,0.0,0.0,0.0,0.511233389377594,0.4190743863582611
0.5284156203269958,0.3012252449989319,0.547974705696106,0.2778437733650207,0.5078127384185791,0.2820955216884613,0.5841161012649536,0.3077241480350494,0.4869313836097717,0.3117359578609466,0.6213150024414062,0.4096717834472656,0.4572600722312927,0.4241312146186828,0.6485133767127991,0.1904554069042205,0.390205055475235,0.2470320016145706,0.5444023013114929,0.1073322892189025,0.4701624810695648,0.1234198585152626,0.5999434590339661,0.830134928226471,0.4786173403263092,0.8317675590515137,0.0,0.0,0.0,0.0,0.0,0.0,0.0,0.0,0.5384745597839355,0.4158556163311004
0.5533133149147034,0.2973913550376892,0.5751857757568359,0.2780466675758362,0.5342673659324646,0.279597133398056,0.6071047782897949,0.3140791952610016,0.5134442448616028,0.3116184175014496,0.6457667350769043,0.4168237149715423,0.4818799197673797,0.4234738349914551,0.6767327189445496,0.2000430077314376,0.4151495099067688,0.2436627596616745,0.5769574046134949,0.118496797978878,0.5040308237075806,0.1254835575819015,0.6187371015548706,0.8299332857131958,0.4923357665538788,0.8310102820396423,0.0,0.0,0.0,0.0,0.0,0.0,0.0,0.0,0.5636115074157715,0.4181727766990661
0.5853093266487122,0.2954051196575165,0.6075159311294556,0.2750225365161896,0.5673726797103882,0.2800590097904205,0.637704074382782,0.3090743720531463,0.5488125681877136,0.3140022754669189,0.6743057370185852,0.4185595214366913,0.5187335014343262,0.4232466220855713,0.7244888544082642,0.2050318866968155,0.4580646455287933,0.2515986263751983,0.6233639717102051,0.1261504143476486,0.5485459566116333,0.1223387345671653,0.6449024081230164,0.8270806074142456,0.5246759653091431,0.8255329728126526,0.0,0.0,0.0,0.0,0.0,0.0,0.0,0.0,0.5928010940551758,0.4204102456569671
0.5986118316650391,0.3003618419170379,0.6239825487136841,0.2788274586200714,0.5796486735343933,0.2828050553798675,0.6560755372047424,0.3120789229869842,0.5588513612747192,0.3159090876579284,0.6877223253250122,0.413888931274414,0.533575177192688,0.4207723140716553,0.7452548742294312,0.2096665203571319,0.4667386412620544,0.2533974349498749,0.6360620856285095,0.1325663924217224,0.5601544976234436,0.1303215324878692,0.651814341545105,0.828469455242157,0.5296570062637329,0.8269696235656738,0.0,0.0,0.0,0.0,0.0,0.0,0.0,0.0,0.6069334745407104,0.4187197387218475
0.495953619480133,0.2975627779960632,0.5167979598045349,0.2758520543575287,0.4744994938373565,0.2827081680297851,0.5502779483795166,0.3069267272949219,0.4534191489219665,0.3189290463924408,0.5902148485183716,0.4239113628864288,0.4184496402740478,0.4310222566127777,0.7121090888977051,0.3043241500854492,0.2903808951377868,0.3274120986461639,0.589354932308197,0.1706288307905197,0.4109543859958648,0.156459704041481,0.5576896667480469,0.8179059028625488,0.4309170842170715,0.8272126913070679,0.0,0.0,0.0,0.0,0.0,0.0,0.0,0.0,0.5034724473953247,0.4236404299736023
0.4927628934383392,0.2986992299556732,0.5124469995498657,0.276868611574173,0.471440702676773,0.2838002741336822,0.5454334020614624,0.3067514300346374,0.4504824578762054,0.3197287023067474,0.5843575596809387,0.4287636876106262,0.4157165586948395,0.4338901340961456,0.702854335308075,0.3096889853477478,0.287754476070404,0.3311816751956939,0.5804764628410339,0.1761876046657562,0.4089828431606293,0.1618460118770599,0.5518513321876526,0.8168148398399353,0.4277374446392059,0.8252304792404175,0.0,0.0,0.0,0.0,0.0,0.0,0.0,0.0,0.4983353018760681,0.427781343460083
0.4856989681720733,0.3001312911510467,0.5041489601135254,0.2800454497337341,0.4658324718475342,0.2846026420593261,0.5318765640258789,0.3104970455169678,0.4434907734394073,0.3217701315879822,0.5753466486930847,0.4262815415859222,0.4068016707897186,0.4386890828609466,0.6868314146995544,0.308929294347763,0.2814982235431671,0.3299539089202881,0.5749437212944031,0.1749742925167083,0.4006507098674774,0.1611090898513794,0.5459255576133728,0.8171334266662598,0.421172946691513,0.8273968696594238,0.0,0.0,0.0,0.0,0.0,0.0,0.0,0.0,0.4889344573020935,0.4310588538646698
0.4819377064704895,0.3000111281871795,0.501966655254364,0.2799592912197113,0.4626447558403015,0.2843817174434662,0.530002236366272,0.3103844821453094,0.440065860748291,0.3203835785388946,0.5713444352149963,0.4250963032245636,0.4023568034172058,0.436564952135086,0.0,0.0,0.277230829000473,0.3273976147174835,0.0,0.0,0.3998602330684662,0.1572315692901611,0.5402495265007019,0.8149865865707397,0.4154324531555176,0.8250874876976013,0.0,0.0,0.0,0.0,0.0,0.0,0.0,0.0,0.4855245649814605,0.4290848672389984
0.4861589074134826,0.2974891364574432,0.5046147704124451,0.2776151597499847,0.4664528965950012,0.2818595767021179,0.5332525372505188,0.3079959750175476,0.4437394142150879,0.3193094730377197,0.5758782625198364,0.4261044859886169,0.4064699709415436,0.4361925721168518,0.6908082962036133,0.307510107755661,0.2778339385986328,0.3260449767112732,0.5781483054161072,0.1684720963239669,0.401933878660202,0.1544993221759796,0.5445003509521484,0.8180791735649109,0.4177573621273041,0.8267788887023926,0.0,0.0,0.0,0.0,0.0,0.0,0.0,0.0,0.489743709564209,0.4296160042285919
0.4864702820777893,0.2965111434459686,0.5059033036231995,0.2751078903675079,0.4664577841758728,0.2806923687458038,0.5378650426864624,0.3049870431423187,0.4441635012626648,0.3176546394824981,0.5781105756759644,0.4259279370307922,0.4076519310474396,0.4347638487815857,0.6959182620048523,0.3051237761974334,0.2783397734165191,0.3250421583652496,0.5826724767684937,0.1657056957483291,0.403407484292984,0.1540528237819671,0.5478151440620422,0.8185964822769165,0.4221901893615722,0.8273019194602966,0.0,0.0,0.0,0.0,0.0,0.0,0.0,0.0,0.4917425513267517,0.42762091755867
0.4990251660346985,0.2937738001346588,0.5215678811073303,0.2727309167385101,0.4779041409492492,0.2791143953800201,0.5564636588096619,0.3071997761726379,0.4552254974842071,0.3158373832702636,0.5940855145454407,0.4224056899547577,0.4180228114128113,0.4289383590221405,0.7210654616355896,0.303329199552536,0.2885524928569793,0.3210603892803192,0.594791054725647,0.1567540466785431,0.4075764119625091,0.1500288993120193,0.5625564455986023,0.8283329606056213,0.4328659176826477,0.8316106200218201,0.0,0.0,0.0,0.0,0.0,0.0,0.0,0.0,0.505523681640625,0.4217040538787842
0.5098688006401062,0.2910130321979522,0.5324118137359619,0.2724471092224121,0.4896660447120666,0.2780229449272156,0.5647510886192322,0.302563726902008,0.4676907956600189,0.3136570155620575,0.6069249510765076,0.4181057810783386,0.4240039885044098,0.4219841063022613,0.7047913670539856,0.2657858729362488,0.3215462863445282,0.281108945608139,0.577417254447937,0.1188620999455452,0.4549339413642883,0.1255590617656707,0.5759443640708923,0.8183585405349731,0.4485771954059601,0.8285260796546936,0.0,0.0,0.0,0.0,0.0,0.0,0.0,0.0,0.5173434019088745,0.4179252684116363
0.5101734399795532,0.2908556163311004,0.5315049886703491,0.2710430920124054,0.4914403855800628,0.2764069437980652,0.5630002617835999,0.3012678921222687,0.4698956608772278,0.3101588785648346,0.6045736074447632,0.4191664755344391,0.4303564429283142,0.4203054010868072,0.6880780458450317,0.2576989233493805,0.3397316932678222,0.2646609544754028,0.5663508176803589,0.1290468126535415,0.4698746800422668,0.1408779919147491,0.5767570734024048,0.8170053362846375,0.451482206583023,0.8264154195785522,0.0,0.0,0.0,0.0,0.0,0.0,0.0,0.0,0.5169862508773804,0.4179255962371826
0.5022557377815247,0.2899685800075531,0.5224801301956177,0.2695715129375458,0.4831416606903076,0.2744005024433136,0.5509968400001526,0.299902468919754,0.4594105184078216,0.3084365427494049,0.5904256105422974,0.4190578758716583,0.4226716458797455,0.4184888303279876,0.6664973497390747,0.2537985444068908,0.3465721011161804,0.2569889724254608,0.5460301041603088,0.1368819624185562,0.4613600075244903,0.1542613804340362,0.5646147727966309,0.8138142228126526,0.4337523877620697,0.8166188597679138,0.0,0.0,0.0,0.0,0.0,0.0,0.0,0.0,0.5059707760810852,0.4158423542976379
0.4943353533744812,0.2908286452293396,0.515474259853363,0.2699896693229675,0.4737679660320282,0.2751281857490539,0.5490323901176453,0.3049924075603485,0.4504421055316925,0.3128601908683777,0.5845759510993958,0.4209481179714203,0.4183819591999054,0.4201144874095917,0.6534900665283203,0.2504857182502746,0.3457159996032715,0.2595050930976867,0.5325509309768677,0.1376541256904602,0.4520999491214752,0.1648731082677841,0.5598665475845337,0.816106379032135,0.4278318583965301,0.8251715898513794,0.0,0.0,0.0,0.0,0.0,0.0,0.0,0.0,0.5001486539840698,0.4178836345672607
0.4946994185447693,0.291616290807724,0.5159380435943604,0.2704585492610931,0.4745219349861145,0.2741003334522247,0.5480846762657166,0.3028341233730316,0.4504985809326172,0.3099419176578522,0.5836519002914429,0.4191382527351379,0.4173283278942108,0.4186298549175262,0.6487131714820862,0.2483239918947219,0.3454937040805816,0.2567787170410156,0.5266518592834473,0.1366716921329498,0.4445577561855316,0.1600856631994247,0.5601319074630737,0.8172517418861389,0.4283485114574432,0.8273853063583374,0.0,0.0,0.0,0.0,0.0,0.0,0.0,0.0,0.4989144504070282,0.4164919257164001
0.4951470196247101,0.2913239002227783,0.5175384879112244,0.2701233029365539,0.474503606557846,0.2737665772438049,0.5499456524848938,0.302275687456131,0.4509526789188385,0.3096948564052582,0.5835500955581665,0.4186929762363434,0.4184779822826385,0.4170646071434021,0.6412014961242676,0.2466326206922531,0.3512609899044037,0.2532106637954712,0.5254335999488831,0.1406847685575485,0.4394020438194275,0.1602258682250976,0.5591754913330078,0.8159895539283752,0.4279215931892395,0.8265202641487122,0.0,0.0,0.0,0.0,0.0,0.0,0.0,0.0,0.5003093481063843,0.4151641726493835
0.4945940971374511,0.2909871935844421,0.5167011022567749,0.2697544395923614,0.4746520519256592,0.2732132077217102,0.549242377281189,0.3023731112480163,0.4515984356403351,0.3090293109416961,0.5834188461303711,0.4197747111320495,0.4184858500957489,0.4180819690227508,0.6448410749435425,0.2466775327920913,0.3498251438140869,0.2551316022872925,0.5238045454025269,0.137300431728363,0.4428506195545196,0.1592860668897628,0.5599295496940613,0.816850483417511,0.4282105565071106,0.8267736434936523,0.0,0.0,0.0,0.0,0.0,0.0,0.0,0.0,0.4998648166656494,0.4162688553333282
0.4943397939205169,0.2897474467754364,0.5154518485069275,0.2687229216098785,0.4738641083240509,0.2723809480667114,0.5476847290992737,0.3019203245639801,0.4492067694664001,0.3086452186107635,0.5832299590110779,0.4198443293571472,0.4177579283714294,0.4195619225502014,0.6497139930725098,0.2495903521776199,0.3427986204624176,0.25941863656044,0.5262040495872498,0.1346422731876373,0.4455352127552032,0.1568686813116073,0.5594863295555115,0.8179389834403992,0.42759969830513,0.8273715972900391,0.0,0.0,0.0,0.0,0.0,0.0,0.0,0.0,0.4989012777805328,0.4173066020011902
0.4924949109554291,0.2906589210033417,0.5138178467750549,0.269570916891098,0.472583919763565,0.2730808556079864,0.5457161068916321,0.3014453947544098,0.4469766914844513,0.3081945776939392,0.5827589631080627,0.420754462480545,0.4153598845005035,0.419163703918457,0.6601624488830566,0.2581458985805511,0.3290378153324127,0.2636758983135223,0.541152834892273,0.1333027929067611,0.4539188742637634,0.1512601673603058,0.5599685907363892,0.8174542188644409,0.4280891120433807,0.8259574174880981,0.0,0.0,0.0,0.0,0.0,0.0,0.0,0.0,0.4974002540111542,0.4172916412353515
0.4935499131679535,0.2888950407505035,0.5154999494552612,0.2696052193641662,0.4723185002803802,0.2726975977420807,0.5466899275779724,0.3027281463146209,0.4458755850791931,0.308693915605545,0.5831127166748047,0.4201321601867676,0.4137864410877228,0.4182736277580261,0.6728734970092773,0.2677800953388214,0.3183404505252838,0.2733030021190643,0.54836106300354,0.1232391595840454,0.4458700120449066,0.1273613423109054,0.5595129132270813,0.817110002040863,0.4270462393760681,0.8250880837440491,0.0,0.0,0.0,0.0,0.0,0.0,0.0,0.0,0.4981772899627685,0.4168972074985504
0.4952313601970672,0.2875425517559051,0.5174614191055298,0.2698593735694885,0.4742583334445953,0.2722006738185882,0.5480678081512451,0.3032467365264892,0.4483489990234375,0.3080246448516845,0.5851472020149231,0.4203400015830993,0.413504809141159,0.4190042316913605,0.6824674606323242,0.2718129754066467,0.3114444315433502,0.2810111343860626,0.5589367747306824,0.1186811327934265,0.4420778155326843,0.120038703083992,0.5608174204826355,0.8275370597839355,0.428132027387619,0.8277482986450195,0.0,0.0,0.0,0.0,0.0,0.0,0.0,0.0,0.4991681575775146,0.4172117412090301
0.495248794555664,0.2883715629577636,0.5168830156326294,0.2696133553981781,0.4737427532672882,0.273054838180542,0.5478950142860413,0.3022805750370025,0.4482501149177551,0.3090721666812897,0.5869376063346863,0.4204981625080108,0.413053423166275,0.42132568359375,0.6896918416023254,0.2759184241294861,0.305612176656723,0.2900866866111755,0.5627208352088928,0.1114800199866294,0.4265587925910949,0.130431443452835,0.5606654286384583,0.8256960511207581,0.4284892678260803,0.827411949634552,0.0,0.0,0.0,0.0,0.0,0.0,0.0,0.0,0.4999691545963287,0.4183225631713867
0.4977912008762359,0.2886101305484772,0.519010603427887,0.2693641185760498,0.4764640927314758,0.2729228436946869,0.5508343577384949,0.3010800778865814,0.4505699276924133,0.3095609545707702,0.5908567309379578,0.4190866947174072,0.4147273004055023,0.4230833649635315,0.700545608997345,0.2833580076694488,0.2976594567298889,0.2976342737674713,0.588456928730011,0.1150011345744133,0.4127881824970245,0.1333195567131042,0.5606783628463745,0.8258686661720276,0.4286423325538635,0.8274309039115906,0.0,0.0,0.0,0.0,0.0,0.0,0.0,0.0,0.5014542937278748,0.4186621606349945
0.4994792640209198,0.2889860570430755,0.5209518671035767,0.2697040140628814,0.4783659279346466,0.2736409604549408,0.5546943545341492,0.3028336465358734,0.4533416330814361,0.3110828697681427,0.5923454165458679,0.4212187230587005,0.4147864282131195,0.4247972369194031,0.706579327583313,0.2936272025108337,0.2932423055171966,0.3073010742664337,0.5993584990501404,0.1163849830627441,0.4063062667846679,0.1356492936611175,0.561895489692688,0.8281313180923462,0.4303633272647857,0.829480767250061,0.0,0.0,0.0,0.0,0.0,0.0,0.0,0.0,0.5026392340660095,0.4204390048980713
0.5004082918167114,0.2906281650066376,0.5223006010055542,0.2706113755702972,0.4793778359889984,0.2754984200000763,0.5563697218894958,0.3031677305698395,0.454739362001419,0.3115927577018738,0.5942940711975098,0.4218319058418274,0.4158846437931061,0.4266339242458343,0.716922402381897,0.304138720035553,0.2875371277332306,0.3185722827911377,0.6147145628929138,0.1250753849744796,0.3973317146301269,0.1441286355257034,0.562889039516449,0.8271936178207397,0.432243674993515,0.8302794098854065,0.0,0.0,0.0,0.0,0.0,0.0,0.0,0.0,0.5044087767601013,0.421014130115509
0.5008920431137085,0.2920922935009002,0.5221272706985474,0.2709196805953979,0.4794960021972656,0.2766909599304199,0.5567599534988403,0.3035637438297272,0.4551662504673004,0.3148733079433441,0.5958371758460999,0.4240062236785888,0.414915531873703,0.4299205243587494,0.7230574488639832,0.3144493699073791,0.2815732061862945,0.3305063247680664,0.6298806071281433,0.1258895397186279,0.3810315430164337,0.1473082154989242,0.5634183287620544,0.8268109560012817,0.4322276413440704,0.8305863738059998,0.0,0.0,0.0,0.0,0.0,0.0,0.0,0.0,0.5043689012527466,0.4231623709201813
0.5001727342605591,0.2920450866222381,0.5209960341453552,0.2703197300434112,0.4785985350608825,0.2766961455345154,0.5554492473602295,0.3026735186576843,0.4543043971061706,0.3151502907276153,0.5963402390480042,0.4246211647987366,0.4142635464668274,0.4298191666603088,0.7245444655418396,0.3177253901958465,0.2778471410274505,0.335432767868042,0.6344194412231445,0.128040537238121,0.3739547729492187,0.1512428969144821,0.5636813044548035,0.82783043384552,0.4327611625194549,0.8318509459495544,0.0,0.0,0.0,0.0,0.0,0.0,0.0,0.0,0.5039743781089783,0.423431783914566
0.5005252957344055,0.2931416630744934,0.52056485414505,0.2702401280403137,0.477994441986084,0.277411937713623,0.5537458658218384,0.3013372123241424,0.4538508057594299,0.3166229128837585,0.595609724521637,0.4263713657855987,0.4136732518672943,0.4321896731853485,0.7299159169197083,0.3262213170528412,0.2729169726371765,0.3454451560974121,0.652763307094574,0.1444760710000991,0.3613940775394439,0.1499017030000686,0.5629945993423462,0.8281961679458618,0.4329033195972442,0.833003580570221,0.0,0.0,0.0,0.0,0.0,0.0,0.0,0.0,0.5028490424156189,0.4250540137290954
0.5000085234642029,0.2936919331550598,0.5203229188919067,0.2705230414867401,0.4777057468891144,0.2775492966175079,0.5544971227645874,0.3022899031639099,0.4538781642913818,0.3164499700069427,0.5944984555244446,0.4284371733665466,0.4132273197174072,0.4323266446590423,0.7297727465629578,0.3301667273044586,0.2725549638271332,0.3465686738491058,0.6580023765563965,0.1523582488298416,0.3587793707847595,0.1513844728469848,0.5629182457923889,0.8297492861747742,0.432294636964798,0.8341341018676758,0.0,0.0,0.0,0.0,0.0,0.0,0.0,0.0,0.5020247101783752,0.4256744980812073
0.4991266429424286,0.293284147977829,0.5199142694473267,0.2707972824573517,0.4771338105201721,0.2770857512950897,0.5543878078460693,0.3025059401988983,0.4533633291721344,0.3152549564838409,0.5939366221427917,0.4270467758178711,0.4133513569831848,0.430458515882492,0.7272276878356934,0.3252138197422027,0.2735409438610077,0.3411454856395721,0.6524253487586975,0.140525534749031,0.3598703742027282,0.1486398726701736,0.5611359477043152,0.8299156427383423,0.4312528669834137,0.8328021764755249,0.0,0.0,0.0,0.0,0.0,0.0,0.0,0.0,0.5014399290084839,0.4249721169471741
0.4976179599761963,0.2912314832210541,0.519165575504303,0.2703198790550232,0.4765320420265198,0.2757381796836853,0.555845320224762,0.3048574030399322,0.4528678059577942,0.3149949610233307,0.5927850604057312,0.4242332875728607,0.4132887423038482,0.4280780255794525,0.7178590893745422,0.3100466132164001,0.2813985645771026,0.3191800117492676,0.6364613771438599,0.1208412870764732,0.3744341731071472,0.1332246512174606,0.5588546991348267,0.8300808072090149,0.4301791191101074,0.8313729166984558,0.0,0.0,0.0,0.0,0.0,0.0,0.0,0.0,0.5014968514442444,0.4233674705028534
0.4947105050086975,0.2918525338172912,0.5171771049499512,0.2709943354129791,0.4738056361675262,0.2760604918003082,0.5540814995765686,0.3037882149219513,0.4508253037929535,0.31407031416893,0.589820921421051,0.4233126938343048,0.4130311012268066,0.4255802631378174,0.7056178450584412,0.2976421415805816,0.2909033596515655,0.3055729568004608,0.6224038004875183,0.1152469366788864,0.392915278673172,0.1313845068216323,0.5563269257545471,0.8290815949440002,0.4269643127918243,0.8297238945960999,0.0,0.0,0.0,0.0,0.0,0.0,0.0,0.0,0.5001717209815979,0.4220766127109527
0.4925838410854339,0.2919563949108124,0.5147441625595093,0.2717211842536926,0.4719650149345398,0.276227205991745,0.5485289692878723,0.3060430586338043,0.4489900767803192,0.3136263787746429,0.5856714844703674,0.4222829043865204,0.4138737320899963,0.4245285093784332,0.6961308121681213,0.2853773534297943,0.2986561357975006,0.2933909595012665,0.5977731347084045,0.1081397980451583,0.4091181457042694,0.1295911520719528,0.5554729700088501,0.8262273073196411,0.4263134598731994,0.8274633288383484,0.0,0.0,0.0,0.0,0.0,0.0,0.0,0.0,0.499178022146225,0.4210700690746307
0.4909942150115967,0.2905241847038269,0.5139216184616089,0.2708667814731598,0.4706099033355713,0.2754188179969787,0.5473305583000183,0.3039136826992035,0.4471983313560486,0.3122172653675079,0.584969162940979,0.4210220277309418,0.4136494100093841,0.4219081997871399,0.6852306723594666,0.27853924036026,0.3074905574321747,0.2845881283283233,0.5726397633552551,0.1014227047562599,0.4233272969722748,0.1252079308032989,0.5557932257652283,0.8254919648170471,0.4257035851478576,0.8264136910438538,0.0,0.0,0.0,0.0,0.0,0.0,0.0,0.0,0.4995234310626983,0.4192648231983185
0.4906293451786041,0.2898383736610412,0.512914776802063,0.2703586518764496,0.470758855342865,0.2745514214038849,0.5459631681442261,0.3035780489444732,0.4468777179718017,0.3112948536872864,0.581383228302002,0.4188787043094635,0.4149371087551117,0.418576180934906,0.6770431399345398,0.2711695730686188,0.3157373964786529,0.2729001343250274,0.5623292326927185,0.1069010868668556,0.4436382353305816,0.1184086427092552,0.5550945401191711,0.8167886734008789,0.4256552159786224,0.8250352740287781,0.0,0.0,0.0,0.0,0.0,0.0,0.0,0.0,0.4983868598937988,0.4166088402271271
0.4900906383991241,0.2907078862190246,0.5120071172714233,0.2705485224723816,0.4696933329105377,0.2750885486602783,0.5455228686332703,0.3026714622974396,0.4458113014698028,0.311010867357254,0.5815304517745972,0.4174682796001434,0.4149376451969147,0.4164361953735351,0.6708112955093384,0.2619636952877044,0.3224801123142242,0.2619142532348633,0.5573886632919312,0.1144576519727706,0.4514426589012146,0.1316880732774734,0.5552642941474915,0.8171944618225098,0.4251229166984558,0.8257384300231934,0.0,0.0,0.0,0.0,0.0,0.0,0.0,0.0,0.4973505437374115,0.4151890575885772
0.4898922443389892,0.290842592716217,0.5109951496124268,0.2693468630313873,0.4702205061912536,0.2738441228866577,0.5448654294013977,0.3018169105052948,0.445882499217987,0.3095042705535888,0.5815600156784058,0.417583554983139,0.4151966869831085,0.4160320162773132,0.6565406918525696,0.247795969247818,0.3362550735473633,0.2560846507549286,0.547627866268158,0.1211393922567367,0.462209016084671,0.1436522305011749,0.5576381683349609,0.8266616463661194,0.4268672466278076,0.8281488418579102,0.0,0.0,0.0,0.0,0.0,0.0,0.0,0.0,0.4963526725769043,0.4142975807189941
0.491069495677948,0.2911338806152344,0.5113424062728882,0.2678516805171966,0.4701081216335296,0.2746542990207672,0.546320378780365,0.2991602718830108,0.4463558793067932,0.3124800026416778,0.5830519795417786,0.4166487753391266,0.4175251424312591,0.4190706610679626,0.6427909135818481,0.2431565374135971,0.3561237752437591,0.2489705085754394,0.5293883681297302,0.1289851516485214,0.4536240398883819,0.1554266512393951,0.559191882610321,0.8264306783676147,0.4265547096729278,0.8289529085159302,0.0,0.0,0.0,0.0,0.0,0.0,0.0,0.0,0.499035507440567,0.4153321087360382
0.4925755858421325,0.2910299301147461,0.5136545896530151,0.2679977118968963,0.4712002277374267,0.2741521298885345,0.5473266839981079,0.2980590462684631,0.4465055763721466,0.3100872039794922,0.5836237668991089,0.4142151176929474,0.4191429615020752,0.4159179627895355,0.6398199200630188,0.2409406006336212,0.3854456543922424,0.3604848086833954,0.5239338278770447,0.1299677789211273,0.0,0.0,0.5576976537704468,0.8174424767494202,0.425966739654541,0.8270950317382812,0.0,0.0,0.0,0.0,0.0,0.0,0.0,0.0,0.5001324415206909,0.4120827317237854
0.4943525791168213,0.2904368937015533,0.5150960683822632,0.267940491437912,0.4739633202552795,0.2722121179103851,0.5470412373542786,0.2996732294559479,0.4491341114044189,0.3055750429630279,0.58378666639328,0.4099841117858886,0.4204733669757843,0.4127354323863983,0.6339396834373474,0.238992229104042,0.3883619308471679,0.359617680311203,0.5221362709999084,0.1300935596227646,0.0,0.0,0.5570288896560669,0.8260690569877625,0.4245404601097107,0.8275967836380005,0.0,0.0,0.0,0.0,0.0,0.0,0.0,0.0,0.5012678503990173,0.4081566035747528
0.4941222071647644,0.2896426618099212,0.5154554843902588,0.2676279842853546,0.4738439917564392,0.2717185616493225,0.5478324890136719,0.3005504608154297,0.4496376812458038,0.3048133254051208,0.5840069651603699,0.40884730219841,0.4215028584003448,0.4127781391143799,0.6302222013473511,0.2399416118860244,0.3891753256320953,0.3594962656497955,0.515947699546814,0.1323505789041519,0.0,0.0,0.5569847822189331,0.8264493942260742,0.4242796599864959,0.8282544016838074,0.0,0.0,0.0,0.0,0.0,0.0,0.0,0.0,0.5021732449531555,0.407682716846466
0.5142064094543457,0.2916374802589416,0.5339203476905823,0.2694307565689087,0.4952850043773651,0.2761041820049286,0.5637915134429932,0.2997694313526153,0.4756441414356231,0.3085401058197021,0.603707492351532,0.4159542024135589,0.4396877884864807,0.4182918667793274,0.6405254006385803,0.2361466586589813,0.4108708798885345,0.3598493635654449,0.525859534740448,0.1312067806720733,0.0,0.0,0.5815907120704651,0.8157919645309448,0.4615375995635986,0.8269334435462952,0.0,0.0,0.0,0.0,0.0,0.0,0.0,0.0,0.5222399830818176,0.4157267212867737
0.5439717769622803,0.29439777135849,0.563610851764679,0.2741037309169769,0.5213812589645386,0.2740340530872345,0.5945523381233215,0.316843569278717,0.4951022565364837,0.3127975165843963,0.6323040127754211,0.4188965857028961,0.4650389552116394,0.4256560206413269,0.6757704615592957,0.2334475666284561,0.4049555361270904,0.2621060311794281,0.5629836320877075,0.1393468081951141,0.0,0.0,0.6111323237419128,0.8285873532295227,0.4870304465293884,0.8315983414649963,0.0,0.0,0.0,0.0,0.0,0.0,0.0,0.0,0.5455529689788818,0.4201579689979553
0.5497437715530396,0.2936399281024933,0.5721800923347473,0.2735663950443268,0.5282688736915588,0.2745237350463867,0.6021732091903687,0.3121580779552459,0.5043180584907532,0.3115463554859161,0.6415572762489319,0.4201994240283966,0.4726100265979767,0.4248635768890381,0.6917357444763184,0.2364136129617691,0.404416024684906,0.2652032077312469,0.5787134170532227,0.1389615386724472,0.5087950825691223,0.1571592539548874,0.613132119178772,0.8136157393455505,0.4918935000896454,0.8137479424476624,0.0,0.0,0.0,0.0,0.0,0.0,0.0,0.0,0.5557724833488464,0.420179545879364
0.5490708947181702,0.2838888466358185,0.5734685659408569,0.2631161510944366,0.5284313559532166,0.265119731426239,0.6064404249191284,0.3046486675739288,0.5044946670532227,0.303606778383255,0.6417554616928101,0.415304571390152,0.4709998667240143,0.4161875545978546,0.7081212997436523,0.2359850853681564,0.3907690048217773,0.262936383485794,0.5918904542922974,0.1307428181171417,0.509101390838623,0.1460436135530471,0.6153978705406189,0.8137717843055725,0.492316722869873,0.8228269815444946,0.0,0.0,0.0,0.0,0.0,0.0,0.0,0.0,0.5548407435417175,0.4124710261821747
0.5789071321487427,0.2849774062633514,0.5998502969741821,0.2592129409313202,0.5597543120384216,0.2694052755832672,0.6327521204948425,0.2900195717811584,0.540306031703949,0.3059224188327789,0.6799429059028625,0.402543693780899,0.5110486149787903,0.4162844717502594,0.7612096667289734,0.2126713693141937,0.4325226843357086,0.2717530131340027,0.6345974206924438,0.1226143091917038,0.5476481914520264,0.1371495872735977,0.664016842842102,0.8157767057418823,0.5393136739730835,0.8148089647293091,0.0,0.0,0.0,0.0,0.0,0.0,0.0,0.0,0.59272301197052,0.4065076410770416
0.6104158163070679,0.280691921710968,0.6331028342247009,0.2565172910690307,0.5901185870170593,0.2629388570785522,0.6668062210083008,0.2874201238155365,0.567354142665863,0.3006444275379181,0.7104978561401367,0.4000744223594665,0.542400062084198,0.4137687683105469,0.7799797058105469,0.1889102756977081,0.4649946689605713,0.2596200406551361,0.6524322628974915,0.1029072403907775,0.5788742899894714,0.1193185299634933,0.6885760426521301,0.8262264132499695,0.5666993856430054,0.8283800482749939,0.0,0.0,0.0,0.0,0.0,0.0,0.0,0.0,0.6234510540962219,0.4068337976932525
0.6258143186569214,0.2893884479999542,0.6468919515609741,0.2622821629047394,0.6053189039230347,0.271161288022995,0.6858949661254883,0.290386825799942,0.5844191908836365,0.3062331974506378,0.7234965562820435,0.4025759994983673,0.5569286346435547,0.4153186380863189,0.797085702419281,0.1915718615055084,0.474518209695816,0.2595650851726532,0.6641107201576233,0.1045542731881141,0.5912686586380005,0.1194703951478004,0.6984595656394958,0.8273995518684387,0.5734940767288208,0.8289375305175781,0.0,0.0,0.0,0.0,0.0,0.0,0.0,0.0,0.6390480399131775,0.407615602016449
0.6070882081985474,0.2928339838981628,0.629000723361969,0.2678140997886657,0.5860165357589722,0.2749747633934021,0.6589645743370056,0.2935166358947754,0.5639966130256653,0.3086069524288177,0.7031073570251465,0.402347058057785,0.5377635359764099,0.4161184132099151,0.7821690440177917,0.2052105963230133,0.461247831583023,0.2581665217876434,0.6544418931007385,0.1180719062685966,0.5766382217407227,0.1300828754901886,0.6750074625015259,0.8262273073196411,0.5509778261184692,0.8295049071311951,0.0,0.0,0.0,0.0,0.0,0.0,0.0,0.0,0.6169166564941406,0.4101158678531647
0.5497167110443115,0.3020278513431549,0.5718547105789185,0.2813389599323272,0.5293483734130859,0.2851444184780121,0.6053348183631897,0.3164255917072296,0.508872926235199,0.3192765712738037,0.6452130675315857,0.4230751693248749,0.4736076295375824,0.4309004843235016,0.7261508703231812,0.2504796385765075,0.4089829921722412,0.2878832817077636,0.6037648320198059,0.1616999357938766,0.5290492177009583,0.1687408685684204,0.6148623824119568,0.812765896320343,0.4938167035579681,0.8148359656333923,0.0,0.0,0.0,0.0,0.0,0.0,0.0,0.0,0.5596131086349487,0.4225309789180755
0.5369092226028442,0.3058467507362366,0.5549269318580627,0.2872118353843689,0.515670120716095,0.2888382971286773,0.5814482569694519,0.3196878731250763,0.4903303682804107,0.3291096091270447,0.6208123564720154,0.4358848035335541,0.4610541462898254,0.4385782778263092,0.6893421411514282,0.312234491109848,0.3932307660579681,0.3386456072330475,0.5733937621116638,0.2021357715129852,0.5103692412376404,0.203376904129982,0.6044978499412537,0.8119644522666931,0.4866490662097931,0.8242407441139221,0.0,0.0,0.0,0.0,0.0,0.0,0.0,0.0,0.5381134152412415,0.4334684312343597
0.5439121127128601,0.3095913827419281,0.562102735042572,0.2904520332813263,0.5251671671867371,0.2924140095710754,0.5885864496231079,0.3237838447093963,0.5041828751564026,0.3271183669567108,0.6284221410751343,0.4359647333621979,0.4718556702136993,0.4372731149196625,0.6884769201278687,0.3361899256706238,0.3979859352111816,0.3611156344413757,0.5762507319450378,0.2216469347476959,0.5093955397605896,0.2249694913625717,0.6101670861244202,0.8130993843078613,0.4912792146205902,0.8261843323707581,0.0,0.0,0.0,0.0,0.0,0.0,0.0,0.0,0.546467661857605,0.4333103001117706
0.559479832649231,0.3054789900779724,0.5772256255149841,0.2834640741348266,0.5414889454841614,0.2915844917297363,0.6059852838516235,0.3122463822364807,0.5233358144760132,0.3287754952907562,0.6502609848976135,0.4291084408760071,0.4935102462768554,0.4378290474414825,0.7204866409301758,0.3201048076152801,0.4153890013694763,0.3533392250537872,0.5941897034645081,0.2151866853237152,0.5269986987113953,0.2212321907281875,0.6307870149612427,0.8101677298545837,0.511555552482605,0.8132554888725281,0.0,0.0,0.0,0.0,0.0,0.0,0.0,0.0,0.5714989900588989,0.4276389181613922
0.582833468914032,0.2979179918766022,0.602432906627655,0.278013676404953,0.5653728246688843,0.2836348116397857,0.6294531226158142,0.3172701299190521,0.543496310710907,0.3313078582286834,0.6693288683891296,0.4355141222476959,0.5090990662574768,0.4444041848182678,0.7437641024589539,0.3242542743682861,0.4364847838878631,0.3623529374599457,0.6256718635559082,0.2127591222524643,0.5391666293144226,0.2204125225543975,0.6528083682060242,0.8138262629508972,0.5359290838241577,0.8137755393981934,0.0,0.0,0.0,0.0,0.0,0.0,0.0,0.0,0.5867128968238831,0.4371662437915802
0.6094373464584351,0.3054140508174896,0.6264474987983704,0.2857773303985595,0.5916420221328735,0.2880327403545379,0.6555901169776917,0.3124117851257324,0.5699227452278137,0.321727305650711,0.6963277459144592,0.4313600957393646,0.5395969152450562,0.4423407018184662,0.7672531008720398,0.3224776685237884,0.4596099257469177,0.3751235604286194,0.6463984847068787,0.2239146381616592,0.564202070236206,0.2363798171281814,0.6766682863235474,0.8278032541275024,0.5583586096763611,0.8299192190170288,0.0,0.0,0.0,0.0,0.0,0.0,0.0,0.0,0.6162371039390564,0.4339422881603241
0.575886070728302,0.3001887500286102,0.5955778956413269,0.2796990275382995,0.5589302778244019,0.2856167256832123,0.6229254603385925,0.3209060728549957,0.5360506772994995,0.3318863213062286,0.6628785729408264,0.4338762462139129,0.5043228268623352,0.4382743835449219,0.7438470721244812,0.3172336518764496,0.4322429001331329,0.360241174697876,0.6222852468490601,0.2109029591083526,0.550175130367279,0.1989190578460693,0.6410864591598511,0.815750002861023,0.5208122134208679,0.8152748942375183,0.0,0.0,0.0,0.0,0.0,0.0,0.0,0.0,0.5815061330795288,0.4319121241569519
0.5482234954833984,0.30188649892807,0.5672679543495178,0.2789358496665954,0.5283297896385193,0.2831856310367584,0.5962044596672058,0.3042214810848236,0.5079768896102905,0.3177413642406463,0.6378933191299438,0.4260688722133636,0.476936787366867,0.4341523051261902,0.7114402651786804,0.3111900687217712,0.3937836289405823,0.3512794077396393,0.5782541632652283,0.1946524530649185,0.5168936252593994,0.1997797638177871,0.6098924875259399,0.8174335360527039,0.4886218011379242,0.827751100063324,0.0,0.0,0.0,0.0,0.0,0.0,0.0,0.0,0.5557874441146851,0.4247353374958038
0.4998551309108734,0.2944286167621612,0.5199025869369507,0.277125209569931,0.4802951216697693,0.279682457447052,0.5472555756568909,0.3077434003353119,0.454120010137558,0.3135575652122497,0.583662211894989,0.4250553548336029,0.4160870909690857,0.4263817965984344,0.6597949266433716,0.3013258874416351,0.344368040561676,0.3231931030750274,0.5381146669387817,0.1738671511411667,0.4662906527519226,0.1932265013456344,0.5616059899330139,0.8150386810302734,0.4340754151344299,0.816470742225647,0.0,0.0,0.0,0.0,0.0,0.0,0.0,0.0,0.4995670020580292,0.4225378632545471
0.4767842590808868,0.2926470637321472,0.4975526332855224,0.2714900076389313,0.4564526677131653,0.2717407047748565,0.5223336219787598,0.3012151718139648,0.4297570884227752,0.309514969587326,0.5611185431480408,0.4155960977077484,0.4006020128726959,0.4271964132785797,0.631074070930481,0.2798631191253662,0.3129609227180481,0.3030742108821869,0.5117534399032593,0.157538503408432,0.4407301843166351,0.1609689146280288,0.5399158596992493,0.8095707297325134,0.4171012341976166,0.8144841194152832,0.0,0.0,0.0,0.0,0.0,0.0,0.0,0.0,0.4779005050659179,0.4208965897560119
0.4763081967830658,0.2908006608486175,0.4979129731655121,0.2690872550010681,0.4559180438518524,0.2701255977153778,0.5248556733131409,0.3000525832176208,0.4307660758495331,0.307044506072998,0.5626595616340637,0.4133390784263611,0.4007571041584015,0.4243840277194977,0.6357542872428894,0.2699858248233795,0.3181642591953277,0.2892436683177948,0.5220344066619873,0.1454878151416778,0.4421513676643371,0.1501296907663345,0.5456720590591431,0.8105866312980652,0.4184511601924896,0.8154688477516174,0.0,0.0,0.0,0.0,0.0,0.0,0.0,0.0,0.4793322384357452,0.4186713397502899
0.523576021194458,0.2904360592365265,0.5393214821815491,0.2695074379444122,0.501620352268219,0.2747996747493744,0.564451277256012,0.2971236407756805,0.4765996634960174,0.310416430234909,0.6134161353111267,0.4157958030700683,0.445403516292572,0.4263313710689544,0.6820321679115295,0.2633865475654602,0.3668509125709533,0.2941074967384338,0.5550240874290466,0.1478645056486129,0.4801570475101471,0.1640790998935699,0.5987284779548645,0.8167108297348022,0.475957840681076,0.8279590606689453,0.0,0.0,0.0,0.0,0.0,0.0,0.0,0.0,0.5279157757759094,0.4186042845249176
0.5611324310302734,0.2942303121089935,0.5814271569252014,0.2727040946483612,0.5396302342414856,0.278880774974823,0.6154948472976685,0.3058826029300689,0.519042432308197,0.3161242008209228,0.6549404263496399,0.4217529892921448,0.4867737889289856,0.4324655830860138,0.7264095544815063,0.2658697664737701,0.4104118943214416,0.3064613044261932,0.6001443862915039,0.15924072265625,0.5317679643630981,0.1665038019418716,0.6378465890884399,0.826036810874939,0.5122263431549072,0.8286727666854858,0.0,0.0,0.0,0.0,0.0,0.0,0.0,0.0,0.5713703036308289,0.4212128221988678
0.587966799736023,0.2991149723529815,0.6100655794143677,0.2778697907924652,0.5667787790298462,0.2839208245277405,0.640968918800354,0.3091501891613006,0.5449032783508301,0.3246384263038635,0.6799921989440918,0.4209567010402679,0.516485869884491,0.4378023147583008,0.7570287585258484,0.278702050447464,0.4293367862701416,0.3289472460746765,0.6410161256790161,0.1843925416469574,0.5440508723258972,0.1843306571245193,0.6624845266342163,0.8275006413459778,0.5389818549156189,0.827844500541687,0.0,0.0,0.0,0.0,0.0,0.0,0.0,0.0,0.5965703725814819,0.4275045096874237
0.5176234245300293,0.4884636998176574,0.552276074886322,0.4580213725566864,0.4971243739128113,0.459056407213211,0.599338173866272,0.4950742423534393,0.4689036011695862,0.4927863776683807,0.6519563794136047,0.6376580595970154,0.4205410182476043,0.6375898122787476,0.7685657143592834,0.4625046551227569,0.2734584212303161,0.4954261183738708,0.5712724328041077,0.3252258002758026,0.4570237994194031,0.3330070972442627,0.0,0.0,0.0,0.0,0.0,0.0,0.0,0.0,0.0,0.0,0.0,0.0,0.532194197177887,0.6374305486679077
0.5142354369163513,0.5182176232337952,0.5471600890159607,0.4834145009517669,0.4912148118019104,0.488028734922409,0.5945704579353333,0.5188108086585999,0.4659471213817596,0.5254050493240356,0.6465317606925964,0.6596776247024536,0.424267053604126,0.6668533682823181,0.7634768486022949,0.4895234405994415,0.2703842222690582,0.531053900718689,0.5534211993217468,0.3591943383216858,0.4572725594043731,0.3635607063770294,0.0,0.0,0.0,0.0,0.0,0.0,0.0,0.0,0.0,0.0,0.0,0.0,0.528078019618988,0.6651371121406555
0.5116687417030334,0.525297999382019,0.5482313632965088,0.4970269799232483,0.4893525242805481,0.5016217231750488,0.5941100716590881,0.5410782694816589,0.4634185135364532,0.5431812405586243,0.634617805480957,0.6768341660499573,0.4214182496070862,0.6827535033226013,0.752708375453949,0.4989914894104004,0.2696794867515564,0.5511381030082703,0.5411767363548279,0.3731951117515564,0.4529343247413635,0.3826147615909576,0.0,0.0,0.0,0.0,0.0,0.0,0.0,0.0,0.0,0.0,0.0,0.0,0.5226379036903381,0.6793203353881836
0.5120698809623718,0.5285016298294067,0.5487101078033447,0.5013312101364136,0.4895474314689636,0.5069683790206909,0.593673586845398,0.5459586977958679,0.4633972644805908,0.5510584712028503,0.6321984529495239,0.6767390370368958,0.4212864935398102,0.6821483373641968,0.7495257258415222,0.504732072353363,0.2683176398277282,0.5582120418548584,0.5486912727355957,0.3803138136863708,0.4404422342777252,0.3940296769142151,0.0,0.0,0.0,0.0,0.0,0.0,0.0,0.0,0.0,0.0,0.0,0.0,0.521967351436615,0.6794260740280151
0.5038512349128723,0.5233858227729797,0.541343629360199,0.4962682127952575,0.4811605513095855,0.5011202096939087,0.5887271761894226,0.5376155376434326,0.4563256800174713,0.5399736762046814,0.6326173543930054,0.6721234917640686,0.4185314774513244,0.6811389327049255,0.7433539628982544,0.4888321459293365,0.2692162096500397,0.5410285592079163,0.5367678999900818,0.3660376071929931,0.4413349628448486,0.3729810416698456,0.0,0.0,0.0,0.0,0.0,0.0,0.0,0.0,0.0,0.0,0.0,0.0,0.5210619568824768,0.6764249205589294
0.5009813904762268,0.5167253613471985,0.5352204442024231,0.4883140027523041,0.4767508804798126,0.4946881830692291,0.5849284529685974,0.5267937779426575,0.4499731957912445,0.530706524848938,0.6304410099983215,0.6570296287536621,0.4152725040912628,0.6714504361152649,0.7449854612350464,0.4787566363811493,0.271745890378952,0.527309238910675,0.5630060434341431,0.3482558727264404,0.445636510848999,0.357691615819931,0.0,0.0,0.0,0.0,0.0,0.0,0.0,0.0,0.0,0.0,0.0,0.0,0.5178058743476868,0.6661044955253601
0.5031329393386841,0.5185381174087524,0.5406343340873718,0.489936500787735,0.4795208275318146,0.494899183511734,0.589637279510498,0.5288251638412476,0.4518987834453583,0.5286081433296204,0.6356901526451111,0.6568746566772461,0.4169979393482208,0.6664544343948364,0.7438672780990601,0.4684105217456817,0.2846556603908539,0.5141865015029907,0.5760065913200378,0.3368615806102752,0.4599063396453857,0.3414666354656219,0.0,0.0,0.0,0.0,0.0,0.0,0.0,0.0,0.0,0.0,0.0,0.0,0.5211299657821655,0.6629019975662231
0.5086073279380798,0.5156943798065186,0.5423035025596619,0.4873018860816955,0.4841535687446594,0.4935895502567291,0.5910453200340271,0.5265576839447021,0.4582946598529815,0.5302532911300659,0.6360505819320679,0.6526756286621094,0.4201859831809997,0.6645320653915405,0.7444245219230652,0.4596293866634369,0.2848666906356811,0.4964406490325928,0.5767674446105957,0.3230223357677459,0.4716897308826446,0.3288696408271789,0.0,0.0,0.0,0.0,0.0,0.0,0.0,0.0,0.0,0.0,0.0,0.0,0.5232462286949158,0.6592565774917603
0.5098438858985901,0.5141676068305969,0.5438848733901978,0.4866631031036377,0.486022800207138,0.491469144821167,0.5918719172477722,0.5290675759315491,0.4594751298427582,0.5287952423095703,0.6358298659324646,0.6541699171066284,0.4187270998954773,0.6621297001838684,0.7450589537620544,0.4569334387779236,0.285189688205719,0.495186984539032,0.5761135220527649,0.3191833198070526,0.4707918167114258,0.3273097574710846,0.0,0.0,0.0,0.0,0.0,0.0,0.0,0.0,0.0,0.0,0.0,0.0,0.5222826600074768,0.6592122316360474
0.510843813419342,0.5157304406166077,0.5449702739715576,0.4893859028816223,0.4857694506645202,0.4934861660003662,0.5921370387077332,0.5321417450904846,0.4587593674659729,0.5306833386421204,0.6347880959510803,0.6579365730285645,0.4175861477851867,0.6611179709434509,0.7405126690864563,0.4525991082191467,0.2917996048927307,0.4871591925621032,0.5786061882972717,0.3013936877250671,0.4682633876800537,0.317884624004364,0.0,0.0,0.0,0.0,0.0,0.0,0.0,0.0,0.0,0.0,0.0,0.0,0.5208871960639954,0.6620754599571228
0.5109124779701233,0.5149449706077576,0.5436686873435974,0.4885820746421814,0.4856788218021393,0.4927173554897308,0.5873342752456665,0.5304971933364868,0.4580837190151214,0.5299243927001953,0.630294144153595,0.6562687754631042,0.4167990088462829,0.6611751317977905,0.7372342944145203,0.4489906430244446,0.2915658354759216,0.4850075244903564,0.575534999370575,0.2941754460334778,0.4580640792846679,0.3164802193641662,0.0,0.0,0.0,0.0,0.0,0.0,0.0,0.0,0.0,0.0,0.0,0.0,0.5189017653465271,0.6609582304954529
0.5076326131820679,0.5120070576667786,0.5394604802131653,0.4868482053279876,0.4818593859672546,0.4918005168437958,0.5824828743934631,0.5258848667144775,0.451962262392044,0.5283758044242859,0.6265654563903809,0.6522554755210876,0.4145300984382629,0.6613432168960571,0.7237127423286438,0.4363766014575958,0.2935819923877716,0.4780709147453308,0.5655956864356995,0.2785692512989044,0.453355610370636,0.3044241368770599,0.0,0.0,0.0,0.0,0.0,0.0,0.0,0.0,0.0,0.0,0.0,0.0,0.5153552293777466,0.6580699682235718
0.5098544359207153,0.5117548108100891,0.5422992706298828,0.4844997823238373,0.4865273833274841,0.4896965324878692,0.5865331888198853,0.5267525911331177,0.4592535197734833,0.5278729796409607,0.6338921785354614,0.6471073031425476,0.4222403168678283,0.6576836705207825,0.7385042905807495,0.4515251219272613,0.2899149060249328,0.5026847720146179,0.5735144019126892,0.3302857875823974,0.4666487872600555,0.3366468250751495,0.0,0.0,0.0,0.0,0.0,0.0,0.0,0.0,0.0,0.0,0.0,0.0,0.5230339169502258,0.6538577079772949
0.5053277015686035,0.5039487481117249,0.5377746820449829,0.4764179587364197,0.4829520881175995,0.4816541075706482,0.5877339243888855,0.5156393647193909,0.4568759799003601,0.5186938047409058,0.6367061734199524,0.6438843607902527,0.4219860136508941,0.6504471898078918,0.7401273846626282,0.4477367997169494,0.2860148549079895,0.4997363090515136,0.5707359910011292,0.3271489441394806,0.4552317559719085,0.3330301940441131,0.0,0.0,0.0,0.0,0.0,0.0,0.0,0.0,0.0,0.0,0.0,0.0,0.525732159614563,0.6473146080970764
0.5058623552322388,0.4765067398548126,0.5349618196487427,0.4504175186157226,0.4806981682777405,0.4572709500789642,0.5820261240005493,0.4915216565132141,0.4520775973796844,0.5020767450332642,0.6293914914131165,0.6251443028450012,0.4148097634315491,0.6318049430847168,0.7387687563896179,0.4338391423225403,0.2820290029048919,0.4821228086948395,0.556962251663208,0.2960898876190185,0.4443321228027344,0.3151974678039551,0.0,0.0,0.0,0.0,0.0,0.0,0.0,0.0,0.0,0.0,0.0,0.0,0.520128607749939,0.627742350101471
0.503285825252533,0.5058643817901611,0.5352790355682373,0.4756534695625305,0.4804031252861023,0.4814430773258209,0.5854107737541199,0.5125072598457336,0.4527947902679443,0.5179946422576904,0.6352591514587402,0.6462134718894958,0.4193567633628845,0.6576842069625854,0.7404757142066956,0.4535315036773681,0.278735339641571,0.5082919597625732,0.5599747896194458,0.3355095386505127,0.4452145993709564,0.3363876342773437,0.0,0.0,0.0,0.0,0.0,0.0,0.0,0.0,0.0,0.0,0.0,0.0,0.5236034393310547,0.651943564414978
0.5105994939804077,0.5341942310333252,0.5450845956802368,0.506321907043457,0.4870700538158417,0.5118011832237244,0.5886711478233337,0.5467873215675354,0.4620371758937835,0.5551339983940125,0.6329166293144226,0.6760002970695496,0.4226788580417633,0.6874901056289673,0.7390314936637878,0.491396814584732,0.2800518572330475,0.5505735874176025,0.5378780364990234,0.3704185783863067,0.4439969658851623,0.3854184746742248,0.0,0.0,0.0,0.0,0.0,0.0,0.0,0.0,0.0,0.0,0.0,0.0,0.5232328772544861,0.6813627481460571
0.5139674544334412,0.5340443849563599,0.5479782819747925,0.5046005845069885,0.4925500750541687,0.5110828876495361,0.5946377515792847,0.5421381592750549,0.4684205949306488,0.5518599152565002,0.6464084386825562,0.676070511341095,0.4289958477020263,0.6868515014648438,0.7538968324661255,0.4869756400585174,0.2944216132164001,0.5373340845108032,0.5631299614906311,0.3628678917884826,0.471180111169815,0.3717445433139801,0.0,0.0,0.0,0.0,0.0,0.0,0.0,0.0,0.0,0.0,0.0,0.0,0.5312706232070923,0.6820794939994812
0.5199888348579407,0.5136467218399048,0.5508861541748047,0.4820873737335205,0.4969999194145202,0.4903929233551025,0.599208414554596,0.5204358100891113,0.472735583782196,0.5319865345954895,0.6499101519584656,0.6624032855033875,0.434317797422409,0.6721404194831848,0.7345972657203674,0.4453002512454986,0.2783236801624298,0.5397003889083862,0.5464503169059753,0.344904750585556,0.4403913021087646,0.3480723798274994,0.0,0.0,0.0,0.0,0.0,0.0,0.0,0.0,0.0,0.0,0.0,0.0,0.5400696992874146,0.6697654128074646
0.4979346692562103,0.4837399423122406,0.5240512490272522,0.4599889814853668,0.4740902483463287,0.4668029248714447,0.5704766511917114,0.4931147694587707,0.4499244689941406,0.5097458958625793,0.6323734521865845,0.6349906921386719,0.4206539094448089,0.6529898643493652,0.6918230652809143,0.4009489119052887,0.2527585029602051,0.5513255596160889,0.0,0.0,0.394386738538742,0.3357440531253814,0.0,0.0,0.0,0.0,0.0,0.0,0.0,0.0,0.0,0.0,0.0,0.0,0.5250663161277771,0.6417565941810608
0.6841548681259155,0.3217260241508484,0.7045859098434448,0.2981553077697754,0.6657809019088745,0.3061914443969726,0.7368444204330444,0.3296661972999573,0.6479080319404602,0.3434179425239563,0.7754928469657898,0.4347154498100281,0.6199502348899841,0.4459759891033172,0.8622827529907227,0.2836663424968719,0.5438361763954163,0.3180561661720276,0.7444924712181091,0.1961446553468704,0.6654373407363892,0.2083452939987182,0.7575283050537109,0.805937647819519,0.6402766108512878,0.8107123374938965,0.0,0.0,0.0,0.0,0.0,0.0,0.0,0.0,0.6966037750244141,0.4378351271152496
0.6838144063949585,0.3281421065330505,0.7023021578788757,0.3071417510509491,0.6650622487068176,0.3134600520133972,0.7308899760246277,0.3367721140384674,0.6450031399726868,0.348190575838089,0.7686339616775513,0.4412994086742401,0.618515133857727,0.4483492970466614,0.8509369492530823,0.2914867699146271,0.5493527054786682,0.3214302361011505,0.7359055876731873,0.1991585046052932,0.6653580069541931,0.212245687842369,0.7575060129165649,0.7969881892204285,0.6417059302330017,0.7992095351219177,0.0,0.0,0.0,0.0,0.0,0.0,0.0,0.0,0.6915960311889648,0.4433310329914093
0.6904715895652771,0.3367888629436493,0.708835244178772,0.3152736127376556,0.6742481589317322,0.3224181532859802,0.7404788732528687,0.3433020710945129,0.65796959400177,0.352750688791275,0.7814103960990906,0.4470398128032684,0.6341506242752075,0.4509701132774353,0.8597779870033264,0.2934487164020538,0.5623030066490173,0.3291230797767639,0.751305103302002,0.2051160186529159,0.6739227175712585,0.224400982260704,0.7632055282592773,0.7896310687065125,0.6520775556564331,0.790679931640625,0.0,0.0,0.0,0.0,0.0,0.0,0.0,0.0,0.7065267562866211,0.4458785951137543
0.7184016108512878,0.3432069420814514,0.7374323606491089,0.3239995837211609,0.7018032670021057,0.3274747729301452,0.7664884328842163,0.3464120924472809,0.6827792525291443,0.3542599976062774,0.8051866888999939,0.4502844214439392,0.6594072580337524,0.4503407776355743,0.8819143176078796,0.2898018658161163,0.5910143852233887,0.3274518847465515,0.7742933630943298,0.1998549997806549,0.7035421133041382,0.2109822481870651,0.7898666262626648,0.7921882271766663,0.6799729466438293,0.7922015190124512,0.0,0.0,0.0,0.0,0.0,0.0,0.0,0.0,0.7313379049301147,0.4489043354988098
0.7284344434738159,0.343796819448471,0.746869683265686,0.32509645819664,0.7135194540023804,0.3300275504589081,0.7750951647758484,0.3437303900718689,0.697929859161377,0.3552846312522888,0.8169786334037781,0.4418931901454925,0.6692914366722107,0.4461425244808197,0.8891733288764954,0.2846006155014038,0.6058899164199829,0.322138100862503,0.7929758429527283,0.1877058893442154,0.7108755707740784,0.206253319978714,0.8009375929832458,0.7909536957740784,0.6892256736755371,0.7935554385185242,0.0,0.0,0.0,0.0,0.0,0.0,0.0,0.0,0.7413076758384705,0.4445769488811493
0.7309250235557556,0.3426768481731415,0.7497935891151428,0.3244943618774414,0.7162733674049377,0.3286895155906677,0.7775636911392212,0.3432340919971466,0.6995062232017517,0.3531383574008941,0.8218788504600525,0.4398877620697021,0.6727948784828186,0.443735122680664,0.8955591320991516,0.286814272403717,0.6112844347953796,0.3218651115894317,0.7959634065628052,0.1881293356418609,0.7181053757667542,0.2053601592779159,0.8062916994094849,0.7962981462478638,0.6934547424316406,0.7986804246902466,0.0,0.0,0.0,0.0,0.0,0.0,0.0,0.0,0.7450968027114868,0.4429845213890075
0.7326546907424927,0.3420891761779785,0.7507219910621643,0.3230693638324737,0.7166671752929688,0.3287787139415741,0.7798123359680176,0.3396074473857879,0.7001983523368835,0.3538136780261993,0.8235930800437927,0.4352810084819793,0.6764868497848511,0.4428074359893799,0.8935210108757019,0.2811061441898346,0.6138679385185242,0.3186823427677154,0.7945469617843628,0.1769385784864425,0.7193077802658081,0.1981813758611679,0.8078255653381348,0.7952924370765686,0.695132851600647,0.7978323101997375,0.0,0.0,0.0,0.0,0.0,0.0,0.0,0.0,0.748765766620636,0.4399603009223938
0.7296358942985535,0.3429965078830719,0.7473727464675903,0.3234378397464752,0.7125744819641113,0.3295954763889313,0.7737220525741577,0.3428096175193786,0.6962648630142212,0.3554207682609558,0.8144678473472595,0.4389936029911041,0.6705259084701538,0.4438474774360657,0.8724890351295471,0.2647468149662018,0.6133755445480347,0.3167183995246887,0.7721667885780334,0.1650203466415405,0.7070860266685486,0.1878489702939987,0.8012388348579407,0.7900835871696472,0.6908512711524963,0.7925421595573425,0.0,0.0,0.0,0.0,0.0,0.0,0.0,0.0,0.7406548857688904,0.4419680535793304
0.7267328500747681,0.3431362807750702,0.7445645332336426,0.3226440846920013,0.7103337049484253,0.3297787308692932,0.7739911675453186,0.342127114534378,0.6952768564224243,0.3564196228981018,0.8152088522911072,0.4409316480159759,0.6701355576515198,0.4459358155727386,0.8736286163330078,0.2680829763412475,0.6062361001968384,0.3203791081905365,0.7724181413650513,0.1735508143901825,0.702536404132843,0.1937116682529449,0.8011273145675659,0.7906726002693176,0.6899865865707397,0.7929129600524902,0.0,0.0,0.0,0.0,0.0,0.0,0.0,0.0,0.7406842112541199,0.4435479640960693
0.4497378766536712,0.3063683211803436,0.4700687229633331,0.2855264246463775,0.4288785755634308,0.2883743643760681,0.4959436357021332,0.3182851672172546,0.4050387442111969,0.3287534713745117,0.5323716402053833,0.4347324967384338,0.375295341014862,0.4406012594699859,0.5993052124977112,0.29376220703125,0.2999746203422546,0.3096728920936584,0.4845210015773773,0.1574100106954574,0.4179925918579101,0.1625584065914154,0.5116913914680481,0.812840461730957,0.3951842188835144,0.8267591595649719,0.0,0.0,0.0,0.0,0.0,0.0,0.0,0.0,0.4507011473178863,0.4353941977024078
0.4501397311687469,0.3079846203327179,0.4707398414611816,0.2879815101623535,0.4292126297950744,0.2921328544616699,0.4982066452503204,0.3218937814235687,0.406329333782196,0.3327780663967132,0.5336982607841492,0.437914103269577,0.3759415447711944,0.4424380362033844,0.5999999642372131,0.2991046011447906,0.3035114407539367,0.3097316324710846,0.4875867664813995,0.1594784259796142,0.4227678775787353,0.1644791662693023,0.514400064945221,0.8094191551208496,0.3988423347473144,0.8153113126754761,0.0,0.0,0.0,0.0,0.0,0.0,0.0,0.0,0.4516994059085846,0.4386205077171325
0.4564263820648193,0.3129632174968719,0.4767363667488098,0.2903500199317932,0.4337571263313293,0.2957553267478943,0.5043509006500244,0.3195944726467132,0.4080689549446106,0.3342557549476623,0.53608638048172,0.4363593161106109,0.3801847994327545,0.4413602948188782,0.6035111546516418,0.3040049970149994,0.3034482300281524,0.3146199882030487,0.4926413595676422,0.1701138913631439,0.4255762994289398,0.1725381165742874,0.5135098695755005,0.8011494278907776,0.3991521894931793,0.8121787309646606,0.0,0.0,0.0,0.0,0.0,0.0,0.0,0.0,0.4550816714763641,0.4374423921108246
0.4495040476322174,0.3082400262355804,0.469855785369873,0.2882170081138611,0.4285953342914581,0.2907368242740631,0.4940957725048065,0.3217310607433319,0.404160588979721,0.3302016258239746,0.5319956541061401,0.4353130459785461,0.3745306432247162,0.439787894487381,0.5954326391220093,0.293320745229721,0.2974279224872589,0.3112135529518127,0.4841702878475189,0.1621502637863159,0.4151739180088043,0.16449074447155,0.5084488391876221,0.8124498724937439,0.3893831670284271,0.816400408744812,0.0,0.0,0.0,0.0,0.0,0.0,0.0,0.0,0.4498855769634247,0.4352263808250427
0.4205440580844879,0.2998398244380951,0.4422377645969391,0.2800923883914947,0.3991232514381408,0.2827869355678558,0.4730633795261383,0.3118513524532318,0.378055065870285,0.3166700005531311,0.5065094828605652,0.4282818138599396,0.3493261635303497,0.4271747171878814,0.5681804418563843,0.2739214301109314,0.2692099213600158,0.2925960719585418,0.4565072953701019,0.1435757130384445,0.3849155306816101,0.1531890630722046,0.4830756187438965,0.8089390397071838,0.359691858291626,0.8141890168190002,0.0,0.0,0.0,0.0,0.0,0.0,0.0,0.0,0.4275918900966644,0.4211079478263855
0.349870890378952,0.2754257619380951,0.3737940788269043,0.258827805519104,0.3308624625205993,0.2580752074718475,0.4051919281482696,0.292786180973053,0.3054439425468445,0.2932319045066833,0.439018040895462,0.4131310284137726,0.270671933889389,0.4045498073101043,0.5042862892150879,0.2572792172431946,0.1845119446516037,0.259857028722763,0.3821432590484619,0.103930540382862,0.3158380687236786,0.1129538044333458,0.4051265120506286,0.8291690945625305,0.2682846188545227,0.8270636796951294,0.0,0.0,0.0,0.0,0.0,0.0,0.0,0.0,0.3530771732330322,0.4062135517597198
0.2921557128429413,0.2499107271432876,0.3151945769786834,0.232052206993103,0.2712071239948272,0.2319864481687545,0.3429299294948578,0.2687484323978424,0.2452632188796997,0.2666485905647278,0.3798997104167938,0.3840562701225281,0.2037335187196731,0.3837603628635406,0.4552046358585357,0.2305245548486709,0.1167171448469162,0.2199535816907882,0.3366473317146301,0.0727181434631347,0.2624967992305755,0.0800141245126724,0.3460592925548553,0.8143882155418396,0.2092741578817367,0.8139482736587524,0.0,0.0,0.0,0.0,0.0,0.0,0.0,0.0,0.2911421358585357,0.3777329325675964
0.2664596438407898,0.2442881017923355,0.290345698595047,0.2225915193557739,0.2459838539361953,0.2226039469242096,0.326622873544693,0.2605516612529754,0.2227291613817215,0.2604869902133941,0.3642021119594574,0.3851099610328674,0.1827976554632187,0.3847658336162567,0.4333921372890472,0.2221966087818145,0.0811098590493202,0.2195717096328735,0.3052846491336822,0.060904961079359,0.231412261724472,0.076216347515583,0.3315918743610382,0.8163203001022339,0.1960904896259308,0.8251597285270691,0.0,0.0,0.0,0.0,0.0,0.0,0.0,0.0,0.2722701132297516,0.3803028166294098
0.2636279761791229,0.2437999993562698,0.2884770929813385,0.2238168716430664,0.2428312003612518,0.2207042127847671,0.3223107457160949,0.267836183309555,0.2167301028966903,0.2579922974109649,0.3588732182979584,0.3858816027641296,0.1771315634250641,0.3873889446258545,0.427513837814331,0.2198435366153717,0.0760711356997489,0.2260728329420089,0.3029891550540924,0.0620987601578235,0.2280605733394622,0.073053203523159,0.3300066590309143,0.8173394799232483,0.1935698539018631,0.825792670249939,0.0,0.0,0.0,0.0,0.0,0.0,0.0,0.0,0.2670944631099701,0.3829391896724701
0.2628927230834961,0.2431270182132721,0.2884329259395599,0.2224231213331222,0.2427062690258026,0.219483807682991,0.323024570941925,0.2637322545051574,0.2171528786420822,0.2557574212551117,0.3594974875450134,0.3855349421501159,0.1785457283258438,0.38551065325737,0.4270241260528564,0.2219694554805755,0.0771028399467468,0.2230956107378006,0.3023407757282257,0.0631986036896705,0.2288249880075454,0.0720766633749008,0.3256859481334686,0.8262887597084045,0.1894383281469345,0.8257936835289001,0.0,0.0,0.0,0.0,0.0,0.0,0.0,0.0,0.2684279382228851,0.3814141750335693
0.2687460780143738,0.2501948773860931,0.2924421727657318,0.2276600897312164,0.2482810020446777,0.2257744818925857,0.3283942639827728,0.2649002075195312,0.2240022718906402,0.2632584869861603,0.362809270620346,0.3903637230396271,0.1818886697292328,0.3877713680267334,0.4330628216266632,0.2318544536828994,0.0782280340790748,0.2255537062883377,0.3031792938709259,0.0677334442734718,0.2310501337051391,0.0775164514780044,0.3308188021183014,0.8176652193069458,0.1940763890743255,0.8262004256248474,0.0,0.0,0.0,0.0,0.0,0.0,0.0,0.0,0.2716371119022369,0.384780615568161
0.3247110545635223,0.2743563950061798,0.3493480980396271,0.2542427182197571,0.3048482537269592,0.2532020509243011,0.3788705170154571,0.2888970375061035,0.278252899646759,0.2887187600135803,0.4155609607696533,0.4032133221626282,0.2399594932794571,0.4001561105251312,0.4845755994319916,0.2488646358251571,0.1530802398920059,0.2684075832366943,0.3580195009708404,0.1027608960866928,0.2863905727863312,0.1085013672709465,0.3966637551784515,0.8105319738388062,0.2585422098636627,0.814155101776123,0.0,0.0,0.0,0.0,0.0,0.0,0.0,0.0,0.3267774581909179,0.3987566530704498
0.3652056157588959,0.2942209839820862,0.3883590698242187,0.2766906917095184,0.3468154966831207,0.2771097123622894,0.4165849387645721,0.3064834177494049,0.3246407210826874,0.3063023388385772,0.4513367712497711,0.4199305474758148,0.2904461324214935,0.4204487204551697,0.513139545917511,0.2731233239173889,0.206347107887268,0.2901603877544403,0.3993562757968902,0.1368457525968551,0.3179054856300354,0.1494525521993637,0.4274629950523376,0.8119072914123535,0.3037721216678619,0.814765453338623,0.0,0.0,0.0,0.0,0.0,0.0,0.0,0.0,0.3704178631305694,0.4176379740238189
0.3792159855365753,0.2993373572826385,0.3979315161705017,0.2807810008525848,0.3595456779003143,0.282397449016571,0.4270809292793274,0.3114378750324249,0.3371252715587616,0.3167704939842224,0.4596243798732757,0.4253911674022674,0.309631884098053,0.4268909394741058,0.5219318270683289,0.279807835817337,0.2154662460088729,0.292837917804718,0.4034968316555023,0.1391565054655075,0.3334666788578033,0.154213935136795,0.4301202297210693,0.8106711506843567,0.3116368651390075,0.8102790713310242,0.0,0.0,0.0,0.0,0.0,0.0,0.0,0.0,0.384528785943985,0.4236705303192138
0.3810561001300812,0.3298418819904327,0.3986656963825226,0.3116641640663147,0.3620670735836029,0.3142652213573456,0.4248855412006378,0.3366776406764984,0.3393528461456299,0.346682608127594,0.4577227532863617,0.4566185474395752,0.3103573024272918,0.4534006416797638,0.5214702486991882,0.303437203168869,0.2243028432130813,0.3242776989936828,0.4074340164661407,0.1699058264493942,0.3333752453327179,0.1928200721740722,0.4290347099304199,0.8454523086547852,0.3117962777614593,0.8480778932571411,0.0,0.0,0.0,0.0,0.0,0.0,0.0,0.0,0.3836736679077148,0.4512254595756531
0.3687329590320587,0.3695305287837982,0.3928118348121643,0.3510269820690155,0.3507914543151855,0.3533870279788971,0.4246683418750763,0.3813398778438568,0.3301994502544403,0.3807501792907715,0.4497378468513489,0.4960844814777374,0.3016743957996368,0.4929568469524383,0.5120941996574402,0.3378758430480957,0.2174501717090606,0.3573468327522278,0.4015584886074066,0.2074573338031768,0.3356415629386902,0.2166941165924072,0.4193642437458038,0.8787364363670349,0.2999250590801239,0.8832516670227051,0.0,0.0,0.0,0.0,0.0,0.0,0.0,0.0,0.3757295906543731,0.4928616881370544
0.3661228716373443,0.3787329494953155,0.3910412788391113,0.3622090816497803,0.347460001707077,0.3617081642150879,0.420224517583847,0.3945674896240234,0.3250532150268554,0.3882280886173248,0.4451868534088135,0.5088726878166199,0.2961154282093048,0.5021233558654785,0.5098260641098022,0.3460738062858581,0.2133687287569046,0.3639133274555206,0.393202543258667,0.2130797058343887,0.3328598141670227,0.2231106460094452,0.4141472280025482,0.8831873536109924,0.2944255173206329,0.8847881555557251,0.0,0.0,0.0,0.0,0.0,0.0,0.0,0.0,0.3696298897266388,0.5035159587860107
0.3652843832969665,0.3811926543712616,0.3897285759449005,0.365633875131607,0.3461607992649078,0.3645607531070709,0.4183308780193329,0.3965998291969299,0.3233764171600342,0.3910243511199951,0.4438402652740478,0.5125121474266052,0.2925614714622497,0.5044596791267395,0.5071857571601868,0.3508584201335907,0.2110126167535781,0.3605181574821472,0.3920245468616485,0.2148370891809463,0.3308363258838653,0.2216788232326507,0.4111802875995636,0.8892088532447815,0.2892069220542907,0.8903325796127319,0.0,0.0,0.0,0.0,0.0,0.0,0.0,0.0,0.3676306903362274,0.505890429019928
0.3587134778499603,0.3727681338787079,0.3843567371368408,0.3559942841529846,0.3418589532375335,0.355379968881607,0.4162847399711609,0.3894182741641998,0.3196164965629577,0.3813591003417969,0.4392754137516022,0.5027068853378296,0.2837647795677185,0.4904377162456512,0.504862368106842,0.3425211310386657,0.2098832428455352,0.3430781662464142,0.3990286290645599,0.2085956782102584,0.3314869999885559,0.21717369556427,0.4035434424877167,0.881090521812439,0.277191162109375,0.8842267990112305,0.0,0.0,0.0,0.0,0.0,0.0,0.0,0.0,0.3623841404914856,0.4923844635486603
0.3569513857364654,0.3401641249656677,0.3791601955890655,0.3239204287528991,0.3380532562732696,0.3247027695178985,0.4092290997505188,0.3538095653057098,0.3142721951007843,0.3544642329216003,0.4372991621494293,0.4665351808071136,0.2825076580047607,0.4533820748329162,0.5066457986831665,0.3124137818813324,0.2102573662996292,0.309588611125946,0.4030214846134186,0.1756580621004104,0.3313713669776916,0.1903224736452102,0.3979790806770324,0.8428311944007874,0.2775161862373352,0.8317347168922424,0.0,0.0,0.0,0.0,0.0,0.0,0.0,0.0,0.3616993725299835,0.4564571678638458
0.3588331341743469,0.3054497241973877,0.3799260258674621,0.2902034223079681,0.3417160809040069,0.2907481789588928,0.4073861241340637,0.3219410479068756,0.3187639415264129,0.3196544051170349,0.4373692572116852,0.4319395422935486,0.2809302508831024,0.4210092723369598,0.5136631727218628,0.2939939796924591,0.2124427407979965,0.2749072611331939,0.4147784411907196,0.1420287936925888,0.3321796357631683,0.1568004786968231,0.3998288810253143,0.8130120038986206,0.2742493748664856,0.812028706073761,0.0,0.0,0.0,0.0,0.0,0.0,0.0,0.0,0.3601479530334472,0.4228879511356354
0.3904359340667724,0.3060635924339294,0.414393663406372,0.2882207334041595,0.3693636059761047,0.2865235507488251,0.4421393275260925,0.3237477242946625,0.3443585336208343,0.3196133077144623,0.4711478352546692,0.4322423040866852,0.3181192278861999,0.4295412003993988,0.5535794496536255,0.2822594046592712,0.246024340391159,0.2811240553855896,0.4399909973144531,0.1405935585498809,0.3680300712585449,0.160956934094429,0.4493490159511566,0.8309174180030823,0.3215746879577636,0.8343052268028259,0.0,0.0,0.0,0.0,0.0,0.0,0.0,0.0,0.3921708166599273,0.4264533817768097
0.44898122549057,0.3035917580127716,0.4683058559894562,0.280419260263443,0.4267782866954803,0.2889476120471954,0.5008254647254944,0.3058272898197174,0.407103568315506,0.3251968920230865,0.5405146479606628,0.4200884997844696,0.383403867483139,0.4343062341213226,0.6049609780311584,0.2683183252811432,0.3000209331512451,0.2954354286193847,0.4909123480319977,0.1331625580787658,0.4183743596076965,0.1386113762855529,0.5245046615600586,0.8266943097114563,0.3942682147026062,0.8302602171897888,0.0,0.0,0.0,0.0,0.0,0.0,0.0,0.0,0.4590993225574493,0.4248233139514923
0.4886431694030761,0.2993397712707519,0.5095906257629395,0.2760957181453705,0.4694822430610657,0.2830210328102112,0.5454380512237549,0.3028550744056701,0.4503387808799743,0.3148589432239532,0.5842925310134888,0.4203070998191833,0.4226165413856506,0.4240905344486236,0.6344428658485413,0.2581996619701385,0.3398918509483337,0.2918433547019958,0.522645890712738,0.1261845678091049,0.4476887285709381,0.1414240896701812,0.5579906702041626,0.8179162740707397,0.4339107573032379,0.8259075880050659,0.0,0.0,0.0,0.0,0.0,0.0,0.0,0.0,0.5036484003067017,0.418944776058197
0.5065335035324097,0.2963244020938873,0.5291497111320496,0.2756658494472503,0.4877040386199951,0.2800236046314239,0.5624269247055054,0.3035317361354828,0.4657404720783233,0.3103646337985992,0.6022371649742126,0.4243206679821014,0.432566374540329,0.429080992937088,0.6548895239830017,0.2534197568893432,0.3541181087493896,0.2885850369930267,0.543694019317627,0.1288481056690216,0.4589895904064178,0.1433945447206497,0.5716807246208191,0.8265146017074585,0.4455935955047607,0.826657235622406,0.0,0.0,0.0,0.0,0.0,0.0,0.0,0.0,0.5171858668327332,0.4232364296913147
0.5438701510429382,0.2904329895973205,0.5673968195915222,0.26961749792099,0.5208276510238647,0.2728782892227173,0.5993130803108215,0.3033638894557953,0.4976918697357178,0.3077479302883148,0.6354579329490662,0.4152726829051971,0.4687100350856781,0.4234158992767334,0.6878868341445923,0.237972617149353,0.3847323358058929,0.2843110561370849,0.5680213570594788,0.1182526797056198,0.4894859492778778,0.132195308804512,0.6107538938522339,0.8323352932929993,0.483257383108139,0.8330898284912109,0.0,0.0,0.0,0.0,0.0,0.0,0.0,0.0,0.5501927733421326,0.415334552526474
0.5906161069869995,0.2849276959896087,0.6120303273200989,0.2609142065048218,0.5700162053108215,0.2709053158760071,0.6469981074333191,0.2885191440582275,0.5493033528327942,0.3102253973484039,0.6942616701126099,0.4064291417598724,0.5290935635566711,0.4279618561267853,0.7439762353897095,0.2255470007658004,0.4375780522823334,0.2944986522197723,0.6256974935531616,0.1179429739713668,0.5397839546203613,0.1292256861925125,0.6780375242233276,0.831574559211731,0.5475918650627136,0.8338961601257324,0.0,0.0,0.0,0.0,0.0,0.0,0.0,0.0,0.6078872084617615,0.4153541624546051
0.641143798828125,0.2865000665187835,0.661494791507721,0.2601835429668426,0.6189820170402527,0.271685391664505,0.6979798674583435,0.2819440066814422,0.5974028706550598,0.3033960461616516,0.7415652275085449,0.4063484966754913,0.5748023390769958,0.4234843254089355,0.7899200320243835,0.2227310389280319,0.4859714806079864,0.3027117252349853,0.6562255024909973,0.1160634756088256,0.5850685834884644,0.1304269284009933,0.7299388647079468,0.8340107202529907,0.6053918600082397,0.8476725220680237,0.0,0.0,0.0,0.0,0.0,0.0,0.0,0.0,0.6568493843078613,0.4110360741615295
0.6655579805374146,0.2863220274448395,0.6877045035362244,0.2636927366256714,0.6463080048561096,0.2701747417449951,0.7242873907089233,0.2968302369117737,0.6282868385314941,0.3072923719882965,0.7661377191543579,0.4086579978466034,0.6041649580001831,0.4260869920253753,0.815769612789154,0.2173298150300979,0.5141503214836121,0.3046412765979767,0.6935861706733704,0.125770166516304,0.6105831861495972,0.1367911547422409,0.7491594552993774,0.8323872685432434,0.6259773373603821,0.8343752026557922,0.0,0.0,0.0,0.0,0.0,0.0,0.0,0.0,0.6838911175727844,0.4130842685699463
0.6788721680641174,0.2863322794437408,0.701960027217865,0.2647236883640289,0.6567808389663696,0.2715198099613189,0.7371343374252319,0.3006584048271179,0.6380099654197693,0.3079355359077453,0.7728754878044128,0.4123445451259613,0.6136270761489868,0.4258208870887756,0.8283728361129761,0.2232837527990341,0.5223762392997742,0.3025865256786346,0.7011329531669617,0.1174915358424186,0.62444669008255,0.1361014395952224,0.7534684538841248,0.8344302177429199,0.629202663898468,0.8343006372451782,0.0,0.0,0.0,0.0,0.0,0.0,0.0,0.0,0.6924330592155457,0.4153037369251251
0.6831939816474915,0.2988904118537903,0.7075287103652954,0.2751780152320862,0.6599079370498657,0.2821375429630279,0.7435804605484009,0.3120031356811523,0.6398981213569641,0.3166975677013397,0.7811687588691711,0.4186560213565826,0.6181182861328125,0.4356273114681244,0.8335297703742981,0.2364899069070816,0.5250225067138672,0.3157465755939483,0.708064079284668,0.1287072598934173,0.6316205263137817,0.1437192261219024,0.7642293572425842,0.8347086310386658,0.6346970796585083,0.8372294306755066,0.0,0.0,0.0,0.0,0.0,0.0,0.0,0.0,0.6989349126815796,0.422901839017868
0.6807894110679626,0.306792289018631,0.7042059898376465,0.28464275598526,0.6595797538757324,0.2894441783428192,0.7380980253219604,0.3249590992927551,0.638602077960968,0.3269756734371185,0.7771661877632141,0.4301859438419342,0.6168017387390137,0.4436192810535431,0.8293739557266235,0.2470426261425018,0.5250338912010193,0.3298709988594055,0.6886287927627563,0.1427704840898513,0.625544011592865,0.1656016856431961,0.7681276202201843,0.8447757363319397,0.6376097798347473,0.8497057557106018,0.0,0.0,0.0,0.0,0.0,0.0,0.0,0.0,0.695292592048645,0.4344670176506042
0.6783965826034546,0.3076304793357849,0.7009264826774597,0.2874413132667541,0.6574772596359253,0.2897332012653351,0.7314011454582214,0.3240106105804443,0.6352347135543823,0.3252024054527282,0.7674040198326111,0.4268437325954437,0.6123304963111877,0.4379902780056,0.8221796154975891,0.2586736977100372,0.524363100528717,0.3281630575656891,0.6905031204223633,0.1478645056486129,0.6250993609428406,0.1701792776584625,0.7594015002250671,0.8312612175941467,0.6363474726676941,0.8355321288108826,0.0,0.0,0.0,0.0,0.0,0.0,0.0,0.0,0.6875528693199158,0.4299610257148742
0.6609306335449219,0.3140745460987091,0.6807814240455627,0.2929084300994873,0.642533004283905,0.2989940643310547,0.7138329148292542,0.3176564872264862,0.6220031380653381,0.3302958011627197,0.7494498491287231,0.4280608594417572,0.6004953980445862,0.4383032321929931,0.8088506460189819,0.2705999910831451,0.5194836258888245,0.324594646692276,0.6876946091651917,0.1602150648832321,0.6127322316169739,0.182023137807846,0.7384499311447144,0.8295270800590515,0.6211713552474976,0.8339124321937561,0.0,0.0,0.0,0.0,0.0,0.0,0.0,0.0,0.6743033528327942,0.4296223223209381
0.6452904939651489,0.3270800113677978,0.6643635630607605,0.3068858981132507,0.626513659954071,0.3138541579246521,0.6946606040000916,0.3293201327323913,0.6059212684631348,0.3389281630516052,0.7326117157936096,0.4416352212429046,0.5829347968101501,0.439297616481781,0.7786383032798767,0.2819285988807678,0.5107763409614563,0.3347495198249817,0.6777717471122742,0.18937548995018,0.5987042188644409,0.2011996507644653,0.7200196385383606,0.8129088282585144,0.6084027290344238,0.8177058100700378,0.0,0.0,0.0,0.0,0.0,0.0,0.0,0.0,0.6585065722465515,0.4364469945430755
0.6461991667747498,0.346209704875946,0.665264904499054,0.3268245756626129,0.6290572285652161,0.333321750164032,0.6997633576393127,0.349575012922287,0.6104569435119629,0.360183984041214,0.735476553440094,0.4537981450557709,0.5930373072624207,0.4584362506866455,0.7749391198158264,0.2922985255718231,0.5156500935554504,0.354496419429779,0.6694585084915161,0.2036015689373016,0.6005945801734924,0.2156665325164795,0.7327602505683899,0.8296388983726501,0.6211312413215637,0.8351568579673767,0.0,0.0,0.0,0.0,0.0,0.0,0.0,0.0,0.6645171046257019,0.452100545167923
0.6232795119285583,0.3694940209388733,0.6418132781982422,0.3476172089576721,0.6048671007156372,0.3537602424621582,0.6747158765792847,0.3655824661254883,0.5877522826194763,0.3770807683467865,0.7163053154945374,0.4716573059558868,0.5661854147911072,0.4861382842063904,0.7586604952812195,0.3125683665275574,0.4909752905368805,0.3796622157096863,0.645966649055481,0.2315334975719452,0.5774164199829102,0.2348557859659195,0.7081106901168823,0.8488525748252869,0.5965827107429504,0.8623599410057068,0.0,0.0,0.0,0.0,0.0,0.0,0.0,0.0,0.6443491578102112,0.476086288690567
0.5621728897094727,0.3608793616294861,0.5826759338378906,0.3376045823097229,0.5433750748634338,0.3433471024036407,0.6161002516746521,0.3625502586364746,0.5245554447174072,0.3714543879032135,0.6488613486289978,0.4705650210380554,0.5038504004478455,0.4737508893013,0.6950863003730774,0.3109344840049743,0.4286572337150574,0.3569377064704895,0.5831186175346375,0.2103832066059112,0.5248334407806396,0.2289008945226669,0.6356863975524902,0.8614534735679626,0.5117090344429016,0.8524974584579468,0.0,0.0,0.0,0.0,0.0,0.0,0.0,0.0,0.5766275525093079,0.4677875638008117
0.4958444237709045,0.3458926379680633,0.5161482095718384,0.3241811692714691,0.4773862957954407,0.3285996615886688,0.5498219728469849,0.3476486504077911,0.4560807049274444,0.3534560203552246,0.5816077589988708,0.4612870812416076,0.4312997460365295,0.4566044807434082,0.6291387677192688,0.3064411282539367,0.3620834946632385,0.3349102437496185,0.5245722532272339,0.1929858475923538,0.4551601707935333,0.2071343660354614,0.5597606897354126,0.8323272466659546,0.4450065195560455,0.8340796232223511,0.0,0.0,0.0,0.0,0.0,0.0,0.0,0.0,0.5089150667190552,0.4572165608406067
0.4670633673667907,0.3297005295753479,0.4865855276584625,0.3095018267631531,0.447723776102066,0.3151651322841644,0.515331506729126,0.3360677361488342,0.4268785417079925,0.3469850718975067,0.5570928454399109,0.4456376731395721,0.4084415733814239,0.4529372751712799,0.6100974678993225,0.2824696004390716,0.3236248791217804,0.3323858082294464,0.4912121593952179,0.172705665230751,0.4296427369117737,0.1917921602725982,0.5374284982681274,0.8160246014595032,0.4232238233089447,0.8274327516555786,0.0,0.0,0.0,0.0,0.0,0.0,0.0,0.0,0.4809882938861847,0.4502734243869781
0.4529082179069519,0.33661749958992,0.4728294312953949,0.3163712322711944,0.4354223608970642,0.3224779665470123,0.5047246217727661,0.3410574793815613,0.4181771576404571,0.3574963510036468,0.5473909974098206,0.4485736787319183,0.3973532021045685,0.4587944149971008,0.598689079284668,0.293149322271347,0.3104586005210876,0.3409425914287567,0.4749848246574402,0.1863673478364944,0.413030594587326,0.1928494721651077,0.5276380777359009,0.8347602486610413,0.4060115218162536,0.8351994156837463,0.0,0.0,0.0,0.0,0.0,0.0,0.0,0.0,0.4694778025150299,0.4535064101219177
0.3850171864032745,0.334663838148117,0.4053358733654022,0.3163728713989258,0.3673158586025238,0.3179676532745361,0.4358214437961578,0.3452572822570801,0.3462277948856354,0.351982831954956,0.4722818434238434,0.4693252742290497,0.3174562454223633,0.4614918828010559,0.5282888412475586,0.2943769991397857,0.2298169583082199,0.3237379193305969,0.4113182425498962,0.1675366014242172,0.3422743380069732,0.1879607737064361,0.4370665848255157,0.8788436055183411,0.3144198954105377,0.8824915885925293,0.0,0.0,0.0,0.0,0.0,0.0,0.0,0.0,0.3929890692234039,0.461803525686264
0.3027548193931579,0.3133086860179901,0.3264415860176086,0.2942390441894531,0.282092273235321,0.2936871945858001,0.3526737987995147,0.3268205523490906,0.2569203078746795,0.3280746638774872,0.3902695178985595,0.4437614381313324,0.2169382721185684,0.4432958960533142,0.4596821367740631,0.288004070520401,0.1319897621870041,0.2847769856452942,0.3418493866920471,0.1340885013341903,0.2670203745365143,0.1427729874849319,0.3420808911323547,0.8870034217834473,0.1989740580320358,0.8833535313606262,0.0,0.0,0.0,0.0,0.0,0.0,0.0,0.0,0.3014606833457947,0.438015729188919
0.2632844150066376,0.312920331954956,0.290564626455307,0.2914311587810516,0.240619271993637,0.2893595695495605,0.323695570230484,0.3277480006217956,0.2156463861465454,0.3226373791694641,0.3591043651103973,0.4516847729682922,0.1814301460981369,0.4443402588367462,0.4299750924110412,0.2834434509277344,0.0859226733446121,0.2747907936573028,0.3089179694652557,0.1217985227704048,0.2305051386356353,0.1312789916992187,0.3074073493480682,0.8823321461677551,0.1628013700246811,0.8862051367759705,0.0,0.0,0.0,0.0,0.0,0.0,0.0,0.0,0.2687516510486603,0.4407937824726105
0.2263645976781845,0.3183188438415527,0.2517778277397156,0.3002595603466034,0.2062760293483734,0.2973633110523224,0.2862710952758789,0.3300631940364837,0.1769081503152847,0.3268226087093353,0.3190006911754608,0.4657151401042938,0.1321109682321548,0.4510931372642517,0.3964226543903351,0.2958068549633026,0.0419375374913215,0.2777546942234039,0.2769588530063629,0.1297795325517654,0.1902133077383041,0.1303796768188476,0.2640553116798401,0.9254516959190368,0.1188138723373413,0.9207420945167542,0.0,0.0,0.0,0.0,0.0,0.0,0.0,0.0,0.2240841686725616,0.4531657993793487
0.2113577127456665,0.2902010381221771,0.2383011281490326,0.273010790348053,0.189526155591011,0.2693861126899719,0.2691678702831268,0.3103452622890472,0.1556412428617477,0.305833101272583,0.3034319281578064,0.4406850337982178,0.1154370978474617,0.418302834033966,0.3817484974861145,0.2665861248970032,0.01561507768929,0.2524376511573791,0.2554014921188354,0.0955263897776603,0.1744721829891204,0.0975751429796218,0.2522126734256744,0.913044273853302,0.1010712534189224,0.8992780447006226,0.0,0.0,0.0,0.0,0.0,0.0,0.0,0.0,0.2050044983625412,0.4296908974647522
0.2044904977083206,0.2517353594303131,0.2334015667438507,0.2331690937280655,0.1827424764633178,0.2280012220144271,0.266374409198761,0.2745274603366852,0.1520813852548599,0.2622770071029663,0.2982443869113922,0.4049438536167145,0.1174559742212295,0.384781926870346,0.3774367272853851,0.2288944721221923,0.014508101157844,0.2201307862997055,0.2479750365018844,0.0629769712686538,0.169875755906105,0.0612817406654357,0.2535263001918793,0.8543120622634888,0.1017073839902877,0.8490376472473145,0.0,0.0,0.0,0.0,0.0,0.0,0.0,0.0,0.2035438567399978,0.3904500603675842
0.2062571346759796,0.2419826835393905,0.2364632189273834,0.2231045216321945,0.1852407902479171,0.2176476418972015,0.2725750505924225,0.2619107961654663,0.1565467417240142,0.2467867881059646,0.3049382865428924,0.3969652652740478,0.121931567788124,0.3765234351158142,0.3814895749092102,0.2183098793029785,0.0148171326145529,0.2144897878170013,0.2484808713197708,0.0599634423851966,0.1695566326379776,0.0545719340443611,0.2586201727390289,0.8327142000198364,0.1101278886198997,0.8318279385566711,0.0,0.0,0.0,0.0,0.0,0.0,0.0,0.0,0.2098642289638519,0.3805484771728515
0.2480405867099762,0.2454353868961334,0.2762629389762878,0.2270744293928146,0.2258552759885788,0.2197437137365341,0.3076898753643036,0.2730617523193359,0.1959348022937774,0.2526955306529999,0.3369379043579101,0.3940380215644836,0.1556470841169357,0.3813666999340057,0.41706183552742,0.2227833718061447,0.057766955345869,0.2158058583736419,0.2914598882198334,0.0628553926944732,0.2056740373373031,0.0700031518936157,0.2919157147407532,0.8344959616661072,0.1464214026927948,0.8310535550117493,0.0,0.0,0.0,0.0,0.0,0.0,0.0,0.0,0.2459220588207245,0.3857494294643402
0.297344446182251,0.2446417361497879,0.3184428811073303,0.2238846570253372,0.2750377058982849,0.2267683744430542,0.3514621555805206,0.2575900256633758,0.25237637758255,0.2654193043708801,0.3958573043346405,0.3820725381374359,0.2182817459106445,0.3897599577903747,0.4755600988864898,0.2126504927873611,0.1171830892562866,0.233117014169693,0.3419311046600342,0.070033498108387,0.2623029351234436,0.0759989842772483,0.3658578097820282,0.8458295464515686,0.2133982181549072,0.8309524655342102,0.0,0.0,0.0,0.0,0.0,0.0,0.0,0.0,0.3054827749729156,0.3832078874111175
0.3840989172458648,0.2522123157978058,0.4095375835895538,0.227640151977539,0.3626770377159118,0.230564683675766,0.4418189823627472,0.2666690647602081,0.3378105759620666,0.267550528049469,0.4781291484832763,0.3909108340740204,0.3117211759090423,0.3906862735748291,0.5477008819580078,0.2027527540922165,0.2085579633712768,0.251846969127655,0.3996270596981048,0.0650239139795303,0.3335520327091217,0.0767017677426338,0.4537528157234192,0.8269062042236328,0.3189085125923157,0.8274561166763306,0.0,0.0,0.0,0.0,0.0,0.0,0.0,0.0,0.3945553004741668,0.389454185962677
0.4129261672496795,0.253906786441803,0.4343323409557342,0.2308090478181839,0.3943345844745636,0.2337954044342041,0.4692725539207458,0.2696449160575866,0.3724559247493744,0.2759013473987579,0.507249653339386,0.3947671949863434,0.3416001498699188,0.3959298133850097,0.5687921643257141,0.2079287618398666,0.2395281791687011,0.2544138133525848,0.4328017830848694,0.0729130953550338,0.3612332344055176,0.0884493365883827,0.4719472229480743,0.8148834109306335,0.3443762958049774,0.815369188785553,0.0,0.0,0.0,0.0,0.0,0.0,0.0,0.0,0.4233791530132293,0.3917481005191803
0.4299153387546539,0.2674222886562347,0.4519613683223724,0.2456565946340561,0.4077704548835754,0.2510611712932586,0.4834518432617187,0.2794351577758789,0.3855872452259063,0.2880855202674866,0.5246056318283081,0.3999747931957245,0.3561456799507141,0.4052054584026336,0.5961102843284607,0.2272263616323471,0.2689635455608368,0.2622654736042022,0.4658690392971039,0.0896717831492424,0.38955157995224,0.1045461893081665,0.4988787174224853,0.8249658346176147,0.3713824152946472,0.8279932737350464,0.0,0.0,0.0,0.0,0.0,0.0,0.0,0.0,0.4377220571041107,0.3980202376842499
0.4397129118442535,0.2657054960727691,0.4596665203571319,0.2459682673215866,0.420195609331131,0.2543858885765075,0.4916231334209442,0.2789541184902191,0.4016488492488861,0.2954398691654205,0.5381264686584473,0.3952538967132568,0.3729014098644256,0.4081268608570099,0.6091007590293884,0.2305939197540283,0.2916069328784942,0.2710579037666321,0.4841637313365936,0.0946515351533889,0.403682678937912,0.1092021539807319,0.5132501721382141,0.8269887566566467,0.3842317163944244,0.8293658494949341,0.0,0.0,0.0,0.0,0.0,0.0,0.0,0.0,0.4525890648365021,0.3987283110618591
0.6003503203392029,0.2947322428226471,0.6228484511375427,0.2709956765174866,0.5796775817871094,0.2805822491645813,0.6573455929756165,0.2991337180137634,0.5609435439109802,0.3173599541187286,0.6992451548576355,0.406313419342041,0.5459596514701843,0.4240016341209411,0.7460193037986755,0.2199746519327163,0.4792630672454834,0.2840396165847778,0.6338501572608948,0.1210334971547126,0.5626455545425415,0.1340242177248001,0.6720057725906372,0.8177415728569031,0.5512686371803284,0.8307276964187622,0.0,0.0,0.0,0.0,0.0,0.0,0.0,0.0,0.6191081404685974,0.4160506725311279
0.5637829899787903,0.3460560142993927,0.5827399492263794,0.3263447284698486,0.54789137840271,0.3293541371822357,0.614055335521698,0.3525573313236236,0.5282602906227112,0.3642227351665497,0.6495924592018127,0.460108071565628,0.511676013469696,0.4662635028362274,0.6843897700309753,0.298465758562088,0.4532725214958191,0.3420460820198059,0.5866609215736389,0.2083518952131271,0.5350969433784485,0.2295228093862533,0.6316140294075012,0.8094719052314758,0.5256882905960083,0.8124971389770508,0.0,0.0,0.0,0.0,0.0,0.0,0.0,0.0,0.5803381204605103,0.4607813060283661
0.5779523849487305,0.3192213475704193,0.5991872549057007,0.2971103489398956,0.5593088269233704,0.3022765815258026,0.627884030342102,0.3280973136425018,0.5382420420646667,0.3368614614009857,0.6689923405647278,0.440186470746994,0.5118414759635925,0.4406667053699493,0.7377686500549316,0.2817609012126922,0.4305097460746765,0.3325796723365783,0.6218885779380798,0.1877565085887909,0.5418818593025208,0.1929683238267898,0.647292971611023,0.8286065459251404,0.5276181101799011,0.8260031342506409,0.0,0.0,0.0,0.0,0.0,0.0,0.0,0.0,0.5886231064796448,0.4366523623466491
0.5739098191261292,0.3162282109260559,0.5939660668373108,0.2935025990009308,0.5545507073402405,0.2994839549064636,0.622316837310791,0.3274803757667541,0.5332103967666626,0.3369442820549011,0.6625674366950989,0.4425862431526184,0.5068351030349731,0.4431796073913574,0.7325136065483093,0.2754246294498443,0.4254379272460937,0.3315444588661194,0.6132473945617676,0.1802689284086227,0.5404468774795532,0.1888887137174606,0.645645260810852,0.8276010751724243,0.5268543362617493,0.8260321617126465,0.0,0.0,0.0,0.0,0.0,0.0,0.0,0.0,0.5841708183288574,0.4379060268402099
0.5774344205856323,0.3121850788593292,0.5995200276374817,0.289574533700943,0.5594568848609924,0.2951883375644684,0.6305074095726013,0.3245099484920501,0.539242684841156,0.3337971568107605,0.670857310295105,0.4338656365871429,0.5123102068901062,0.4402694404125213,0.7379674315452576,0.2716083824634552,0.4274612963199615,0.3272867500782013,0.6192054748535156,0.1768020093441009,0.5408211946487427,0.1854304075241089,0.6536634564399719,0.8302235007286072,0.5326523184776306,0.8291636109352112,0.0,0.0,0.0,0.0,0.0,0.0,0.0,0.0,0.5899535417556763,0.4343339800834656
0.5845670700073242,0.3104928433895111,0.6057597994804382,0.2865336835384369,0.5654985308647156,0.2942276895046234,0.6424493789672852,0.314336359500885,0.5479010939598083,0.3327356874942779,0.6824445128440857,0.4238329529762268,0.52571040391922,0.4394133687019348,0.74730384349823,0.2663501501083374,0.4351527988910675,0.3275845348834991,0.6255890130996704,0.1723878681659698,0.5446336269378662,0.1804773062467575,0.6661820411682129,0.8273852467536926,0.5455160140991211,0.8272174596786499,0.0,0.0,0.0,0.0,0.0,0.0,0.0,0.0,0.6019483208656311,0.4304632246494293
0.5807815790176392,0.3055115640163421,0.6011523008346558,0.2793221175670624,0.5612694025039673,0.2906670868396759,0.6387826204299927,0.3052841126918793,0.5459465980529785,0.3240011632442474,0.6818662285804749,0.4159638583660126,0.5263600945472717,0.4283251464366913,0.7456658482551575,0.2386178225278854,0.4401076138019562,0.2962152361869812,0.6381863355636597,0.1290740519762039,0.550202488899231,0.1400663554668426,0.6597489714622498,0.8180364370346069,0.5401913523674011,0.8148466944694519,0.0,0.0,0.0,0.0,0.0,0.0,0.0,0.0,0.6005504727363586,0.4209777414798736
0.5521065592765808,0.2982751727104187,0.5745381116867065,0.2753404676914215,0.5314679741859436,0.2788894772529602,0.6090225577354431,0.3029663860797882,0.511784017086029,0.3108246326446533,0.6493817567825317,0.4163905084133148,0.4873728454113006,0.4242025017738342,0.71169513463974,0.2316521108150482,0.4109463691711426,0.276064395904541,0.6007490754127502,0.112265832722187,0.5166900157928467,0.1295319497585296,0.6257818341255188,0.8266859650611877,0.501615047454834,0.815917432308197,0.0,0.0,0.0,0.0,0.0,0.0,0.0,0.0,0.5679639577865601,0.4144453108310699
0.5074034333229065,0.2840546071529388,0.5303907990455627,0.26231449842453,0.4915881752967834,0.2681612372398376,0.5662609934806824,0.2922858595848083,0.4738626778125763,0.3014755249023437,0.6098770499229431,0.4038093090057373,0.4455415606498718,0.4056578576564789,0.6736858487129211,0.2194940745830536,0.365684449672699,0.2588606774806976,0.56106036901474,0.0911922454833984,0.4819257259368896,0.1123546734452247,0.591694712638855,0.8254541754722595,0.467833012342453,0.818602979183197,0.0,0.0,0.0,0.0,0.0,0.0,0.0,0.0,0.5264596343040466,0.4018665850162506
0.4897579550743103,0.2806552648544311,0.5147594809532166,0.2571828365325928,0.4725179374217987,0.2634486556053161,0.5551769137382507,0.2813532054424286,0.4535828232765198,0.2949648201465606,0.5969348549842834,0.4034557938575744,0.4257244765758514,0.4024998545646667,0.6591963171958923,0.2133454531431198,0.3389830887317657,0.2572732865810394,0.5274931192398071,0.0904208496212959,0.4580720067024231,0.1007062569260597,0.5717536211013794,0.8137516379356384,0.4422495067119598,0.814519464969635,0.0,0.0,0.0,0.0,0.0,0.0,0.0,0.0,0.5097472071647644,0.3997382521629333
0.4982824027538299,0.2784614562988281,0.5220169425010681,0.2581178843975067,0.4813091158866882,0.2622450292110443,0.5591227412223816,0.2878858149051666,0.4617300927639007,0.2931914329528808,0.6026790738105774,0.4049274623394012,0.4359783828258514,0.402139663696289,0.6662437319755554,0.2213432788848877,0.3518914580345154,0.2598367929458618,0.5323058366775513,0.0952729135751724,0.464615523815155,0.1080756410956382,0.5816698670387268,0.814005970954895,0.4546473324298858,0.8252854943275452,0.0,0.0,0.0,0.0,0.0,0.0,0.0,0.0,0.5179405808448792,0.4006565511226654
0.5280037522315979,0.2840155959129333,0.55192631483078,0.2621234357357025,0.5094612836837769,0.2695666253566742,0.5888363718986511,0.2935543358325958,0.4937294125556946,0.3026822507381439,0.6311425566673279,0.4056152999401092,0.4658178389072418,0.4152282774448395,0.6909030675888062,0.2265212684869766,0.3799876570701599,0.2814911007881164,0.5654675364494324,0.1156417578458786,0.4816749095916748,0.1332623064517974,0.6047502756118774,0.8155271410942078,0.4834759831428528,0.8230980038642883,0.0,0.0,0.0,0.0,0.0,0.0,0.0,0.0,0.5473578572273254,0.4069287180900574
0.5725818872451782,0.3021427094936371,0.5937708020210266,0.2780890762805938,0.5542691349983215,0.2870771288871765,0.6275321245193481,0.3113506138324737,0.535057783126831,0.3214979469776153,0.6708658337593079,0.4265817999839782,0.511393129825592,0.4310263991355896,0.7315093278884888,0.2492766380310058,0.4271087646484375,0.3064587712287903,0.6100627779960632,0.1459751427173614,0.5330985188484192,0.1525732427835464,0.645281970500946,0.8313630223274231,0.5226036906242371,0.8282943964004517,0.0,0.0,0.0,0.0,0.0,0.0,0.0,0.0,0.5887045860290527,0.4248797297477722
0.5944076776504517,0.3080847859382629,0.6184682846069336,0.2849991619586944,0.5745211839675903,0.2940700352191925,0.6570633053779602,0.3142966628074646,0.5571532249450684,0.3326047360897064,0.6946190595626831,0.4271866977214813,0.5392943620681763,0.4370825588703155,0.7546477317810059,0.2657205760478973,0.4473657011985779,0.3259604871273041,0.6279048919677734,0.1651699692010879,0.5505267381668091,0.1747087091207504,0.6721912622451782,0.828309953212738,0.549924373626709,0.8298219442367554,0.0,0.0,0.0,0.0,0.0,0.0,0.0,0.0,0.6141074299812317,0.4318571090698242
0.6172875165939331,0.3184087574481964,0.6383064389228821,0.2965165674686432,0.5987443327903748,0.302907645702362,0.6755706071853638,0.3263762593269348,0.5794912576675415,0.3361335396766662,0.7119192481040955,0.429764449596405,0.5595297813415527,0.4383452534675598,0.7664710879325867,0.2674505710601806,0.4749599993228912,0.3179831802845001,0.650298535823822,0.1673964112997055,0.5783026814460754,0.1808575093746185,0.6840643882751465,0.8256769180297852,0.566810667514801,0.8287782669067383,0.0,0.0,0.0,0.0,0.0,0.0,0.0,0.0,0.634391188621521,0.434230089187622
0.6106072664260864,0.3194996416568756,0.6313115954399109,0.2985677719116211,0.5892391204833984,0.3059543669223785,0.6639935374259949,0.3293288052082062,0.569736659526825,0.3382897675037384,0.7023116946220398,0.4269923269748688,0.5522611141204834,0.4376044571399688,0.7573739290237427,0.2574137449264526,0.4742934107780456,0.3066469728946686,0.6393146514892578,0.152920126914978,0.5750494003295898,0.165014773607254,0.6773777604103088,0.8172795176506042,0.5614017844200134,0.8280254602432251,0.0,0.0,0.0,0.0,0.0,0.0,0.0,0.0,0.623737633228302,0.4337765276432037
0.5890483260154724,0.3242550194263458,0.6092693209648132,0.3018220365047455,0.5697454214096069,0.309803694486618,0.6407629251480103,0.3244384825229645,0.5506057143211365,0.341890424489975,0.6808595061302185,0.4305141270160675,0.5310072898864746,0.4381048083305359,0.7382364869117737,0.2609922289848327,0.4512119591236114,0.3088861107826233,0.6299949884414673,0.1574016511440277,0.5566059350967407,0.1682771742343902,0.6642969250679016,0.8165318369865417,0.5456362962722778,0.8258303999900818,0.0,0.0,0.0,0.0,0.0,0.0,0.0,0.0,0.6029579043388367,0.4334600269794464
0.5479829907417297,0.3234178125858307,0.5694469809532166,0.2996523082256317,0.5268002152442932,0.304731547832489,0.6005553007125854,0.3306095004081726,0.5075370669364929,0.3404470980167389,0.6385437846183777,0.4359892904758453,0.4826625883579254,0.4441999495029449,0.6982849836349487,0.2649288773536682,0.4154477119445801,0.3015875816345215,0.5910148620605469,0.157283067703247,0.5148361921310425,0.1799611300230026,0.614057183265686,0.825161337852478,0.4928872883319855,0.8288760185241699,0.0,0.0,0.0,0.0,0.0,0.0,0.0,0.0,0.5590009689331055,0.436337947845459
0.5420223474502563,0.3148005902767181,0.5656132102012634,0.2915515005588531,0.5203831791877747,0.2962506115436554,0.5985189080238342,0.3273508846759796,0.5001715421676636,0.3321287930011749,0.6335082650184631,0.4317713677883148,0.4748525023460388,0.4391994178295135,0.6947837471961975,0.2598217129707336,0.4032959342002868,0.2945847511291504,0.5793905258178711,0.1506339013576507,0.5117748379707336,0.164807915687561,0.6129603981971741,0.8148614168167114,0.4901370108127594,0.8274739384651184,0.0,0.0,0.0,0.0,0.0,0.0,0.0,0.0,0.552980899810791,0.4320586323738098
0.6008581519126892,0.3011488020420074,0.6263303160667419,0.2767181992530823,0.5798401236534119,0.2857656478881836,0.6634491086006165,0.3047887980937958,0.5609466433525085,0.3191593289375305,0.7062793970108032,0.4085323214530945,0.5480073690414429,0.4263841211795807,0.7587140202522278,0.2279956191778183,0.4533723890781402,0.29907888174057,0.6380301117897034,0.128541499376297,0.5558090209960938,0.1389054208993911,0.699739396572113,0.8304980397224426,0.5725664496421814,0.8477358222007751,0.0,0.0,0.0,0.0,0.0,0.0,0.0,0.0,0.6240988373756409,0.4183662831783294
0.5435494184494019,0.2775933742523193,0.5701864957809448,0.2513805627822876,0.5207280516624451,0.2616655528545379,0.609392523765564,0.2909892499446869,0.5025346279144287,0.3020592033863067,0.6546921730041504,0.4162957072257995,0.479276567697525,0.4245395362377167,0.7342219352722168,0.2145610600709915,0.3792944252490997,0.2765050828456878,0.5878650546073914,0.0955982059240341,0.5031008124351501,0.1133285611867904,0.6291999220848083,0.8643490672111511,0.4975574612617492,0.8662694692611694,0.0,0.0,0.0,0.0,0.0,0.0,0.0,0.0,0.5648706555366516,0.4143151640892029
0.5324117541313171,0.120828628540039,0.5639215707778931,0.0906965062022209,0.5058709979057312,0.1070327758789062,0.6173084378242493,0.138474091887474,0.4855469167232513,0.1678235977888107,0.6772149801254272,0.3048869669437408,0.4550137817859649,0.3264934718608856,0.7364473342895508,0.1728892177343368,0.3190825283527374,0.1430402547121048,0.0,0.0,0.3950121402740478,0.0089285718277096,0.6468033790588379,0.8787334561347961,0.4852257668972015,0.8658026456832886,0.0,0.0,0.0,0.0,0.0,0.0,0.0,0.0,0.5645643472671509,0.3138723373413086
0.5316076874732971,0.1273449957370758,0.562269926071167,0.0976407378911972,0.5060235857963562,0.1136407852172851,0.6140737533569336,0.1403885781764984,0.4864502251148224,0.1710650026798248,0.6754243969917297,0.3072960078716278,0.4547841250896454,0.3286668956279754,0.7306925654411316,0.1789348125457763,0.3217083513736725,0.1486290842294693,0.0,0.0,0.3983276188373565,0.0089285718277096,0.6433945298194885,0.8646860122680664,0.4847729504108429,0.854465663433075,0.0,0.0,0.0,0.0,0.0,0.0,0.0,0.0,0.5636956095695496,0.3150935173034668
0.5630560517311096,0.1728633493185043,0.5904823541641235,0.1393975466489792,0.5373986959457397,0.1558437198400497,0.6391705274581909,0.1756811589002609,0.5214067101478577,0.2086550444364547,0.700244128704071,0.3290019631385803,0.4911811947822571,0.3537418246269226,0.7900459170341492,0.094132661819458,0.3743942379951477,0.1891373097896576,0.0,0.0,0.4905420839786529,0.0089285718277096,0.6757624745368958,0.8481517434120178,0.5172560811042786,0.8486786484718323,0.0,0.0,0.0,0.0,0.0,0.0,0.0,0.0,0.5930660963058472,0.3385132253170013
0.5503151416778564,0.2171743810176849,0.5762338638305664,0.1902517974376678,0.5285059213638306,0.200485423207283,0.622319757938385,0.2253335416316986,0.5124848484992981,0.2475816011428833,0.6677007675170898,0.3688412606716156,0.4837888181209564,0.3825386464595794,0.7599083185195923,0.1523386985063552,0.3778639733791351,0.2270786017179489,0.6008029580116272,0.0452304668724536,0.5191755294799805,0.0606551580131053,0.6334043145179749,0.8332873582839966,0.4930656850337982,0.8336886763572693,0.0,0.0,0.0,0.0,0.0,0.0,0.0,0.0,0.5754448771476746,0.3731066584587097
0.4827149212360382,0.2413139790296554,0.5078554749488831,0.2173598110675811,0.4615732133388519,0.2249456793069839,0.5518861413002014,0.2542649507522583,0.4431525766849518,0.2653412222862243,0.6007184386253357,0.3870275616645813,0.4199958443641662,0.3936119377613067,0.6835690140724182,0.1955628246068954,0.3136115372180938,0.2609171271324157,0.5211549401283264,0.0962632372975349,0.4457396566867828,0.0916911959648132,0.5721667408943176,0.8143460154533386,0.4412917792797088,0.8158958554267883,0.0,0.0,0.0,0.0,0.0,0.0,0.0,0.0,0.5073518753051758,0.3882652223110199
0.5546181797981262,0.2366217821836471,0.5796794891357422,0.2088376581668853,0.5312639474868774,0.2217635959386825,0.6236729025840759,0.2447497099637985,0.5136891007423401,0.2682554721832275,0.6756768822669983,0.3693263530731201,0.4885080754756927,0.3910679817199707,0.7682562470436096,0.1663757413625717,0.3790278732776642,0.2575394511222839,0.6004133820533752,0.0911461487412452,0.5136358141899109,0.0834539607167244,0.6484326124191284,0.8286228179931641,0.5121331810951233,0.8269380331039429,0.0,0.0,0.0,0.0,0.0,0.0,0.0,0.0,0.57988041639328,0.379844456911087
0.5273525714874268,0.2487506568431854,0.5582185387611389,0.2208917289972305,0.5063947439193726,0.2312923520803451,0.6042692065238953,0.2636794745922088,0.4878899157047272,0.2741375863552093,0.6492849588394165,0.38981693983078,0.4583611786365509,0.4013691246509552,0.7441307306289673,0.1882984638214111,0.3505776226520538,0.2538703680038452,0.5757626295089722,0.0927958115935325,0.4980486333370209,0.0946315303444862,0.6260234117507935,0.8508440256118774,0.4896630644798279,0.8507996201515198,0.0,0.0,0.0,0.0,0.0,0.0,0.0,0.0,0.5509508848190308,0.3943643867969513
0.5303500890731812,0.2593653798103332,0.5606953501701355,0.2361054569482803,0.5110560059547424,0.2455783933401107,0.6068940758705139,0.2787244617938995,0.4957166016101837,0.2879586219787597,0.6474376320838928,0.3968815207481384,0.4632500112056732,0.4033098816871643,0.7244210839271545,0.2062142193317413,0.3650188148021698,0.259091317653656,0.582513689994812,0.114624448120594,0.5082595944404602,0.1194933131337165,0.6147740483283997,0.8305692076683044,0.4884409010410309,0.8304635286331177,0.0,0.0,0.0,0.0,0.0,0.0,0.0,0.0,0.555161714553833,0.3987463116645813
0.4393121898174286,0.2369864732027053,0.4659409523010254,0.2143502086400985,0.4214092195034027,0.2193333357572555,0.5135498046875,0.253563791513443,0.4008200764656067,0.2639255225658417,0.5557907819747925,0.3774781227111816,0.3759089410305023,0.3860323429107666,0.6497030854225159,0.1828581243753433,0.2722460925579071,0.2116594016551971,0.489850252866745,0.076161541044712,0.4118826687335968,0.0780633687973022,0.5147004723548889,0.8287402987480164,0.3798697590827942,0.8140420317649841,0.0,0.0,0.0,0.0,0.0,0.0,0.0,0.0,0.4604651927947998,0.3810612261295318
0.3746996223926544,0.2385659664869308,0.4050768911838531,0.210709735751152,0.3554714322090149,0.2177823334932327,0.4550379812717438,0.2476231902837753,0.338782250881195,0.2562407851219177,0.5043339133262634,0.3703638017177582,0.3122654259204864,0.3798036873340606,0.6032612919807434,0.1735705435276031,0.1992702633142471,0.2027493417263031,0.4495861828327179,0.0577974505722522,0.3521130979061126,0.0727149620652198,0.4700945913791656,0.8297610878944397,0.3311488628387451,0.8296000361442566,0.0,0.0,0.0,0.0,0.0,0.0,0.0,0.0,0.4053820967674255,0.3725835382938385
0.4026311933994293,0.2390572726726532,0.431503564119339,0.2110819667577743,0.3832820951938629,0.2179884910583496,0.4789608120918274,0.251758724451065,0.3653435409069061,0.2567093670368194,0.5277032256126404,0.3807550072669983,0.3361364901065826,0.384618192911148,0.6231377720832825,0.1821554899215698,0.2337977141141891,0.2069099694490432,0.4602299034595489,0.0653764083981514,0.3869510591030121,0.0750966742634773,0.4832231402397156,0.8321809768676758,0.3432956337928772,0.829805850982666,0.0,0.0,0.0,0.0,0.0,0.0,0.0,0.0,0.4300317466259002,0.3813247084617615
0.5055760741233826,0.2553000450134277,0.5321200489997864,0.2288040816783905,0.4878382980823517,0.2368179857730865,0.5744441151618958,0.2632759213447571,0.4730355441570282,0.2695662677288055,0.6201744079589844,0.3904270231723785,0.4500145614147186,0.3898685276508331,0.7057967185974121,0.1901615858078003,0.3379187285900116,0.2474002987146377,0.5517629384994507,0.0939868688583374,0.4672611057758331,0.0956471115350723,0.5924625992774963,0.8301299214363098,0.461066335439682,0.8320606350898743,0.0,0.0,0.0,0.0,0.0,0.0,0.0,0.0,0.5341974496841431,0.3885856568813324
0.5548400282859802,0.265472948551178,0.581445574760437,0.2411331385374069,0.5365392565727234,0.2484838962554931,0.6237108111381531,0.2744211554527282,0.519348680973053,0.2853904962539673,0.6683849692344666,0.3973309099674225,0.4925155639648437,0.4040965139865875,0.7539191246032715,0.1955640614032745,0.397422581911087,0.2637237906455993,0.6110143661499023,0.1085937619209289,0.5238072872161865,0.1174098625779151,0.6323328614234924,0.8321415781974792,0.5031334757804871,0.8279962539672852,0.0,0.0,0.0,0.0,0.0,0.0,0.0,0.0,0.5789737701416016,0.398396223783493
0.5532647371292114,0.2530378103256225,0.579177975654602,0.2268628031015396,0.5349069833755493,0.2339975833892822,0.6194628477096558,0.2644713819026947,0.5154035687446594,0.2749471366405487,0.663752019405365,0.3895896077156067,0.4865235686302185,0.3967513740062713,0.7512442469596863,0.1745524108409881,0.3887554109096527,0.2405684888362884,0.5972006916999817,0.072509691119194,0.5249484181404114,0.0792403593659401,0.6309366226196289,0.8465080857276917,0.4933262169361114,0.8327484726905823,0.0,0.0,0.0,0.0,0.0,0.0,0.0,0.0,0.5729591250419617,0.3913710117340088
0.4661857187747955,0.2381675541400909,0.4960266649723053,0.2140016555786132,0.4439785182476043,0.2155139595270156,0.537666380405426,0.2495841532945633,0.4210865497589111,0.2540900111198425,0.5775925517082214,0.3778313994407654,0.400662750005722,0.3813657462596893,0.6757310032844543,0.1741104125976562,0.2984113693237304,0.2021373212337494,0.5334025621414185,0.055475540459156,0.44350466132164,0.0605356208980083,0.5412011742591858,0.8453566431999207,0.3976679742336273,0.8329220414161682,0.0,0.0,0.0,0.0,0.0,0.0,0.0,0.0,0.4832869172096252,0.3774726092815399
0.3896589577198028,0.2309343963861465,0.4204009473323822,0.2058522403240203,0.368732213973999,0.2079293727874755,0.4653224349021911,0.2490178793668747,0.3471339046955108,0.2532773613929748,0.509091317653656,0.3734938502311706,0.3148973286151886,0.3844471573829651,0.6163120269775391,0.1740757077932357,0.2180198431015014,0.1753497272729873,0.4838925302028656,0.045995645225048,0.3712638020515442,0.0499529875814914,0.4727130234241485,0.8345109820365906,0.3300313949584961,0.8431536555290222,0.0,0.0,0.0,0.0,0.0,0.0,0.0,0.0,0.4087589383125305,0.3771486282348633
0.4005110263824463,0.2392250001430511,0.4295671880245209,0.2119590193033218,0.3791808187961578,0.2162462323904037,0.4734463691711426,0.2525738775730133,0.3590695261955261,0.2558791041374206,0.5160228610038757,0.3771414160728454,0.3214505612850189,0.3805027604103088,0.6219413876533508,0.1878328174352646,0.2358278334140777,0.1753343194723129,0.4914025664329529,0.0540046952664852,0.3884592950344085,0.0567621327936649,0.4788252413272857,0.8307122588157654,0.3393708169460296,0.8297813534736633,0.0,0.0,0.0,0.0,0.0,0.0,0.0,0.0,0.4168747067451477,0.3766594231128692
0.5336958169937134,0.2670879662036896,0.5638213157653809,0.2446641027927398,0.5153838396072388,0.2490503340959549,0.6037054657936096,0.2837637960910797,0.4985905587673187,0.2818783223628998,0.6447205543518066,0.3966391682624817,0.4701564908027649,0.4031669497489929,0.73398357629776,0.1951744556427002,0.3739730417728424,0.2449904531240463,0.5946802496910095,0.0915994197130203,0.5092009902000427,0.105003535747528,0.6201586723327637,0.8320395350456238,0.4891278445720672,0.8316839933395386,0.0,0.0,0.0,0.0,0.0,0.0,0.0,0.0,0.5566737055778503,0.3981903195381164
0.6157860159873962,0.396129846572876,0.6311049461364746,0.3792580068111419,0.6008710265159607,0.3774429261684418,0.6477310061454773,0.4063044190406799,0.5779070854187012,0.4023590385913849,0.6734340786933899,0.5090239644050598,0.5516133904457092,0.5074948072433472,0.7254475355148315,0.3733884692192077,0.4842505156993866,0.3955236375331878,0.6429999470710754,0.2577167749404907,0.5803012251853943,0.2574866116046905,0.6585478782653809,0.826475977897644,0.5614638924598694,0.8173298835754395,0.0,0.0,0.0,0.0,0.0,0.0,0.0,0.0,0.6099914312362671,0.5074998140335083
0.6144918203353882,0.3967020511627197,0.6294227242469788,0.3782081007957458,0.5991673469543457,0.3773607611656189,0.6458578705787659,0.4034022986888885,0.5758205056190491,0.4011275470256805,0.6721740961074829,0.5080097913742065,0.5492216944694519,0.5050250887870789,0.7332069277763367,0.3782229125499725,0.4772246479988098,0.3973476588726043,0.6495553255081177,0.2566175460815429,0.5757514238357544,0.2487195581197738,0.6574167013168335,0.8274593353271484,0.5599894523620605,0.8254397511482239,0.0,0.0,0.0,0.0,0.0,0.0,0.0,0.0,0.6079980731010437,0.5056188702583313
0.6098865866661072,0.39691823720932,0.6246557831764221,0.3785632252693176,0.5955015420913696,0.3783087134361267,0.6429237127304077,0.402238517999649,0.5735505223274231,0.4014196991920471,0.6733261346817017,0.5088039636611938,0.548923909664154,0.5062637329101562,0.7301851511001587,0.37526935338974,0.4772481620311737,0.3990484178066253,0.6460496187210083,0.256672590970993,0.574525773525238,0.2564349472522735,0.6580176949501038,0.8288793563842773,0.5604198575019836,0.8262410759925842,0.0,0.0,0.0,0.0,0.0,0.0,0.0,0.0,0.6080937385559082,0.5065885186195374
0.6078482866287231,0.3984697759151459,0.6225740313529968,0.3794819712638855,0.5944010019302368,0.3829779326915741,0.6443952322006226,0.404110848903656,0.5773324370384216,0.408986896276474,0.6760228276252747,0.5125142335891724,0.5507586598396301,0.5103294849395752,0.7358981370925903,0.4204694926738739,0.4744679927825928,0.4312071502208709,0.6470581293106079,0.301042765378952,0.5744924545288086,0.2956301271915436,0.6563793420791626,0.8155500292778015,0.5572485327720642,0.8136819005012512,0.0,0.0,0.0,0.0,0.0,0.0,0.0,0.0,0.612249493598938,0.5107449293136597
0.6047730445861816,0.3987296521663666,0.618791937828064,0.3777742981910705,0.591322124004364,0.3820977509021759,0.6415392756462097,0.3994404375553131,0.5751438140869141,0.4069571793079376,0.6748741269111633,0.5111750364303589,0.5512980222702026,0.5101900696754456,0.7354633212089539,0.4342891573905945,0.472400039434433,0.4405638873577118,0.6484495401382446,0.3251911997795105,0.5739136338233948,0.3032936453819275,0.6564112901687622,0.8127610087394714,0.5577394366264343,0.8116664886474609,0.0,0.0,0.5489208698272705,0.9910714030265808,0.0,0.0,0.0,0.0,0.6122748255729675,0.5100070834159851
0.6024811863899231,0.3926981985569,0.6195887327194214,0.3747387230396271,0.5902858972549438,0.3753213584423065,0.6444098353385925,0.3997825682163238,0.5707179307937622,0.3995358943939209,0.6746937036514282,0.5103879570960999,0.546844482421875,0.5035884380340576,0.7345010638237,0.386746346950531,0.4756304919719696,0.4041984677314758,0.6476500630378723,0.2783080041408539,0.5658899545669556,0.2782221436500549,0.6560949683189392,0.8152915835380554,0.5568026304244995,0.8148037195205688,0.0,0.0,0.5483890771865845,0.991071343421936,0.0,0.0,0.0,0.0,0.6077123284339905,0.5056849718093872
0.6097572445869446,0.3904726207256317,0.625323474407196,0.3740968406200409,0.5959877967834473,0.37331023812294,0.6437448859214783,0.4011589586734772,0.5748567581176758,0.3977205157279968,0.6720666885375977,0.5070726871490479,0.5489842295646667,0.50477534532547,0.7323083877563477,0.3728096485137939,0.479326069355011,0.3897464871406555,0.6494638323783875,0.2549381256103515,0.5783210396766663,0.2481206804513931,0.6556981205940247,0.8167744874954224,0.5597666501998901,0.8168758749961853,0.0,0.0,0.0,0.0,0.0,0.0,0.0,0.0,0.607461154460907,0.504840075969696
0.6126574277877808,0.3890610337257385,0.6290186643600464,0.3717375099658966,0.5972875952720642,0.3721250891685486,0.6495332717895508,0.3995698988437652,0.5770474672317505,0.3984901905059814,0.6758559942245483,0.5059771537780762,0.5519150495529175,0.503369927406311,0.7341136932373047,0.3648891746997833,0.4811652302742004,0.3831495940685272,0.6517050862312317,0.2351637184619903,0.5766634345054626,0.241488441824913,0.6600255966186523,0.8270191550254822,0.5619596838951111,0.8253196477890015,0.0,0.0,0.0,0.0,0.0,0.0,0.0,0.0,0.6112889051437378,0.5043753385543823
0.6145145297050476,0.3928516209125519,0.6308287382125854,0.3752766251564026,0.6007307171821594,0.3763916194438934,0.6519910097122192,0.4012827575206756,0.582334578037262,0.4015911221504211,0.6820682883262634,0.5136016607284546,0.5545586943626404,0.5110965371131897,0.7298380136489868,0.3996736109256744,0.4800558686256408,0.4084527492523193,0.6405988335609436,0.2734888195991516,0.5718263983726501,0.2721743583679199,0.6625944972038269,0.8183500170707703,0.5628141760826111,0.8253350853919983,0.0,0.0,0.0,0.0,0.0,0.0,0.0,0.0,0.6166146993637085,0.5104694366455078
0.6110853552818298,0.3984197676181793,0.6236034631729126,0.3784978985786438,0.5973643064498901,0.3856559693813324,0.646708607673645,0.4020730853080749,0.5827352404594421,0.4101907610893249,0.6777148246765137,0.5134192705154419,0.5562120676040649,0.5119243264198303,0.7258048057556152,0.4321048557758331,0.4783217906951904,0.4407162070274353,0.6313163638114929,0.2984272539615631,0.5684034824371338,0.3000548481941223,0.658148467540741,0.8162902593612671,0.5592643618583679,0.8162066340446472,0.0,0.0,0.0,0.0,0.0,0.0,0.0,0.0,0.6156275868415833,0.5123405456542969
0.6051815152168274,0.3965785205364227,0.6180962920188904,0.3758677840232849,0.5912032723426819,0.3825888633728027,0.6425098776817322,0.4031863808631897,0.576600193977356,0.4099336564540863,0.6753301024436951,0.5105754733085632,0.5546499490737915,0.5078654885292053,0.720248818397522,0.4234486222267151,0.4768578112125397,0.4339727461338043,0.6261410713195801,0.296338826417923,0.5695706009864807,0.297133207321167,0.6572070121765137,0.8145132660865784,0.5584826469421387,0.8151598572731018,0.0,0.0,0.0,0.0,0.0,0.0,0.0,0.0,0.6131619811058044,0.5087883472442627
0.6164303421974182,0.3909792900085449,0.6307533979415894,0.3692372441291809,0.600192129611969,0.3755345642566681,0.6538665890693665,0.3937931954860687,0.5830078125,0.4036211967468261,0.6858549118041992,0.5053974986076355,0.5591362714767456,0.5053563117980957,0.7371602058410645,0.411175400018692,0.4853321015834808,0.4198093116283417,0.6469904780387878,0.2885469794273376,0.576492190361023,0.2776744067668915,0.6743481755256653,0.8253148794174194,0.5720996856689453,0.8267237544059753,0.0,0.0,0.0,0.0,0.0,0.0,0.0,0.0,0.620064914226532,0.5036633610725403
0.5789118409156799,0.364241749048233,0.5985344648361206,0.3488498032093048,0.562521755695343,0.3521413505077362,0.6241064071655273,0.3883843123912811,0.5460697412490845,0.390062153339386,0.6541480422019958,0.500762939453125,0.5237823724746704,0.5062177777290344,0.7085433602333069,0.409210592508316,0.4410154223442077,0.4291403889656067,0.6152344346046448,0.2618467509746551,0.5310474634170532,0.2742354273796081,0.624086320400238,0.8344168066978455,0.5201501846313477,0.8257380127906799,0.0,0.0,0.508630096912384,0.9910715222358704,0.0,0.0,0.0,0.0,0.5876440405845642,0.4996527135372162
0.5103405714035034,0.3258557915687561,0.5260632038116455,0.3021380007266998,0.4912987649440765,0.3136780261993408,0.5507411360740662,0.345206469297409,0.4722941517829895,0.352011114358902,0.5834659934043884,0.4757342636585235,0.4419960677623749,0.4846857488155365,0.6444932818412781,0.4576160013675689,0.3616563379764557,0.4751807749271393,0.5676972270011902,0.3404570519924164,0.4426215291023254,0.3122878074645996,0.5573004484176636,0.8497065305709839,0.4527976214885711,0.8503738641738892,0.0,0.0,0.0,0.0,0.0,0.0,0.0,0.0,0.513081967830658,0.4776061177253723
0.5215703845024109,0.3930758833885193,0.5365077257156372,0.3681488931179046,0.4942678809165954,0.3788479268550873,0.5646011829376221,0.4153861403465271,0.4645650088787079,0.4304480254650116,0.6007800698280334,0.5548529624938965,0.436547577381134,0.5739432573318481,0.6730170845985413,0.5406935214996338,0.3401473462581634,0.5504852533340454,0.5797127485275269,0.3985141217708587,0.431468665599823,0.3696558773517608,0.6000503897666931,0.9910714030265808,0.4714261591434479,0.9910714030265808,0.0,0.0,0.0,0.0,0.0,0.0,0.0,0.0,0.5169267058372498,0.5610730051994324
0.5605675578117371,0.4009516835212707,0.5862665176391602,0.3807021677494049,0.5356681942939758,0.3749130070209503,0.616000771522522,0.4310603737831116,0.5040531158447266,0.416212797164917,0.6465378999710083,0.5722100138664246,0.4704455435276031,0.5749493837356567,0.7503842711448669,0.4686997830867767,0.3418185114860534,0.4686173498630523,0.6158363223075867,0.2324998825788498,0.4822255671024322,0.2583754360675812,0.6216396689414978,0.9910715222358704,0.0,0.0,0.0,0.0,0.0,0.0,0.0,0.0,0.0,0.0,0.5552104115486145,0.5667957663536072
0.5882426500320435,0.3840353786945343,0.6138114929199219,0.3532488346099853,0.5639522671699524,0.3495398461818695,0.6453675627708435,0.380046933889389,0.5301695466041565,0.3787951469421386,0.6854972243309021,0.5375877618789673,0.498267650604248,0.5382159352302551,0.7750229835510254,0.4173419177532196,0.3799938559532165,0.4194642007350921,0.644993007183075,0.168548122048378,0.5349457859992981,0.1852217614650726,0.6388968825340271,0.9910714030265808,0.0,0.0,0.0,0.0,0.0,0.0,0.0,0.0,0.0,0.0,0.5860984921455383,0.5300996899604797
0.5635032057762146,0.3862554132938385,0.591800332069397,0.3474455177783966,0.5343113541603088,0.3469803929328918,0.6294631958007812,0.3646712303161621,0.5034917593002319,0.3672944903373718,0.6707257628440857,0.5164681077003479,0.4746530055999756,0.5217936635017395,0.781364917755127,0.4497080445289612,0.3540044724941253,0.4177592098712921,0.6175618767738342,0.1691717356443405,0.5106560587882996,0.2017996609210968,0.0,0.0,0.0,0.0,0.0,0.0,0.0,0.0,0.0,0.0,0.0,0.0,0.5692996382713318,0.5168958902359009
0.5497792959213257,0.421534389257431,0.5773051381111145,0.3803633153438568,0.5180063843727112,0.3829949200153351,0.617955207824707,0.3883460462093353,0.4830111861228943,0.3968054950237274,0.6673403382301331,0.5465301871299744,0.4581306576728821,0.5525323152542114,0.7957202196121216,0.4856021106243133,0.3120531439781189,0.4484051764011383,0.6202813386917114,0.1899265497922897,0.4736222326755523,0.2245951443910598,0.0,0.0,0.0,0.0,0.0,0.0,0.0,0.0,0.0,0.0,0.0,0.0,0.5577291250228882,0.5482849478721619
0.5451789498329163,0.4916436672210693,0.5758095383644104,0.4494247138500213,0.5104338526725769,0.4494908154010772,0.6135343313217163,0.4738235473632812,0.46787229180336,0.4694952964782715,0.6585303544998169,0.6474064588546753,0.4342482388019562,0.6539677977561951,0.7984380722045898,0.6270896196365356,0.2655535042285919,0.5861700177192688,0.618021547794342,0.2928043901920318,0.4273240864276886,0.3255068361759186,0.0,0.0,0.0,0.0,0.0,0.0,0.0,0.0,0.0,0.0,0.0,0.0,0.5425674319267273,0.6499627232551575
0.5375796556472778,0.3295687139034271,0.5634225606918335,0.3024566769599914,0.5058864951133728,0.3022972047328949,0.5999525189399719,0.3705842196941376,0.4692819714546203,0.3547247350215912,0.6539773941040039,0.5345526337623596,0.4429664611816406,0.5449405908584595,0.7783313393592834,0.5471275448799133,0.2755915820598602,0.501275897026062,0.0,0.0,0.4375872313976288,0.2331984490156173,0.0,0.0,0.0,0.0,0.0,0.0,0.0,0.0,0.0,0.0,0.0,0.0,0.5422148704528809,0.5402301549911499
0.4927314817905426,0.1933656930923462,0.5147489309310913,0.16360804438591,0.4673732221126556,0.1725517809391021,0.5678747892379761,0.2080005407333374,0.4472557008266449,0.239257201552391,0.6343961358070374,0.4155729413032532,0.415559858083725,0.4331503808498382,0.7447019219398499,0.4490070343017578,0.2892936766147613,0.4313384592533111,0.5596519708633423,0.0842693224549293,0.3724386394023895,0.2152023762464523,0.6089993119239807,0.958868145942688,0.441542237997055,0.9562357068061828,0.0,0.0,0.0,0.0,0.0,0.0,0.0,0.0,0.5192633271217346,0.4206550419330597
0.396948903799057,0.1948724836111068,0.4106857776641845,0.173079252243042,0.3796411156654358,0.1824852973222732,0.4395513534545898,0.2077903598546981,0.3510200977325439,0.2267817109823227,0.4911186993122101,0.3944201469421386,0.3009729385375976,0.4007028639316559,0.5807605385780334,0.4694454669952392,0.1858780533075332,0.4276658892631531,0.4637690484523773,0.1705851107835769,0.3063337802886963,0.2241926193237304,0.4727815091609955,0.8699354529380798,0.3228372037410736,0.8820506930351257,0.0,0.0,0.0,0.0,0.0,0.0,0.0,0.0,0.3913699090480804,0.3956501185894012
0.5215827822685242,0.2993197739124298,0.5426441431045532,0.27682825922966,0.5026707053184509,0.2758233249187469,0.5722497701644897,0.3076404929161072,0.4785312116146087,0.3043678104877472,0.6063134074211121,0.4518780410289764,0.4587865173816681,0.4471385776996612,0.6676272749900818,0.3145838379859924,0.401967704296112,0.4234245717525482,0.5825223326683044,0.111109435558319,0.0,0.0,0.5756327509880066,0.878201961517334,0.4549294412136078,0.8683446645736694,0.0,0.0,0.0,0.0,0.0,0.0,0.0,0.0,0.529089093208313,0.4428232610225677
0.5138527750968933,0.3197234272956848,0.5330964922904968,0.2944976389408111,0.4947317242622375,0.2972978949546814,0.5612045526504517,0.3139154314994812,0.473141610622406,0.3197210133075714,0.5964874625205994,0.4420055449008941,0.4495200216770172,0.4495454430580139,0.6684277653694153,0.3104877471923828,0.3980233669281006,0.426897794008255,0.5694268345832825,0.1219365820288658,0.0,0.0,0.5634400248527527,0.8333423733711243,0.4547985196113586,0.8342981934547424,0.0,0.0,0.0,0.0,0.0,0.0,0.0,0.0,0.5208532810211182,0.4393480718135834
0.5166006684303284,0.3601651489734649,0.5357298254966736,0.3325100839138031,0.4971085488796234,0.33637136220932,0.5620356798171997,0.3474507331848144,0.4756340086460113,0.3542709350585937,0.5853495597839355,0.4737065732479095,0.454709529876709,0.4653875231742859,0.6673879623413086,0.3512552380561828,0.3829869925975799,0.3447828888893127,0.576789379119873,0.19136643409729,0.4883923232555389,0.2148756831884384,0.5680456757545471,0.8359252214431763,0.4603382647037506,0.8328728079795837,0.0,0.0,0.0,0.0,0.0,0.0,0.0,0.0,0.519562840461731,0.4637419283390045
0.6169878840446472,0.3699340224266052,0.6326607465744019,0.3494038581848144,0.5993626713752747,0.3509479463100433,0.6532277464866638,0.3741856217384338,0.5769745707511902,0.3776263296604156,0.6833017468452454,0.4872353971004486,0.5517623424530029,0.4896939098834991,0.7520017027854919,0.4240484833717346,0.4832723140716553,0.4003110527992248,0.6546435356140137,0.2617247700691223,0.5882437825202942,0.2618365883827209,0.6758967638015747,0.8460446000099182,0.5679707527160645,0.8441652059555054,0.0,0.0,0.0,0.0,0.0,0.0,0.0,0.0,0.6160620450973511,0.4863124191761017
0.6359955072402954,0.3749785423278808,0.6494448781013489,0.3548615872859955,0.6182052493095398,0.3550944626331329,0.6670246720314026,0.3796215057373047,0.5909835696220398,0.3818165361881256,0.6920830011367798,0.4965852797031402,0.5615528225898743,0.4974243342876434,0.7602494359016418,0.4440634250640869,0.4939731061458587,0.4329261481761932,0.6694514155387878,0.2797238528728485,0.599539577960968,0.2924428582191467,0.6805360913276672,0.8276991844177246,0.5816155076026917,0.8282745480537415,0.0,0.0,0.0,0.0,0.0,0.0,0.0,0.0,0.6265729665756226,0.4931381046772003
0.6125319600105286,0.3635139465332031,0.6224488019943237,0.3461939394474029,0.5952174067497253,0.3478642404079437,0.0,0.0,0.5636914372444153,0.3854089379310608,0.6520922780036926,0.484021931886673,0.5391101837158203,0.4943377375602722,0.7120642066001892,0.4787497818470001,0.4726053178310394,0.4506701827049255,0.658542275428772,0.3740936815738678,0.5461826324462891,0.3625917434692383,0.6468501091003418,0.8099505305290222,0.55545973777771,0.8118681907653809,0.0,0.0,0.0,0.0,0.0,0.0,0.0,0.0,0.5953139066696167,0.4857557713985443
0.6358398795127869,0.3813350796699524,0.6476775407791138,0.3635777533054352,0.6182631254196167,0.3696217238903045,0.670835018157959,0.3953492641448974,0.5992341637611389,0.4019688963890075,0.6990469098091125,0.5094560384750366,0.5760790705680847,0.5052082538604736,0.7403697371482849,0.4540319144725799,0.5149961113929749,0.4417725205421448,0.6805332899093628,0.3652577102184295,0.6065806150436401,0.2968536913394928,0.6870595216751099,0.8096612095832825,0.5877370238304138,0.811856746673584,0.0,0.0,0.0,0.0,0.0,0.0,0.0,0.0,0.6376133561134338,0.50154709815979
0.6741166710853577,0.3862349390983581,0.6869850754737854,0.3635492920875549,0.6596194505691528,0.3716228008270263,0.7138818502426147,0.3864203989505768,0.6468745470046997,0.4024282395839691,0.7465875744819641,0.503530740737915,0.6306139826774597,0.4931744039058685,0.7716173529624939,0.4666798114776611,0.5730155110359192,0.4371686577796936,0.7247753739356995,0.364480584859848,0.6524688601493835,0.2807572782039642,0.7307954430580139,0.8110813498497009,0.6331940293312073,0.8102425932884216,0.0,0.0,0.0,0.0,0.0,0.0,0.0,0.0,0.6891380548477173,0.4952468574047088
0.6877752542495728,0.3848662674427032,0.7004126310348511,0.3636233806610107,0.6730955839157104,0.3703464865684509,0.7254164814949036,0.3867223858833313,0.6591858267784119,0.3989888727664947,0.7606977820396423,0.505813717842102,0.6414934992790222,0.5007711052894592,0.7974748015403748,0.4362727999687195,0.5694893598556519,0.4391264617443084,0.7293343544006348,0.3368490636348724,0.6529679894447327,0.2840497493743896,0.7384562492370605,0.8258154988288879,0.6387601494789124,0.8126678466796875,0.0,0.0,0.0,0.0,0.0,0.0,0.0,0.0,0.7009429931640625,0.5009915232658386
0.6497978568077087,0.3699533343315124,0.6658071875572205,0.3549644947052002,0.6333661079406738,0.3574333190917969,0.6887493133544922,0.3876092135906219,0.6151304841041565,0.3918619751930237,0.7192468643188477,0.5024868845939636,0.5896723866462708,0.4999391734600067,0.7923411130905151,0.3968648016452789,0.5114147067070007,0.4078169465065002,0.6879462599754333,0.2654967308044433,0.6124577522277832,0.2792120575904846,0.7006195783615112,0.826800525188446,0.5968774557113647,0.8161453604698181,0.0,0.0,0.0,0.0,0.0,0.0,0.0,0.0,0.6527892351150513,0.497969776391983
0.6148180365562439,0.3733132779598236,0.6327184438705444,0.3552942276000976,0.5992512106895447,0.3513537943363189,0.6516209244728088,0.3807033002376556,0.572058379650116,0.3773287236690521,0.6769824624061584,0.4970061779022217,0.5443593859672546,0.4905541241168976,0.7750770449638367,0.3822241127490997,0.4579533636569977,0.387494832277298,0.6622560620307922,0.2726099193096161,0.5822691321372986,0.2709648013114929,0.6597945094108582,0.8301312327384949,0.5581666827201843,0.8291681408882141,0.0,0.0,0.0,0.0,0.0,0.0,0.0,0.0,0.6078022122383118,0.4920284152030945
0.6105796694755554,0.3550024926662445,0.6311770677566528,0.3340844511985779,0.5915125608444214,0.3339114487171173,0.6516696214675903,0.3626073002815246,0.5624889731407166,0.3659952580928802,0.677686333656311,0.4903805255889892,0.541656494140625,0.4872604310512543,0.7907735109329224,0.3413795530796051,0.4385342299938202,0.3611386716365814,0.666918158531189,0.2382556051015854,0.5616891980171204,0.241373211145401,0.6557299494743347,0.8188751339912415,0.5534315705299377,0.8250020146369934,0.0,0.0,0.0,0.0,0.0,0.0,0.0,0.0,0.606864869594574,0.4874369204044342
0.6184482574462891,0.3354994654655456,0.6407537460327148,0.3117401003837585,0.59892338514328,0.314916580915451,0.6705203652381897,0.3418934047222137,0.5742362141609192,0.3476873934268951,0.703682541847229,0.4783959686756134,0.5504723191261292,0.4751183986663818,0.8126570582389832,0.3174187839031219,0.4468666911125183,0.3403133451938629,0.6834077835083008,0.2034647613763809,0.5683873295783997,0.2197374850511551,0.679008960723877,0.8346675634384155,0.5695671439170837,0.8349676132202148,0.0,0.0,0.0,0.0,0.0,0.0,0.0,0.0,0.6254464387893677,0.4758654534816742
0.5981446504592896,0.3280819058418274,0.6208902597427368,0.3022090494632721,0.5790367126464844,0.3043574392795563,0.6509701609611511,0.330510675907135,0.5530983209609985,0.3371911346912384,0.6800990104675293,0.4741740822792053,0.5283074378967285,0.471502810716629,0.7862709164619446,0.2971303761005401,0.4260953068733215,0.3175046741962433,0.6690755486488342,0.1596086025238037,0.5505143404006958,0.1785901933908462,0.6532794237136841,0.8670239448547363,0.5389619469642639,0.8449154496192932,0.0,0.0,0.0,0.0,0.0,0.0,0.0,0.0,0.6005235910415649,0.4720895290374756
0.5801674723625183,0.310893714427948,0.6011168360710144,0.290332168340683,0.5582817196846008,0.2909428179264068,0.6258772015571594,0.3326491415500641,0.532122790813446,0.3313620984554291,0.6552895307540894,0.4716084897518158,0.5086145997047424,0.4603787958621979,0.7380512356758118,0.25918048620224,0.4248270094394684,0.2823485434055328,0.6466857194900513,0.1384748071432113,0.5373075008392334,0.1298286169767379,0.6214510202407837,0.8507952094078064,0.5102487802505493,0.8318118453025818,0.0,0.0,0.0,0.0,0.0,0.0,0.0,0.0,0.5801395177841187,0.4606656730175018
0.564145028591156,0.3206680119037628,0.5847105979919434,0.2955792546272278,0.5445132851600647,0.3002552986145019,0.6143274903297424,0.3324377834796905,0.5242816805839539,0.3377289474010467,0.6463976502418518,0.4741353094577789,0.5035983920097351,0.4678661525249481,0.7306316494941711,0.2697690427303314,0.4426043033599853,0.3981195390224457,0.6203476786613464,0.1207364201545715,0.0,0.0,0.6129607558250427,0.8527982831001282,0.4979536533355713,0.846089780330658,0.0,0.0,0.0,0.0,0.0,0.0,0.0,0.0,0.5735297799110413,0.4657869338989258
0.5550288558006287,0.3283812403678894,0.5747122168540955,0.3013387620449066,0.5355365872383118,0.304965078830719,0.6032697558403015,0.3360728621482849,0.5163870453834534,0.3410794138908386,0.6375117897987366,0.4731281101703644,0.4950669109821319,0.4733572006225586,0.7270397543907166,0.3286767601966858,0.3937309384346008,0.3254567980766296,0.6130064129829407,0.1838627755641937,0.5086641907691956,0.1967134624719619,0.608272135257721,0.8434795141220093,0.4925218522548675,0.833333432674408,0.0,0.0,0.0,0.0,0.0,0.0,0.0,0.0,0.5654924511909485,0.4694480001926422
0.5331403613090515,0.3232381343841553,0.5526032447814941,0.2998097538948059,0.5132266879081726,0.3038055896759033,0.578495442867279,0.3379167020320892,0.490326464176178,0.3423231542110443,0.6024125218391418,0.4828539192676544,0.4615289866924286,0.478727251291275,0.6993221044540405,0.3883521258831024,0.3547413647174835,0.3638024926185608,0.5777120590209961,0.2184977829456329,0.4619412124156952,0.2557480335235595,0.5740231275558472,0.8509737253189087,0.4594619274139404,0.8478437662124634,0.0,0.0,0.0,0.0,0.0,0.0,0.0,0.0,0.5312869548797607,0.4769644141197204
0.5042474865913391,0.3077799379825592,0.5263972878456116,0.2892056107521057,0.484366625547409,0.2893415987491607,0.5534424781799316,0.3259645998477936,0.4607818126678467,0.3270230591297149,0.5868989825248718,0.467295378446579,0.4344216287136078,0.4682640135288238,0.6960976719856262,0.3765532970428467,0.318645179271698,0.370626837015152,0.5587945580482483,0.2046447098255157,0.4382641613483429,0.2257859259843826,0.5579550862312317,0.8523904085159302,0.444462239742279,0.862174391746521,0.0,0.0,0.0,0.0,0.0,0.0,0.0,0.0,0.507739245891571,0.4628303945064544
0.532357931137085,0.2658708989620209,0.5577533841133118,0.2443194538354873,0.5102832913398743,0.2474573850631714,0.5887231230735779,0.2872543036937713,0.4860146641731262,0.2901675105094909,0.6222324967384338,0.4497205317020416,0.4569941163063049,0.4501841366291046,0.746396005153656,0.2811028659343719,0.3245948851108551,0.2973431050777435,0.6086180806159973,0.1387827694416046,0.4544333815574646,0.152236059308052,0.601540744304657,0.8866344690322876,0.4724519550800323,0.902342975139618,0.0,0.0,0.0,0.0,0.0,0.0,0.0,0.0,0.5377777814865112,0.4422498047351837
0.5499030351638794,0.2368328124284744,0.5734485983848572,0.2079765796661377,0.5249159932136536,0.2181296199560165,0.6095232963562012,0.2530872523784637,0.5030235052108765,0.2683148980140686,0.6533182263374329,0.4227442741394043,0.4817804396152496,0.4293918907642364,0.7666702270507812,0.2475188225507736,0.3375867009162903,0.2729802429676056,0.6164978742599487,0.0812640935182571,0.4751729965209961,0.0925451666116714,0.6260819435119629,0.9034072160720824,0.4888657927513122,0.8879006505012512,0.0,0.0,0.0,0.0,0.0,0.0,0.0,0.0,0.5657645463943481,0.4190456867218017
0.5272475481033325,0.2413258403539657,0.5532322525978088,0.2158016413450241,0.5061061978340149,0.2178933471441269,0.5894965529441833,0.2586829960346222,0.4801578223705292,0.2625207304954529,0.628568172454834,0.4211787581443786,0.4557061493396759,0.4281102120876312,0.7485857009887695,0.2577090263366699,0.3720366060733795,0.3748505413532257,0.596809983253479,0.0715929642319679,0.0,0.0,0.6050496101379395,0.9023534655570984,0.4665616154670715,0.9040197730064392,0.0,0.0,0.0,0.0,0.0,0.0,0.0,0.0,0.5388191342353821,0.4200524985790252
0.4403890073299408,0.2502352297306061,0.4645104706287384,0.2265883833169937,0.418622225522995,0.2279329001903534,0.4977267384529114,0.2735437154769897,0.3910628259181976,0.2718553841114044,0.5386618375778198,0.44097700715065,0.3553565442562103,0.4365468621253967,0.6714783310890198,0.3403829634189605,0.2040656805038452,0.3101442456245422,0.5152199864387512,0.1175958141684532,0.3551569879055023,0.1469255983829498,0.4955130219459533,0.9236488938331604,0.3476645052433014,0.9217231869697572,0.0,0.0,0.0,0.0,0.0,0.0,0.0,0.0,0.4441502690315246,0.4330934882164001
0.439136654138565,0.2987357676029205,0.4719944298267364,0.2683504223823547,0.4074440598487854,0.2734679579734802,0.5109306573867798,0.3338850438594818,0.3753650784492492,0.3345146775245666,0.5639462471008301,0.5399510860443115,0.3444857895374298,0.5465143918991089,0.6915854811668396,0.4421634972095489,0.161997303366661,0.4094297885894775,0.4937191307544708,0.1366029679775238,0.3489305675029754,0.1805391609668731,0.0,0.0,0.0,0.0,0.0,0.0,0.0,0.0,0.0,0.0,0.0,0.0,0.4498042464256286,0.5407161712646484
0.4392184913158417,0.3525474369525909,0.471458375453949,0.3295250236988067,0.4115262329578399,0.3289230763912201,0.514376699924469,0.4013034701347351,0.3768324255943298,0.3899133503437042,0.5739251375198364,0.598960816860199,0.3346371650695801,0.5976147055625916,0.7204093933105469,0.5213378667831421,0.1355868130922317,0.4507523477077484,0.5108656883239746,0.182074025273323,0.3435096144676208,0.2294312268495559,0.0,0.0,0.0,0.0,0.0,0.0,0.0,0.0,0.0,0.0,0.0,0.0,0.4494531154632568,0.5966264009475708
0.4504652321338653,0.4317985475063324,0.4869509637355804,0.4053055346012115,0.4213446080684662,0.4038534462451935,0.5269428491592407,0.4787529408931732,0.3811335265636444,0.4564740061759949,0.586764395236969,0.6854508519172668,0.334971934556961,0.682837188243866,0.7280508279800415,0.6268729567527771,0.1116019487380981,0.5289201736450195,0.5231712460517883,0.249230220913887,0.3664163053035736,0.2704306840896606,0.0,0.0,0.0,0.0,0.0,0.0,0.0,0.0,0.0,0.0,0.0,0.0,0.4578242897987366,0.6808047294616699
0.4487985968589782,0.4933076202869415,0.4876501560211181,0.4640266895294189,0.4214837849140167,0.4586920142173767,0.5363841652870178,0.5344079732894897,0.3811471164226532,0.5176488757133484,0.5932131409645081,0.7375093102455139,0.3333306014537811,0.7358413338661194,0.6958528161048889,0.7057815790176392,0.1457173526287078,0.6087464094161987,0.5013872385025024,0.2987891733646393,0.3983608782291412,0.3008195757865906,0.0,0.0,0.0,0.0,0.0,0.0,0.0,0.0,0.0,0.0,0.0,0.0,0.4569865763187408,0.7361312508583069
0.457153171300888,0.6038693785667419,0.4942491352558136,0.5721222758293152,0.4296192526817322,0.5632203221321106,0.5414876341819763,0.6142192482948303,0.3899661600589752,0.5985913872718811,0.5963600277900696,0.8323506116867065,0.3358449935913086,0.816749095916748,0.7168673872947693,0.8094504475593567,0.1375592648983001,0.7027961611747742,0.5230652093887329,0.4051667749881744,0.3943541347980499,0.4038689136505127,0.0,0.0,0.0,0.0,0.0,0.0,0.0,0.0,0.0,0.0,0.0,0.0,0.464879035949707,0.8252330422401428
0.4731383025646209,0.6632649302482605,0.5123021006584167,0.6294108033180237,0.4432823061943054,0.6196780204772949,0.5546213984489441,0.6803184151649475,0.3947969377040863,0.654015839099884,0.5987157225608826,0.8878306150436401,0.3389899134635925,0.8593498468399048,0.7479297518730164,0.8152899742126465,0.1382406651973724,0.7162820100784302,0.530630886554718,0.4346525967121124,0.4005813896656036,0.4368318915367126,0.0,0.0,0.0,0.0,0.0,0.0,0.0,0.0,0.0,0.0,0.0,0.0,0.4665897488594055,0.8754432797431946
0.4678869843482971,0.616861879825592,0.5057252049446106,0.5838263630867004,0.4364653527736664,0.5726919174194336,0.5475789904594421,0.621174156665802,0.3866669237613678,0.5957162976264954,0.6015207171440125,0.8371893763542175,0.3346083164215088,0.822982668876648,0.7615730166435242,0.7789522409439087,0.1191870346665382,0.6709627509117126,0.560745120048523,0.406575858592987,0.3852743506431579,0.4088582098484039,0.0,0.0,0.0,0.0,0.0,0.0,0.0,0.0,0.0,0.0,0.0,0.0,0.4673306345939636,0.829708456993103
0.4591942131519317,0.5623577237129211,0.4936605393886566,0.5260800719261169,0.4302118122577667,0.5194464921951294,0.5415776371955872,0.5688637495040894,0.3822656273841858,0.5501059293746948,0.5876588821411133,0.7847086787223816,0.3272022902965545,0.7705111503601074,0.77632075548172,0.7001247406005859,0.1116860955953598,0.6128402948379517,0.5788239240646362,0.347463309764862,0.3518592715263366,0.3560214638710022,0.0,0.0,0.0,0.0,0.0,0.0,0.0,0.0,0.0,0.0,0.0,0.0,0.4575054943561554,0.7776151299476624
0.4596909880638122,0.5223077535629272,0.4957194626331329,0.4840729534626007,0.4254232943058014,0.4790875613689422,0.5452662706375122,0.5276328921318054,0.3794520795345306,0.5149808526039124,0.5926953554153442,0.7534199953079224,0.3290068805217743,0.7273635268211365,0.7779636979103088,0.6540125608444214,0.1142681837081909,0.5752711296081543,0.5828156471252441,0.2942390143871307,0.3713741302490234,0.2955100834369659,0.0,0.0,0.0,0.0,0.0,0.0,0.0,0.0,0.0,0.0,0.0,0.0,0.4555456936359405,0.7394807934761047
0.4761918187141418,0.4808672964572906,0.5096014738082886,0.4474933445453644,0.4452762305736542,0.4428953826427459,0.5509796142578125,0.495039165019989,0.3983924686908722,0.4833487570285797,0.5943021178245544,0.710089385509491,0.3437767326831817,0.6887833476066589,0.7875434160232544,0.6277943253517151,0.1352211534976959,0.538928210735321,0.5940418243408203,0.2734037041664123,0.3891399800777435,0.2739782035350799,0.0,0.0,0.0,0.0,0.0,0.0,0.0,0.0,0.0,0.0,0.0,0.0,0.4655248522758484,0.6921645998954773
0.4689443111419678,0.3423430919647217,0.5059182047843933,0.316519021987915,0.4402686953544616,0.3085959255695343,0.5448305606842041,0.3896702229976654,0.4024498760700226,0.3585646748542785,0.5779303312301636,0.5857194662094116,0.344964325428009,0.5755850672721863,0.7348511815071106,0.4883212745189667,0.155680626630783,0.4259355068206787,0.5547568202018738,0.1449331939220428,0.3687877357006073,0.1786225885152816,0.0,0.0,0.0,0.0,0.0,0.0,0.0,0.0,0.0,0.0,0.0,0.0,0.4562687277793884,0.5802984237670898
0.4518857598304748,0.2681488394737243,0.4854083061218261,0.2416493892669677,0.428557813167572,0.2413757294416427,0.523234486579895,0.302511066198349,0.3940164446830749,0.2875215113162994,0.5560721755027771,0.5028402209281921,0.3446362614631653,0.4913077056407928,0.6823970675468445,0.3898118436336517,0.1715379953384399,0.3387155532836914,0.5265015959739685,0.0985149666666984,0.3673271536827087,0.1197025701403617,0.0,0.0,0.0,0.0,0.0,0.0,0.0,0.0,0.0,0.0,0.0,0.0,0.4466545879840851,0.4919913411140442
0.4331451952457428,0.2469206154346466,0.4643193185329437,0.2267193645238876,0.4103865921497345,0.2240235805511474,0.5033425092697144,0.2896299362182617,0.3838608562946319,0.2729377150535583,0.5272968411445618,0.4666072726249695,0.3431959748268127,0.4537944495677948,0.6223298907279968,0.3949734270572662,0.2568045258522033,0.4072734713554382,0.0,0.0,0.0,0.0,0.4686909019947052,0.9910714030265808,0.3172261416912079,0.9746204018592834,0.0,0.0,0.0,0.0,0.0,0.0,0.0,0.0,0.4333005845546722,0.4533538222312927
0.4206216335296631,0.2666420340538025,0.4487534165382385,0.2520182728767395,0.4000845849514007,0.2484155148267746,0.4801337420940399,0.3151121735572815,0.3765904307365417,0.2957727909088135,0.5049106478691101,0.4783954322338104,0.3432579934597015,0.4521252512931824,0.5909209847450256,0.3353647291660309,0.2652592957019806,0.4149129390716553,0.4706793427467346,0.0793806985020637,0.0,0.0,0.4543282985687256,0.957204282283783,0.3169914186000824,0.9546579718589784,0.0,0.0,0.0,0.0,0.0,0.0,0.0,0.0,0.4207890033721924,0.4595539271831512
0.4178096652030945,0.2846758067607879,0.4422113001346588,0.2595077753067016,0.397366315126419,0.263957142829895,0.4795618951320648,0.304335355758667,0.3802958130836487,0.3076661229133606,0.5051892995834351,0.4613464474678039,0.3534823358058929,0.4425632655620575,0.580961287021637,0.312099426984787,0.2829934060573578,0.3734800815582275,0.466141790151596,0.0986824184656143,0.0,0.0,0.4572248756885528,0.8918047547340393,0.3290339410305023,0.9033759236335754,0.0,0.0,0.0,0.0,0.0,0.0,0.0,0.0,0.427644670009613,0.4493489265441894
0.4455278515815735,0.2813148498535156,0.4657497107982635,0.2563636004924774,0.424576073884964,0.2632368803024292,0.5039244294166565,0.295611560344696,0.4069027602672577,0.3058323264122009,0.5327116250991821,0.4492785632610321,0.3888168931007385,0.4352663159370422,0.5983816385269165,0.2792236506938934,0.3212249279022217,0.3883580267429352,0.4932301640510559,0.097821369767189,0.0,0.0,0.4851894378662109,0.8684641122817993,0.3678091168403625,0.8489711880683899,0.0,0.0,0.0,0.0,0.0,0.0,0.0,0.0,0.4598996043205261,0.437848836183548
0.5072049498558044,0.2981838285923004,0.5293885469436646,0.2767647504806518,0.4891732633113861,0.2818006873130798,0.5694627165794373,0.3143336176872253,0.4718948304653168,0.3169164657592773,0.6038330793380737,0.4572634994983673,0.45772784948349,0.4533580243587494,0.6372771859169006,0.2905314266681671,0.4014671742916107,0.4060102999210357,0.5225633978843689,0.1198028549551963,0.0,0.0,0.5656868815422058,0.8866974115371704,0.4482782781124115,0.8837380409240723,0.0,0.0,0.0,0.0,0.0,0.0,0.0,0.0,0.5296751260757446,0.4502630829811096
0.5690891146659851,0.3055288791656494,0.5907192230224609,0.2812312841415405,0.5524372458457947,0.2868830859661102,0.6245630383491516,0.3166347444057464,0.5338603854179382,0.3243220150470733,0.6555854678153992,0.4627594947814941,0.5174195766448975,0.4474308788776397,0.6972562670707703,0.2977896332740783,0.438804417848587,0.3018906712532043,0.590438723564148,0.1454615592956543,0.5339033603668213,0.1226989850401878,0.6205788850784302,0.8483539819717407,0.5108096599578857,0.8288798928260803,0.0,0.0,0.0,0.0,0.0,0.0,0.0,0.0,0.5841585993766785,0.4503867328166961
0.5779374241828918,0.3378306329250335,0.5998525619506836,0.3174118101596832,0.5596747398376465,0.3164606988430023,0.6256768107414246,0.3481278717517853,0.5368888974189758,0.3489876091480255,0.6518824696540833,0.4829172790050506,0.5164592862129211,0.4624514579772949,0.701339840888977,0.3202347159385681,0.4452642500400543,0.3212630748748779,0.6028976440429688,0.1729207932949066,0.5472776293754578,0.1616750508546829,0.6172174215316772,0.8458728194236755,0.5117605328559875,0.8290119171142578,0.0,0.0,0.0,0.0,0.0,0.0,0.0,0.0,0.5807809829711914,0.46872279047966
0.5633374452590942,0.3561613857746124,0.5844423174858093,0.3356019854545593,0.5460963845252991,0.3384929299354553,0.612407386302948,0.369120180606842,0.5272688865661621,0.3726053237915039,0.6428343057632446,0.4931574165821075,0.5085012912750244,0.4789234697818756,0.6914567351341248,0.3435389995574951,0.4369127154350281,0.3464569449424743,0.5937763452529907,0.2081066370010376,0.533163845539093,0.2239449322223663,0.6107691526412964,0.8336095809936523,0.5061012506484985,0.8181803822517395,0.0,0.0,0.0,0.0,0.0,0.0,0.0,0.0,0.5733382105827332,0.4829709231853485
0.5710284113883972,0.3642305433750152,0.5897799730300903,0.345341682434082,0.5533919334411621,0.3481459021568298,0.6135823130607605,0.3769217431545257,0.5313062071800232,0.3816762268543243,0.6443437337875366,0.4944717288017273,0.5128900408744812,0.4858504235744476,0.703851580619812,0.3740635216236114,0.4346127212047577,0.3666137754917145,0.0,0.0,0.529722273349762,0.2398875951766967,0.617688775062561,0.8181823492050171,0.5158609747886658,0.8129492998123169,0.0,0.0,0.0,0.0,0.0,0.0,0.0,0.0,0.5760049819946289,0.4862487614154815
0.6036347150802612,0.3773418068885803,0.6195584535598755,0.3546653687953949,0.5853838920593262,0.3578156530857086,0.6416454911231995,0.3770358264446258,0.5633118748664856,0.3845160007476806,0.674223780632019,0.4980571866035461,0.5466212034225464,0.4924581944942474,0.7459385991096497,0.3874759078025818,0.4639778137207031,0.3844037353992462,0.641977846622467,0.2510584592819214,0.5769143104553223,0.2435256987810135,0.6614099144935608,0.8252782821655273,0.5579792261123657,0.8166870474815369,0.0,0.0,0.0,0.0,0.0,0.0,0.0,0.0,0.6065748333930969,0.4932563304901123
0.6389634013175964,0.3845892548561096,0.6542240977287292,0.3630070686340332,0.6201373338699341,0.368041455745697,0.6805623769760132,0.3880043625831604,0.6035307049751282,0.3970746994018554,0.7194296717643738,0.5003232359886169,0.588951587677002,0.5044721961021423,0.7881407141685486,0.404860109090805,0.5032419562339783,0.4078097343444824,0.6841548681259155,0.2626611888408661,0.6007631421089172,0.2630319893360138,0.7118789553642273,0.8275014162063599,0.6102450489997864,0.8280224204063416,0.0,0.0,0.0,0.0,0.0,0.0,0.0,0.0,0.6518654823303223,0.4989621043205261
0.6745496988296509,0.3896897733211517,0.6910726428031921,0.366692453622818,0.6592593789100647,0.3718566298484802,0.7165728807449341,0.3869631290435791,0.6422627568244934,0.40080127120018,0.7523077130317688,0.5086737275123596,0.6274179816246033,0.5088849663734436,0.822483479976654,0.4222894608974457,0.531944990158081,0.4245869219303131,0.7190762162208557,0.2974914908409118,0.6339648365974426,0.2861939966678619,0.7352859377861023,0.8333277106285095,0.6339268684387207,0.8306827545166016,0.0,0.0,0.0,0.0,0.0,0.0,0.0,0.0,0.6888589859008789,0.5074289441108704
0.6680593490600586,0.3939218521118164,0.6862941384315491,0.3732690513134002,0.6555396914482117,0.3775390684604645,0.7108892798423767,0.3992001712322235,0.6395290493965149,0.4058380424976349,0.7453824281692505,0.511504590511322,0.6244588494300842,0.5066872835159302,0.8088192343711853,0.4257424473762512,0.5265001654624939,0.4242498874664306,0.7027446627616882,0.2933151423931122,0.6227101683616638,0.2915047109127044,0.7238137125968933,0.8291260004043579,0.627914547920227,0.8195500373840332,0.0,0.0,0.0,0.0,0.0,0.0,0.0,0.0,0.6845911741256714,0.5083888173103333
0.6351272463798523,0.4013683199882507,0.6496381163597107,0.3810544610023498,0.6216086149215698,0.3885353207588196,0.6832271218299866,0.4096165597438812,0.6101282238960266,0.4181402623653412,0.7159019708633423,0.5103192329406738,0.5976284742355347,0.5070173144340515,0.7474921941757202,0.4154487550258636,0.5021620988845825,0.4238663017749786,0.648414671421051,0.2820357382297516,0.5813276171684265,0.2901364862918854,0.6859260201454163,0.8095933198928833,0.5977713465690613,0.8086157441139221,0.0,0.0,0.585227906703949,0.9910714030265808,0.0,0.0,0.0,0.0,0.6562420725822449,0.5063172578811646
0.6078175902366638,0.4061563611030578,0.6198889017105103,0.3803814351558685,0.5961779356002808,0.3913671374320984,0.6579796075820923,0.3912658393383026,0.0,0.0,0.6927181482315063,0.4962748885154724,0.5828740000724792,0.5071035027503967,0.699423611164093,0.390877902507782,0.4871336817741394,0.421271413564682,0.6163970828056335,0.2911884486675262,0.5472363233566284,0.2867775559425354,0.6589978933334351,0.796475350856781,0.5801976323127747,0.7951458096504211,0.0,0.0,0.5697926878929138,0.9910714030265808,0.0,0.0,0.0,0.0,0.6366478800773621,0.5010982155799866
0.6456249356269836,0.3714074790477752,0.6644167900085449,0.3407886326313019,0.6323819160461426,0.3551699817180633,0.7144595384597778,0.3608806431293487,0.0,0.0,0.748155951499939,0.4858746826648712,0.6275179982185364,0.4959281086921692,0.726615846157074,0.2766240239143371,0.5232979655265808,0.3868325352668762,0.6317586898803711,0.1929022520780563,0.5752882957458496,0.2107848078012466,0.7174137234687805,0.8098050951957703,0.6313400268554688,0.7989870309829712,0.0,0.0,0.5989684462547302,0.9910714030265808,0.0,0.0,0.0,0.0,0.6863698363304138,0.4898668229579925
0.6448431015014648,0.3670344054698944,0.6652204394340515,0.3382420837879181,0.6322258114814758,0.3503020703792572,0.7122297286987305,0.3616681694984436,0.0,0.0,0.74376380443573,0.4857773184776306,0.6177264451980591,0.4909509718418121,0.7339720726013184,0.2751221358776092,0.517818033695221,0.3757446706295013,0.6359975934028625,0.1839734762907028,0.5742100477218628,0.2052789777517318,0.7083245515823364,0.8137282729148865,0.6199000477790833,0.8089250326156616,0.0,0.0,0.5908217430114746,0.9910714030265808,0.0,0.0,0.0,0.0,0.6801837086677551,0.4869349002838135
0.631255030632019,0.3679422736167907,0.6512717008590698,0.3410057127475738,0.6169804334640503,0.3516671359539032,0.6940850615501404,0.3633123934268951,0.0,0.0,0.7171802520751953,0.4843937754631042,0.593652069568634,0.4825840592384338,0.7299045324325562,0.2969891428947449,0.5031861662864685,0.3705025613307953,0.6253662705421448,0.1863266378641128,0.5615875124931335,0.2053180932998657,0.6770631670951843,0.8024960160255432,0.5860483050346375,0.7982016205787659,0.0,0.0,0.5732388496398926,0.9910712838172911,0.0,0.0,0.0,0.0,0.6570390462875366,0.4796555936336517
0.6211934089660645,0.370372474193573,0.6424102783203125,0.3455382883548736,0.6081960797309875,0.3517026603221893,0.6872920989990234,0.3712440431118011,0.0,0.0,0.7061566710472107,0.4844020307064056,0.5797083973884583,0.4826579689979553,0.7254800200462341,0.2986952662467956,0.4925714433193207,0.366089791059494,0.6227498650550842,0.1866845041513443,0.5574311017990112,0.2054547816514969,0.665536105632782,0.8124514222145081,0.5739911198616028,0.8076149821281433,0.0,0.0,0.5683628916740417,0.9910715222358704,0.0,0.0,0.0,0.0,0.6446336507797241,0.4798262417316437
0.6156609654426575,0.372324675321579,0.6365445256233215,0.3477353155612945,0.6013564467430115,0.3532419204711914,0.6789993643760681,0.3701510429382324,0.58485347032547,0.3814543783664703,0.7001399993896484,0.4850626587867737,0.5704618096351624,0.481874942779541,0.7229280471801758,0.2998144626617431,0.4837919175624847,0.3601052463054657,0.6238383650779724,0.1877783983945846,0.5527774691581726,0.2051289081573486,0.659256100654602,0.8125931024551392,0.5661230683326721,0.808085024356842,0.0,0.0,0.5644804239273071,0.9910715222358704,0.0,0.0,0.0,0.0,0.6369733214378357,0.481033593416214
0.6016520261764526,0.369486391544342,0.6245628595352173,0.3517573177814483,0.5878685116767883,0.3497328460216522,0.6540123224258423,0.3839771747589111,0.5672627091407776,0.3758385181427002,0.6746134757995605,0.4932894110679626,0.5504376292228699,0.482294887304306,0.7310279011726379,0.3265881538391113,0.4643280804157257,0.3531980514526367,0.6420112252235413,0.1930261552333831,0.5566300749778748,0.2070110738277435,0.6478771567344666,0.8003358244895935,0.5550652742385864,0.798299252986908,0.0,0.0,0.5569415092468262,0.9910715222358704,0.0,0.0,0.0,0.0,0.6097723245620728,0.4867105484008789
0.5916227102279663,0.3708629310131073,0.6102123856544495,0.3520465195178985,0.5738800764083862,0.3507475256919861,0.6329914331436157,0.3794799149036407,0.551432192325592,0.376812219619751,0.6606895327568054,0.489192932844162,0.5314828753471375,0.4875293672084808,0.7419907450675964,0.3435614109039306,0.4542631208896637,0.3488852977752685,0.6510447859764099,0.1999880224466323,0.5580716729164124,0.207532599568367,0.6454530358314514,0.8191241025924683,0.5476422905921936,0.827295184135437,0.0,0.0,0.0,0.0,0.0,0.0,0.0,0.0,0.5936451554298401,0.4864607751369476
0.5911226868629456,0.3646847903728485,0.6112537980079651,0.3469993770122528,0.574268639087677,0.3446306884288788,0.6307358145713806,0.3769223392009735,0.5485982298851013,0.3739258646965027,0.6567502021789551,0.4904755055904388,0.5223442912101746,0.4857179224491119,0.74602210521698,0.3405787944793701,0.4479061067104339,0.337810605764389,0.6575363278388977,0.1978550106287002,0.5537084937095642,0.201604351401329,0.6351715922355652,0.8153786659240723,0.5304320454597473,0.8123683333396912,0.0,0.0,0.5293998122215271,0.9910715222358704,0.0,0.0,0.0,0.0,0.586307942867279,0.4865516126155853
0.5943753123283386,0.3593870997428894,0.6143074631690979,0.3426873087882995,0.5762540698051453,0.3399652540683746,0.6293445229530334,0.376214325428009,0.5465492010116577,0.3734716475009918,0.6538223028182983,0.4922908246517181,0.5180661678314209,0.4825282990932464,0.7464927434921265,0.3394026458263397,0.4425739645957947,0.3335316777229309,0.6571811437606812,0.189801350235939,0.5536705255508423,0.192527636885643,0.6325283646583557,0.8277314901351929,0.5266039371490479,0.815543532371521,0.0,0.0,0.5227751731872559,0.991071343421936,0.0,0.0,0.0,0.0,0.5828816294670105,0.4856939613819122
0.5822471976280212,0.3504158854484558,0.6028116941452026,0.3324243724346161,0.564189076423645,0.3327463269233703,0.6234769225120544,0.3668521344661712,0.5363709330558777,0.3707010746002197,0.6506428718566895,0.4916581511497497,0.5099869966506958,0.4803175032138824,0.7460988759994507,0.3274879455566406,0.4312567710876465,0.3260697722434997,0.6493317484855652,0.1799348443746566,0.5504900217056274,0.1781248897314071,0.6303282380104065,0.8438792824745178,0.5182586908340454,0.8308057188987732,0.0,0.0,0.0,0.0,0.0,0.0,0.0,0.0,0.5772038698196411,0.4828099608421325
0.5609645247459412,0.3448609411716461,0.5833741426467896,0.3258557617664337,0.5427183508872986,0.3234981596469879,0.6075361967086792,0.3616740703582763,0.5200323462486267,0.3585582077503204,0.632017970085144,0.4850822985172272,0.4927351772785187,0.4720921814441681,0.7319303750991821,0.3194173872470855,0.4145162999629974,0.3117466568946838,0.6383167505264282,0.1740397661924362,0.5278943181037903,0.172026053071022,0.6088034510612488,0.828735888004303,0.496447741985321,0.8272437453269958,0.0,0.0,0.0,0.0,0.0,0.0,0.0,0.0,0.5602549314498901,0.4749438762664795
0.5044910311698914,0.343095064163208,0.5231732130050659,0.3245210945606231,0.4852958023548126,0.3226689398288727,0.5444946885108948,0.3542949259281158,0.4568660259246826,0.3553120493888855,0.5644713044166565,0.4861038029193878,0.4273185133934021,0.4717548191547394,0.6688206791877747,0.3442965149879455,0.3564001619815826,0.3025332391262054,0.5790501832962036,0.1806767433881759,0.4713004529476166,0.1812935173511505,0.5344370007514954,0.8422116637229919,0.4236553013324737,0.8300638794898987,0.0,0.0,0.0,0.0,0.0,0.0,0.0,0.0,0.4947498440742492,0.4758462309837341
0.4770374596118927,0.3413848280906677,0.4977530837059021,0.3204608261585235,0.4579365849494934,0.3179501891136169,0.5161934494972229,0.3541979193687439,0.4281109273433685,0.3531458377838135,0.5292848348617554,0.480609118938446,0.4018269181251526,0.4766748249530792,0.6429738402366638,0.3779372870922088,0.3482919037342071,0.4292770326137543,0.5646336674690247,0.1963719576597213,0.0,0.0,0.5058287382125854,0.8345689177513123,0.3972640633583069,0.8305224776268005,0.0,0.0,0.0,0.0,0.0,0.0,0.0,0.0,0.4629217684268951,0.4782348275184631
0.4717290103435516,0.3512575328350067,0.4898369014263153,0.3331942856311798,0.4505919814109802,0.3299660086631775,0.5053138136863708,0.3714157938957214,0.4172284305095672,0.3649211525917053,0.5230366587638855,0.492519348859787,0.3947513699531555,0.4940287470817566,0.6343183517456055,0.4260887205600738,0.332307755947113,0.3519791066646576,0.5466918349266052,0.2284916490316391,0.4494604170322418,0.2284530252218246,0.5098206400871277,0.8514705300331116,0.3992944657802582,0.8477402329444885,0.0,0.0,0.0,0.0,0.0,0.0,0.0,0.0,0.4559469521045685,0.4903081953525543
0.4986469149589538,0.3442037403583526,0.5159241557121277,0.3260901272296905,0.4769596755504608,0.3246627449989319,0.5334113240242004,0.3632648289203644,0.4407257735729217,0.3690689206123352,0.5582404732704163,0.4890957772731781,0.4203762114048004,0.5025814771652222,0.6564390063285828,0.4461618363857269,0.353929728269577,0.3964144587516784,0.5669892430305481,0.241993561387062,0.4543389678001404,0.261392205953598,0.5449668169021606,0.8456043004989624,0.4356172382831573,0.8462243676185608,0.0,0.0,0.0,0.0,0.0,0.0,0.0,0.0,0.4877458214759826,0.4918178021907806
0.5243962407112122,0.340595543384552,0.5429648160934448,0.3249523341655731,0.5033146739006042,0.323873370885849,0.5614535212516785,0.3573186695575714,0.4704089164733886,0.3640511035919189,0.5845661163330078,0.4861403405666351,0.4486822485923767,0.4915859997272491,0.6723358035087585,0.4687956273555755,0.3865186274051666,0.4410750269889831,0.5959746241569519,0.2837089598178863,0.4502770602703094,0.3204986751079559,0.5697768926620483,0.8335712552070618,0.4621389806270599,0.8322449326515198,0.0,0.0,0.0,0.0,0.0,0.0,0.0,0.0,0.5151425004005432,0.486432284116745
0.5445122122764587,0.3414771854877472,0.5620954632759094,0.3231506943702698,0.5248405337333679,0.3253649771213531,0.5829776525497437,0.3605721890926361,0.4993507266044616,0.3660940527915954,0.6042662858963013,0.483116865158081,0.4759250581264496,0.4848902523517608,0.6910144686698914,0.4860794842243194,0.4074322581291199,0.4538395404815674,0.6236124038696289,0.3319628536701202,0.4784850180149078,0.3277862966060638,0.5871156454086304,0.8476952314376831,0.478004902601242,0.8469265699386597,0.0,0.0,0.0,0.0,0.0,0.0,0.0,0.0,0.540115237236023,0.4809347093105316
0.5603942275047302,0.3463888764381408,0.5759922862052917,0.3303751647472381,0.5446999669075012,0.3315038383007049,0.593238353729248,0.3657605946063995,0.5199784636497498,0.3823341727256775,0.6213878989219666,0.4866211414337158,0.4896790981292724,0.4873254597187042,0.6837473511695862,0.5020591616630554,0.4352406859397888,0.4777672886848449,0.6218515038490295,0.3572610318660736,0.4959948658943176,0.343598335981369,0.597211480140686,0.8171737790107727,0.4904308021068573,0.8140774965286255,0.0,0.0,0.0,0.0,0.0,0.0,0.0,0.0,0.5563722252845764,0.4847429692745209
0.5251988768577576,0.3434107601642608,0.5390264987945557,0.3306684792041778,0.5094670653343201,0.3274107873439789,0.0,0.0,0.4664994180202484,0.3778258264064789,0.5612234473228455,0.4869138598442077,0.4337170720100403,0.4919165074825287,0.6285165548324585,0.4875940382480621,0.4007765650749206,0.4748438000679016,0.5847238302230835,0.2915180325508117,0.4547791481018066,0.3630523979663849,0.5467038154602051,0.8130123019218445,0.4476585686206817,0.8144609332084656,0.0,0.0,0.0,0.0,0.0,0.0,0.0,0.0,0.4987796247005462,0.4839432537555694
0.4912149906158447,0.3467458188533783,0.5056454539299011,0.3303785622119903,0.4758893549442291,0.3252749443054199,0.0,0.0,0.4275644421577453,0.3942223191261291,0.5126960873603821,0.4894149005413055,0.3962696194648742,0.5046524405479431,0.6025236248970032,0.4857891499996185,0.3659618198871612,0.4652324318885803,0.5533797144889832,0.3007268011569977,0.4206986427307129,0.3544250130653381,0.5064374208450317,0.8109524846076965,0.4112444519996643,0.8164563775062561,0.0,0.0,0.0,0.0,0.0,0.0,0.0,0.0,0.4526852071285248,0.4941238462924957
0.478972464799881,0.3421244621276855,0.4932195544242859,0.3260207176208496,0.4593804478645324,0.3198929131031036,0.0,0.0,0.4109846949577331,0.3708105385303497,0.4960426986217499,0.4860332906246185,0.3789220750331878,0.4960058331489563,0.6025257706642151,0.4699561297893524,0.3388760685920715,0.4830245673656463,0.5394896268844604,0.2842459082603454,0.3832678198814392,0.3814830183982849,0.493058979511261,0.8290092349052429,0.3921553492546081,0.8254567384719849,0.0,0.0,0.0,0.0,0.0,0.0,0.0,0.0,0.4357032775878906,0.488761842250824
0.5048342943191528,0.3457632064819336,0.5164950489997864,0.3281140327453613,0.4834599494934082,0.3253576755523681,0.0,0.0,0.4300672113895416,0.3808104991912842,0.5245980620384216,0.483745664358139,0.409341037273407,0.5017358660697937,0.6357035636901855,0.4482865333557129,0.3693493902683258,0.5094243884086609,0.573734700679779,0.2743576169013977,0.3954505920410156,0.4178698062896728,0.5396741628646851,0.8170896768569946,0.4457681477069855,0.8462141752243042,0.0,0.0,0.0,0.0,0.0,0.0,0.0,0.0,0.4642600417137146,0.4881955981254577
0.5249924063682556,0.3443710803985595,0.5381049513816833,0.3340776264667511,0.5055469274520874,0.3303679823875427,0.5444409251213074,0.3809747695922851,0.4673925936222076,0.3846000134944916,0.5690279603004456,0.4835423827171325,0.4524361193180084,0.498269110918045,0.6708465814590454,0.4182833135128021,0.4111856520175934,0.5069042444229126,0.608756422996521,0.2530344128608703,0.0,0.0,0.5815496444702148,0.8087446093559265,0.4885685443878174,0.7999505996704102,0.0,0.0,0.0,0.0,0.0,0.0,0.0,0.0,0.5102598667144775,0.4885709583759308
0.5425918698310852,0.3428525626659393,0.5556915998458862,0.3287392258644104,0.5190700888633728,0.3310961723327636,0.5732823014259338,0.3712937831878662,0.4889038205146789,0.3926087915897369,0.5945624113082886,0.4895553588867187,0.476389616727829,0.5051947832107544,0.6893705129623413,0.4071890413761139,0.4378659427165985,0.488886684179306,0.6095736622810364,0.247676745057106,0.0,0.0,0.5943065881729126,0.845228374004364,0.4947961866855621,0.8352950215339661,0.0,0.0,0.0,0.0,0.0,0.0,0.0,0.0,0.5344639420509338,0.4948329329490661
0.5298985242843628,0.3372952342033386,0.546085000038147,0.3235438764095306,0.5066536068916321,0.3206355571746826,0.5566050410270691,0.3733786642551422,0.4712206721305847,0.371805727481842,0.5818454027175903,0.4894870817661285,0.4540923535823822,0.4951488673686981,0.6610550880432129,0.4069966971874237,0.4018716514110565,0.3882204592227936,0.5764991044998169,0.2183296382427215,0.5034085512161255,0.2363634258508682,0.5730060935020447,0.8421329259872437,0.4674636721611023,0.8320088982582092,0.0,0.0,0.0,0.0,0.0,0.0,0.0,0.0,0.5168924331665039,0.4899905622005462
0.5173860192298889,0.3298069536685943,0.5358411073684692,0.3157225549221039,0.4936040937900543,0.3217358887195587,0.5589069724082947,0.3662126064300537,0.464323341846466,0.3739288747310638,0.5798647999763489,0.4913726449012756,0.4520557522773742,0.4915049374103546,0.6296849250793457,0.4097453653812408,0.3905572593212127,0.3921677768230438,0.5487629175186157,0.222953125834465,0.4824336171150207,0.2550446391105652,0.5691965818405151,0.8440364599227905,0.4604954719543457,0.8342919945716858,0.0,0.0,0.0,0.0,0.0,0.0,0.0,0.0,0.5156612992286682,0.4878649413585663
0.5413597226142883,0.3426392674446106,0.5573839545249939,0.3144914507865906,0.5198343396186829,0.3244208395481109,0.5853145718574524,0.3368584811687469,0.5016182065010071,0.356051355600357,0.6183136701583862,0.4684643745422363,0.4895414710044861,0.4779707789421081,0.7002833485603333,0.3430511057376861,0.3765594959259033,0.3798869550228119,0.5921570658683777,0.1652016639709472,0.4888466000556946,0.2052265554666519,0.603225588798523,0.8367258906364441,0.4909572303295135,0.8342971801757812,0.0,0.0,0.0,0.0,0.0,0.0,0.0,0.0,0.550817608833313,0.4702307283878326
0.5566592216491699,0.3497544229030609,0.5750759243965149,0.3245262205600738,0.5344085693359375,0.3293832242488861,0.6025205850601196,0.3442815840244293,0.5150112509727478,0.3558669686317444,0.6333366632461548,0.4765250384807586,0.4936669766902923,0.4725071787834167,0.7440009713172913,0.2999375462532043,0.3819381892681122,0.3307924270629883,0.6302971243858337,0.1550902426242828,0.4913787543773651,0.1711178123950958,0.6181628108024597,0.8326855301856995,0.503546416759491,0.8301454186439514,0.0,0.0,0.0,0.0,0.0,0.0,0.0,0.0,0.5627316832542419,0.4710936844348907
0.5663822889328003,0.3530314564704895,0.5840327143669128,0.325737863779068,0.543872594833374,0.3294511437416076,0.6093040108680725,0.3391467034816742,0.5205203294754028,0.3531529605388641,0.6397873163223267,0.471212238073349,0.498552143573761,0.4701094329357147,0.7300381660461426,0.2649467885494232,0.4067376255989074,0.3007421195507049,0.6325000524520874,0.1143110170960426,0.49943608045578,0.1345601975917816,0.622632622718811,0.8199855089187622,0.5091354250907898,0.814264714717865,0.0,0.0,0.0,0.0,0.0,0.0,0.0,0.0,0.5679103136062622,0.4661459624767303
0.567403256893158,0.3425675332546234,0.5876498818397522,0.3178187310695648,0.5466139912605286,0.3218174874782562,0.6161218285560608,0.3406503200531006,0.5249545574188232,0.3527297675609588,0.6463244557380676,0.4765928089618683,0.5063356161117554,0.4726526439189911,0.7281628251075745,0.2692988812923431,0.4226762354373932,0.308499276638031,0.6324884295463562,0.1115286350250244,0.5115714073181152,0.1296831667423248,0.625145435333252,0.8338311314582825,0.5098495483398438,0.8287400603294373,0.0,0.0,0.0,0.0,0.0,0.0,0.0,0.0,0.5737601518630981,0.469796359539032
0.5777806043624878,0.3375203311443329,0.6026592254638672,0.3137007057666778,0.5567265748977661,0.317388117313385,0.6316352486610413,0.3431627154350281,0.5322805047035217,0.3555658161640167,0.6598339676856995,0.4783484041690826,0.5160396695137024,0.4795701801776886,0.7451208233833313,0.3116293549537658,0.4211516678333282,0.3402175307273865,0.6344770789146423,0.1404900401830673,0.5292442440986633,0.1535785943269729,0.6325730681419373,0.8447588682174683,0.5205272436141968,0.8181950449943542,0.0,0.0,0.0,0.0,0.0,0.0,0.0,0.0,0.5855225920677185,0.4745520949363708
0.5906086564064026,0.3341144621372223,0.6119623184204102,0.3097993433475494,0.5723913908004761,0.3155584931373596,0.6402331590652466,0.3423911035060882,0.5489056706428528,0.3530619144439697,0.6677970290184021,0.4851021766662597,0.5286942720413208,0.483303815126419,0.7622993588447571,0.3632457852363586,0.4278249442577362,0.3899586200714111,0.6447904706001282,0.1930958479642868,0.5335862040519714,0.2072636932134628,0.644079327583313,0.8484724760055542,0.5309461355209351,0.8274663090705872,0.0,0.0,0.0,0.0,0.0,0.0,0.0,0.0,0.5952436327934265,0.4811683595180511
0.6158599257469177,0.3421952128410339,0.6320962309837341,0.3130412101745605,0.5965170860290527,0.3229003846645355,0.6599087119102478,0.3440462946891784,0.5755685567855835,0.3622584342956543,0.6992376446723938,0.4864545464515686,0.558033287525177,0.4982137084007263,0.7781373262405396,0.4009521007537842,0.4474353194236755,0.4278988540172577,0.6529642343521118,0.2243417054414749,0.5345810651779175,0.2651891410350799,0.6758970618247986,0.8359904885292053,0.5627604722976685,0.8311941027641296,0.0,0.0,0.0,0.0,0.0,0.0,0.0,0.0,0.6266618967056274,0.4892427325248718
0.624423086643219,0.3551530539989471,0.6417238116264343,0.3336192965507507,0.6068129539489746,0.3343384265899658,0.6643290519714355,0.3693565726280212,0.5839195847511292,0.3694228529930115,0.6985345482826233,0.4953486919403076,0.5575428009033203,0.4984779059886932,0.772386908531189,0.4476719498634338,0.4496658444404602,0.4411580562591553,0.6649671792984009,0.2710748314857483,0.5604693293571472,0.2693268358707428,0.6731139421463013,0.8440061211585999,0.5625477433204651,0.8308544158935547,0.0,0.0,0.0,0.0,0.0,0.0,0.0,0.0,0.6270826458930969,0.493081122636795
0.6116086840629578,0.3556170761585235,0.6288009285926819,0.3332063853740692,0.5943998694419861,0.3332480490207672,0.6495372653007507,0.3638948798179626,0.5682557225227356,0.3659894168376922,0.6694267392158508,0.4905778467655182,0.5427888035774231,0.4995028972625732,0.7470420002937317,0.4721550047397613,0.4418800771236419,0.4530501365661621,0.6778146624565125,0.3426569104194641,0.5352238416671753,0.2950586378574371,0.6464641690254211,0.8431877493858337,0.5438029170036316,0.8283683061599731,0.0,0.0,0.0,0.0,0.0,0.0,0.0,0.0,0.6050758957862854,0.4925607740879059
0.5989022254943848,0.3690415322780609,0.6134661436080933,0.350517064332962,0.5812745690345764,0.3499754071235657,0.627985417842865,0.3797228634357452,0.5518096685409546,0.3840028345584869,0.6488997340202332,0.4982083737850189,0.5256731510162354,0.5049280524253845,0.7275678515434265,0.4882150590419769,0.4388057291507721,0.4839457869529724,0.6555704474449158,0.3499159812927246,0.5225662589073181,0.329606682062149,0.6403312683105469,0.8289391398429871,0.5382816195487976,0.8257806897163391,0.0,0.0,0.0,0.0,0.0,0.0,0.0,0.0,0.5863150358200073,0.4990398585796356
0.6155600547790527,0.3717163205146789,0.6314014196395874,0.3470655381679535,0.5976728200912476,0.3503634929656982,0.6533254981040955,0.3685076534748077,0.5755396485328674,0.37881800532341,0.6811657547950745,0.491805762052536,0.5524627566337585,0.5021185278892517,0.7475082278251648,0.4618808329105377,0.4597820937633514,0.4486749172210693,0.6529071927070618,0.2766831219196319,0.5748923420906067,0.2724778056144714,0.6719339489936829,0.8307939767837524,0.5669867992401123,0.8288141489028931,0.0,0.0,0.0,0.0,0.0,0.0,0.0,0.0,0.6164712905883789,0.4935380518436432
0.6384561657905579,0.3740219175815582,0.652321994304657,0.3603943288326263,0.6172158122062683,0.3594160676002502,0.6687330603599548,0.3930913805961609,0.5865292549133301,0.3957508504390716,0.6888494491577148,0.4937475323677063,0.5648938417434692,0.5000739693641663,0.721372127532959,0.3863900601863861,0.5106746554374695,0.3790506720542907,0.6564669609069824,0.2538876235485077,0.6050270795822144,0.2477682530879974,0.6832674741744995,0.8129588961601257,0.5806794166564941,0.8145803809165955,0.0,0.0,0.0,0.0,0.0,0.0,0.0,0.0,0.6253074407577515,0.4934101402759552
0.634071409702301,0.3764191567897796,0.6486541628837585,0.3602743148803711,0.6149066090583801,0.3596966564655304,0.665364682674408,0.3895938396453857,0.5885787010192871,0.3904746472835541,0.6890036463737488,0.4949157238006592,0.5658196210861206,0.497061163187027,0.7234522700309753,0.389581024646759,0.5086167454719543,0.3773179352283478,0.6549815535545349,0.2541656494140625,0.6022470593452454,0.2611247897148132,0.6829009056091309,0.8109315037727356,0.5807889103889465,0.8118314146995544,0.0,0.0,0.0,0.0,0.0,0.0,0.0,0.0,0.6261719465255737,0.4930463135242462
0.6236048340797424,0.3781425952911377,0.6403084993362427,0.3608826696872711,0.6057010889053345,0.3622126281261444,0.6627206802368164,0.3926222920417785,0.5862991213798523,0.3922128677368164,0.690548300743103,0.4985284507274627,0.5653544664382935,0.4977832734584808,0.7214979529380798,0.3959796130657196,0.5077117681503296,0.3773026466369629,0.651471734046936,0.2526793777942657,0.598699152469635,0.2598224878311157,0.6809793710708618,0.812279224395752,0.5794650912284851,0.8133453726768494,0.0,0.0,0.0,0.0,0.0,0.0,0.0,0.0,0.6265189051628113,0.4954193532466888
0.6216012835502625,0.3777652382850647,0.6379088759422302,0.3599624037742615,0.6049517393112183,0.3615193963050842,0.660931408405304,0.3903701901435852,0.5868092179298401,0.390773743391037,0.690064013004303,0.501461386680603,0.5648021101951599,0.500810980796814,0.7247717976570129,0.4005393087863922,0.5038976073265076,0.3839074671268463,0.6477161049842834,0.2545633614063263,0.5972775816917419,0.264850378036499,0.6804209351539612,0.8138099312782288,0.5792657136917114,0.8145707845687866,0.0,0.0,0.0,0.0,0.0,0.0,0.0,0.0,0.6259819269180298,0.4969410300254822
0.6219674348831177,0.3775816857814789,0.6384890675544739,0.3598069548606872,0.6052461266517639,0.3615773022174835,0.6607774496078491,0.3903363049030304,0.587205708026886,0.3907441198825836,0.6883739233016968,0.5023106932640076,0.5647907853126526,0.5003405809402466,0.7276372909545898,0.4036333262920379,0.5014216303825378,0.3849557936191559,0.6535652279853821,0.2549334466457367,0.598075270652771,0.2617214620113373,0.680636465549469,0.8143863081932068,0.5793736577033997,0.8146485090255737,0.0,0.0,0.0,0.0,0.0,0.0,0.0,0.0,0.6255141496658325,0.4971191883087158
0.6212444305419922,0.3776315748691559,0.6377279162406921,0.3598043620586395,0.6046122908592224,0.3621215224266052,0.6603482365608215,0.3920528292655945,0.587124764919281,0.3928882777690887,0.689390242099762,0.5027251839637756,0.5645007491111755,0.5012508630752563,0.7340902090072632,0.4104401171207428,0.4994153380393982,0.3893608748912811,0.6521843671798706,0.2592179477214813,0.5980240702629089,0.26734060049057,0.6812032461166382,0.8143338561058044,0.5793892741203308,0.8151339888572693,0.0,0.0,0.0,0.0,0.0,0.0,0.0,0.0,0.6258028745651245,0.4979436695575714
0.6215434670448303,0.3785114288330078,0.6375497579574585,0.3606501519680023,0.6045978665351868,0.3632395267486572,0.6603394150733948,0.3902374804019928,0.5868940949440002,0.3934070169925689,0.6894630193710327,0.502666175365448,0.5646388530731201,0.5016875267028809,0.7335668206214905,0.4113169610500335,0.4987207353115082,0.3892276883125305,0.651211142539978,0.262575626373291,0.5985973477363586,0.268479436635971,0.6804530024528503,0.8128142952919006,0.5789222717285156,0.8127831220626831,0.0,0.0,0.0,0.0,0.0,0.0,0.0,0.0,0.6258769631385803,0.4978284239768982
0.6214620471000671,0.3762857913970947,0.6396881937980652,0.3571618497371673,0.6042571663856506,0.3589324355125427,0.6654581427574158,0.3902103304862976,0.5860756039619446,0.3890593945980072,0.6921668648719788,0.4993423819541931,0.5639600157737732,0.4960494935512543,0.7283446192741394,0.3628832995891571,0.5130208730697632,0.3635349869728088,0.6401799917221069,0.2421561926603317,0.5899580717086792,0.2285896837711334,0.6815795302391052,0.8112310767173767,0.5785908102989197,0.8151487112045288,0.6953908205032349,0.9910714030265808,0.0,0.0,0.0,0.0,0.0,0.0,0.6262131929397583,0.4952233135700226
0.6193916201591492,0.3773246109485626,0.6376784443855286,0.3581498563289642,0.6021689176559448,0.3602000772953033,0.6644806265830994,0.3952400982379913,0.5848743319511414,0.3915181457996368,0.6882666945457458,0.4963558316230774,0.5657318234443665,0.4940282702445984,0.7053221464157104,0.3314758837223053,0.5279909372329712,0.3552593886852264,0.6348978281021118,0.2380834370851516,0.592860996723175,0.2275184690952301,0.6807727217674255,0.814041018486023,0.5778275728225708,0.8149027228355408,0.0,0.0,0.0,0.0,0.0,0.0,0.0,0.0,0.6261053085327148,0.4944260716438293
0.6175252795219421,0.377614289522171,0.636649489402771,0.3584304749965668,0.6011341214179993,0.3602432906627655,0.663607120513916,0.3970102667808532,0.584073007106781,0.3927184641361236,0.6870922446250916,0.4963167309761047,0.5646740198135376,0.4955904483795166,0.6962109208106995,0.3335024714469909,0.5343000292778015,0.3413715064525604,0.6322551369667053,0.2390247881412506,0.5927934646606445,0.2386547178030014,0.6801772117614746,0.8148331642150879,0.5773582458496094,0.8155390024185181,0.0,0.0,0.0,0.0,0.0,0.0,0.0,0.0,0.6244668960571289,0.4957332015037536
0.6182236075401306,0.3774840533733368,0.6371275186538696,0.3582093715667724,0.6010009050369263,0.3603677749633789,0.6640761494636536,0.3959344029426574,0.5836806893348694,0.392398327589035,0.6861280798912048,0.4952436089515686,0.5642145872116089,0.4939984679222107,0.7028063535690308,0.333796739578247,0.5259801745414734,0.3545626997947693,0.6365088820457458,0.2378135919570922,0.5935753583908081,0.2355636060237884,0.6798821687698364,0.8122492432594299,0.5771541595458984,0.8135248422622681,0.0,0.0,0.0,0.0,0.0,0.0,0.0,0.0,0.6236022710800171,0.4939498901367187
0.6187838912010193,0.3775495886802673,0.6374934911727905,0.3571599423885345,0.6022323369979858,0.3576380908489227,0.6642912030220032,0.3882785737514496,0.5839287638664246,0.3834622502326965,0.6905112862586975,0.49688720703125,0.56169193983078,0.4909345209598541,0.7282544374465942,0.3528878390789032,0.5078989863395691,0.3629088997840881,0.6437110304832458,0.233622521162033,0.5952299237251282,0.2266464382410049,0.6801019906997681,0.8152657151222229,0.5766472816467285,0.8172027468681335,0.0,0.0,0.0,0.0,0.0,0.0,0.0,0.0,0.6240375638008118,0.4922066628932953
0.6211630702018738,0.3774295747280121,0.6362847685813904,0.3551018536090851,0.6028894782066345,0.3603050112724304,0.6591166853904724,0.3816181123256683,0.5859124064445496,0.3899542689323425,0.6888631582260132,0.4996934235095978,0.5619493126869202,0.5000923871994019,0.7528364062309265,0.4227503836154938,0.4809429943561554,0.4125159084796905,0.6585885882377625,0.2762192785739898,0.5894098281860352,0.2683870196342468,0.6807644963264465,0.8166290521621704,0.5781188607215881,0.8166142702102661,0.0,0.0,0.0,0.0,0.0,0.0,0.0,0.0,0.6249859929084778,0.4966250956058502
0.6236894726753235,0.3822636902332306,0.637204647064209,0.365832656621933,0.6089629530906677,0.3688336908817291,0.6598949432373047,0.3932519555091858,0.5853185057640076,0.3998813927173614,0.6914300322532654,0.5005217790603638,0.5634458065032959,0.5094286203384399,0.7533619999885559,0.5082240700721741,0.4773387908935547,0.5082913637161255,0.6712726950645447,0.3559440672397613,0.5557739734649658,0.3844578266143799,0.680155336856842,0.8090459108352661,0.5808568000793457,0.8099344372749329,0.0,0.0,0.0,0.0,0.0,0.0,0.0,0.0,0.6279062032699585,0.5030310153961182
0.6129039525985718,0.3565800786018371,0.6250510215759277,0.3369975388050079,0.5981534123420715,0.3458479940891266,0.6551252007484436,0.3551152348518371,0.5807457566261292,0.3664311468601227,0.6885189414024353,0.4778693616390228,0.5576072931289673,0.4878935813903808,0.7464826703071594,0.5704638957977295,0.4866537749767303,0.5707127451896667,0.6721220016479492,0.4335319697856903,0.5552694797515869,0.4326728284358978,0.6763988137245178,0.7977138161659241,0.5758410692214966,0.7994168996810913,0.0,0.0,0.0,0.0,0.0,0.0,0.0,0.0,0.6232410073280334,0.4818871617317199
0.6029701828956604,0.3554933071136474,0.6159380078315735,0.3365450799465179,0.5907891988754272,0.3464480936527252,0.6510376930236816,0.3648652732372284,0.5775647163391113,0.3673852384090423,0.683154284954071,0.4840494990348816,0.5548316240310669,0.4897083640098572,0.7365325093269348,0.5840253233909607,0.4854130744934082,0.5772722363471985,0.6631848216056824,0.4409182071685791,0.5521687865257263,0.4365380406379699,0.6681280732154846,0.7957218885421753,0.5661256909370422,0.7961470484733582,0.0,0.0,0.0,0.0,0.0,0.0,0.0,0.0,0.6196680665016174,0.4871387183666229
0.5828375816345215,0.3717564642429352,0.5981099009513855,0.3465828597545624,0.5651773810386658,0.3560221493244171,0.6226616501808167,0.3697805106639862,0.5492905378341675,0.3906335830688476,0.6562082171440125,0.4982463419437408,0.5336750745773315,0.505824863910675,0.7127054333686829,0.4419353306293487,0.4507961273193359,0.4341809749603271,0.6290969252586365,0.2835050821304321,0.5452284216880798,0.2775503396987915,0.6474533081054688,0.8628760576248169,0.5411245822906494,0.8486818075180054,0.0,0.0,0.0,0.0,0.0,0.0,0.0,0.0,0.5926341414451599,0.497343510389328
0.5771855115890503,0.3707516193389892,0.5954104065895081,0.3481511771678924,0.5591661930084229,0.3548230230808258,0.6194290518760681,0.3759670853614807,0.5421396493911743,0.3880497515201568,0.6490331888198853,0.4979828298091888,0.5245025157928467,0.5016093254089355,0.711702287197113,0.4161399900913238,0.4413250386714935,0.4076375961303711,0.6183887720108032,0.2570846974849701,0.5358040928840637,0.2564675211906433,0.6335997581481934,0.8485862612724304,0.5280970931053162,0.8453163504600525,0.0,0.0,0.0,0.0,0.0,0.0,0.0,0.0,0.5843983292579651,0.4963826239109039
0.5689555406570435,0.3676474392414093,0.586395800113678,0.346668004989624,0.5515794157981873,0.3497536182403564,0.6103501319885254,0.376130610704422,0.5302406549453735,0.381849467754364,0.6413130164146423,0.5016648173332214,0.5094099640846252,0.5012694001197815,0.6981528997421265,0.4007891118526459,0.4288154542446136,0.3897217810153961,0.6062073111534119,0.2324072867631912,0.5262460708618164,0.2466411143541336,0.6206879615783691,0.8332523107528687,0.5150538086891174,0.8327704071998596,0.0,0.0,0.0,0.0,0.0,0.0,0.0,0.0,0.5738619565963745,0.4973306357860565
0.5551249384880066,0.3640532493591308,0.5720847249031067,0.3450644314289093,0.53882896900177,0.3437755405902862,0.5937162637710571,0.373281866312027,0.5196658372879028,0.3730506896972656,0.628527045249939,0.5014065504074097,0.4954009354114532,0.4968578815460205,0.6893635392189026,0.3962746262550354,0.4139988720417022,0.3755398690700531,0.5975189805030823,0.2248572558164596,0.5115443468093872,0.2404981106519699,0.6103878021240234,0.8323549628257751,0.5053206086158752,0.8328442573547363,0.0,0.0,0.0,0.0,0.0,0.0,0.0,0.0,0.5625907778739929,0.4950453639030456
0.5596321821212769,0.3503648638725281,0.5802249312400818,0.3304609954357147,0.5427351593971252,0.3327789902687073,0.6103464961051941,0.3671255111694336,0.5250544548034668,0.368451178073883,0.643951416015625,0.4935672879219055,0.5073936581611633,0.4797501862049103,0.6771931648254395,0.3396869301795959,0.4294703602790832,0.3440661132335663,0.5838521122932434,0.1948036253452301,0.5325185656547546,0.2057180553674698,0.6155700087547302,0.8284417986869812,0.5111668109893799,0.8159795999526978,0.0,0.0,0.0,0.0,0.0,0.0,0.0,0.0,0.5748085975646973,0.4833847880363464
0.583710789680481,0.3410139381885528,0.605626106262207,0.3191831111907959,0.5683948993682861,0.3224343657493591,0.6374486684799194,0.3540102839469909,0.5505419969558716,0.3570800423622131,0.6676784157752991,0.4842033386230469,0.5377814769744873,0.4836105704307556,0.7057258486747742,0.3987362384796142,0.4582261145114898,0.3428321480751037,0.0,0.0,0.5539852380752563,0.1900555789470672,0.6534308791160583,0.8686500191688538,0.5391293168067932,0.850694477558136,0.0,0.0,0.0,0.0,0.0,0.0,0.0,0.0,0.6003885865211487,0.4823293685913086
0.5840874910354614,0.3359944224357605,0.6069966554641724,0.3122777640819549,0.5685814023017883,0.3173018991947174,0.6421365737915039,0.3463044464588165,0.550477921962738,0.3533773720264435,0.6703529357910156,0.4771299660205841,0.5408069491386414,0.4762391746044159,0.7150163650512695,0.4169216454029083,0.4564688503742218,0.3451785445213318,0.0,0.0,0.5548429489135742,0.1928205341100692,0.6472336053848267,0.8507486581802368,0.5381054878234863,0.830898106098175,0.0,0.0,0.0,0.0,0.0,0.0,0.0,0.0,0.6031991839408875,0.4754767119884491
0.5582966804504395,0.3361648023128509,0.5811044573783875,0.3114411532878876,0.5423672199249268,0.3161682188510895,0.6208388209342957,0.3511651158332824,0.5250017046928406,0.3554262518882751,0.6486576795578003,0.4861622750759125,0.5116523504257202,0.4746543765068054,0.6712239384651184,0.3203355967998504,0.4220502376556396,0.3510052561759949,0.5807136297225952,0.1930912584066391,0.526424765586853,0.1964015662670135,0.6143456101417542,0.8426935076713562,0.5086864233016968,0.8163403868675232,0.0,0.0,0.0,0.0,0.0,0.0,0.0,0.0,0.5787855386734009,0.4772478938102722
0.5016175508499146,0.3270728886127472,0.5232672095298767,0.3091678321361542,0.4853468239307403,0.3162842690944671,0.5564079284667969,0.3510861992835998,0.4703704714775085,0.3557392954826355,0.5772364735603333,0.4772503077983856,0.4436502456665039,0.4718939363956451,0.61870938539505,0.4308442771434784,0.3498124778270721,0.3867270052433014,0.0,0.0,0.447308212518692,0.2442923486232757,0.5357879400253296,0.8332732319831848,0.4316332936286926,0.8298555016517639,0.0,0.0,0.0,0.0,0.0,0.0,0.0,0.0,0.5099537968635559,0.4719377160072326
0.4680581390857696,0.3503535687923431,0.4845108389854431,0.3272148668766022,0.4520970284938812,0.3315587043762207,0.5120452642440796,0.3633137047290802,0.435304194688797,0.3646807968616485,0.5342528223991394,0.4789639413356781,0.4108921587467193,0.4850537180900574,0.5955737829208374,0.4647090435028076,0.3170152306556701,0.4185959696769714,0.5144060254096985,0.2935598194599151,0.4183210730552673,0.2643360793590545,0.5030073523521423,0.8296929001808167,0.4023205637931824,0.8262068629264832,0.0,0.0,0.0,0.0,0.0,0.0,0.0,0.0,0.4720153510570526,0.4799183905124664
0.4504945874214172,0.3634063601493835,0.4659945070743561,0.3430017828941345,0.4341919124126434,0.3484731316566467,0.4933833479881286,0.370286226272583,0.4199728667736053,0.3815703988075256,0.5250067114830017,0.4856431484222412,0.4004956185817718,0.5051462054252625,0.5905243158340454,0.4617346823215484,0.2935287356376648,0.4520691037178039,0.5295618176460266,0.3679042458534241,0.3747613430023193,0.3224088847637176,0.5013669729232788,0.826211154460907,0.400317519903183,0.8137365579605103,0.0,0.0,0.3910838663578033,0.991071343421936,0.0,0.0,0.0,0.0,0.4615356624126434,0.4933573603630066
0.4663776457309723,0.3709159791469574,0.4848692417144775,0.349966436624527,0.4505877494812011,0.3465812504291534,0.5068234205245972,0.3723321557044983,0.4269463419914245,0.3697220385074615,0.5254181623458862,0.4965805411338806,0.4047975540161133,0.5002068281173706,0.6173633337020874,0.4369844794273376,0.3019142746925354,0.421688050031662,0.5219395756721497,0.2836126387119293,0.4165896475315094,0.2754262089729309,0.5125742554664612,0.8327924609184265,0.4085334241390228,0.8285881280899048,0.0,0.0,0.0,0.0,0.0,0.0,0.0,0.0,0.4635688960552215,0.4949238896369934
0.4882687628269195,0.3666925430297851,0.5057711601257324,0.3472223281860351,0.4709580838680267,0.3445130288600921,0.5247079133987427,0.3745822310447693,0.445382297039032,0.3712782561779022,0.5458799600601196,0.4968914985656738,0.421195924282074,0.4962456226348877,0.6505129933357239,0.4000359177589416,0.3191181123256683,0.3858974874019623,0.5484553575515747,0.2496813535690307,0.4372904598712921,0.2644405961036682,0.5322510600090027,0.8313866257667542,0.4283370077610016,0.8294585347175598,0.0,0.0,0.0,0.0,0.0,0.0,0.0,0.0,0.481687068939209,0.4934949576854706
0.5277525186538696,0.3461765348911285,0.5448848605155945,0.3263773918151855,0.5081707835197449,0.3259360790252685,0.5657986998558044,0.3561146855354309,0.4821719229221344,0.362854927778244,0.5914016366004944,0.4806329309940338,0.4594238400459289,0.4735130965709686,0.6951221227645874,0.3183081746101379,0.3647767007350921,0.3118541836738586,0.5996107459068298,0.1801183074712753,0.4808926880359649,0.1941086053848266,0.584304690361023,0.8308250308036804,0.4742356240749359,0.8313758969306946,0.0,0.0,0.0,0.0,0.0,0.0,0.0,0.0,0.5242348313331604,0.4745805263519287
0.5614985823631287,0.3369223177433014,0.5790218114852905,0.3160637319087982,0.5363620519638062,0.317119836807251,0.6021712422370911,0.3527235090732574,0.5096666216850281,0.3617680668830871,0.6315339207649231,0.4800679087638855,0.49610236287117,0.4768948256969452,0.727362334728241,0.2826803922653198,0.4007067680358886,0.289250910282135,0.6296009421348572,0.1375980675220489,0.5094394087791443,0.1487131118774414,0.6186925768852234,0.8293636441230774,0.5086046457290649,0.8266002535820007,0.0,0.0,0.0,0.0,0.0,0.0,0.0,0.0,0.5618427991867065,0.4765889942646026
0.5815331339836121,0.3280481696128845,0.5992535948753357,0.3043125569820404,0.5581853985786438,0.3124661147594452,0.6227522492408752,0.3384340703487396,0.5318084955215454,0.3542070686817169,0.6551674604415894,0.4743358790874481,0.5146929621696472,0.4673122763633728,0.7538872361183167,0.270563542842865,0.4246004223823547,0.2942431271076202,0.6517743468284607,0.124547004699707,0.5170344114303589,0.1448295414447784,0.6445483565330505,0.8337726593017578,0.5293793678283691,0.8270410299301147,0.0,0.0,0.0,0.0,0.0,0.0,0.0,0.0,0.5828327536582947,0.4677903056144714
0.5877466797828674,0.3290643692016601,0.6088753342628479,0.3056299388408661,0.5655568242073059,0.3108609318733215,0.6360951066017151,0.3389999568462372,0.5395182967185974,0.3504805266857147,0.6659750938415527,0.4764294028282165,0.5276938080787659,0.4665770530700683,0.7572999596595764,0.2574557662010193,0.4387490153312683,0.2947219908237457,0.6541123390197754,0.1132411360740661,0.5302416086196899,0.1322219669818878,0.6533830761909485,0.8650999665260315,0.5401142835617065,0.832534670829773,0.0,0.0,0.0,0.0,0.0,0.0,0.0,0.0,0.5956243276596069,0.4685046076774597
0.5840082168579102,0.3297695517539978,0.6067217588424683,0.308525025844574,0.5630292296409607,0.3098993301391601,0.6314105987548828,0.3423094153404236,0.5360987782478333,0.3457206785678863,0.6579534411430359,0.4774750173091888,0.5161289572715759,0.4608526527881622,0.7521883845329285,0.262591540813446,0.4333121180534363,0.2904644608497619,0.6489838361740112,0.1175200268626213,0.5269691944122314,0.1308788508176803,0.6373804807662964,0.8672909140586853,0.5253222584724426,0.8469147086143494,0.0,0.0,0.0,0.0,0.0,0.0,0.0,0.0,0.5864008665084839,0.4674561619758606
0.5655540227890015,0.330313503742218,0.5869070291519165,0.3058859407901764,0.5446917414665222,0.3092160522937774,0.6155871748924255,0.3370943069458008,0.5230908989906311,0.3455423414707184,0.6417096257209778,0.4743401110172272,0.5027750730514526,0.4616253972053528,0.7336481809616089,0.2642117142677307,0.4156705737113952,0.2890760600566864,0.6301798224449158,0.1239964216947555,0.5081353783607483,0.131748080253601,0.6155616044998169,0.8506137132644653,0.5046718716621399,0.8340489268302917,0.0,0.0,0.0,0.0,0.0,0.0,0.0,0.0,0.5706732869148254,0.4639164805412292
0.5594399571418762,0.3352779746055603,0.5797003507614136,0.3116940557956695,0.5391558408737183,0.3121607601642608,0.6075941920280457,0.3437976241111755,0.5193023085594177,0.3480343222618103,0.6377753615379333,0.4801745414733886,0.4980382323265075,0.4729011654853821,0.7184685468673706,0.2908462584018707,0.4093936383724212,0.3093021512031555,0.6169561147689819,0.1390691250562667,0.502326250076294,0.1504551321268081,0.6099944114685059,0.8510187864303589,0.4966183304786682,0.8466593623161316,0.0,0.0,0.0,0.0,0.0,0.0,0.0,0.0,0.5667873024940491,0.4734075367450714
0.5600696206092834,0.3384580016136169,0.579158365726471,0.3158842921257019,0.5404347777366638,0.3159060776233673,0.6067760586738586,0.3523974418640136,0.521360456943512,0.352506160736084,0.6347653269767761,0.4871571958065033,0.4967136085033417,0.4808516502380371,0.6989971995353699,0.3405538499355316,0.4308260381221771,0.4288295209407806,0.5975106358528137,0.1724846512079239,0.0,0.0,0.6112068891525269,0.8476189374923706,0.4973286986351013,0.835217297077179,0.0,0.0,0.0,0.0,0.0,0.0,0.0,0.0,0.5656259655952454,0.4808900058269501
0.5590880513191223,0.3301709294319153,0.5782480835914612,0.3135347068309784,0.5399251580238342,0.3132946789264679,0.600281298160553,0.3621708750724792,0.5175179839134216,0.3560737669467926,0.629422128200531,0.4770384132862091,0.4926592409610748,0.4837849140167236,0.6920896172523499,0.3882556557655334,0.392802894115448,0.396947830915451,0.5853977799415588,0.2161755859851837,0.4862544238567352,0.2267883270978927,0.6080929040908813,0.8315841555595398,0.4950480461120605,0.8284311294555664,0.0,0.0,0.0,0.0,0.0,0.0,0.0,0.0,0.5603303909301758,0.4765343368053436
0.5546039938926697,0.3262225687503814,0.5718887448310852,0.3104147315025329,0.5340626239776611,0.3084380626678467,0.5946532487869263,0.3663825690746307,0.51088547706604,0.3547499775886535,0.623846709728241,0.4748417735099792,0.4895344078540802,0.4843065440654754,0.6822403073310852,0.4180323779582977,0.3914065361022949,0.4161963760852813,0.5777963399887085,0.22287318110466,0.4852259755134582,0.243273451924324,0.6040216088294983,0.8327826261520386,0.4922366440296173,0.8309012055397034,0.0,0.0,0.0,0.0,0.0,0.0,0.0,0.0,0.5554493069648743,0.4763140082359314
0.5434533953666687,0.3278009295463562,0.5586279034614563,0.3067160248756408,0.524056077003479,0.3132845461368561,0.5850404500961304,0.3474723696708679,0.5050703287124634,0.353164404630661,0.6173931956291199,0.472957581281662,0.4859009087085724,0.480219155550003,0.6678419709205627,0.4756328463554382,0.4034230411052704,0.4689963459968567,0.6106351017951965,0.3460312485694885,0.4747278094291687,0.3068058788776397,0.599696159362793,0.8279873132705688,0.4901778101921081,0.8280040621757507,0.0,0.0,0.0,0.0,0.0,0.0,0.0,0.0,0.5508082509040833,0.4749296009540558
0.0,0.0,0.0,0.0,0.0,0.0,0.0,0.0,0.0,0.0,0.600551962852478,0.4406893253326416,0.4753891825675964,0.4400344491004944,0.6566240191459656,0.5047214031219482,0.406021773815155,0.5087873935699463,0.5791019797325134,0.363751083612442,0.4855163991451263,0.330007791519165,0.5874303579330444,0.8096166253089905,0.4842963218688965,0.7971130609512329,0.0,0.0,0.0,0.0,0.0,0.0,0.0,0.0,0.5388662219047546,0.4408205151557922
0.0,0.0,0.0,0.0,0.0,0.0,0.0,0.0,0.0,0.0,0.5840986967086792,0.4180923104286194,0.4586312770843506,0.4186443984508514,0.6356218457221985,0.5223816633224487,0.3925008773803711,0.5176579356193542,0.5456035733222961,0.3510522544384002,0.4848081469535827,0.3358609676361084,0.5642497539520264,0.8272343277931213,0.456457644701004,0.8286542296409607,0.0,0.0,0.0,0.0,0.0,0.0,0.0,0.0,0.5167003273963928,0.4184155464172363
0.0,0.0,0.0,0.0,0.0,0.0,0.0,0.0,0.0,0.0,0.6043925285339355,0.4321971535682678,0.477437674999237,0.4359288811683655,0.6574934720993042,0.4936092793941498,0.4162618517875671,0.4858917593955993,0.5718851089477539,0.3367663025856018,0.4898073375225067,0.3075234889984131,0.5937860608100891,0.8458465337753296,0.4780639708042145,0.8498002886772156,0.0,0.0,0.0,0.0,0.0,0.0,0.0,0.0,0.5419331789016724,0.4304401874542236
0.5491546988487244,0.2760444581508636,0.5706844925880432,0.2529725730419159,0.5278722047805786,0.2652637064456939,0.6056734919548035,0.3090741038322449,0.5147316455841064,0.3297470211982727,0.6483649611473083,0.4470430910587311,0.494464635848999,0.4604275822639465,0.7155969738960266,0.4025348126888275,0.4044183194637298,0.4263023436069488,0.6165613532066345,0.2595410943031311,0.4815404117107391,0.2642193436622619,0.6223979592323303,0.8512793183326721,0.5023201107978821,0.8479307889938354,0.0,0.0,0.0,0.0,0.0,0.0,0.0,0.0,0.5690146088600159,0.4520762264728546
0.5796275734901428,0.2728463113307953,0.6034113764762878,0.2472308576107025,0.5583756566047668,0.2570288479328155,0.6420133709907532,0.2894554436206817,0.5400404334068298,0.3024977743625641,0.6841205954551697,0.4450867772102356,0.5182744264602661,0.4519181549549103,0.7825465202331543,0.309783935546875,0.3957259654998779,0.3465667366981506,0.6360366940498352,0.1413448750972747,0.5290133953094482,0.1478462219238281,0.6635851860046387,0.8651393055915833,0.5306230187416077,0.8492328524589539,0.0,0.0,0.0,0.0,0.0,0.0,0.0,0.0,0.5989719033241272,0.4468152821063995
0.5916995406150818,0.2771253883838653,0.6143954396247864,0.2485863715410232,0.571107804775238,0.25982666015625,0.6545560956001282,0.2842040657997131,0.5531454086303711,0.3025855123996734,0.6987773180007935,0.4404337406158447,0.5338783264160156,0.4495601058006286,0.8040689826011658,0.2875792682170868,0.4074898660182953,0.3267187476158142,0.6576178669929504,0.1244247108697891,0.5316984057426453,0.1462032794952392,0.6700564622879028,0.8675267100334167,0.5429574251174927,0.8505603075027466,0.0,0.0,0.0,0.0,0.0,0.0,0.0,0.0,0.6118541955947876,0.4439100325107574
0.5966753959655762,0.2964909672737121,0.6198142766952515,0.2643063962459564,0.5750036239624023,0.2735938429832458,0.6590701341629028,0.2925697863101959,0.5546379089355469,0.3104005753993988,0.7009838819503784,0.4420834481716156,0.5396803021430969,0.454841673374176,0.8047866225242615,0.2981233894824981,0.4174937903881073,0.328962504863739,0.6688141822814941,0.1476676166057586,0.5393213033676147,0.1475139558315277,0.6644138693809509,0.8800539374351501,0.5386542677879333,0.8505672812461853,0.0,0.0,0.0,0.0,0.0,0.0,0.0,0.0,0.6150068044662476,0.4478944838047027
0.5866060256958008,0.3083746433258056,0.6103189587593079,0.2799800932407379,0.5673955678939819,0.2840011715888977,0.646642804145813,0.313381165266037,0.5474749803543091,0.3186186254024505,0.6771694421768188,0.4583306312561035,0.5163883566856384,0.4598537385463714,0.7800012826919556,0.3143584430217743,0.4059995114803314,0.3302092850208282,0.6533335447311401,0.155176505446434,0.5367182493209839,0.1570116728544235,0.6381306648254395,0.849690318107605,0.5232781171798706,0.8295889496803284,0.0,0.0,0.0,0.0,0.0,0.0,0.0,0.0,0.5950356721878052,0.4570924937725067
0.5614194869995117,0.3140687048435211,0.5861104130744934,0.2879401743412018,0.5467732548713684,0.2902619540691376,0.6201449036598206,0.3237865269184112,0.5288015007972717,0.3237040638923645,0.6574205160140991,0.4654844105243683,0.4955989420413971,0.4612472951412201,0.7540178894996643,0.3361346125602722,0.3875764012336731,0.3464791178703308,0.6288385987281799,0.1709610372781753,0.5068486928939819,0.1843336075544357,0.6152662038803101,0.8448840379714966,0.5009039044380188,0.8307480216026306,0.0,0.0,0.0,0.0,0.0,0.0,0.0,0.0,0.5751166343688965,0.4595673382282257
0.5171805024147034,0.3092239797115326,0.5404822826385498,0.2857860028743744,0.5009210705757141,0.2862494885921478,0.5793153047561646,0.3181059956550598,0.4805316627025604,0.3168697655200958,0.6141360998153687,0.465817242860794,0.4531683027744293,0.4619622826576233,0.7116994857788086,0.3395252227783203,0.3276055753231048,0.3642398715019226,0.5730735063552856,0.1849066317081451,0.4203104376792907,0.2156674116849899,0.5677236914634705,0.8689522743225098,0.4571156501770019,0.8665090203285217,0.0,0.0,0.0,0.0,0.0,0.0,0.0,0.0,0.5304293036460876,0.4601099193096161
0.4551045894622803,0.256749540567398,0.4843948185443878,0.2375212162733078,0.4409839212894439,0.2318701595067978,0.5160592198371887,0.2892170548439026,0.4165075123310089,0.2726228535175323,0.5463714599609375,0.4338745772838592,0.3790746033191681,0.4365743100643158,0.6593594551086426,0.3178123533725738,0.2366420179605484,0.3335728347301483,0.5171261429786682,0.1477937996387481,0.3604234158992767,0.1529805809259414,0.5114500522613525,0.8861109018325806,0.3786681294441223,0.8724471926689148,0.0,0.0,0.0,0.0,0.0,0.0,0.0,0.0,0.4606810510158539,0.4314341247081756
0.3179517090320587,0.246872678399086,0.3438517451286316,0.2333544343709945,0.2962687611579895,0.2209803760051727,0.3598174452781677,0.286440372467041,0.2587276101112366,0.2644116580486297,0.3791542947292328,0.4385915696620941,0.2143391519784927,0.4191069602966308,0.5284273028373718,0.3635119497776031,0.1152156740427017,0.367054134607315,0.4122892320156097,0.0993003025650978,0.0,0.0,0.3464712500572204,0.9161615371704102,0.1982950866222381,0.903763234615326,0.0,0.0,0.0,0.0,0.0,0.0,0.0,0.0,0.2941308915615082,0.4251084923744201
0.2558427155017853,0.1714493930339813,0.28941610455513,0.1437981873750686,0.2274108082056045,0.1351081728935241,0.3202981054782867,0.2003871947526931,0.1858566701412201,0.181910753250122,0.3440032601356506,0.3986741900444031,0.1384520381689071,0.3798526227474212,0.5177885293960571,0.2909369766712188,0.0160329192876815,0.299183577299118,0.0,0.0,0.0,0.0,0.3104321956634521,0.9400355219841005,0.1278365552425384,0.937045395374298,0.0,0.0,0.0,0.0,0.0,0.0,0.0,0.0,0.2370276451110839,0.384918600320816
0.2500249743461609,0.2056683152914047,0.2809842228889465,0.1842160075902938,0.2238432019948959,0.1715279817581176,0.3085210025310516,0.2400442659854889,0.1812252104282379,0.2098402231931686,0.3249964416027069,0.4131586253643036,0.1353954225778579,0.3872866630554199,0.4817380011081695,0.3645963966846466,0.0089285718277096,0.3262470364570617,0.344851940870285,0.025527000427246,0.1610984057188034,0.0654443427920341,0.2790633141994476,0.9540468454360962,0.1025188565254211,0.9236928820610046,0.0,0.0,0.0,0.0,0.0,0.0,0.0,0.0,0.2271387428045272,0.3973292708396911
0.2644748091697693,0.2288542836904525,0.2929515838623047,0.2083981782197952,0.2379225194454193,0.1943895071744918,0.3165415227413177,0.256805419921875,0.1939762681722641,0.2270784825086593,0.3424745500087738,0.4217418730258941,0.1458841562271118,0.397025853395462,0.4843557178974151,0.3940039277076721,0.0089285718277096,0.3321513831615448,0.3562012314796448,0.1091170385479927,0.1723831743001938,0.1062186583876609,0.2884961664676666,0.9176971316337584,0.1206781342625618,0.9187418818473816,0.0,0.0,0.0,0.0,0.0,0.0,0.0,0.0,0.2390577346086502,0.4059760868549347
0.326921671628952,0.2567532956600189,0.354239672422409,0.237129732966423,0.3050858080387115,0.2270065695047378,0.3758264183998108,0.2897582650184631,0.2640685439109802,0.268775999546051,0.3964574038982391,0.4520396590232849,0.2208542972803115,0.4341427683830261,0.5206295251846313,0.4158876240253448,0.0695821046829223,0.3750155568122864,0.3884659111499786,0.1184346601366996,0.2256710827350616,0.1498695164918899,0.3596921563148498,0.9583388566970824,0.2031259983778,0.954478919506073,0.0,0.0,0.0,0.0,0.0,0.0,0.0,0.0,0.3050315976142883,0.4406936168670654
0.3682946860790252,0.2579579949378967,0.3881595134735107,0.2421941459178924,0.3409230709075928,0.2365545034408569,0.410112202167511,0.2987153232097626,0.3040709197521209,0.2886363565921783,0.4408628344535827,0.4484104812145233,0.268576055765152,0.453010618686676,0.5352950692176819,0.4330141544342041,0.153358057141304,0.4133517444133758,0.0,0.0,0.3283131718635559,0.1191522032022476,0.4152021408081054,0.9518715143203736,0.2594282627105713,0.9393314719200134,0.0,0.0,0.0,0.0,0.0,0.0,0.0,0.0,0.3498549163341522,0.4440504014492035
0.4172569215297699,0.2417948246002197,0.4425574839115143,0.2078030854463577,0.3932291865348816,0.2210865467786789,0.4796896278858185,0.2568175792694092,0.3641603291034698,0.2806091010570526,0.5233590602874756,0.442655086517334,0.3344418406486511,0.4425662159919739,0.6451287865638733,0.4088175594806671,0.245895504951477,0.4051289558410644,0.5077990293502808,0.117934413254261,0.0,0.0,0.4915383160114288,0.9193819165229796,0.3416688144207001,0.937082827091217,0.0,0.0,0.0,0.0,0.0,0.0,0.0,0.0,0.4222891628742218,0.4397052824497223
0.4203709065914154,0.2610136866569519,0.4413729608058929,0.2288756072521209,0.3962062001228332,0.2405681759119033,0.4771988689899444,0.2615799605846405,0.3707342743873596,0.2964168488979339,0.519347608089447,0.4423529803752899,0.3360735774040222,0.4530128538608551,0.6376259922981262,0.4314664304256439,0.2482672184705734,0.4210473001003265,0.5089272260665894,0.1576484590768814,0.3369953036308288,0.2726072072982788,0.491393506526947,0.9170293211936952,0.3451387882232666,0.93614000082016,0.0,0.0,0.0,0.0,0.0,0.0,0.0,0.0,0.4213578104972839,0.4456605017185211
0.421826034784317,0.2655048668384552,0.4441432058811188,0.2355785220861435,0.3965205550193786,0.2460877448320388,0.4787915349006653,0.2779062688350677,0.3684252798557281,0.3000496327877044,0.5174224376678467,0.4496791660785675,0.3401146829128265,0.4543651938438415,0.6366561055183411,0.4332249164581299,0.2486623376607895,0.427833080291748,0.5023092031478882,0.154256984591484,0.3359668552875519,0.2826765179634094,0.4904924929141998,0.9171985387802124,0.3457728028297424,0.9354284405708312,0.0,0.0,0.0,0.0,0.0,0.0,0.0,0.0,0.4237169623374939,0.4488199353218078
0.418879896402359,0.2709955871105194,0.4442022740840912,0.2410817444324493,0.3957256972789764,0.2479498535394668,0.4785642921924591,0.2904555201530456,0.3693071901798248,0.3094157576560974,0.5138579607009888,0.4523292481899261,0.3374074399471283,0.4565899670124054,0.6368123292922974,0.4298116564750671,0.2446194440126419,0.4214439988136291,0.5017498731613159,0.146635815501213,0.3395817279815674,0.2651693522930145,0.4851352870464325,0.918237805366516,0.3430154025554657,0.9363819360733032,0.0,0.0,0.0,0.0,0.0,0.0,0.0,0.0,0.4219149947166443,0.4509889781475067
0.4814341962337494,0.2343283593654632,0.5025241374969482,0.2138668149709701,0.4536220133304596,0.2144705802202224,0.5330355763435364,0.2638349533081054,0.4201866090297699,0.2785544693470001,0.5872940421104431,0.4213857352733612,0.4112618267536163,0.4441215097904205,0.6945797204971313,0.3665893077850342,0.3157092928886413,0.4160438179969787,0.5697941184043884,0.1282000839710235,0.0,0.0,0.58274906873703,0.8898500800132751,0.4480238854885101,0.9173835515975952,0.0,0.0,0.0,0.0,0.0,0.0,0.0,0.0,0.4903469085693359,0.4259810447692871
0.559903621673584,0.2399760335683822,0.5804662108421326,0.2108432352542877,0.5404960513114929,0.2137352526187896,0.6138517260551453,0.2599455714225769,0.5089367628097534,0.2790519893169403,0.6638107895851135,0.4235166609287262,0.4795710146427154,0.4507423937320709,0.7711127996444702,0.3897397220134735,0.4158926904201507,0.439096063375473,0.6339670419692993,0.1320873945951461,0.4817312061786651,0.2784211933612823,0.6560636758804321,0.9501826167106628,0.4993515312671661,0.9530901312828064,0.0,0.0,0.0,0.0,0.0,0.0,0.0,0.0,0.5681964159011841,0.4320301711559295
0.6803397536277771,0.2484852820634842,0.7040137648582458,0.2212813049554824,0.6568392515182495,0.2289336621761322,0.7458053827285767,0.2808460295200348,0.6295726895332336,0.2938314080238342,0.7967044711112976,0.4310970306396484,0.6062593460083008,0.4594589173793793,0.9069024920463562,0.3717694282531738,0.5105667114257812,0.4241183698177337,0.7377291917800903,0.1296190023422241,0.6018521189689636,0.2469741255044937,0.7958661317825317,0.9034109711647034,0.6376641988754272,0.9382042288780212,0.0,0.0,0.0,0.0,0.0,0.0,0.0,0.0,0.6953341364860535,0.4413211941719055
0.7241672873497009,0.2667222619056701,0.744829535484314,0.2360179722309112,0.6951547265052795,0.2465280592441558,0.7776164412498474,0.2779054343700409,0.669170081615448,0.2934472262859344,0.8281190991401672,0.4249710738658905,0.6473220586776733,0.4587324261665344,0.9231008887290956,0.3871864676475525,0.5247544050216675,0.4172554910182953,0.7600643038749695,0.1566580981016159,0.6611451506614685,0.1586072891950607,0.8347955942153931,0.9031809568405152,0.6732958555221558,0.9033055901527404,0.0,0.0,0.0,0.0,0.0,0.0,0.0,0.0,0.73462975025177,0.4381456971168518
0.724408745765686,0.2664345502853393,0.744321346282959,0.2326975911855697,0.6944466829299927,0.2477446794509887,0.7846226096153259,0.2729038298130035,0.6734601259231567,0.2961828410625458,0.8391560912132263,0.4324454665184021,0.6521015167236328,0.4628857672214508,0.9319145083427428,0.3795287609100342,0.5215221643447876,0.4193301498889923,0.7599101662635803,0.1557804346084594,0.6384384036064148,0.1904949992895126,0.8265416026115417,0.922347903251648,0.6654373407363892,0.9174423813819884,0.0,0.0,0.0,0.0,0.0,0.0,0.0,0.0,0.7431479692459106,0.4454523622989654
0.7270265221595764,0.2788774371147156,0.7429565787315369,0.2359873950481414,0.6985241174697876,0.2584875524044037,0.7971882224082947,0.253954529762268,0.6861190795898438,0.2968601286411285,0.8595537543296814,0.4247544109821319,0.6747356057167053,0.456459105014801,0.9248059391975404,0.3691215217113495,0.5257392525672913,0.4193107485771179,0.7722389101982117,0.1730760335922241,0.6323624849319458,0.1891490221023559,0.8276023268699646,0.950242042541504,0.6704239845275879,0.9169332385063172,0.0,0.0,0.0,0.0,0.0,0.0,0.0,0.0,0.7645845413208008,0.4385015964508056
0.7187981605529785,0.2740810215473175,0.7329779863357544,0.234138011932373,0.6991387605667114,0.2550000250339508,0.7933135628700256,0.2350181192159652,0.0,0.0,0.8545514941215515,0.4167495667934418,0.6915782690048218,0.4370180070400238,0.9012473821640016,0.3507449924945831,0.528814971446991,0.4045895636081695,0.8199790716171265,0.2395335137844085,0.612492561340332,0.1847534477710724,0.7968173027038574,0.8841574788093567,0.6677159070968628,0.8651485443115234,0.0,0.0,0.0,0.0,0.0,0.0,0.0,0.0,0.7736672759056091,0.4204788506031036
0.6875826120376587,0.2687609195709228,0.7020683288574219,0.2289400994777679,0.6692391037940979,0.2547843158245086,0.7631927728652954,0.2385638505220413,0.0,0.0,0.8293687105178833,0.4077649116516113,0.6680629849433899,0.4419581294059753,0.8676948547363281,0.3423695862293243,0.5091826319694519,0.3937795460224151,0.6670162081718445,0.1381868422031402,0.5802589058876038,0.1764886379241943,0.7690190672874451,0.8680822253227234,0.6448623538017273,0.8489069938659668,0.0,0.0,0.0,0.0,0.0,0.0,0.0,0.0,0.7472624182701111,0.4224325716495514
0.6665611267089844,0.2607441842556,0.6795605421066284,0.2236838489770889,0.6498842239379883,0.2446037977933883,0.7359528541564941,0.2315359413623809,0.0,0.0,0.8025403022766113,0.4144296050071716,0.6461661458015442,0.4325502514839172,0.8408495187759399,0.3294594585895538,0.4880297780036926,0.3840950429439544,0.6653761267662048,0.133828654885292,0.5734298825263977,0.1576068103313446,0.7331943511962891,0.8857288956642151,0.6152876615524292,0.8811531066894531,0.0,0.0,0.0,0.0,0.0,0.0,0.0,0.0,0.7224215865135193,0.4194624722003937
0.6536167860031128,0.264206200838089,0.6660599708557129,0.2266453355550766,0.6359835267066956,0.250216394662857,0.7258053421974182,0.238723874092102,0.0,0.0,0.7885347008705139,0.4186205565929413,0.6397562026977539,0.4326576888561249,0.8210068345069885,0.326720267534256,0.4835525155067444,0.3912512958049774,0.0,0.0,0.5615141987800598,0.1646671444177627,0.722624659538269,0.8830823302268982,0.6117578148841858,0.8656860589981079,0.0,0.0,0.0,0.0,0.0,0.0,0.0,0.0,0.7122885584831238,0.4210084080696106
0.6574974060058594,0.2465850561857223,0.6709278225898743,0.2070994824171066,0.6424041390419006,0.2347884476184845,0.7369207143783569,0.2221290618181228,0.0,0.0,0.8000801801681519,0.4025764167308807,0.6467680335044861,0.420948326587677,0.8411372900009155,0.3457067310810089,0.4830970168113708,0.3801803886890411,0.644375205039978,0.1327979415655136,0.5605164170265198,0.1525043398141861,0.742464005947113,0.8843891024589539,0.6281991600990295,0.8672556281089783,0.0,0.0,0.0,0.0,0.0,0.0,0.0,0.0,0.7229170203208923,0.4086346328258514
0.6567262411117554,0.2520993649959564,0.6768487691879272,0.2188329547643661,0.6426311135292053,0.2354735136032104,0.7282706499099731,0.2539040446281433,0.0,0.0,0.7773781418800354,0.4144759178161621,0.6242712140083313,0.4273888766765594,0.8234504461288452,0.2946223318576813,0.4653265476226806,0.3601813614368438,0.6683356165885925,0.1229349821805954,0.5620176196098328,0.1487530618906021,0.7388739585876465,0.8796691298484802,0.6144108772277832,0.8538773655891418,0.0,0.0,0.0,0.0,0.0,0.0,0.0,0.0,0.7001856565475464,0.4151420593261719
0.6180877089500427,0.2921050190925598,0.6418002247810364,0.2671448886394501,0.6005285382270813,0.2716520428657532,0.6814149022102356,0.3035662472248077,0.5804272294044495,0.3075237870216369,0.7239961624145508,0.439085990190506,0.5552309155464172,0.4530386626720428,0.7894776463508606,0.3079581558704376,0.4240443408489227,0.3649414479732513,0.644997775554657,0.1545377075672149,0.5284212827682495,0.1705096811056137,0.6737058758735657,0.8636060357093811,0.5551432371139526,0.8498087525367737,0.0,0.0,0.0,0.0,0.0,0.0,0.0,0.0,0.6365004777908325,0.4444788098335266
0.5799655914306641,0.3109951615333557,0.6031661629676819,0.2855399250984192,0.5622602105140686,0.2880060374736786,0.6335686445236206,0.3207369744777679,0.5410360097885132,0.3226850926876068,0.6661134958267212,0.4583341479301452,0.50886470079422,0.4582625925540924,0.7486798167228699,0.3441835343837738,0.3950398564338684,0.3641870021820068,0.6253426671028137,0.1880345344543457,0.5043097734451294,0.1866894513368606,0.6297260522842407,0.8346620798110962,0.5185399651527405,0.8259469866752625,0.0,0.0,0.0,0.0,0.0,0.0,0.0,0.0,0.5852733254432678,0.4545530974864959
0.575618326663971,0.324957937002182,0.5972364544868469,0.3004719316959381,0.5564895272254944,0.3034461140632629,0.6222348809242249,0.3375403881072998,0.5332081913948059,0.3427359759807586,0.6517347693443298,0.4743719696998596,0.5072709321975708,0.4682506918907165,0.7456038594245911,0.3246009349822998,0.4047277271747589,0.3554939329624176,0.6300905346870422,0.168541595339775,0.5115495920181274,0.1873795539140701,0.6242905259132385,0.8462727665901184,0.5152231454849243,0.8319451212882996,0.0,0.0,0.0,0.0,0.0,0.0,0.0,0.0,0.5775479078292847,0.4682550132274627
0.5827123522758484,0.3412599861621856,0.603552520275116,0.3176389038562774,0.5628138780593872,0.3242056369781494,0.628939151763916,0.3449165821075439,0.5392717719078064,0.3623244166374206,0.6581928133964539,0.4827489852905273,0.520350992679596,0.4789113402366638,0.7528318762779236,0.322958379983902,0.420375108718872,0.3397749364376068,0.6454609632492065,0.1776131689548492,0.5356435179710388,0.1835971176624298,0.6323313117027283,0.8436826467514038,0.525833249092102,0.8258036971092224,0.0,0.0,0.0,0.0,0.0,0.0,0.0,0.0,0.5874302983283997,0.4764737486839294
0.5885886549949646,0.343210905790329,0.609107494354248,0.3200538456439972,0.5692561268806458,0.3279009759426117,0.6353741884231567,0.3507266640663147,0.5479951500892639,0.3669268786907196,0.6646480560302734,0.4865984916687011,0.5297743082046509,0.4807390570640564,0.7561112642288208,0.341393232345581,0.4451907575130462,0.348240464925766,0.663851797580719,0.1971878856420517,0.5561035871505737,0.1922609955072403,0.6318435668945312,0.8354783654212952,0.5274582505226135,0.8256955742835999,0.0,0.0,0.0,0.0,0.0,0.0,0.0,0.0,0.59485924243927,0.4805114865303039
0.5850229859352112,0.3518811762332916,0.6037780046463013,0.3310258090496063,0.5685362219810486,0.335174947977066,0.6280283331871033,0.361958235502243,0.5467632412910461,0.3710639178752899,0.6558889150619507,0.4841020703315735,0.5296140313148499,0.4810411036014557,0.7491471171379089,0.3773312270641327,0.4371702671051025,0.3671148121356964,0.6550289392471313,0.2211253643035888,0.5460290312767029,0.2267605513334274,0.6274803876876831,0.8257192373275757,0.5246981382369995,0.7992979884147644,0.0,0.0,0.0,0.0,0.0,0.0,0.0,0.0,0.5907818675041199,0.4795670509338379
0.5657289624214172,0.370025485754013,0.5822181105613708,0.3508026897907257,0.5502964854240417,0.3510603606700897,0.6025709509849548,0.3804835677146911,0.5283174514770508,0.3845013678073883,0.6303347945213318,0.5026618242263794,0.5003207325935364,0.5100985169410706,0.7117398977279663,0.4637621343135834,0.4075214564800262,0.4402985870838165,0.6403182744979858,0.3271405100822449,0.5119419693946838,0.2986569106578827,0.6014693975448608,0.8284890055656433,0.4990741908550262,0.8160343766212463,0.0,0.0,0.0,0.0,0.0,0.0,0.0,0.0,0.564714252948761,0.5028565526008606
0.5467215776443481,0.3778254389762878,0.5634596943855286,0.3579091727733612,0.5324603319168091,0.3588632643222809,0.5815700888633728,0.3794746100902557,0.5117321610450745,0.3781620562076568,0.6017933487892151,0.4986967146396637,0.4812121391296386,0.4919460117816925,0.6823163628578186,0.4855642318725586,0.386134922504425,0.4631095826625824,0.6146945357322693,0.3575773537158966,0.4840902388095855,0.3285801112651825,0.5856714844703674,0.812032163143158,0.4861191809177398,0.8063498139381409,0.0,0.0,0.0,0.0,0.0,0.0,0.0,0.0,0.5413244962692261,0.4931645095348358
0.531930148601532,0.3768796026706695,0.5466046929359436,0.3619157671928406,0.5171819925308228,0.3582458794116974,0.561124861240387,0.387962281703949,0.4857544004917145,0.3822913765907287,0.5804819464683533,0.503474235534668,0.4558967053890228,0.4998478889465332,0.6590508222579956,0.4878110587596893,0.3699636161327362,0.4790091514587402,0.5828054547309875,0.3468180000782013,0.4489906132221222,0.3467403948307037,0.5687775611877441,0.8172379732131958,0.4721977710723877,0.8121348023414612,0.0,0.0,0.0,0.0,0.0,0.0,0.0,0.0,0.5171582698822021,0.498927891254425
0.5185479521751404,0.378018856048584,0.5378569960594177,0.3610709309577942,0.5026209950447083,0.3565275073051452,0.5548180341720581,0.3903091549873352,0.4761796593666076,0.3815836012363434,0.5725972056388855,0.5073509812355042,0.4492656290531158,0.4977776110172272,0.645585834980011,0.4380492568016052,0.3679969310760498,0.4346492290496826,0.5585378408432007,0.2646256387233734,0.4577838778495788,0.2885405123233795,0.5598805546760559,0.8237532377243042,0.4598446488380432,0.81379234790802,0.0,0.0,0.0,0.0,0.0,0.0,0.0,0.0,0.5082693099975586,0.4988773763179779
0.5230007171630859,0.3689267337322235,0.5425939559936523,0.3503544628620147,0.5069813132286072,0.3520015180110931,0.5662192106246948,0.3793248534202575,0.4885964691638946,0.3834356963634491,0.5880323052406311,0.5029532313346863,0.4685340821743011,0.4995556473731994,0.6682490110397339,0.4155277907848358,0.3739813268184662,0.4093026220798492,0.580802321434021,0.265312910079956,0.478046178817749,0.2615807354450226,0.5768853425979614,0.8265356421470642,0.4755758643150329,0.8268844485282898,0.0,0.0,0.0,0.0,0.0,0.0,0.0,0.0,0.5265780091285706,0.4979405105113983
0.5483459830284119,0.3596790432929992,0.5677546262741089,0.3417211472988128,0.5335598587989807,0.3429530262947082,0.5937137007713318,0.3734176158905029,0.517945408821106,0.3783409893512726,0.6202408075332642,0.499229222536087,0.4906966388225555,0.4978322982788086,0.7069794535636902,0.4084626138210296,0.3939606249332428,0.3935247361660003,0.6088714599609375,0.247302621603012,0.5022638440132141,0.2507263422012329,0.6014877557754517,0.8322469592094421,0.4926387369632721,0.8299514651298523,0.0,0.0,0.0,0.0,0.0,0.0,0.0,0.0,0.5561826825141907,0.4951776564121246
0.5673828721046448,0.3554969131946563,0.585858166217804,0.3331914842128753,0.5487632155418396,0.3403590023517608,0.6129425168037415,0.3660167753696441,0.530677855014801,0.3801357448101043,0.6422328948974609,0.4977694153785705,0.5098797082901001,0.4999266266822815,0.7255120277404785,0.4178197085857391,0.406987726688385,0.3983631134033203,0.6303439140319824,0.2685308158397674,0.5159744620323181,0.259812593460083,0.6138139963150024,0.8426998257637024,0.5067937970161438,0.8295305967330933,0.0,0.0,0.0,0.0,0.0,0.0,0.0,0.0,0.5751182436943054,0.4958882331848144
0.5835761427879333,0.3528355062007904,0.6017125248908997,0.3308057188987732,0.5672457218170166,0.3383294939994812,0.6289573907852173,0.3625647127628326,0.5506990551948547,0.3749532699584961,0.66031414270401,0.4906566143035888,0.5301938652992249,0.4973056614398956,0.7461478114128113,0.4314689040184021,0.4249031543731689,0.4148685336112976,0.6535102725028992,0.2891370356082916,0.5263673067092896,0.2725198566913605,0.6357588171958923,0.8355666399002075,0.5253505110740662,0.8267034292221069,0.0,0.0,0.0,0.0,0.0,0.0,0.0,0.0,0.5939015746116638,0.4908372461795807
0.5907557606697083,0.3492764830589294,0.6072331070899963,0.323941022157669,0.5743597149848938,0.333943635225296,0.6382179260253906,0.3489534556865692,0.5620836615562439,0.3706088066101074,0.6705154180526733,0.4825181066989898,0.543673038482666,0.4885620772838592,0.7514073252677917,0.4519901275634765,0.4323325455188751,0.4203915297985077,0.6668895483016968,0.3055350184440613,0.530411422252655,0.2739472389221191,0.6464939713478088,0.8332576155662537,0.5373706221580505,0.8171696066856384,0.0,0.0,0.0,0.0,0.0,0.0,0.0,0.0,0.6069740056991577,0.4838804602622986
0.5568946599960327,0.3307582437992096,0.5739989876747131,0.3052511513233185,0.5385653972625732,0.3164265155792236,0.6032605171203613,0.3383939564228058,0.5250478982925415,0.3586284220218658,0.6419693231582642,0.4798298478126526,0.498669296503067,0.4779174923896789,0.7185459733009338,0.4550127685070038,0.3855169415473938,0.4100366532802582,0.6175022125244141,0.2635568380355835,0.494730532169342,0.2633630335330963,0.6027117967605591,0.84351646900177,0.4906501770019531,0.8311909437179565,0.0,0.0,0.0,0.0,0.0,0.0,0.0,0.0,0.5719277262687683,0.476184070110321
0.5194891691207886,0.3224769234657287,0.5381150841712952,0.2961613237857818,0.5003710389137268,0.299858808517456,0.5647245049476624,0.3238113820552826,0.475288450717926,0.3291745781898498,0.5964494347572327,0.4654294848442077,0.4485087692737579,0.471197098493576,0.6724286079406738,0.4339753985404968,0.3345809578895569,0.4028796851634979,0.5918764472007751,0.2791162133216858,0.4416346251964569,0.2668438851833343,0.568307101726532,0.8479175567626953,0.4538063108921051,0.8480871319770813,0.0,0.0,0.0,0.0,0.0,0.0,0.0,0.0,0.5213626027107239,0.4642572700977325
0.4883337318897247,0.3148709833621979,0.505438506603241,0.2900978624820709,0.4662528932094574,0.295106828212738,0.5310797691345215,0.3269478380680084,0.4418264925479889,0.3361680209636688,0.5664464831352234,0.4587434232234955,0.4160816371440887,0.4668018221855163,0.6497489809989929,0.4464426934719085,0.3034003674983978,0.4219309687614441,0.5401148200035095,0.2255392968654632,0.4094900488853454,0.2617826759815216,0.5439378619194031,0.8330160975456238,0.426485538482666,0.8338709473609924,0.0,0.0,0.0,0.0,0.0,0.0,0.0,0.0,0.4901772439479828,0.4608787596225738
0.5549986958503723,0.3318765163421631,0.5724691152572632,0.3111906051635742,0.533122181892395,0.3136752545833587,0.5940585136413574,0.3468855023384094,0.5058766007423401,0.3530832827091217,0.6173735857009888,0.4627789556980133,0.4884440004825592,0.4710706770420074,0.6855490803718567,0.3403604030609131,0.4378866553306579,0.3186476230621338,0.5963768362998962,0.1848905384540558,0.5106688141822815,0.2276666611433029,0.5995815992355347,0.8286377787590027,0.4892742335796356,0.8277400732040405,0.0,0.0,0.0,0.0,0.0,0.0,0.0,0.0,0.5503466725349426,0.4639177322387695
0.5522338151931763,0.3311918079853058,0.569593071937561,0.3091779351234436,0.5304487347602844,0.3114438652992248,0.5924468040466309,0.3458955287933349,0.5058460831642151,0.351108968257904,0.6195858120918274,0.4642532169818878,0.4892224669456482,0.4666335880756378,0.6867015957832336,0.3389368653297424,0.4370845854282379,0.4309038519859314,0.5912438631057739,0.1826864331960678,0.0,0.0,0.5980879664421082,0.8318211436271667,0.4871552288532257,0.8303745985031128,0.0,0.0,0.0,0.0,0.0,0.0,0.0,0.0,0.5522430539131165,0.4623818099498749
0.5511785745620728,0.3312260806560516,0.569078803062439,0.3084343373775482,0.5297531485557556,0.311053067445755,0.5933976769447327,0.3450058102607727,0.5071173310279846,0.3490656018257141,0.6187673807144165,0.4654013216495514,0.4903891384601593,0.4670109748840332,0.6868957281112671,0.3337281048297882,0.4211447834968567,0.3120115399360657,0.5963268280029297,0.177489772439003,0.5075928568840027,0.2196302115917205,0.597284197807312,0.8299144506454468,0.486683189868927,0.8283775448799133,0.0,0.0,0.0,0.0,0.0,0.0,0.0,0.0,0.552645742893219,0.4630444943904876
0.54932701587677,0.3311455249786377,0.5675991773605347,0.3079242706298828,0.5287535786628723,0.3114876449108124,0.5934963822364807,0.3446403443813324,0.5076958537101746,0.349694162607193,0.6186197996139526,0.4652582705020904,0.4897809326648712,0.4664810001850128,0.692440927028656,0.3392341732978821,0.4350388348102569,0.4332902729511261,0.6012937426567078,0.1750845611095428,0.0,0.0,0.5978960394859314,0.8275384902954102,0.4866268038749695,0.8270992636680603,0.0,0.0,0.0,0.0,0.0,0.0,0.0,0.0,0.5523771047592163,0.4624650776386261
0.5473785996437073,0.3325749933719635,0.5648664832115173,0.305944949388504,0.526600182056427,0.3119628727436065,0.5934896469116211,0.3372443318367004,0.5065359473228455,0.3482827544212341,0.6238342523574829,0.468482106924057,0.4886222779750824,0.4685263633728027,0.7026902437210083,0.3313042819499969,0.3995370268821716,0.3212167918682098,0.6025894284248352,0.1701143532991409,0.5109343528747559,0.1826424747705459,0.5988029837608337,0.8328825831413269,0.4872356951236725,0.8301061987876892,0.0,0.0,0.0,0.0,0.0,0.0,0.0,0.0,0.5543236136436462,0.4638839662075043
0.5476874113082886,0.3330303132534027,0.5651611089706421,0.3044836223125458,0.5262219309806824,0.3111998438835144,0.5950545072555542,0.3318328857421875,0.5068714022636414,0.3466344773769378,0.627558708190918,0.4682247936725616,0.4881031215190887,0.46693816781044,0.7246134877204895,0.3334531486034393,0.4168355166912079,0.4252447485923767,0.6289624571800232,0.1658074110746383,0.0,0.0,0.6000970005989075,0.8347426652908325,0.4869210720062256,0.8310697674751282,0.0,0.0,0.0,0.0,0.0,0.0,0.0,0.0,0.5558890700340271,0.4622857868671417
0.5509359836578369,0.3327158987522125,0.5683797597885132,0.3024351894855499,0.5287320017814636,0.3120326399803161,0.5983915328979492,0.3295991718769073,0.5107492208480835,0.3482742309570312,0.6327407956123352,0.4699249267578125,0.4911295771598816,0.4716359674930572,0.7426729202270508,0.3495585024356842,0.4127669930458069,0.4243018627166748,0.650177538394928,0.1609756499528885,0.0,0.0,0.6060327887535095,0.844637930393219,0.4931270778179168,0.8331096768379211,0.0,0.0,0.0,0.0,0.0,0.0,0.0,0.0,0.5599395036697388,0.4679426550865173
0.5609400272369385,0.3339119851589203,0.5786858797073364,0.3035029768943786,0.537501871585846,0.3128208220005035,0.6093295812606812,0.3305079042911529,0.5193908214569092,0.3484969139099121,0.6441689729690552,0.4784575402736664,0.4980637729167938,0.4771893918514251,0.7573967576026917,0.3648156523704529,0.3792394697666168,0.3678233027458191,0.6636049151420593,0.1702987253665924,0.4886303246021271,0.174368068575859,0.609820544719696,0.8510605692863464,0.4941476285457611,0.8351264595985413,0.0,0.0,0.0,0.0,0.0,0.0,0.0,0.0,0.5696658492088318,0.4754432737827301
0.5753905177116394,0.3316369652748108,0.5948019027709961,0.2990837395191192,0.553798258304596,0.3111427426338196,0.6263620257377625,0.3271360099315643,0.5325503945350647,0.3465831577777862,0.6594316363334656,0.4753914773464203,0.5097396969795227,0.4773748815059662,0.7785944938659668,0.3782470822334289,0.3917510509490967,0.3751998841762543,0.6844297051429749,0.1848929971456527,0.4945958256721496,0.1829547584056854,0.6316825151443481,0.8471018671989441,0.5164312124252319,0.8301688432693481,0.0,0.0,0.0,0.0,0.0,0.0,0.0,0.0,0.5834998488426208,0.4732242524623871
0.5937657356262207,0.3363065123558044,0.6120268702507019,0.3078734576702118,0.5715228915214539,0.314649373292923,0.6427005529403687,0.3331912159919739,0.5471929311752319,0.3459954559803009,0.6749710440635681,0.4731253087520599,0.5291426777839661,0.4760854542255401,0.791986882686615,0.3835887312889099,0.4102659821510315,0.38307586312294,0.6987678408622742,0.2022299021482467,0.506231427192688,0.1935775578022003,0.6526498198509216,0.8664344549179077,0.5344690084457397,0.8446579575538635,0.0,0.0,0.0,0.0,0.0,0.0,0.0,0.0,0.599886953830719,0.4740645289421081
0.5888664126396179,0.3260864317417145,0.605794370174408,0.2964131832122803,0.567429780960083,0.3062675893306732,0.635755181312561,0.3276924788951874,0.5440633893013,0.3450789451599121,0.6643553376197815,0.4791370928287506,0.5184974074363708,0.4812355637550354,0.7604351043701172,0.4210721552371979,0.4088018238544464,0.401529848575592,0.660858154296875,0.1865281760692596,0.5128230452537537,0.1891606152057647,0.6425827741622925,0.8644360899925232,0.526982843875885,0.8352493643760681,0.0,0.0,0.0,0.0,0.0,0.0,0.0,0.0,0.5901317596435547,0.4780159592628479
0.5757783055305481,0.3106105923652649,0.5927103757858276,0.2873515784740448,0.5514524579048157,0.2926027476787567,0.6193820238113403,0.3320016860961914,0.5251878499984741,0.3431370854377746,0.6489928364753723,0.4693426191806793,0.4986624121665954,0.4803681075572967,0.7087531089782715,0.3860586583614349,0.405531108379364,0.4001959860324859,0.6191384196281433,0.1505720317363739,0.5078691244125366,0.1824598461389541,0.6223049759864807,0.855251669883728,0.4982996582984924,0.850320041179657,0.0,0.0,0.0,0.0,0.0,0.0,0.0,0.0,0.572263777256012,0.4699016511440277
0.5607540607452393,0.2974977195262909,0.5782164931297302,0.274612694978714,0.5318219065666199,0.2751573324203491,0.6037288904190063,0.3160789012908935,0.5013392567634583,0.314547598361969,0.6383741497993469,0.4609988629817962,0.4819090664386749,0.460009753704071,0.6914590001106262,0.3662955164909363,0.3927892744541168,0.3929245769977569,0.0,0.0,0.491929143667221,0.1546453088521957,0.6118992567062378,0.8534001111984253,0.4882626831531524,0.8510264754295349,0.0,0.0,0.0,0.0,0.0,0.0,0.0,0.0,0.5556813478469849,0.454881876707077
0.5733165740966797,0.2864648997783661,0.595970094203949,0.2624558508396148,0.5468289256095886,0.2648170590400696,0.6245915293693542,0.3113183081150055,0.5170430541038513,0.3102692663669586,0.6508950591087341,0.4557695984840393,0.4916839301586151,0.4528672099113464,0.7050905823707581,0.367828220129013,0.4049490392208099,0.3908954560756683,0.0,0.0,0.4954346120357513,0.1430263221263885,0.6255635023117065,0.8987904191017151,0.4966526925563812,0.884721577167511,0.0,0.0,0.0,0.0,0.0,0.0,0.0,0.0,0.5668289065361023,0.4489679038524627
0.6189233064651489,0.2637798190116882,0.6395057439804077,0.2365250587463379,0.5930817723274231,0.2439106851816177,0.6727722883224487,0.275176852941513,0.5661414861679077,0.2904552817344665,0.7219605445861816,0.4270129203796386,0.5440449118614197,0.4507098793983459,0.7838093638420105,0.3287124335765838,0.4426923096179962,0.3712984919548034,0.0,0.0,0.5304940342903137,0.1226825714111328,0.7052952647209167,0.9198803901672364,0.5682770013809204,0.9047574996948242,0.0,0.0,0.0,0.0,0.0,0.0,0.0,0.0,0.6267511248588562,0.4365725517272949
0.6443396210670471,0.2397245019674301,0.6665306687355042,0.2155225723981857,0.6214938759803772,0.227303147315979,0.7110099196434021,0.2541164755821228,0.6067701578140259,0.2751984596252441,0.7633547186851501,0.422248512506485,0.5851114988327026,0.4425862431526184,0.8526579737663269,0.3030616343021393,0.4542048275470733,0.3659286499023437,0.7054787278175354,0.0736557692289352,0.5625663995742798,0.0985612273216247,0.7391592264175415,0.920739769935608,0.5980805158615112,0.9334915280342102,0.0,0.0,0.0,0.0,0.0,0.0,0.0,0.0,0.6731148958206177,0.4246846139431
0.6645409464836121,0.2455125749111175,0.6893339157104492,0.2127858400344848,0.6450008153915405,0.2265615016222,0.7374313473701477,0.2481276839971542,0.6307744979858398,0.2694281637668609,0.7914931178092957,0.4071108400821686,0.6180029511451721,0.431262344121933,0.882440447807312,0.2993012070655823,0.4740305840969085,0.3802632689476013,0.7237316370010376,0.086180455982685,0.5634168386459351,0.141323909163475,0.7639641165733337,0.8829625248908997,0.6294602751731873,0.883899986743927,0.0,0.0,0.0,0.0,0.0,0.0,0.0,0.0,0.7039924263954163,0.4152121841907501
0.663368284702301,0.2699381709098816,0.6889668703079224,0.2407710552215576,0.6460722088813782,0.2496394217014312,0.7331312894821167,0.2715221345424652,0.632181704044342,0.2909453213214874,0.7871378064155579,0.430368423461914,0.6134231686592102,0.4519253671169281,0.8869563341140747,0.3426773846149444,0.4819486737251282,0.3957372605800628,0.7227230072021484,0.1202207058668136,0.5680472254753113,0.1820522844791412,0.7606034874916077,0.8686673045158386,0.6364886164665222,0.8813158273696899,0.0,0.0,0.0,0.0,0.0,0.0,0.0,0.0,0.6991974711418152,0.4366458356380462
0.6736622452735901,0.2928977608680725,0.6921319365501404,0.2597779333591461,0.6543945074081421,0.2739689648151397,0.7376910448074341,0.2882817387580871,0.6433352828025818,0.3101254999637604,0.7987307906150818,0.4343507885932922,0.6343163847923279,0.4617948234081268,0.8863412141799927,0.360906183719635,0.5037328600883484,0.4121057391166687,0.7217429280281067,0.1439169198274612,0.5838800072669983,0.1877430826425552,0.7786399722099304,0.8444679379463196,0.6552228331565857,0.8461226224899292,0.0,0.0,0.0,0.0,0.0,0.0,0.0,0.0,0.7156360745429993,0.4465997815132141
0.7000394463539124,0.2887742817401886,0.7208285927772522,0.2557462453842163,0.6803230047225952,0.2746772468090057,0.7682138681411743,0.28702312707901,0.6716464161872864,0.3136663436889648,0.8249400854110718,0.4281840324401855,0.6587807536125183,0.4599307179450989,0.903430998325348,0.3668193817138672,0.5201917886734009,0.4262367784976959,0.7353239059448242,0.1421918123960495,0.5937632322311401,0.217273324728012,0.7977164387702942,0.8482217192649841,0.673801064491272,0.8461995720863342,0.0,0.0,0.0,0.0,0.0,0.0,0.0,0.0,0.7390295267105103,0.4414575397968292
0.7203871011734009,0.2830512225627899,0.7353830337524414,0.2526688277721405,0.6972991824150085,0.2716004550457001,0.777018666267395,0.2754461765289306,0.685642659664154,0.3135801255702972,0.8426288366317749,0.423699140548706,0.675216555595398,0.4645970463752746,0.9186071753501892,0.3698340058326721,0.5332054495811462,0.4425193965435028,0.7352789044380188,0.139505848288536,0.6072549223899841,0.2282327860593795,0.8266140818595886,0.8816023468971252,0.6886396408081055,0.8809117078781128,0.0,0.0,0.0,0.0,0.0,0.0,0.0,0.0,0.7568254470825195,0.4400859773159027
0.711810290813446,0.2882632613182068,0.7202016115188599,0.2549007534980774,0.6922330856323242,0.2777526974678039,0.7638839483261108,0.2774300575256347,0.6888653039932251,0.3160713016986847,0.8437021970748901,0.4301186501979828,0.6786002516746521,0.4694928824901581,0.8908692002296448,0.4213007986545563,0.5369590520858765,0.4646386206150055,0.7808141112327576,0.2696673572063446,0.5947097539901733,0.25606769323349,0.8087924718856812,0.8838130235671997,0.6762040853500366,0.8700060844421387,0.0,0.0,0.0,0.0,0.0,0.0,0.0,0.0,0.7592254281044006,0.4435451626777649
0.6529824137687683,0.3044949471950531,0.6714968681335449,0.2699392437934875,0.6378345489501953,0.2863674759864807,0.7202250361442566,0.2946847379207611,0.0,0.0,0.777306079864502,0.4580667018890381,0.6210053563117981,0.4768667817115783,0.8183778524398804,0.441189557313919,0.4828569889068603,0.4566252529621124,0.7248263359069824,0.2713393867015838,0.5427973866462708,0.2627550959587097,0.7414999008178711,0.9198318123817444,0.6177941560745239,0.9040600657463074,0.0,0.0,0.0,0.0,0.0,0.0,0.0,0.0,0.6991995573043823,0.4610163569450378
0.564686119556427,0.3257750868797302,0.5874074697494507,0.2992992699146271,0.5479297041893005,0.3130547106266022,0.6261029839515686,0.3622646033763885,0.0,0.0,0.6530813574790955,0.4848142564296722,0.5113947987556458,0.4936875700950622,0.7052117586135864,0.4786177575588226,0.3992713093757629,0.4705792963504791,0.6470957398414612,0.3658884167671203,0.4629113376140594,0.2775088846683502,0.612525999546051,0.8469364047050476,0.5066160559654236,0.8316848874092102,0.0,0.0,0.0,0.0,0.0,0.0,0.0,0.0,0.5816472172737122,0.4870865941047668
0.5035370588302612,0.3239405155181885,0.5243541598320007,0.2997931838035583,0.4797511398792267,0.310151070356369,0.5561832785606384,0.3362135291099548,0.4611441195011139,0.3562380671501159,0.5946841239929199,0.4741521179676056,0.4419065117835998,0.4910433292388916,0.6562095284461975,0.4389960765838623,0.3286687731742859,0.4466140866279602,0.5546077489852905,0.2787066102027893,0.4013212025165558,0.2801357805728912,0.5614997744560242,0.8476477861404419,0.4514379501342773,0.8594182133674622,0.0,0.0,0.0,0.0,0.0,0.0,0.0,0.0,0.5162180662155151,0.4786851108074188
0.4551161825656891,0.3036441206932068,0.4771420955657959,0.285761147737503,0.4340268969535827,0.2818630337715149,0.4987840354442596,0.3351576030254364,0.4036527276039123,0.3312983512878418,0.5195328593254089,0.4717483818531036,0.3685425817966461,0.4742100238800049,0.6554361581802368,0.3856262862682342,0.2480537444353103,0.3949478268623352,0.5407765507698059,0.1809034645557403,0.3487438857555389,0.2384555339813232,0.4947373569011688,0.8540970683097839,0.3750529587268829,0.8516713976860046,0.0,0.0,0.0,0.0,0.0,0.0,0.0,0.0,0.4435720443725586,0.4708681404590606
0.4323168396949768,0.2909953892230987,0.4560194909572601,0.2742059826850891,0.4083169102668762,0.267692357301712,0.4736393988132477,0.3271367251873016,0.3723675310611725,0.3129073679447174,0.5011218786239624,0.4603408873081207,0.3424974083900451,0.4536847472190857,0.6455661654472351,0.3737273216247558,0.2252427488565445,0.371361494064331,0.5282514691352844,0.1685488075017929,0.3656950294971466,0.1805809736251831,0.4700683951377868,0.8661280274391174,0.343434602022171,0.8666461110115051,0.0,0.0,0.0,0.0,0.0,0.0,0.0,0.0,0.4181107878684997,0.453701764345169
0.3985190987586975,0.2813177704811096,0.4172721207141876,0.2621021568775177,0.3714205920696258,0.257630854845047,0.4378108084201813,0.311917096376419,0.3307486474514007,0.2985971570014953,0.4581101238727569,0.4554550647735595,0.2976334393024444,0.4442376494407654,0.6137807965278625,0.373609721660614,0.178807720541954,0.3316507339477539,0.5039772987365723,0.1543850898742675,0.3386845290660858,0.166879653930664,0.4282329976558685,0.8626888394355774,0.2999972701072693,0.8679102659225464,0.0,0.0,0.0,0.0,0.0,0.0,0.0,0.0,0.3743493556976318,0.446526288986206
0.3701377213001251,0.27485391497612,0.3954553306102752,0.2572098672389984,0.3445746600627899,0.2503454089164734,0.415095716714859,0.3130538761615753,0.3059960305690765,0.3002088367938995,0.4387582242488861,0.4468100666999817,0.2760892212390899,0.4373888969421386,0.5960389971733093,0.3677937984466553,0.1583785712718963,0.3267957270145416,0.4764122664928436,0.1266774833202362,0.2954143583774566,0.1622185707092285,0.401501715183258,0.8695549964904785,0.2671402096748352,0.8654651045799255,0.0,0.0,0.0,0.0,0.0,0.0,0.0,0.0,0.3523748219013214,0.4398452937602997
0.3457158207893371,0.2646720707416534,0.3666035830974579,0.2434127181768417,0.3198955953121185,0.2397207468748092,0.3862678408622741,0.2958221733570099,0.2790527045726776,0.2870896756649017,0.3991777002811432,0.4443854689598083,0.2453153282403946,0.4308995604515075,0.5587992668151855,0.3739336133003235,0.130986750125885,0.2997019588947296,0.4568719565868377,0.1168108507990837,0.2900409698486328,0.1285417079925537,0.3631394207477569,0.8679034113883972,0.2343154698610305,0.8491255044937134,0.0,0.0,0.0,0.0,0.0,0.0,0.0,0.0,0.318870484828949,0.4330169856548309
0.3295197188854217,0.2575913667678833,0.350923627614975,0.2400136291980743,0.3067003190517425,0.2319278717041015,0.3670382499694824,0.2906031608581543,0.2634674906730652,0.2736683487892151,0.3841038048267364,0.4445904195308685,0.2260613590478897,0.4235777556896209,0.5155088901519775,0.3810073435306549,0.1544161587953567,0.3951442539691925,0.4441831111907959,0.1138769015669822,0.0,0.0,0.3600959777832031,0.8852787613868713,0.2135849297046661,0.8840988278388977,0.0,0.0,0.0,0.0,0.0,0.0,0.0,0.0,0.3002285957336426,0.4303854405879974
0.3442030847072601,0.2569629549980163,0.3651550412178039,0.2368198484182357,0.3189957439899444,0.2291740477085113,0.3835375010967254,0.2842925488948822,0.2748256921768188,0.2709937989711761,0.3998675942420959,0.4426426589488983,0.2431046217679977,0.4246984422206878,0.5429283380508423,0.369774580001831,0.172021135687828,0.3924079239368438,0.457379013299942,0.0996109023690223,0.0,0.0,0.3829336762428283,0.8885564208030701,0.2426723390817642,0.8689191937446594,0.0,0.0,0.0,0.0,0.0,0.0,0.0,0.0,0.3166250884532928,0.4301885068416595
0.3881497681140899,0.2508375346660614,0.4117608368396759,0.2288067191839218,0.3607911467552185,0.2187121361494064,0.4314377605915069,0.2782193422317505,0.3139792382717132,0.2632028460502624,0.4524000585079193,0.4307433068752289,0.2813275754451751,0.4530451893806457,0.5976043343544006,0.3437772095203399,0.2110132873058319,0.2498608380556106,0.5057674646377563,0.078262522816658,0.4067443907260895,0.0536451824009418,0.4510021209716797,0.8667107820510864,0.3093303740024566,0.885442316532135,0.0,0.0,0.0,0.0,0.0,0.0,0.0,0.0,0.3631785213947296,0.4354577958583832
0.4176351726055145,0.2386079877614975,0.4384912550449371,0.2215116173028946,0.3899220526218414,0.2096789926290512,0.4544573128223419,0.2719761729240417,0.3351283371448517,0.2569828033447265,0.4768711924552917,0.4241850972175598,0.3127621710300445,0.4315045475959778,0.6242566108703613,0.3371845185756683,0.2565914690494537,0.412026435136795,0.5359064340591431,0.0750561952590942,0.0,0.0,0.4773256480693817,0.8671082258224487,0.3342001438140869,0.8850802779197693,0.0,0.0,0.0,0.0,0.0,0.0,0.0,0.0,0.3898194432258606,0.4224562644958496
0.4349513947963714,0.2285280078649521,0.4553368687629699,0.2053006589412689,0.4088108837604522,0.1948879957199096,0.4700088500976562,0.2470873445272445,0.3528767228126526,0.2381270229816436,0.4967729747295379,0.4205615222454071,0.3205423355102539,0.4319593012332916,0.6533507704734802,0.3254724144935608,0.2551747262477875,0.2098368853330612,0.5680524706840515,0.0832005068659782,0.455789566040039,0.0461047701537609,0.4830995202064514,0.8802598118782043,0.3354980051517486,0.897973358631134,0.0,0.0,0.0,0.0,0.0,0.0,0.0,0.0,0.4019155204296112,0.4220651686191559
0.4094620048999786,0.2199873775243759,0.4299201667308807,0.1959932893514633,0.3797525465488434,0.1882219761610031,0.4443349540233612,0.239783689379692,0.3211559653282165,0.2287931889295578,0.4598185122013092,0.4142936170101166,0.2907201647758484,0.4082381427288055,0.6439260840415955,0.3163192868232727,0.222909614443779,0.3635630309581756,0.5601387619972229,0.0715691447257995,0.0,0.0,0.4485526084899902,0.8668200373649597,0.2981458008289337,0.9033196568489076,0.0,0.0,0.0,0.0,0.0,0.0,0.0,0.0,0.3697517216205597,0.4075080752372741
0.3745860457420349,0.1887917071580886,0.3994442522525787,0.1690403074026107,0.3479411602020263,0.1632591485977172,0.4233219027519226,0.2278005629777908,0.3021180629730224,0.2195741683244705,0.4517686665058136,0.4126266539096832,0.2652410268783569,0.3852090835571289,0.630011260509491,0.3090673983097076,0.1801918596029281,0.3289772868156433,0.529373288154602,0.025000175461173,0.0,0.0,0.4078929424285888,0.886326014995575,0.2413420528173446,0.8552265763282776,0.0,0.0,0.0,0.0,0.0,0.0,0.0,0.0,0.352045327425003,0.3949048221111297
0.3941464722156524,0.1814618855714798,0.4207426905632019,0.1538624316453933,0.3646402955055237,0.1533253192901611,0.4497191607952118,0.2096515744924545,0.3243936598300934,0.2103180140256881,0.4898808002471924,0.4184627532958984,0.2902426719665527,0.3934386372566223,0.6693050265312195,0.2981578707695007,0.2089985162019729,0.3311792910099029,0.5462175011634827,0.0089285718277096,0.0,0.0,0.4513494968414306,0.9187160134315492,0.2806738018989563,0.9360037446022034,0.0,0.0,0.0,0.0,0.0,0.0,0.0,0.0,0.3836151659488678,0.4055029451847076
0.4304759204387665,0.1715049296617508,0.4591560661792755,0.1455597579479217,0.4018386900424957,0.1475849449634552,0.4974701404571533,0.2059689462184906,0.3669393956661224,0.2109046727418899,0.5482121109962463,0.4086337685585022,0.3460852205753326,0.4028255939483642,0.7246570587158203,0.2999458312988281,0.2600511908531189,0.3573282063007355,0.5959395170211792,0.0153756607323884,0.0,0.0,0.513591468334198,0.9563520550727844,0.3471326828002929,0.955432116985321,0.0,0.0,0.0,0.0,0.0,0.0,0.0,0.0,0.442566305398941,0.4019035398960113
0.4962785243988037,0.2028577774763107,0.5242659449577332,0.1752669513225555,0.4643816649913788,0.1780877113342285,0.5634652376174927,0.2270513772964477,0.4303786754608154,0.2352652251720428,0.6022451519966125,0.4226512014865875,0.401032030582428,0.4203227162361145,0.7549225687980652,0.3791553974151611,0.2479572296142578,0.3279111981391907,0.6181907653808594,0.0470662750303745,0.4192225337028503,0.0706457421183586,0.5898385643959045,0.9910714030265808,0.4180651009082794,0.9774245023727416,0.0,0.0,0.0,0.0,0.0,0.0,0.0,0.0,0.4981208741664886,0.4168362915515899
0.527439534664154,0.3149458765983581,0.5451553463935852,0.2888998687267303,0.4952532351016998,0.2932943701744079,0.0,0.0,0.453004777431488,0.3459981977939605,0.6114920973777771,0.5169627070426941,0.4149935841560364,0.5174533724784851,0.7180666923522949,0.5816242098808289,0.2854907810688019,0.5254914164543152,0.5773196816444397,0.1864240914583206,0.4214855134487152,0.2412399053573608,0.5906082391738892,0.9910714030265808,0.0,0.0,0.0,0.0,0.0,0.0,0.0,0.0,0.0,0.0,0.5116919279098511,0.5121856927871704
0.5125916004180908,0.3824586868286133,0.5450547337532043,0.3578386306762695,0.4893571436405182,0.3697831928730011,0.6034676432609558,0.4213169515132904,0.4679133296012878,0.4649273753166199,0.6560801863670349,0.606277585029602,0.4370933175086975,0.6135863065719604,0.783645749092102,0.6934025883674622,0.3165031373500824,0.6727926135063171,0.616817831993103,0.2780343890190124,0.4244028627872467,0.4370079636573791,0.0,0.0,0.0,0.0,0.0,0.0,0.0,0.0,0.0,0.0,0.0,0.0,0.5443349480628967,0.6044880747795105
0.5224720239639282,0.3400960266590118,0.5504814386367798,0.3130943775177002,0.5009745359420776,0.3274304568767547,0.6156664490699768,0.3954062163829803,0.4742213785648346,0.4021417498588562,0.675631046295166,0.5805742144584656,0.4489049613475799,0.581657886505127,0.8220524787902832,0.6376786231994629,0.3233437240123749,0.6290138363838196,0.6357978582382202,0.2106101810932159,0.0,0.0,0.0,0.0,0.0,0.0,0.0,0.0,0.0,0.0,0.0,0.0,0.0,0.0,0.5586575269699097,0.580884575843811
0.5164371132850647,0.3329852521419525,0.5544204711914062,0.290201336145401,0.4832681715488434,0.301942765712738,0.6171737909317017,0.3444752991199493,0.4542608857154846,0.3576938211917877,0.6750276684761047,0.559812605381012,0.4240615367889404,0.5518949627876282,0.905643343925476,0.4569287896156311,0.1886467933654785,0.4265093505382538,0.6844077110290527,0.1439189612865448,0.4157081246376037,0.1591886579990387,0.0,0.0,0.0,0.0,0.0,0.0,0.0,0.0,0.0,0.0,0.0,0.0,0.5454722046852112,0.551947832107544
0.4873175024986267,0.2601222693920135,0.5250900387763977,0.2286638766527176,0.4547869563102722,0.2309685498476028,0.5722724199295044,0.3099038898944855,0.4097866714000702,0.2974112629890442,0.6231549978256226,0.5373349785804749,0.3640921115875244,0.530678927898407,0.83104407787323,0.4204986095428467,0.1498467177152633,0.3754237592220306,0.5995026230812073,0.0622342526912689,0.4012710452079773,0.0883333161473274,0.0,0.0,0.0,0.0,0.0,0.0,0.0,0.0,0.0,0.0,0.0,0.0,0.4933646023273468,0.5292714834213257
0.522788405418396,0.2470060884952545,0.5554140210151672,0.2188064903020858,0.4910123348236084,0.216055542230606,0.5896406769752502,0.2882699966430664,0.4455683529376983,0.2781104445457458,0.6388106346130371,0.4952256083488464,0.3991720676422119,0.4899265766143799,0.8180160522460938,0.4136004447937011,0.1894994527101516,0.3461373150348663,0.6127882599830627,0.0819224342703819,0.4333467185497284,0.1003443673253059,0.0,0.0,0.0,0.0,0.0,0.0,0.0,0.0,0.0,0.0,0.0,0.0,0.5160461068153381,0.4893150329589844
0.5439378619194031,0.2244132608175277,0.5758232474327087,0.1990717947483062,0.514062225818634,0.1929171830415725,0.6027730107307434,0.2560553252696991,0.4688410460948944,0.2469029128551483,0.6384043097496033,0.4351584017276764,0.4308084845542907,0.439870148897171,0.8014618158340454,0.3514260947704315,0.2506298124790191,0.3158517181873321,0.6226426959037781,0.0862697809934616,0.0,0.0,0.6111238598823547,0.9910714030265808,0.0,0.0,0.0,0.0,0.0,0.0,0.0,0.0,0.0,0.0,0.5299373269081116,0.433067113161087
0.5502427816390991,0.2296645492315292,0.5749846696853638,0.2068459093570709,0.5217865705490112,0.2001540958881378,0.6010178327560425,0.2604458332061767,0.477607786655426,0.2535108923912048,0.6394039988517761,0.430894523859024,0.4442906677722931,0.4371268153190613,0.7841958999633789,0.3603825569152832,0.2769274115562439,0.3158925473690033,0.6274343132972717,0.1267673522233963,0.4502952396869659,0.1214892268180847,0.610314667224884,0.9910714030265808,0.4499861896038055,0.9584750533103944,0.0,0.0,0.0,0.0,0.0,0.0,0.0,0.0,0.535976767539978,0.4297257959842682
0.5448216795921326,0.2555565536022186,0.5727816224098206,0.2339532226324081,0.5207641124725342,0.2272772639989853,0.5957177877426147,0.2896340191364288,0.4752754271030426,0.2732662260532379,0.6273337602615356,0.4479351043701172,0.4374343454837799,0.4442877471446991,0.7655266523361206,0.3777840733528137,0.2862688899040222,0.3338367640972137,0.6094468235969543,0.1345162689685821,0.4371736049652099,0.1499169915914535,0.5918288826942444,0.9910714030265808,0.4390364587306976,0.9563549160957336,0.0,0.0,0.0,0.0,0.0,0.0,0.0,0.0,0.5265992283821106,0.4392529129981994
0.5375933647155762,0.2700998187065124,0.5571461915969849,0.2521111667156219,0.5121161341667175,0.2455016821622848,0.5774679183959961,0.2994136810302734,0.47259321808815,0.2832534909248352,0.6170708537101746,0.4587601721286773,0.4348038733005523,0.4563913345336914,0.7188376784324646,0.4050040245056152,0.3148607909679413,0.3815700709819793,0.5871978402137756,0.1524521559476852,0.458798736333847,0.1829374134540558,0.5734906792640686,0.9147196412086488,0.4381352066993713,0.9055318236351012,0.0,0.0,0.0,0.0,0.0,0.0,0.0,0.0,0.523370623588562,0.4502987563610077
0.53228360414505,0.2796959578990936,0.5488340258598328,0.2620849311351776,0.5095046758651733,0.2616216242313385,0.5686946511268616,0.3097964227199554,0.4718824326992035,0.313357412815094,0.6079708933830261,0.4623638987541199,0.4351038932800293,0.4697501957416534,0.6784598231315613,0.451625108718872,0.3464847207069397,0.4323227703571319,0.5852165222167969,0.2060356438159942,0.4470538794994354,0.2714186906814575,0.5757649540901184,0.882909893989563,0.4481033384799957,0.8857038617134094,0.0,0.0,0.0,0.0,0.0,0.0,0.0,0.0,0.5194258689880371,0.460832804441452
0.5466471314430237,0.3069348037242889,0.5621218681335449,0.2837213277816772,0.5308887958526611,0.3034067153930664,0.5875385403633118,0.324457585811615,0.5147647261619568,0.3464134633541107,0.6422095894813538,0.4491181075572967,0.488976240158081,0.4511045515537262,0.717337429523468,0.4738539755344391,0.4227374196052551,0.4602139890193939,0.6190884709358215,0.2739716470241546,0.4849322140216827,0.3150633871555328,0.6158140301704407,0.8512120842933655,0.4899745285511017,0.8493151664733887,0.0,0.0,0.0,0.0,0.0,0.0,0.0,0.0,0.5643548965454102,0.4479112327098846
0.5954658389091492,0.3020861744880676,0.6124199032783508,0.2792726457118988,0.5779563784599304,0.2941462397575378,0.6468713879585266,0.3133822381496429,0.5594739317893982,0.3329094350337982,0.6952902674674988,0.4528081715106964,0.5395682454109192,0.4559750556945801,0.7721895575523376,0.4655171036720276,0.4740948677062988,0.4373208582401275,0.6772819757461548,0.2575095295906067,0.5424822568893433,0.3125732541084289,0.6758084297180176,0.8275803923606873,0.5540946125984192,0.8271852731704712,0.0,0.0,0.0,0.0,0.0,0.0,0.0,0.0,0.6124616861343384,0.4505426585674286
0.626236617565155,0.2945468127727508,0.6438018679618835,0.2804250419139862,0.6067547798156738,0.2899870574474334,0.6730510592460632,0.3308866620063782,0.5811842083930969,0.3441721796989441,0.7174467444419861,0.4616878926753998,0.5520727038383484,0.4685595035552978,0.7990113496780396,0.4475607275962829,0.4977825582027435,0.4541864693164825,0.7034593224525452,0.2712353765964508,0.5646457076072693,0.3175493776798248,0.6966260671615601,0.8335180878639221,0.5762220025062561,0.8329602479934692,0.0,0.0,0.0,0.0,0.0,0.0,0.0,0.0,0.6334513425827026,0.459383487701416
0.6348598599433899,0.2944898605346679,0.6535063982009888,0.2737522721290588,0.6172665357589722,0.2836251556873321,0.6906409859657288,0.3125680983066559,0.5978518724441528,0.3275929987430572,0.7343787550926208,0.4599937498569488,0.5683842301368713,0.4660659432411194,0.8300256133079529,0.4173890948295593,0.4938257038593292,0.4246637523174286,0.731871485710144,0.2447173744440078,0.5774911642074585,0.2932649254798889,0.7046125531196594,0.834837019443512,0.5863784551620483,0.833093523979187,0.0,0.0,0.0,0.0,0.0,0.0,0.0,0.0,0.6493646502494812,0.458372414112091
0.641706645488739,0.2999039590358734,0.665416419506073,0.2757055759429931,0.6193355321884155,0.2890753746032715,0.7050804495811462,0.3156210780143738,0.6016830801963806,0.3276197910308838,0.7425689101219177,0.4626432061195373,0.5777149796485901,0.4661744236946106,0.8524473309516907,0.3737854361534118,0.4843079149723053,0.3891317844390869,0.7304311394691467,0.2057121992111206,0.5991664528846741,0.2298574298620224,0.7069982290267944,0.8497371673583984,0.5883206129074097,0.8503569960594177,0.0,0.0,0.0,0.0,0.0,0.0,0.0,0.0,0.6576066613197327,0.4595363140106201
0.6488580107688904,0.3101030886173248,0.6715484857559204,0.2858085036277771,0.6289572715759277,0.2913607060909271,0.7046294808387756,0.3186560273170471,0.6065335869789124,0.3259938657283783,0.7437430620193481,0.4620676934719085,0.5798806548118591,0.464839220046997,0.8516550660133362,0.3295269906520843,0.4737730622291565,0.3289508819580078,0.7210646271705627,0.1837774217128753,0.6085523962974548,0.1870869249105453,0.7049334645271301,0.8438273668289185,0.5871043801307678,0.8418477773666382,0.0,0.0,0.0,0.0,0.0,0.0,0.0,0.0,0.6606335043907166,0.4592351019382477
0.6296496391296387,0.3249021172523498,0.6492698788642883,0.3014242053031921,0.6091539263725281,0.3022705614566803,0.6755458116531372,0.335385113954544,0.5826053619384766,0.3366042971611023,0.7025131583213806,0.4737152457237243,0.5555515289306641,0.4594091475009918,0.8170222640037537,0.3232168853282928,0.4518233835697174,0.323321670293808,0.7001309394836426,0.1870566606521606,0.5828194618225098,0.1876371055841446,0.672709047794342,0.8468900918960571,0.5597195625305176,0.8324504494667053,0.0,0.0,0.0,0.0,0.0,0.0,0.0,0.0,0.6267041563987732,0.4653040468692779
0.6156743764877319,0.3309429585933685,0.6368663907051086,0.3066298961639404,0.5963424444198608,0.3078494668006897,0.661898672580719,0.3375115096569061,0.5677169561386108,0.3416141867637634,0.6845661401748657,0.4727440774440765,0.5411909222602844,0.470903068780899,0.8003424406051636,0.3250595033168793,0.4385758936405182,0.3258650004863739,0.6835602521896362,0.1844146400690078,0.5686902403831482,0.1910905689001083,0.6526336669921875,0.852483332157135,0.5392458438873291,0.8317325711250305,0.0,0.0,0.0,0.0,0.0,0.0,0.0,0.0,0.6095349192619324,0.4717344343662262
0.5960326194763184,0.3408977389335632,0.61797696352005,0.3162104487419128,0.5788522362709045,0.3164840042591095,0.6429395079612732,0.3451792597770691,0.5543832182884216,0.3484327793121338,0.6641862988471985,0.4861223697662353,0.5261256694793701,0.4750609695911407,0.7747125029563904,0.343446284532547,0.4287101626396179,0.3346076905727386,0.6688979268074036,0.2072651833295822,0.5550247430801392,0.2045572698116302,0.6304980516433716,0.8464497923851013,0.5234199166297913,0.8266485333442688,0.0,0.0,0.0,0.0,0.0,0.0,0.0,0.0,0.5926092863082886,0.4798063337802887
0.584792971611023,0.3469216823577881,0.6056838035583496,0.3239417374134063,0.5667303204536438,0.3269984126091003,0.6292338967323303,0.3544783294200897,0.5417048335075378,0.3634100556373596,0.6537108421325684,0.4886638820171356,0.517444908618927,0.4834415912628174,0.7490373849868774,0.3839268684387207,0.4144387245178222,0.3507315218448639,0.6464805603027344,0.1969239711761474,0.5405338406562805,0.208506628870964,0.6230868697166443,0.8364614844322205,0.5152249932289124,0.8267125487327576,0.0,0.0,0.0,0.0,0.0,0.0,0.0,0.0,0.5832816362380981,0.4825263023376465
0.5809486508369446,0.3590190410614013,0.5992767214775085,0.336184561252594,0.5620919466018677,0.3421574532985687,0.6219409704208374,0.367597371339798,0.5393872261047363,0.3778861165046692,0.6487862467765808,0.4988550841808319,0.5142325758934021,0.5002419352531433,0.7129003405570984,0.4486481845378876,0.4162569642066955,0.4095371663570404,0.6295350790023804,0.2413904219865799,0.5186418294906616,0.2441952675580978,0.6204107999801636,0.8500062227249146,0.5117568373680115,0.8438296914100647,0.0,0.0,0.0,0.0,0.0,0.0,0.0,0.0,0.5807582139968872,0.4955595135688782
0.5994458198547363,0.355747252702713,0.6139264702796936,0.3326515257358551,0.577879011631012,0.3380418419837951,0.6350513696670532,0.365289032459259,0.550812840461731,0.3771064281463623,0.6625292897224426,0.4905017018318176,0.5335981249809265,0.5081472396850586,0.7133547067642212,0.4879299700260162,0.4556065201759338,0.4651995003223419,0.6311227083206177,0.2579598426818847,0.5376747846603394,0.2878581583499908,0.6437771916389465,0.8342380523681641,0.541208803653717,0.8311819434165955,0.0,0.0,0.0,0.0,0.0,0.0,0.0,0.0,0.5970414280891418,0.4964256286621094
0.6340979337692261,0.3571894764900207,0.6467270255088806,0.3342501223087311,0.613469123840332,0.3401567935943603,0.6679056882858276,0.3620192408561706,0.585269570350647,0.373276025056839,0.7005625367164612,0.4927685260772705,0.5626664757728577,0.504491925239563,0.750044047832489,0.4783902168273926,0.4904191493988037,0.4714465737342834,0.6828662753105164,0.3411421477794647,0.5741176605224609,0.2881605923175812,0.6877988576889038,0.8334562182426453,0.5859600901603699,0.8319745659828186,0.0,0.0,0.0,0.0,0.0,0.0,0.0,0.0,0.6322628855705261,0.4930793344974518
0.656642496585846,0.3573202192783355,0.6729630827903748,0.3369105160236358,0.6397312879562378,0.3435475528240204,0.6964920163154602,0.3649576306343078,0.6196174621582031,0.3791294395923614,0.7310922741889954,0.4938976466655731,0.5943191647529602,0.502794086933136,0.8004898428916931,0.4426124691963196,0.5037082433700562,0.464790791273117,0.6942142844200134,0.2605874240398407,0.6013494729995728,0.2785329818725586,0.7042241096496582,0.8491374850273132,0.5987275838851929,0.846408486366272,0.0,0.0,0.0,0.0,0.0,0.0,0.0,0.0,0.6615212559700012,0.4960635006427765
0.658573567867279,0.3695767819881439,0.6770485043525696,0.345608502626419,0.640781581401825,0.3528381884098053,0.7016753554344177,0.3729183673858642,0.6216816902160645,0.3870394229888916,0.7341300249099731,0.501914381980896,0.5976136922836304,0.5075167417526245,0.8302152752876282,0.4196436703205108,0.496297687292099,0.4361500740051269,0.7218629121780396,0.2832487225532532,0.5978791117668152,0.2797169685363769,0.7066203355789185,0.8317883610725403,0.6016069054603577,0.8253960013389587,0.0,0.0,0.0,0.0,0.0,0.0,0.0,0.0,0.664044976234436,0.5011516213417053
0.6511052846908569,0.3678362071514129,0.6710583567619324,0.3468116819858551,0.6320551037788391,0.3522217869758606,0.6945673227310181,0.3795793354511261,0.6087173819541931,0.387185662984848,0.723876953125,0.5026808977127075,0.5850258469581604,0.5055257081985474,0.8329758048057556,0.4058497548103332,0.4796462655067444,0.414711445569992,0.7185265421867371,0.2711953818798065,0.5984675288200378,0.2760353684425354,0.6967851519584656,0.8344003558158875,0.5910744667053223,0.8306744694709778,0.0,0.0,0.0,0.0,0.0,0.0,0.0,0.0,0.6508374810218811,0.5002498030662537
0.6405309438705444,0.3663663864135742,0.6597295999526978,0.3437710404396057,0.6215738654136658,0.350688487291336,0.6875050663948059,0.3753231167793274,0.6006930470466614,0.3838202357292175,0.720493733882904,0.5027860403060913,0.576208233833313,0.5002405047416687,0.8281764984130859,0.4009481370449066,0.4713340699672699,0.4124013483524322,0.7024479508399963,0.2676497101783752,0.5926894545555115,0.2710473835468292,0.6890910863876343,0.8337696194648743,0.5810433030128479,0.8272651433944702,0.0,0.0,0.0,0.0,0.0,0.0,0.0,0.0,0.6453036069869995,0.4977912008762359
0.628102719783783,0.3717173635959625,0.646133303642273,0.3481085002422333,0.6082863211631775,0.3561164438724518,0.6750112175941467,0.3745002150535583,0.5912922024726868,0.3884105682373047,0.7128831744194031,0.5004796385765076,0.5695098042488098,0.5001835823059082,0.8142269849777222,0.3996244966983795,0.4641045928001404,0.4145675599575043,0.6865493059158325,0.2620040476322174,0.5722929835319519,0.2867471277713775,0.6773451566696167,0.8312490582466125,0.5699541568756104,0.8233318328857422,0.0,0.0,0.0,0.0,0.0,0.0,0.0,0.0,0.6392878293991089,0.4956140518188476
0.6199020147323608,0.3703384399414062,0.638130247592926,0.349625825881958,0.6048173308372498,0.3535943329334259,0.6656551957130432,0.3777655065059662,0.5881603360176086,0.3845260441303253,0.7037736177444458,0.499803751707077,0.5667777061462402,0.4980942904949188,0.7978380918502808,0.4021840095520019,0.4555464088916778,0.4126450717449188,0.6674296259880066,0.2628726363182068,0.5650237798690796,0.2764508426189422,0.6632620096206665,0.8240712285041809,0.5641309022903442,0.8145162463188171,0.0,0.0,0.5480455160140991,0.9910714030265808,0.0,0.0,0.0,0.0,0.6338614821434021,0.4948950111865997
0.6249700784683228,0.3674655854701996,0.6417474150657654,0.3444314301013946,0.6096230745315552,0.3496050536632538,0.6686843633651733,0.3707101047039032,0.5930624008178711,0.3786595463752746,0.7079634070396423,0.4969083368778229,0.5740199685096741,0.4946120679378509,0.7924453616142273,0.3962404429912567,0.4590754806995392,0.4157445132732391,0.6601141095161438,0.2560559213161468,0.5613915324211121,0.2765296399593353,0.6687840819358826,0.8135749697685242,0.5738421678543091,0.8065988421440125,0.0,0.0,0.5571720004081726,0.991071343421936,0.0,0.0,0.0,0.0,0.6393906474113464,0.4911456406116485
0.6585041284561157,0.3612546622753143,0.6792320609092712,0.337606817483902,0.6424230933189392,0.3494364619255066,0.7139138579368591,0.3707188963890075,0.6304847598075867,0.3888192474842071,0.7427325248718262,0.4978803992271423,0.6164358854293823,0.5026424527168274,0.8220484852790833,0.3742227852344513,0.4930615425109863,0.4242525398731231,0.6842219233512878,0.247259259223938,0.5960634350776672,0.2680326998233795,0.7189458608627319,0.8152768015861511,0.6229767203330994,0.8133875727653503,0.0,0.0,0.0,0.0,0.0,0.0,0.0,0.0,0.6781344413757324,0.4973055720329284
0.7146109938621521,0.3592514991760254,0.7334561347961426,0.3362948894500732,0.6997753977775574,0.3476388454437256,0.7715859413146973,0.361878901720047,0.6892250180244446,0.383540004491806,0.8139341473579407,0.4850791096687317,0.6787540316581726,0.5070436596870422,0.8969143629074097,0.3703785836696625,0.548589289188385,0.4330728352069855,0.7496593594551086,0.2385612875223159,0.642020046710968,0.2733403444290161,0.801276683807373,0.8185849189758301,0.6978670358657837,0.8177698254585266,0.0,0.0,0.663899838924408,0.9910714030265808,0.0,0.0,0.0,0.0,0.7453874349594116,0.4920240044593811
0.7439872026443481,0.3585827350616455,0.7592642903327942,0.3356641232967376,0.7297329902648926,0.3433612883090973,0.7951080203056335,0.3548558056354522,0.7184863686561584,0.374311238527298,0.8469648361206055,0.4753439128398895,0.7086830735206604,0.4974539577960968,0.9310539960861206,0.366903156042099,0.5791403651237488,0.4372582733631134,0.7716907858848572,0.2311738580465316,0.6596612930297852,0.2828290462493896,0.8372349739074707,0.8300705552101135,0.7291110754013062,0.8179699182510376,0.0,0.0,0.0,0.0,0.0,0.0,0.0,0.0,0.7780809998512268,0.4825981557369232
0.7638654708862305,0.3533115684986114,0.7807908058166504,0.328583300113678,0.7481136322021484,0.3359838128089905,0.8123030662536621,0.3528881371021271,0.7357643246650696,0.366748571395874,0.860885739326477,0.4837420880794525,0.7172590494155884,0.4938813745975494,0.9422645568847656,0.3652243614196777,0.59420245885849,0.4280858933925628,0.7966648936271667,0.2258048802614212,0.6834219694137573,0.2696414887905121,0.8421134352684021,0.8502607345581055,0.73443204164505,0.8472673296928406,0.0,0.0,0.0,0.0,0.0,0.0,0.0,0.0,0.7888258099555969,0.4842379093170166
0.7696107029914856,0.3458803594112396,0.7877103686332703,0.3238919675350189,0.753357470035553,0.3289434015750885,0.8186996579170227,0.3487274944782257,0.7387067675590515,0.3603922426700592,0.8658984899520874,0.4736818373203277,0.7126712799072266,0.4875642657279968,0.9480291604995728,0.3651179373264313,0.5980343222618103,0.4173270165920257,0.8061832785606384,0.2191720753908157,0.6857488751411438,0.2692704498767853,0.8444079160690308,0.8301577568054199,0.7346181869506836,0.826233446598053,0.0,0.0,0.0,0.0,0.0,0.0,0.0,0.0,0.7894616723060608,0.4766932427883148
0.7723820805549622,0.346026599407196,0.7908018827438354,0.3242763876914978,0.7546829581260681,0.3288300335407257,0.8237305283546448,0.348617285490036,0.7402085661888123,0.3600986897945404,0.8677372336387634,0.4745011031627655,0.716888427734375,0.4852987229824066,0.9496235847473145,0.3611065745353699,0.5993884205818176,0.4168256819248199,0.8057220578193665,0.210688516497612,0.6929212212562561,0.2581694424152374,0.8449334502220154,0.8290919065475464,0.7349241971969604,0.817261815071106,0.0,0.0,0.0,0.0,0.0,0.0,0.0,0.0,0.7929502129554749,0.4749768376350403
0.7710772752761841,0.343668133020401,0.790290892124176,0.3194426596164703,0.7545610070228577,0.3266153931617737,0.8271040320396423,0.3418582081794739,0.7402657270431519,0.3558555245399475,0.8720817565917969,0.4682939350605011,0.7203758358955383,0.4832894504070282,0.94852477312088,0.3606224954128265,0.5990972518920898,0.4161400496959686,0.8040665984153748,0.2089696079492569,0.7005495429039001,0.2426288276910781,0.8480511903762817,0.8281131982803345,0.7373266816139221,0.8157505989074707,0.0,0.0,0.0,0.0,0.0,0.0,0.0,0.0,0.7963431477546692,0.47060227394104
0.7709184288978577,0.3435613811016083,0.7870846390724182,0.3181132674217224,0.7534385323524475,0.3265435993671417,0.8215346336364746,0.3391502499580383,0.7395616769790649,0.3554611802101135,0.8722471594810486,0.4597075283527374,0.722061812877655,0.481240451335907,0.9438972473144532,0.3511792123317718,0.5998546481132507,0.4218721091747284,0.7967497706413269,0.2134536504745483,0.6803024411201477,0.2678297460079193,0.8507193922996521,0.8125824332237244,0.7438284158706665,0.800115704536438,0.0,0.0,0.0,0.0,0.0,0.0,0.0,0.0,0.7967065572738647,0.467688500881195
0.761368453502655,0.3511208891868591,0.7778862714767456,0.3247889578342438,0.7446919679641724,0.3349388539791107,0.8089408874511719,0.3475207984447479,0.7311517000198364,0.3643743097782135,0.8570384979248047,0.4702162146568298,0.7126457095146179,0.4841148257255554,0.9341703057289124,0.3622890114784241,0.593889057636261,0.4238060116767883,0.7887067198753357,0.2209317535161972,0.6710783243179321,0.2736966013908386,0.8428452610969543,0.8276415467262268,0.7334132194519043,0.814136803150177,0.0,0.0,0.0,0.0,0.0,0.0,0.0,0.0,0.7867597341537476,0.4740233123302459
0.730726420879364,0.3660379350185394,0.7481208443641663,0.344410240650177,0.7122864723205566,0.350198894739151,0.772235095500946,0.3701671957969665,0.6918240189552307,0.3803019523620605,0.8081523180007935,0.4882365763187408,0.6717739105224609,0.4957806766033172,0.8923872113227844,0.3893861770629883,0.5687211155891418,0.4200851321220398,0.7663398385047913,0.2669976353645324,0.6585776209831238,0.2772347033023834,0.7875270843505859,0.8250137567520142,0.682385265827179,0.8119916915893555,0.0,0.0,0.0,0.0,0.0,0.0,0.0,0.0,0.7381293177604675,0.4901057779788971
0.6911085247993469,0.3808796107769012,0.7095247507095337,0.3611432909965515,0.6758323311805725,0.3640062510967254,0.7348760962486267,0.3880222141742706,0.6591708064079285,0.393772691488266,0.7708650827407837,0.5107561945915222,0.6324896216392517,0.5034301280975342,0.8319985270500183,0.4106903374195099,0.5313132405281067,0.4193892478942871,0.7220662832260132,0.2923460602760315,0.6383010745048523,0.280315637588501,0.740761935710907,0.8247978091239929,0.6388100981712341,0.8165344595909119,0.0,0.0,0.0,0.0,0.0,0.0,0.0,0.0,0.7013263702392578,0.5040404796600342
0.6316942572593689,0.3927788734436035,0.6474719047546387,0.3725558221340179,0.6150036454200745,0.3788094520568847,0.6738883256912231,0.4048357009887695,0.5995729565620422,0.4067559540271759,0.7071967720985413,0.5062656998634338,0.5769261121749878,0.4974562525749206,0.7537968754768372,0.4218411147594452,0.4946824014186859,0.4119018912315368,0.6593915820121765,0.2727458775043487,0.5904321074485779,0.2677571475505829,0.6792790293693542,0.8157493472099304,0.5856930613517761,0.8151206374168396,0.0,0.0,0.0,0.0,0.0,0.0,0.0,0.0,0.640142023563385,0.4979095160961151
0.6124140024185181,0.3866264522075653,0.6257257461547852,0.3632162511348724,0.5954118371009827,0.3707096576690674,0.6523142457008362,0.3835678696632385,0.5788766741752625,0.397895485162735,0.6863717436790466,0.5017243027687073,0.5595818161964417,0.5012578964233398,0.7421125173568726,0.4084326326847076,0.4733879566192627,0.4095805287361145,0.6430485844612122,0.2637298703193664,0.573131263256073,0.2597512602806091,0.6586526036262512,0.8326330780982971,0.5631552338600159,0.8319807648658752,0.0,0.0,0.0,0.0,0.0,0.0,0.0,0.0,0.6202179193496704,0.4985503554344177
0.589774489402771,0.3792043626308441,0.6082566380500793,0.3592284619808197,0.5753939747810364,0.360919326543808,0.6325743794441223,0.3882442116737366,0.5571088194847107,0.3948220908641815,0.6615139245986938,0.5082295536994934,0.5331461429595947,0.5019195675849915,0.7318317294120789,0.3991770148277282,0.455238789319992,0.4041372239589691,0.6303476095199585,0.2615421116352081,0.5530706644058228,0.256521075963974,0.6308382153511047,0.8357148170471191,0.532194972038269,0.8321905136108398,0.0,0.0,0.0,0.0,0.0,0.0,0.0,0.0,0.595320999622345,0.5028836131095886
0.573405385017395,0.3710560500621795,0.5892227292060852,0.3508505523204803,0.5558506846427917,0.3556625247001648,0.6120762228965759,0.3786171376705169,0.534412682056427,0.389276921749115,0.6445619463920593,0.5009245276451111,0.5124623775482178,0.4975870251655578,0.7077601552009583,0.4017544686794281,0.4331358969211578,0.3952741920948028,0.6145281195640564,0.2468969821929931,0.5292598605155945,0.2540892362594604,0.6110984086990356,0.815414547920227,0.5135610699653625,0.814454972743988,0.0,0.0,0.4978160858154297,0.9910714030265808,0.0,0.0,0.0,0.0,0.5763433575630188,0.4955711662769317
0.5405681729316711,0.3559731543064117,0.5575479865074158,0.3368133008480072,0.5218407511711121,0.3392062485218048,0.5812708139419556,0.3721132576465606,0.5021350383758545,0.3730363845825195,0.601065456867218,0.4962356686592102,0.4831714928150177,0.4938368201255798,0.6885940432548523,0.3880074322223663,0.3947687149047851,0.3830962777137756,0.5822729468345642,0.2321865111589431,0.49172443151474,0.2382468432188034,0.5884650349617004,0.8283224701881409,0.4879308044910431,0.817538321018219,0.0,0.0,0.0,0.0,0.0,0.0,0.0,0.0,0.5413795709609985,0.4933517277240753
0.5041123032569885,0.3635327219963074,0.5221567749977112,0.3409104943275451,0.4863270819187164,0.3442164361476898,0.5440238118171692,0.3702859878540039,0.4615304172039032,0.3747096061706543,0.565875768661499,0.4937543570995331,0.4395579397678375,0.4882642924785614,0.6577664613723755,0.3909035623073578,0.3563697934150696,0.3778925836086273,0.5593961477279663,0.2389488667249679,0.4612932503223419,0.2394391298294067,0.5459269285202026,0.7995912432670593,0.4477273523807525,0.7955470681190491,0.0,0.0,0.4094240665435791,0.9910715222358704,0.0,0.0,0.0,0.0,0.5007680058479309,0.4871993362903595
0.4755905270576477,0.3690366744995117,0.4937643110752105,0.3493673205375671,0.4589535295963287,0.3463358879089355,0.5113615393638611,0.3770672380924225,0.4320310950279236,0.3739285171031952,0.5281142592430115,0.4959539473056793,0.404045820236206,0.4937832653522491,0.6279606819152832,0.4072034358978271,0.3281073868274688,0.3688926100730896,0.5303113460540771,0.2451890558004379,0.4365715086460113,0.2392055839300155,0.5088015198707581,0.8273643851280212,0.4029137194156647,0.8173531293869019,0.0,0.0,0.0,0.0,0.0,0.0,0.0,0.0,0.4638670980930328,0.4928062856197357
0.4398101270198822,0.3656083941459656,0.45998015999794,0.3508822917938232,0.4226233661174774,0.3472928702831268,0.4765814840793609,0.3861012458801269,0.3953225910663605,0.3801363408565521,0.4960050582885742,0.5017219185829163,0.3644483685493469,0.4943975508213043,0.5985592603683472,0.407033771276474,0.2933611571788788,0.3626013100147247,0.5126832127571106,0.2512476444244385,0.4173705279827118,0.2310360670089721,0.4655706882476806,0.8266516923904419,0.3586739003658294,0.8129199743270874,0.0,0.0,0.0,0.0,0.0,0.0,0.0,0.0,0.4274214804172516,0.4961408078670501
0.4214181900024414,0.3660946786403656,0.4394054412841797,0.3498415350914001,0.4026649296283722,0.3425471484661102,0.452445238828659,0.3830720484256744,0.3691427707672119,0.3737562596797943,0.4660394787788391,0.4983943104743957,0.3364723026752472,0.5035990476608276,0.5763063430786133,0.4128986001014709,0.2768146693706512,0.354337602853775,0.5023629069328308,0.2630722820758819,0.3834312558174133,0.244059607386589,0.4505409896373749,0.8178253173828125,0.3466683030128479,0.8153143525123596,0.0,0.0,0.0,0.0,0.0,0.0,0.0,0.0,0.4011315405368805,0.4984083771705627
0.4041586816310882,0.3584524989128113,0.4213573932647705,0.3425377905368805,0.3849907517433166,0.3361392617225647,0.4364917278289795,0.375120460987091,0.3513908386230469,0.3693475127220154,0.4517359137535095,0.4932444095611572,0.3251678347587585,0.497635155916214,0.5613757371902466,0.3987761437892914,0.2599391341209411,0.3533477187156677,0.4907277524471283,0.2453678548336029,0.3691902458667755,0.2250200659036636,0.4439076781272888,0.8351414799690247,0.3386427462100982,0.8477258086204529,0.0,0.0,0.0,0.0,0.0,0.0,0.0,0.0,0.3874837756156921,0.4928358495235443
0.405722439289093,0.3520276844501495,0.4240702986717224,0.3362355530261993,0.3862426877021789,0.3299934864044189,0.4389230608940124,0.3726406395435333,0.3510561287403106,0.3653091788291931,0.4535494446754455,0.4927256405353546,0.3217656314373016,0.5018911957740784,0.5658303499221802,0.3898857235908508,0.2571366131305694,0.3372891247272491,0.4935771524906158,0.2368832975625991,0.3659783899784088,0.2218420207500457,0.4441980421543121,0.8307872414588928,0.3373789489269256,0.8447085022926331,0.0,0.0,0.0,0.0,0.0,0.0,0.0,0.0,0.3875948786735534,0.4929820895195007
0.409477174282074,0.3434713184833526,0.4297837316989898,0.327048122882843,0.3897174000740051,0.3197124302387237,0.4431406557559967,0.3676795959472656,0.3546898365020752,0.3589318096637726,0.4577607810497284,0.4882209599018097,0.3271306455135345,0.4974929690361023,0.5750293731689453,0.3809599280357361,0.2570903599262237,0.3311085104942322,0.4954845607280731,0.2175761014223098,0.3709253966808319,0.2125781923532486,0.4460421502590179,0.8358233571052551,0.3372865617275238,0.848022997379303,0.0,0.0,0.0,0.0,0.0,0.0,0.0,0.0,0.3921999633312225,0.490070104598999
0.4068116843700409,0.3391640782356262,0.428393542766571,0.3227265775203705,0.3867854475975036,0.3150186836719513,0.4436696469783783,0.3641509711742401,0.354270726442337,0.3513416647911072,0.4577046036720276,0.479093462228775,0.3276947140693664,0.4814454019069671,0.5730085372924805,0.3840587139129638,0.2569302320480346,0.3310799598693847,0.491700679063797,0.2065523862838745,0.3930634558200836,0.1932742297649383,0.4464855194091797,0.8340833783149719,0.3357408046722412,0.8470209836959839,0.0,0.0,0.0,0.0,0.0,0.0,0.0,0.0,0.3933768272399902,0.4779735505580902
0.3577388226985931,0.3080964982509613,0.3750955462455749,0.2933438122272491,0.3376586735248565,0.2800861895084381,0.3871952891349792,0.3347115814685821,0.2963382601737976,0.3157879710197449,0.4022015929222107,0.4652898013591766,0.2576839029788971,0.4699300825595855,0.518559992313385,0.379794031381607,0.1915567219257354,0.2696081697940826,0.4389017522335052,0.1568551361560821,0.3404493629932403,0.1606139242649078,0.3781286180019378,0.8651703596115112,0.2543638348579407,0.8508151769638062,0.0,0.0,0.0,0.0,0.0,0.0,0.0,0.0,0.3267223834991455,0.4644264876842499
0.3002665340900421,0.2718635499477386,0.3234912753105163,0.2533136904239654,0.2793979942798614,0.2395962327718734,0.3313751220703125,0.3024904727935791,0.2280368506908416,0.2746519744396209,0.3447880446910858,0.4576282501220703,0.187410369515419,0.4387495815753937,0.4898282885551452,0.3757380843162536,0.1236577704548835,0.2047728449106216,0.3995265066623688,0.1483168303966522,0.3084225654602051,0.1223142370581626,0.3242613971233368,0.8866891264915466,0.1868917644023895,0.8859017491340637,0.0,0.0,0.0,0.0,0.0,0.0,0.0,0.0,0.2625646889209747,0.445283830165863
0.317557543516159,0.2580471336841583,0.3391165733337402,0.2390815019607544,0.2950012385845184,0.2334170639514923,0.3529108464717865,0.2901318967342376,0.2545608878135681,0.2747277915477752,0.3720330595970154,0.4487538337707519,0.2165635377168655,0.436437577009201,0.5140703916549683,0.3666751980781555,0.1455674022436142,0.3610198199748993,0.4204569160938263,0.1264028847217559,0.0,0.0,0.334450900554657,0.9179908633232116,0.2071289122104644,0.9006980657577515,0.0,0.0,0.0,0.0,0.0,0.0,0.0,0.0,0.2914825975894928,0.4418179094791412
0.381794273853302,0.2299382537603378,0.4047123789787292,0.2182226032018661,0.3561368882656097,0.2070290148258209,0.4272847175598144,0.2728493809700012,0.3156951367855072,0.2602743208408355,0.4563892483711242,0.429145485162735,0.2825274765491485,0.4340327680110931,0.6234097480773926,0.3467255234718323,0.1988638341426849,0.3702548146247864,0.4954087436199188,0.124900035560131,0.0,0.0,0.4339775443077087,0.8663690686225891,0.2910408973693847,0.8828926682472229,0.0,0.0,0.0,0.0,0.0,0.0,0.0,0.0,0.3663150668144226,0.4281233251094818
0.5704628229141235,0.2658520340919494,0.590960681438446,0.2432161718606948,0.5462576150894165,0.2456900179386139,0.615908682346344,0.2745051980018616,0.51921147108078,0.2789679169654846,0.6498793363571167,0.3978813290596008,0.4802746772766113,0.3897180259227752,0.7412253022193909,0.3050011098384857,0.3969087302684784,0.2885433733463287,0.6961753964424133,0.1465674787759781,0.4719980657100677,0.1177900359034538,0.6132898330688477,0.8272122144699097,0.4901396632194519,0.8258866667747498,0.0,0.0,0.0,0.0,0.0,0.0,0.0,0.0,0.5628985166549683,0.3915818631649017
0.5706707835197449,0.2648773491382599,0.5910695195198059,0.2420908510684967,0.5462507605552673,0.2457277327775955,0.6166071891784668,0.2740226089954376,0.5198198556900024,0.2807116210460663,0.6511136889457703,0.3989370167255401,0.481577455997467,0.3895038068294525,0.7412310242652893,0.3084908425807953,0.3978992998600006,0.2865887284278869,0.6903437376022339,0.1334641873836517,0.47291299700737,0.1177336499094963,0.6161141991615295,0.8268360495567322,0.4926021099090576,0.8258572816848755,0.0,0.0,0.0,0.0,0.0,0.0,0.0,0.0,0.5647446513175964,0.3920764029026031
0.5761202573776245,0.2711809873580932,0.595272421836853,0.2476150542497635,0.5515917539596558,0.2484751641750335,0.6174296736717224,0.2790760099887848,0.5227678418159485,0.2806738913059234,0.6527387499809265,0.4046910107135772,0.4813956320285797,0.3914611339569092,0.7513083815574646,0.3095389008522033,0.3949773907661438,0.2773049771785736,0.704211413860321,0.1605221778154373,0.483753353357315,0.1187002211809158,0.6170486211776733,0.8327959179878235,0.4925689995288849,0.8294936418533325,0.0,0.0,0.0,0.0,0.0,0.0,0.0,0.0,0.5644260048866272,0.3963206708431244
0.5954142212867737,0.2711146175861358,0.6170049905776978,0.2468009740114212,0.5748961567878723,0.2486077398061752,0.6381714940071106,0.2760885655879974,0.5427520871162415,0.2784468531608581,0.6690945625305176,0.4065753519535064,0.49483522772789,0.3908698260784149,0.7750971913337708,0.3293182551860809,0.4136512279510498,0.2901373505592346,0.7374662160873413,0.178811103105545,0.5110310912132263,0.1475992500782013,0.6316670775413513,0.8350366353988647,0.5031054019927979,0.8311218023300171,0.0,0.0,0.0,0.0,0.0,0.0,0.0,0.0,0.5814090371131897,0.3990647792816162
0.6127603650093079,0.2791632711887359,0.6342396140098572,0.2542662620544433,0.5931859612464905,0.2537985146045685,0.6554426550865173,0.2866010069847107,0.5624987483024597,0.2841379046440124,0.6851244568824768,0.4148586392402649,0.5168175101280212,0.4034536182880401,0.7886953949928284,0.3168458342552185,0.4266518652439117,0.3036316335201263,0.7489442229270935,0.178666740655899,0.522090494632721,0.1438151746988296,0.6517981886863708,0.8526533246040344,0.5147567987442017,0.8473958969116211,0.0,0.0,0.0,0.0,0.0,0.0,0.0,0.0,0.6004685163497925,0.4068787693977356
0.5950318574905396,0.2727304995059967,0.6154335737228394,0.2485469579696655,0.5769287347793579,0.2479985952377319,0.6376132369041443,0.2785964906215668,0.5460346937179565,0.2770170867443084,0.6739895939826965,0.4065788686275482,0.5028528571128845,0.4041692912578583,0.7799286842346191,0.3591979146003723,0.3950875699520111,0.3454888164997101,0.0,0.0,0.4876948297023773,0.2079990059137344,0.6362714171409607,0.8280060887336731,0.5053054094314575,0.8160600066184998,0.0,0.0,0.0,0.0,0.0,0.0,0.0,0.0,0.5860070586204529,0.4017581343650818
0.5827170014381409,0.2703825235366821,0.6013978719711304,0.2471771389245987,0.5640308260917664,0.2486450374126434,0.6284970045089722,0.2732279896736145,0.5375226140022278,0.272009402513504,0.6642244458198547,0.4080712795257568,0.4937930405139923,0.4003186821937561,0.7660775780677795,0.383789449930191,0.3911007344722748,0.3993872702121734,0.6764224171638489,0.2591007649898529,0.4713674485683441,0.2749911546707153,0.6276694536209106,0.8333719968795776,0.4989420473575592,0.8280820846557617,0.0,0.0,0.0,0.0,0.0,0.0,0.0,0.0,0.5782203674316406,0.4020286202430725
0.5681824684143066,0.2710465490818023,0.5909531712532043,0.244366854429245,0.546446681022644,0.2480473816394806,0.619143545627594,0.2767654061317444,0.5214187502861023,0.2826586067676544,0.6522527933120728,0.4101433455944061,0.4844188094139099,0.4040132164955139,0.7477054595947266,0.3292008936405182,0.3871548771858215,0.3345715701580047,0.6867683529853821,0.1886544674634933,0.4770971834659576,0.1648944616317749,0.613810658454895,0.8434978127479553,0.49079230427742,0.8318414092063904,0.0,0.0,0.0,0.0,0.0,0.0,0.0,0.0,0.5638226270675659,0.4023639857769012
0.5640721917152405,0.2727475464344024,0.5859752297401428,0.2465957254171371,0.5429822206497192,0.2484339028596878,0.6137199401855469,0.2766439020633697,0.5158121585845947,0.2818569242954254,0.6461138129234314,0.4065410494804382,0.4789102375507355,0.4012183248996734,0.7455887794494629,0.3285641670227051,0.3843140602111816,0.3388097286224365,0.6859244704246521,0.1886669248342514,0.4757467806339264,0.1594557464122772,0.6112619042396545,0.8304175138473511,0.487343281507492,0.8298819661140442,0.0,0.0,0.0,0.0,0.0,0.0,0.0,0.0,0.5583584904670715,0.3993397355079651
0.5650703310966492,0.2732028663158417,0.5874737501144409,0.2466350048780441,0.5435486435890198,0.2490493506193161,0.6170791983604431,0.2784650921821594,0.517805278301239,0.2827382385730743,0.6505417823791504,0.4086630046367645,0.4805907905101776,0.4035592377185821,0.7467838525772095,0.3259139358997345,0.386923611164093,0.3335039317607879,0.6891170144081116,0.1935618370771408,0.475471943616867,0.1597121059894561,0.6140011548995972,0.8344554305076599,0.4903816878795624,0.8321161866188049,0.0,0.0,0.0,0.0,0.0,0.0,0.0,0.0,0.5617183446884155,0.4022050499916076
0.5723301768302917,0.2708707153797149,0.5926734209060669,0.2473472505807876,0.5492115616798401,0.249535396695137,0.6168666481971741,0.2795155942440033,0.5221046805381775,0.2840942740440368,0.6520959138870239,0.4059858024120331,0.4842540919780731,0.3950704634189605,0.7389456033706665,0.3145972788333893,0.4019237458705902,0.2881895899772644,0.6902837157249451,0.137954831123352,0.4778335392475128,0.1199361309409141,0.6209933161735535,0.8347557187080383,0.4948964118957519,0.8307945132255554,0.0,0.0,0.0,0.0,0.0,0.0,0.0,0.0,0.5656442046165466,0.3979768753051758
0.5767208933830261,0.2760742306709289,0.5986495614051819,0.2512939572334289,0.5545337796211243,0.2517865002155304,0.6239019632339478,0.2877539098262787,0.5266966819763184,0.2841918766498565,0.6531859040260315,0.4166254699230194,0.48680379986763,0.403301328420639,0.7526745796203613,0.3365634381771087,0.3958028852939605,0.3145153224468231,0.6953297257423401,0.1709023565053939,0.4907701909542084,0.1412672400474548,0.6224505305290222,0.8510657548904419,0.4963056147098541,0.8364478945732117,0.0,0.0,0.0,0.0,0.0,0.0,0.0,0.0,0.5675519704818726,0.4061203002929687
0.5829049348831177,0.2706427276134491,0.6019352078437805,0.2476719170808792,0.5646186470985413,0.2477363795042038,0.6270169615745544,0.2777016460895538,0.5361839532852173,0.2765101492404938,0.6673069596290588,0.4139244556427002,0.4940800964832306,0.4066112637519836,0.7710667252540588,0.3815767467021942,0.3935500681400299,0.3717963695526123,0.6834366917610168,0.2404505759477615,0.4912073314189911,0.2420793920755386,0.6308002471923828,0.831436038017273,0.4995236396789551,0.8286722898483276,0.0,0.0,0.0,0.0,0.0,0.0,0.0,0.0,0.578475296497345,0.4080157279968261
0.6015357971191406,0.270532876253128,0.6203457713127136,0.2446895986795425,0.5819076895713806,0.2479207515716552,0.6491325497627258,0.2708614468574524,0.5525152087211609,0.2770618200302124,0.6833270788192749,0.4095513522624969,0.5081484913825989,0.4031781256198883,0.803876519203186,0.4025382399559021,0.4250595867633819,0.3564684689044952,0.7600736021995544,0.2718389332294464,0.5256760716438293,0.2469402551651001,0.6390319466590881,0.8339112401008606,0.5035597085952759,0.8283692598342896,0.0,0.0,0.0,0.0,0.0,0.0,0.0,0.0,0.594261646270752,0.4039934575557709
0.6099734306335449,0.2742831408977508,0.6306848526000977,0.2468499988317489,0.5908359289169312,0.2486923784017563,0.6555277109146118,0.275499939918518,0.5607836842536926,0.2787908017635345,0.6864771246910095,0.41464763879776,0.5185707807540894,0.4030050635337829,0.8161682486534119,0.4011836051940918,0.4382316172122955,0.3475356101989746,0.7727146148681641,0.2731369137763977,0.5330356359481812,0.2570788562297821,0.6464246511459351,0.8456676602363586,0.5095526576042175,0.8291922807693481,0.0,0.0,0.0,0.0,0.0,0.0,0.0,0.0,0.6006101965904236,0.4075662493705749
0.6111657023429871,0.2745499014854431,0.6327722668647766,0.247145801782608,0.5928150415420532,0.2480460107326507,0.6590235829353333,0.2768803238868713,0.5628791451454163,0.2777502238750458,0.6875287294387817,0.4133165776729584,0.5183800458908081,0.402452677488327,0.8136938214302063,0.3900354504585266,0.4359826743602752,0.3576373755931854,0.7593538165092468,0.2572256326675415,0.5316893458366394,0.2535320818424225,0.6487334966659546,0.8278453946113586,0.5104839205741882,0.8148309588432312,0.0,0.0,0.0,0.0,0.0,0.0,0.0,0.0,0.6009148359298706,0.4055139124393463
0.6091347336769104,0.2731203436851501,0.6305184364318848,0.2482730597257614,0.594046950340271,0.2452157735824585,0.6536939740180969,0.2798453867435455,0.5638501048088074,0.2712792754173279,0.6838726997375488,0.4102345108985901,0.5150033831596375,0.4034819304943084,0.7917388081550598,0.3611259758472442,0.4254718422889709,0.3660036027431488,0.7405169606208801,0.2376136481761932,0.5192647576332092,0.2464371472597122,0.649034321308136,0.8292600512504578,0.5117151141166687,0.8161616325378418,0.0,0.0,0.0,0.0,0.0,0.0,0.0,0.0,0.5964375138282776,0.4047223031520843
0.5999290347099304,0.2729927599430084,0.6204885244369507,0.2494415789842605,0.5831672549247742,0.2473353147506714,0.6454355120658875,0.2827935218811035,0.5529495477676392,0.277157187461853,0.6795884966850281,0.4112168848514557,0.50837242603302,0.4067334234714508,0.7908765077590942,0.3678313791751861,0.4061358869075775,0.3598860800266266,0.7344138026237488,0.2310980260372162,0.5057729482650757,0.2369235306978225,0.6400887370109558,0.8355531692504883,0.5075612664222717,0.8289898037910461,0.0,0.0,0.0,0.0,0.0,0.0,0.0,0.0,0.5913645029067993,0.4052631855010986
0.5883000493049622,0.2772816121578216,0.6104282736778259,0.2516834139823913,0.5705162286758423,0.2530269920825958,0.6339532136917114,0.2816115915775299,0.5429526567459106,0.2812190651893616,0.6694232225418091,0.4133852422237396,0.4976434111595154,0.4027760624885559,0.7724863290786743,0.3450805246829986,0.399932712316513,0.3281919062137604,0.710859477519989,0.1984613835811615,0.4993251860141754,0.1839735209941864,0.6325902938842773,0.8462304472923279,0.5039368867874146,0.8316727876663208,0.0,0.0,0.0,0.0,0.0,0.0,0.0,0.0,0.5800366997718811,0.4056438505649566
0.5815563797950745,0.2765515446662903,0.6037387847900391,0.251644104719162,0.5614308714866638,0.2532618641853332,0.6298144459724426,0.2830561995506286,0.5332701802253723,0.2817030549049377,0.6619697213172913,0.416233092546463,0.4890531897544861,0.4025435149669647,0.7564700245857239,0.3261832296848297,0.399501234292984,0.3151848614215851,0.7066798210144043,0.1716361045837402,0.4910989105701446,0.1512744128704071,0.6264194846153259,0.8635857701301575,0.4994812607765198,0.8455204963684082,0.0,0.0,0.0,0.0,0.0,0.0,0.0,0.0,0.5728921890258789,0.4062113463878631
0.578363835811615,0.2764316499233246,0.5989173054695129,0.2512790560722351,0.5562431812286377,0.2537811696529388,0.624536395072937,0.2829129993915558,0.5292652249336243,0.2851239144802093,0.6566987037658691,0.4085609912872314,0.4893360733985901,0.3977606296539306,0.7427536845207214,0.311269074678421,0.4051330685615539,0.3047169148921966,0.6984715461730957,0.1488800942897796,0.4779178202152252,0.1345487236976623,0.6217733025550842,0.8466043472290039,0.4978573322296142,0.832345187664032,0.0,0.0,0.0,0.0,0.0,0.0,0.0,0.0,0.5707262754440308,0.4003277420997619
0.5741245150566101,0.2744297385215759,0.5965919494628906,0.2527333199977875,0.5518432259559631,0.2514451146125793,0.6222567558288574,0.2900299429893493,0.5237865447998047,0.2854327857494354,0.6532673835754395,0.4075178503990173,0.4846274256706238,0.3959317207336426,0.7271924018859863,0.295962780714035,0.4016211628913879,0.2741205096244812,0.6853617429733276,0.1305063515901565,0.4724237620830536,0.1071641221642494,0.6183399558067322,0.834048330783844,0.4941413402557373,0.8301448225975037,0.0,0.0,0.0,0.0,0.0,0.0,0.0,0.0,0.567259669303894,0.3989288806915283
0.5684243440628052,0.2726475894451141,0.5904728770256042,0.2510009407997131,0.5467609763145447,0.2511914074420929,0.6150766611099243,0.2839606404304504,0.5205265879631042,0.2851475775241852,0.648837149143219,0.4017594158649444,0.4813986420631408,0.393607348203659,0.7212358713150024,0.2960829734802246,0.4017079174518585,0.2762286961078644,0.6834989786148071,0.1292551755905151,0.4625916481018066,0.1076803728938102,0.6150986552238464,0.8275876045227051,0.4916513562202453,0.8271573781967163,0.0,0.0,0.0,0.0,0.0,0.0,0.0,0.0,0.5634548664093018,0.3956587016582489
0.5630764365196228,0.2747469544410705,0.584284245967865,0.2514098584651947,0.5410863161087036,0.2503339350223541,0.6099921464920044,0.2819700539112091,0.5146132111549377,0.2818241417407989,0.6446009278297424,0.3974902927875519,0.4786654412746429,0.394319474697113,0.7236564755439758,0.2988412976264953,0.395854502916336,0.2925251424312591,0.6731500625610352,0.1341392695903778,0.4604444205760956,0.1093958616256713,0.6140681505203247,0.8142613768577576,0.4904395937919616,0.8236112594604492,0.0,0.0,0.0,0.0,0.0,0.0,0.0,0.0,0.5589597821235657,0.3945440948009491
0.5588719248771667,0.274185836315155,0.5810132026672363,0.2491702586412429,0.5364644527435303,0.2512381374835968,0.6099938154220581,0.278773158788681,0.5117039084434509,0.280195027589798,0.6453532576560974,0.3992420732975006,0.4754489064216614,0.3972576558589935,0.7219914793968201,0.2971376776695251,0.3834379017353058,0.3096666932106018,0.6666797995567322,0.1429665088653564,0.4507018029689789,0.1315071433782577,0.6127037405967712,0.8259873986244202,0.4899974465370178,0.8263954520225525,0.0,0.0,0.0,0.0,0.0,0.0,0.0,0.0,0.5584197640419006,0.3964914977550506
0.5558029413223267,0.27680104970932,0.5761915445327759,0.248324379324913,0.5338935256004333,0.2528556287288666,0.6011277437210083,0.2753877639770508,0.5102689862251282,0.2814224660396576,0.6404121518135071,0.4027161598205566,0.47833052277565,0.4050778746604919,0.7234166264533997,0.3226756751537323,0.3780913054943084,0.3386489748954773,0.6554935574531555,0.1728477030992508,0.4386215507984161,0.1643684804439544,0.6111483573913574,0.8295133709907532,0.4895420968532562,0.8299267888069153,0.0,0.0,0.0,0.0,0.0,0.0,0.0,0.0,0.5565739274024963,0.4000850021839142
0.5555949807167053,0.2766294181346893,0.5750972628593445,0.2476724535226822,0.5352283716201782,0.251400351524353,0.5988953709602356,0.2718870639801025,0.5079587697982788,0.2767122685909271,0.6379554867744446,0.4007501304149627,0.4721850752830505,0.4065749943256378,0.7327367663383484,0.3409819602966308,0.3646276295185089,0.3652536869049072,0.6465170979499817,0.1964055001735687,0.4361532032489776,0.2187403440475464,0.6113060712814331,0.832990288734436,0.4885140359401703,0.8316560387611389,0.0,0.0,0.0,0.0,0.0,0.0,0.0,0.0,0.5519989728927612,0.4006896913051605
0.5564404726028442,0.2758336961269378,0.5759302973747253,0.2489759176969528,0.5377525091171265,0.2523152530193329,0.6009024381637573,0.2757292687892914,0.512100875377655,0.2765532433986664,0.6390643119812012,0.3997080326080322,0.4748754501342773,0.4051733016967773,0.75273597240448,0.3762035667896271,0.3608796298503876,0.3860239386558532,0.0,0.0,0.4358813762664795,0.2525981068611145,0.6130000352859497,0.8303789496421814,0.4869284629821777,0.830142080783844,0.0,0.0,0.0,0.0,0.0,0.0,0.0,0.0,0.5556979179382324,0.3995674252510071
0.5525175333023071,0.2760952413082123,0.5720711946487427,0.2477509826421737,0.5334572196006775,0.2535655498504638,0.6000568270683289,0.2734937667846679,0.5098437070846558,0.276874840259552,0.6381809115409851,0.3996475636959076,0.4751507639884949,0.4083238244056701,0.7414577603340149,0.370924562215805,0.3601204454898834,0.4021519720554352,0.6461899876594543,0.2418066263198852,0.4426388144493103,0.2631227672100067,0.614308774471283,0.8276860117912292,0.4866475164890289,0.8277389407157898,0.0,0.0,0.0,0.0,0.0,0.0,0.0,0.0,0.5560941100120544,0.4013116955757141
0.5564702153205872,0.2761560380458832,0.5760847926139832,0.2506291568279266,0.5386660099029541,0.2525284886360168,0.5998291969299316,0.277722030878067,0.5136657953262329,0.2769007384777069,0.6379488110542297,0.3999132215976715,0.4739453196525574,0.4058795571327209,0.7537936568260193,0.3757540285587311,0.3617309927940368,0.3818104267120361,0.0,0.0,0.4433856904506683,0.240564540028572,0.6117596626281738,0.8293258547782898,0.4856937527656555,0.8290883898735046,0.0,0.0,0.0,0.0,0.0,0.0,0.0,0.0,0.5546113848686218,0.4002441465854645
0.5518763661384583,0.2773554921150207,0.573551595211029,0.2509834468364715,0.5314067006111145,0.2545476257801056,0.6006723642349243,0.2806815803050995,0.5085064768791199,0.2831909954547882,0.6384061574935913,0.4048570990562439,0.4749656021595001,0.4081926941871643,0.733224093914032,0.3391794562339782,0.3714344501495361,0.3454095423221588,0.6618483662605286,0.1969006955623626,0.4483493864536285,0.178130030632019,0.6090573668479919,0.8255209922790527,0.4865832924842834,0.8255235552787781,0.0,0.0,0.0,0.0,0.0,0.0,0.0,0.0,0.5536258220672607,0.4039682745933532
0.5522722005844116,0.2786095440387726,0.5743789672851562,0.2523396611213684,0.5317162871360779,0.2533923685550689,0.5993528366088867,0.2810688614845276,0.507536768913269,0.2804210484027862,0.6379767060279846,0.4034623801708221,0.4721123576164245,0.4023638665676117,0.7244585156440735,0.3132201135158539,0.3800442516803741,0.3208959996700287,0.6632899045944214,0.1627746820449829,0.4570864140987396,0.146330326795578,0.608391284942627,0.8258361220359802,0.4867155849933624,0.8253403306007385,0.0,0.0,0.0,0.0,0.0,0.0,0.0,0.0,0.5520804524421692,0.4007392823696136
0.5534229278564453,0.2790703177452087,0.5750203728675842,0.2523569166660309,0.5324335694313049,0.2550202310085296,0.6003290414810181,0.2828549742698669,0.5103174448013306,0.2853825390338897,0.6385285258293152,0.4052737057209015,0.474758118391037,0.4068468511104584,0.7264851331710815,0.3224109709262848,0.3786191344261169,0.3321834206581116,0.6642361283302307,0.1803441047668457,0.4535360634326935,0.1663148552179336,0.6066017746925354,0.8285909295082092,0.4860027134418487,0.8282084465026855,0.0,0.0,0.0,0.0,0.0,0.0,0.0,0.0,0.553229570388794,0.4039024412631988
0.55897057056427,0.2777813374996185,0.5796018242835999,0.2508074343204498,0.5387728810310364,0.2529137730598449,0.605625569820404,0.2779768407344818,0.5125852227210999,0.2796235084533691,0.6395276784896851,0.4021973609924316,0.4729416370391845,0.4031260013580322,0.7291682958602905,0.3215421140193939,0.3688282668590545,0.3478680253028869,0.6602646708488464,0.2079612463712692,0.4567711651325226,0.1990913599729538,0.6121528744697571,0.8316907286643982,0.4864276051521301,0.8306879997253418,0.0,0.0,0.0,0.0,0.0,0.0,0.0,0.0,0.5542386174201965,0.4000741839408874
0.5618330836296082,0.2724731564521789,0.5818018317222595,0.2455778419971466,0.5422753691673279,0.248532623052597,0.6077941656112671,0.2722132503986358,0.5171684622764587,0.2772113382816314,0.6420825719833374,0.4012248814105987,0.4757974445819855,0.4069893062114715,0.7527176141738892,0.3791727125644684,0.3647364675998688,0.381476879119873,0.661787211894989,0.2311166673898697,0.4533605873584747,0.2449513971805572,0.6128267049789429,0.8284121751785278,0.4858930110931396,0.8286690711975098,0.0,0.0,0.0,0.0,0.0,0.0,0.0,0.0,0.5586628913879395,0.4010447561740875
0.5600841045379639,0.2698336243629455,0.5824319124221802,0.2463003396987915,0.5422462821006775,0.2480531930923462,0.6114086508750916,0.2769179940223694,0.5172106027603149,0.2806775271892547,0.6477524638175964,0.4014238715171814,0.4791122078895569,0.4036533236503601,0.7555197477340698,0.3873135447502136,0.3725708425045013,0.3867338597774505,0.648719847202301,0.2395682036876678,0.4575100243091583,0.259596586227417,0.6151326298713684,0.8248788714408875,0.486468106508255,0.825838029384613,0.0,0.0,0.0,0.0,0.0,0.0,0.0,0.0,0.562064528465271,0.3989000618457794
0.5608394742012024,0.2688691914081573,0.5824167132377625,0.2459916174411773,0.5421910881996155,0.2475509941577911,0.6115545034408569,0.2762351632118225,0.5156878232955933,0.2787823379039764,0.6498841047286987,0.3989797532558441,0.4791982471942901,0.4021982848644256,0.759323000907898,0.4001875817775726,0.3762828409671783,0.4008512496948242,0.6516509652137756,0.2438839226961136,0.456064909696579,0.2726422548294067,0.618777334690094,0.8160977959632874,0.4874460995197296,0.8251133561134338,0.0,0.0,0.0,0.0,0.0,0.0,0.0,0.0,0.5629084706306458,0.3972175419330597
0.5583387613296509,0.2823500037193298,0.5766046643257141,0.2572670578956604,0.539131760597229,0.2642382383346557,0.6101260185241699,0.2837294638156891,0.5142547488212585,0.2945195734500885,0.6565820574760437,0.3990902900695801,0.4837429523468017,0.4023125767707824,0.7524837851524353,0.4140152335166931,0.3699357509613037,0.4197281002998352,0.6630302667617798,0.2805749773979187,0.4672910869121551,0.282139390707016,0.6220406293869019,0.816200315952301,0.4893291592597961,0.8239009976387024,0.0,0.0,0.0,0.0,0.0,0.0,0.0,0.0,0.5688332915306091,0.3976565301418304
0.571255624294281,0.2943800389766693,0.5817054510116577,0.2738701999187469,0.5537688136100769,0.2754512131214142,0.604383111000061,0.2910561561584472,0.5264871716499329,0.2938704490661621,0.6565122604370117,0.3951425552368164,0.478862315416336,0.3948999345302582,0.7544832825660706,0.4389469027519226,0.3700420558452606,0.4528684318065643,0.6676941514015198,0.2992420792579651,0.4722500145435333,0.3029508888721466,0.6251464486122131,0.8148840665817261,0.4913499653339386,0.8135908246040344,0.0,0.0,0.0,0.0,0.0,0.0,0.0,0.0,0.5676750540733337,0.3941138684749603
0.5747720003128052,0.2819545567035675,0.5918144583702087,0.2604101002216339,0.5557135343551636,0.259503424167633,0.6189403533935547,0.2859385311603546,0.5276032090187073,0.2827727496623993,0.6622965931892395,0.3987357318401336,0.4852167069911957,0.4016050398349762,0.7563920021057129,0.4198314845561981,0.3728187382221222,0.4160790741443634,0.6698660850524902,0.2849408090114593,0.4741517901420593,0.2826205492019653,0.6250482797622681,0.8260103464126587,0.4910323023796081,0.824922502040863,0.0,0.0,0.0,0.0,0.0,0.0,0.0,0.0,0.573184609413147,0.3981312811374664
0.5754563212394714,0.2721913754940033,0.5959579348564148,0.2491795122623443,0.5559066534042358,0.2477662712335586,0.6210004687309265,0.2814430296421051,0.5256743431091309,0.2783126831054687,0.657680869102478,0.4126991927623749,0.4894472658634186,0.4056901335716247,0.7638722658157349,0.3888283669948578,0.3853248059749603,0.3784342408180237,0.6656897664070129,0.2390909343957901,0.4704793095588684,0.2550715804100036,0.6202632188796997,0.8337922096252441,0.4910767674446106,0.8315640687942505,0.0,0.0,0.0,0.0,0.0,0.0,0.0,0.0,0.5715794563293457,0.4060088992118835
0.5749444365501404,0.2743944525718689,0.5964006185531616,0.2521084249019623,0.556119978427887,0.2479527741670608,0.6190599203109741,0.2888565361499786,0.5266433358192444,0.2777184844017029,0.6515812277793884,0.408248633146286,0.4864024221897125,0.4024608135223388,0.7586938142776489,0.3643935322761535,0.3860199153423309,0.3492745459079742,0.0,0.0,0.4781283736228943,0.2026208341121673,0.6179646253585815,0.8352736234664917,0.4927662312984466,0.8316205739974976,0.0,0.0,0.0,0.0,0.0,0.0,0.0,0.0,0.5668129920959473,0.4015143811702728
0.5747858881950378,0.2781706154346466,0.5968408584594727,0.2528895735740661,0.55279141664505,0.2529954314231872,0.6230677962303162,0.2877605855464935,0.525496244430542,0.2840674817562103,0.65545254945755,0.4125048220157623,0.486928790807724,0.3992606997489929,0.7474331855773926,0.3229846954345703,0.3925270140171051,0.3154383599758148,0.6939976811408997,0.1689105480909347,0.4849907457828522,0.1430605798959732,0.6187378168106079,0.8458837270736694,0.4941479861736297,0.832951545715332,0.0,0.0,0.0,0.0,0.0,0.0,0.0,0.0,0.5685758590698242,0.4023923277854919
0.5779377222061157,0.2750363349914551,0.5983231663703918,0.2518109977245331,0.5551205277442932,0.253229945898056,0.6214203238487244,0.2887342870235443,0.5267388224601746,0.2875177562236786,0.6545646786689758,0.4086942970752716,0.4857916831970215,0.3963634967803955,0.7412703633308411,0.3086661398410797,0.3969549536705017,0.2918279767036438,0.698560893535614,0.1503504663705825,0.478423923254013,0.1243015453219413,0.6201748847961426,0.8459757566452026,0.4949464797973633,0.8330963253974915,0.0,0.0,0.0,0.0,0.0,0.0,0.0,0.0,0.567612886428833,0.4000556468963623
0.5782553553581238,0.2743150293827057,0.5992451906204224,0.2517313361167907,0.5557405352592468,0.2526417672634125,0.623247504234314,0.2872931063175201,0.5266984701156616,0.284082293510437,0.6535411477088928,0.4051377177238464,0.4859154522418976,0.3903259932994842,0.7313655018806458,0.3088471591472626,0.4046020805835724,0.2723447382450104,0.6996137499809265,0.1470033377408981,0.4772170484066009,0.1126488447189331,0.6212950944900513,0.8343984484672546,0.4964816570281982,0.8307265043258667,0.0,0.0,0.0,0.0,0.0,0.0,0.0,0.0,0.568446695804596,0.3955006897449493
0.5785508751869202,0.2725201249122619,0.5999265313148499,0.2516221404075622,0.5573714375495911,0.2513868808746338,0.6252393126487732,0.2892265915870666,0.5293349623680115,0.2826725840568542,0.6535957455635071,0.4034013450145721,0.4864208698272705,0.3892600834369659,0.7251772880554199,0.2946219444274902,0.4121032655239105,0.259071797132492,0.6859744787216187,0.1040109619498252,0.4807011783123016,0.0936804264783859,0.6224861145019531,0.8323147892951965,0.4963841140270233,0.8292139172554016,0.0,0.0,0.0,0.0,0.0,0.0,0.0,0.0,0.5691269040107727,0.3939039409160614
0.5781376957893372,0.2715561091899872,0.5992752909660339,0.2523213028907776,0.5585824251174927,0.2512164413928985,0.626891553401947,0.2894096076488495,0.5315638184547424,0.2794365882873535,0.654662013053894,0.4023644626140594,0.4857259392738342,0.3848666846752167,0.7153632044792175,0.2773208618164062,0.4350945353507995,0.2370577752590179,0.6864441633224487,0.0983293801546096,0.4814398884773254,0.0849751383066177,0.6238812804222107,0.8339759707450867,0.4963738620281219,0.8318325281143188,0.0,0.0,0.0,0.0,0.0,0.0,0.0,0.0,0.5704476833343506,0.3916590511798858
0.5780391097068787,0.2724528610706329,0.5987090468406677,0.2536298632621765,0.5589501857757568,0.2520947754383087,0.6246986389160156,0.2920722365379333,0.5314123034477234,0.2797557413578033,0.6525830626487732,0.403944194316864,0.4841180443763733,0.3827524781227112,0.7069168090820312,0.2666999995708465,0.4504757523536682,0.2435050010681152,0.6858872771263123,0.0986998826265335,0.4811835885047912,0.0866280198097229,0.6225119829177856,0.8336710333824158,0.4961848855018616,0.8317232131958008,0.0,0.0,0.0,0.0,0.0,0.0,0.0,0.0,0.5683788657188416,0.3910990059375763
0.5775843858718872,0.2740788161754608,0.5991517901420593,0.2541897594928741,0.558078944683075,0.252282053232193,0.6240225434303284,0.2959403991699219,0.5305283665657043,0.2818338572978973,0.6510022282600403,0.4075574278831482,0.4845392405986786,0.3844100832939148,0.7111896872520447,0.2896375954151153,0.4549360573291778,0.2466429471969604,0.703088104724884,0.1439196169376373,0.4776447117328644,0.1063000932335853,0.621123194694519,0.8347806334495544,0.4961511790752411,0.8320751786231995,0.0,0.0,0.0,0.0,0.0,0.0,0.0,0.0,0.5667216777801514,0.3951589167118072
0.5770469307899475,0.2730302810668945,0.5987016558647156,0.2526174485683441,0.557426929473877,0.2512975335121155,0.6248201727867126,0.2926416397094726,0.5293251276016235,0.2803838551044464,0.6514507532119751,0.4087454974651336,0.4867925345897674,0.3848702907562256,0.7162938117980957,0.2981782257556915,0.4506638050079345,0.2477664947509765,0.7016278505325317,0.1501097530126571,0.4804145693778991,0.1089241728186607,0.6224536895751953,0.8444810509681702,0.4976925253868103,0.8328715562820435,0.0,0.0,0.0,0.0,0.0,0.0,0.0,0.0,0.5674842596054077,0.3956866264343261
0.5786243081092834,0.2744366824626922,0.599329948425293,0.2520506978034973,0.5582771897315979,0.2508215606212616,0.6217570304870605,0.292044460773468,0.5293592214584351,0.2821382582187652,0.6505509614944458,0.4120365083217621,0.4880598485469818,0.3936075270175934,0.7275593876838684,0.3181362152099609,0.4160695075988769,0.2974348962306976,0.7040647864341736,0.1666036993265152,0.4802704751491546,0.1320397406816482,0.6225646138191223,0.8482394218444824,0.497752845287323,0.8351541757583618,0.0,0.0,0.0,0.0,0.0,0.0,0.0,0.0,0.5667315721511841,0.4007401466369629
0.5804975628852844,0.2720988094806671,0.6009344458580017,0.2486249506473541,0.5587800145149231,0.2476569861173629,0.6232215166091919,0.2820765078067779,0.5286404490470886,0.2793289124965668,0.6539859771728516,0.4083689749240875,0.4892304241657257,0.3980682790279388,0.7413290143013,0.3400051593780517,0.3991625308990478,0.3172891438007355,0.6968110203742981,0.1954438835382461,0.4797873497009277,0.1551885902881622,0.6218895316123962,0.8491683602333069,0.4964608550071716,0.834464967250824,0.0,0.0,0.0,0.0,0.0,0.0,0.0,0.0,0.5685828328132629,0.4003014266490936
0.5808377265930176,0.2702665627002716,0.5996471643447876,0.2452937811613083,0.5599246025085449,0.2441027015447616,0.6224554181098938,0.2720731198787689,0.5289787650108337,0.2682753503322601,0.6576637625694275,0.4021973609924316,0.4883365929126739,0.3950784802436828,0.7603446245193481,0.3640149533748626,0.383177101612091,0.3551991581916809,0.6674692034721375,0.2022991329431533,0.4829385578632355,0.197768822312355,0.6249927878379822,0.8454651236534119,0.4965679943561554,0.8315171003341675,0.0,0.0,0.0,0.0,0.0,0.0,0.0,0.0,0.5716428756713867,0.3952549397945404
0.5816298127174377,0.2700098156929016,0.6003509163856506,0.2449456006288528,0.5614438652992249,0.2451476901769638,0.6233345866203308,0.2710941731929779,0.5289669632911682,0.2704909443855285,0.6588869094848633,0.4028340876102447,0.4907931387424469,0.3982660472393036,0.7610520720481873,0.3781806528568268,0.3786125481128692,0.3750248551368713,0.6670077443122864,0.2391252517700195,0.4807359874248504,0.236822172999382,0.6261197924613953,0.84319669008255,0.4958104491233825,0.8300181031227112,0.0,0.0,0.0,0.0,0.0,0.0,0.0,0.0,0.5736240744590759,0.3979896605014801
0.5817155838012695,0.2714259922504425,0.6001878380775452,0.2480176538228988,0.5624653100967407,0.2481569498777389,0.6254230737686157,0.2731496095657348,0.5326589941978455,0.2707944512367248,0.6599740982055664,0.4024234116077423,0.4900160133838653,0.3947600722312927,0.7653642296791077,0.4020826816558838,0.3826677799224853,0.3824042379856109,0.6813751459121704,0.2697182297706604,0.4814339578151703,0.2568886876106262,0.6269024610519409,0.835041880607605,0.496392160654068,0.8303881883621216,0.0,0.0,0.0,0.0,0.0,0.0,0.0,0.0,0.5746522545814514,0.3962732851505279
0.5822492837905884,0.2708056271076202,0.6009669303894043,0.2486824989318847,0.5637586712837219,0.2486278712749481,0.6275160908699036,0.2740162312984466,0.5348265171051025,0.2678072154521942,0.6625530123710632,0.4046288430690765,0.4899678826332092,0.3941319286823272,0.7673805356025696,0.4071719646453857,0.383756935596466,0.3887903094291687,0.6883448958396912,0.2792249321937561,0.4877905249595642,0.256490409374237,0.6275314688682556,0.8347988724708557,0.4975467622280121,0.8299503326416016,0.0,0.0,0.0,0.0,0.0,0.0,0.0,0.0,0.5758227705955505,0.3968182206153869
0.5825517773628235,0.2716110646724701,0.601197361946106,0.2492494136095047,0.5640012621879578,0.2507091164588928,0.6281892657279968,0.2729092240333557,0.536419689655304,0.2721073031425476,0.6658790707588196,0.3987948596477508,0.4922854304313659,0.3957708775997162,0.7641894221305847,0.4045210182666778,0.3909518718719482,0.3887648582458496,0.6867277026176453,0.2776752114295959,0.487654447555542,0.2614337801933288,0.6300802826881409,0.8344073295593262,0.4992247521877289,0.8291655778884888,0.0,0.0,0.0,0.0,0.0,0.0,0.0,0.0,0.5782667398452759,0.3937165439128876
0.5835389494895935,0.2727181315422058,0.6022466421127319,0.2500112354755401,0.5657054781913757,0.2506688237190246,0.6295443773269653,0.2742234170436859,0.5389106869697571,0.2724644541740417,0.664500892162323,0.4066219627857208,0.4968609511852264,0.3965969383716583,0.7655747532844543,0.4031330049037933,0.3985337316989898,0.3921168744564056,0.6983002424240112,0.2872408926486969,0.4822013080120086,0.272648423910141,0.6294530034065247,0.8311435580253601,0.4997573494911194,0.8265370726585388,0.0,0.0,0.0,0.0,0.0,0.0,0.0,0.0,0.5784153342247009,0.3996299207210541
0.5823678970336914,0.2691516280174255,0.5991119742393494,0.2450297623872757,0.5642181038856506,0.2481502443552017,0.6287870407104492,0.2649256289005279,0.539534866809845,0.2665819525718689,0.6665368676185608,0.3921304047107696,0.4940891563892364,0.387862890958786,0.7667286992073059,0.4216438829898834,0.4015693068504333,0.422245442867279,0.6992469429969788,0.3028524816036224,0.476084291934967,0.2917518615722656,0.6319260001182556,0.8303714394569397,0.5008190274238586,0.8263933062553406,0.0,0.0,0.0,0.0,0.0,0.0,0.0,0.0,0.5807026028633118,0.3872789740562439
0.5789123773574829,0.2709885537624359,0.5947884321212769,0.2503871619701385,0.5623147487640381,0.2489645779132843,0.6229068040847778,0.2739485800266266,0.5392483472824097,0.2668614089488983,0.664085328578949,0.3938272893428802,0.4903752505779266,0.3914062082767486,0.7641846537590027,0.4507835209369659,0.3949359953403473,0.4544698894023895,0.6911088824272156,0.3291219770908355,0.473517507314682,0.3287544846534729,0.6324023008346558,0.8298571705818176,0.4995137155056,0.8265832662582397,0.0,0.0,0.0,0.0,0.0,0.0,0.0,0.0,0.5789761543273926,0.3897696435451507
0.5785208940505981,0.2840104401111603,0.5955145955085754,0.2623811066150665,0.5599545836448669,0.2615544199943542,0.6235308647155762,0.2783298790454864,0.5372099280357361,0.2753969728946686,0.6614935994148254,0.396046906709671,0.4877735674381256,0.3940947949886322,0.7696154713630676,0.4842154085636139,0.3871706426143646,0.4811655879020691,0.6982425451278687,0.3728568851947784,0.4700496792793274,0.3695127069950104,0.6338329911231995,0.8307185769081116,0.5001789331436157,0.8270308375358582,0.0,0.0,0.0,0.0,0.0,0.0,0.0,0.0,0.577328085899353,0.3906843960285187
0.5820304155349731,0.2800274491310119,0.5960035920143127,0.2571980953216553,0.5649804472923279,0.2494591027498245,0.6206365823745728,0.2612387835979461,0.5450218319892883,0.2616083920001983,0.6565116047859192,0.3878378570079803,0.4900334477424621,0.3945644199848175,0.7619802355766296,0.4887104630470276,0.3883896470069885,0.4876308441162109,0.6950139403343201,0.3781587183475494,0.4728357195854187,0.3797029852867126,0.6332685351371765,0.8290871381759644,0.5027031302452087,0.8172687292098999,0.0,0.0,0.0,0.0,0.0,0.0,0.0,0.0,0.5761827826499939,0.3881359696388244
0.5779635310173035,0.2756126821041107,0.5947644114494324,0.2556462287902832,0.5596202611923218,0.2537991106510162,0.6225611567497253,0.2771391272544861,0.5351239442825317,0.2730322480201721,0.6617308855056763,0.3946246802806854,0.4873311817646026,0.3942671716213226,0.7680255174636841,0.473020851612091,0.3907122910022735,0.4729231894016266,0.6964169144630432,0.3574065566062927,0.4668289124965668,0.3531442582607269,0.6339618563652039,0.8294178247451782,0.5007025003433228,0.8255718350410461,0.0,0.0,0.0,0.0,0.0,0.0,0.0,0.0,0.576156735420227,0.390633076429367
0.5819112062454224,0.2697564363479614,0.5964236259460449,0.2444349527359008,0.5657786130905151,0.2433887273073196,0.6219711899757385,0.2625967562198639,0.5428231954574585,0.2558668553829193,0.6633734107017517,0.3836649358272552,0.4873703122138977,0.3837835490703583,0.7654241323471069,0.4401705265045166,0.4014002382755279,0.4586313664913177,0.6705151200294495,0.2871490120887756,0.4763735234737396,0.3126745522022247,0.6324076056480408,0.8294331431388855,0.4991776645183563,0.8250954747200012,0.0,0.0,0.0,0.0,0.0,0.0,0.0,0.0,0.5769316554069519,0.3817706108093261
0.5800141096115112,0.2733742296695709,0.5972604751586914,0.2534131705760956,0.5621247887611389,0.2489751428365707,0.6268550157546997,0.2784640491008758,0.5375012159347534,0.2711949646472931,0.6680687069892883,0.3895861804485321,0.4903818964958191,0.386940062046051,0.7743629813194275,0.4188456237316131,0.4019250869750976,0.4323144853115082,0.6783208250999451,0.2834016680717468,0.4870750606060028,0.2894672453403473,0.6323696970939636,0.8287243247032166,0.4990993440151214,0.8246516585350037,0.0,0.0,0.0,0.0,0.0,0.0,0.0,0.0,0.579314112663269,0.3867858350276947
0.5812835693359375,0.2662429809570312,0.5987904667854309,0.2449809312820434,0.5614956617355347,0.2454917579889297,0.6288829445838928,0.2726210951805115,0.5336925983428955,0.2668807804584503,0.6701531410217285,0.3931206166744232,0.4908003807067871,0.3905380666255951,0.7722358107566833,0.4144451022148132,0.3999638855457306,0.4221782982349396,0.6752042174339294,0.2762980163097381,0.4851775765419006,0.2783519029617309,0.6326394081115723,0.8312644958496094,0.4986875057220459,0.8262941241264343,0.0,0.0,0.0,0.0,0.0,0.0,0.0,0.0,0.5809451341629028,0.3877332508563995
0.5844598412513733,0.2683666050434112,0.6037582755088806,0.2463776618242263,0.5649885535240173,0.2449784576892852,0.6273951530456543,0.2731977105140686,0.5351028442382812,0.2648121118545532,0.6633377075195312,0.4013892114162445,0.4940031468868255,0.3948974311351776,0.7661620378494263,0.3781282901763916,0.3966624140739441,0.3692691028118133,0.6709200739860535,0.2401809841394424,0.4878521561622619,0.2436139583587646,0.6302369832992554,0.8335222005844116,0.4997794032096863,0.8283408880233765,0.0,0.0,0.0,0.0,0.0,0.0,0.0,0.0,0.5777111053466797,0.3943088948726654
0.5823297500610352,0.2700882852077484,0.6046767234802246,0.2482532560825348,0.561525285243988,0.2466495335102081,0.6258998513221741,0.2810234129428863,0.5298206806182861,0.273533433675766,0.6592593193054199,0.4040293991565704,0.4861655533313751,0.3947722911834717,0.7576305270195007,0.3393889963626861,0.3963582813739776,0.3293409049510956,0.6923134922981262,0.1961874663829803,0.4948053359985351,0.1832499206066131,0.6272727847099304,0.845490574836731,0.4981788992881775,0.8310633301734924,0.0,0.0,0.0,0.0,0.0,0.0,0.0,0.0,0.5713263750076294,0.3961345851421356
0.5798497796058655,0.2725937068462372,0.6016393303871155,0.2480401843786239,0.557414710521698,0.24782694876194,0.6256501078605652,0.2801192104816437,0.5273758769035339,0.2774990200996399,0.6569685935974121,0.4068788588047027,0.4863291680812835,0.3961957395076751,0.7516002058982849,0.32639080286026,0.3964476883411407,0.3170981705188751,0.6880308985710144,0.1739509403705597,0.4951035976409912,0.1525737345218658,0.6224769949913025,0.8465248942375183,0.495411068201065,0.8329883813858032,0.0,0.0,0.0,0.0,0.0,0.0,0.0,0.0,0.5695193409919739,0.3983777463436126
0.5714805722236633,0.2684033513069153,0.5930727124214172,0.2458118349313736,0.5497387647628784,0.2461961656808853,0.6180350184440613,0.2747129499912262,0.5212911367416382,0.2754449546337127,0.6557342410087585,0.4021826386451721,0.4811677634716034,0.3951416313648224,0.7401676177978516,0.3173577785491943,0.3822571337223053,0.3337923884391784,0.6719134449958801,0.1871159225702285,0.484946995973587,0.1820714622735977,0.6196916699409485,0.828306257724762,0.4909743368625641,0.826524555683136,0.0,0.0,0.0,0.0,0.0,0.0,0.0,0.0,0.5661929845809937,0.3945104479789734
0.5646799802780151,0.2733530104160309,0.585914134979248,0.2520748674869537,0.5450946688652039,0.2493605762720108,0.610720157623291,0.2831536829471588,0.5171254277229309,0.2802715599536896,0.6454811692237854,0.4022176861763,0.4725663363933563,0.3984365165233612,0.7364653944969177,0.3226113319396972,0.3747192323207855,0.3404282033443451,0.6704063415527344,0.2050157636404037,0.4830459654331207,0.195173904299736,0.6215057969093323,0.8163823485374451,0.4847829937934875,0.8163318037986755,0.0,0.0,0.0,0.0,0.0,0.0,0.0,0.0,0.55572909116745,0.3975867629051208
0.5691216588020325,0.2743870317935943,0.5909160375595093,0.2530746459960937,0.5494407415390015,0.2486210018396377,0.6134451627731323,0.2859888076782226,0.5192030668258667,0.2789003252983093,0.6459639668464661,0.4041797518730163,0.4753536581993103,0.3984752595424652,0.7538471221923828,0.3645458519458771,0.3792936503887176,0.3433292806148529,0.0,0.0,0.4930617213249206,0.1929774135351181,0.6223838925361633,0.8149363398551941,0.4863013327121734,0.8134300112724304,0.0,0.0,0.0,0.0,0.0,0.0,0.0,0.0,0.557496964931488,0.3986163437366485
0.5875155329704285,0.2742274403572082,0.6094493865966797,0.2545534968376159,0.5688164234161377,0.250050276517868,0.6288709044456482,0.2899934351444244,0.5378279685974121,0.2736460268497467,0.6641083359718323,0.4076198637485504,0.4950445592403412,0.3959206640720367,0.7708140015602112,0.3758515417575836,0.4006102085113525,0.3359251618385315,0.702330470085144,0.2111141979694366,0.5077017545700073,0.2197167128324508,0.6500833630561829,0.8465192914009094,0.505654513835907,0.8330961465835571,0.0,0.0,0.0,0.0,0.0,0.0,0.0,0.0,0.5767142176628113,0.3993942439556122
0.6145435571670532,0.2745669484138489,0.6361296772956848,0.2484378069639206,0.5975010991096497,0.2464455664157867,0.660398006439209,0.2801433801651001,0.5661171078681946,0.2726840078830719,0.6885496973991394,0.4094384610652923,0.5211637616157532,0.3970739543437958,0.798504650592804,0.3464474081993103,0.4281258881092071,0.3449742794036865,0.7476062178611755,0.2309034019708633,0.5246413350105286,0.2332068830728531,0.6760817170143127,0.8282448649406433,0.5316308736801147,0.8281957507133484,0.0,0.0,0.0,0.0,0.0,0.0,0.0,0.0,0.6033143997192383,0.4014728367328644
0.652174174785614,0.2763395011425018,0.671190083026886,0.2511577308177948,0.6314278244972229,0.249429315328598,0.6989979147911072,0.2830151617527008,0.5990837216377258,0.2779340147972107,0.7398249506950378,0.4120440483093261,0.5475150346755981,0.3998976051807403,0.8452907204627991,0.3366510272026062,0.4738747775554657,0.3427935242652893,0.7765882611274719,0.2160532772541046,0.5729885101318359,0.2184623181819915,0.7300079464912415,0.8328582644462585,0.5747440457344055,0.8336823582649231,0.0,0.0,0.0,0.0,0.0,0.0,0.0,0.0,0.6437597274780273,0.4037943482398987
0.6770790815353394,0.2742088437080383,0.6980223655700684,0.2463015615940094,0.6596371531486511,0.2460041940212249,0.7231823205947876,0.2802485525608063,0.6274152398109436,0.2774619162082672,0.7573262453079224,0.4099032878875732,0.5753567814826965,0.4057633876800537,0.8700863122940063,0.3307134509086609,0.4982152283191681,0.3561764359474182,0.8089709877967834,0.2209392935037613,0.5926670432090759,0.2366645485162735,0.7464237809181213,0.8467864394187927,0.5969061255455017,0.8339716792106628,0.0,0.0,0.0,0.0,0.0,0.0,0.0,0.0,0.664425253868103,0.4092429578304291
0.6920003294944763,0.2772899568080902,0.7140693664550781,0.2509778439998626,0.6720547676086426,0.2506633102893829,0.7419606447219849,0.2840579450130462,0.6454152464866638,0.2780994772911072,0.7732309103012085,0.4138081073760986,0.5971692204475403,0.4065146446228027,0.889327883720398,0.3540229499340057,0.5252364873886108,0.3473226726055145,0.8351598978042603,0.2204404920339584,0.6330280900001526,0.1990127861499786,0.7502185702323914,0.8309259414672852,0.615345299243927,0.8312200307846069,0.0,0.0,0.0,0.0,0.0,0.0,0.0,0.0,0.6826384663581848,0.4087561666965484
0.6977659463882446,0.2787803113460541,0.7202266454696655,0.2539004981517792,0.6790078282356262,0.2524978816509247,0.7470957636833191,0.2909143567085266,0.6521206498146057,0.279725432395935,0.7753084897994995,0.4132428467273712,0.6013888120651245,0.4061085879802704,0.8895973563194275,0.3510437607765198,0.5561308264732361,0.3153754770755768,0.84178626537323,0.2147030532360077,0.634731113910675,0.1960708200931549,0.7474272847175598,0.8276275396347046,0.6190956830978394,0.8251503109931946,0.0,0.0,0.0,0.0,0.0,0.0,0.0,0.0,0.6858569979667664,0.4073115289211273
0.6919931769371033,0.2795198261737823,0.7149437069892883,0.2522807717323303,0.6728429198265076,0.2504516839981079,0.7410808205604553,0.2827079892158508,0.6441885232925415,0.2743566930294037,0.7694124579429626,0.4122194647789001,0.5955559611320496,0.4030171930789947,0.8882797956466675,0.3654851615428924,0.5242541432380676,0.3448660373687744,0.8440716862678528,0.2310762405395507,0.6337977051734924,0.1965648829936981,0.7487049698829651,0.8290568590164185,0.6143400073051453,0.8271288871765137,0.0,0.0,0.0,0.0,0.0,0.0,0.0,0.0,0.6800168752670288,0.4064274132251739
0.6840280890464783,0.2722169458866119,0.703706681728363,0.2432169169187545,0.6626206040382385,0.2439047992229461,0.7289584875106812,0.2742285132408142,0.6290810704231262,0.272022932767868,0.755363404750824,0.4054532051086426,0.5800593495368958,0.3996372520923614,0.8848653435707092,0.3738231360912323,0.5003721714019775,0.3501125276088714,0.8302107453346252,0.2412546724081039,0.6041553616523743,0.2401891648769378,0.7478801608085632,0.8261540532112122,0.6057528853416443,0.8247101902961731,0.0,0.0,0.0,0.0,0.0,0.0,0.0,0.0,0.6657708287239075,0.4017734229564667
0.6791715621948242,0.275907039642334,0.7008771896362305,0.2465095818042755,0.6613060235977173,0.2456971555948257,0.7243388891220093,0.2769919335842132,0.6284452676773071,0.2743333876132965,0.7469719648361206,0.4060238301753998,0.5761962532997131,0.402224987745285,0.8810599446296692,0.3711361587047577,0.4939127564430237,0.3647385239601135,0.8163378834724426,0.2386701852083206,0.6000432372093201,0.2453644275665283,0.7541957497596741,0.8265776038169861,0.6003632545471191,0.8262084126472473,0.0,0.0,0.0,0.0,0.0,0.0,0.0,0.0,0.6607924103736877,0.4039665162563324
0.6918511986732483,0.2764587104320526,0.713867723941803,0.248635932803154,0.6706610918045044,0.2496189028024673,0.7415804266929626,0.2834882140159607,0.6415971517562866,0.2788555026054382,0.775448203086853,0.412511795759201,0.5963416695594788,0.4077801704406738,0.8931765556335449,0.3450048565864563,0.497631162405014,0.3445787727832794,0.8420012593269348,0.2199044376611709,0.0,0.0,0.7712703347206116,0.8312530517578125,0.6279011368751526,0.8296708464622498,0.0,0.0,0.0,0.0,0.0,0.0,0.0,0.0,0.6827654838562012,0.4093008637428283
0.7195638418197632,0.2704834640026092,0.7399515509605408,0.2440425157546997,0.6950519680976868,0.2452128380537033,0.7662800550460815,0.2699690759181976,0.6635729074478149,0.2781228721141815,0.813448429107666,0.4039038717746734,0.621024489402771,0.408884197473526,0.9157134294509888,0.3399220407009125,0.5632408857345581,0.3073140978813171,0.8719931840896606,0.2048121839761734,0.6484145522117615,0.1874368041753769,0.8164681792259216,0.8359419703483582,0.6572881937026978,0.8433494567871094,0.0,0.0,0.0,0.0,0.0,0.0,0.0,0.0,0.7161800265312195,0.4054481983184814
0.7334383726119995,0.2696438729763031,0.7535578012466431,0.240332692861557,0.7102459669113159,0.245389387011528,0.7825044989585876,0.2617835700511932,0.6805132031440735,0.2701110541820526,0.8313664793968201,0.4022994637489319,0.6483566164970398,0.4135537445545196,0.9447377920150756,0.3198806643486023,0.57494056224823,0.3165102899074554,0.8859894871711731,0.2099199444055557,0.6586437821388245,0.2133763134479522,0.8316842317581177,0.8544177412986755,0.6843902468681335,0.8509430289268494,0.0,0.0,0.0,0.0,0.0,0.0,0.0,0.0,0.7376409769058228,0.4041952192783355
0.7555867433547974,0.2681345045566559,0.7744396924972534,0.2377035617828369,0.7347679734230042,0.2429003268480301,0.802224338054657,0.2580135762691498,0.702483057975769,0.2698312699794769,0.8608627319335938,0.3982336819171905,0.6672796607017517,0.4071070253849029,0.9910715222358704,0.3739813864231109,0.5788084268569946,0.3708433210849762,0.9035611152648926,0.2403855323791504,0.6581118702888489,0.254739910364151,0.8613535165786743,0.846919596195221,0.706358790397644,0.8458111882209778,0.0,0.0,0.0,0.0,0.0,0.0,0.0,0.0,0.7589923143386841,0.4011507034301758
0.764327347278595,0.2679674923419952,0.784203052520752,0.2373946160078048,0.7414112687110901,0.2429748773574829,0.8131265044212341,0.2626429200172424,0.7116145491600037,0.273346334695816,0.8676672577857971,0.4013428688049316,0.6719385385513306,0.4102651178836822,0.9910714030265808,0.3518699705600738,0.584147572517395,0.3628212809562683,0.9066582918167114,0.223663717508316,0.6744261980056763,0.2339328825473785,0.8560713529586792,0.8639839291572571,0.7068983912467957,0.8357508778572083,0.0,0.0,0.0,0.0,0.0,0.0,0.0,0.0,0.7682832479476929,0.403302401304245
0.7645028233528137,0.2655791938304901,0.7864049077033997,0.2389834225177765,0.7415514588356018,0.2426287978887558,0.8168408274650574,0.2654364705085754,0.7123636603355408,0.2742039561271667,0.8669677376747131,0.3996618092060089,0.683436930179596,0.4070103168487549,0.9608712196350098,0.3175841867923736,0.6015161871910095,0.3096918165683746,0.9116397500038148,0.1573720127344131,0.6795215010643005,0.1621346175670623,0.8482207655906677,0.8515573740005493,0.7050156593322754,0.8333842158317566,0.0,0.0,0.0,0.0,0.0,0.0,0.0,0.0,0.7711283564567566,0.400959700345993
0.757402777671814,0.2618703246116638,0.7795906066894531,0.2383004277944564,0.7367088198661804,0.239323005080223,0.8031268119812012,0.2734489738941192,0.7064045667648315,0.2771605551242828,0.844631552696228,0.4046085774898529,0.6712778210639954,0.4099357426166534,0.9525467157363892,0.3113410472869873,0.6026406288146973,0.2954352796077728,0.9069911241531372,0.1306023597717285,0.6697074174880981,0.1472846716642379,0.8382827043533325,0.8520622849464417,0.7057912945747375,0.8496319055557251,0.0,0.0,0.0,0.0,0.0,0.0,0.0,0.0,0.7564354538917542,0.4048018455505371
0.7534438371658325,0.2548967897891998,0.7745505571365356,0.2336897850036621,0.7316648364067078,0.2351300716400146,0.7955842018127441,0.2726185619831085,0.7010493278503418,0.2777856588363647,0.8322800397872925,0.4021736979484558,0.6662057042121887,0.4099886119365692,0.9239620566368104,0.2969653010368347,0.6035805940628052,0.2730873525142669,0.9020533561706544,0.1120651289820671,0.6655363440513611,0.111688531935215,0.825663149356842,0.8503287434577942,0.6935605406761169,0.8466476798057556,0.0,0.0,0.0,0.0,0.0,0.0,0.0,0.0,0.7483000159263611,0.4055888950824737
0.7498080134391785,0.2553152441978454,0.7726767659187317,0.2314161956310272,0.729033350944519,0.2349797338247299,0.7968567609786987,0.2641633749008178,0.6988906860351562,0.2758782505989074,0.8363465666770935,0.4023005962371826,0.6622548699378967,0.4073661267757416,0.9416047930717468,0.3090342879295349,0.5963626503944397,0.2745898962020874,0.8948599696159363,0.1266477704048156,0.6658049821853638,0.12984000146389,0.8267641663551331,0.8527596592903137,0.6863561868667603,0.8492223024368286,0.0,0.0,0.0,0.0,0.0,0.0,0.0,0.0,0.7467207908630371,0.4034470617771148
0.7535982131958008,0.2598855495452881,0.7752867341041565,0.2337495982646942,0.7329185605049133,0.2361586838960647,0.7997013330459595,0.2570094764232635,0.7008442878723145,0.2620679438114166,0.8466443419456482,0.3948705494403839,0.6658583879470825,0.3980037868022918,0.957075297832489,0.3281324505805969,0.5889245271682739,0.2989744246006012,0.881374180316925,0.1650000363588333,0.6629782915115356,0.1632410734891891,0.8423357605934143,0.8644834160804749,0.6912125945091248,0.8498756289482117,0.0,0.0,0.0,0.0,0.0,0.0,0.0,0.0,0.7543720602989197,0.3940877318382263
0.7596717476844788,0.2603945136070251,0.7801008224487305,0.231623888015747,0.7391976118087769,0.2343500852584839,0.8053733706474304,0.2578894793987274,0.7059488892555237,0.262572318315506,0.855769157409668,0.3926220238208771,0.6687085032463074,0.4010913968086242,0.9606280326843262,0.3115718364715576,0.5797871351242065,0.3187578618526459,0.8613185882568359,0.1706420928239822,0.662237286567688,0.1934867203235626,0.8532372713088989,0.8539302945137024,0.6950598955154419,0.8494194149971008,0.0,0.0,0.0,0.0,0.0,0.0,0.0,0.0,0.7597553133964539,0.3949292004108429
0.7645756006240845,0.2610697448253631,0.7842767834663391,0.2328830510377884,0.7429676055908203,0.2355942875146865,0.8093900680541992,0.2570473253726959,0.7108055949211121,0.2629359364509582,0.8641458749771118,0.393319308757782,0.6709070801734924,0.4001052379608154,0.961986243724823,0.3152914345264435,0.5887495875358582,0.3175577521324157,0.8466954827308655,0.151901438832283,0.6660913825035095,0.2001367658376693,0.8536068797111511,0.8518563508987427,0.7035478949546814,0.8487721681594849,0.0,0.0,0.0,0.0,0.0,0.0,0.0,0.0,0.7628900408744812,0.3945465683937073
0.7655097842216492,0.2634338140487671,0.7853473424911499,0.2341120392084121,0.7439358830451965,0.2382358759641647,0.8127807378768921,0.2601314187049866,0.7131657004356384,0.2675584256649017,0.8703342080116272,0.396869033575058,0.6729477047920227,0.4068087935447693,0.9817987084388732,0.3407066464424133,0.589044451713562,0.3179813325405121,0.8625935316085815,0.1702420264482498,0.6657765507698059,0.2042833715677261,0.850770890712738,0.8519209623336792,0.7002745270729065,0.8354458212852478,0.0,0.0,0.0,0.0,0.0,0.0,0.0,0.0,0.7687879204750061,0.3987371325492859
0.7602418065071106,0.2695458531379699,0.7807579040527344,0.2382107675075531,0.7385330200195312,0.2416784465312957,0.8076044917106628,0.2596856653690338,0.7059395909309387,0.2685849964618683,0.867854118347168,0.3987896740436554,0.6682041883468628,0.4071510434150696,0.9599621891975404,0.3159801363945007,0.5726546049118042,0.3467318713665008,0.8710306286811829,0.1968880146741867,0.6589780449867249,0.2128548324108123,0.8481990694999695,0.8681193590164185,0.7008565664291382,0.8471807241439819,0.0,0.0,0.0,0.0,0.0,0.0,0.0,0.0,0.763098418712616,0.4006979167461395
0.7443955540657043,0.2669893503189087,0.7653368711471558,0.2399119287729263,0.7232705354690552,0.2426226139068603,0.7927128076553345,0.2662538588047027,0.6891962289810181,0.2736706733703613,0.8455656170845032,0.3976516127586365,0.6524706482887268,0.4133694469928741,0.951529324054718,0.3153363168239593,0.5725137591362,0.3144298493862152,0.8701528310775757,0.2098614871501922,0.6534799337387085,0.2040516585111618,0.8346930146217346,0.8538593649864197,0.6864643096923828,0.8448600172996521,0.0,0.0,0.0,0.0,0.0,0.0,0.0,0.0,0.7458982467651367,0.4025254845619201
0.7104851603507996,0.2656366229057312,0.7330785989761353,0.2370987832546234,0.6891003847122192,0.2398056536912918,0.7646054625511169,0.2659530937671661,0.6632553339004517,0.2741012871265411,0.8180637359619141,0.4021983444690704,0.6218653917312622,0.4084949493408203,0.9072831869125366,0.3202168345451355,0.5014236569404602,0.342041552066803,0.8363419771194458,0.2050889283418655,0.6184988021850586,0.1937044560909271,0.8103437423706055,0.8526991009712219,0.6425193548202515,0.8467150926589966,0.0,0.0,0.0,0.0,0.0,0.0,0.0,0.0,0.7186270952224731,0.4041362106800079
0.6548576951026917,0.2588318884372711,0.6795135736465454,0.234500765800476,0.6354072690010071,0.2319010496139526,0.7063606977462769,0.2712495326995849,0.602867066860199,0.2631573975086212,0.7464609742164612,0.4001736342906952,0.5495342016220093,0.3834244906902313,0.8500816226005554,0.3298533260822296,0.4591467678546905,0.3143885135650635,0.7717872262001038,0.1824185103178024,0.5650566220283508,0.1749135255813598,0.7343887090682983,0.8138638138771057,0.573736310005188,0.7987156510353088,0.0,0.0,0.0,0.0,0.0,0.0,0.0,0.0,0.6473396420478821,0.3905620872974396
0.6357549428939819,0.2566776275634765,0.6583957076072693,0.2299024909734726,0.6159282326698303,0.2290327399969101,0.6858944892883301,0.2626783549785614,0.5887258648872375,0.2564295828342438,0.7298617959022522,0.3935901224613189,0.5389923453330994,0.3812357485294342,0.8208081126213074,0.3226046860218048,0.4428819119930267,0.3284149169921875,0.7496366500854492,0.1823571771383285,0.5365698337554932,0.1753794252872467,0.7174731492996216,0.8328399658203125,0.5561647415161133,0.8297629952430725,0.0,0.0,0.0,0.0,0.0,0.0,0.0,0.0,0.630120575428009,0.3837599158287048
0.628302276134491,0.255464106798172,0.6506582498550415,0.2271289080381393,0.6081013679504395,0.2276683747768402,0.6800855994224548,0.2607909142971039,0.5791803002357483,0.2572478652000427,0.7258330583572388,0.3981054127216339,0.5298643112182617,0.381321370601654,0.8123741149902344,0.3002256751060486,0.4250310361385345,0.3286623656749725,0.7213600277900696,0.1534904390573501,0.5259692072868347,0.1658395379781723,0.7020750045776367,0.8468514680862427,0.5448459386825562,0.8334236741065979,0.0,0.0,0.0,0.0,0.0,0.0,0.0,0.0,0.6218634843826294,0.3864393830299377
0.6284324526786804,0.2488973438739776,0.6509317755699158,0.2207574099302292,0.6071521639823914,0.2217956930398941,0.681685745716095,0.2524421513080597,0.5782356262207031,0.2497994005680084,0.7283086180686951,0.3908939063549042,0.5325927138328552,0.3781036734580993,0.8154307007789612,0.2982025444507599,0.4268102645874023,0.3251569867134094,0.7295528650283813,0.1619394719600677,0.5259193778038025,0.1547567099332809,0.7002286911010742,0.8464122414588928,0.5411850810050964,0.8308793902397156,0.0,0.0,0.0,0.0,0.0,0.0,0.0,0.0,0.6248717308044434,0.3822149932384491
0.6240337491035461,0.2492874860763549,0.6473785042762756,0.2179577350616455,0.6023678183555603,0.2207024246454239,0.6799184083938599,0.2450915873050689,0.5710943937301636,0.2468503564596176,0.7246483564376831,0.3881847560405731,0.527284562587738,0.3769450485706329,0.8129874467849731,0.297514408826828,0.4194018840789795,0.3165932297706604,0.7218939065933228,0.1527533382177353,0.5129244923591614,0.160969004034996,0.6996169090270996,0.8494872450828552,0.5348988175392151,0.8331326246261597,0.0,0.0,0.0,0.0,0.0,0.0,0.0,0.0,0.6204168200492859,0.3801826536655426
0.6099816560745239,0.2434902042150497,0.63357013463974,0.2148791402578354,0.5896316170692444,0.2145667225122451,0.6596888899803162,0.2497756779193878,0.5546438694000244,0.2468226999044418,0.7013583183288574,0.3894056677818298,0.5104617476463318,0.3794199824333191,0.7976155281066895,0.306455135345459,0.4008923470973968,0.328386127948761,0.7177942991256714,0.1593495309352874,0.4992087483406067,0.1582793891429901,0.6841046214103699,0.863703727722168,0.5215991139411926,0.8497800827026367,0.0,0.0,0.0,0.0,0.0,0.0,0.0,0.0,0.6009436249732971,0.3820586800575256
0.5829453468322754,0.2397932708263397,0.6043009161949158,0.2119535356760025,0.5599246621131897,0.217331126332283,0.6305575966835022,0.2510464489459991,0.5277060270309448,0.2524542212486267,0.6670651435852051,0.3840205669403076,0.4863785207271576,0.3786432147026062,0.7711998820304871,0.3286546170711517,0.3795579373836517,0.3113203346729278,0.7033171057701111,0.1632885485887527,0.4761941730976105,0.14472296833992,0.6489811539649963,0.8493378758430481,0.4963719844818115,0.8336508870124817,0.0,0.0,0.0,0.0,0.0,0.0,0.0,0.0,0.5762541890144348,0.3802239596843719
0.5517732501029968,0.230828046798706,0.5733651518821716,0.2060059159994125,0.5276621580123901,0.2055247873067855,0.603965699672699,0.2400610297918319,0.4924989640712738,0.2395958453416824,0.6444330215454102,0.3823058307170868,0.4493638873100281,0.3737950921058655,0.7423645257949829,0.3105675876140594,0.3403989672660827,0.3006956577301025,0.670556902885437,0.1480480134487152,0.4575445353984833,0.1145744547247886,0.6134902834892273,0.8464927673339844,0.46303391456604,0.8320369720458984,0.0,0.0,0.0,0.0,0.0,0.0,0.0,0.0,0.5444501638412476,0.3780816197395324
0.5122452974319458,0.2285927087068557,0.5389962792396545,0.2041967809200287,0.4883765876293182,0.2049129456281662,0.5674479007720947,0.2472593635320663,0.4529109895229339,0.2390376180410385,0.6004964709281921,0.384749174118042,0.4154095947742462,0.3676228523254394,0.7064175605773926,0.3080516755580902,0.3082745373249054,0.2796154916286468,0.6677951812744141,0.1364216953516006,0.4293949007987976,0.0833091959357261,0.579828143119812,0.8451839685440063,0.4343699514865875,0.8307119011878967,0.0,0.0,0.0,0.0,0.0,0.0,0.0,0.0,0.5048192143440247,0.3771169483661651
0.5058178305625916,0.2288818806409835,0.5306864976882935,0.203035831451416,0.4822099208831787,0.2073689699172973,0.5597673058509827,0.2444319278001785,0.4499207139015198,0.2435329854488372,0.5990096926689148,0.3796579241752624,0.4124340415000915,0.3699910342693329,0.7174649834632874,0.3231662809848785,0.2897672951221466,0.2999460697174072,0.6849368214607239,0.1306495070457458,0.3831701278686523,0.1131448522210121,0.5754404067993164,0.8500375151634216,0.4318502247333526,0.8350101113319397,0.0,0.0,0.0,0.0,0.0,0.0,0.0,0.0,0.5026187300682068,0.3745467066764831
0.5081518888473511,0.2278279364109039,0.5342348217964172,0.2016422301530838,0.4843641221523285,0.2052044421434402,0.5661165118217468,0.2452999204397201,0.4505665004253387,0.2399122565984726,0.6014043092727661,0.3817809522151947,0.4143539369106293,0.3681621849536896,0.7078199982643127,0.3108256757259369,0.3014002442359924,0.2822854220867157,0.6508737206459045,0.1211584359407424,0.4209148287773132,0.0858465060591697,0.5787773132324219,0.8502988219261169,0.4343256056308746,0.8352727890014648,0.0,0.0,0.0,0.0,0.0,0.0,0.0,0.0,0.5049260258674622,0.3750056326389313
0.5248866081237793,0.2269352674484253,0.5499990582466125,0.2027054876089096,0.50316321849823,0.2016365230083465,0.5784966349601746,0.2420179992914199,0.4701619446277618,0.239034816622734,0.6070734858512878,0.3831233084201813,0.4267765879631042,0.3674845397472381,0.7147377729415894,0.2992692291736603,0.3246275782585144,0.271608293056488,0.6606497764587402,0.1227668449282646,0.4352728724479675,0.0797942504286766,0.581902027130127,0.8624225854873657,0.4393098950386047,0.8486524224281311,0.0,0.0,0.0,0.0,0.0,0.0,0.0,0.0,0.5156778693199158,0.3781664669513702
0.5288988947868347,0.2308451980352401,0.5514463186264038,0.2033631354570388,0.5069853067398071,0.2029523998498916,0.5795034766197205,0.2401349395513534,0.4722603857517242,0.237493947148323,0.6147633790969849,0.3849621117115021,0.4269905686378479,0.3687178790569305,0.7205439805984497,0.3280985951423645,0.3131368160247803,0.3068073689937591,0.6661137938499451,0.1684253513813018,0.4283300936222076,0.1463649421930313,0.5953389406204224,0.8513508439064026,0.4421079754829407,0.8486476540565491,0.0,0.0,0.0,0.0,0.0,0.0,0.0,0.0,0.5168865919113159,0.3797409236431122
0.5438330769538879,0.2373608201742172,0.5654000639915466,0.2111045569181442,0.521685779094696,0.2098031044006347,0.5912445187568665,0.2476945221424102,0.4828948378562927,0.2430125474929809,0.6202487945556641,0.3898287713527679,0.4365491271018982,0.373753547668457,0.735275149345398,0.3207357823848724,0.3254821002483368,0.323049932718277,0.6708813905715942,0.1992379575967788,0.4405454099178314,0.1712501943111419,0.6017199158668518,0.8514729738235474,0.4516174495220184,0.8461284637451172,0.0,0.0,0.0,0.0,0.0,0.0,0.0,0.0,0.5257589817047119,0.3813479542732239
0.5984029173851013,0.246873989701271,0.6203359365463257,0.2203534841537475,0.5789815187454224,0.2193771749734878,0.6450559496879578,0.2541370093822479,0.5459553003311157,0.2442780435085296,0.6764126420021057,0.3947652280330658,0.4967133700847626,0.3749758303165436,0.7997055649757385,0.3356483280658722,0.3914138972759247,0.3450065553188324,0.7374763488769531,0.2133571207523346,0.4920049607753753,0.1990264952182769,0.6767035126686096,0.8504990935325623,0.5133638978004456,0.8458232879638672,0.0,0.0,0.0,0.0,0.0,0.0,0.0,0.0,0.5853293538093567,0.3836238980293274
0.6412127614021301,0.244651049375534,0.6624496579170227,0.2175839990377426,0.6199518442153931,0.2165249288082122,0.6934220194816589,0.2522074580192566,0.5862581133842468,0.2440447658300399,0.736152708530426,0.3910638391971588,0.5388599038124084,0.3840437829494476,0.8500731587409973,0.3344843685626983,0.4335732161998749,0.3585594296455383,0.7778005599975586,0.2145629376173019,0.534110963344574,0.2200745344161987,0.7378402352333069,0.8461073637008667,0.5730156302452087,0.8345054388046265,0.0,0.0,0.0,0.0,0.0,0.0,0.0,0.0,0.6346524357795715,0.3859997093677521
0.6821342706680298,0.2490302771329879,0.7026591300964355,0.2227323800325393,0.6595498323440552,0.2248999625444412,0.7296589016914368,0.2528177797794342,0.6228280663490295,0.256147563457489,0.760910153388977,0.3986640870571136,0.5701542496681213,0.3983135819435119,0.8853551149368286,0.3502951562404632,0.4807611107826233,0.3786858022212982,0.8133960962295532,0.2275636345148086,0.5813573002815247,0.2383342087268829,0.7580224275588989,0.8321977853775024,0.6057266592979431,0.8294512629508972,0.0,0.0,0.0,0.0,0.0,0.0,0.0,0.0,0.6649218201637268,0.3960001766681671
0.6953961253166199,0.2520903646945953,0.7172975540161133,0.2245310097932815,0.6765456199645996,0.2242606580257415,0.74275141954422,0.2613925039768219,0.6421823501586914,0.258411556482315,0.7800248265266418,0.4018490016460418,0.5835596323013306,0.4028693735599518,0.9039567708969116,0.3626635372638702,0.5204253792762756,0.3372566401958465,0.8328996300697327,0.2365390956401825,0.5989999175071716,0.2384043633937835,0.7660565972328186,0.8302900195121765,0.6171412467956543,0.8281348943710327,0.0,0.0,0.0,0.0,0.0,0.0,0.0,0.0,0.6812000870704651,0.4005285799503326
0.6873382329940796,0.2533991634845733,0.7089667320251465,0.2245397716760635,0.6678618788719177,0.2269469499588012,0.7360455393791199,0.2571128010749817,0.6339945793151855,0.2592263519763946,0.772147536277771,0.399123340845108,0.5812045335769653,0.3997285068035126,0.8961750268936157,0.3496759831905365,0.5102362036705017,0.3362968266010284,0.8281130194664001,0.2311075925827026,0.5958824157714844,0.2301399856805801,0.7590077519416809,0.8318493962287903,0.6110173463821411,0.8288746476173401,0.0,0.0,0.0,0.0,0.0,0.0,0.0,0.0,0.6743806600570679,0.3974285125732422
0.6814851760864258,0.2477693259716034,0.7021680474281311,0.2225520461797714,0.6585081219673157,0.2251647859811782,0.7276344299316406,0.2543000280857086,0.6221250891685486,0.2576023936271667,0.7574638724327087,0.3990977108478546,0.571790337562561,0.3884066939353943,0.8886714577674866,0.3697969317436218,0.4729504585266113,0.3829653561115265,0.820711612701416,0.2403208464384079,0.5777249336242676,0.2533579766750335,0.7511460185050964,0.846981406211853,0.5922804474830627,0.8317871689796448,0.0,0.0,0.0,0.0,0.0,0.0,0.0,0.0,0.6614425778388977,0.3917033970355987
0.6689985990524292,0.252181738615036,0.6911414861679077,0.2244545966386795,0.6473819613456726,0.2282365411520004,0.7208561301231384,0.255100280046463,0.6130980849266052,0.2622554004192352,0.7492164373397827,0.3984548449516296,0.5598958730697632,0.3831730484962463,0.8795945048332214,0.3707593977451324,0.4611829221248626,0.3676938712596893,0.8116580247879028,0.2441004514694214,0.5670763254165649,0.2459563165903091,0.7442463040351868,0.8473253846168518,0.5791788101196289,0.8335719108581543,0.0,0.0,0.0,0.0,0.0,0.0,0.0,0.0,0.6526605486869812,0.3904935419559479
0.6655055284500122,0.2575311958789825,0.6897328495979309,0.2310988157987594,0.6453104019165039,0.2322553098201751,0.71946781873703,0.2658270001411438,0.6104859709739685,0.2652269899845123,0.7462371587753296,0.4020761847496032,0.5583518743515015,0.3858118057250976,0.8755793571472168,0.3809965252876282,0.4577572345733642,0.369082897901535,0.8045423626899719,0.2532336413860321,0.5641721487045288,0.2503672838211059,0.7420807480812073,0.848211407661438,0.5762248635292053,0.8328405022621155,0.0,0.0,0.0,0.0,0.0,0.0,0.0,0.0,0.6504000425338745,0.3938606679439544
0.6727712750434875,0.2565045058727264,0.6977810859680176,0.2270580381155014,0.651992917060852,0.2317302525043487,0.7284762263298035,0.2611013650894165,0.6193740963935852,0.2709098756313324,0.7540932893753052,0.4021360874176025,0.5660585165023804,0.3964295089244842,0.8838620185852051,0.3678887486457824,0.4716130793094635,0.3772371411323547,0.8115234375,0.2452559322118759,0.5731256604194641,0.2608039975166321,0.752055823802948,0.8515717387199402,0.5852388143539429,0.8477839827537537,0.0,0.0,0.0,0.0,0.0,0.0,0.0,0.0,0.6569968461990356,0.3984425365924835
0.6946887373924255,0.2519248425960541,0.7157551050186157,0.2249563932418823,0.6738166213035583,0.2279279381036758,0.7433626055717468,0.2616397738456726,0.6410102844238281,0.2656671106815338,0.7796902060508728,0.3991594910621643,0.5936307311058044,0.4032061100006103,0.9065452218055724,0.3641465604305267,0.5201930999755859,0.3494946658611297,0.8352018594741821,0.2448952943086624,0.5961543321609497,0.2541617751121521,0.7899793386459351,0.8277474045753479,0.6306585669517517,0.825282633304596,0.0,0.0,0.0,0.0,0.0,0.0,0.0,0.0,0.6839241981506348,0.4001274406909942
0.7214109301567078,0.25689896941185,0.743151843547821,0.2270651906728744,0.6977209448814392,0.2318897247314453,0.7732990980148315,0.2571127414703369,0.6690224409103394,0.2677195072174072,0.8335669636726379,0.3959370255470276,0.630866527557373,0.4046926498413086,0.9438652396202089,0.3409107029438019,0.5504157543182373,0.3466101288795471,0.875541627407074,0.2326545417308807,0.6299275755882263,0.2349831908941269,0.8284220695495605,0.8651180267333984,0.6640633344650269,0.8496636748313904,0.0,0.0,0.0,0.0,0.0,0.0,0.0,0.0,0.7280044555664062,0.3985389173030853
0.7359787821769714,0.2572143971920013,0.756412148475647,0.2258619368076324,0.7119544148445129,0.2331869453191757,0.7904523611068726,0.2517900466918945,0.6811412572860718,0.2701276540756225,0.8467345833778381,0.3971834778785705,0.6472110748291016,0.4095797538757324,0.9545475840568542,0.3220488727092743,0.55726158618927,0.3526826500892639,0.8736472129821777,0.2115871608257293,0.6419176459312439,0.2355492264032364,0.833801805973053,0.8647655844688416,0.6757282614707947,0.8494058847427368,0.0,0.0,0.0,0.0,0.0,0.0,0.0,0.0,0.7414118051528931,0.4011490643024444
0.7521808743476868,0.2587112188339233,0.7708339095115662,0.2270348966121673,0.7311621904373169,0.2336796522140503,0.7987106442451477,0.2507904171943664,0.6968919634819031,0.2633679509162903,0.8457279205322266,0.3996517360210418,0.6549112200737,0.4059654772281647,0.9788139462471008,0.3458986282348633,0.5645506381988525,0.3646291196346283,0.8854278922080994,0.2244123667478561,0.6456287503242493,0.2575011551380157,0.8315054178237915,0.8650111556053162,0.6775278449058533,0.8457194566726685,0.0,0.0,0.0,0.0,0.0,0.0,0.0,0.0,0.7466743588447571,0.4013332426548004
0.7537460327148438,0.2587589919567108,0.7723046541213989,0.2261424362659454,0.7317915558815002,0.2338227927684784,0.8005400896072388,0.2509802281856537,0.6978311538696289,0.2629165053367615,0.8503391146659851,0.40129354596138,0.6567336916923523,0.4041035771369934,0.9774639010429382,0.3498629033565521,0.5638102293014526,0.371339350938797,0.8863129615783691,0.2377106100320816,0.6437181830406189,0.2680284082889557,0.8353838324546814,0.8514312505722046,0.6829743981361389,0.8492781519889832,0.0,0.0,0.0,0.0,0.0,0.0,0.0,0.0,0.7484005093574524,0.402115911245346
0.7476248741149902,0.2593568563461303,0.7662922143936157,0.2283777743577957,0.7264599800109863,0.2351209819316864,0.7960787415504456,0.2559786140918731,0.6907361149787903,0.2720121145248413,0.8487436175346375,0.4013771414756775,0.650735080242157,0.40924072265625,0.9587084650993348,0.3331016600131988,0.5590934753417969,0.3554297387599945,0.8753696084022522,0.2225736379623413,0.641899585723877,0.25459685921669,0.8297529816627502,0.8808565139770508,0.6702332496643066,0.8538095355033875,0.0,0.0,0.0,0.0,0.0,0.0,0.0,0.0,0.7431219220161438,0.4037200510501861
0.7316684126853943,0.2572580277919769,0.7537805438041687,0.2301364094018936,0.7110019326210022,0.2322599738836288,0.7829268574714661,0.2663428485393524,0.6788585782051086,0.2712574303150177,0.8355608582496643,0.3998422622680664,0.6368069648742676,0.4027050137519836,0.945206582546234,0.3216072022914886,0.5559068322181702,0.3368287980556488,0.8703388571739197,0.2149874716997146,0.6342948079109192,0.2253605127334594,0.819653332233429,0.8674432039260864,0.65484219789505,0.8495391011238098,0.0,0.0,0.0,0.0,0.0,0.0,0.0,0.0,0.7322292327880859,0.3994109630584717
0.7260652184486389,0.2554382979869842,0.7461203932762146,0.2290603369474411,0.7028297781944275,0.2318774163722992,0.7747566103935242,0.2594268321990967,0.6724086403846741,0.2652011215686798,0.825729489326477,0.4003269076347351,0.6311640739440918,0.3971195518970489,0.919187068939209,0.3016160130500793,0.5584208369255066,0.2940209805965423,0.8696402907371521,0.1834966987371444,0.6312490701675415,0.1648387163877487,0.8113539814949036,0.8636859655380249,0.6463573575019836,0.8465547561645508,0.0,0.0,0.0,0.0,0.0,0.0,0.0,0.0,0.7232576608657837,0.397648274898529
0.7145536541938782,0.2533935010433197,0.737827718257904,0.2269315868616104,0.6913765072822571,0.2305437475442886,0.7629297375679016,0.2608945965766907,0.6615908741950989,0.2666989862918854,0.7993780374526978,0.3980754017829895,0.6170907616615295,0.3951048254966736,0.889246940612793,0.2811493575572967,0.5509433746337891,0.2398485243320465,0.8577553629875183,0.0932123884558677,0.6162527203559875,0.0914154797792434,0.7914509773254395,0.846054196357727,0.6402260661125183,0.8310747742652893,0.0,0.0,0.0,0.0,0.0,0.0,0.0,0.0,0.7084309458732605,0.3960280120372772
0.710260808467865,0.2483731806278228,0.7341613173484802,0.2250070720911026,0.687088131904602,0.2264008820056915,0.764610767364502,0.2610408663749695,0.6563295125961304,0.261157751083374,0.8001770973205566,0.3907906413078308,0.6109112501144409,0.3794822990894317,0.8678358793258667,0.2396410852670669,0.5595232248306274,0.2069055587053299,0.8513202667236328,0.0445834398269653,0.614014744758606,0.0419809222221374,0.7886409759521484,0.8235338926315308,0.6369823217391968,0.7992149591445923,0.0,0.0,0.0,0.0,0.0,0.0,0.0,0.0,0.7065659165382385,0.3852341175079345
0.7085247039794922,0.2467864453792572,0.7316363453865051,0.2255188077688217,0.6832591891288757,0.226363256573677,0.760599672794342,0.2649165987968445,0.6520898938179016,0.2630715072154999,0.7925224900245667,0.3942590057849884,0.610691249370575,0.3782504498958587,0.8551958799362183,0.2357488721609115,0.5752167701721191,0.1974098831415176,0.844235897064209,0.0411102660000324,0.6112048029899597,0.020291831344366,0.7760023474693298,0.8255919218063354,0.633423924446106,0.8147602081298828,0.0,0.0,0.0,0.0,0.0,0.0,0.0,0.0,0.7004777193069458,0.3848884403705597
0.7044171690940857,0.2448179870843887,0.7258977890014648,0.2224316895008087,0.6795014142990112,0.2235754430294037,0.7550247311592102,0.260936826467514,0.648462176322937,0.2584309577941894,0.7883960008621216,0.3871464133262634,0.6024616360664368,0.3625671863555908,0.8503476977348328,0.2603318095207214,0.5706538558006287,0.1908291429281234,0.8476991653442383,0.0628512650728225,0.6017640233039856,0.0167995356023311,0.7766209840774536,0.8236085772514343,0.6301309466362,0.8124388456344604,0.0,0.0,0.0,0.0,0.0,0.0,0.0,0.0,0.6955804228782654,0.3743499219417572
0.7015833258628845,0.2459877282381057,0.7230879068374634,0.2212765961885452,0.6753755211830139,0.2241564095020294,0.7537835240364075,0.2572797834873199,0.6438770890235901,0.2593632936477661,0.7904260754585266,0.3885858058929443,0.6008239388465881,0.3690533936023712,0.8517032265663147,0.2418880611658096,0.5662275552749634,0.1924178451299667,0.8462355732917786,0.0561604239046573,0.5998916029930115,0.0184949301183223,0.7766896486282349,0.829103410243988,0.6294308304786682,0.8257409930229187,0.0,0.0,0.0,0.0,0.0,0.0,0.0,0.0,0.6953931450843811,0.3795490860939026
0.700991690158844,0.2474316209554672,0.7221378087997437,0.2226990461349487,0.6757549047470093,0.2243968397378921,0.7507737874984741,0.2585597336292267,0.6439946889877319,0.2588165402412414,0.7856188416481018,0.3887548446655273,0.6001162528991699,0.3716369271278381,0.8476306796073914,0.2619414925575256,0.5634357333183289,0.2008181661367416,0.8460902571678162,0.0801783427596092,0.5975395441055298,0.0193398427218198,0.7742540240287781,0.8275230526924133,0.6278920769691467,0.8259592056274414,0.0,0.0,0.0,0.0,0.0,0.0,0.0,0.0,0.6930138468742371,0.3810431659221649
0.7022809982299805,0.2484488040208816,0.7242583632469177,0.2237798273563385,0.6769551634788513,0.2261207103729248,0.7556353807449341,0.260206013917923,0.6473099589347839,0.2598089575767517,0.7889531254768372,0.3938460648059845,0.6042000651359558,0.3717323243618011,0.8551715612411499,0.2685647904872894,0.5621189475059509,0.2043335139751434,0.8457590937614441,0.0745027065277099,0.6045251488685608,0.0432937927544117,0.7720499634742737,0.829505980014801,0.6324893832206726,0.8269131779670715,0.0,0.0,0.0,0.0,0.0,0.0,0.0,0.0,0.696212112903595,0.3826322555541992
0.7092623710632324,0.2530210018157959,0.7330875396728516,0.2277398109436035,0.6852773427963257,0.2288696616888046,0.7618940472602844,0.2657096982002258,0.6545030474662781,0.2627902626991272,0.7912970185279846,0.4007498323917389,0.6111193299293518,0.3799984157085418,0.8567728996276855,0.2723742425441742,0.5641769766807556,0.2087954431772232,0.8486146330833435,0.080236829817295,0.6114345788955688,0.0559761710464954,0.7708219885826111,0.8301695585250854,0.6345511674880981,0.8269719481468201,0.0,0.0,0.0,0.0,0.0,0.0,0.0,0.0,0.7006745934486389,0.3897685408592224
0.7166690230369568,0.2541123032569885,0.7386520504951477,0.2290815114974975,0.6939835548400879,0.2318383306264877,0.7638092637062073,0.2624302804470062,0.6631990075111389,0.2651612460613251,0.7978209257125854,0.396994411945343,0.6177857518196106,0.3929357528686523,0.893226683139801,0.2904656827449798,0.550233781337738,0.2618260383605957,0.8455093502998352,0.1125016957521438,0.6203526854515076,0.108819268643856,0.7925640344619751,0.8480350375175476,0.638809323310852,0.8337215185165405,0.0,0.0,0.0,0.0,0.0,0.0,0.0,0.0,0.7063358426094055,0.3920734226703644
0.7278392910957336,0.2580847144126892,0.7479090690612793,0.2311010658740997,0.7046484351158142,0.2326110750436782,0.7742603421211243,0.2610833346843719,0.672201931476593,0.2630661427974701,0.8272168040275574,0.3973782062530517,0.6314184069633484,0.3980708122253418,0.9243236780166626,0.3168918192386627,0.5528290271759033,0.3194206058979034,0.860865592956543,0.183904618024826,0.6344553828239441,0.1678062528371811,0.8177868723869324,0.8504709005355835,0.653637707233429,0.844006359577179,0.0,0.0,0.0,0.0,0.0,0.0,0.0,0.0,0.7236968874931335,0.3953955173492431
0.7380288243293762,0.2624334692955017,0.7588126063346863,0.2355416715145111,0.7172417640686035,0.2372963577508926,0.7847653031349182,0.2656455636024475,0.6841815710067749,0.2678509056568146,0.8308610320091248,0.3986478447914123,0.6456599235534668,0.403626412153244,0.939206063747406,0.3304496109485626,0.5549207329750061,0.3568826019763946,0.8664680123329163,0.2154413312673568,0.6391348838806152,0.2193901389837265,0.8194094896316528,0.8643831014633179,0.6635318994522095,0.8485963940620422,0.0,0.0,0.0,0.0,0.0,0.0,0.0,0.0,0.7327631115913391,0.399335652589798
0.7520655393600464,0.262722909450531,0.7717069983482361,0.2349356412887573,0.7308317422866821,0.2398797571659088,0.7988237738609314,0.2621989846229553,0.6946139931678772,0.2740834653377533,0.8405370116233826,0.3995583057403564,0.6581140756607056,0.4052277207374573,0.9500526189804076,0.3546883761882782,0.5671483278274536,0.3802083134651184,0.8752323389053345,0.2362582236528396,0.6406941413879395,0.2612446248531341,0.8291252255439758,0.8499045968055725,0.6764136552810669,0.8354119062423706,0.0,0.0,0.0,0.0,0.0,0.0,0.0,0.0,0.7430904507637024,0.4007464945316314
0.7555665969848633,0.2645471394062042,0.7768989205360413,0.2365249842405319,0.7342696785926819,0.2409223467111587,0.8063107132911682,0.2629708647727966,0.7008883357048035,0.271423727273941,0.8444236516952515,0.4025366902351379,0.6650958061218262,0.4024727046489715,0.952161192893982,0.3572094738483429,0.5695903897285461,0.4023324847221374,0.8681963086128235,0.2431448400020599,0.6413358449935913,0.27602219581604,0.8308572173118591,0.8541775345802307,0.6823839545249939,0.8514614701271057,0.0,0.0,0.0,0.0,0.0,0.0,0.0,0.0,0.7486609220504761,0.4006676375865936
0.7543736100196838,0.2642439305782318,0.7750645279884338,0.2385350167751312,0.7371719479560852,0.2380600124597549,0.8055057525634766,0.2627814710140228,0.7066250443458557,0.2573569715023041,0.8448058366775513,0.3908421397209167,0.6692004799842834,0.3881211578845978,0.9590676426887512,0.3892648816108703,0.5755767226219177,0.4360492825508117,0.8794026374816895,0.2848953604698181,0.6415489315986633,0.3051126003265381,0.8304473757743835,0.8303961753845215,0.684409499168396,0.8334408402442932,0.0,0.0,0.0,0.0,0.0,0.0,0.0,0.0,0.7516003847122192,0.388295829296112
0.758187472820282,0.2682055532932281,0.7733909487724304,0.237174704670906,0.7358699440956116,0.2401955872774124,0.8008700013160706,0.2491882294416427,0.7062510251998901,0.2545814514160156,0.8493543863296509,0.3796562254428863,0.6715546250343323,0.382202535867691,0.9617959260940552,0.4264640510082245,0.5773812532424927,0.4434954226016998,0.8776839375495911,0.309641569852829,0.6349210739135742,0.3309294581413269,0.8354923129081726,0.8318048715591431,0.6865301132202148,0.833578884601593,0.0,0.0,0.0,0.0,0.0,0.0,0.0,0.0,0.7576665282249451,0.3771136105060577
0.7517290711402893,0.2682972550392151,0.7724373936653137,0.239289328455925,0.7321926355361938,0.2402091026306152,0.801571786403656,0.2592939138412475,0.70220947265625,0.2567830979824066,0.8458853960037231,0.3862095177173614,0.667294979095459,0.3876090049743652,0.9541460871696472,0.401014506816864,0.5732092261314392,0.4437157809734344,0.8728156685829163,0.290181428194046,0.6326861381530762,0.3125608563423157,0.8314811587333679,0.8425609469413757,0.6841378808021545,0.8334255814552307,0.0,0.0,0.0,0.0,0.0,0.0,0.0,0.0,0.7505037188529968,0.3829750120639801
0.7446673512458801,0.2649993300437927,0.7693623304367065,0.2394844442605972,0.7255533337593079,0.2381310611963272,0.8043765425682068,0.2710637152194977,0.6921425461769104,0.261317491531372,0.8456178903579712,0.3954291045665741,0.6554722785949707,0.3879411518573761,0.9524665474891664,0.3983576893806457,0.5676670670509338,0.4483818709850311,0.8731842637062073,0.291797012090683,0.6240364909172058,0.3113182187080383,0.8267896771430969,0.8489827513694763,0.6723249554634094,0.846016526222229,0.0,0.0,0.0,0.0,0.0,0.0,0.0,0.0,0.7429887056350708,0.3874328732490539
0.7336433529853821,0.2643757462501526,0.7562223076820374,0.2385978251695633,0.7105423808097839,0.2403899878263473,0.7842072248458862,0.2689909338951111,0.6761060953140259,0.2718564569950104,0.8289856314659119,0.4038646817207336,0.6346969604492188,0.4055490791797638,0.9281260371208192,0.3513541221618652,0.5536404252052307,0.3711001873016357,0.8602906465530396,0.2354118078947067,0.6236634254455566,0.2602089047431946,0.8237472772598267,0.8507281541824341,0.6600551605224609,0.8441291451454163,0.0,0.0,0.0,0.0,0.0,0.0,0.0,0.0,0.7274540662765503,0.4038402438163757
0.7166250944137573,0.2644008696079254,0.7383676767349243,0.2387903928756714,0.6945739388465881,0.2377470731735229,0.7651017308235168,0.2660287320613861,0.6628770232200623,0.2658530175685882,0.8024203181266785,0.4025945961475372,0.6196588277816772,0.3955997824668884,0.9024027585983276,0.3414613306522369,0.5417433977127075,0.3097917139530182,0.8594702482223511,0.1980111598968505,0.620955765247345,0.1645494997501373,0.7844321131706238,0.8305792808532715,0.6376299262046814,0.8270427584648132,0.0,0.0,0.0,0.0,0.0,0.0,0.0,0.0,0.7085205316543579,0.3972049653530121
0.6947665214538574,0.2648635804653168,0.7180591225624084,0.2413951158523559,0.6732944846153259,0.2382242232561111,0.7428345680236816,0.2775180637836456,0.6414307355880737,0.2703357636928558,0.7736192941665649,0.4073731005191803,0.5916826128959656,0.3948652148246765,0.8676892518997192,0.3095448911190033,0.5199782252311707,0.2768869996070862,0.8252664804458618,0.1463381052017212,0.5968466401100159,0.1292565762996673,0.7575424909591675,0.8156881928443909,0.6235868334770203,0.8118711113929749,0.0,0.0,0.0,0.0,0.0,0.0,0.0,0.0,0.6801244616508484,0.3997409343719482
0.6865156292915344,0.2711720466613769,0.7105233073234558,0.2484294921159744,0.664604127407074,0.245890736579895,0.7336575388908386,0.2887307703495025,0.6348276734352112,0.2793673872947693,0.7643899321556091,0.409489095211029,0.583745539188385,0.3985760807991028,0.860444188117981,0.3095568716526031,0.5125890374183655,0.2722434401512146,0.8226262331008911,0.1533037573099136,0.5895627737045288,0.1356134563684463,0.753873884677887,0.8153753876686096,0.6207064986228943,0.8132600784301758,0.0,0.0,0.0,0.0,0.0,0.0,0.0,0.0,0.6731372475624084,0.4037987291812897
0.7041928172111511,0.2712970674037933,0.7271353602409363,0.2453472167253494,0.6795678734779358,0.2472722977399826,0.7555187940597534,0.2739226222038269,0.6477033495903015,0.2777034640312195,0.7903543710708618,0.4035995602607727,0.6077175140380859,0.3988895416259765,0.8730010390281677,0.307623416185379,0.5259177684783936,0.2766758799552917,0.8329874277114868,0.1337088942527771,0.6003118753433228,0.1314279288053512,0.7827978730201721,0.8302994966506958,0.6392326354980469,0.8291767835617065,0.0,0.0,0.0,0.0,0.0,0.0,0.0,0.0,0.6951680779457092,0.3985946774482727
0.8013873100280762,0.2748866379261017,0.8254483938217163,0.2461418062448501,0.778755784034729,0.2508155703544616,0.8567949533462524,0.269617348909378,0.7490492463111877,0.2784903645515442,0.90427827835083,0.3965120613574981,0.7093563079833984,0.3956106603145599,0.9910714030265808,0.3116411566734314,0.6327006220817566,0.3119150996208191,0.9366331100463868,0.1475691497325897,0.7027724385261536,0.1649229079484939,0.8765383958816528,0.851101279258728,0.7389134168624878,0.8481181859970093,0.0,0.0,0.0,0.0,0.0,0.0,0.0,0.0,0.8036558032035828,0.3954721093177795
0.8061007261276245,0.2759700715541839,0.8292888402938843,0.2471805661916732,0.7849305272102356,0.2510083019733429,0.8612045049667358,0.2683919668197632,0.7583332061767578,0.2769277393817901,0.9051501154899596,0.3968090713024139,0.714231550693512,0.3980545103549957,0.9910714030265808,0.2732515037059784,0.6377708315849304,0.3142324388027191,0.9146857857704164,0.1331981867551803,0.7039160132408142,0.1800987869501114,0.8790520429611206,0.8490356802940369,0.7428142428398132,0.8474693894386292,0.0,0.0,0.0,0.0,0.0,0.0,0.0,0.0,0.807791531085968,0.3963062167167663
0.7512034177780151,0.2812330722808838,0.7739425897598267,0.2550795972347259,0.7319290041923523,0.2561267018318176,0.7992612719535828,0.2815481126308441,0.7018879652023315,0.2848012149333954,0.8369148969650269,0.4086171686649322,0.6605055928230286,0.4123970866203308,0.9360514879226683,0.3246543705463409,0.5801578164100647,0.316798985004425,0.8786336183547974,0.1975858360528946,0.6498687863349915,0.1990163326263427,0.8310321569442749,0.8446353673934937,0.6915408968925476,0.8309937119483948,0.0,0.0,0.0,0.0,0.0,0.0,0.0,0.0,0.7476137280464172,0.4081864655017853
0.7227911949157715,0.283637672662735,0.7466726303100586,0.2591991126537323,0.702697217464447,0.2612831890583038,0.774236261844635,0.2968995571136474,0.6731775999069214,0.2957521975040436,0.8140009641647339,0.417097806930542,0.6317525506019592,0.4135260283946991,0.893837571144104,0.3295004665851593,0.5514922738075256,0.318678468465805,0.8443794250488281,0.2037629336118698,0.6258558630943298,0.195703700184822,0.797727644443512,0.8286322951316833,0.6535548567771912,0.8147211670875549,0.0,0.0,0.0,0.0,0.0,0.0,0.0,0.0,0.7196674942970276,0.4140830934047699
0.6936615109443665,0.2929665446281433,0.7161148190498352,0.264879822731018,0.6740723252296448,0.265714943408966,0.7431582808494568,0.2971954047679901,0.647469699382782,0.2950608134269714,0.7780910730361938,0.4221641719341278,0.6010851860046387,0.4173342287540436,0.8683857321739197,0.3453972339630127,0.5270432829856873,0.3320494592189789,0.8137006163597107,0.2190998643636703,0.5967456698417664,0.2083034217357635,0.7682080864906311,0.8289505243301392,0.6323696970939636,0.8292933702468872,0.0,0.0,0.0,0.0,0.0,0.0,0.0,0.0,0.689170777797699,0.4180338978767395
0.6919096112251282,0.2923632264137268,0.7141937613487244,0.2654765546321869,0.6720655560493469,0.2655527591705322,0.7397871613502502,0.2973822653293609,0.6435434222221375,0.2953848540782928,0.774076521396637,0.4199373722076416,0.5993323922157288,0.417971134185791,0.8651840090751648,0.3458639979362488,0.5282052755355835,0.3313804566860199,0.8122144937515259,0.222486525774002,0.5902028679847717,0.2176755517721176,0.7647949457168579,0.8291212916374207,0.6298666000366211,0.8286200165748596,0.0,0.0,0.0,0.0,0.0,0.0,0.0,0.0,0.6861274838447571,0.4176358580589294
0.698775589466095,0.2939901351928711,0.7193871140480042,0.2655111849308014,0.6793147325515747,0.2678693234920501,0.747147262096405,0.2934295237064361,0.6548065543174744,0.2968839108943939,0.7847399115562439,0.4143238961696625,0.6183847188949585,0.4158231317996979,0.8705048561096191,0.3358567059040069,0.5335044860839844,0.3408227860927582,0.8132997155189514,0.2196160852909088,0.5982629060745239,0.2145316153764724,0.7751650810241699,0.8257353901863098,0.639298141002655,0.8150386214256287,0.0,0.0,0.0,0.0,0.0,0.0,0.0,0.0,0.6997785568237305,0.4137327373027801
0.7191532254219055,0.2969160377979278,0.7417627573013306,0.2662303745746612,0.6989208459854126,0.2708103358745575,0.7717155814170837,0.295598030090332,0.6718047261238098,0.3004518449306488,0.8120835423469543,0.4189508557319641,0.6339083909988403,0.414878636598587,0.8909203410148621,0.3373600542545318,0.5436251759529114,0.3466066718101501,0.8387012481689453,0.2293740957975387,0.6209232211112976,0.2204851806163787,0.7946492433547974,0.8290384411811829,0.654640793800354,0.8135277628898621,0.0,0.0,0.0,0.0,0.0,0.0,0.0,0.0,0.720175564289093,0.4162948429584503
0.7257652282714844,0.2948700785636902,0.7468103766441345,0.2644602954387665,0.7061572074890137,0.2688576877117157,0.7742795944213867,0.2956580221652984,0.6777541041374207,0.3004171550273895,0.8151999115943909,0.4227070808410644,0.635937511920929,0.4193799197673797,0.9018124938011168,0.3560784459114074,0.5466017127037048,0.3587154746055603,0.8349606394767761,0.2384043931961059,0.6249213218688965,0.2383218258619308,0.7953039407730103,0.8354231715202332,0.658480703830719,0.8172107934951782,0.0,0.0,0.0,0.0,0.0,0.0,0.0,0.0,0.7241001129150391,0.421433687210083
0.695722758769989,0.2955545783042907,0.7109327912330627,0.2676588296890259,0.6832415461540222,0.2736360430717468,0.7348789572715759,0.2912351489067077,0.0,0.0,0.7836456298828125,0.408575028181076,0.6176530122756958,0.4090618789196014,0.8854385614395142,0.4835714995861053,0.0,0.0,0.8195551633834839,0.3621508479118347,0.0,0.0,0.7657546401023865,0.8112128973007202,0.6304947733879089,0.7982036471366882,0.0,0.0,0.0,0.0,0.0,0.0,0.0,0.0,0.6992149949073792,0.4052696824073791
0.6911800503730774,0.2967008054256439,0.7082295417785645,0.273649513721466,0.6770914793014526,0.2731263935565948,0.7326215505599976,0.2919527590274811,0.654980480670929,0.2874071896076202,0.7763814926147461,0.4139770567417145,0.6100640296936035,0.4054093360900879,0.8822552561759949,0.4840002954006195,0.5223539471626282,0.4727160036563873,0.8073741793632507,0.3650268018245697,0.5844693183898926,0.3626244366168976,0.7603096961975098,0.8125666975975037,0.6241188645362854,0.8101140856742859,0.0,0.0,0.0,0.0,0.0,0.0,0.0,0.0,0.6921347975730896,0.4041970372200012
0.6974724531173706,0.3120921552181244,0.712796688079834,0.2908365428447723,0.6849387288093567,0.2921420633792877,0.7329330444335938,0.2991872131824493,0.6579689979553223,0.293977677822113,0.7714797854423523,0.4078257381916046,0.6116161346435547,0.4034792780876159,0.8782605528831482,0.4990235269069671,0.5290345549583435,0.4845201373100281,0.7973602414131165,0.3711256384849548,0.5872174501419067,0.3778605163097381,0.7561916708946228,0.808540403842926,0.6235670447349548,0.8086463212966919,0.0,0.0,0.0,0.0,0.0,0.0,0.0,0.0,0.6905179619789124,0.4007257521152496
0.7222675085067749,0.2607563436031341,0.7322036623954773,0.2329301536083221,0.7044095396995544,0.2280807048082351,0.0,0.0,0.6649422645568848,0.2390004694461822,0.7724350094795227,0.3951242864131927,0.6141352653503418,0.3996147811412811,0.8790538907051086,0.5060354471206665,0.5333606600761414,0.506949245929718,0.80475914478302,0.3979394137859344,0.5874043107032776,0.4042727053165436,0.7617415189743042,0.7958014607429504,0.6340692639350891,0.7928204536437988,0.0,0.0,0.0,0.0,0.0,0.0,0.0,0.0,0.6931071877479553,0.3889067471027374
0.7081079483032227,0.2951906621456146,0.7233816981315613,0.273162692785263,0.6931441426277161,0.2760433256626129,0.7478815317153931,0.2981041073799133,0.6712378859519958,0.301266461610794,0.794235348701477,0.4046563506126404,0.6268244981765747,0.4154059886932373,0.8877701163291931,0.4514037668704986,0.5446762442588806,0.4573533833026886,0.8204098343849182,0.3399665951728821,0.6013988852500916,0.3346440494060516,0.7789764404296875,0.8148026466369629,0.6374984383583069,0.8108615875244141,0.0,0.0,0.0,0.0,0.0,0.0,0.0,0.0,0.7114657163619995,0.4078845977783203
0.6927971243858337,0.2955509126186371,0.7112231254577637,0.272616297006607,0.674837589263916,0.2768566012382507,0.7387201189994812,0.3002342581748962,0.6499606370925903,0.3008548617362976,0.7798448801040649,0.4135395884513855,0.6116111874580383,0.4016943275928497,0.8715125322341919,0.4414725005626678,0.5305638909339905,0.4247825145721435,0.8223491907119751,0.3392780721187591,0.5965633392333984,0.3088701069355011,0.7624053955078125,0.7976127862930298,0.633843719959259,0.7972779870033264,0.0,0.0,0.0,0.0,0.0,0.0,0.0,0.0,0.6947943568229675,0.4042412936687469
0.6623627543449402,0.3029513657093048,0.6808791756629944,0.2825668454170227,0.6435999274253845,0.2854151725769043,0.7053287625312805,0.3106021583080292,0.6116011738777161,0.3105556666851043,0.7356853485107422,0.4221190810203552,0.5608997941017151,0.4123510420322418,0.8294489979743958,0.4246270358562469,0.499608427286148,0.4393680393695831,0.7459372878074646,0.2868640124797821,0.5733307600021362,0.3195317089557647,0.7247740626335144,0.7981335520744324,0.5841465592384338,0.807978093624115,0.0,0.0,0.0,0.0,0.0,0.0,0.0,0.0,0.6451810002326965,0.4124698340892792
0.6566548347473145,0.3167348206043243,0.6726983189582825,0.2972844243049621,0.6409608721733093,0.2972560524940491,0.6965852379798889,0.3134997189044952,0.6134040951728821,0.3112600147724151,0.7290197014808655,0.4125020503997803,0.5589908361434937,0.415167361497879,0.8199625611305237,0.4542682468891144,0.4871419072151184,0.4601378440856933,0.7472138404846191,0.3180427253246307,0.5666005611419678,0.3358078896999359,0.7183538675308228,0.7747970819473267,0.5816892385482788,0.7613019943237305,0.0,0.0,0.0,0.0,0.0,0.0,0.0,0.0,0.6418702006340027,0.4078181684017181
0.6855782866477966,0.3277787864208221,0.6966606378555298,0.3112232685089111,0.6710154414176941,0.3142488896846771,0.7189534902572632,0.3266350924968719,0.6491599082946777,0.3320162892341614,0.7621486783027649,0.4225521087646484,0.6104673147201538,0.4185730814933777,0.8592368960380554,0.4581179618835449,0.5332940816879272,0.4429490566253662,0.7958178520202637,0.3572365939617157,0.5961099863052368,0.3494953513145447,0.7450060248374939,0.762751579284668,0.6359071135520935,0.760856568813324,0.7396650314331055,0.9785086512565612,0.0,0.0,0.0,0.0,0.0,0.0,0.6833629608154297,0.418165385723114
0.701935887336731,0.3448909223079681,0.7138603329658508,0.3281943202018738,0.6894533038139343,0.3278015255928039,0.7341368794441223,0.3436761796474457,0.6694503426551819,0.3456780314445495,0.7782257199287415,0.4346647262573242,0.628115713596344,0.4361631870269775,0.8758277893066406,0.4498323798179626,0.5614680647850037,0.4588728249073028,0.8034577369689941,0.3557620644569397,0.6121439337730408,0.3629795014858246,0.7510396242141724,0.795680582523346,0.6432175636291504,0.7929773926734924,0.0,0.0,0.0,0.0,0.0,0.0,0.0,0.0,0.7040345072746277,0.4314667582511902
0.7019385695457458,0.339750200510025,0.7148004174232483,0.3268032670021057,0.6894501447677612,0.3268387615680694,0.7354709506034851,0.3417091965675354,0.670134425163269,0.3454961478710174,0.78156977891922,0.4340402781963348,0.6292619705200195,0.4354414045810699,0.8812195062637329,0.4552049338817596,0.5596962571144104,0.4883281290531158,0.8072049021720886,0.3502869307994842,0.0,0.0,0.7595587968826294,0.7949261665344238,0.6507375836372375,0.7923539876937866,0.7530929446220398,0.9910714030265808,0.0,0.0,0.0,0.0,0.0,0.0,0.7071308493614197,0.4312112927436828
0.7039980888366699,0.3465282320976257,0.7168281674385071,0.3300246894359588,0.6907585263252258,0.3298937678337097,0.7398908734321594,0.3441912829875946,0.6722128987312317,0.3466419577598572,0.7855522036552429,0.4315868020057678,0.6275025010108948,0.4302239418029785,0.8847770094871521,0.4514412581920624,0.5603803992271423,0.4471724331378937,0.8114844560623169,0.3488630950450897,0.6126587986946106,0.3565521836280823,0.7568221092224121,0.8090885281562805,0.641990602016449,0.7992943525314331,0.0,0.0,0.0,0.0,0.0,0.0,0.0,0.0,0.7082182168960571,0.426615297794342
0.702752947807312,0.326854258775711,0.7185458540916443,0.3077763617038727,0.6875095963478088,0.3098067343235016,0.7428751587867737,0.3349084854125976,0.6661346554756165,0.338277518749237,0.7873312830924988,0.4404800832271576,0.6233990788459778,0.4362691342830658,0.887265682220459,0.4394445419311523,0.5513174533843994,0.447918951511383,0.8144822120666504,0.3425186574459076,0.6093001365661621,0.3470726013183594,0.7584916949272156,0.8166326880455017,0.6422315239906311,0.8102299571037292,0.0,0.0,0.0,0.0,0.0,0.0,0.0,0.0,0.7061262130737305,0.4359775483608246
0.6866368055343628,0.3147823214530945,0.7055946588516235,0.290753424167633,0.6682699918746948,0.2959690690040588,0.7328929305076599,0.3198898732662201,0.642120897769928,0.3253999054431915,0.7727586030960083,0.4395089745521545,0.5997399687767029,0.4295074641704559,0.8694228529930115,0.4323766231536865,0.5302903056144714,0.415720134973526,0.7998482584953308,0.3148458003997803,0.6034758687019348,0.3006238043308258,0.7427186965942383,0.8135790228843689,0.6208065152168274,0.8090049624443054,0.0,0.0,0.0,0.0,0.0,0.0,0.0,0.0,0.6844058632850647,0.4311063885688782
0.6783424615859985,0.3020589351654053,0.6992841958999634,0.2829321622848511,0.658495306968689,0.2820869982242584,0.7228294610977173,0.3167794346809387,0.6275242567062378,0.3118480741977691,0.7486620545387268,0.4291912615299225,0.5819091796875,0.4157988131046295,0.859724223613739,0.4197461903095245,0.5128915905952454,0.4017684459686279,0.8044667840003967,0.3075848519802093,0.5847563743591309,0.2965466678142547,0.7435078620910645,0.7987783551216125,0.6058369278907776,0.7950366139411926,0.0,0.0,0.0,0.0,0.0,0.0,0.0,0.0,0.663826048374176,0.4203806221485138
0.6698630452156067,0.2851265370845794,0.6888471245765686,0.2648542821407318,0.6492936015129089,0.2644492983818054,0.7099732160568237,0.2982493340969085,0.6150359511375427,0.3002061247825622,0.7430275082588196,0.4147307872772217,0.566120982170105,0.4133688509464264,0.8535547256469727,0.3912205398082733,0.4969671368598938,0.3827578723430633,0.7877297401428223,0.2697340846061706,0.577824056148529,0.2748388051986694,0.7439332604408264,0.8008800148963928,0.5976006388664246,0.7991204261779785,0.0,0.0,0.0,0.0,0.0,0.0,0.0,0.0,0.6530232429504395,0.4103431105613708
0.6770143508911133,0.2803217470645904,0.6974204182624817,0.2559531033039093,0.6579164266586304,0.2575539350509643,0.7210801243782043,0.2939226329326629,0.6277148127555847,0.2945612370967865,0.7518517374992371,0.4087796807289123,0.5823975205421448,0.4059818387031555,0.8667435646057129,0.3799321949481964,0.5158987641334534,0.3548472821712494,0.7996436953544617,0.2470087856054306,0.5834565758705139,0.25786292552948,0.7509918212890625,0.8111283183097839,0.6056880354881287,0.7977434992790222,0.0,0.0,0.0,0.0,0.0,0.0,0.0,0.0,0.6655635237693787,0.4066997170448303
0.6935230493545532,0.2732866704463959,0.7166820764541626,0.2524956166744232,0.6759369969367981,0.2481811195611953,0.7389092445373535,0.290477454662323,0.6479589343070984,0.276824802160263,0.7711490392684937,0.4059303402900696,0.5976300835609436,0.4055991768836975,0.8874091506004333,0.3661076724529266,0.5279058814048767,0.3465983867645263,0.8198902010917664,0.2277271300554275,0.6024942398071289,0.2311940491199493,0.7635192275047302,0.8164385557174683,0.6266757845878601,0.8146477341651917,0.0,0.0,0.0,0.0,0.0,0.0,0.0,0.0,0.6832805275917053,0.4044122695922851
0.7235026955604553,0.2661079466342926,0.7448183298110962,0.2406289279460907,0.7007108330726624,0.243133932352066,0.7734464406967163,0.2691765427589416,0.6719871759414673,0.2744960486888885,0.8265706896781921,0.4016501903533935,0.6318784356117249,0.4025416076183319,0.9270719885826112,0.3329478800296783,0.550428569316864,0.3437901437282562,0.8659712076187134,0.2086947113275528,0.6273940801620483,0.2070393413305282,0.8152521848678589,0.848630964756012,0.653849720954895,0.8440449833869934,0.0,0.0,0.0,0.0,0.0,0.0,0.0,0.0,0.7246752381324768,0.4011208117008209
0.7353237867355347,0.2622136175632477,0.7573506236076355,0.2353558093309402,0.7145763039588928,0.2390285581350326,0.7869253158569336,0.2601899206638336,0.6844624280929565,0.2656418979167938,0.8400846123695374,0.3985641896724701,0.6422924399375916,0.4024047255516052,0.9441878199577332,0.3212952017784118,0.5603958964347839,0.3424567878246307,0.8771185278892517,0.2038731575012207,0.6337877511978149,0.2066943496465683,0.8140420317649841,0.868340790271759,0.667212963104248,0.846255898475647,0.0,0.0,0.0,0.0,0.0,0.0,0.0,0.0,0.7358253598213196,0.3980579376220703
0.7400403618812561,0.2535274028778076,0.7615113854408264,0.2266579866409301,0.7177091836929321,0.2295207679271698,0.7885317206382751,0.2550913989543915,0.6844708323478699,0.2604917287826538,0.8350281715393066,0.3946277201175689,0.6426495313644409,0.3906485438346863,0.9403272271156312,0.2986314296722412,0.5640967488288879,0.2948920428752899,0.8638504147529602,0.1346591114997863,0.63933926820755,0.1592554301023483,0.8156734108924866,0.8675585389137268,0.6561465263366699,0.8498654961585999,0.0,0.0,0.0,0.0,0.0,0.0,0.0,0.0,0.7356629967689514,0.3914582431316376
0.7277790904045105,0.248357281088829,0.7499728202819824,0.2210855782032013,0.7032666206359863,0.2249626666307449,0.7777252197265625,0.254547506570816,0.6694782972335815,0.2615033686161041,0.8178460001945496,0.3890475928783417,0.6268607378005981,0.3895785212516784,0.9260274171829224,0.2877503931522369,0.5458861589431763,0.2564896047115326,0.8626691102981567,0.0883989706635475,0.6331351399421692,0.0997487679123878,0.8098770976066589,0.86601722240448,0.6426700353622437,0.8471589684486389,0.0,0.0,0.0,0.0,0.0,0.0,0.0,0.0,0.7221011519432068,0.3883466124534607
0.7207079529762268,0.245391234755516,0.7429791688919067,0.2200991362333297,0.6970868110656738,0.224484696984291,0.7683982849121094,0.2559845745563507,0.665890097618103,0.2621480524539947,0.8079034686088562,0.3908907473087311,0.620152473449707,0.3893028795719147,0.9159697890281676,0.2860718369483948,0.5399914979934692,0.2448633760213852,0.8531118035316467,0.0934693366289138,0.6249274015426636,0.0953298136591911,0.7977047562599182,0.8500544428825378,0.6395546197891235,0.8323451280593872,0.0,0.0,0.0,0.0,0.0,0.0,0.0,0.0,0.7140917181968689,0.3893814086914062
0.71466463804245,0.2426784485578537,0.7364016771316528,0.219356894493103,0.6916238069534302,0.2219633162021637,0.7628833055496216,0.2581266462802887,0.6605583429336548,0.2618637681007385,0.7968747019767761,0.3965192437171936,0.6145524382591248,0.388831079006195,0.8934312462806702,0.2904767990112304,0.538215696811676,0.2442653030157089,0.8469282388687134,0.1016234531998634,0.6191786527633667,0.0905333533883094,0.78071129322052,0.836757481098175,0.6359254121780396,0.8290908932685852,0.0,0.0,0.0,0.0,0.0,0.0,0.0,0.0,0.7053951025009155,0.3914427757263183
0.7131626009941101,0.2464658468961715,0.7347233891487122,0.2230498790740966,0.6897795796394348,0.2251421511173248,0.761339545249939,0.263908714056015,0.6569269895553589,0.2641758918762207,0.7924886345863342,0.3993625342845917,0.6139112114906311,0.3849925398826599,0.8651469945907593,0.2787548899650574,0.5414150953292847,0.2593209445476532,0.8383117318153381,0.098775565624237,0.6041637659072876,0.1096943989396095,0.7725557088851929,0.834591805934906,0.6322470903396606,0.8280052542686462,0.0,0.0,0.0,0.0,0.0,0.0,0.0,0.0,0.7024287581443787,0.389850378036499
0.708440899848938,0.2455867379903793,0.7294308543205261,0.2190734446048736,0.6855024099349976,0.2233373671770095,0.7590416073799133,0.2571202218532562,0.6547651290893555,0.2605073153972626,0.7910653352737427,0.3950445353984833,0.6132480502128601,0.3853933811187744,0.881938636302948,0.2944645881652832,0.5383903980255127,0.2723399102687835,0.8368005156517029,0.1333719789981842,0.6048582196235657,0.1236966997385025,0.7737597823143005,0.8326255679130554,0.6297845840454102,0.8265966176986694,0.0,0.0,0.0,0.0,0.0,0.0,0.0,0.0,0.7002239227294922,0.3876901566982269
0.7100896239280701,0.2463956624269485,0.7307986617088318,0.2193075865507125,0.6880532503128052,0.2205509841442108,0.7574543356895447,0.2511403858661651,0.6548781394958496,0.2539068460464477,0.7980748414993286,0.3867593109607696,0.6097245216369629,0.3837454319000244,0.9045799374580384,0.3215549886226654,0.5287596583366394,0.3041098415851593,0.8526950478553772,0.2008683681488037,0.5984041094779968,0.1734559834003448,0.791772186756134,0.8451530337333679,0.631243109703064,0.8280803561210632,0.0,0.0,0.0,0.0,0.0,0.0,0.0,0.0,0.7031551003456116,0.3846850097179413
0.7106862664222717,0.2453653514385223,0.7339455485343933,0.2169684171676635,0.6877922415733337,0.2196337133646011,0.7654466032981873,0.2559805512428283,0.6559006571769714,0.2557782530784607,0.807900071144104,0.3958961963653564,0.6173599362373352,0.384234219789505,0.9194037318229676,0.3638860583305359,0.5197857022285461,0.3658397495746612,0.8344429731369019,0.2380783408880233,0.5975728034973145,0.2459764182567596,0.7913667559623718,0.8339001536369324,0.6358128190040588,0.8250856399536133,0.0,0.0,0.0,0.0,0.0,0.0,0.0,0.0,0.7104588747024536,0.3883410096168518
0.7187374830245972,0.2484334409236908,0.7384814620018005,0.2204391807317733,0.692750871181488,0.2230327129364013,0.7656346559524536,0.2475374639034271,0.6587167978286743,0.2549099028110504,0.8091726303100586,0.386147528886795,0.6224228143692017,0.3853972852230072,0.9227142930030824,0.3555540740489959,0.5246281623840332,0.3735412657260895,0.8041649460792542,0.2143918573856353,0.6020483374595642,0.2599602341651916,0.7968031764030457,0.8474106192588806,0.6387127041816711,0.8306335806846619,0.0,0.0,0.0,0.0,0.0,0.0,0.0,0.0,0.7141212224960327,0.382610946893692
0.7166393399238586,0.2478511780500412,0.7389127612113953,0.2192079871892929,0.6924266815185547,0.2226325571537017,0.7689628005027771,0.2575251460075378,0.6603184342384338,0.2605331242084503,0.8106962442398071,0.3984301388263702,0.6217525601387024,0.3927555978298187,0.9226689338684082,0.353903979063034,0.5310443639755249,0.3551569283008575,0.8327846527099609,0.2336382567882537,0.6068158745765686,0.2416408956050872,0.795814037322998,0.8456184267997742,0.6373173594474792,0.8296471238136292,0.0,0.0,0.0,0.0,0.0,0.0,0.0,0.0,0.7148314714431763,0.3931135237216949
0.7157537341117859,0.2478255182504654,0.7374561429023743,0.2194254398345947,0.6924686431884766,0.2214185893535614,0.7649865746498108,0.2516482174396515,0.6608279943466187,0.2544479072093963,0.8131852149963379,0.3908658623695373,0.6190129518508911,0.3942448794841766,0.922755777835846,0.312565416097641,0.5381558537483215,0.31613489985466,0.8589009642601013,0.1940271407365799,0.6191983222961426,0.1758847683668136,0.8101450800895691,0.8505439162254333,0.641346275806427,0.8345746397972107,0.0,0.0,0.0,0.0,0.0,0.0,0.0,0.0,0.7144873738288879,0.3898713290691376
0.715246856212616,0.24866284430027,0.7371777892112732,0.2229529768228531,0.6930115818977356,0.2232753187417984,0.7644768357276917,0.2556338012218475,0.6613458395004272,0.2562263309955597,0.8117050528526306,0.3906739354133606,0.6180660128593445,0.3887830674648285,0.9121214747428894,0.3155742585659027,0.5404730439186096,0.2936441600322723,0.8662805557250977,0.1834973096847534,0.6219142079353333,0.1451872587203979,0.8068937063217163,0.8497663140296936,0.6387651562690735,0.8345518112182617,0.0,0.0,0.0,0.0,0.0,0.0,0.0,0.0,0.7133687734603882,0.3884935677051544
0.7121574282646179,0.2450183629989624,0.7337859869003296,0.2197647541761398,0.6893561482429504,0.2225527763366699,0.7618765830993652,0.2575424313545227,0.6589905619621277,0.2607148587703705,0.802763044834137,0.390756607055664,0.6167817711830139,0.3903656899929046,0.9043053984642028,0.2971395552158355,0.5468301773071289,0.2900680005550384,0.8534702658653259,0.163824662566185,0.6218011975288391,0.1409998685121536,0.7939643263816833,0.8502135872840881,0.6358321309089661,0.8354712128639221,0.0,0.0,0.0,0.0,0.0,0.0,0.0,0.0,0.7086871862411499,0.3895090520381927
0.7092152833938599,0.2406639009714126,0.730640709400177,0.2167664617300033,0.6871331334114075,0.2204613387584686,0.7589536905288696,0.2556746006011963,0.6575294733047485,0.2590234577655792,0.7978857755661011,0.3930470943450928,0.6158671379089355,0.3900641500949859,0.901961624622345,0.3140520751476288,0.547461211681366,0.2900239527225494,0.8519454598426819,0.1696229726076126,0.6304909586906433,0.1308587342500686,0.7895172238349915,0.8505958914756775,0.6324623823165894,0.8348461389541626,0.0,0.0,0.0,0.0,0.0,0.0,0.0,0.0,0.7059154510498047,0.3900047242641449
0.710364043712616,0.2319100946187973,0.7296362519264221,0.2104783505201339,0.6871175765991211,0.2147848606109619,0.7564495801925659,0.2562328279018402,0.6571288704872131,0.2578078806400299,0.795036792755127,0.3917359411716461,0.6175739169120789,0.3881005346775055,0.9012998938560486,0.313532292842865,0.5464974045753479,0.2815165221691131,0.8560740351676941,0.1809540688991546,0.6221157908439636,0.1312654763460159,0.7802055478096008,0.8364537358283997,0.6335604786872864,0.8285909295082092,0.0,0.0,0.0,0.0,0.0,0.0,0.0,0.0,0.7052531242370605,0.3874664604663849
0.7081080675125122,0.2365911900997162,0.7292298078536987,0.2116221934556961,0.6847659945487976,0.2178050279617309,0.7590801119804382,0.2579881846904754,0.6561653017997742,0.2599569261074066,0.7983957529067993,0.3956117331981659,0.6142658591270447,0.3917929828166961,0.8991371393203735,0.3167110383510589,0.5503284335136414,0.2784467041492462,0.8529635667800903,0.169356420636177,0.618224561214447,0.1417758613824844,0.7829437851905823,0.8484289050102234,0.6321508288383484,0.8335424661636353,0.0,0.0,0.0,0.0,0.0,0.0,0.0,0.0,0.7058165669441223,0.3906728625297546
0.7049998641014099,0.2448990494012832,0.7262831926345825,0.2194606959819793,0.6828108429908752,0.2249060869216919,0.7560244202613831,0.2577881217002868,0.6558855175971985,0.2615595459938049,0.7939119935035706,0.4010763466358185,0.6142025589942932,0.3911513388156891,0.8844355940818787,0.3102260529994964,0.5581549406051636,0.2679111063480377,0.8334718942642212,0.1337848305702209,0.6393288373947144,0.1154491677880287,0.7807432413101196,0.8372707962989807,0.6350110769271851,0.8315273523330688,0.0,0.0,0.0,0.0,0.0,0.0,0.0,0.0,0.7030988931655884,0.3921034336090088
0.708286464214325,0.2477339953184127,0.7316268682479858,0.2237996011972427,0.6868495345115662,0.2262886762619018,0.760699450969696,0.262306272983551,0.6580223441123962,0.2623562216758728,0.7934362292289734,0.4004316329956054,0.6149455308914185,0.389517992734909,0.8740143775939941,0.2949576675891876,0.5619016885757446,0.2629854679107666,0.8291119933128357,0.135237842798233,0.6599225401878357,0.1140701100230217,0.7739805579185486,0.8316779732704163,0.6334020495414734,0.825454831123352,0.0,0.0,0.0,0.0,0.0,0.0,0.0,0.0,0.7019532322883606,0.3922248184680938
0.7081652879714966,0.2472275793552398,0.7320184111595154,0.2225244045257568,0.685370147228241,0.2272944897413253,0.7620609998703003,0.2613641619682312,0.6577093005180359,0.2638603746891022,0.7960708737373352,0.399265855550766,0.6150437593460083,0.3887457549571991,0.8747150301933289,0.2950670421123504,0.5634984374046326,0.2601201236248016,0.8310124278068542,0.1258618533611297,0.6651267409324646,0.0961562469601631,0.7761370539665222,0.8330214619636536,0.6358352899551392,0.825701892375946,0.0,0.0,0.0,0.0,0.0,0.0,0.0,0.0,0.7031074166297913,0.3910937905311584
0.7077330350875854,0.2474293857812881,0.7303348779678345,0.2231142371892929,0.6853007078170776,0.2265692204236984,0.7583403587341309,0.2598398327827453,0.6579564213752747,0.2617353200912475,0.7929309010505676,0.3979108929634094,0.6143055558204651,0.3891140520572662,0.8737568855285645,0.2946548163890838,0.5606423616409302,0.2578050494194031,0.828896164894104,0.1268020123243332,0.6666808724403381,0.0938353464007377,0.7741829752922058,0.8308575749397278,0.6335955858230591,0.825621485710144,0.0,0.0,0.0,0.0,0.0,0.0,0.0,0.0,0.7017040848731995,0.3900795578956604
0.7079406380653381,0.2458021938800811,0.7295165061950684,0.2193239629268646,0.6864300966262817,0.2240565121173858,0.7584015130996704,0.2550773322582245,0.660544753074646,0.2589753270149231,0.792639434337616,0.3976910710334778,0.6167868971824646,0.38818359375,0.8754948377609253,0.2950144112110138,0.5589430928230286,0.2650957107543945,0.8260184526443481,0.1298623979091644,0.6499044299125671,0.1162241324782371,0.7715358734130859,0.8295357823371887,0.6335106492042542,0.8237634301185608,0.0,0.0,0.0,0.0,0.0,0.0,0.0,0.0,0.7026775479316711,0.3900211751461029
0.7064729928970337,0.2392367124557495,0.7277666330337524,0.2175284177064895,0.6839893460273743,0.2196773141622543,0.754669725894928,0.2606502175331116,0.6560518145561218,0.2593764662742615,0.7904795408248901,0.3952511847019195,0.6127461194992065,0.387071430683136,0.8886269330978394,0.2952826023101806,0.5438641309738159,0.2620317041873932,0.8433007597923279,0.1282197684049606,0.6210583448410034,0.1045964807271957,0.7747794389724731,0.8306794762611389,0.6336571574211121,0.814850389957428,0.0,0.0,0.0,0.0,0.0,0.0,0.0,0.0,0.6998118162155151,0.3880221545696258
0.7085141539573669,0.2390873730182647,0.7296302914619446,0.2176269739866256,0.6846838593482971,0.2190827429294586,0.7563721537590027,0.2613178491592407,0.6555498838424683,0.260735273361206,0.7908873558044434,0.3957320153713226,0.614460289478302,0.3880473971366882,0.8833169937133789,0.292189747095108,0.5502443909645081,0.2563016712665558,0.8426591157913208,0.1100994944572448,0.6226504445075989,0.0941730737686157,0.7750781178474426,0.8290309906005859,0.635080873966217,0.8148760199546814,0.0,0.0,0.0,0.0,0.0,0.0,0.0,0.0,0.7005804181098938,0.3894052505493164
0.70774906873703,0.2447772771120071,0.7297660112380981,0.2208609730005264,0.6843770146369934,0.2248282134532928,0.7580050826072693,0.2606607675552368,0.6560732126235962,0.2615059614181518,0.791508674621582,0.3952527940273285,0.6146974563598633,0.3886740803718567,0.8750216364860535,0.283917635679245,0.556004524230957,0.2566736340522766,0.8359102606773376,0.1045287400484085,0.6280917525291443,0.101999931037426,0.7722093462944031,0.8293644189834595,0.6348076462745667,0.8155312538146973,0.0,0.0,0.0,0.0,0.0,0.0,0.0,0.0,0.7015202641487122,0.3886399865150451
0.7082258462905884,0.2482937425374984,0.7317004203796387,0.2230136096477508,0.6861680746078491,0.2276409715414047,0.7612309455871582,0.2602754235267639,0.6595845222473145,0.2622314393520355,0.7924134135246277,0.3986265659332275,0.6155738830566406,0.3879028856754303,0.8754037022590637,0.2925880253314972,0.5620273351669312,0.2581708431243896,0.8293256163597107,0.1048148199915885,0.6659949421882629,0.0984313637018203,0.7737683653831482,0.8303297162055969,0.6348221898078918,0.8261364698410034,0.0,0.0,0.0,0.0,0.0,0.0,0.0,0.0,0.701881468296051,0.3899356424808502
0.7097237706184387,0.2500682771205902,0.7339262962341309,0.2234071940183639,0.6875553131103516,0.2299460619688034,0.7636421322822571,0.2641050517559051,0.6590072512626648,0.2696786522865295,0.7945677638053894,0.4009000658988952,0.6135001182556152,0.3912898898124695,0.8741463422775269,0.2928834557533264,0.5651096105575562,0.2704219222068786,0.8278012871742249,0.1075821593403816,0.6613842248916626,0.1128064393997192,0.7721534371376038,0.829356849193573,0.6346893310546875,0.8239327669143677,0.0,0.0,0.0,0.0,0.0,0.0,0.0,0.0,0.7020706534385681,0.3927356898784637
0.7102543711662292,0.2501015067100525,0.7336912155151367,0.2229029983282089,0.6877533197402954,0.2298871129751205,0.7622538208961487,0.2634162604808807,0.6592086553573608,0.2704335153102875,0.7925978899002075,0.4010213911533355,0.614517867565155,0.3933431506156921,0.8750715851783752,0.2951314151287079,0.5651174187660217,0.2703536450862884,0.8277443647384644,0.1093977615237236,0.6618504524230957,0.1103995814919471,0.773112416267395,0.833987832069397,0.6345963478088379,0.8274914026260376,0.0,0.0,0.0,0.0,0.0,0.0,0.0,0.0,0.7012532949447632,0.3943289816379547
0.70989990234375,0.2527329623699188,0.7335692048072815,0.2246173471212387,0.6877316236495972,0.2321939319372177,0.7629069089889526,0.2637506425380707,0.6596051454544067,0.271878033876419,0.7935122847557068,0.4023805558681488,0.6142223477363586,0.3944673240184784,0.8754395246505737,0.2923614680767059,0.5638706684112549,0.2714632451534271,0.8265922665596008,0.1065573319792747,0.6604145169258118,0.1158493086695671,0.7732610702514648,0.8312820792198181,0.6348682045936584,0.8258394598960876,0.0,0.0,0.0,0.0,0.0,0.0,0.0,0.0,0.7016194462776184,0.3949708044528961
0.7099370956420898,0.2538915276527405,0.7328709959983826,0.2239691019058227,0.6879476308822632,0.2308056503534317,0.7637939453125,0.2600458562374115,0.6614276170730591,0.265615850687027,0.7968316674232483,0.4017767012119293,0.6189015507698059,0.3942486643791199,0.8795710802078247,0.2820982635021209,0.5609620213508606,0.2653274834156036,0.8298617005348206,0.118089735507965,0.6538810133934021,0.1216372102499008,0.7744609713554382,0.8341883420944214,0.6355338096618652,0.8297601938247681,0.0,0.0,0.0,0.0,0.0,0.0,0.0,0.0,0.7050780653953552,0.3940702974796295
0.7112230062484741,0.2535834610462188,0.7329310178756714,0.225358709692955,0.6889063119888306,0.2290598005056381,0.7608920335769653,0.2594979405403137,0.6600885391235352,0.2627474963665008,0.7997652292251587,0.3972403705120086,0.61817467212677,0.3933593928813934,0.8969243764877319,0.3044294416904449,0.5540610551834106,0.27680304646492,0.8409952521324158,0.1460821628570556,0.6328389048576355,0.126800388097763,0.7777605056762695,0.8348997235298157,0.6348280310630798,0.8300372362136841,0.0,0.0,0.0,0.0,0.0,0.0,0.0,0.0,0.7071728110313416,0.3920778632164001
0.7111561894416809,0.2546626329421997,0.7327702641487122,0.2270324677228927,0.689489483833313,0.2280100136995315,0.76002037525177,0.2594890296459198,0.6584380269050598,0.2601287961006164,0.7989382743835449,0.3925335705280304,0.6146520376205444,0.388811856508255,0.899882972240448,0.3087236583232879,0.5523239374160767,0.2812988460063934,0.8507872223854065,0.1796530336141586,0.6365594267845154,0.1329393982887268,0.7806740999221802,0.8343064188957214,0.6331767439842224,0.8286062479019165,0.0,0.0,0.0,0.0,0.0,0.0,0.0,0.0,0.7053791284561157,0.389175146818161
0.7104095220565796,0.2548856437206268,0.7323023676872253,0.2256988584995269,0.6886633634567261,0.2267131954431533,0.7599418759346008,0.2568146884441376,0.6574631333351135,0.258646547794342,0.7970489263534546,0.3931829929351806,0.615260899066925,0.3886608481407165,0.9018765091896056,0.315707117319107,0.5520420670509338,0.2851387858390808,0.8551133275032043,0.1928049325942993,0.6369695067405701,0.135197028517723,0.7805294394493103,0.8338465094566345,0.6331777572631836,0.8275877237319946,0.0,0.0,0.0,0.0,0.0,0.0,0.0,0.0,0.7045897245407104,0.3897345066070556
0.7110348343849182,0.2539719939231872,0.7318660020828247,0.2243900001049041,0.6900887489318848,0.2265629768371582,0.7603138089179993,0.2548440992832184,0.6612007021903992,0.2585051357746124,0.8060798645019531,0.3958211243152618,0.6178305745124817,0.3910791575908661,0.9068236351013184,0.3204616606235504,0.5435441136360168,0.315386950969696,0.8465819358825684,0.2038260996341705,0.6218341588973999,0.1817139238119125,0.790834367275238,0.8442739844322205,0.6339399218559265,0.8273313641548157,0.0,0.0,0.0,0.0,0.0,0.0,0.0,0.0,0.709057629108429,0.3913873136043548
0.7115936875343323,0.2511844933032989,0.7328222990036011,0.2242510467767715,0.6886301636695862,0.2269659042358398,0.7625536322593689,0.2584794163703918,0.6585481762886047,0.2648904621601105,0.8053703308105469,0.3885096907615661,0.6220337748527527,0.3860641419887543,0.0,0.0,0.5331293344497681,0.3561156690120697,0.0,0.0,0.6088448166847229,0.2495753765106201,0.7894859910011292,0.827682614326477,0.6345352530479431,0.8122032284736633,0.0,0.0,0.0,0.0,0.0,0.0,0.0,0.0,0.7108857035636902,0.3871034681797027
0.7120769619941711,0.2526521384716034,0.7343955636024475,0.2240087836980819,0.6889520883560181,0.2280653864145279,0.7667070627212524,0.2579808235168457,0.6610633134841919,0.2647536695003509,0.8080774545669556,0.3905228078365326,0.6251451373100281,0.3870508372783661,0.9166464805603028,0.3628475069999695,0.5375151038169861,0.3530954420566559,0.843588650226593,0.2475808709859848,0.6140788793563843,0.2512547075748443,0.7903034090995789,0.8324607014656067,0.6343320608139038,0.8153905272483826,0.0,0.0,0.0,0.0,0.0,0.0,0.0,0.0,0.7138205170631409,0.3879635035991668
0.715452253818512,0.2540638148784637,0.7365552186965942,0.2295222580432891,0.6950421929359436,0.2291679233312606,0.7639344334602356,0.2610991597175598,0.6667574644088745,0.2585813999176025,0.7997719645500183,0.3913170397281647,0.6284627318382263,0.3842765986919403,0.9172170758247375,0.3680790364742279,0.5371079444885254,0.3758743405342102,0.8228753209114075,0.2387634515762329,0.6040681004524231,0.274226576089859,0.7822936177253723,0.8272066116333008,0.6383064985275269,0.8114202618598938,0.0,0.0,0.0,0.0,0.0,0.0,0.0,0.0,0.7123698592185974,0.3872243762016296
0.7152619361877441,0.2578164041042328,0.7353882789611816,0.234179750084877,0.6954971551895142,0.2356797009706497,0.7675371170043945,0.2601993381977081,0.6713491678237915,0.2559285461902618,0.8089284896850586,0.3851191997528076,0.6267920732498169,0.3806199729442596,0.9232230186462402,0.3985273838043213,0.5360156297683716,0.4221773147583008,0.8426574468612671,0.3031509220600128,0.604039192199707,0.2970282137393951,0.7838448882102966,0.8309792876243591,0.6376137733459473,0.8247360587120056,0.0,0.0,0.0,0.0,0.0,0.0,0.0,0.0,0.7176933288574219,0.3811445832252502
0.7106509208679199,0.2596245408058166,0.7269936203956604,0.2353482544422149,0.6921097040176392,0.237432599067688,0.759438693523407,0.2554952502250671,0.6684708595275879,0.2568729221820831,0.8062451481819153,0.3785710334777832,0.6246333718299866,0.3814322054386139,0.9160965085029602,0.4068655967712402,0.5332419276237488,0.4377274811267853,0.8357855677604675,0.3052664399147033,0.60566246509552,0.3025883138179779,0.7842220664024353,0.8304205536842346,0.6359445452690125,0.8258979916572571,0.0,0.0,0.0,0.0,0.0,0.0,0.0,0.0,0.715851366519928,0.3782719075679779
0.7147523164749146,0.2756441533565521,0.7250972390174866,0.255120187997818,0.6983495354652405,0.2455287724733352,0.7484593987464905,0.2762371599674225,0.6799392700195312,0.2441259175539016,0.7950115203857422,0.3833600580692291,0.6249451637268066,0.3810199201107025,0.906089961528778,0.461183100938797,0.5301090478897095,0.4780614674091339,0.8312816619873047,0.3460867702960968,0.604256272315979,0.344889223575592,0.7836394309997559,0.8335179090499878,0.635003387928009,0.8277248740196228,0.0,0.0,0.0,0.0,0.0,0.0,0.0,0.0,0.7100110650062561,0.3766107857227325
0.717316746711731,0.2592068612575531,0.7340652346611023,0.2382090389728546,0.6967524886131287,0.2389527261257171,0.7613967657089233,0.2628361284732818,0.667665958404541,0.2619915306568146,0.7992027997970581,0.3898210227489471,0.6213951110839844,0.3953818678855896,0.9085369110107422,0.4394946098327636,0.5348207950592041,0.4595770537853241,0.8309399485588074,0.3293626606464386,0.5970090627670288,0.3344622254371643,0.7913714647293091,0.8330535888671875,0.638454258441925,0.8270749449729919,0.0,0.0,0.0,0.0,0.0,0.0,0.0,0.0,0.711702823638916,0.3920648396015167
0.7129788994789124,0.2542294859886169,0.7320331335067749,0.2284992635250091,0.693253219127655,0.2307847887277603,0.764525294303894,0.2563327252864837,0.6680845618247986,0.2552333176136017,0.8044800758361816,0.3846395313739776,0.6203521490097046,0.3832009732723236,0.9138886332511902,0.4226656556129455,0.5309711694717407,0.4514742493629455,0.8377259373664856,0.3087742626667022,0.5992768406867981,0.3068092465400696,0.7835091948509216,0.8286470174789429,0.6365551352500916,0.8152140974998474,0.0,0.0,0.0,0.0,0.0,0.0,0.0,0.0,0.7136350274085999,0.382671058177948
0.7103225588798523,0.2596099078655243,0.7312458753585815,0.2355364859104156,0.6912521719932556,0.2397977262735366,0.7649093866348267,0.258778303861618,0.6668448448181152,0.2649816870689392,0.8068485856056213,0.3823701739311218,0.621704638004303,0.3817937672138214,0.9123533964157104,0.4076853096485138,0.5325800776481628,0.4346745610237121,0.8390864133834839,0.3072001338005066,0.5912410020828247,0.3054623007774353,0.7856002449989319,0.831542432308197,0.6368063688278198,0.8255585432052612,0.0,0.0,0.0,0.0,0.0,0.0,0.0,0.0,0.7145556807518005,0.3804171085357666
0.7050825357437134,0.2565464079380035,0.7248732447624207,0.2294533550739288,0.6815322041511536,0.2326327711343765,0.7534573674201965,0.2584277391433716,0.6541135907173157,0.2590455114841461,0.7956282496452332,0.3885875046253204,0.6205996870994568,0.3859577476978302,0.8916105031967163,0.396960586309433,0.5241459608078003,0.4061824977397918,0.8109421133995056,0.2597719132900238,0.5806357264518738,0.2860246300697326,0.782630443572998,0.8285781741142273,0.6363763809204102,0.814092218875885,0.0,0.0,0.0,0.0,0.0,0.0,0.0,0.0,0.7075739502906799,0.3877974450588226
0.7038893699645996,0.2553706467151642,0.7242022752761841,0.2279543131589889,0.6797927618026733,0.2324220240116119,0.7531055808067322,0.2597652971744537,0.650380551815033,0.2601259648799896,0.7950875163078308,0.3892064690589905,0.6186888813972473,0.3873736560344696,0.8907772302627563,0.358573168516159,0.5179349780082703,0.403429239988327,0.798734188079834,0.2473125457763672,0.5761610269546509,0.2840991616249084,0.7752334475517273,0.8299025893211365,0.6323953866958618,0.8134315609931946,0.0,0.0,0.0,0.0,0.0,0.0,0.0,0.0,0.7066212296485901,0.3885255753993988
0.7007938623428345,0.2571889162063598,0.7208636999130249,0.2270211279392242,0.6742700338363647,0.2334943115711212,0.7535103559494019,0.2583416700363159,0.6461515426635742,0.2633912265300751,0.793366551399231,0.3940064013004303,0.6185272932052612,0.3865964710712433,0.8975290060043335,0.373347520828247,0.5239115357398987,0.4040941298007965,0.8221234083175659,0.2676744759082794,0.5815203785896301,0.2861068546772003,0.7759206891059875,0.830945611000061,0.6307765245437622,0.8157867789268494,0.0,0.0,0.0,0.0,0.0,0.0,0.0,0.0,0.704670786857605,0.3889677822589874
0.7081934809684753,0.2537746727466583,0.7293146252632141,0.2269793003797531,0.687980592250824,0.2296161949634552,0.763333261013031,0.2585750520229339,0.6633867025375366,0.2625547349452972,0.807056725025177,0.3954889476299286,0.6219609379768372,0.3936158120632171,0.9164555668830872,0.3843532502651214,0.5343595147132874,0.3866414725780487,0.8487891554832458,0.2679042518138885,0.6033053398132324,0.2740871906280517,0.7963546514511108,0.8309019207954407,0.6416155099868774,0.824891984462738,0.0,0.0,0.0,0.0,0.0,0.0,0.0,0.0,0.7131537199020386,0.3938735127449035
0.7189909219741821,0.2541000247001648,0.7417343854904175,0.2260519564151764,0.695595920085907,0.2283219248056411,0.7718147039413452,0.2583041787147522,0.6653923392295837,0.2628103196620941,0.8144689798355103,0.3966095745563507,0.6280912160873413,0.3943219482898712,0.9335798621177672,0.3844864666461944,0.553670346736908,0.3678905069828033,0.8591544032096863,0.2441515922546386,0.6195493936538696,0.2695760428905487,0.807954728603363,0.8524388670921326,0.6434151530265808,0.845757782459259,0.0,0.0,0.0,0.0,0.0,0.0,0.0,0.0,0.7201219201087952,0.3944800794124603
0.7260375618934631,0.2563700377941131,0.7481347322463989,0.2266872078180313,0.7027691602706909,0.2294117212295532,0.7799414992332458,0.2520444691181183,0.6719074249267578,0.2577634453773498,0.8282676935195923,0.3945523798465729,0.6323596239089966,0.3898293972015381,0.9569073915481568,0.4036594927310943,0.5629324316978455,0.3662024140357971,0.8803150057792664,0.2450539767742157,0.6370898485183716,0.2602661550045013,0.8164715766906738,0.8704220056533813,0.6490877866744995,0.8541406393051147,0.0,0.0,0.0,0.0,0.0,0.0,0.0,0.0,0.7282622456550598,0.3913977444171905
0.736903965473175,0.2560358941555023,0.7576193809509277,0.225912794470787,0.7131556868553162,0.2332005500793457,0.7917830348014832,0.2491771429777145,0.6816617846488953,0.2652924060821533,0.8340553045272827,0.3972170352935791,0.6425339579582214,0.3986193537712097,0.9599809646606444,0.3923537731170654,0.5683062672615051,0.3695505559444427,0.8990764617919922,0.2606731951236725,0.6453839540481567,0.2539251446723938,0.8262492418289185,0.8841447234153748,0.6583348512649536,0.8805385828018188,0.0,0.0,0.0,0.0,0.0,0.0,0.0,0.0,0.7363283038139343,0.3963038921356201
0.7367908358573914,0.2560764253139496,0.7584928870201111,0.2288218885660171,0.71515291929245,0.2316239923238754,0.7917014956474304,0.2590005695819855,0.6818438172340393,0.2653223872184753,0.8402803540229797,0.3991412818431854,0.6422572135925293,0.4021529257297516,0.9470402598381042,0.3696668744087219,0.5651035904884338,0.3764335513114929,0.8782663941383362,0.2503687739372253,0.6323793530464172,0.2580658495426178,0.8272171020507812,0.8829588890075684,0.6599939465522766,0.8672564625740051,0.0,0.0,0.0,0.0,0.0,0.0,0.0,0.0,0.7362657785415649,0.3984111249446869
0.7274655103683472,0.2576453983783722,0.7485947012901306,0.2279833406209945,0.7055851221084595,0.23220856487751,0.7798308730125427,0.2562509179115295,0.6755043268203735,0.262564480304718,0.8281678557395935,0.3948900401592254,0.6356928944587708,0.4013449549674988,0.9216344952583312,0.3515082001686096,0.5437212586402893,0.3751287758350372,0.8467330932617188,0.2363370209932327,0.6080943942070007,0.2599970400333404,0.8194271326065063,0.8645383715629578,0.6564586758613586,0.8512137532234192,0.0,0.0,0.0,0.0,0.0,0.0,0.0,0.0,0.7292001843452454,0.396892100572586
0.7117751836776733,0.2569001019001007,0.7333245873451233,0.2260956913232803,0.6885415315628052,0.228430837392807,0.7643279433250427,0.2578029334545135,0.6604836583137512,0.2577129006385803,0.8081612586975098,0.3962397277355194,0.6281328201293945,0.3922972381114959,0.9038340449333192,0.3412735164165497,0.532189667224884,0.3736023008823395,0.8206323981285095,0.2303298264741897,0.5889411568641663,0.2587043642997741,0.795362651348114,0.8504021763801575,0.6397490501403809,0.8332099914550781,0.0,0.0,0.0,0.0,0.0,0.0,0.0,0.0,0.7162450551986694,0.3936784565448761
0.7042054533958435,0.2537634074687958,0.7230134010314941,0.2236274778842926,0.6816658973693848,0.2266110926866531,0.7524538040161133,0.2533026039600372,0.6526229977607727,0.2608025670051574,0.7951399087905884,0.4049056470394134,0.6063968539237976,0.4011068940162658,0.8929249048233032,0.3311319947242737,0.5085288882255554,0.3179722428321838,0.0,0.0,0.6056345701217651,0.1588452905416488,0.7758983373641968,0.8522811532020569,0.6281360983848572,0.8461669683456421,0.0,0.0,0.0,0.0,0.0,0.0,0.0,0.0,0.6984745860099792,0.3999600410461426
0.7027658820152283,0.2531276345252991,0.721285343170166,0.224393218755722,0.680022656917572,0.2271655797958374,0.7493120431900024,0.2556022703647613,0.6522740125656128,0.2626189291477203,0.7905815839767456,0.4061765670776367,0.6058870553970337,0.401771992444992,0.8909253478050232,0.3299817442893982,0.5095881223678589,0.3168709576129913,0.8310786485671997,0.1604441851377487,0.6031944155693054,0.1530447751283645,0.7747288942337036,0.8510321378707886,0.6262186169624329,0.8346138596534729,0.0,0.0,0.0,0.0,0.0,0.0,0.0,0.0,0.6964884400367737,0.4006906449794769
0.7020182013511658,0.25090092420578,0.7207297086715698,0.2221267521381378,0.6788183450698853,0.2264588773250579,0.7503841519355774,0.2557225823402405,0.6521485447883606,0.2638325989246368,0.7916181683540344,0.4055194854736328,0.6072971224784851,0.3991907238960266,0.8951181769371033,0.3272343575954437,0.511344850063324,0.3169444501399994,0.8298713564872742,0.1600659936666488,0.6048296689987183,0.1464147567749023,0.7715922594070435,0.8474488854408264,0.6268065571784973,0.8306617140769958,0.0,0.0,0.0,0.0,0.0,0.0,0.0,0.0,0.6973661184310913,0.3989517986774444
0.7021172642707825,0.247899517416954,0.7209291458129883,0.219549611210823,0.6791967749595642,0.2253928035497665,0.7509316802024841,0.2537373602390289,0.6529468297958374,0.2634418904781341,0.7915115356445312,0.4039912819862366,0.6116766929626465,0.3979508280754089,0.8912988901138306,0.3246646523475647,0.5146942734718323,0.3136546611785888,0.8312631845474243,0.1592215001583099,0.6037343144416809,0.1493236273527145,0.769577145576477,0.8462766408920288,0.6281295418739319,0.8293920755386353,0.0,0.0,0.0,0.0,0.0,0.0,0.0,0.0,0.6988186240196228,0.3976456522941589
0.704627513885498,0.241631343960762,0.7246560454368591,0.2152777463197708,0.6830669045448303,0.2196205109357834,0.7540531158447266,0.2523956596851349,0.6563665270805359,0.2586788833141327,0.7916775345802307,0.4002528786659241,0.6138014793395996,0.3959109485149383,0.8927987217903137,0.2831128239631653,0.5199503302574158,0.3082802891731262,0.831210732460022,0.1502710729837417,0.6059631109237671,0.1471906006336212,0.7633076310157776,0.8348122239112854,0.6286558508872986,0.827148973941803,0.0,0.0,0.0,0.0,0.0,0.0,0.0,0.0,0.6998801231384277,0.3945103287696838
0.7040660977363586,0.2414010465145111,0.7242751121520996,0.2147463858127594,0.682644248008728,0.2183060199022293,0.7543641328811646,0.2486431747674942,0.6561646461486816,0.2577127814292907,0.7914038300514221,0.4016132056713104,0.6136041283607483,0.3977885842323303,0.8894346952438354,0.32160684466362,0.5207864046096802,0.2988365590572357,0.8398879170417786,0.15768463909626,0.6068606972694397,0.1453033834695816,0.7683034539222717,0.8461390137672424,0.6286709904670715,0.8300212025642395,0.0,0.0,0.0,0.0,0.0,0.0,0.0,0.0,0.6996873617172241,0.3968324363231659
0.7055162787437439,0.2444854825735092,0.7256985902786255,0.2158351242542266,0.6831671595573425,0.220081940293312,0.7550225257873535,0.2530082762241363,0.6553487777709961,0.2592367231845855,0.7899070978164673,0.4023765623569488,0.6109861135482788,0.3969493806362152,0.8896085619926453,0.3025085031986236,0.5239179134368896,0.3099400997161865,0.8429277539253235,0.1580378860235214,0.6064700484275818,0.1427297890186309,0.7687028646469116,0.8479633331298828,0.6287015080451965,0.8319969773292542,0.0,0.0,0.0,0.0,0.0,0.0,0.0,0.0,0.6972141265869141,0.3969753384590149
0.7055617570877075,0.2449228316545486,0.7254586219787598,0.2171226888895034,0.6831192374229431,0.2210118472576141,0.7552383542060852,0.2535299658775329,0.6545856595039368,0.2598777711391449,0.7924692034721375,0.3991139531135559,0.6100411415100098,0.3959238529205322,0.8920551538467407,0.3010410964488983,0.5241252183914185,0.2994931042194366,0.8432971239089966,0.1597540527582168,0.6053721308708191,0.1448657214641571,0.7707306146621704,0.8443028330802917,0.6284127831459045,0.8293987512588501,0.0,0.0,0.0,0.0,0.0,0.0,0.0,0.0,0.6984580159187317,0.3951048851013183
0.7058619856834412,0.2440118491649627,0.7256291508674622,0.2169889062643051,0.6839078664779663,0.2207843959331512,0.7554593086242676,0.2538332343101501,0.6557777523994446,0.2604814767837524,0.7949205040931702,0.3976865112781524,0.6112454533576965,0.3962621688842773,0.8943513035774231,0.3085496127605438,0.525365948677063,0.3002769649028778,0.8446580767631531,0.1596091836690902,0.605859637260437,0.1454962939023971,0.7725034952163696,0.8337559700012207,0.631024956703186,0.8266895413398743,0.0,0.0,0.0,0.0,0.0,0.0,0.0,0.0,0.7008978128433228,0.3938649296760559
0.7068305611610413,0.2452516555786132,0.7266301512718201,0.2174052447080612,0.6848779320716858,0.221490740776062,0.7562022805213928,0.2540962696075439,0.65684974193573,0.2614036500453949,0.7940238118171692,0.3974726498126983,0.6127395629882812,0.3958907127380371,0.895068347454071,0.3091762363910675,0.5246562957763672,0.2991763055324554,0.8461812734603882,0.1624913066625595,0.6082392930984497,0.1439025104045868,0.7694588303565979,0.8329879641532898,0.6313215494155884,0.8264822363853455,0.0,0.0,0.0,0.0,0.0,0.0,0.0,0.0,0.7006787061691284,0.3934367001056671
0.7069196105003357,0.2463811486959457,0.7264400124549866,0.2176737934350967,0.6846672296524048,0.222687155008316,0.7560938596725464,0.2529688477516174,0.6572383046150208,0.2627974152565002,0.792131245136261,0.3976553380489349,0.613420307636261,0.3959317207336426,0.8965807557106018,0.3058296740055084,0.5258059501647949,0.3081821799278259,0.8433648347854614,0.1565290242433548,0.6084595322608948,0.1442441642284393,0.7640233039855957,0.8316161036491394,0.6309472322463989,0.8247838020324707,0.0,0.0,0.0,0.0,0.0,0.0,0.0,0.0,0.699993908405304,0.3934938311576843
0.7092148065567017,0.2462159246206283,0.7293773889541626,0.2183710783720016,0.6865538358688354,0.2232586443424224,0.7582744359970093,0.2553053796291351,0.6576781272888184,0.2631696164608001,0.7964755296707153,0.39803546667099,0.6167087554931641,0.3947736918926239,0.8985695838928223,0.3061563968658447,0.5274156928062439,0.2974033653736114,0.8493357300758362,0.1519925743341446,0.6210243105888367,0.1327412575483322,0.7749093770980835,0.8464624285697937,0.6317335367202759,0.8269335031509399,0.0,0.0,0.0,0.0,0.0,0.0,0.0,0.0,0.7037534117698669,0.3936015665531158
0.7231054902076721,0.2458406686782837,0.7432317733764648,0.2162594050168991,0.6979502439498901,0.2227552384138107,0.7705069184303284,0.247932031750679,0.6666086316108704,0.2599987387657165,0.81633460521698,0.3950724005699157,0.6278063058853149,0.3952875137329101,0.9246930480003356,0.295401781797409,0.5503718256950378,0.2925582528114319,0.8692712783813477,0.1606609374284744,0.6551274657249451,0.1306041628122329,0.805193305015564,0.863794207572937,0.6401914954185486,0.8344618678092957,0.0,0.0,0.0,0.0,0.0,0.0,0.0,0.0,0.7186684608459473,0.3915123641490936
0.7403459548950195,0.2467851936817169,0.7597916722297668,0.2199477255344391,0.7181752324104309,0.2256612926721573,0.7866063714027405,0.2469725310802459,0.6868221163749695,0.2615439295768738,0.8370569944381714,0.3922715783119201,0.6497514843940735,0.3943977355957031,0.9470812082290648,0.2994288504123688,0.5737169981002808,0.29166379570961,0.8890127539634705,0.1392837315797805,0.6715130805969238,0.1367163658142089,0.8187808394432068,0.8647641539573669,0.6602573394775391,0.8496689796447754,0.0,0.0,0.0,0.0,0.0,0.0,0.0,0.0,0.7391606569290161,0.3921136856079101
0.7535975575447083,0.2470519095659256,0.774571418762207,0.2208656966686248,0.7300759553909302,0.2264245748519897,0.7988353371620178,0.250739723443985,0.6998128890991211,0.2609235346317291,0.8467186689376831,0.3920771181583404,0.6646720767021179,0.3988864719867706,0.9612953066825868,0.3107499778270721,0.5842759013175964,0.3010907471179962,0.901483118534088,0.13858363032341,0.6746932864189148,0.1578246802091598,0.8349655270576477,0.8510389924049377,0.6862209439277649,0.8441872596740723,0.0,0.0,0.0,0.0,0.0,0.0,0.0,0.0,0.7542248368263245,0.3922504484653473
0.7558282613754272,0.2450080662965774,0.7770796418190002,0.220847949385643,0.7333155274391174,0.2244913429021835,0.8007245063781738,0.2530924379825592,0.7034417390823364,0.2582530081272125,0.8471978306770325,0.3908690512180328,0.6677452325820923,0.39649298787117,0.9775403738021852,0.3109249770641327,0.5849023461341858,0.2991078495979309,0.9162115454673768,0.1629398167133331,0.6807864308357239,0.1492042243480682,0.8351496458053589,0.8478536605834961,0.6869044303894043,0.8329063653945923,0.0,0.0,0.0,0.0,0.0,0.0,0.0,0.0,0.7559053301811218,0.3905453085899353
0.743498682975769,0.2474106252193451,0.7637545466423035,0.2197323888540268,0.7204164862632751,0.224605306982994,0.7892209887504578,0.2505741715431213,0.688546359539032,0.261154443025589,0.8355551362037659,0.3910281658172607,0.6534522175788879,0.393426239490509,0.9553938508033752,0.3100504577159881,0.5769907832145691,0.2992158532142639,0.9052714109420776,0.1536693125963211,0.6752735376358032,0.1481123715639114,0.8199954628944397,0.8485462069511414,0.6677430868148804,0.8329960107803345,0.0,0.0,0.0,0.0,0.0,0.0,0.0,0.0,0.7412392497062683,0.3904738128185272
0.7328858971595764,0.2481678426265716,0.7542428970336914,0.2215050309896469,0.7101874947547913,0.2271360009908676,0.7827754616737366,0.2522599101066589,0.6808132529258728,0.2626933157444,0.8344373106956482,0.3952250778675079,0.6384193301200867,0.4007187485694885,0.950225830078125,0.3119437992572784,0.5689793825149536,0.2989958226680755,0.9059959053993224,0.1742886155843734,0.6693958044052124,0.1540870517492294,0.8192895650863647,0.8365650773048401,0.6634602546691895,0.8342986702919006,0.0,0.0,0.0,0.0,0.0,0.0,0.0,0.0,0.733920693397522,0.3937303721904754
0.7445062398910522,0.2539729475975036,0.7676763534545898,0.2259310483932495,0.7222676873207092,0.2314163297414779,0.7939947843551636,0.2544066309928894,0.6923382878303528,0.264557808637619,0.8366522789001465,0.3977694511413574,0.6540520787239075,0.4021160900592804,0.9593116044998168,0.3101283013820648,0.5781525373458862,0.3007323741912842,0.9169748425483704,0.181461900472641,0.6740923523902893,0.16146120429039,0.8341867327690125,0.8502201437950134,0.679003894329071,0.8342642188072205,0.0,0.0,0.0,0.0,0.0,0.0,0.0,0.0,0.7435600161552429,0.3969281017780304
0.7750940918922424,0.2483902126550674,0.7946392893791199,0.2205489873886108,0.748989999294281,0.2250983268022537,0.8254989981651306,0.2526219189167022,0.7184923887252808,0.257976621389389,0.8725743293762207,0.3906064331531524,0.6872208714485168,0.3963778913021087,0.9910714030265808,0.3423213958740234,0.5997157692909241,0.3112039864063263,0.9548467993736268,0.2014021724462509,0.7057780027389526,0.1357845813035965,0.8650821447372437,0.864693820476532,0.7195968627929688,0.8482888340950012,0.0,0.0,0.0,0.0,0.0,0.0,0.0,0.0,0.778296172618866,0.3909666836261749
0.7950945496559143,0.2489954531192779,0.8154417872428894,0.2205327600240707,0.76857990026474,0.2276497632265091,0.8503196835517883,0.2521855533123016,0.7421141266822815,0.2632327973842621,0.917631447315216,0.3889617323875427,0.7033814787864685,0.3934811055660248,0.0,0.0,0.6285586357116699,0.2960220277309418,0.0,0.0,0.7345790266990662,0.1197020336985588,0.8797883987426758,0.8469854593276978,0.738309919834137,0.831726610660553,0.0,0.0,0.0,0.0,0.0,0.0,0.0,0.0,0.8040488958358765,0.3898233771324157
0.8188545107841492,0.2533111572265625,0.8393794298171997,0.2207837849855423,0.792557418346405,0.2296753972768783,0.8717826008796692,0.250240296125412,0.761438250541687,0.2653815448284149,0.9342426061630248,0.3909550309181213,0.7222851514816284,0.3903729021549225,0.0,0.0,0.647998034954071,0.3104908466339111,0.0,0.0,0.7322832942008972,0.1558816283941269,0.8975109457969666,0.8451977968215942,0.7477423548698425,0.8321641683578491,0.0,0.0,0.0,0.0,0.0,0.0,0.0,0.0,0.8213972449302673,0.3900436758995056
0.8264947533607483,0.252384603023529,0.8474866151809692,0.221941277384758,0.8021873831748962,0.2281505167484283,0.8803229331970215,0.2527742087841034,0.7717857360839844,0.2640058100223541,0.9399282336235046,0.3910612165927887,0.727303683757782,0.3915615081787109,0.0,0.0,0.6523547172546387,0.3238881230354309,0.0,0.0,0.7319754362106323,0.1637745797634124,0.9054626226425172,0.8461503982543945,0.7526322603225708,0.8304576873779297,0.0,0.0,0.0,0.0,0.0,0.0,0.0,0.0,0.8289073705673218,0.3904582560062408
0.8169911503791809,0.2502534687519073,0.8385925889015198,0.2216184139251709,0.7917798757553101,0.2283923923969268,0.8713144063949585,0.2528934180736542,0.7594138979911804,0.2656221985816955,0.9239171147346495,0.3888631463050842,0.7211321592330933,0.3919861614704132,0.0,0.0,0.6531262993812561,0.2904451787471771,0.0,0.0,0.719446063041687,0.1501791179180145,0.8955801725387573,0.8421955108642578,0.7505330443382263,0.8277791142463684,0.0,0.0,0.0,0.0,0.0,0.0,0.0,0.0,0.8189186453819275,0.3901807367801666
0.7855619192123413,0.2462259083986282,0.8086859583854675,0.218868687748909,0.7607280611991882,0.2231552600860595,0.842810332775116,0.2519423961639404,0.7287979125976562,0.255003958940506,0.8908320069313049,0.3838279247283935,0.697262167930603,0.3890302777290344,0.98040372133255,0.2711536288261413,0.6255906224250793,0.2834696173667907,0.0,0.0,0.6792983412742615,0.1471250802278518,0.8687034845352173,0.8498468995094299,0.7279857993125916,0.8319454789161682,0.0,0.0,0.0,0.0,0.0,0.0,0.0,0.0,0.7923111319541931,0.386791318655014
0.7530423402786255,0.2454320043325424,0.7762075066566467,0.2178397178649902,0.7296537756919861,0.2222353219985962,0.8046156764030457,0.2464736700057983,0.6946625709533691,0.2561147511005401,0.851270854473114,0.3879781067371368,0.6584793329238892,0.3960881531238556,0.936355710029602,0.2774066925048828,0.5881666541099548,0.2808924317359924,0.882890522480011,0.1495216339826584,0.6426029801368713,0.1540955156087875,0.8352729082107544,0.8326275944709778,0.6891511082649231,0.8266236186027527,0.0,0.0,0.0,0.0,0.0,0.0,0.0,0.0,0.7524016499519348,0.3898845016956329
0.7055026888847351,0.2501977980136871,0.7249554395675659,0.2195683270692825,0.682230532169342,0.2260555326938629,0.7559458017349243,0.2479184418916702,0.6538321375846863,0.2613845467567444,0.792668879032135,0.3962920308113098,0.6114897727966309,0.3922526240348816,0.8813980221748352,0.2967073917388916,0.5300697684288025,0.28581103682518,0.8303967118263245,0.1544637531042099,0.5988904237747192,0.1380067318677902,0.7759532332420349,0.8265277743339539,0.6290683746337891,0.8134040832519531,0.0,0.0,0.0,0.0,0.0,0.0,0.0,0.0,0.7004666924476624,0.3912377059459686
0.6858873963356018,0.2512898743152618,0.7081049680709839,0.2249925285577774,0.6647924780845642,0.2248473912477493,0.7328351736068726,0.2577200829982757,0.6300722360610962,0.2574904561042785,0.7608923316001892,0.3912305235862732,0.5805366635322571,0.388934463262558,0.859405517578125,0.3010196983814239,0.5101895332336426,0.2967541515827179,0.8080585598945618,0.1813090592622757,0.5855769515037537,0.1619295626878738,0.7587753534317017,0.814514696598053,0.6132716536521912,0.8130281567573547,0.0,0.0,0.0,0.0,0.0,0.0,0.0,0.0,0.6701774597167969,0.3893889784812927
0.6837132573127747,0.2527282834053039,0.7050719261169434,0.2229826599359512,0.6622371673583984,0.2282736003398895,0.7332205176353455,0.2521565556526184,0.6307440400123596,0.2619872093200683,0.7666429877281189,0.3896971642971039,0.5856528282165527,0.3951149582862854,0.8810300230979919,0.3680113852024078,0.5107969641685486,0.3372496962547302,0.8133705854415894,0.2225810140371322,0.5865952372550964,0.2151957601308822,0.7706722617149353,0.8292598724365234,0.617266058921814,0.8265935778617859,0.0,0.0,0.0,0.0,0.0,0.0,0.0,0.0,0.6747894883155823,0.3893616795539856
0.6936132311820984,0.2505132257938385,0.7154833078384399,0.2225220650434494,0.6737180948257446,0.2255343347787857,0.7436116337776184,0.2568268477916717,0.6429075002670288,0.2594097554683685,0.7886518239974976,0.387063205242157,0.5999411344528198,0.3947227895259857,0.8898341059684753,0.3503731787204742,0.5256271958351135,0.3383523523807525,0.8212502598762512,0.2295543849468231,0.5934170484542847,0.2280073016881942,0.788420557975769,0.8285192847251892,0.6294269561767578,0.8251556158065796,0.0,0.0,0.0,0.0,0.0,0.0,0.0,0.0,0.6927246451377869,0.3888006806373596
0.7233647108078003,0.2513518929481506,0.7455641031265259,0.2222164422273636,0.7006841897964478,0.2279318571090698,0.7770614624023438,0.2551420331001282,0.6710107922554016,0.2650106847286224,0.8215112090110779,0.3878247737884521,0.6332024931907654,0.3936032652854919,0.9152718782424928,0.3514251410961151,0.5396231412887573,0.3806939125061035,0.8514236211776733,0.2401258200407028,0.6190477609634399,0.2405485808849334,0.8198458552360535,0.8470755219459534,0.6586601138114929,0.8332943916320801,0.0,0.0,0.0,0.0,0.0,0.0,0.0,0.0,0.7250494956970215,0.389819473028183
0.7393727898597717,0.2553460001945495,0.7611532211303711,0.2265628278255462,0.7161964178085327,0.2361450642347335,0.7974004745483398,0.2519054710865021,0.6857694983482361,0.2725267708301544,0.8473860025405884,0.3872783482074737,0.6495649218559265,0.4015989005565643,0.939935863018036,0.3618727624416351,0.5669717788696289,0.369378000497818,0.8645867705345154,0.2459831237792968,0.6348668932914734,0.2669113874435425,0.830923855304718,0.8532225489616394,0.6731709241867065,0.848040759563446,0.0,0.0,0.0,0.0,0.0,0.0,0.0,0.0,0.7427461743354797,0.391600102186203
0.7603412866592407,0.253375232219696,0.7834100127220154,0.2257077246904373,0.7383030652999878,0.2268122732639312,0.8174662590026855,0.2549073100090027,0.7048912048339844,0.2578995525836944,0.8708581328392029,0.3917126655578613,0.6636537909507751,0.3882486224174499,0.9533783197402954,0.3516975343227386,0.5836197733879089,0.4074464738368988,0.8805356025695801,0.2429844290018081,0.6492919325828552,0.2807733118534088,0.8390366435050964,0.8478293418884277,0.6886488199234009,0.8437039256095886,0.0,0.0,0.0,0.0,0.0,0.0,0.0,0.0,0.7621238827705383,0.3884856700897217
0.764708399772644,0.253136545419693,0.7855426073074341,0.2254085093736648,0.7424491047859192,0.2290115356445312,0.8163970708847046,0.2523561418056488,0.7079826593399048,0.2617460787296295,0.8697519302368164,0.3854555487632751,0.66485196352005,0.3915419578552246,0.9910714030265808,0.4467715620994568,0.584690511226654,0.4175346195697784,0.8207255601882935,0.1553121358156204,0.6525791883468628,0.2751654684543609,0.8476482033729553,0.8325004577636719,0.6920880675315857,0.8312526345252991,0.0,0.0,0.0,0.0,0.0,0.0,0.0,0.0,0.7634779810905457,0.387919157743454
0.7587315440177917,0.2570826113224029,0.7787809371948242,0.2250181138515472,0.7364955544471741,0.2315209060907364,0.8084567189216614,0.2478093057870865,0.7031044960021973,0.2637992203235626,0.8604925870895386,0.390063464641571,0.6651719808578491,0.3950976431369781,0.9604015350341796,0.3502855002880096,0.5777210593223572,0.3769578039646148,0.8813132047653198,0.2189296334981918,0.6525625586509705,0.2382378429174423,0.8457136154174805,0.8486661314964294,0.6864640116691589,0.845454216003418,0.0,0.0,0.0,0.0,0.0,0.0,0.0,0.0,0.7577068209648132,0.3906923234462738
0.7474074363708496,0.2511832416057586,0.771308422088623,0.2244476228952407,0.7254461050033569,0.2269958704710006,0.797710120677948,0.2523056864738464,0.6896384954452515,0.2552929222583771,0.8418741226196289,0.3962006568908691,0.6503141522407532,0.3934531807899475,0.9390779733657836,0.3134746551513672,0.558190107345581,0.3517604768276214,0.8628231883049011,0.1459277719259262,0.0,0.0,0.8246517777442932,0.8807376027107239,0.6601758003234863,0.8533639907836914,0.0,0.0,0.0,0.0,0.0,0.0,0.0,0.0,0.740876317024231,0.392506331205368
0.7373328804969788,0.2506092190742492,0.7585578560829163,0.2235514819622039,0.7140617966651917,0.2271536141633987,0.7876254320144653,0.2548805177211761,0.6825218796730042,0.262042760848999,0.8341182470321655,0.4010191857814789,0.6415281891822815,0.398488312959671,0.922230303287506,0.2488383948802948,0.5582720041275024,0.3012773692607879,0.8489075303077698,0.1177241802215576,0.649736225605011,0.14319808781147,0.8185029625892639,0.8694027662277222,0.6533632874488831,0.8504904508590698,0.0,0.0,0.0,0.0,0.0,0.0,0.0,0.0,0.7339359521865845,0.3964706361293793
0.7314093708992004,0.2520385384559631,0.7525309324264526,0.2231130301952362,0.7083916664123535,0.2255008369684219,0.7811290621757507,0.253313660621643,0.6771765947341919,0.2580226361751556,0.8259641528129578,0.399865061044693,0.6360760927200317,0.3977670073509216,0.9239228963851928,0.2924910187721252,0.5509512424468994,0.3071705400943756,0.0,0.0,0.6358193159103394,0.133395567536354,0.8146346807479858,0.8677853345870972,0.6527451276779175,0.8483114242553711,0.0,0.0,0.0,0.0,0.0,0.0,0.0,0.0,0.7267076373100281,0.395041286945343
0.7266561388969421,0.2499377727508545,0.7486051917076111,0.2212579548358917,0.7036001086235046,0.2235703468322754,0.7768878936767578,0.2549538016319275,0.6703420281410217,0.2577213644981384,0.8238292336463928,0.3991073668003082,0.6305803656578064,0.3989769518375397,0.9205613136291504,0.289451390504837,0.5419942140579224,0.310362845659256,0.0,0.0,0.6305917501449585,0.1339801400899887,0.8107781410217285,0.8663932681083679,0.6481425166130066,0.8477874994277954,0.0,0.0,0.0,0.0,0.0,0.0,0.0,0.0,0.7227591276168823,0.3953599035739898
0.726350724697113,0.2498305886983871,0.7473672032356262,0.2215851098299026,0.7030855417251587,0.2239782810211181,0.7751482129096985,0.2548640370368957,0.6687277555465698,0.2571473717689514,0.8260999917984009,0.3965761065483093,0.6291004419326782,0.398677796125412,0.9183278679847716,0.2973217368125915,0.5309227705001831,0.3399914801120758,0.8485660552978516,0.1389913409948349,0.6269767880439758,0.1476161181926727,0.8142318725585938,0.8649922609329224,0.6499438285827637,0.846672534942627,0.0,0.0,0.0,0.0,0.0,0.0,0.0,0.0,0.7230660319328308,0.3936391472816467
0.7264226675033569,0.2514732182025909,0.7465869784355164,0.221671313047409,0.7026773691177368,0.2250062972307205,0.774391770362854,0.2473207414150238,0.668554425239563,0.2564119696617126,0.8262130618095398,0.394183337688446,0.6310333013534546,0.3975355923175812,0.9225391149520874,0.3413079082965851,0.5356160998344421,0.3570444583892822,0.0,0.0,0.0,0.0,0.8174802660942078,0.8641618490219116,0.6525152921676636,0.8466657996177673,0.0,0.0,0.0,0.0,0.0,0.0,0.0,0.0,0.7234011292457581,0.3927094340324402
0.728486955165863,0.2503288090229034,0.7492228150367737,0.2222228497266769,0.7051003575325012,0.225199818611145,0.778746485710144,0.2552410662174225,0.6716389656066895,0.260635107755661,0.8295167684555054,0.3949255645275116,0.6318321824073792,0.3978759944438934,0.9142828583717346,0.2987251579761505,0.5392302870750427,0.3608412742614746,0.8486273884773254,0.1867253482341766,0.0,0.0,0.8248676657676697,0.8654710054397583,0.6518884897232056,0.8480791449546814,0.0,0.0,0.0,0.0,0.0,0.0,0.0,0.0,0.7254078984260559,0.3924497961997986
0.7326746582984924,0.248893454670906,0.7545771598815918,0.221959114074707,0.711631715297699,0.2235476076602935,0.7836599349975586,0.256722092628479,0.6786251068115234,0.2595940232276916,0.83177649974823,0.3975393176078796,0.6373538970947266,0.3979760706424713,0.9187010526657104,0.3018552362918854,0.5428091287612915,0.3678989708423614,0.8485498428344727,0.1974142044782638,0.6305651664733887,0.2168957144021988,0.8284160494804382,0.8830615282058716,0.6560193300247192,0.8546410799026489,0.0,0.0,0.0,0.0,0.0,0.0,0.0,0.0,0.7301760315895081,0.3953571319580078
0.733223021030426,0.2496420294046402,0.7547149658203125,0.2222288846969604,0.7122888565063477,0.2237809896469116,0.7838338613510132,0.2541559934616089,0.6791898608207703,0.2579201161861419,0.830921471118927,0.3960774838924408,0.6367765665054321,0.3979420661926269,0.9204892516136168,0.3099279105663299,0.5440756678581238,0.3650076985359192,0.8501867055892944,0.1994156837463379,0.6290167570114136,0.2212289571762085,0.827708899974823,0.8804255127906799,0.6558569073677063,0.8519840836524963,0.0,0.0,0.0,0.0,0.0,0.0,0.0,0.0,0.7296814322471619,0.3939999938011169
0.7310207486152649,0.248769611120224,0.753278911113739,0.2229392230510711,0.7099785208702087,0.2237934917211532,0.7834457159042358,0.2558095455169678,0.6789683103561401,0.256511390209198,0.8265169262886047,0.3992012143135071,0.6384111046791077,0.3998546898365021,0.9180825352668762,0.3156526088714599,0.5602322816848755,0.3443409502506256,0.8625950813293457,0.1975708156824112,0.6346856355667114,0.2068996578454971,0.8246172666549683,0.8823642134666443,0.6549386978149414,0.8550635576248169,0.0,0.0,0.0,0.0,0.0,0.0,0.0,0.0,0.7289419174194336,0.3973122239112854
0.7312830686569214,0.2483782768249511,0.7536120414733887,0.2226401716470718,0.7098206877708435,0.223593607544899,0.7835686802864075,0.2537997663021087,0.6802456974983215,0.2554398477077484,0.8286547064781189,0.3957376778125763,0.6397724747657776,0.4002157151699066,0.9123356938362122,0.3123218715190887,0.5711897611618042,0.3197881281375885,0.8625969886779785,0.1848404556512832,0.6416706442832947,0.1884686648845672,0.8153099417686462,0.8673685789108276,0.652239978313446,0.8494173884391785,0.0,0.0,0.0,0.0,0.0,0.0,0.0,0.0,0.7310880422592163,0.3956585228443146
0.7331455945968628,0.2478488683700561,0.7542361617088318,0.2222310751676559,0.7111009955406189,0.2218854874372482,0.7789321541786194,0.2522841989994049,0.6810113191604614,0.2534228861331939,0.8109287619590759,0.3952560424804687,0.6395725607872009,0.390800803899765,0.8943604230880737,0.3119239807128906,0.5917086005210876,0.300222247838974,0.8673753142356873,0.1859337985515594,0.6484803557395935,0.1562989652156829,0.8086443543434143,0.8650198578834534,0.6510120034217834,0.8472237586975098,0.0,0.0,0.0,0.0,0.0,0.0,0.0,0.0,0.7247686982154846,0.3918578326702118
0.7323593497276306,0.2479702234268188,0.7533827424049377,0.2222141772508621,0.7107015252113342,0.222275510430336,0.7789644598960876,0.2546098530292511,0.6811084151268005,0.2557158470153808,0.8090349435806274,0.3963661789894104,0.6407250165939331,0.3945076465606689,0.8901345133781433,0.3071362376213074,0.593281090259552,0.3015015721321106,0.8719792366027832,0.2046896666288375,0.6485459208488464,0.1552154719829559,0.8044482469558716,0.8636183142662048,0.6477001309394836,0.8453025221824646,0.0,0.0,0.0,0.0,0.0,0.0,0.0,0.0,0.7246726155281067,0.3937096297740936
0.730356752872467,0.246793046593666,0.751667857170105,0.2208315283060073,0.7074579000473022,0.2220701426267624,0.7789744138717651,0.2522719800472259,0.6759458780288696,0.2538410127162933,0.818508505821228,0.386781245470047,0.6353678107261658,0.3877962529659271,0.9071786999702454,0.3237621188163757,0.5733931660652161,0.3206372857093811,0.8495293259620667,0.1662570536136627,0.6313738226890564,0.1967426389455795,0.8133754730224609,0.8671272397041321,0.6468779444694519,0.8475843667984009,0.0,0.0,0.0,0.0,0.0,0.0,0.0,0.0,0.7252955436706543,0.386145532131195
0.7294883131980896,0.2477457970380783,0.749426007270813,0.2180369198322296,0.7053384780883789,0.2222011089324951,0.7794176340103149,0.2462034970521927,0.6735662221908569,0.2536584734916687,0.8173766136169434,0.3796459138393402,0.6327260732650757,0.3812885284423828,0.9263790845870972,0.3676853477954864,0.5545337200164795,0.3879017531871795,0.8525725603103638,0.2556225955486297,0.6154693961143494,0.2707732021808624,0.8121514916419983,0.8352623581886292,0.6511039733886719,0.8290135264396667,0.0,0.0,0.0,0.0,0.0,0.0,0.0,0.0,0.724641740322113,0.3811604976654053
0.7295681238174438,0.25157031416893,0.7455979585647583,0.2258275896310806,0.7080855369567871,0.2306510359048843,0.7724973559379578,0.2457045316696167,0.6794124245643616,0.2533073723316192,0.8208627700805664,0.3845792114734649,0.6322134137153625,0.3865767419338226,0.9338199496269226,0.417817622423172,0.5427368879318237,0.4731601774692535,0.8463391065597534,0.27719846367836,0.0,0.0,0.8199973702430725,0.8494219183921814,0.6586851477622986,0.8451679944992065,0.0,0.0,0.0,0.0,0.0,0.0,0.0,0.0,0.7267017960548401,0.3851408660411834
0.725605309009552,0.2525714635848999,0.73992919921875,0.223402664065361,0.7008992433547974,0.2339882999658584,0.770196795463562,0.2443031221628189,0.6746262907981873,0.2595332562923431,0.8188643455505371,0.3844861686229706,0.6343975067138672,0.3912408947944641,0.9222992062568665,0.419085294008255,0.5408614277839661,0.429077684879303,0.820070743560791,0.2751881182193756,0.6008318662643433,0.2908596396446228,0.8186074495315552,0.8640493154525757,0.6586722731590271,0.8508275747299194,0.0,0.0,0.0,0.0,0.0,0.0,0.0,0.0,0.7256261706352234,0.3870306015014648
0.7222474813461304,0.2555042207241058,0.7426285743713379,0.2308972328901291,0.7015353441238403,0.229603961110115,0.7711907029151917,0.2573978304862976,0.6696488261222839,0.255480945110321,0.8082669377326965,0.3884862959384918,0.6244029402732849,0.3878474831581116,0.9171925783157348,0.4018562138080597,0.5405208468437195,0.4057974219322204,0.8476001024246216,0.2854251265525818,0.6116103529930115,0.2819152176380157,0.8040339350700378,0.8267260193824768,0.6452676057815552,0.8134276270866394,0.0,0.0,0.0,0.0,0.0,0.0,0.0,0.0,0.7166004180908203,0.3890244662761688
0.7475154995918274,0.26121586561203,0.7702269554138184,0.2333468496799469,0.7260444760322571,0.2363363951444625,0.8067693710327148,0.2595109641551971,0.693148672580719,0.2652309238910675,0.844898521900177,0.3937109112739563,0.6570793986320496,0.4033159911632538,0.9442983269691468,0.3690778315067291,0.5772457122802734,0.4081726372241974,0.8759065270423889,0.2657474279403686,0.6406353116035461,0.2877592444419861,0.8299578428268433,0.8442259430885315,0.6848883628845215,0.831084132194519,0.0,0.0,0.0,0.0,0.0,0.0,0.0,0.0,0.7448425889015198,0.3959856629371643
0.8059092164039612,0.2589495480060577,0.8300604224205017,0.2331811338663101,0.787322998046875,0.235865905880928,0.8665202260017395,0.2623381912708282,0.7568151354789734,0.2649016976356506,0.9156020879745485,0.3862654864788055,0.7173364758491516,0.3972133696079254,0.9910715222358704,0.3398059010505676,0.632616400718689,0.4420654773712158,0.9361945986747742,0.2707201838493347,0.6971615552902222,0.3040392994880676,0.8949171304702759,0.8460297584533691,0.7463008761405945,0.8343834280967712,0.0,0.0,0.0,0.0,0.0,0.0,0.0,0.0,0.8123119473457336,0.3904145359992981
0.8300000429153442,0.2616227269172668,0.848802387714386,0.2337023913860321,0.8085851669311523,0.2397284209728241,0.8837968707084656,0.2587163150310516,0.7788731455802917,0.2616518437862396,0.9383719563484192,0.3877732455730438,0.7337315678596497,0.3937947452068329,0.0,0.0,0.6545400023460388,0.4528486430644989,0.0,0.0,0.7177416086196899,0.3066328465938568,0.9110969305038452,0.845938503742218,0.7575481534004211,0.8316351175308228,0.0,0.0,0.0,0.0,0.0,0.0,0.0,0.0,0.8352455496788025,0.3889591991901397
0.8344897627830505,0.2631020247936249,0.8541263937950134,0.2368308752775192,0.8138038516044617,0.2378969490528106,0.8888024091720581,0.2640117406845093,0.7834787964820862,0.2570043504238128,0.9441615343093872,0.3898704051971435,0.7386468648910522,0.3880808055400848,0.0,0.0,0.6562395691871643,0.4723486006259918,0.0,0.0,0.7224574685096741,0.3111392557621002,0.9065741300582886,0.8320521712303162,0.7614459991455078,0.8311381340026855,0.0,0.0,0.0,0.0,0.0,0.0,0.0,0.0,0.8403660655021667,0.3874938189983368
0.8057464361190796,0.274777740240097,0.8218675851821899,0.2556366920471191,0.7879663109779358,0.2556422650814056,0.8483067154884338,0.2798217535018921,0.7586732506752014,0.2802551984786987,0.9017185568809508,0.4046603739261627,0.7167748808860779,0.4030163288116455,0.9910714030265808,0.447807252407074,0.6362153887748718,0.449791818857193,0.0,0.0,0.7005141973495483,0.3291457295417785,0.8737936019897461,0.832480251789093,0.7408257722854614,0.8315849304199219,0.0,0.0,0.0,0.0,0.0,0.0,0.0,0.0,0.8065906763076782,0.3994009792804718
0.7717358469963074,0.2944292724132538,0.7903935313224792,0.2726369202136993,0.7555257678031921,0.2747495174407959,0.8195984959602356,0.2833035588264465,0.7284325957298279,0.2903440296649933,0.8659805059432983,0.4019963443279266,0.6863502860069275,0.4039781391620636,0.9625174403190612,0.4720596969127655,0.5969547033309937,0.4886932373046875,0.8868933916091919,0.3339909017086029,0.6678036451339722,0.3500554859638214,0.8518610000610352,0.8290240168571472,0.7219296097755432,0.8160130381584167,0.0,0.0,0.0,0.0,0.0,0.0,0.0,0.0,0.7757983207702637,0.3976801037788391
0.7604598999023438,0.3023771643638611,0.7782487869262695,0.2821610271930694,0.7462748885154724,0.2864284515380859,0.8079355359077454,0.295877069234848,0.7232402563095093,0.2972404360771179,0.8565545082092285,0.4071779251098633,0.6830779910087585,0.4013800024986267,0.9440780878067015,0.4391569495201111,0.5907846093177795,0.489874929189682,0.8634896874427795,0.3241378366947174,0.0,0.0,0.8443341851234436,0.8273085951805115,0.7173945307731628,0.8155267834663391,0.0,0.0,0.0,0.0,0.0,0.0,0.0,0.0,0.7708931565284729,0.4007046520709991
0.7704974412918091,0.3085177838802337,0.7888506054878235,0.2881734371185303,0.7545194625854492,0.2897503674030304,0.8180804252624512,0.3102417588233948,0.7292744517326355,0.3126316666603088,0.8643404245376587,0.4237367808818817,0.689278781414032,0.4248450696468353,0.9552314877510072,0.4541959464550018,0.6171956062316895,0.4593431949615478,0.8688965439796448,0.3294419348239898,0.6687697172164917,0.3601744174957275,0.8488882780075073,0.8344178795814514,0.7259147763252258,0.8291931748390198,0.0,0.0,0.0,0.0,0.0,0.0,0.0,0.0,0.7771495580673218,0.4209214746952057
0.8047910332679749,0.3012824654579162,0.8198856115341187,0.2807814180850982,0.7859376668930054,0.285962849855423,0.8471794724464417,0.3047460615634918,0.7583064436912537,0.3107325434684753,0.8986578583717346,0.4212044179439544,0.720050036907196,0.4236733913421631,0.9910714030265808,0.4358069598674774,0.6491344571113586,0.4771766066551208,0.8908526301383972,0.3158920109272003,0.7048088312149048,0.3693879246711731,0.8810277581214905,0.8287070989608765,0.7562962174415588,0.8168624043464661,0.0,0.0,0.0,0.0,0.0,0.0,0.0,0.0,0.8067251443862915,0.4181148409843445
0.8305687308311462,0.3068810403347015,0.8430968523025513,0.2842002511024475,0.8104138374328613,0.2892169654369354,0.8662698864936829,0.3056229650974273,0.7800549268722534,0.3105968832969665,0.9209000468254088,0.4217235147953033,0.7379031777381897,0.4206038415431976,0.9910714030265808,0.4115829467773437,0.6676068305969238,0.4578668773174286,0.8916492462158203,0.2809399664402008,0.7229228019714355,0.3535425961017608,0.886094868183136,0.8311673998832703,0.7564286589622498,0.8269198536872864,0.0,0.0,0.0,0.0,0.0,0.0,0.0,0.0,0.8289237022399902,0.4142045080661773
0.8297683596611023,0.3063828945159912,0.8449043035507202,0.2832009196281433,0.8075079917907715,0.2884439826011657,0.868841826915741,0.2997356057167053,0.7768569588661194,0.303929328918457,0.926562249660492,0.4273504912853241,0.7340250611305237,0.4230461716651916,0.0,0.0,0.6659485697746277,0.4541654586791992,0.0,0.0,0.7294639348983765,0.3243241906166076,0.8863574266433716,0.8437805771827698,0.7561441659927368,0.8314237594604492,0.0,0.0,0.0,0.0,0.0,0.0,0.0,0.0,0.8293880224227905,0.418893814086914
0.8065716028213501,0.2966272234916687,0.8245559334754944,0.2734939157962799,0.7851918935775757,0.2784996330738067,0.8537116646766663,0.2948770225048065,0.7536551356315613,0.3040465414524078,0.9064474701881408,0.4221769273281097,0.7134941816329956,0.4230278134346008,0.9820858240127563,0.3567565381526947,0.6396092772483826,0.4396837651729584,0.9009386301040648,0.269504964351654,0.7088049054145813,0.3069483637809753,0.8731521964073181,0.8609574437141418,0.7438427209854126,0.8472261428833008,0.0,0.0,0.0,0.0,0.0,0.0,0.0,0.0,0.8046087622642517,0.4198040068149566
0.7490119338035583,0.2725917100906372,0.7706202864646912,0.2454083859920501,0.7273796200752258,0.252596765756607,0.8023972511291504,0.2733492851257324,0.6977378129959106,0.2927227020263672,0.8372290730476379,0.4089304804801941,0.664585292339325,0.4141674339771271,0.9395641088485718,0.3615150451660156,0.5884109735488892,0.3863182663917541,0.8789464235305786,0.2682213485240936,0.6534891724586487,0.2731266915798187,0.8321036100387573,0.8282995223999023,0.6985368132591248,0.8283510804176331,0.0,0.0,0.0,0.0,0.0,0.0,0.0,0.0,0.7484603524208069,0.4087576568126678
0.7375483512878418,0.2683373987674713,0.7575936317443848,0.2426774352788925,0.7143563032150269,0.2483535706996917,0.7874650955200195,0.2706839144229889,0.6860052347183228,0.2849815189838409,0.8320446610450745,0.4048245549201965,0.6538634896278381,0.4168331027030945,0.9377031922340392,0.3844746053218841,0.5722945332527161,0.3790834844112396,0.8753858804702759,0.2667342722415924,0.6454901695251465,0.2595700025558471,0.8306983113288879,0.833442747592926,0.6867186427116394,0.8310731649398804,0.0,0.0,0.0,0.0,0.0,0.0,0.0,0.0,0.7393698692321777,0.4078185260295868
0.7519640326499939,0.2714433372020721,0.7711046934127808,0.2397386580705642,0.7293335199356079,0.2472490221261978,0.8006029725074768,0.2577560842037201,0.6969442963600159,0.2794011533260345,0.8461395502090454,0.4044958055019378,0.6612138152122498,0.4143768846988678,0.9424282908439636,0.3481544554233551,0.5830339789390564,0.3659009337425232,0.880901038646698,0.2337095886468887,0.6581478714942932,0.2364535331726074,0.8478608131408691,0.8490059971809387,0.6985050439834595,0.8352640271186829,0.0,0.0,0.0,0.0,0.0,0.0,0.0,0.0,0.7514641880989075,0.4078448712825775
0.7861778140068054,0.2600832879543304,0.8071300387382507,0.2297272235155105,0.7621796727180481,0.2361412793397903,0.8411746025085449,0.2607334554195404,0.7338851690292358,0.271924614906311,0.8967142105102539,0.3981699645519256,0.6976743936538696,0.4008054137229919,0.9910714030265808,0.3079473376274109,0.6287413239479065,0.3163689076900482,0.8997828364372253,0.1665680408477783,0.6984390616416931,0.186030164361,0.8701736330986023,0.8504477739334106,0.7278746366500854,0.8463084101676941,0.0,0.0,0.0,0.0,0.0,0.0,0.0,0.0,0.7919122576713562,0.3983465731143951
0.8059930205345154,0.2593414485454559,0.8284969925880432,0.2272659987211227,0.7840085029602051,0.2355679273605346,0.8685259819030762,0.2521212995052337,0.7557616829872131,0.2674935758113861,0.9284852147102356,0.3954133987426758,0.7119584083557129,0.3930715918540954,0.9910715222358704,0.2525204420089721,0.648982584476471,0.3132775425910949,0.9528274536132812,0.2066192924976349,0.7242783904075623,0.1697617471218109,0.8861119151115417,0.8493882417678833,0.741651713848114,0.8487205505371094,0.0,0.0,0.0,0.0,0.0,0.0,0.0,0.0,0.8170038461685181,0.3928827345371246
0.8329981565475464,0.2529361844062805,0.8530064225196838,0.2229257822036743,0.8100901246070862,0.2269055694341659,0.883368968963623,0.2517034411430359,0.777289867401123,0.258173406124115,0.944438636302948,0.3918483257293701,0.7362232804298401,0.3873794674873352,0.0,0.0,0.6664252281188965,0.3167868256568908,0.0,0.0,0.7296684980392456,0.1862476170063018,0.9132242202758788,0.8638532757759094,0.752994954586029,0.8484476804733276,0.0,0.0,0.0,0.0,0.0,0.0,0.0,0.0,0.8355283141136169,0.3886951506137848
0.8362250924110413,0.2532688081264496,0.8544228672981262,0.2206811755895614,0.8109897375106812,0.2268881946802139,0.8861940503120422,0.2431901842355728,0.7782291173934937,0.255247414112091,0.9464432001113892,0.3899030387401581,0.7396256327629089,0.3879821598529815,0.0,0.0,0.6547946929931641,0.3347495198249817,0.0,0.0,0.7292751669883728,0.1662355363368988,0.9131227135658264,0.8529578447341919,0.757283627986908,0.8492919206619263,0.0,0.0,0.0,0.0,0.0,0.0,0.0,0.0,0.8388327956199646,0.3879516720771789
0.8340587019920349,0.25150927901268,0.8533444404602051,0.2192243486642837,0.8091031312942505,0.2255882769823074,0.8832682967185974,0.2448962181806564,0.7753481864929199,0.2569160759449005,0.9420920610427856,0.391455739736557,0.7327490448951721,0.3887884318828583,0.0,0.0,0.6512067914009094,0.312765508890152,0.0,0.0,0.7303093075752258,0.1496690958738327,0.910852551460266,0.8510807752609253,0.7536502480506897,0.8486153483390808,0.0,0.0,0.0,0.0,0.0,0.0,0.0,0.0,0.8326463103294373,0.3893453180789947
0.8223770260810852,0.2451676875352859,0.845617949962616,0.2128190249204635,0.7970138192176819,0.2182723730802536,0.8748866319656372,0.2398869544267654,0.7625071406364441,0.2491030991077423,0.9220108389854432,0.3847805559635162,0.7206953763961792,0.3818617165088653,0.991071343421936,0.1852049529552459,0.6336086988449097,0.3164621889591217,0.9376265406608582,0.1268798410892486,0.7175070643424988,0.1536171585321426,0.8824175000190735,0.8300331830978394,0.7402531504631042,0.8109502792358398,0.0,0.0,0.0,0.0,0.0,0.0,0.0,0.0,0.8180961608886719,0.3816194236278534
0.7914818525314331,0.244004413485527,0.8150061964988708,0.2114035934209823,0.7659501433372498,0.2161387950181961,0.8450486063957214,0.2353431433439254,0.7319188714027405,0.2435383051633834,0.8958554267883301,0.3865217268466949,0.6941591501235962,0.3826227486133575,0.9910715818405152,0.3456225991249084,0.5962771773338318,0.3558224141597748,0.8973575234413147,0.1627771407365799,0.0,0.0,0.8648163080215454,0.8655945658683777,0.7117640376091003,0.8340359926223755,0.0,0.0,0.0,0.0,0.0,0.0,0.0,0.0,0.7930251359939575,0.3854516446590423
0.77290278673172,0.2418104112148285,0.7954093217849731,0.2095094919204712,0.7478338479995728,0.2160615175962448,0.8305407166481018,0.2281267195940017,0.715142548084259,0.2433871179819107,0.8834152817726135,0.3787850737571716,0.6774157285690308,0.3811006247997284,0.9910714030265808,0.3755954205989837,0.5903988480567932,0.3188720047473907,0.8781228065490723,0.1673649847507476,0.6666136384010315,0.1892518103122711,0.8522965312004089,0.8659704923629761,0.7006326913833618,0.8336191177368164,0.0,0.0,0.0,0.0,0.0,0.0,0.0,0.0,0.7777636647224426,0.3790982365608215
0.7407603859901428,0.2415562719106674,0.7617139220237732,0.2146974503993988,0.7184733748435974,0.2191985100507736,0.7906350493431091,0.2430804073810577,0.6855416297912598,0.2546976506710052,0.8459743857383728,0.3852726817131042,0.648518443107605,0.3930447101593017,0.9444877505302428,0.320695698261261,0.5512595772743225,0.3585594296455383,0.8630349040031433,0.2083120197057724,0.6383432149887085,0.2019876986742019,0.8342211842536926,0.8509079217910767,0.6722350716590881,0.8460097908973694,0.0,0.0,0.0,0.0,0.0,0.0,0.0,0.0,0.7435241341590881,0.3868225514888763
0.7219935059547424,0.2547653913497925,0.7439365386962891,0.2240830659866333,0.6989237666130066,0.2297109365463256,0.7746171951293945,0.2531476616859436,0.6698053479194641,0.2640986144542694,0.8247003555297852,0.3878987729549408,0.6323673129081726,0.3972638547420501,0.9224902987480164,0.3474968075752258,0.5399094820022583,0.3642593324184418,0.8429209589958191,0.221941277384758,0.6207743287086487,0.2263368070125579,0.8260406255722046,0.845811665058136,0.6673597097396851,0.8331112861633301,0.0,0.0,0.0,0.0,0.0,0.0,0.0,0.0,0.7259685397148132,0.3906588852405548
0.7261238098144531,0.2604938149452209,0.7467780709266663,0.2296407371759414,0.7024601697921753,0.2398072928190231,0.7796449661254883,0.2548976838588714,0.6757591962814331,0.2767223119735718,0.8357371687889099,0.3898261487483978,0.6420656442642212,0.4063874185085296,0.926189124584198,0.3456811010837555,0.5504258275032043,0.3667577803134918,0.8446248173713684,0.232122853398323,0.6236830949783325,0.246923491358757,0.8282589912414551,0.8529564142227173,0.6729921102523804,0.8365282416343689,0.0,0.0,0.0,0.0,0.0,0.0,0.0,0.0,0.7359539270401001,0.3955672085285187
0.735569953918457,0.2653208971023559,0.756866455078125,0.2347485125064849,0.711556077003479,0.2430821806192398,0.7932190895080566,0.2547492980957031,0.6829255819320679,0.2748536169528961,0.8417243957519531,0.3944100439548492,0.6475238800048828,0.405779093503952,0.924408793449402,0.3487616181373596,0.5548977255821228,0.3702030479907989,0.8514136075973511,0.2378633022308349,0.6293508410453796,0.2497958987951278,0.8195251822471619,0.8641518354415894,0.6733869314193726,0.8451384902000427,0.0,0.0,0.0,0.0,0.0,0.0,0.0,0.0,0.7403184175491333,0.3966779410839081
0.7202652096748352,0.2704912424087524,0.7424731254577637,0.245232418179512,0.6982370615005493,0.2475912272930145,0.7732234001159668,0.2750244736671448,0.6701447367668152,0.2828989028930664,0.8188943266868591,0.4044817388057709,0.631111204624176,0.4134052693843841,0.904091775417328,0.3486625552177429,0.5446138978004456,0.3683048188686371,0.8149954676628113,0.2385727614164352,0.6181368827819824,0.2558866441249847,0.8146451115608215,0.8503400683403015,0.6641072034835815,0.8331213593482971,0.0,0.0,0.0,0.0,0.0,0.0,0.0,0.0,0.7243792414665222,0.4072573482990265
0.6849504113197327,0.2753206491470337,0.7062716484069824,0.2439604550600052,0.6638006567955017,0.251500517129898,0.739716112613678,0.2747105956077575,0.6374655365943909,0.282586932182312,0.7798498272895813,0.4061258435249328,0.5964781641960144,0.4108482301235199,0.8701377511024475,0.3580622673034668,0.5246900320053101,0.359153687953949,0.7933672666549683,0.2499743402004242,0.5896419882774353,0.2597996294498443,0.7743273973464966,0.8299773335456848,0.6222141981124878,0.8271121382713318,0.0,0.0,0.0,0.0,0.0,0.0,0.0,0.0,0.6877776384353638,0.4063681960105896
0.6274310946464539,0.2784901261329651,0.649513304233551,0.2509589195251465,0.6092227697372437,0.2512908279895782,0.6854068040847778,0.2709405124187469,0.5834032297134399,0.2724386751651764,0.7264347672462463,0.4061495959758758,0.5397998094558716,0.394723504781723,0.8116393089294434,0.4140237271785736,0.4564208686351776,0.3728131949901581,0.7247537970542908,0.255014032125473,0.5180037617683411,0.2710183560848236,0.6930828094482422,0.8264735341072083,0.5434791445732117,0.8102442026138306,0.0,0.0,0.0,0.0,0.0,0.0,0.0,0.0,0.6313964128494263,0.3949382603168487
0.6001716256141663,0.2793129682540893,0.6189095377922058,0.2523831725120544,0.5812881588935852,0.2537864744663238,0.6476085782051086,0.267411321401596,0.5548490881919861,0.2734802067279815,0.686885416507721,0.4013994336128235,0.5132960677146912,0.3984183669090271,0.7778825759887695,0.4174477756023407,0.4085705876350403,0.3783597946166992,0.7045614123344421,0.2749851942062378,0.4924364387989044,0.2690979540348053,0.6681414842605591,0.8163277506828308,0.5206484794616699,0.8157849311828613,0.0,0.0,0.0,0.0,0.0,0.0,0.0,0.0,0.598348081111908,0.3976888656616211
0.4358498156070709,0.2300863564014434,0.4573647677898407,0.2041703760623932,0.4140706360340118,0.2066852748394012,0.4861153066158294,0.2315371334552765,0.3821331858634949,0.2399913966655731,0.5200168490409851,0.3735187351703644,0.344318151473999,0.3688748776912689,0.6219091415405273,0.3921498656272888,0.2221667766571045,0.3432774543762207,0.0,0.0,0.3338827490806579,0.1595799028873443,0.4951624274253845,0.816260039806366,0.3475738167762756,0.812707245349884,0.0,0.0,0.0,0.0,0.0,0.0,0.0,0.0,0.4308576285839081,0.3694150149822235
0.4245278239250183,0.2269514501094818,0.4449810087680816,0.2033436000347137,0.4033198654651642,0.2050605565309524,0.4731965661048889,0.2313277274370193,0.3736539781093597,0.2405866235494613,0.5122025609016418,0.3776282668113708,0.3331546783447265,0.3708160519599914,0.6160693168640137,0.383483350276947,0.211628645658493,0.3411906063556671,0.0,0.0,0.3157131671905517,0.1649955809116363,0.4872598946094513,0.8270483016967773,0.3389141857624054,0.8142792582511902,0.0,0.0,0.0,0.0,0.0,0.0,0.0,0.0,0.4207738041877746,0.3706794083118438
0.4249240756034851,0.22628915309906,0.4459880292415619,0.2059589177370071,0.4033022224903106,0.2036115974187851,0.4715349674224853,0.2383025139570236,0.3727796971797943,0.2375354021787643,0.5110968947410583,0.3785841763019562,0.3324499130249023,0.3720417320728302,0.617201030254364,0.3599025309085846,0.2131275087594986,0.3276760578155517,0.5130976438522339,0.1368167400360107,0.3186130225658417,0.1464581191539764,0.4908581376075744,0.8305647969245911,0.3418753147125244,0.8281944394111633,0.0,0.0,0.0,0.0,0.0,0.0,0.0,0.0,0.4186942875385284,0.3721473217010498
0.4419503808021545,0.2281753718852996,0.4653286039829254,0.2022463232278823,0.4201845824718475,0.2041860967874527,0.4945144355297088,0.2398201376199722,0.3883597552776336,0.2403728812932968,0.525857150554657,0.3787146210670471,0.3493573069572449,0.3735843002796173,0.6285517811775208,0.3592676818370819,0.2356274873018264,0.3000626266002655,0.0,0.0,0.345713347196579,0.1302555799484253,0.5113837122917175,0.8315941691398621,0.3547072112560272,0.8326258063316345,0.0,0.0,0.0,0.0,0.0,0.0,0.0,0.0,0.4351430833339691,0.3749547004699707
0.5464072823524475,0.244186595082283,0.5679734349250793,0.2159519046545028,0.525825560092926,0.2176579684019088,0.5957561731338501,0.2441772520542144,0.4939806461334228,0.2467642128467559,0.6377020478248596,0.390973150730133,0.457333505153656,0.3888733685016632,0.7374342083930969,0.3610005378723144,0.3515385091304779,0.3422654569149017,0.6481315493583679,0.1507477611303329,0.444714218378067,0.1534744948148727,0.6291845440864563,0.863217830657959,0.477142333984375,0.849107563495636,0.0,0.0,0.0,0.0,0.0,0.0,0.0,0.0,0.5440711379051208,0.3869002163410187
0.5873892903327942,0.2555080056190491,0.6096212267875671,0.2268729954957962,0.5667012929916382,0.2275129109621048,0.6398369669914246,0.2592278122901916,0.536082923412323,0.2594124972820282,0.676681399345398,0.4018359184265136,0.4963240325450897,0.3980212211608886,0.7745875716209412,0.3780094981193542,0.3959303498268127,0.3365853130817413,0.0,0.0,0.4955238699913025,0.1647291481494903,0.6607771515846252,0.8652276396751404,0.5073719024658203,0.848107635974884,0.0,0.0,0.0,0.0,0.0,0.0,0.0,0.0,0.5844024419784546,0.3967595994472503
0.5922483801841736,0.3839844167232513,0.6082814335823059,0.3714422583580017,0.572382926940918,0.3734741508960724,0.6183832883834839,0.380487322807312,0.5545887351036072,0.3820209205150604,0.6746939420700073,0.4315493702888489,0.5133821368217468,0.4405539631843567,0.6686028838157654,0.3411698937416076,0.500737190246582,0.3432346880435943,0.6158358454704285,0.2460576891899109,0.5477240085601807,0.246152251958847,0.6496472358703613,0.6494637131690979,0.5394706726074219,0.6474782228469849,0.6411582231521606,0.7814186811447144,0.5494893789291382,0.7711045742034912,0.6367725729942322,0.8834070563316345,0.5418494939804077,0.8786695003509521,0.5940380394458771,0.4360516667366028
0.5696888566017151,0.3760083317756653,0.5876824259757996,0.3629196882247925,0.5489506721496582,0.3658758699893951,0.6018949151039124,0.3715592622756958,0.5325632691383362,0.3739085793495178,0.6586001515388489,0.4231071770191192,0.4929605424404144,0.4339222311973572,0.6534844636917114,0.3346224725246429,0.4819179475307464,0.3374466598033905,0.6081961393356323,0.2403081953525543,0.5330013036727905,0.2391056716442108,0.6318065524101257,0.6377311944961548,0.5184112191200256,0.6357428431510925,0.6287302374839783,0.7748457193374634,0.5268282294273376,0.760780394077301,0.6233708262443542,0.8776514530181885,0.5200555920600891,0.8716106414794922,0.5757803469896317,0.4285147041082382
0.5622528791427612,0.3683202862739563,0.5797542929649353,0.355378121137619,0.5414682030677795,0.3564974963665008,0.593555212020874,0.3627309501171112,0.5227495431900024,0.3637891411781311,0.6460311412811279,0.4146826565265655,0.4794626832008362,0.4216513037681579,0.64957594871521,0.3251851499080658,0.474898099899292,0.322019100189209,0.6005083918571472,0.2245765626430511,0.5255824327468872,0.2206379473209381,0.6211039423942566,0.6293076276779175,0.5070750117301941,0.6283534169197083,0.6079158186912537,0.7604454755783081,0.5103855133056641,0.7477505803108215,0.5993872284889221,0.8629306554794312,0.5019602179527283,0.8604148626327515,0.5627469122409821,0.4181669801473617
0.5572904348373413,0.3535515069961548,0.5761770009994507,0.3405144810676574,0.5387960076332092,0.3424392938613891,0.5920849442481995,0.3508307337760925,0.5244893431663513,0.3508411049842834,0.6481465697288513,0.4018691182136535,0.4797454476356506,0.4105288684368133,0.6434662342071533,0.3126806020736694,0.4662635922431946,0.3122073411941528,0.5884554386138916,0.2131882309913635,0.5200814008712769,0.2139698415994644,0.6163862943649292,0.6174571514129639,0.5043806433677673,0.6160116195678711,0.6092970967292786,0.7533299326896667,0.5096405744552612,0.7362075448036194,0.6017611622810364,0.8517062664031982,0.5056788325309753,0.8445507287979126,0.563946008682251,0.4061989933252334
0.5605462193489075,0.3514025509357452,0.5793450474739075,0.3382838368415832,0.5410573482513428,0.3401811420917511,0.5972920656204224,0.3460399806499481,0.5260319113731384,0.3471961617469787,0.6529624462127686,0.3992673754692077,0.4874956607818603,0.40683513879776,0.6493150591850281,0.3098522126674652,0.4742997288703918,0.3127196729183197,0.5976879596710205,0.2129841744899749,0.5243691205978394,0.2133362591266632,0.6263578534126282,0.6122488379478455,0.5138018727302551,0.6106496453285217,0.6226662397384644,0.7510615587234497,0.5239115953445435,0.7370488047599792,0.6193429827690125,0.8561921715736389,0.5210239887237549,0.8451517820358276,0.5702290534973145,0.4030512571334839
0.562624990940094,0.3518045246601105,0.5799261927604675,0.3383955359458923,0.5440274477005005,0.3407901227474212,0.5945159792900085,0.3472597897052765,0.5273617506027222,0.3493472933769226,0.6508119702339172,0.3987958133220672,0.4844982028007507,0.4066231548786163,0.6452077627182007,0.3091967403888702,0.4724953174591064,0.3070440292358398,0.59156334400177,0.2123239040374755,0.525689959526062,0.2085266411304474,0.6335207223892212,0.6105824112892151,0.5221170783042908,0.613332211971283,0.6338203549385071,0.7556272745132446,0.5315707921981812,0.7423109412193298,0.630908191204071,0.8517584204673767,0.5330761671066284,0.8492710590362549,0.567655086517334,0.4027094841003418
0.5549231767654419,0.3603569269180298,0.5720123648643494,0.3472923338413238,0.5348380208015442,0.3492625951766968,0.5882846713066101,0.3562891781330108,0.5180659294128418,0.3573879897594452,0.6440988183021545,0.4075534045696258,0.4773454070091247,0.416331022977829,0.6523503065109253,0.3197446167469024,0.4714351296424866,0.3180963099002838,0.5881609320640564,0.2209240496158599,0.5167208313941956,0.2217365205287933,0.6290063261985779,0.6210387349128723,0.5167283415794373,0.6222830414772034,0.6260536909103394,0.7481909990310669,0.5250298380851746,0.7448744177818298,0.6216624975204468,0.8489532470703125,0.5272953510284424,0.8546536564826965,0.5607221126556396,0.4119422137737274
0.5535184144973755,0.3634051084518432,0.5714251399040222,0.350906103849411,0.5333400964736938,0.3521246612071991,0.5884937644004822,0.3588427305221557,0.5181626677513123,0.3594295382499695,0.6429316401481628,0.4102867245674133,0.4800357818603515,0.4152997732162475,0.6499423384666443,0.3270983397960663,0.4770390391349792,0.3268801271915436,0.5644579529762268,0.2316610813140869,0.5309882760047913,0.2294797003269195,0.6285582184791565,0.619377076625824,0.5181881785392761,0.6194930672645569,0.6288033723831177,0.7554948925971985,0.528654932975769,0.746848464012146,0.6320548057556152,0.8647661209106445,0.529388427734375,0.8635382056236267,0.5614837110042572,0.4127932488918304
0.5692726969718933,0.365578830242157,0.5873334407806396,0.3548287749290466,0.5512194633483887,0.3560226857662201,0.6008947491645813,0.3608309924602508,0.536996603012085,0.3634050488471985,0.6560835838317871,0.4152573347091675,0.495462417602539,0.4195650219917297,0.6453874111175537,0.3375115990638733,0.5040168166160583,0.3280812203884125,0.5623859763145447,0.252133160829544,0.5754344463348389,0.2476204484701156,0.6291309595108032,0.622562825679779,0.5214998126029968,0.6205757856369019,0.623184084892273,0.7558414340019226,0.5174919962882996,0.7506202459335327,0.6105618476867676,0.853947639465332,0.5123234987258911,0.8577778935432434,0.5757730007171631,0.4174111783504486
0.5474281907081604,0.3489578068256378,0.565994918346405,0.3390571475028991,0.530654788017273,0.3393328487873077,0.5821264982223511,0.3461965918540954,0.5189022421836853,0.3469715118408203,0.6342580318450928,0.3997072577476501,0.4785928130149841,0.4032070934772491,0.626876175403595,0.3254022002220154,0.4803878664970398,0.3163881301879883,0.5453504920005798,0.2380919754505157,0.5489078164100647,0.2341474890708923,0.6029044389724731,0.5958279371261597,0.5030583143234253,0.5929176211357117,0.5911822319030762,0.7291029691696167,0.4962051510810852,0.7228596210479736,0.5773097276687622,0.8258799314498901,0.4912730157375335,0.8313437700271606,0.5564254224300385,0.4014571756124496
0.5830355882644653,0.3074099719524383,0.6035184860229492,0.2953546643257141,0.5609344840049744,0.2962089478969574,0.6206014156341553,0.3038975596427917,0.5440079569816589,0.3058678805828094,0.6805387139320374,0.3646052181720733,0.4974619746208191,0.3714024424552917,0.6730507612228394,0.2777759134769439,0.4991666376590729,0.2695810198783874,0.5734815001487732,0.1779348254203796,0.5777449011802673,0.1745479702949524,0.6502335071563721,0.5951783657073975,0.527498185634613,0.5924187898635864,0.6416710019111633,0.7465887069702148,0.5224169492721558,0.7378606200218201,0.6272575855255127,0.8485729098320007,0.5247040390968323,0.8510339260101318,0.5890003442764282,0.3680038303136825
0.5763575434684753,0.2962075471878052,0.5963149070739746,0.2819260954856872,0.553638756275177,0.2830038368701935,0.6154515147209167,0.2901069223880768,0.5346285104751587,0.2904721200466156,0.6725010871887207,0.3505309820175171,0.4832106530666351,0.3582686483860016,0.6820155382156372,0.2529159486293793,0.4760753512382507,0.2526186406612396,0.644250214099884,0.1403469443321228,0.5164908170700073,0.1338264048099517,0.6412864923477173,0.5881767868995667,0.5107725858688354,0.5865200757980347,0.6273161172866821,0.7412031292915344,0.5113967657089233,0.7352033257484436,0.6178849339485168,0.85283362865448,0.5137622356414795,0.8484612107276917,0.5778558701276779,0.3543998152017593
0.5415851473808289,0.3188492953777313,0.5613642930984497,0.3049587607383728,0.5205115079879761,0.3057163953781128,0.5775673389434814,0.3126565217971802,0.5008791089057922,0.3126570582389831,0.6333007216453552,0.373212069272995,0.4493198990821838,0.3789402842521667,0.642671525478363,0.2831566631793976,0.4533105492591858,0.2773658335208893,0.6112768650054932,0.1718356609344482,0.4875166416168213,0.1621648669242859,0.6037967205047607,0.6043487191200256,0.4779534339904785,0.6040518283843994,0.5930861830711365,0.756942629814148,0.4756592214107513,0.7515795230865479,0.5826181173324585,0.8699642419815063,0.4801903367042541,0.8702951073646545,0.5413103103637695,0.3760761767625808
0.540036141872406,0.3255647718906402,0.5595232844352722,0.3109836280345917,0.5189122557640076,0.3116136491298675,0.5780948996543884,0.3184452056884765,0.5018559694290161,0.3180489540100097,0.6358731985092163,0.3781347870826721,0.4510121941566467,0.3831280469894409,0.6433933973312378,0.2839036583900451,0.4545402526855469,0.2780115306377411,0.6020171046257019,0.1728424727916717,0.4968011975288391,0.1700862497091293,0.5983012914657593,0.6099664568901062,0.4774409234523773,0.607201874256134,0.5813933610916138,0.7643970847129822,0.4681639075279236,0.7563487887382507,0.5712091326713562,0.8775250911712646,0.4681325852870941,0.8723970651626587,0.5434426963329315,0.3806314170360565
0.5151759386062622,0.3199644386768341,0.5346029996871948,0.305694043636322,0.4936824440956116,0.3060399293899536,0.5516352653503418,0.3144624829292297,0.4742611944675445,0.3139511048793793,0.6074602603912354,0.3737592697143554,0.4232540130615234,0.3781508505344391,0.6156532764434814,0.2837106883525848,0.43162602186203,0.2735933065414428,0.5792520046234131,0.1750869452953338,0.4854663908481598,0.1679754555225372,0.570326030254364,0.6052871346473694,0.4479587078094482,0.6024960875511169,0.5563879013061523,0.7492102384567261,0.4427946209907532,0.7427822351455688,0.5465402603149414,0.8582548499107361,0.4464639127254486,0.8642330169677734,0.5153571367263794,0.3759550601243973
0.5560994148254395,0.3435187339782715,0.5733644962310791,0.3308603167533874,0.5375462770462036,0.3317654430866241,0.5888577699661255,0.3398765027523041,0.520846962928772,0.3393584191799164,0.638553261756897,0.3931548297405243,0.4719650745391845,0.3963412642478943,0.6416244506835938,0.3102388381958008,0.4787113666534424,0.3019809424877167,0.6086009740829468,0.2135151028633117,0.5292037725448608,0.2100774943828582,0.5971353054046631,0.5982316732406616,0.4888120293617248,0.5954132080078125,0.5823115110397339,0.7339285612106323,0.4791612029075622,0.7289654612541199,0.5721011161804199,0.8283922672271729,0.479292631149292,0.8289975523948669,0.5552591681480408,0.3947480469942093
0.5844188928604126,0.3874369859695434,0.5998715162277222,0.3773494064807892,0.5675745606422424,0.3777346312999725,0.6089487671852112,0.3845562934875488,0.5509649515151978,0.3834003806114197,0.6523715853691101,0.4325914978981018,0.5075868964195251,0.4324764609336853,0.6546506881713867,0.3585955798625946,0.5157299041748047,0.3486005961894989,0.6273006796836853,0.2701936662197113,0.5625859498977661,0.2679964303970337,0.6153159737586975,0.6119599938392639,0.520976722240448,0.6084714531898499,0.6010108590126038,0.7338564991950989,0.5077495574951172,0.7286153435707092,0.5903802514076233,0.8237685561180115,0.5058456063270569,0.8243151903152466,0.5799792408943176,0.4325339794158935
0.596579909324646,0.4017813801765442,0.6131370663642883,0.3915778994560241,0.5813036561012268,0.3918772339820862,0.6247192025184631,0.3997805714607239,0.5671819448471069,0.3988308608531952,0.6704323291778564,0.4478902518749237,0.5245004892349243,0.4485980868339538,0.6719042062759399,0.3733889758586883,0.5270785093307495,0.3645473420619964,0.6426372528076172,0.2875790894031524,0.574418306350708,0.2863955199718475,0.6257579326629639,0.632370114326477,0.529712975025177,0.6265360116958618,0.6075655817985535,0.7514750957489014,0.5179607272148132,0.7395314574241638,0.5949684381484985,0.844309389591217,0.5169736742973328,0.8417052626609802,0.5974664092063904,0.4482441693544388
0.5664768815040588,0.38299560546875,0.5842128992080688,0.3725482821464538,0.5493935346603394,0.3728450834751129,0.5957514047622681,0.3796598315238952,0.5338586568832397,0.3797215521335602,0.6379925608634949,0.4311984479427337,0.4912866652011871,0.4306008517742157,0.649908185005188,0.356311023235321,0.4967383444309234,0.3478241264820099,0.6103277802467346,0.2677926421165466,0.5494074821472168,0.2658936381340027,0.5911056399345398,0.6162627935409546,0.4954145848751068,0.6110353469848633,0.5698145031929016,0.7378388047218323,0.4812759757041931,0.7275035381317139,0.5569794774055481,0.8230412006378174,0.4775455594062805,0.8241561651229858,0.564639613032341,0.4308996498584747
0.5481500029563904,0.3753392100334167,0.5650381445884705,0.3656642138957977,0.5319877862930298,0.3656912446022033,0.5783127546310425,0.3728149533271789,0.5172376036643982,0.3727797269821167,0.6248751878738403,0.4227864146232605,0.4755783975124359,0.4249537289142608,0.6232874393463135,0.3516381382942199,0.4845404028892517,0.3452601432800293,0.5648071765899658,0.264525294303894,0.5443553924560547,0.2626724243164062,0.5869011282920837,0.6072792410850525,0.4893515706062317,0.6049843430519104,0.5734054446220398,0.7305639982223511,0.4791816174983978,0.7232359647750854,0.5644547343254089,0.8206080794334412,0.4822303652763366,0.822395384311676,0.5502267926931381,0.4238700717687607
0.5768877267837524,0.384372353553772,0.5951665043830872,0.3749174773693084,0.5603060722351074,0.3739822208881378,0.6103717684745789,0.381001353263855,0.5487784147262573,0.3799371719360351,0.6610116362571716,0.4298136532306671,0.5088784694671631,0.4346059262752533,0.6483070850372314,0.3623817563056946,0.516545832157135,0.3561889231204986,0.5757808685302734,0.2797694802284241,0.5849261283874512,0.2769792377948761,0.6190013289451599,0.6224874258041382,0.5196647644042969,0.6179075837135315,0.5990698933601379,0.7495043277740479,0.5101815462112427,0.7390535473823547,0.5901034474372864,0.8403759598731995,0.5075414180755615,0.8415411114692688,0.5849450528621674,0.4322097897529602
0.6374093890190125,0.3788050413131714,0.6541600227355957,0.3687596321105957,0.6196715235710144,0.3676686286926269,0.6671692132949829,0.3729821443557739,0.6043976545333862,0.3715848922729492,0.7128463387489319,0.4211485981941223,0.5632981657981873,0.4242574274539947,0.7103578448295593,0.3540478944778442,0.5700477361679077,0.3457809090614319,0.6407387852668762,0.2622931003570556,0.6317079067230225,0.2653418183326721,0.6768632531166077,0.6099988222122192,0.5813863277435303,0.60633784532547,0.6622109413146973,0.7396402955055237,0.5686159729957581,0.7297002077102661,0.6504485607147217,0.8268240690231323,0.5680513978004456,0.8317115306854248,0.6380722522735596,0.4227030128240585
0.5832475423812866,0.3766259551048279,0.5997576713562012,0.3653998374938965,0.5669379830360413,0.3655324578285217,0.6120184063911438,0.371923416852951,0.5529645681381226,0.3707816004753113,0.6598310470581055,0.4183253347873688,0.5075089335441589,0.4223089814186096,0.6670488715171814,0.34488046169281,0.5077894330024719,0.337417721748352,0.6398532390594482,0.2517467439174652,0.5521857738494873,0.2540959417819977,0.6198473572731018,0.6047848463058472,0.5203565359115601,0.602878987789154,0.6055812239646912,0.7359270453453064,0.5078021883964539,0.7291012406349182,0.5988888144493103,0.8229337930679321,0.5092765092849731,0.8275187015533447,0.5836699903011322,0.4203171581029892
0.5927627682685852,0.3841578364372253,0.6093538999557495,0.3742828965187073,0.576825737953186,0.3736813366413116,0.6196646094322205,0.3828028440475464,0.5613236427307129,0.3809910416603088,0.6648194789886475,0.433014452457428,0.5159035325050354,0.4328194558620453,0.669769823551178,0.3544460535049438,0.5249090790748596,0.3445281088352203,0.6297112703323364,0.2651568055152893,0.572261393070221,0.2623253762722015,0.6191573143005371,0.6183469295501709,0.5215720534324646,0.6135520935058594,0.5987312197685242,0.7467555999755859,0.507346510887146,0.7362229228019714,0.5909777283668518,0.8415098786354065,0.504995584487915,0.8368031978607178,0.5903615057468414,0.4329169541597366
0.5382919311523438,0.3741948008537292,0.5546721816062927,0.363606184720993,0.5219208598136902,0.3632295727729797,0.5684952735900879,0.37143075466156,0.5069936513900757,0.3689562082290649,0.6123108863830566,0.4192547798156738,0.4628844857215881,0.4201125502586365,0.6197917461395264,0.3431447744369507,0.4702715873718261,0.3333688974380493,0.5839187502861023,0.2544714212417602,0.5172935128211975,0.2519446909427643,0.5728370547294617,0.6074867248535156,0.4760940670967102,0.6031261682510376,0.5539392232894897,0.7339102029800415,0.4640994668006897,0.7245067358016968,0.5435243844985962,0.8233225345611572,0.4656921029090881,0.82268887758255,0.5375976860523224,0.4196836650371551
0.5027175545692444,0.380510151386261,0.5195408463478088,0.3683279752731323,0.4844045639038086,0.3695793151855469,0.534148633480072,0.3761880993843078,0.4703336656093597,0.3763034045696258,0.5828362107276917,0.4259540140628814,0.4315579533576965,0.4316127896308899,0.5862622261047363,0.349609375,0.4263473153114319,0.344957947731018,0.5439963340759277,0.2603965997695923,0.469373881816864,0.258936733007431,0.5527950525283813,0.6202002763748169,0.4518776535987854,0.6180605292320251,0.5400435924530029,0.7407155632972717,0.4495907425880432,0.7318464517593384,0.535157322883606,0.8342738747596741,0.4492796957492828,0.8332868814468384,0.5071970820426941,0.4287834018468857
0.4706918597221374,0.3840108513832092,0.4868594110012054,0.3729003071784973,0.4514381885528564,0.3726230263710022,0.5001434087753296,0.3808943927288055,0.4345130324363708,0.3797760605812073,0.5465952754020691,0.4315081238746643,0.3944345712661743,0.4354777336120605,0.5592440366744995,0.3616642951965332,0.3912295997142792,0.3466778695583343,0.5148869752883911,0.2679707705974579,0.4371887147426605,0.2589879930019378,0.5203549265861511,0.6302058100700378,0.4188496172428131,0.6274648308753967,0.5126902461051941,0.7582920789718628,0.4176177084445953,0.7477538585662842,0.5076373815536499,0.8549252152442932,0.4163187444210052,0.8535121083259583,0.4705149233341217,0.4334929287433624
0.4804338812828064,0.3890466094017029,0.4972043633460998,0.3769194185733795,0.4600846767425537,0.3776976466178894,0.5130075216293335,0.3854585886001587,0.444552332162857,0.3858388066291809,0.5642586350440979,0.437025636434555,0.405940443277359,0.4431514143943786,0.5680791735649109,0.3601913452148437,0.3998607695102691,0.352224200963974,0.5220518112182617,0.2681232094764709,0.4537140727043152,0.2630938589572906,0.532271683216095,0.644163191318512,0.4256020486354828,0.6408685445785522,0.5207259654998779,0.7741903066635132,0.4247705340385437,0.7663571834564209,0.5180565118789673,0.8726482391357422,0.4245385229587555,0.8734588027000427,0.4850995391607284,0.4400885254144668
0.5021043419837952,0.3896357715129852,0.5185394287109375,0.3765595853328705,0.4825546145439148,0.3783468008041382,0.5333801507949829,0.3853589296340942,0.4660633206367492,0.3865039944648742,0.583026111125946,0.4376378357410431,0.4264783859252929,0.4438371658325195,0.5889357328414917,0.3529949486255646,0.4206051826477051,0.351306140422821,0.5425713658332825,0.2601174116134643,0.4654102921485901,0.2620052695274353,0.558285117149353,0.6429046988487244,0.4535670876502991,0.6428261995315552,0.5519657731056213,0.7697352170944214,0.4571591317653656,0.7649513483047485,0.5479414463043213,0.8727031946182251,0.4526047110557556,0.877380907535553,0.5047522485256195,0.4407375007867813
0.5287436842918396,0.3759095072746277,0.5455087423324585,0.3642594516277313,0.5103131532669067,0.3648163974285126,0.5601366758346558,0.3724010586738586,0.4939405024051666,0.3715811967849731,0.6087168455123901,0.4237870872020721,0.4521329998970032,0.4275168478488922,0.6203820109367371,0.3436568081378937,0.4510263502597809,0.3340758085250854,0.5759060978889465,0.2469408214092254,0.4994303286075592,0.2432972490787506,0.5804479122161865,0.6263212561607361,0.4750065803527832,0.6249824166297913,0.5714364647865295,0.7535443902015686,0.4762546420097351,0.7453196048736572,0.563983678817749,0.8577273488044739,0.4706500172615051,0.8580405116081238,0.5304249227046967,0.4256519675254822
0.5322865843772888,0.3777350187301636,0.54981529712677,0.365263968706131,0.5135887861251831,0.3653496503829956,0.5645512938499451,0.3737392425537109,0.4974965155124664,0.371902197599411,0.6118320226669312,0.4259015917778015,0.4530257284641266,0.4294599592685699,0.6173227429389954,0.3451539576053619,0.4481736719608307,0.3376157581806183,0.5762094259262085,0.2479927539825439,0.4976564049720764,0.2463673651218414,0.5715460181236267,0.6291084885597229,0.4660541117191314,0.6250386834144592,0.5580940842628479,0.7580627202987671,0.4644318521022796,0.7434278130531311,0.553023636341095,0.8626347184181213,0.4552878737449646,0.851081132888794,0.5324288755655289,0.4276807755231857
0.5234779119491577,0.3780464828014374,0.5413033962249756,0.3659727871417999,0.5066134333610535,0.3672995567321777,0.5572422742843628,0.3761141896247864,0.4924715161323547,0.3757014274597168,0.6092066168785095,0.4264189302921295,0.4502483010292053,0.430637001991272,0.6051855087280273,0.3414604961872101,0.4452835023403168,0.3358246982097626,0.5585383772850037,0.2464496791362762,0.4975531697273254,0.2468362748622894,0.569644033908844,0.6274544596672058,0.4624839723110199,0.6236449480056763,0.562654972076416,0.766144335269928,0.4655779898166656,0.7472174167633057,0.556899905204773,0.860564649105072,0.4606171548366546,0.8531643748283386,0.5297274589538574,0.4285279661417007
0.4476032257080078,0.3769627809524536,0.4650284349918365,0.3647350966930389,0.4286478161811828,0.3663752377033233,0.4810262322425842,0.3732964098453522,0.4151434302330017,0.3735882937908172,0.5339391231536865,0.4237333834171295,0.3759663701057434,0.4288260340690613,0.5336515307426453,0.3366646468639374,0.3704308271408081,0.330047994852066,0.4704979062080383,0.244236022233963,0.4214395880699157,0.2427597641944885,0.5013492107391357,0.6347062587738037,0.3940939009189605,0.6322669982910156,0.4920166432857513,0.7629164457321167,0.4007441997528076,0.7548085451126099,0.4928722381591797,0.8649965524673462,0.3912398815155029,0.8608013987541199,0.4549527466297149,0.4262797087430954
0.4167160093784332,0.3717544674873352,0.4358006417751312,0.3645376563072204,0.4008754193782806,0.3599725365638733,0.4538236558437347,0.3735873401165008,0.3827619850635528,0.3727898895740509,0.5007811784744263,0.4341587722301483,0.3434700071811676,0.441221535205841,0.4651777148246765,0.3490886390209198,0.3639482855796814,0.3584638833999634,0.3666277527809143,0.2878542840480804,0.4491056501865387,0.2805817425251007,0.4721381068229675,0.6439633965492249,0.3652325868606567,0.6411542296409607,0.4695670008659363,0.7864552736282349,0.372786670923233,0.7736391425132751,0.4703350961208343,0.8895221948623657,0.3657451570034027,0.8904550671577454,0.4221255928277969,0.4376901537179947
0.4394394755363464,0.3695692718029022,0.4574967324733734,0.3574633002281189,0.4172541201114654,0.3588840663433075,0.4739856123924255,0.3662068545818329,0.3997755646705627,0.3662194013595581,0.5255703926086426,0.4234994351863861,0.3567237854003906,0.4295536875724792,0.534730076789856,0.3310866355895996,0.3500131964683532,0.3292986750602722,0.4766264855861664,0.2334398329257965,0.4044647216796875,0.2329092621803283,0.4986691474914551,0.6444572806358337,0.3846432864665985,0.6427504420280457,0.489698976278305,0.7779225707054138,0.3942697644233703,0.7699949145317078,0.4875000119209289,0.8798638582229614,0.3869270086288452,0.8774142861366272,0.4411470890045166,0.4265265613794327
0.4895499348640442,0.3759957253932953,0.5065304636955261,0.3629221618175506,0.4719142019748688,0.3646246492862701,0.5229446887969971,0.3690157234668731,0.4577960073947906,0.370986670255661,0.575471818447113,0.420267641544342,0.4131179451942444,0.4269401729106903,0.5895522832870483,0.3294213116168976,0.3905746638774872,0.3325338959693908,0.6137247085571289,0.229542389512062,0.3908642530441284,0.2303061485290527,0.5478237867355347,0.6369820237159729,0.4374553561210632,0.6354687809944153,0.5406460165977478,0.7673770189285278,0.4431864321231842,0.762681782245636,0.5356863141059875,0.8750495314598083,0.4356433451175689,0.8707112073898315,0.4942948818206787,0.4236039072275162
0.5442051291465759,0.3870135247707367,0.5630226731300354,0.3744299113750458,0.5258174538612366,0.3749911189079284,0.5778425335884094,0.3812552690505981,0.5122756361961365,0.3806586563587188,0.6278108358383179,0.4318419098854065,0.4675269722938537,0.4385896325111389,0.6374413371086121,0.3518157303333282,0.4447903037071228,0.3502475023269653,0.6536425352096558,0.2494504749774933,0.4650711119174957,0.2519859969615936,0.5914515852928162,0.6419498324394226,0.4836181998252868,0.6384219527244568,0.5767531991004944,0.7697829008102417,0.4861777424812317,0.7579162120819092,0.5672793984413147,0.8750695586204529,0.4693226218223572,0.8665828704833984,0.5476689040660858,0.4352157711982727
0.5989184379577637,0.3277308344841003,0.6182929277420044,0.3152247965335846,0.579770028591156,0.3161565363407135,0.63273024559021,0.324406087398529,0.5639896988868713,0.3231557309627533,0.6852206587791443,0.3777021467685699,0.5190480351448059,0.3783841729164123,0.6866808533668518,0.2825943231582641,0.5133657455444336,0.2768680155277252,0.6267343759536743,0.1833960115909576,0.568426251411438,0.1835398077964782,0.6433470845222473,0.5896393656730652,0.5389999747276306,0.5860661268234253,0.6319810152053833,0.719771146774292,0.5542706251144409,0.7054604291915894,0.6268370151519775,0.824118971824646,0.5583896040916443,0.8001196980476379,0.6021343469619751,0.3780431598424911
0.5806761384010315,0.3372835516929626,0.5987331867218018,0.3239516317844391,0.5607150793075562,0.3246561288833618,0.6142511963844299,0.3323889970779419,0.5450167059898376,0.3315388858318329,0.665255069732666,0.3858169317245483,0.4995046555995941,0.3861081004142761,0.6738887429237366,0.2996848523616791,0.4948393404483795,0.2860386669635772,0.6060774326324463,0.1975432336330413,0.5534650087356567,0.1924861073493957,0.6242673397064209,0.596156120300293,0.5175585746765137,0.593275785446167,0.6113481521606445,0.7256953716278076,0.5323150157928467,0.7111784219741821,0.6100881695747375,0.8285762071609497,0.5438886880874634,0.8119705319404602,0.5823798626661301,0.3859625160694122
0.5540314316749573,0.3350703418254852,0.5733648538589478,0.322588562965393,0.5332265496253967,0.3231305778026581,0.5892245769500732,0.3314457833766937,0.5177459120750427,0.3303689360618591,0.640008270740509,0.3830891847610473,0.474921315908432,0.3844762444496155,0.6468811631202698,0.295141339302063,0.4697237908840179,0.283597856760025,0.5788343548774719,0.1940419375896453,0.5249794125556946,0.1907289028167724,0.6069199442863464,0.5948494672775269,0.5008355975151062,0.5919203162193298,0.5960761308670044,0.7305518388748169,0.5123507976531982,0.7111918926239014,0.5962328314781189,0.8261861801147461,0.5257465839385986,0.810842752456665,0.5574647933244705,0.3837827146053314
0.5601722598075867,0.3178616166114807,0.5794878602027893,0.304364800453186,0.5395153164863586,0.3058246672153473,0.5957222580909729,0.3135447800159454,0.5248373746871948,0.3129440546035766,0.6488889455795288,0.3664609789848327,0.4824766218662262,0.3667542636394501,0.6531112790107727,0.2742457091808319,0.4730955958366394,0.2658982872962951,0.5827071070671082,0.1712190210819244,0.5290645956993103,0.173149436712265,0.6140774488449097,0.5771666765213013,0.5064554214477539,0.5743939280509949,0.6026204228401184,0.711978018283844,0.5187491774559021,0.6937630772590637,0.6000573039054871,0.8065249919891357,0.5272247195243835,0.795016884803772,0.5656827837228775,0.3666076213121414
0.5528367161750793,0.3117901384830475,0.5707753300666809,0.2976604104042053,0.5311878323554993,0.2984941303730011,0.5857155919075012,0.3049937188625335,0.5135902762413025,0.3044672012329101,0.6387487053871155,0.3588863611221313,0.4712828993797302,0.3623966574668884,0.6451862454414368,0.2668723165988922,0.4615313410758972,0.2612373530864715,0.5734468102455139,0.1631263792514801,0.5148658156394958,0.1629040241241455,0.6110541224479675,0.5744345188140869,0.5010123252868652,0.5723121166229248,0.5991716384887695,0.7091233134269714,0.5122885704040527,0.6906073093414307,0.5994247794151306,0.8012686967849731,0.5276862382888794,0.7872458696365356,0.5550158023834229,0.3606415092945099
0.557320773601532,0.3027734756469726,0.5754292607307434,0.2895013689994812,0.5358155965805054,0.2898766100406647,0.5900787711143494,0.2982563078403473,0.516645610332489,0.2967372834682464,0.6438106298446655,0.3500766158103943,0.4710168242454529,0.3540926575660705,0.6531193256378174,0.2592446208000183,0.4617043137550354,0.2498506158590316,0.5802703499794006,0.1531392037868499,0.5198384523391724,0.1512084603309631,0.616783082485199,0.5704426169395447,0.5045447945594788,0.5680479407310486,0.6007962822914124,0.7027922868728638,0.5166144371032715,0.6887195110321045,0.5982935428619385,0.7969671487808228,0.5288146734237671,0.7837926149368286,0.5574137270450592,0.3520846366882324
0.5418936610221863,0.3205471932888031,0.5600426197052002,0.3062262237071991,0.5203177332878113,0.3083599209785461,0.5761123895645142,0.3138831853866577,0.503902018070221,0.3148835301399231,0.6331226229667664,0.3659218549728393,0.4610201418399811,0.3695621490478515,0.641158938407898,0.2713587582111358,0.4515193998813629,0.2675288915634155,0.5710487961769104,0.1653376221656799,0.5065453052520752,0.1664687693119049,0.6026108860969543,0.5860011577606201,0.4899565279483795,0.5843029618263245,0.5934426188468933,0.7213180065155029,0.5060233473777771,0.7094587683677673,0.5911480784416199,0.8153770565986633,0.5193619728088379,0.8088321089744568,0.5470713824033737,0.3677420020103454
0.5347788333892822,0.3211120963096618,0.5543037056922913,0.3057552576065063,0.514227032661438,0.3081929385662079,0.5719830393791199,0.312924861907959,0.4991950392723083,0.3136564195156097,0.6301926374435425,0.3684140741825104,0.4548899531364441,0.3711998760700226,0.636119544506073,0.27195805311203,0.4414217472076416,0.2645431160926819,0.5629020929336548,0.1633375287055969,0.5015730261802673,0.1621691286563873,0.5975055694580078,0.5910481810569763,0.4817393720149994,0.5900163054466248,0.5868975520133972,0.737057089805603,0.4974567890167236,0.7229886651039124,0.5812571048736572,0.8358741998672485,0.5114924311637878,0.8202660083770752,0.5425412952899933,0.3698069751262665
0.5624986886978149,0.3197920620441437,0.5842411518096924,0.303737998008728,0.5424425005912781,0.3034676313400268,0.6049705743789673,0.3101285994052887,0.5272632241249084,0.3083367347717285,0.6605145931243896,0.3707805871963501,0.4778138101100921,0.3696674406528473,0.6725952625274658,0.2694985270500183,0.4684694409370422,0.2565925121307373,0.6014711856842041,0.1519970595836639,0.5337945222854614,0.148693561553955,0.6214115619659424,0.6007928252220154,0.5021299123764038,0.5982107520103455,0.6059303283691406,0.7474493384361267,0.51563960313797,0.7317609786987305,0.6003530621528625,0.8506916761398315,0.5185268521308899,0.8303971886634827,0.5691642016172409,0.3702240139245987
0.5592712759971619,0.3388705551624298,0.5830168128013611,0.3227048516273498,0.5400403141975403,0.3218444585800171,0.6012007594108582,0.3310000598430633,0.5247796773910522,0.3279975354671478,0.6590845584869385,0.3938604593276977,0.4690630435943603,0.3922395706176758,0.6710965037345886,0.2918364405632019,0.4585723280906677,0.2752248346805572,0.6030375957489014,0.170816957950592,0.5303857922554016,0.1704680621623993,0.604149580001831,0.633636474609375,0.4793640971183777,0.6275283694267273,0.5823992490768433,0.7883544564247131,0.4869248867034912,0.7694332599639893,0.5686451196670532,0.8916682004928589,0.4861088395118713,0.8717081546783447,0.5640738010406494,0.3930500149726867
0.5106276869773865,0.3270651996135711,0.5351616144180298,0.3119508624076843,0.489402711391449,0.310330182313919,0.5562794208526611,0.3206852078437805,0.4727797508239746,0.3162142336368561,0.609250009059906,0.3882049322128296,0.4158141016960144,0.3804098963737488,0.6402010917663574,0.2825861871242523,0.417052686214447,0.2614128589630127,0.5773364901542664,0.1556969285011291,0.4975742399692535,0.1511506736278534,0.545359194278717,0.6364304423332214,0.4164031445980072,0.6256480813026428,0.5130112171173096,0.7899121642112732,0.4160611033439636,0.7637752294540405,0.5048032402992249,0.8892995119094849,0.418010801076889,0.8744863867759705,0.5125320553779602,0.3843074142932892
0.4742569327354431,0.327343076467514,0.4975550770759582,0.3111105263233185,0.4496122896671295,0.3113883733749389,0.5166297554969788,0.3190708756446838,0.4259990155696869,0.3177423477172851,0.5713424682617188,0.3861314058303833,0.3687470853328705,0.3857764899730682,0.5926905870437622,0.2744414508342743,0.359819233417511,0.2639822363853454,0.5241328477859497,0.1480364203453064,0.4383493363857269,0.1445489823818206,0.5229568481445312,0.6425476670265198,0.3880936801433563,0.6358291506767273,0.4971246123313904,0.8077956438064575,0.4014773964881897,0.7908090353012085,0.4935020804405212,0.9118685126304626,0.406148612499237,0.9054892659187316,0.4700447767972946,0.3859539479017257
0.4700471460819244,0.3163945972919464,0.4921809732913971,0.3005214035511017,0.4441400170326233,0.2993558645248413,0.5098223686218262,0.3076091408729553,0.4197510778903961,0.3052628338336944,0.5675274133682251,0.375825971364975,0.3565402030944824,0.3758038878440857,0.5950517058372498,0.269545167684555,0.3516961634159088,0.2537749409675598,0.5321917533874512,0.1350210011005401,0.4347663819789886,0.1292572319507599,0.5242112874984741,0.6462990641593933,0.3798377215862274,0.6415048241615295,0.498102605342865,0.8122077584266663,0.3979666531085968,0.7958726286888123,0.4928060472011566,0.9191362261772156,0.4045220017433166,0.9088412523269652,0.4620338082313537,0.3758149296045303
0.4663140773773193,0.2922395467758178,0.48992720246315,0.2756973206996918,0.442008912563324,0.2736928761005401,0.5133352875709534,0.2836035490036011,0.418119728565216,0.2801417410373688,0.5719675421714783,0.3513185381889343,0.3538205921649933,0.3518007099628448,0.5905389785766602,0.2354161739349365,0.3528209030628204,0.2181527614593505,0.5235102772712708,0.0994259119033813,0.4308795034885406,0.0932400897145271,0.5169231295585632,0.6201266050338745,0.3704569935798645,0.6178376078605652,0.4865445494651794,0.7911595106124878,0.3884671628475189,0.7810941338539124,0.4842638373374939,0.8993585705757141,0.3896223902702331,0.8999577164649963,0.4628940671682358,0.3515596240758896
0.466223657131195,0.2846226394176483,0.4926043152809143,0.268362432718277,0.4444272518157959,0.2664011716842651,0.5175715088844299,0.2773724496364593,0.4233500957489013,0.2728206813335418,0.5755149126052856,0.3505890965461731,0.3521741926670074,0.3442912101745605,0.5967651605606079,0.2315089106559753,0.354611873626709,0.2143204808235168,0.530900776386261,0.0932408049702644,0.4375559687614441,0.084281325340271,0.5136207342147827,0.6225186586380005,0.3656292855739593,0.6179988384246826,0.4770371913909912,0.7883132100105286,0.3721539676189422,0.7759851813316345,0.4733782708644867,0.8862705230712891,0.3697438538074493,0.8933462500572205,0.4638445526361465,0.3474401533603668
0.4418181478977203,0.3084543645381927,0.4645249843597412,0.2897317111492157,0.41773122549057,0.2897717356681824,0.4882384240627289,0.2960269749164581,0.3962720334529876,0.2957113087177276,0.5490081310272217,0.3645684421062469,0.3326144218444824,0.3655778467655182,0.5620901584625244,0.2471687197685241,0.3245892822742462,0.2386379539966583,0.4905850291252136,0.1132671162486076,0.3951241374015808,0.108805350959301,0.5052123665809631,0.6293291449546814,0.3619742095470428,0.6315162181854248,0.4888540208339691,0.7931444644927979,0.38873091340065,0.794616162776947,0.4870661795139313,0.8962129950523376,0.3885825276374817,0.919932186603546,0.440811276435852,0.3650731444358825
0.4595077633857727,0.3188073933124542,0.4824957251548767,0.3036885857582092,0.436155617237091,0.3046446442604065,0.5031158328056335,0.3113179206848144,0.4186858236789703,0.3119361996650696,0.5683527588844299,0.3782576322555542,0.3640691936016083,0.3828184008598327,0.5860315561294556,0.2767010629177093,0.356799304485321,0.2607454061508178,0.5201578140258789,0.1514061540365219,0.4182167053222656,0.142495185136795,0.5223177075386047,0.6367358565330505,0.3871969878673553,0.6350165605545044,0.5128692388534546,0.7904587388038635,0.407443106174469,0.7853857278823853,0.5067756175994873,0.8975317478179932,0.4216187596321106,0.9063749313354492,0.4662109762430191,0.3805380165576935
0.4144178032875061,0.3253991901874542,0.4359484612941742,0.3103306889533996,0.3912606239318847,0.3113529980182647,0.4555597901344299,0.3220327794551849,0.3718459010124206,0.3216612935066223,0.5163479447364807,0.3847563564777374,0.3193593621253967,0.3907506167888641,0.517220675945282,0.2799047529697418,0.3053255677223205,0.2740458250045776,0.4494289755821228,0.1595160365104675,0.370662122964859,0.1576318740844726,0.4744599461555481,0.631576657295227,0.3462764918804168,0.6332200169563293,0.4651008546352386,0.7802878618240356,0.3663215935230255,0.7771936058998108,0.4632208943367004,0.8748171329498291,0.3665167689323425,0.8944355249404907,0.4178536534309387,0.3877534866333008
0.3984686434268951,0.302080363035202,0.4187945425510406,0.2882766723632812,0.3763530254364013,0.2892598807811737,0.4396785795688629,0.2973344922065735,0.3604651689529419,0.2970666885375976,0.4969797730445862,0.3571307063102722,0.310431033372879,0.3650347888469696,0.5031142234802246,0.2582817375659942,0.2945563793182373,0.2566903233528137,0.4359682202339172,0.1446168720722198,0.3543722331523895,0.1423635184764862,0.4687650799751282,0.5910604596138,0.3460155427455902,0.5934732556343079,0.4642092585563659,0.7344814538955688,0.3689345717430115,0.7273162603378296,0.4713976383209228,0.8384836912155151,0.3794195652008056,0.8409633636474609,0.4037054032087326,0.3610827475786209
0.4224537312984466,0.3450697958469391,0.4448747634887695,0.3296611905097961,0.3995484709739685,0.3303996920585632,0.4670111536979675,0.3392235934734344,0.3827745020389557,0.3379552960395813,0.5279586911201477,0.4060709774494171,0.3281952142715454,0.4083057940006256,0.5374352335929871,0.2940239310264587,0.3173852264881134,0.2909925580024719,0.462132066488266,0.1761067807674408,0.379662811756134,0.1758860200643539,0.4839569926261902,0.6559683084487915,0.3518865704536438,0.6547284722328186,0.4648541510105133,0.818862795829773,0.370727002620697,0.8096678256988525,0.4604960083961487,0.9373212456703186,0.3730015158653259,0.9344602823257446,0.4280769526958465,0.4071883857250213
0.5066458582878113,0.2707227170467376,0.5298464894294739,0.2545733153820038,0.4821032583713531,0.2550787627696991,0.5529254078865051,0.26437908411026,0.4649786055088043,0.2628891170024872,0.6162103414535522,0.3334771990776062,0.4045082926750183,0.3368460536003113,0.6291704773902893,0.2175182998180389,0.394875019788742,0.2136242091655731,0.5546349287033081,0.0872968956828117,0.4612926542758941,0.0882273614406585,0.5706753134727478,0.5960839986801147,0.4307810664176941,0.5973060131072998,0.5588195323944092,0.7620974183082581,0.4510039389133453,0.7566813230514526,0.5493177175521851,0.8705854415893555,0.4469600617885589,0.8828454613685608,0.5103593170642853,0.3351616263389587
0.5460942387580872,0.3206061124801636,0.5688531398773193,0.3056150078773498,0.5219824910163879,0.3051466941833496,0.5850727558135986,0.3155927956104278,0.4995246529579162,0.3122241199016571,0.6395374536514282,0.3826633095741272,0.4366622865200043,0.3811416327953338,0.6584564447402954,0.2732237875461578,0.442099004983902,0.2632709741592407,0.609275221824646,0.1515378355979919,0.5167083740234375,0.148482084274292,0.5859604477882385,0.6332905888557434,0.4534684717655182,0.6295438408851624,0.555211067199707,0.7919752597808838,0.4507361054420471,0.785061240196228,0.5399799942970276,0.9171167612075806,0.451379120349884,0.9154971241950988,0.5380998700857162,0.3819024711847305
0.4929889738559723,0.3128014504909515,0.513587236404419,0.2980483174324035,0.4697160124778747,0.2983770072460174,0.5307021737098694,0.3078167140483856,0.4459529519081116,0.3070535659790039,0.5837987661361694,0.3692936301231384,0.3901489377021789,0.372486412525177,0.5986952185630798,0.2687964141368866,0.3940924108028412,0.263249397277832,0.5485715270042419,0.1578107178211212,0.4620024561882019,0.151477962732315,0.5458497405052185,0.6094191074371338,0.4172918796539306,0.6096125245094299,0.528786301612854,0.76021409034729,0.4269744455814361,0.753858208656311,0.5191287398338318,0.8697013854980469,0.4237254559993744,0.8739238977432251,0.4869738519191742,0.3708900213241577
0.4850609898567199,0.2903929650783539,0.5052152276039124,0.2768835425376892,0.463290125131607,0.2765742242336273,0.5222670435905457,0.2839790880680084,0.4419544339179992,0.2826903462409973,0.5724587440490723,0.343731939792633,0.3911940455436706,0.346561849117279,0.5882049202919006,0.2525694370269775,0.3942776620388031,0.2442728579044342,0.5458042025566101,0.1454708576202392,0.4500296711921692,0.1371305882930755,0.5335439443588257,0.5726097226142883,0.4116707742214203,0.5720040798187256,0.5197768807411194,0.7102513909339905,0.4207150340080261,0.7064759135246277,0.510714054107666,0.8151036500930786,0.4159046709537506,0.8242408037185669,0.4818263947963714,0.345146894454956
0.4803227484226227,0.3533218502998352,0.4989294111728668,0.3405661284923553,0.4600241780281067,0.3410696685314178,0.5146986246109009,0.3479509949684143,0.4434962272644043,0.3472901284694671,0.566440761089325,0.4021852314472198,0.3990602493286133,0.4065894484519958,0.571958601474762,0.3112300336360931,0.3923859298229217,0.3112378418445587,0.5205233693122864,0.2152882218360901,0.4461416602134704,0.2150275111198425,0.5336861610412598,0.6130422949790955,0.4226512014865875,0.6151830554008484,0.5253092646598816,0.7448266744613647,0.4352745413780212,0.7414997816085815,0.5217681527137756,0.8403006792068481,0.4365652203559875,0.8517799377441406,0.4827505052089691,0.4043873399496078
0.5227406620979309,0.3981218934059143,0.5362381935119629,0.3885212540626526,0.5059993863105774,0.3893720507621765,0.5471432209014893,0.3939060568809509,0.4924824833869934,0.3945556282997131,0.5879716277122498,0.437654435634613,0.4579288959503174,0.4413198828697204,0.5887963771820068,0.3695732951164245,0.4549800753593445,0.3675131201744079,0.5516619682312012,0.2931549847126007,0.4923622012138366,0.2952258288860321,0.5658579468727112,0.598308265209198,0.4801746308803558,0.5995630025863647,0.5612440705299377,0.6989473700523376,0.4897232949733734,0.6981670260429382,0.5634695291519165,0.7836180329322815,0.499136745929718,0.7884795069694519,0.5229502618312836,0.4394871592521667
0.5521703958511353,0.3679984211921692,0.5660886168479919,0.3589411079883575,0.5367499589920044,0.3593849539756775,0.5757091641426086,0.3653348684310913,0.5241032838821411,0.3656021654605865,0.6168919801712036,0.4080240130424499,0.4864400327205658,0.4095252752304077,0.6144745349884033,0.3379642367362976,0.4860878884792328,0.3366640210151672,0.5756535530090332,0.2642036080360412,0.5225889682769775,0.2681325376033783,0.5913048982620239,0.5699859261512756,0.5063714385032654,0.5681155920028687,0.5827930569648743,0.6661475300788879,0.5103704333305359,0.6622232794761658,0.5791851878166199,0.7451650500297546,0.5155531764030457,0.7474454641342163,0.5516660064458847,0.4087746441364288
0.5854728817939758,0.3786594569683075,0.5992392301559448,0.3693417310714721,0.5695124268531799,0.3697204887866974,0.6093417406082153,0.3740340769290924,0.5562626719474792,0.3738542199134826,0.6480304002761841,0.418174147605896,0.5177391767501831,0.4171347320079803,0.6553434133529663,0.3509751260280609,0.5230247378349304,0.3457030057907104,0.6232983469963074,0.2725558578968048,0.5659515261650085,0.2751089930534363,0.6094143390655518,0.5748781561851501,0.5249804258346558,0.5725193619728088,0.5952804088592529,0.6737819314002991,0.5244219303131104,0.6762646436691284,0.5876234173774719,0.7569015026092529,0.5237489342689514,0.7621487975120544,0.5828847885131836,0.4176544398069381
0.5991483330726624,0.3999980986118316,0.6141730546951294,0.3903800249099731,0.5845386385917664,0.3908811211585998,0.6271660923957825,0.3965297341346741,0.5744946002960205,0.3966100513935089,0.6676802039146423,0.438059538602829,0.5381248593330383,0.4390568137168884,0.6668058037757874,0.3682190179824829,0.532677173614502,0.3666366338729858,0.6296547651290894,0.2930628955364227,0.5755420327186584,0.2935466170310974,0.635998547077179,0.6004022359848022,0.5508597493171692,0.6011245846748352,0.624923586845398,0.703567385673523,0.5582056641578674,0.7051340937614441,0.6151593327522278,0.7858000993728638,0.5553905963897705,0.7953919172286987,0.6029025316238403,0.4385581761598587
0.6223538517951965,0.4129103124141693,0.6394381523132324,0.402425080537796,0.6095442771911621,0.4032050371170044,0.6553636193275452,0.4085222482681274,0.6015130877494812,0.4088858962059021,0.700882077217102,0.4539803266525268,0.5652060508728027,0.4540651440620422,0.7068186402320862,0.3848095238208771,0.5616718530654907,0.3795993030071258,0.6606862545013428,0.3037915527820587,0.6069639921188354,0.3041029274463653,0.6592261791229248,0.6240769624710083,0.5721268057823181,0.6210905909538269,0.6489008665084839,0.7313706278800964,0.5743629932403564,0.7329667806625366,0.6404373645782471,0.8176063299179077,0.5767260193824768,0.8288791179656982,0.6330440640449524,0.4540227353572845
0.7008207440376282,0.4330220222473144,0.7145123481750488,0.4223873019218445,0.6827332377433777,0.4231060743331909,0.7246890664100647,0.428543210029602,0.6666297316551208,0.4283150434494018,0.7677720189094543,0.4732046723365783,0.6260867118835449,0.4752480685710907,0.7878790497779846,0.398923397064209,0.6271545886993408,0.3940297067165375,0.748028576374054,0.3129764497280121,0.67689448595047,0.3114948868751526,0.7368029356002808,0.652542769908905,0.6427095532417297,0.6501418948173523,0.7201412916183472,0.7603431344032288,0.6371233463287354,0.7564362287521362,0.7112743258476257,0.855704665184021,0.6450574994087219,0.8694303035736084,0.6969293653964996,0.4742263704538345
0.7192383408546448,0.4210130870342254,0.7318841218948364,0.4104183912277221,0.6993130445480347,0.4109968841075897,0.7383102774620056,0.4196935296058655,0.67914217710495,0.41870778799057,0.778030276298523,0.4691212475299835,0.6374590992927551,0.4688952565193176,0.8108868598937988,0.3943444490432739,0.652153491973877,0.3880265057086944,0.7793019413948059,0.3072015941143036,0.7072296738624573,0.3017454743385315,0.7577854990959167,0.6549170017242432,0.6645057201385498,0.654891848564148,0.7350042462348938,0.7703457474708557,0.6571184396743774,0.7649102807044983,0.7091867923736572,0.8568214178085327,0.6518470048904419,0.8668622970581055,0.707744687795639,0.4690082520246506
0.6643727421760559,0.3991614580154419,0.6769678592681885,0.3890325129032135,0.6458901166915894,0.3887912034988403,0.6833179593086243,0.3969748616218567,0.62440425157547,0.394771546125412,0.7217469215393066,0.4428165555000305,0.5820441842079163,0.4446000754833221,0.7550002932548523,0.37334144115448,0.595685601234436,0.3629797101020813,0.7246363162994385,0.2844928205013275,0.6473287343978882,0.280030608177185,0.710258424282074,0.6255763173103333,0.6170091032981873,0.6277230978012085,0.6969469785690308,0.7364212870597839,0.6199798583984375,0.7417393326759338,0.6809490919113159,0.8274468183517456,0.6216861009597778,0.8427913784980774,0.6518955528736115,0.4437083154916763
0.6324225068092346,0.3955147564411163,0.6470007300376892,0.3852525949478149,0.6133558750152588,0.385428786277771,0.6548342704772949,0.392885684967041,0.5933470129966736,0.3907428979873657,0.6947849988937378,0.4411183595657348,0.5485016703605652,0.4397743046283722,0.7192976474761963,0.3681047558784485,0.5623873472213745,0.3593015968799591,0.6935190558433533,0.2772035598754883,0.6195259690284729,0.2777746915817261,0.6652842164039612,0.6237593293190002,0.5711871385574341,0.6234952807426453,0.64699786901474,0.7337124943733215,0.5625734329223633,0.7347794771194458,0.6267467141151428,0.8235079646110535,0.564179003238678,0.8351206183433533,0.6216433346271515,0.4404463320970535
0.554263710975647,0.3814614415168762,0.5690356492996216,0.3704078793525696,0.5352868437767029,0.370824784040451,0.5779001116752625,0.3779211640357971,0.5156919956207275,0.3767763674259186,0.6166291832923889,0.4267559647560119,0.4712658822536468,0.4282292127609253,0.6453401446342468,0.351906418800354,0.4821086525917053,0.343294620513916,0.6141602396965027,0.2621617317199707,0.5360628962516785,0.2592300772666931,0.592432975769043,0.6138933300971985,0.4964707493782043,0.6131126284599304,0.5777329802513123,0.7289206981658936,0.4971486926078796,0.7284860610961914,0.564846396446228,0.8214657306671143,0.5010706186294556,0.8294992446899414,0.5439475327730179,0.4274925887584686
0.4417531490325928,0.3736430406570434,0.4559094309806824,0.3627073466777801,0.4213111996650696,0.362215131521225,0.4681523442268371,0.3708844184875488,0.4002882838249206,0.3694009184837341,0.5050740242004395,0.4240941703319549,0.3547089695930481,0.4221696853637695,0.5362229943275452,0.3397517502307892,0.3615664839744568,0.3352184891700744,0.5027010440826416,0.2417080700397491,0.4172129034996032,0.2430519163608551,0.4898083806037903,0.6226559281349182,0.3916548490524292,0.6226755380630493,0.4749583303928375,0.7412444353103638,0.3931549787521362,0.7433034777641296,0.4687869548797607,0.8385388851165771,0.3939465284347534,0.8518959283828735,0.4298914968967438,0.4231319278478622
0.5277357697486877,0.380579262971878,0.5434366464614868,0.3689177334308624,0.5076335072517395,0.3698392808437347,0.555612325668335,0.3764000833034515,0.4837537407875061,0.3755442798137665,0.5966735482215881,0.4306346178054809,0.4350031912326813,0.43089759349823,0.6216243505477905,0.3436179757118225,0.44259113073349,0.3385245203971863,0.5905821919441223,0.2436278760433197,0.502467155456543,0.2406542599201202,0.5793161392211914,0.6398636698722839,0.4703267216682434,0.6407831311225891,0.5569785237312317,0.7652081847190857,0.4737013280391693,0.7643907070159912,0.5431358218193054,0.8626221418380737,0.4659656584262848,0.8712999224662781,0.5158383697271347,0.4307661056518554
0.5478905439376831,0.3570050001144409,0.5673405528068542,0.3457270562648773,0.531399130821228,0.3447159230709076,0.5863412022590637,0.3498259782791137,0.5233556032180786,0.346634566783905,0.634284257888794,0.4072547554969787,0.4777807593345642,0.400947093963623,0.6816309690475464,0.3235809504985809,0.436555802822113,0.3148196041584015,0.5913740992546082,0.2484087944030761,0.514833927154541,0.2457366585731506,0.5709906220436096,0.6040580868721008,0.474694162607193,0.595876932144165,0.5549121499061584,0.733484148979187,0.4681403636932373,0.7253957390785217,0.549821138381958,0.8478708267211914,0.4718615114688873,0.8358598351478577,0.5560325086116791,0.4041009247303009
0.556236207485199,0.3666696548461914,0.5755264163017273,0.3556049466133117,0.539191484451294,0.3542141020298004,0.5931627750396729,0.3610300421714782,0.5308945775032043,0.3571450114250183,0.6403864622116089,0.4179718792438507,0.4870612025260925,0.4106815457344055,0.6835061311721802,0.3335251808166504,0.4431724548339844,0.3260785341262817,0.5928728580474854,0.2573457062244415,0.5219148993492126,0.259738951921463,0.5775966048240662,0.6123564839363098,0.4826577603816986,0.60408616065979,0.5598039627075195,0.7380101680755615,0.4765128195285797,0.7302654981613159,0.5555735230445862,0.8551228046417236,0.4796366095542907,0.8434922695159912,0.5637238323688507,0.4143267124891281
0.5851701498031616,0.3662102818489074,0.6044043898582458,0.3551748394966125,0.5693973302841187,0.3548836708068847,0.6220151782035828,0.3609931170940399,0.5641660094261169,0.3582931756973266,0.6734352111816406,0.4162999391555786,0.5199813842773438,0.4106478095054626,0.7126290798187256,0.3314315974712372,0.4748838543891907,0.3288616836071014,0.6208977699279785,0.2586524486541748,0.5490617752075195,0.2611627578735351,0.615990161895752,0.6120216250419617,0.5196077823638916,0.6066005825996399,0.6042253375053406,0.7379924058914185,0.5127896070480347,0.7331605553627014,0.6005367040634155,0.8560092449188232,0.5228907465934753,0.841395914554596,0.5967082977294922,0.4134738743305206
0.6051450967788696,0.3662772178649902,0.624442994594574,0.355231761932373,0.5896439552307129,0.3540586829185486,0.6429729461669922,0.3598641157150268,0.5805470943450928,0.3556470572948456,0.6899806261062622,0.4129596054553985,0.5352870225906372,0.4056809246540069,0.7322237491607666,0.3293781876564026,0.4965081810951233,0.3244583308696747,0.6420829892158508,0.2564139068126678,0.5686410665512085,0.2566317617893219,0.6341697573661804,0.6079496145248413,0.5360740423202515,0.6016647815704346,0.6189085841178894,0.7328660488128662,0.5344310998916626,0.7272616624832153,0.6108839511871338,0.8522947430610657,0.5406485795974731,0.8347455859184265,0.6126338243484497,0.4093202650547027
0.6219298839569092,0.366092711687088,0.6405460834503174,0.3545460402965545,0.6055426001548767,0.3536344766616821,0.658627986907959,0.3591749966144562,0.5972926616668701,0.3555889427661896,0.7050975561141968,0.4144065082073211,0.5526909828186035,0.4094630479812622,0.7495839595794678,0.3316077589988708,0.5067829489707947,0.3258318901062011,0.6615067720413208,0.2596442401409149,0.5826951265335083,0.2606254816055298,0.6474885940551758,0.6084765791893005,0.5525355339050293,0.6018473505973816,0.634968101978302,0.7380799651145935,0.5458447933197021,0.729934573173523,0.6235953569412231,0.8555310368537903,0.5509004592895508,0.8407782912254333,0.6288942694664001,0.4119347780942917
0.6157078742980957,0.373189240694046,0.6355628371238708,0.3618796467781067,0.6013686656951904,0.3603719472885132,0.6546887755393982,0.3664708137512207,0.5947063565254211,0.3616982698440552,0.7031053304672241,0.4186204075813293,0.5505500435829163,0.4134020805358886,0.7504135370254517,0.3365897834300995,0.5094142556190491,0.3292780518531799,0.660251259803772,0.2595656216144562,0.5825257301330566,0.2603140771389007,0.6424184441566467,0.6178603768348694,0.547393798828125,0.6106029152870178,0.6286215782165527,0.7442646026611328,0.5374503135681152,0.7372192144393921,0.6175134181976318,0.8639029860496521,0.542003870010376,0.8491793274879456,0.6268276870250702,0.416011244058609
0.6106460094451904,0.3630963563919067,0.6307674050331116,0.3525982797145843,0.59538733959198,0.3511062264442444,0.6492034792900085,0.3572675287723541,0.588694155216217,0.3529024422168731,0.6981407403945923,0.4122326672077179,0.5429054498672485,0.4050931930541992,0.7440446615219116,0.3279737532138824,0.5007538199424744,0.3197844326496124,0.654132068157196,0.2482477128505706,0.576414167881012,0.2489632219076156,0.6343855261802673,0.6137133240699768,0.5388427376747131,0.6050444841384888,0.6166843771934509,0.7389776110649109,0.532455563545227,0.7315154671669006,0.606857419013977,0.8605769872665405,0.5343497395515442,0.8404099941253662,0.6205230951309204,0.4086629301309585
0.5929386615753174,0.3498735725879669,0.6130769848823547,0.3389849364757538,0.5769789814949036,0.3376502692699432,0.6305888295173645,0.3449356257915497,0.5696331262588501,0.3409493267536163,0.6810675859451294,0.4041053652763366,0.5226061344146729,0.3933668732643127,0.7268013954162598,0.3168216943740845,0.4794187545776367,0.3084363937377929,0.640184760093689,0.2403044402599334,0.5606047511100769,0.2374982833862304,0.6112617254257202,0.6013579964637756,0.5119464993476868,0.59420245885849,0.5963698029518127,0.7320878505706787,0.5063937902450562,0.7252382040023804,0.5846474766731262,0.8488248586654663,0.510216474533081,0.8365926146507263,0.6018368601799011,0.3987361192703247
0.6171767115592957,0.3444353938102722,0.6355435848236084,0.3334033191204071,0.6003178954124451,0.331633061170578,0.6526374220848083,0.3380762040615082,0.591544508934021,0.3335949182510376,0.7023500800132751,0.3948328793048858,0.5421327948570251,0.386398434638977,0.7533380389213562,0.3104020357131958,0.4949542880058288,0.2987271547317505,0.6619309782981873,0.227538451552391,0.5792356133460999,0.2255895733833313,0.6341973543167114,0.6024976372718811,0.5342280268669128,0.5931774973869324,0.615353524684906,0.7314534783363342,0.5266736149787903,0.7215099334716797,0.6021629571914673,0.852010190486908,0.5254814028739929,0.8377259373664856,0.6222414374351501,0.3906156569719314
0.6343874931335449,0.3496472239494324,0.6538394093513489,0.3377701938152313,0.6146891117095947,0.3368521332740783,0.6711522340774536,0.3429155349731445,0.6012551784515381,0.3394074141979217,0.7187114953994751,0.4027467966079712,0.5513800978660583,0.3958571255207062,0.7706996202468872,0.3131845593452453,0.503811776638031,0.3052121996879577,0.6762948036193848,0.2303599417209625,0.5897206664085388,0.2325404733419418,0.653125524520874,0.6132315993309021,0.5501165390014648,0.6050941348075867,0.6349714398384094,0.7473382353782654,0.5433623194694519,0.73976731300354,0.6264679431915283,0.8699238300323486,0.544532060623169,0.8576608300209045,0.6350457966327667,0.3993019610643387
0.5700055956840515,0.337725818157196,0.5895589590072632,0.3259850144386291,0.55110764503479,0.3232434689998626,0.6069887280464172,0.3319683074951172,0.5347610712051392,0.324948251247406,0.6530964374542236,0.3930257260799408,0.4795241355895996,0.3817048966884613,0.7095877528190613,0.3027987480163574,0.4335946142673492,0.2881706953048706,0.6213590502738953,0.2151519209146499,0.5268511772155762,0.2145801186561584,0.5823206901550293,0.6105958223342896,0.4736429154872894,0.6028788089752197,0.5608342885971069,0.7441273927688599,0.4623631536960602,0.7390609383583069,0.5465375185012817,0.8722756505012512,0.4643169045448303,0.859954833984375,0.5663102865219116,0.387365311384201
0.5976048707962036,0.3042397499084472,0.6183614134788513,0.2910118401050567,0.5752688646316528,0.2902129888534546,0.6357959508895874,0.2974489033222198,0.5596411228179932,0.2945006191730499,0.6894478797912598,0.3616387248039245,0.5063332319259644,0.3536626100540161,0.747734785079956,0.2674244344234466,0.4600067734718323,0.2537897825241089,0.6571345329284668,0.1718572080135345,0.5538841485977173,0.1699280440807342,0.6160339117050171,0.5900601148605347,0.5018814206123352,0.5831488370895386,0.5958113670349121,0.723166286945343,0.4985191822052002,0.716149628162384,0.5824649333953857,0.8513069152832031,0.4975376725196838,0.842822790145874,0.5978905558586121,0.3576506674289703
0.6062363982200623,0.3087807595729828,0.6267147064208984,0.2940300703048706,0.58353191614151,0.2918575704097748,0.6459551453590393,0.2982534766197204,0.5655786395072937,0.2936867773532867,0.6972679495811462,0.3611383438110351,0.5119994878768921,0.3508475124835968,0.7630583643913269,0.2677374482154846,0.4644500613212585,0.2487711012363433,0.6710724234580994,0.168146476149559,0.5619157552719116,0.1638937890529632,0.619961678981781,0.5972720980644226,0.503295361995697,0.5884875059127808,0.5947545766830444,0.7372767329216003,0.4970217645168304,0.7280969619750977,0.5834579467773438,0.8637363910675049,0.4963511526584625,0.8524171113967896,0.6046337187290192,0.355992928147316
0.5447007417678833,0.3141855597496032,0.5659242868423462,0.2999075949192047,0.5208640694618225,0.2990038990974426,0.584954023361206,0.3065255582332611,0.5031144618988037,0.3015918135643005,0.6345790028572083,0.3725652694702148,0.447015106678009,0.3655799925327301,0.6998628973960876,0.2772472202777862,0.3916812539100647,0.2623686194419861,0.6004924178123474,0.1816722750663757,0.4913368821144104,0.1769706904888153,0.5627142786979675,0.6076839566230774,0.4470725953578949,0.6008690595626831,0.5453125834465027,0.7572250962257385,0.4408326148986816,0.7478082180023193,0.5347872972488403,0.8853199481964111,0.4438791871070862,0.8773642778396606,0.5407970547676086,0.3690726310014725
0.492394357919693,0.3033351302146911,0.5118116140365601,0.2881274819374084,0.4693654477596283,0.2877421379089355,0.5283382534980774,0.2924922704696655,0.4482075572013855,0.2896437644958496,0.5844051837921143,0.3524417281150818,0.3907957375049591,0.3527268767356872,0.6362164616584778,0.2579843699932098,0.3274366855621338,0.2503993213176727,0.5279360413551331,0.1618773341178894,0.4316801130771637,0.1611519157886505,0.535078763961792,0.5982862114906311,0.4162047505378723,0.5964224338531494,0.5250676870346069,0.7428681254386902,0.4245967268943786,0.7407073378562927,0.5257723331451416,0.8702331781387329,0.4348673224449157,0.8729255199432373,0.4876004606485367,0.3525843024253845
0.5177692770957947,0.3039808571338653,0.5362171530723572,0.2910283803939819,0.49582639336586,0.2909495234489441,0.5509839653968811,0.298186719417572,0.4774763584136963,0.2943975627422333,0.6086738705635071,0.3625410795211792,0.4169754087924957,0.3596495985984802,0.6651201844215393,0.2671924829483032,0.3586014211177826,0.2572403848171234,0.5701708793640137,0.1731087863445282,0.4595860838890075,0.1713667809963226,0.5582115054130554,0.6021317839622498,0.4419398903846741,0.5992745757102966,0.5484237670898438,0.7451541423797607,0.44828662276268,0.743977963924408,0.5445070266723633,0.8760757446289062,0.4545873701572418,0.878634512424469,0.5128246396780014,0.3610953390598297
0.488806664943695,0.333553671836853,0.5060074329376221,0.3218803405761719,0.4661337435245514,0.3216303586959839,0.5206332802772522,0.3299365639686584,0.4466800093650818,0.3261558413505554,0.5745609402656555,0.3961868286132812,0.3864077925682068,0.3898178339004516,0.627671480178833,0.3009009659290313,0.3358301520347595,0.2898694276809692,0.5377741456031799,0.2079288363456726,0.4362578988075256,0.2074159979820251,0.5225840210914612,0.630443811416626,0.407151311635971,0.6280568242073059,0.5135325789451599,0.7759240865707397,0.4069615006446838,0.7733596563339233,0.5046678781509399,0.9011023044586182,0.4148913025856018,0.9040589928627014,0.4804843664169311,0.3930023312568664
0.5239498615264893,0.3326044976711273,0.5423352718353271,0.3203456103801727,0.5019038319587708,0.3190095722675323,0.5557636618614197,0.3268367350101471,0.4805518090724945,0.320901870727539,0.6046926379203796,0.3874970078468323,0.422278344631195,0.3839426636695862,0.6594738960266113,0.2949546277523041,0.3694206476211548,0.2873923480510711,0.5677376389503479,0.203759878873825,0.4639783799648285,0.2050972282886505,0.5632738471031189,0.6160451173782349,0.4521308541297912,0.6154037117958069,0.556117832660675,0.7528573870658875,0.4592833518981933,0.7564090490341187,0.5503759980201721,0.8740704655647278,0.4680094122886657,0.8852123618125916,0.5134854912757874,0.3857198357582092
0.5640714764595032,0.32131227850914,0.5800851583480835,0.3086685538291931,0.5398654937744141,0.308415800333023,0.5932680368423462,0.3146379590034485,0.5199031233787537,0.31129851937294,0.6423565149307251,0.3781902194023132,0.462285041809082,0.3745597302913666,0.6934605836868286,0.2840412557125091,0.4121199548244476,0.2778359651565552,0.6092488169670105,0.1954374313354492,0.5059882998466492,0.198854312300682,0.5968903303146362,0.599305272102356,0.4884741902351379,0.5989312529563904,0.5884342193603516,0.7311318516731262,0.4913020133972168,0.7369093298912048,0.5760910511016846,0.8511073589324951,0.4931019246578216,0.8617101311683655,0.5523207783699036,0.3763749748468399
0.5815895795822144,0.3455848693847656,0.5970659255981445,0.3336097002029419,0.5593994855880737,0.3320993185043335,0.6089487671852112,0.3381191790103912,0.5361142158508301,0.3329744040966034,0.6503298282623291,0.395912617444992,0.47751584649086,0.3885759115219116,0.705092191696167,0.3113977015018463,0.4360875487327575,0.2950271070003509,0.626569390296936,0.2210676968097686,0.5338078141212463,0.219006597995758,0.600731372833252,0.6146385669708252,0.4937240481376648,0.6125749945640564,0.5825990438461304,0.7499842047691345,0.488096535205841,0.7511471509933472,0.5658431649208069,0.8661290407180786,0.487191766500473,0.8736621141433716,0.5639228373765945,0.3922442644834518
0.5953778624534607,0.3714270293712616,0.6071255803108215,0.3607012033462524,0.5711807608604431,0.3603800535202026,0.6150757074356079,0.366170197725296,0.5489891767501831,0.3634606599807739,0.6584939956665039,0.4225833117961883,0.493870198726654,0.419315755367279,0.7063673734664917,0.3360208570957184,0.4540913105010986,0.3283169567584991,0.6314794421195984,0.2534569203853607,0.545740008354187,0.2544185221195221,0.6270250082015991,0.6304746270179749,0.5256281495094299,0.6337687969207764,0.6211541891098022,0.7673019170761108,0.5293436050415039,0.7731624841690063,0.6164350509643555,0.8837157487869263,0.535356342792511,0.8976002931594849,0.576182097196579,0.4209495335817337
0.6083565950393677,0.3852092325687408,0.6215941309928894,0.3750482499599457,0.5880705714225769,0.3732124269008636,0.6308434009552002,0.3798934519290924,0.5669695734977722,0.3748553991317749,0.6694164276123047,0.4327824711799621,0.512525200843811,0.4267848134040832,0.7178924679756165,0.3525241911411285,0.4774113297462463,0.3407686948776245,0.6481748223304749,0.2727361023426056,0.5678440928459167,0.2717020809650421,0.6332353353500366,0.6355034708976746,0.5345842242240906,0.636244535446167,0.6238552331924438,0.7615788578987122,0.5355366468429565,0.7679677605628967,0.6109870076179504,0.8786855340003967,0.5371396541595459,0.8913413882255554,0.5909708142280579,0.4297836422920227
0.6046354174613953,0.3771956264972687,0.6172358393669128,0.3676588833332062,0.5852214694023132,0.3656568527221679,0.6250762343406677,0.3714074790477752,0.5644501447677612,0.3658281564712524,0.6604917645454407,0.4214571714401245,0.5105600357055664,0.4150226712226867,0.7072160243988037,0.3452893793582916,0.4782817363739013,0.3324296176433563,0.6396379470825195,0.2674950361251831,0.5675005912780762,0.2661528587341308,0.6255562901496887,0.6103844046592712,0.5309240818023682,0.6116454601287842,0.6167270541191101,0.7330690026283264,0.5303114056587219,0.7387067675590515,0.6045531034469604,0.8460873961448669,0.5325739979743958,0.8576965928077698,0.5855259001255035,0.4182399213314056
0.6072884202003479,0.3685541450977325,0.6184261441230774,0.3583865761756897,0.5876851081848145,0.356922835111618,0.6231035590171814,0.3631148934364319,0.5644882321357727,0.359147846698761,0.6586670279502869,0.4120904803276062,0.5116439461708069,0.4068675637245178,0.7003441452980042,0.3400473594665527,0.4804832339286804,0.3274334669113159,0.6410162448883057,0.2636604309082031,0.5643600821495056,0.26149982213974,0.6207596659660339,0.6008894443511963,0.5304594039916992,0.6022217273712158,0.6087601184844971,0.7248342037200928,0.5243043303489685,0.7302976250648499,0.5961593985557556,0.8278459310531616,0.5273168087005615,0.8420186638832092,0.5851554870605469,0.409479022026062
0.6089630722999573,0.3649460673332214,0.6204195022583008,0.3551511764526367,0.590756356716156,0.3546427488327026,0.6256317496299744,0.357961356639862,0.5706847310066223,0.3550867438316345,0.6612076163291931,0.404800146818161,0.5202652215957642,0.4025188982486725,0.7035305500030518,0.3325279057025909,0.4849898219108581,0.3247011005878448,0.6430329084396362,0.2596548199653625,0.5654180645942688,0.2598938941955566,0.6371265649795532,0.5897344946861267,0.5489579439163208,0.591586709022522,0.6264832615852356,0.7125785946846008,0.5486006736755371,0.7150983214378357,0.6165992617607117,0.8165265321731567,0.552361249923706,0.8288356065750122,0.5907364189624786,0.4036595225334167
0.6024667024612427,0.3625906705856323,0.6118936538696289,0.3530892133712768,0.5826552510261536,0.3520253002643585,0.6146790385246277,0.3566002249717712,0.5598650574684143,0.353220522403717,0.6504825353622437,0.402953028678894,0.5097588896751404,0.4012672007083893,0.6910414695739746,0.3313547670841217,0.4788411259651184,0.3219259083271026,0.6296523809432983,0.2577744424343109,0.560613751411438,0.2568450272083282,0.6286031603813171,0.5872642993927002,0.5437844395637512,0.5893844962120056,0.6172802448272705,0.7064502835273743,0.5421136617660522,0.7133903503417969,0.6101799607276917,0.808326780796051,0.5484789609909058,0.823405385017395,0.580120712518692,0.4021101146936416
0.612998902797699,0.3781010508537292,0.621026337146759,0.3682217001914978,0.5936914682388306,0.3673321902751922,0.6225163340568542,0.3709997534751892,0.5722583532333374,0.367794930934906,0.6573805212974548,0.4174257516860962,0.5196863412857056,0.4126966595649719,0.7044216394424438,0.3480336368083954,0.4922637343406677,0.3342056572437286,0.6506730318069458,0.2747211754322052,0.5768070220947266,0.2721319198608398,0.6243610978126526,0.6000250577926636,0.5411176085472107,0.6001212000846863,0.6072272658348083,0.7181860208511353,0.5318029522895813,0.7249548435211182,0.5945883989334106,0.823222279548645,0.5324305295944214,0.8375771045684814,0.5885334312915802,0.415061205625534
0.6230182647705078,0.3704527914524078,0.6332122087478638,0.3606219887733459,0.6053096055984497,0.3596550822257995,0.6364119648933411,0.3627790212631225,0.5833562612533569,0.3588660061359405,0.6674145460128784,0.4078106582164764,0.5314710140228271,0.4034201800823211,0.7131606936454773,0.3385575115680694,0.5007083415985107,0.3257202506065368,0.6616691946983337,0.2657468020915985,0.5846931338310242,0.2636994421482086,0.6372917294502258,0.5894793272018433,0.5538972616195679,0.5894613265991211,0.6223318576812744,0.7085697650909424,0.548480212688446,0.7116239666938782,0.610194981098175,0.8124174475669861,0.5465712547302246,0.8247185945510864,0.5994427800178528,0.4056154191493988
0.5824248194694519,0.3699439465999603,0.593348503112793,0.3598528504371643,0.5636876821517944,0.3579788208007812,0.597869873046875,0.3623733520507812,0.5423030257225037,0.358136922121048,0.6280748248100281,0.4067736566066742,0.49243825674057,0.4010760486125946,0.6733281016349792,0.338117778301239,0.4647572040557861,0.3244187533855438,0.6194673776626587,0.2645864486694336,0.547736644744873,0.2614144086837768,0.5931931138038635,0.585227906703949,0.5100033283233643,0.583957314491272,0.5755374431610107,0.7030944228172302,0.5021893382072449,0.7034187912940979,0.5611342191696167,0.8026341199874878,0.4990218579769134,0.8115969896316528,0.5602565407752991,0.4039248526096344
0.6204252243041992,0.3772677183151245,0.627956211566925,0.3679123520851135,0.6017059087753296,0.366919994354248,0.6298739314079285,0.3706398606300354,0.5817719101905823,0.3672060072422027,0.663729190826416,0.4152241945266723,0.5308079719543457,0.4099114239215851,0.7084618210792542,0.3483695387840271,0.5074388384819031,0.3352279663085937,0.6559545397758484,0.2779698669910431,0.5843856930732727,0.2765547335147857,0.6297284960746765,0.589381217956543,0.5498726963996887,0.5891754627227783,0.610799252986908,0.7017188668251038,0.5397667288780212,0.7078338265419006,0.5994443297386169,0.8051477670669556,0.537545919418335,0.815536618232727,0.5972685813903809,0.4125678092241287
0.622698962688446,0.3979528248310089,0.6310207843780518,0.3880117535591125,0.6052810549736023,0.3875702917575836,0.6338873505592346,0.3909445405006408,0.5854930877685547,0.3883345425128937,0.6667675375938416,0.4335523247718811,0.5364241600036621,0.4311554729938507,0.7108638286590576,0.3671751916408539,0.5102401375770569,0.3571463227272033,0.6631067395210266,0.2962955236434936,0.5833808779716492,0.2966804206371307,0.631081223487854,0.6082846522331238,0.5533444881439209,0.6073117852210999,0.6185771822929382,0.7227212190628052,0.5497022867202759,0.726579487323761,0.6112393140792847,0.8243787884712219,0.5439571142196655,0.8365434408187866,0.6015958487987518,0.4323538988828659
0.6033099889755249,0.3990439772605896,0.6124341487884521,0.3901577293872833,0.585983395576477,0.3903759121894836,0.6153194308280945,0.3942131400108337,0.5661972165107727,0.3933938443660736,0.6478992104530334,0.4387440681457519,0.5216511487960815,0.4383679628372192,0.6872194409370422,0.3722338080406189,0.4941399097442627,0.364583671092987,0.6387972235679626,0.3007227480411529,0.563157320022583,0.301968514919281,0.6270782947540283,0.6127356886863708,0.5470839142799377,0.6141699552536011,0.6135327219963074,0.7301301956176758,0.5453699231147766,0.7337518334388733,0.6068004369735718,0.828908383846283,0.5486200451850891,0.8437577486038208,0.5847751796245575,0.4385560154914856
0.6207472681999207,0.4029590487480163,0.6287670135498047,0.3938506841659546,0.6024950742721558,0.3945779800415039,0.6311033368110657,0.3977524936199188,0.5837745666503906,0.3970372080802917,0.6610959768295288,0.4421262443065643,0.5407215356826782,0.4437044858932495,0.701417088508606,0.3738243877887726,0.512877345085144,0.3668015599250793,0.654699981212616,0.3063570261001587,0.5800659656524658,0.3088016211986542,0.6344741582870483,0.6178659796714783,0.5606463551521301,0.6175888776779175,0.6252835392951965,0.7318288683891296,0.5641376972198486,0.7374824285507202,0.6198582053184509,0.8272284269332886,0.5612708330154419,0.8433851003646851,0.6009087562561035,0.4429153650999069
0.5873530507087708,0.3951473236083984,0.5922296047210693,0.3855488896369934,0.5687311291694641,0.3852646648883819,0.5906413793563843,0.3878809809684753,0.5482838153839111,0.3866535425186157,0.620428204536438,0.4259910583496094,0.5014810562133789,0.4275307059288025,0.6658880114555359,0.362497866153717,0.4785037636756897,0.3539353609085083,0.6207035183906555,0.2981963455677032,0.5500905513763428,0.2957816421985626,0.598449170589447,0.5973378419876099,0.5270096063613892,0.5969999432563782,0.589031457901001,0.7086876630783081,0.5276892781257629,0.7148580551147461,0.5855430960655212,0.8087085485458374,0.5305246710777283,0.8223475217819214,0.5609546303749084,0.4267608821392059
0.5838550925254822,0.4050719439983368,0.5896530747413635,0.3959384858608246,0.5657674670219421,0.3961793482303619,0.5880329608917236,0.3988595008850097,0.5478464961051941,0.3973091840744018,0.6173937916755676,0.4408167004585266,0.5006506443023682,0.4395259618759155,0.6645300388336182,0.3802272975444793,0.4789354801177978,0.3661702275276184,0.6222801208496094,0.3123145699501037,0.5524888038635254,0.311053603887558,0.5922688841819763,0.6093074083328247,0.5216817855834961,0.6089860200881958,0.5784227848052979,0.7206143140792847,0.5135320425033569,0.7248388528823853,0.5640445947647095,0.8191200494766235,0.5126035809516907,0.8339052200317383,0.5590222179889679,0.440171331167221
0.600587010383606,0.4053821563720703,0.6077950596809387,0.3967657685279846,0.5842058062553406,0.3958587646484375,0.6063600182533264,0.3996225893497467,0.5633646845817566,0.3970077335834503,0.6325992345809937,0.4427088797092438,0.5133153796195984,0.4400523006916046,0.6794068813323975,0.3811993598937988,0.4956077635288238,0.3666502833366394,0.6405389308929443,0.3125113546848297,0.5645323395729065,0.3083222508430481,0.6039118766784668,0.6112893223762512,0.5289915204048157,0.6115883588790894,0.5868306756019592,0.7268102765083313,0.5196931958198547,0.7304062247276306,0.5737457871437073,0.8291221857070923,0.5198683142662048,0.8395230770111084,0.572957307100296,0.4413805902004242
0.6030474305152893,0.3832340240478515,0.6099264621734619,0.3746170699596405,0.5854035019874573,0.3742307126522064,0.6092474460601807,0.3772959113121032,0.5629598498344421,0.3746610283851623,0.6375548839569092,0.4189604520797729,0.5169522762298584,0.4167320132255554,0.6833654642105103,0.3539377450942993,0.4918315410614013,0.3421652913093567,0.6410161256790161,0.2863547503948211,0.5654590129852295,0.2831213176250458,0.6133007407188416,0.5867201089859009,0.5379164814949036,0.5867116451263428,0.5954897999763489,0.700438916683197,0.5313436388969421,0.7031398415565491,0.5841913223266602,0.8017581701278687,0.5296721458435059,0.8140252232551575,0.5772535800933838,0.4178462326526642
0.5576444864273071,0.3825874328613281,0.5641736388206482,0.3731959760189056,0.5400205850601196,0.3731920421123504,0.5642588138580322,0.3763290643692016,0.5195938348770142,0.3754382729530334,0.5961834192276001,0.4190150499343872,0.471654325723648,0.4195278286933899,0.6414134502410889,0.3553578555583954,0.4470389783382416,0.3453066647052765,0.5981083512306213,0.2845983803272247,0.515659511089325,0.282543271780014,0.5744605660438538,0.5925707221031189,0.4980203509330749,0.5942358374595642,0.559805691242218,0.7095838189125061,0.4947475492954254,0.7135265469551086,0.5572569370269775,0.811957061290741,0.4995864927768707,0.8255717754364014,0.5339188724756241,0.4192714393138885
0.5662592053413391,0.3623842597007751,0.5732035636901855,0.3518114984035492,0.5482274889945984,0.3524580001831054,0.573511004447937,0.3544655740261078,0.5279156565666199,0.3527666330337524,0.6076245307922363,0.3984551727771759,0.4754545092582702,0.3981484770774841,0.6581743955612183,0.3319975733757019,0.4420674443244934,0.3211553394794464,0.6073784232139587,0.258979320526123,0.518237829208374,0.258223295211792,0.5872138142585754,0.5782706141471863,0.5054274201393127,0.5801112651824951,0.573597252368927,0.6982713341712952,0.503941535949707,0.7038002014160156,0.56468266248703,0.8061553835868835,0.5056107640266418,0.8192142248153687,0.5415395200252533,0.39830182492733
0.6332094073295593,0.3685312271118164,0.6411057114601135,0.3573549091815948,0.6137491464614868,0.3579247295856476,0.6425263285636902,0.3607058525085449,0.5928463339805603,0.3597336113452911,0.6771076917648315,0.4069938659667969,0.5419570207595825,0.4070375561714172,0.7285704016685486,0.3367113769054413,0.51157146692276,0.3262337148189544,0.6798269152641296,0.2602814137935638,0.5850253105163574,0.2593286037445068,0.6463639736175537,0.5949295163154602,0.5643847584724426,0.5943250060081482,0.6338233947753906,0.7191325426101685,0.5639840364456177,0.7231943607330322,0.6259433627128601,0.8300790190696716,0.5636548399925232,0.8438931703567505,0.609532356262207,0.407015711069107
0.5918068885803223,0.4060568213462829,0.5974565744400024,0.3940644562244415,0.5690628290176392,0.3949153125286102,0.5939447283744812,0.396500289440155,0.5439893007278442,0.3967718482017517,0.63323974609375,0.4445352554321289,0.4869607388973236,0.4467469453811645,0.6833922266960144,0.3708510398864746,0.4555225372314453,0.360346257686615,0.6300583481788635,0.2877131998538971,0.5370994210243225,0.287635326385498,0.6141662001609802,0.6447852253913879,0.5260320901870728,0.6474651098251343,0.5977505445480347,0.7859500646591187,0.5232313871383667,0.7915027141571045,0.5891106724739075,0.9011818170547484,0.5241686105728149,0.9227439761161804,0.5601002424955368,0.4456411004066467
0.660505473613739,0.290524959564209,0.6703061461448669,0.2773233652114868,0.6356866359710693,0.2766945660114288,0.6688952445983887,0.2831679582595825,0.6043182015419006,0.2807070314884186,0.7066959738731384,0.343527615070343,0.5378425717353821,0.342244952917099,0.7738583087921143,0.2541567087173462,0.5054258704185486,0.2356718629598617,0.7227989435195923,0.1532473564147949,0.6000667214393616,0.1468914449214935,0.676776111125946,0.579207718372345,0.5745186805725098,0.5806024670600891,0.6551622748374939,0.7316257953643799,0.565157413482666,0.7413146495819092,0.6396167278289795,0.8621743321418762,0.5668883919715881,0.8868430256843567,0.6222692728042603,0.342886283993721
0.6369115710258484,0.2857376337051391,0.6429088115692139,0.2718488872051239,0.6096030473709106,0.2703394591808319,0.6364777088165283,0.2779037356376648,0.5723073482513428,0.2740075290203094,0.6719671487808228,0.3385136723518371,0.5009284615516663,0.3374834060668945,0.7437615394592285,0.2449529767036438,0.4669763445854187,0.2218061834573745,0.6927543878555298,0.1394004821777343,0.5707308650016785,0.1314016282558441,0.6412191390991211,0.5775557160377502,0.5383089184761047,0.5779106020927429,0.617202877998352,0.7376883029937744,0.5268807411193848,0.7426169514656067,0.6005079746246338,0.8699722290039062,0.5243188738822937,0.8915372490882874,0.5864478051662445,0.3379985392093658
0.6335514783859253,0.3175733983516693,0.6411069631576538,0.3059859275817871,0.6109493374824524,0.3059766888618469,0.6387802958488464,0.3112746775150299,0.582419753074646,0.3100763857364654,0.6761647462844849,0.3662952780723572,0.5228812098503113,0.3673203587532043,0.7338799238204956,0.2841949462890625,0.4889225363731384,0.2676192224025726,0.6904211044311523,0.1948582231998443,0.5766980648040771,0.1894351840019226,0.6498334407806396,0.583489179611206,0.5556036233901978,0.5850802063941956,0.6291463971138,0.7195846438407898,0.5484558939933777,0.7287134528160095,0.6166905164718628,0.8374738693237305,0.5530452132225037,0.8645845055580139,0.5995229780673981,0.3668078184127807
0.6116610169410706,0.3180136680603027,0.6209124326705933,0.3046395480632782,0.5875668525695801,0.3046315014362335,0.6201989650726318,0.3073119819164276,0.5600226521492004,0.305660218000412,0.6585205793380737,0.3607286810874939,0.4987081885337829,0.3602039217948913,0.7170627117156982,0.2788222134113312,0.4643806517124176,0.2605582773685455,0.6628254652023315,0.1834031045436859,0.5564190149307251,0.1814127266407013,0.6262261867523193,0.5788508653640747,0.5308094024658203,0.5801264643669128,0.6055596470832825,0.7194732427597046,0.5233601331710815,0.7291988730430603,0.5921664237976074,0.8363453149795532,0.5276915431022644,0.8623483180999756,0.5786143839359283,0.3604663014411926
0.6050741076469421,0.3881983160972595,0.6182050704956055,0.376130610704422,0.5825415849685669,0.3744713366031647,0.6200231909751892,0.3817952275276184,0.5540110468864441,0.3766372501850128,0.6594475507736206,0.439874917268753,0.4876521527767181,0.4305723905563354,0.7242304086685181,0.3581628203392029,0.4543263912200928,0.333931416273117,0.6707911491394043,0.2605904340744018,0.5532405376434326,0.2542579472064972,0.6121600270271301,0.6662527322769165,0.5060222744941711,0.6653000712394714,0.5880954265594482,0.8156648278236389,0.4893339276313782,0.817913293838501,0.5723131895065308,0.948741376399994,0.4825662076473236,0.964797854423523,0.5735498517751694,0.4352236539125442
0.5332609415054321,0.3734618723392486,0.5498915314674377,0.3606968224048614,0.5141937136650085,0.3598258793354034,0.5621024966239929,0.3669049441814422,0.4929772019386291,0.3619517087936401,0.6020323634147644,0.4159243404865265,0.4415010511875152,0.4093500673770904,0.6409520506858826,0.3304101228713989,0.4166154265403747,0.3114315271377563,0.6123831868171692,0.2335000038146972,0.485954999923706,0.2246789634227752,0.5553176403045654,0.62218177318573,0.4518633484840393,0.6224183440208435,0.5308514833450317,0.7481244802474976,0.4497746527194977,0.7519811987876892,0.5192104578018188,0.8661412000656128,0.4448757171630859,0.8710231781005859,0.5217667073011398,0.4126372039318084
0.5361785888671875,0.3828433454036712,0.553617537021637,0.3699396848678589,0.5164238214492798,0.3696558773517608,0.5688158273696899,0.373177170753479,0.4990500509738922,0.3700236082077026,0.6145830750465393,0.4213449358940124,0.4503682553768158,0.4173213839530945,0.6551658511161804,0.3386889994144439,0.4120537638664245,0.3266838788986206,0.6154980063438416,0.2455196678638458,0.4857650697231293,0.2437004148960113,0.5688767433166504,0.6300380825996399,0.4644896388053894,0.6316950917243958,0.54818195104599,0.7561926245689392,0.4665016531944275,0.7623395323753357,0.5363459587097168,0.8706823587417603,0.4636053144931793,0.8814536333084106,0.5324756652116776,0.4193331599235534
0.5368480682373047,0.3700122237205505,0.5528804063796997,0.3578010201454162,0.5153990387916565,0.3555302619934082,0.5657167434692383,0.3598517775535583,0.4932751059532165,0.356698215007782,0.6091957688331604,0.4090839326381683,0.4419919550418854,0.4056177139282226,0.6549932360649109,0.3240678012371063,0.4033318161964416,0.3132500946521759,0.6113889217376709,0.2347094416618347,0.4758071005344391,0.2287081331014633,0.5665895342826843,0.6243274807929993,0.4626490175724029,0.6256982684135437,0.5482044219970703,0.7489654421806335,0.4665559232234955,0.757568359375,0.5375785827636719,0.8651164174079895,0.4649058282375335,0.8698907494544983,0.5255938619375229,0.4073508232831955
0.5346819162368774,0.3461954891681671,0.5514804124832153,0.3343705832958221,0.5142225623130798,0.3334232270717621,0.5636560320854187,0.3391679525375366,0.4932053685188293,0.3367532789707184,0.6111094355583191,0.3905534744262695,0.4410548806190491,0.3888275921344757,0.6551161408424377,0.3021535575389862,0.395763099193573,0.2962656617164612,0.609431803226471,0.2076005041599273,0.4661495089530945,0.208684504032135,0.5772878527641296,0.6027002334594727,0.4723485112190246,0.6056035161018372,0.5621384978294373,0.7295510768890381,0.4751631617546081,0.7375985980033875,0.552439272403717,0.8477409482002258,0.4825182557106018,0.8582630753517151,0.5260821580886841,0.3896905332803726
0.5548415184020996,0.3254910707473755,0.5726773738861084,0.3119897842407226,0.5321308970451355,0.311853677034378,0.5882487297058105,0.3159184157848358,0.5097105503082275,0.3144421279430389,0.635346531867981,0.367618203163147,0.4600435197353363,0.3669193387031555,0.6771406531333923,0.2757585346698761,0.4127733707427978,0.271959513425827,0.6317968368530273,0.1788377463817596,0.4798223376274109,0.1780312061309814,0.5998216867446899,0.578495442867279,0.4937271177768707,0.582346498966217,0.5892902612686157,0.7123466730117798,0.5026833415031433,0.7161700129508972,0.5852380394935608,0.8317484259605408,0.5058653354644775,0.8452269434928894,0.5476950258016586,0.3672687709331512
0.5466286540031433,0.3198691308498382,0.5652427077293396,0.3050569295883178,0.5235593914985657,0.3060883581638336,0.5833324790000916,0.3077291548252105,0.5045618414878845,0.3077754378318786,0.6336333751678467,0.3581431806087494,0.4552156925201416,0.3590167760848999,0.6771369576454163,0.265726089477539,0.4088877737522125,0.2624426782131195,0.6249314546585083,0.1682330518960952,0.4776251912117004,0.167903333902359,0.5953303575515747,0.5763158202171326,0.486365407705307,0.5802356004714966,0.5804423689842224,0.714318573474884,0.4934707283973694,0.7168958783149719,0.5770066380500793,0.8315637707710266,0.4971052706241607,0.8444108963012695,0.5444245338439941,0.3585799783468246
0.5232681632041931,0.3205995857715606,0.5424688458442688,0.306732177734375,0.5008678436279297,0.3066473603248596,0.5592859983444214,0.311158686876297,0.4809347093105316,0.3091447949409485,0.6109744310379028,0.3645012974739074,0.4307221472263336,0.3615885078907013,0.657257080078125,0.2686667144298553,0.3818411231040954,0.2634263038635254,0.6071045398712158,0.1678710281848907,0.4530387818813324,0.1659278273582458,0.5675774812698364,0.5881927013397217,0.4579958319664001,0.5895084738731384,0.5595834851264954,0.7266987562179565,0.4709736704826355,0.7281429767608643,0.5548423528671265,0.8439900875091553,0.4726105332374573,0.8570592403411865,0.5208482891321182,0.3630449026823044
0.5143858194351196,0.3187416791915893,0.5343741774559021,0.3054882287979126,0.4925486445426941,0.3038951158523559,0.5525493621826172,0.3106283843517303,0.4709134995937347,0.3075900971889496,0.6036723852157593,0.3660143613815307,0.4179791510105133,0.363692969083786,0.6501898765563965,0.2708722949028015,0.3712039887905121,0.2654077708721161,0.5961524248123169,0.1692540645599365,0.442143827676773,0.1659862995147705,0.5580673813819885,0.5980883836746216,0.4434460997581482,0.5994555354118347,0.5444896817207336,0.7312175631523132,0.4531546235084533,0.7394908666610718,0.5389412641525269,0.8561716079711914,0.4564924836158752,0.8669787645339966,0.5108257681131363,0.3648536652326584
0.4920496046543121,0.3116226196289062,0.5118017792701721,0.294636994600296,0.4666772484779358,0.2955367863178253,0.5308535099029541,0.299984872341156,0.4422779977321625,0.2974857985973358,0.5825290679931641,0.354036808013916,0.3916698396205902,0.3550915718078613,0.6322553157806396,0.256721943616867,0.3411100208759308,0.2474605143070221,0.580406665802002,0.1488572061061859,0.4156323373317718,0.1445914804935455,0.5382368564605713,0.5971266627311707,0.418388307094574,0.5990940928459167,0.519942581653595,0.7349737286567688,0.4275857508182525,0.7390073537826538,0.5206542611122131,0.8639761209487915,0.4335536360740661,0.8693408966064453,0.4870994538068771,0.3545641899108886
0.4574261605739593,0.2857018709182739,0.4774063229560852,0.2691567242145538,0.4355475008487701,0.271024078130722,0.5018490552902222,0.2777927815914154,0.4164615273475647,0.2762846946716308,0.5607135891914368,0.3335167169570923,0.3676309585571289,0.3352810144424438,0.6070637106895447,0.2260732650756836,0.3092106878757477,0.2257284522056579,0.5420437455177307,0.1174765825271606,0.3798660635948181,0.1209657192230224,0.5217214226722717,0.5792511105537415,0.4028380513191223,0.5819998383522034,0.5151367783546448,0.7228530049324036,0.4232364296913147,0.7245556116104126,0.5241034626960754,0.8532693386077881,0.437587559223175,0.8577490448951721,0.4641722738742828,0.334398865699768
0.4268074929714203,0.3407109081745147,0.4472693800926208,0.3231053054332733,0.4021615087985992,0.3260686993598938,0.4709293246269226,0.325643241405487,0.3853353559970855,0.3277215957641601,0.5304718017578125,0.3840237259864807,0.3400249481201172,0.3859624862670898,0.5763178467750549,0.2816375195980072,0.2859246432781219,0.2795895636081695,0.5079220533370972,0.1758951544761657,0.3545487821102142,0.1778772920370102,0.4897051751613617,0.6302732825279236,0.3711188733577728,0.6299668550491333,0.4838522970676422,0.7743880748748779,0.3870622515678406,0.7756954431533813,0.4841460287570953,0.9082059860229492,0.4031587541103363,0.9089304208755492,0.4352483749389648,0.3849931061267853
0.426509141921997,0.3287674784660339,0.4459647536277771,0.3120435178279876,0.4026548862457275,0.3151104152202606,0.4665436148643493,0.3184760212898254,0.3836730718612671,0.319304347038269,0.5257518887519836,0.3774750828742981,0.3362984657287597,0.3756375312805176,0.5691267848014832,0.2749558985233307,0.2835249900817871,0.2689732015132904,0.506443202495575,0.1672030091285705,0.3533401489257812,0.1697766780853271,0.479008138179779,0.618387758731842,0.3607763051986694,0.6171683073043823,0.4678135514259338,0.762067973613739,0.3767706155776977,0.7637203931808472,0.4724911749362945,0.8978247046470642,0.3930824398994446,0.893189549446106,0.4310251772403717,0.3765563070774078
0.4533486366271972,0.3219107687473297,0.4714240133762359,0.3057141005992889,0.4305761456489563,0.3074008226394653,0.491919606924057,0.3110663294792175,0.4120798707008362,0.3105807304382324,0.552130401134491,0.365658164024353,0.3634372353553772,0.364904522895813,0.5956795811653137,0.2674313187599182,0.3080722093582153,0.2601921260356903,0.5322901606559753,0.1590256690979004,0.3807975649833679,0.1607887148857116,0.5033465027809143,0.6143924593925476,0.3835013806819916,0.6131412982940674,0.4887392520904541,0.7550573348999023,0.3955190181732178,0.7524732351303101,0.4950618743896484,0.8924266695976257,0.4102012515068054,0.8873153328895569,0.4577838182449341,0.365281343460083
0.4708561897277832,0.3227300345897674,0.4932345449924469,0.3068471252918243,0.4471096992492676,0.3078216016292572,0.515479564666748,0.3132117986679077,0.4318653643131256,0.3119548857212066,0.5749286413192749,0.3761629462242126,0.3865144848823547,0.3707180023193359,0.6230014562606812,0.2722646296024322,0.3378562033176422,0.2632693946361542,0.5555479526519775,0.1620756089687347,0.4123601913452148,0.1630780100822448,0.5165764093399048,0.619786262512207,0.3996195495128631,0.6155261993408203,0.4991936087608337,0.7646951079368591,0.4052935540676117,0.7572064995765686,0.4982844293117523,0.8997763395309448,0.4176630079746246,0.8824980854988098,0.4807215631008148,0.3734404742717743
0.5030857920646667,0.3431868255138397,0.5262429714202881,0.3281622529029846,0.4832213521003723,0.3280952870845794,0.5527154207229614,0.3320409655570984,0.4759153723716736,0.3303282558917999,0.6149016618728638,0.3910643756389618,0.4340460300445556,0.3880587816238403,0.6629123687744141,0.285590261220932,0.3835875988006592,0.2831971347332001,0.5904174447059631,0.1808616518974304,0.4490303099155426,0.1833645403385162,0.5554774403572083,0.6292935609817505,0.4437834620475769,0.6258377432823181,0.546080470085144,0.7745436429977417,0.451592206954956,0.7699294686317444,0.5475246906280518,0.9059396982192992,0.4619390368461609,0.8918179869651794,0.5244738459587097,0.389561578631401
0.5014239549636841,0.3344899415969848,0.5244309902191162,0.3203220665454864,0.4834503531455993,0.3202395439147949,0.548769474029541,0.3245711028575897,0.4773566126823425,0.3218153715133667,0.6112940907478333,0.3819558024406433,0.4358073770999908,0.376957356929779,0.6525726914405823,0.2792495787143707,0.3881907761096954,0.277628481388092,0.5734148025512695,0.1747224628925323,0.4549188613891601,0.1830059587955474,0.5450482368469238,0.6165329813957214,0.4356620907783508,0.6092138886451721,0.5392619371414185,0.7555724382400513,0.4447541832923889,0.748634934425354,0.5374364852905273,0.8842315673828125,0.4541583955287933,0.8708056211471558,0.523550733923912,0.3794565796852112
0.4908636212348938,0.3483752608299255,0.5135378241539001,0.3355750739574432,0.4736143052577972,0.3351132571697235,0.5366965532302856,0.3410727083683014,0.4680841565132141,0.3377992510795593,0.5937254428863525,0.3967256844043731,0.4297308921813965,0.390346348285675,0.6370720267295837,0.3032771944999695,0.3885765075683594,0.2926804721355438,0.5698826313018799,0.2019952237606048,0.4536982476711273,0.2035876214504242,0.5270501375198364,0.6170752644538879,0.421915590763092,0.6110336184501648,0.5175508856773376,0.7532423734664917,0.4267805218696594,0.7488546371459961,0.5143122673034668,0.8775330185890198,0.4371184408664703,0.862626314163208,0.5117281675338745,0.3935360163450241
0.5442322492599487,0.3567970991134643,0.5683199763298035,0.3444177806377411,0.5310024619102478,0.3437640368938446,0.5930006504058838,0.3474956154823303,0.5288997888565063,0.345210999250412,0.6495912075042725,0.4017295241355896,0.4907039999961853,0.3938659429550171,0.692669689655304,0.3109764456748962,0.4520971179008484,0.3025049567222595,0.6263148784637451,0.2129384875297546,0.5110642313957214,0.2169687747955322,0.5806506872177124,0.6155200600624084,0.4800636172294616,0.6069802045822144,0.5678542256355286,0.7525757551193237,0.4831903576850891,0.7430305480957031,0.5591694116592407,0.8751329779624939,0.4902432560920715,0.8567317724227905,0.5701476037502289,0.3977977335453033
0.5847878456115723,0.3463289141654968,0.6063938736915588,0.3345080316066742,0.5717729330062866,0.3342687487602234,0.6275323033332825,0.3392972946166992,0.5675821900367737,0.3363798260688782,0.6824935674667358,0.390621155500412,0.5279157757759094,0.382517397403717,0.7235724329948425,0.3050278723239898,0.4914431571960449,0.2950936555862427,0.664203405380249,0.2100881934165954,0.551495373249054,0.2125774770975113,0.6142036318778992,0.5969822406768799,0.517347514629364,0.5894181728363037,0.5986706018447876,0.7259637713432312,0.5189053416252136,0.7191394567489624,0.5911132097244263,0.8467182517051697,0.5251388549804688,0.8295495510101318,0.6052046716213226,0.3865692764520645
0.55177903175354,0.3415977358818054,0.573309600353241,0.3287663161754608,0.5381142497062683,0.3297846913337707,0.5963930487632751,0.332354187965393,0.5349121689796448,0.3325957655906677,0.6525899767875671,0.3832224011421203,0.5040029287338257,0.3820560276508331,0.6824827194213867,0.2961250245571136,0.4618151187896728,0.2963526546955108,0.6119201183319092,0.2051042914390564,0.5077478289604187,0.2145057618618011,0.6083289384841919,0.583348274230957,0.5120373964309692,0.5807101726531982,0.6123237013816833,0.7138076424598694,0.5252312421798706,0.7103977799415588,0.6137986183166504,0.8296579122543335,0.5424884557723999,0.8157925009727478,0.5782964527606964,0.3826392143964767
0.5274552702903748,0.3441855311393738,0.5478380918502808,0.3309598863124847,0.5141644477844238,0.3314256072044372,0.5728346705436707,0.3311635255813598,0.5153037309646606,0.3306843936443329,0.6322847604751587,0.3764111697673797,0.4840318560600281,0.3779360949993133,0.6572043299674988,0.2877485156059265,0.4357182383537292,0.2957317233085632,0.5898222327232361,0.2042629420757293,0.4825233519077301,0.2137169241905212,0.5946147441864014,0.5761836171150208,0.5002140402793884,0.574492871761322,0.6020284295082092,0.7047562003135681,0.5186002254486084,0.7030490636825562,0.6104967594146729,0.8230210542678833,0.5382881164550781,0.8083775639533997,0.5581583082675934,0.3771736323833465
0.5280237197875977,0.3891655206680298,0.5485333800315857,0.3757370114326477,0.5142010450363159,0.3774852454662323,0.572166919708252,0.3784094452857971,0.5149416923522949,0.3781605958938598,0.625059962272644,0.4300875067710876,0.4875215590000152,0.4258687198162079,0.6557557582855225,0.34676593542099,0.4426828920841217,0.3382102251052856,0.5985654592514038,0.2561098635196686,0.4974773526191711,0.2603980600833893,0.5652527809143066,0.6269393563270569,0.4767959117889404,0.6194465160369873,0.5609694719314575,0.7550561428070068,0.4788534045219421,0.7494681477546692,0.5595065951347351,0.8754295110702515,0.4886635839939117,0.8603092432022095,0.5562907606363297,0.4279781132936477
0.5615668892860413,0.3273242115974426,0.5883875489234924,0.3111597597599029,0.5480828285217285,0.3129850924015045,0.6207873225212097,0.3142182528972626,0.5530205965042114,0.3146598935127258,0.6896029710769653,0.3760334253311157,0.519818902015686,0.3751429319381714,0.7185499668121338,0.2709931135177612,0.4617924094200134,0.2687834799289703,0.6308147311210632,0.1566731631755828,0.5245150327682495,0.1702253520488739,0.6271049976348877,0.6244454979896545,0.5210240483283997,0.6161568760871887,0.625820517539978,0.776713490486145,0.5321938395500183,0.7662808895111084,0.6292455196380615,0.9261263608932496,0.5515145063400269,0.8981881737709045,0.6047109365463257,0.3755881786346435
0.5057783722877502,0.2996804416179657,0.5318825840950012,0.2842357456684112,0.4987815916538238,0.2861120402812958,0.5658131837844849,0.2887465059757232,0.507317841053009,0.2910523116588592,0.6417204141616821,0.3486735224723816,0.4745679795742035,0.3528658151626587,0.6684539914131165,0.2380562424659729,0.4172082543373108,0.2438583970069885,0.576973557472229,0.1267845630645752,0.4685731828212738,0.1450809091329574,0.584509551525116,0.6009156703948975,0.4822356104850769,0.5942376852035522,0.5879504680633545,0.761074423789978,0.4945709109306335,0.7494943737983704,0.5925003290176392,0.9040271043777466,0.516472578048706,0.8791370391845703,0.5581441968679428,0.3507696688175201
0.4980827271938324,0.348468154668808,0.5226640105247498,0.3343162834644317,0.4873396456241607,0.3359091579914093,0.5526442527770996,0.337666779756546,0.4948424398899078,0.3383121788501739,0.6135404109954834,0.3925952911376953,0.4736322462558746,0.3947040438652038,0.6346673965454102,0.2971794009208679,0.4229215681552887,0.2995843887329101,0.5555136799812317,0.1954998672008514,0.4662094712257385,0.2080621421337127,0.5734341740608215,0.6139798760414124,0.4827524721622467,0.6090463995933533,0.573254406452179,0.753791093826294,0.4923226237297058,0.7453228831291199,0.5866743326187134,0.8826138973236084,0.5187039375305176,0.8606044054031372,0.543586328625679,0.3936496675014496
